domain,subject,shape_x,shape_y,shape_z,spacing_x,spacing_y,spacing_z,fov_x_mm,fov_y_mm,fov_z_mm,slice_count,anisotropy,brain_volume_voxels,brain_volume_mm3,brain_occupancy_percent,crop_x,crop_y,crop_z,scale_x,scale_y,scale_z,padding_x,padding_y,padding_z,model_x,model_y,model_z,whole_mean,whole_median,whole_std,whole_min,whole_max,whole_p01,whole_p05,whole_p25,whole_p75,whole_p95,whole_p99,brain_mean,brain_median,brain_std,brain_min,brain_max,brain_p01,brain_p05,brain_p25,brain_p75,brain_p95,brain_p99,background_mean,background_median,background_std,background_min,background_max,background_p01,background_p05,background_p25,background_p75,background_p95,background_p99,boundary_mean,boundary_median,boundary_std,boundary_min,boundary_max,boundary_p01,boundary_p05,boundary_p25,boundary_p75,boundary_p95,boundary_p99,contrast,cnr,boundary_gradient_mean,boundary_sharpness,dice,precision,recall,false_positives,false_negatives,hd95_mm,assd_mm,surface_dice,boundary_precision,boundary_recall,connected_components,compactness,contour_roughness,volume_ratio
CAMRI,001,256,256,12,0.10000000149011612,0.10000000149011612,1.0,25.600000381469727,25.600000381469727,12.0,12,9.99999985098839,136040,1360.4000405430797,17.298380533854164,256,256,12,1.0000000149011612,1.0000000149011612,10.0,0,0,40,256,256,120,3114.589599609375,1000.0,4616.6455078125,75.0,32766.0,99.0,224.0,561.0,3107.0,14704.0,19523.0,11797.79296875,11260.0,4687.1572265625,75.0,32766.0,3181.78,5041.0,8063.0,15333.0,19828.0,22622.829999999958,1298.357177734375,822.0,1451.47314453125,75.0,28759.0,90.0,203.0,498.0,1426.0,4337.0,6858.0,9356.8388671875,8807.0,5686.5947265625,75.0,32766.0,414.0,1144.0,4510.0,13710.0,19120.449999999983,21914.0,10499.435791015625,3.0261247942798724,0.047865185886621475,0.03494160994887352,0.9834527996675719,0.9928385221586312,0.9742428697441928,956,3504,0.10000000149011612,0.01677526330804621,0.978347705336785,0.9779774972557629,0.9787175708557524,1,0.023717214022862188,16.83176143082583,0.9812702146427521
CAMRI,002,256,256,12,0.10000000149011612,0.10000000149011612,1.0,25.600000381469727,25.600000381469727,12.0,12,9.99999985098839,130719,1307.1900389572982,16.621780395507812,256,256,12,1.0000000149011612,1.0000000149011612,10.0,0,0,40,256,256,120,2625.883544921875,1000.0,3690.4482421875,84.0,32766.0,101.0,231.0,574.0,2508.0,11586.0,15468.0,9879.7392578125,9583.0,3530.6962890625,118.0,32766.0,2756.0,4571.900000000001,7401.0,12151.0,15787.0,18878.819999999992,1179.79833984375,838.0,1126.2890625,84.0,21005.0,92.0,210.0,511.0,1374.0,3574.0,5435.0,7921.54931640625,7981.0,4602.57958984375,84.0,32766.0,324.0,844.0,4037.0,11256.0,15352.0,18193.400000000023,8699.94091796875,3.3199179553419187,0.05271594971418381,0.0392499640583992,0.9835878970904234,0.9957433798974649,0.9717256098960365,543,3696,0.10000000149011612,0.018670101077573747,0.9756500281240361,0.978382502543235,0.972923991445866,1,0.025733181737821055,16.380216166566054,0.9758795584421546
CAMRI,004,256,256,12,0.10000000149011612,0.10000000149011612,1.0,25.600000381469727,25.600000381469727,12.0,12,9.99999985098839,137273,1372.7300409105424,17.455164591471352,256,256,12,1.0000000149011612,1.0000000149011612,10.0,0,0,40,256,256,120,2105.785888671875,756.0,2995.38525390625,46.0,32766.0,75.0,172.0,430.0,2127.0,9539.0,12400.0,7576.21337890625,7236.0,3061.137451171875,59.0,26990.0,1738.72,3084.0,5241.0,9833.0,12537.0,15230.839999999997,948.9940795898438,625.0,1105.35400390625,46.0,32766.0,68.0,156.0,381.0,1043.0,2990.0,5244.420000000042,6100.0166015625,5794.0,3752.38427734375,46.0,26990.0,265.0,693.0,2902.0,8993.0,12236.0,14806.119999999995,6627.219299316406,2.8797167274757576,0.0501675121486187,0.03545344993472099,0.9826948719937649,0.9967479918475003,0.9690325118559368,434,4251,0.10000000149011612,0.018534315135385965,0.9742322626191317,0.9767079646017699,0.971770503343893,1,0.026048283515818445,16.31389844311696,0.9721940949786192
CAMRI,008,256,256,12,0.10000000149011612,0.10000000149011612,1.0,25.600000381469727,25.600000381469727,12.0,12,9.99999985098839,135914,1359.1400405055288,17.28235880533854,256,256,12,1.0000000149011612,1.0000000149011612,10.0,0,0,40,256,256,120,2545.54638671875,899.0,3654.342041015625,61.0,32766.0,89.0,205.0,510.0,2428.0,11258.0,15290.689999999944,9563.765625,9162.0,3489.448974609375,137.0,32766.0,2882.0,4587.0,7092.0,11711.0,15582.0,19048.47999999998,1079.215576171875,743.0,1076.65087890625,61.0,17380.0,81.0,186.0,452.0,1245.0,3356.0,5284.0,7694.8017578125,7626.0,4500.95068359375,61.0,32766.0,325.0,865.0,4045.0,10808.0,15156.0,18473.399999999994,8484.550048828125,3.285793613129604,0.05148075148463249,0.0383298434317112,0.9835738729355751,0.9946285903434994,0.9727621878540842,714,3702,0.10000000149011612,0.017890270202257634,0.9755135920315419,0.9754820363434595,0.9755449779249448,1,0.024298142839696283,16.69653802550935,0.9780155098076725
CAMRI,010,256,256,12,0.10000000149011612,0.10000000149011612,1.0,25.600000381469727,25.600000381469727,12.0,12,9.99999985098839,146865,1468.6500437691811,18.674850463867188,256,256,12,1.0000000149011612,1.0000000149011612,10.0,0,0,40,256,256,120,2140.221435546875,700.0,3441.2216796875,47.0,32766.0,71.0,163.0,402.0,1872.0,9997.449999999953,15201.0,7934.3134765625,6991.0,4372.6474609375,74.0,32766.0,1753.0,2811.0,4796.0,10222.0,15588.0,23535.0,809.7123413085938,575.0,831.50048828125,47.0,21746.0,64.0,146.0,353.0,920.0,2416.0,4150.0,6206.25390625,5384.0,4539.37548828125,47.0,32766.0,248.0,635.0,2626.0,9007.0,13813.0,21082.040000000008,7124.601135253906,2.263693084598296,0.042750194668769836,0.028886673972010612,0.9828455340541286,0.9941764480512696,0.9717699928505771,836,4146,0.10000000149011612,0.01836278874359302,0.9715892372576584,0.973728284785393,0.9694691273638643,1,0.024065241714577412,16.750227698435815,0.9774622953052122
CAMRI,011,256,256,12,0.10000000149011612,0.10000000149011612,1.0,25.600000381469727,25.600000381469727,12.0,12,9.99999985098839,137822,1378.220041074157,17.52497355143229,256,256,12,1.0000000149011612,1.0000000149011612,10.0,0,0,40,256,256,120,2690.84033203125,938.0,3857.95703125,72.0,32766.0,91.0,209.0,525.0,2649.0,12115.0,16168.689999999944,10058.1171875,9642.0,3668.104248046875,74.0,32766.0,3011.42,4749.0,7305.0,12540.0,16380.0,19082.0,1125.3802490234375,769.0,1097.0924072265625,72.0,22877.0,83.0,189.45000000000073,464.0,1315.0,3542.0,5246.0,8041.44921875,7843.0,4644.42431640625,72.0,31484.0,370.0,1014.0,4150.0,11478.0,15920.0,18438.53999999998,8932.736938476562,3.2995391638999068,0.049665968865156174,0.03709235042333603,0.9847280135425293,0.9946630544205602,0.9749894791832944,721,3447,0.10000000149011612,0.016217548391120957,0.9787905675186841,0.9802051282051282,0.9773811145932688,1,0.024047261629893412,16.75440136121126,0.9802208645934611
CAMRI,012,256,256,12,0.10000000149011612,0.10000000149011612,1.0,25.600000381469727,25.600000381469727,12.0,12,9.99999985098839,120728,1207.280035979748,15.351359049479166,256,256,12,1.0000000149011612,1.0000000149011612,10.0,0,0,40,256,256,120,2811.3125,989.0,4063.0693359375,80.0,32766.0,98.0,223.0,556.0,2769.0,12838.0,17367.0,11158.0859375,10797.0,3875.911376953125,92.0,32766.0,3223.0,5355.0,8311.0,13795.0,17852.649999999994,20485.0,1297.5927734375,832.0,1360.8707275390625,80.0,32766.0,90.0,205.0,499.0,1467.0,4357.0,6469.0,8988.423828125,8934.0,5046.216796875,80.0,32766.0,391.04999999999995,1065.0,4810.0,12697.0,17405.0,20015.95000000001,9860.4931640625,3.3946589018238256,0.053202804177999496,0.03999340906739235,0.9831540694638792,0.9916496035457587,0.9748028626333576,991,3042,0.10000000149011612,0.01756399125997574,0.9780457396657186,0.9787416290297462,0.9773489278752436,1,0.027409643943094527,16.03921072191745,0.9830113975217016
CAMRI,013,256,256,12,0.10000000149011612,0.10000000149011612,1.0,25.600000381469727,25.600000381469727,12.0,12,9.99999985098839,139875,1398.7500416859987,17.786026000976562,256,256,12,1.0000000149011612,1.0000000149011612,10.0,0,0,40,256,256,120,2558.402587890625,978.0,3563.21435546875,79.0,32766.0,98.0,225.0,560.0,2535.0,11240.0,14994.689999999944,9129.466796875,8714.0,3582.16650390625,79.0,32766.0,2392.0,3987.0,6456.0,11563.0,15163.299999999988,18059.0,1136.8302001953125,809.0,1142.4056396484375,79.0,22919.0,89.0,203.0,495.0,1320.0,3339.0,5316.0,7344.65283203125,7056.0,4408.6884765625,79.0,32766.0,371.0,934.0,3639.0,10564.0,14753.0,17335.0,7992.6365966796875,3.0062584937581995,0.04798262566328049,0.03425779566168785,0.9841994293133316,0.9958721840830247,0.9727971403038427,564,3805,0.10000000149011612,0.01612389049888292,0.9804930405301804,0.9807443255401813,0.9802418668029297,1,0.02436725936376118,16.680736775262584,0.9768293118856122
CAMRI,014,256,256,12,0.10000000149011612,0.10000000149011612,1.0,25.600000381469727,25.600000381469727,12.0,12,9.99999985098839,127901,1279.0100381174686,16.263453165690102,256,256,12,1.0000000149011612,1.0000000149011612,10.0,0,0,40,256,256,120,2545.12646484375,915.0,3733.323486328125,76.0,32766.0,94.0,213.0,527.0,2331.0,11660.0,16045.689999999944,9929.8388671875,9472.0,3790.559326171875,111.0,32766.0,2536.0,4501.0,7211.0,12354.0,16395.0,19698.0,1110.8551025390625,771.0,1097.8382568359375,76.0,18569.0,86.0,195.0,471.0,1267.0,3506.0,5321.0,7685.85205078125,7635.0,4823.83056640625,76.0,32766.0,246.0,623.0,3471.0,11240.0,15810.399999999994,18066.28,8818.983764648438,3.1603791542583113,0.05458561331033707,0.03928031027317047,0.982454332515566,0.9962302671767996,0.9690541903503491,469,3958,0.10000000149011612,0.016836232582505956,0.9792396198099049,0.9837979594769364,0.9747298834233722,1,0.02366259218377782,16.844702746820225,0.9727210889672481
CAMRI,015,256,256,12,0.10000000149011612,0.10000000149011612,1.0,25.600000381469727,25.600000381469727,12.0,12,9.99999985098839,128865,1288.650038404763,16.386032104492188,256,256,12,1.0000000149011612,1.0000000149011612,10.0,0,0,40,256,256,120,2517.696533203125,1008.0,3484.470703125,91.0,32766.0,104.0,237.0,584.0,2438.0,10992.0,14649.0,9355.494140625,9252.0,3505.348876953125,91.0,32766.0,2102.6400000000003,3678.0,7053.0,11544.0,15051.799999999988,18819.08,1177.67724609375,850.0,1074.4759521484375,91.0,17041.0,95.0,216.0,522.0,1378.0,3569.0,5260.0,7285.580078125,7484.0,4469.814453125,91.0,32766.0,253.0,627.0,3473.0,10594.0,14347.0,17218.179999999993,8177.81689453125,3.1544302596028557,0.05825202539563179,0.044594138860702515,0.9666193747907733,0.9935686839970834,0.9410933923097815,785,7591,0.30000000447034836,0.047344168170146014,0.9257181097498198,0.9396615158204562,0.9123373348128719,1,0.02113399594196166,17.49136025131197,0.9471850386062934
CAMRI,016,256,256,12,0.10000000149011612,0.10000000149011612,1.0,25.600000381469727,25.600000381469727,12.0,12,9.99999985098839,148242,1482.420044179559,18.849945068359375,256,256,12,1.0000000149011612,1.0000000149011612,10.0,0,0,40,256,256,120,5.6101813316345215,2.1574220657348633,7.5352067947387695,0.0,119.81371307373047,0.19745896756649017,0.4534243047237396,1.1591572761535645,6.351596832275391,24.18140983581543,31.7129715347288,18.813270568847656,17.522655487060547,7.581630229949951,0.0731329545378685,69.958984375,4.219771385192871,7.975148677825928,13.090798377990723,24.642148971557617,31.831117630004883,35.49873352050781,2.543302297592163,1.7076544761657715,2.5919666290283203,0.0,119.81371307373047,0.1791757345199585,0.4058878719806671,1.0092347860336304,3.035017490386963,7.878430080413563,11.968207359313965,14.951802253723145,14.132943153381348,9.361934661865234,0.010969942435622215,69.958984375,0.5960335731506348,1.4809422492980957,7.10120964050293,21.73054265975952,31.198516845703125,34.994117736816406,16.269968271255493,2.871680984017744,0.05179757624864578,0.032204769551754,0.981515382136564,0.9978739718388401,0.9656844888762969,305,5087,0.10000000149011612,0.01982377323873735,0.9663751887267237,0.9661054427140917,0.9666426535534187,1,0.021389993041525796,17.42130069099266,0.967741935483871
CAMRI,017,256,256,12,0.10000000149011612,0.10000000149011612,1.0,25.600000381469727,25.600000381469727,12.0,12,9.99999985098839,150955,1509.550044988096,19.194920857747398,256,256,12,1.0000000149011612,1.0000000149011612,10.0,0,0,40,256,256,120,5.0245771408081055,1.90238356590271,6.654901504516602,0.0,67.7538070678711,0.1736958920955658,0.3970191776752472,1.0111582279205322,5.988372802734375,21.486595153808594,27.74998664855957,16.539403915405273,15.59127426147461,6.635051250457764,0.08478013426065445,67.7538070678711,4.420973777770996,6.97823247909546,11.304707527160645,21.722326278686523,27.82442855834961,30.772957382202115,2.289275646209717,1.4867541790008545,2.317755937576294,0.0,55.48550033569336,0.15508562326431274,0.3556630313396454,0.8788185119628906,2.748117208480835,7.224922180175781,10.959383964538574,13.35501480102539,12.425459861755371,7.975342273712158,0.02481369860470295,67.7538070678711,0.6554952263832092,1.735511398315432,6.842377662658691,19.329872131347656,27.253711700439453,30.336814880371094,14.250128269195557,2.867400325541164,0.04782911017537117,0.03245365619659424,0.9828005378814045,0.9951579605030831,0.9707462488821171,713,4416,0.10000000149011612,0.01824658590977749,0.9714392500077864,0.9725674827369742,0.97032824380293,1,0.02210768912055504,17.23070345581011,0.9754695107813587
CAMRI,019,256,256,12,0.10000000149011612,0.10000000149011612,1.0,25.600000381469727,25.600000381469727,12.0,12,9.99999985098839,161110,1611.100048014522,20.48619588216146,256,256,12,1.0000000149011612,1.0000000149011612,10.0,0,0,40,256,256,120,5.459676265716553,2.2158331871032715,7.077333927154541,0.003514406271278858,57.57651901245117,0.2091071754693985,0.4762020409107208,1.2054413557052612,6.292544364929199,22.690763473510742,29.372862796783348,17.24374771118164,16.247100830078125,7.116598606109619,0.15639108419418335,57.57651901245117,4.245402812957764,7.056927680969238,11.74866008758545,22.51152992248535,29.300571632385232,33.663706703186065,2.4235894680023193,1.7290878295898438,2.2248129844665527,0.003514406271278858,39.67764663696289,0.1862635314464569,0.42348596453666687,1.0367498397827148,2.9644017219543457,6.963796138763428,10.949132919311523,13.882259368896484,12.918957710266113,8.527604103088379,0.005271609406918287,57.57651901245117,0.6993668675422668,1.7536886930465698,6.79686164855957,20.257038116455078,28.633625030517578,32.738874511718734,14.820158243179321,2.8109101882829117,0.04357335343956947,0.0284858588129282,0.9837048772207763,0.9965100431786629,0.9712246291353733,548,4636,0.10000000149011612,0.016784374702585696,0.9785103969754253,0.979800430681508,0.9772274838631839,1,0.022682081693113008,17.084010160950246,0.9746260319036683
CAMRI,026,256,256,12,0.10000000149011612,0.10000000149011612,1.0,25.600000381469727,25.600000381469727,12.0,12,9.99999985098839,132405,1324.0500394597652,16.836166381835938,256,256,12,1.0000000149011612,1.0000000149011612,10.0,0,0,40,256,256,120,2271.2568359375,639.0,3499.539306640625,0.0,32766.0,58.0,132.0,337.0,2446.0,10972.0,14734.689999999944,7934.25927734375,7187.0,3747.4873046875,55.0,27910.0,1611.0,2820.0,4967.0,10950.0,14231.0,16788.879999999976,1124.805908203125,512.0,2018.9844970703125,0.0,32766.0,53.0,120.0,299.0,1033.0,4126.0,10842.479999999981,6224.6015625,5419.0,4314.70263671875,2.0,27910.0,223.0,607.0,2558.0,9215.0,13876.0,16442.290000000008,6809.453369140625,2.2622918800984033,0.04470118135213852,0.02854178287088871,0.9822121294512758,0.9962401342365297,0.9685736943468902,484,4161,0.10000000149011612,0.01788692239524274,0.9745670041271297,0.9755942275042445,0.9735453458101738,1,0.024178797952495248,16.72396393932044,0.9722291454250217
CAMRI,027,256,256,12,0.10000000149011612,0.10000000149011612,1.0,25.600000381469727,25.600000381469727,12.0,12,9.99999985098839,130245,1302.450038816035,16.561508178710938,256,256,12,1.0000000149011612,1.0000000149011612,10.0,0,0,40,256,256,120,1457.4725341796875,522.0,2096.724853515625,0.0,32766.0,50.0,115.0,290.0,1539.0,6495.0,8912.0,5183.98681640625,4899.0,2179.66162109375,12.0,21249.0,1061.44,2038.0,3529.0,6766.0,8872.0,10210.119999999995,717.80517578125,431.0,1011.123779296875,0.0,32766.0,46.0,105.0,258.0,766.0,2356.0,3924.140000000014,4028.7529296875,3788.0,2675.26220703125,3.0,21249.0,137.0,336.0,1693.0,5983.0,8648.0,9892.0,4466.181640625,2.628690553762609,0.05085426941514015,0.034110166132450104,0.9807667544629792,0.9971673411092598,0.9648969250259127,357,4572,0.10000000149011612,0.02037271974127198,0.9701404313247832,0.9724011370587601,0.9678995612940043,1,0.024400212512184664,16.673224129841127,0.9676379131636531
CAMRI,028,256,256,12,0.10000000149011612,0.10000000149011612,1.0,25.600000381469727,25.600000381469727,12.0,12,9.99999985098839,129224,1292.2400385117535,16.431681315104164,256,256,12,1.0000000149011612,1.0000000149011612,10.0,0,0,40,256,256,120,1784.7821044921875,475.0,2877.780029296875,0.0,32766.0,46.0,105.0,263.0,1639.0,8999.0,12367.0,7157.7451171875,6664.0,3172.1025390625,29.0,25106.0,1337.23,2606.1500000000005,4679.0,9663.25,12517.0,14158.770000000004,728.3193359375,392.0,1067.26611328125,0.0,32766.0,42.0,96.0,234.0,715.0,2684.6500000000233,4844.0,5516.2666015625,5032.0,3837.18994140625,4.0,25106.0,144.0,370.0,2093.0,8327.0,12251.0,13820.0,6429.42578125,2.716771645938316,0.050297416746616364,0.031963955610990524,0.9812829594647776,0.9983663794484128,0.9647743453228502,204,4552,0.10000000149011612,0.018831733296779892,0.9742205693860235,0.9761100824165849,0.9723518850987433,1,0.024608349755427413,16.626083638193244,0.9663529994428279
CAMRI,029,256,256,12,0.10000000149011612,0.10000000149011612,1.0,25.600000381469727,25.600000381469727,12.0,12,9.99999985098839,129042,1290.420038457513,16.408538818359375,256,256,12,1.0000000149011612,1.0000000149011612,10.0,0,0,40,256,256,120,2096.032470703125,568.0,3325.564453125,0.0,32766.0,54.0,125.0,314.0,1922.0,10468.0,14174.0,8411.94921875,7902.0,3552.58740234375,26.0,32766.0,1755.41,3264.0,5644.0,11165.0,14404.949999999997,16414.179999999993,856.253173828125,468.0,1177.0582275390625,0.0,21969.0,50.0,114.0,279.0,858.0,3137.0,5861.0,6527.18603515625,6073.0,4389.2021484375,3.0,32766.0,181.0,461.0,2628.0,9839.0,14106.0,16008.469999999972,7555.696044921875,2.855137923513775,0.050725407898426056,0.03240601718425751,0.9828139546759792,0.9965823541127266,0.969420808728941,429,3946,0.10000000149011612,0.017025678004645002,0.9800766560601678,0.9791334589189973,0.9810163129782012,1,0.024700324728900432,16.605421486383232,0.9727453077292665
CAMRI,031,256,256,12,0.10000000149011612,0.10000000149011612,1.0,25.600000381469727,25.600000381469727,12.0,12,9.99999985098839,133345,1333.4500397399072,16.955693562825523,256,256,12,1.0000000149011612,1.0000000149011612,10.0,0,0,40,256,256,120,1597.7515869140625,482.0,2436.657958984375,0.0,32766.0,45.0,103.0,260.0,1647.0,7494.0,10430.0,6053.03515625,5674.0,2632.25634765625,28.0,25183.0,1196.44,2358.0,4081.0,7858.0,10536.799999999988,12443.559999999998,688.0875244140625,390.0,924.4276123046875,0.0,32766.0,41.0,93.0,230.0,741.0,2407.0,3891.0,4685.7265625,4373.0,3222.5791015625,1.0,25183.0,127.0,323.0,1893.0,6964.0,10262.0,12032.539999999979,5364.9476318359375,2.719552749093653,0.0506209060549736,0.0334385447204113,0.9815598836965593,0.9978074253130036,0.9658329896134088,283,4556,0.10000000149011612,0.018408291297138574,0.973625993778085,0.9737717413900631,0.973480929719291,1,0.022847730694278676,17.04262288411434,0.9679553039109078
CAMRI,032,256,256,12,0.10000000149011612,0.10000000149011612,1.0,25.600000381469727,25.600000381469727,12.0,12,9.99999985098839,132614,1326.1400395220521,16.86274210611979,256,256,12,1.0000000149011612,1.0000000149011612,10.0,0,0,40,256,256,120,1869.1490478515625,549.0,2879.53466796875,0.0,32766.0,51.0,117.0,297.0,1823.0,8872.0,12216.0,7350.46337890625,6943.0,2986.396728515625,57.0,31890.0,1836.0,3138.0,5122.0,9357.0,12429.0,14871.869999999995,757.3726196289062,445.0,913.52783203125,0.0,32766.0,46.0,106.0,263.0,839.0,2651.0,4222.0,5649.79150390625,5426.0,3809.297119140625,2.0,31890.0,141.0,357.0,2304.0,8384.0,12075.0,14272.0,6593.090759277344,2.9856077295170653,0.052025798708200455,0.03528293967247009,0.9834559455792712,0.9970321810756988,0.9702444689097682,383,3946,0.10000000149011612,0.015903494603229627,0.9808230466805158,0.9816320904266318,0.9800198433063054,1,0.022473906941474685,17.136597585086175,0.9731325501078317
CAMRI,033,256,256,12,0.10000000149011612,0.10000000149011612,1.0,25.600000381469727,25.600000381469727,12.0,12,9.99999985098839,141446,1414.4600421541932,17.98578898111979,256,256,12,1.0000000149011612,1.0000000149011612,10.0,0,0,40,256,256,120,1352.9649658203125,436.0,1984.2056884765625,0.0,32766.0,39.0,90.0,229.0,1515.0,6127.0,8380.0,4447.974609375,4066.0,2039.44873046875,21.0,16584.0,901.45,1666.0,2844.0,5994.0,8015.0,9376.0,674.2267456054688,343.0,1151.927978515625,0.0,32766.0,35.0,81.0,201.0,668.0,2249.0,5919.150000000023,3503.178955078125,3108.0,2370.56201171875,1.0,16584.0,142.0,378.0,1484.0,5140.25,7799.0,9147.0,3773.7478637695312,2.2784973608009804,0.046603765338659286,0.030619613826274872,0.9837598971519838,0.9967707055826881,0.9710843714208957,445,4090,0.10000000149011612,0.016221973681804773,0.9790788731459668,0.9803582129302884,0.9778079110993517,1,0.023102020158305342,16.979861297702126,0.9742304483689889
CAMRI,034,256,256,12,0.10000000149011612,0.10000000149011612,1.0,25.600000381469727,25.600000381469727,12.0,12,9.99999985098839,136323,1363.2300406274203,17.334365844726562,256,256,12,1.0000000149011612,1.0000000149011612,10.0,0,0,40,256,256,120,1523.3897705078125,429.0,2367.037841796875,0.0,32766.0,39.0,89.0,226.0,1595.0,7364.0,9900.0,5449.46923828125,4978.0,2601.2568359375,5.0,21261.0,1059.0,1897.1000000000004,3420.0,7479.0,9741.899999999994,11663.779999999999,700.1204223632812,341.0,1203.6861572265625,0.0,32766.0,35.0,80.0,199.0,675.0,2511.0,5642.0,4285.13037109375,3750.0,2995.865966796875,1.0,21261.0,154.0,414.0,1721.0,6393.0,9506.0,11317.719999999972,4749.348815917969,2.3433371346715783,0.04536131024360657,0.028515858575701714,0.9823679644976583,0.9973843164825861,0.9677970701935844,346,4390,0.10000000149011612,0.01906850095341453,0.9742839837328027,0.9778094674967828,0.9707928635392987,1,0.024276227634969463,16.70156074434248,0.9703351598776435
CAMRI,036,256,256,12,0.10000000149011612,0.10000000149011612,1.0,25.600000381469727,25.600000381469727,12.0,12,9.99999985098839,133309,1333.0900397291782,16.951115926106773,256,256,12,1.0000000149011612,1.0000000149011612,10.0,0,0,40,256,256,120,1656.5546875,426.0,2780.900634765625,0.0,32766.0,41.0,93.0,235.0,1514.0,8336.449999999953,12145.0,6598.4443359375,5874.0,3472.75341796875,34.0,30668.0,1104.0,2055.0,3986.0,9015.0,12347.0,15188.680000000051,647.8655395507812,349.0,920.8798828125,0.0,32766.0,37.0,85.0,208.0,640.0,2446.0,4309.0,5084.33984375,4356.0,3926.209228515625,2.0,30668.0,125.0,323.0,1720.0,7543.0,11973.0,14646.639999999985,5950.578796386719,2.3423086554462462,0.04611997678875923,0.027270454913377762,0.9799610820710443,0.9971890263315241,0.9633183055907704,362,4890,0.10000000149011612,0.021316256758148397,0.9669600422460835,0.9708693189862665,0.9630926535471672,1,0.024250140126561216,16.70754759581845,0.9660338011687133
CAMRI,037,256,256,12,0.10000000149011612,0.10000000149011612,1.0,25.600000381469727,25.600000381469727,12.0,12,9.99999985098839,130038,1300.3800387543442,16.535186767578125,256,256,12,1.0000000149011612,1.0000000149011612,10.0,0,0,40,256,256,120,2022.3126220703125,554.0,3238.018798828125,0.0,32766.0,52.0,120.0,304.0,1831.0,10047.0,13641.0,8296.2734375,7897.0,3462.79736328125,21.0,32766.0,1845.0,3397.8500000000004,5700.0,10660.0,13933.0,17386.52000000002,779.3800048828125,454.0,918.3590087890625,0.0,15619.0,48.0,109.0,270.0,843.0,2801.0,4588.0,6408.96533203125,6120.0,4348.50244140625,4.0,32766.0,159.0,405.0,2492.0,9611.0,13542.0,16403.0,7516.8934326171875,2.96733426311305,0.051485512405633926,0.03437383472919464,0.9838115831920986,0.997062237911346,0.9709085036681585,372,3783,0.10000000149011612,0.015973648415517513,0.9808656849620705,0.9821786430002862,0.979559132509526,1,0.02422954042873612,16.7122811144235,0.9737692059244221
CAMRI,038,256,256,12,0.10000000149011612,0.10000000149011612,1.0,25.600000381469727,25.600000381469727,12.0,12,9.99999985098839,131366,1313.660039150119,16.70405069986979,256,256,12,1.0000000149011612,1.0000000149011612,10.0,0,0,40,256,256,120,1042.521240234375,325.0,1563.5289306640625,0.0,32766.0,29.0,67.0,171.0,1123.0,4894.449999999953,6524.0,3820.735107421875,3596.0,1656.2423095703125,13.0,14391.0,744.6500000000001,1441.0,2520.0,5111.0,6548.0,7677.350000000006,485.3825988769531,260.0,725.605712890625,0.0,32766.0,27.0,61.0,151.0,525.0,1674.0,2981.0,2988.047119140625,2723.0,1983.4990234375,0.0,14391.0,106.0,282.0,1246.0,4482.0,6397.0,7435.0,3335.352508544922,2.608594780037222,0.04641297832131386,0.030124612152576447,0.9834358622073682,0.9973619939255409,0.9698932752767079,337,3955,0.10000000149011612,0.016657518611335475,0.9787736270810607,0.9798174986580783,0.9777309122104662,1,0.02465778925037198,16.61496429642455,0.9724586270420048
CAMRI,039,256,256,12,0.10000000149011612,0.10000000149011612,1.0,25.600000381469727,25.600000381469727,12.0,12,9.99999985098839,128755,1287.5500383719805,16.372044881184898,256,256,12,1.0000000149011612,1.0000000149011612,10.0,0,0,40,256,256,120,1686.2357177734375,506.0,2570.826904296875,0.0,32766.0,47.0,108.0,273.0,1710.0,8087.0,10760.689999999944,6477.2333984375,6184.0,2755.517333984375,26.0,26561.0,1203.54,2467.0,4357.0,8520.0,10900.0,12968.919999999984,748.2903442382812,412.0,1021.3380737304688,0.0,32766.0,43.0,98.0,243.0,792.0,2629.0,4673.0,4995.6337890625,4679.0,3395.823974609375,3.0,26561.0,136.0,340.0,1949.0,7604.0,10633.0,12422.840000000026,5728.943054199219,2.756976119705048,0.04893537610769272,0.03148151934146881,0.9831803679048332,0.9974823162690325,0.9692827463011146,315,3955,0.10000000149011612,0.016276020576471286,0.9825549700163547,0.983042829591354,0.9820683146393698,1,0.02487020832259533,16.56752559186612,0.9717292532328842
CAMRI,040,256,256,12,0.10000000149011612,0.10000000149011612,1.0,25.600000381469727,25.600000381469727,12.0,12,9.99999985098839,133500,1335.0000397861006,16.97540283203125,256,256,12,1.0000000149011612,1.0000000149011612,10.0,0,0,40,256,256,120,1229.0009765625,365.0,1920.9102783203125,0.0,32766.0,32.0,75.0,191.0,1322.0,5743.0,7963.0,4239.27294921875,3867.0,2003.9805908203125,13.0,17458.0,751.0,1480.0,2684.0,5777.0,7666.0,9018.0,613.5136108398438,291.0,1179.671142578125,0.0,32766.0,29.0,68.0,169.0,590.0,2083.0,5143.689999999944,3329.248046875,2937.0,2296.851318359375,3.0,17458.0,120.0,319.0,1369.0,4917.0,7446.0,8709.0,3625.7593383789062,2.2050234360626635,0.04609745740890503,0.029299283400177956,0.9818376881286808,0.9975802461500402,0.9665842696629213,313,4461,0.10000000149011612,0.02118950047868032,0.9676407697790449,0.9682222301567466,0.967061501796322,1,0.025113357602571378,16.513882780290167,0.9689288389513109
CAMRI,041,256,256,12,0.10000000149011612,0.10000000149011612,1.0,25.600000381469727,25.600000381469727,12.0,12,9.99999985098839,137051,1370.5100408443811,17.426935831705727,256,256,12,1.0000000149011612,1.0000000149011612,10.0,0,0,40,256,256,120,2412.93359375,831.0,3465.89501953125,0.0,32766.0,79.0,181.0,457.0,2589.0,10798.0,14671.689999999944,8573.7529296875,8035.0,3752.50537109375,10.0,32766.0,1940.0,3338.0,5734.0,11163.0,14780.0,18228.0,1112.700927734375,675.0,1369.1927490234375,0.0,25700.0,72.0,164.0,404.0,1214.0,3708.0,6375.0,6694.2978515625,6139.0,4501.42333984375,6.0,32766.0,240.0,612.0,2855.0,9936.0,14389.0,17359.23999999999,7461.052001953125,2.6415160291970095,0.04809388145804405,0.032968781888484955,0.9838229584573573,0.9973087245303387,0.9706970397881081,359,4016,0.10000000149011612,0.01568410780779475,0.9810453271347508,0.9823815726331665,0.9797163700824981,1,0.023628867904999278,16.852712799129083,0.9733165026158146
CAMRI,044,144,144,64,0.20000000298023224,0.20000000298023224,0.20000000298023224,28.800000429153442,28.800000429153442,12.800000190734863,64,1.0,237893,1903.1440850771678,17.925723982445987,144,144,64,2.0000000298023224,2.0000000298023224,2.0000000298023224,0,0,32,288,288,128,2429.401123046875,1097.0,2773.69775390625,58.0,32766.0,207.0,283.0,489.0,3515.0,8368.0,11144.0,6995.0537109375,6859.0,2347.348876953125,215.0,23158.0,1894.92,3322.0,5493.0,8348.0,10924.0,14084.239999999962,1432.22412109375,779.0,1619.6094970703125,58.0,32766.0,200.0,270.0,440.0,1819.0,4548.0,7509.0,4284.68603515625,3463.0,3239.3955078125,124.0,23158.0,355.0,586.0,1653.0,6262.0,10335.0,13975.0,5562.82958984375,2.7585478218746102,0.08069167286157608,0.055351972579956055,0.9734820172708298,0.998285901094726,0.9498808287759622,388,11923,0.20000000298023224,0.11613228516846155,0.5152802661888918,0.5293993899232144,0.5018946948544076,1,0.842992286582858,5.119288332147411,0.9515118141349262
CAMRI,045,144,144,64,0.20000000298023224,0.19993558526039124,0.20006440579891205,28.800000429153442,28.790724277496338,12.804121971130371,64,1.0006443102079754,274408,2195.263706889682,20.677203896604937,144,144,64,2.0000000298023224,1.9993558526039124,2.0006440579891205,0,0,32,288,288,128,2796.21484375,1705.0,2798.759765625,58.0,32766.0,231.0,327.0,682.0,4090.0,8698.0,12204.969999999972,6530.61279296875,5969.0,2660.277099609375,162.0,23324.0,1985.0,3245.0,4560.0,8152.0,11585.0,14404.0,1822.763671875,1189.0,1856.6790771484375,58.0,32766.0,221.0,308.0,568.0,2449.0,5277.0,9026.0,4298.78662109375,3474.0,3331.607421875,76.0,23324.0,340.0,570.0,1618.0,6103.0,10951.0,14168.0,4707.84912109375,2.052297307495214,0.07524094730615616,0.04980507865548134,0.9760556502029846,0.9990003281365658,0.9541412786799218,262,12584,0.20006440579891205,0.11072486470966787,0.7366433787786294,0.7471935958778064,0.7264482283377051,3,0.756486352363025,5.307423690966793,0.9550960613393196
CAMRI,046,144,144,64,0.20000000298023224,0.20000000298023224,0.20000000298023224,28.800000429153442,28.800000429153442,12.800000190734863,64,1.0,260382,2083.056093119861,19.62031611689815,144,144,64,2.0000000298023224,2.0000000298023224,2.0000000298023224,0,0,32,288,288,128,2436.62255859375,1250.0,2650.4853515625,67.0,32766.0,225.0,311.0,569.0,3650.0,8343.0,11190.0,5947.12548828125,5288.0,2469.30859375,181.0,19057.0,1664.0,2798.0,4094.0,7696.0,10433.949999999983,12568.0,1579.724609375,905.0,1873.2529296875,67.0,32766.0,217.0,296.0,498.0,1846.0,5250.0,9316.0,3937.055419921875,3165.0,2988.294677734375,131.0,21334.0,367.0,603.0,1580.0,5402.0,9924.0,12643.0,4367.40087890625,1.9927557547690185,0.07167256623506546,0.04719563573598862,0.9765644292013719,0.9971104743304465,0.9568480156078377,722,11236,0.20000000298023224,0.10976431684221642,0.5269996704486606,0.534855941516556,0.5193708532454878,3,0.7702438169565791,5.275634717526953,0.9596208647295128
CAMRI,047,144,144,64,0.20000000298023224,0.20000000298023224,0.20000000298023224,28.800000429153442,28.800000429153442,12.800000190734863,64,1.0,254858,2038.8640911443247,19.204071421682098,144,144,64,2.0000000298023224,2.0000000298023224,2.0000000298023224,0,0,32,288,288,128,0.23682792484760284,0.17727571725845337,0.21285897493362427,0.0038205974269658327,8.345712661743164,0.017320040613412857,0.024706529453396797,0.050431884825229645,0.3711073696613312,0.6466997861862183,0.8120043277740479,0.49246352910995483,0.4803764522075653,0.16351623833179474,0.01910298690199852,2.0486042499542236,0.14263564348220825,0.24477294087409973,0.3713620603084564,0.6090032458305359,0.774817168712616,0.874152660369873,0.1760668307542801,0.11894793063402176,0.17463818192481995,0.0038205974269658327,8.345712661743164,0.016810627654194832,0.02343299798667431,0.04228127747774124,0.2600553333759308,0.5030453205108643,0.7254040837287903,0.33405256271362305,0.2870542109012604,0.22005252540111542,0.009424140676856041,4.485381126403809,0.0359136164188385,0.058837201446294785,0.1571539044380188,0.46611288189888,0.7694683074951172,0.8843409419059753,0.31639669835567474,1.8703035380216988,0.07470664381980896,0.04838204383850098,0.9789844343963827,0.9987589911904704,0.9599777130794404,304,10200,0.20000000298023224,0.09673711311202396,0.5235116531819829,0.5306502154328241,0.5165626042609981,1,0.7965763466597183,5.216849672102759,0.9611705341798178
CAMRI,048,144,144,64,0.20000000298023224,0.20000000298023224,0.20000000298023224,28.800000429153442,28.800000429153442,12.800000190734863,64,1.0,277249,2217.9920991519703,20.891279055748456,144,144,64,2.0000000298023224,2.0000000298023224,2.0000000298023224,0,0,32,288,288,128,0.25939109921455383,0.20066335797309875,0.2223680168390274,0.004608536139130592,6.291804313659668,0.018818190321326256,0.027267172932624817,0.0635593980550766,0.4019027650356293,0.6907044053077698,0.8558436036109924,0.5290524363517761,0.5203805565834045,0.17422498762607574,0.018242122605443,1.383905053138733,0.14862529933452606,0.2542375922203064,0.40363097190856934,0.6538360714912415,0.8207035064697266,0.9234354496002197,0.18817812204360962,0.13787204027175903,0.1738247275352478,0.004608536139130592,6.291804313659668,0.018050100654363632,0.0255389716476202,0.049541763961315155,0.275936096906662,0.5130836963653564,0.7177795171737671,0.35871320962905884,0.3149166405200958,0.2243158519268036,0.012865496799349785,1.383905053138733,0.04109278321266174,0.06970410794019699,0.18472549319267273,0.48600855469703674,0.802653431892395,0.9286200404167175,0.3408743143081665,1.9587666592053676,0.06835627555847168,0.04627851024270058,0.9727526385126634,0.9987006424601169,0.9481188390219623,342,14384,0.2828427166893039,0.13289088341765615,0.4077276475438803,0.41305074227886773,0.40254000744324525,4,0.8522310507522237,5.100722224228223,0.949352387204282
CAMRI,049,144,144,64,0.20000000298023224,0.20000000298023224,0.20000000298023224,28.800000429153442,28.800000429153442,12.800000190734863,64,1.0,244300,1954.4000873684895,18.408504533179013,144,144,64,2.0000000298023224,2.0000000298023224,2.0000000298023224,0,0,32,288,288,128,2610.199462890625,1159.0,3016.800048828125,39.0,32766.0,226.0,307.0,525.0,3693.0,9258.0,11904.0,7593.43994140625,7495.0,2548.32568359375,215.0,21402.0,1958.0,3464.9500000000007,5954.0,9224.25,11682.0,14628.01000000001,1485.8912353515625,820.0,1680.0369873046875,39.0,32766.0,218.0,294.0,471.0,1845.0,4764.0,7823.969999999972,4507.9453125,3591.0,3444.39453125,136.0,21402.0,391.0,629.0,1703.0,6568.0,11055.099999999977,14425.839999999967,6107.5487060546875,2.8298005119649416,0.07960726320743561,0.05467214062809944,0.9719015547302826,0.9969824803064871,0.9480515759312321,701,12691,0.2828427166893039,0.124871305065139,0.49920868189011985,0.5149253731343284,0.48442299254058796,1,0.8495448503877149,5.106092608179426,0.9509209987720016
CAMRI,051,144,144,64,0.18935489654541016,0.20000000298023224,0.21010646224021912,27.267105102539062,28.800000429153442,13.446813583374023,64,1.1095908586120582,271808,2162.759295934081,20.481288580246915,144,144,64,1.8935489654541016,2.0000000298023224,2.101064622402191,0,0,26,273,288,134,3676.271240234375,2167.0,3761.57177734375,57.0,32766.0,289.0,404.0,812.0,5513.0,11254.0,16326.0,8386.541015625,7980.0,3369.528076171875,206.0,28751.0,2050.0,3616.0,6042.0,10128.0,14957.0,18217.859999999986,2463.066650390625,1463.0,2771.843994140625,57.0,32766.0,277.0,381.0,682.0,3220.0,7673.25,14031.0,4832.98681640625,3731.0,4010.09716796875,93.0,28751.0,376.0,595.0,1736.0,6758.0,13159.0,17553.839999999997,5923.474365234375,1.9199684730829758,0.06421628594398499,0.04277947545051575,0.9636579464000365,0.9977153121356317,0.9318489522015541,580,18524,0.42021292448043823,0.1615520516469263,0.6959470444779933,0.7058963498786466,0.6864622085110245,3,0.7834557057236347,5.245811029564229,0.9339828113962797
CAMRI,052,144,144,64,0.20761199295520782,0.19208665192127228,0.20000000298023224,29.896126985549927,27.660477876663208,12.800000190734863,64,1.0808246740658414,252293,2012.2633965765328,19.010793426890434,144,144,64,2.0761199295520782,1.9208665192127228,2.0000000298023224,0,0,32,299,277,128,2085.065673828125,1073.0,2279.112060546875,45.0,32766.0,193.0,265.0,467.0,3147.0,6894.0,9516.0,5166.60009765625,4719.0,2058.2080078125,157.0,15507.0,1322.0,2408.0,3692.0,6406.0,9069.399999999994,10459.0,1361.7301025390625,758.0,1633.1126708984375,45.0,32766.0,186.0,253.0,414.0,1669.0,4384.0,7730.0,3414.250244140625,2699.0,2627.4609375,52.0,19266.0,280.0,451.0,1328.0,4755.5,8788.0,10613.459999999992,3804.8699951171875,2.0479868505429644,0.07543934881687164,0.04948382452130318,0.9769262938427691,0.9962626603924413,0.9583262318019129,907,10514,0.20761199295520782,0.10447711654750734,0.7560888080769415,0.761775669264656,0.7505321413367391,2,0.7545423050871722,5.3119779017160536,0.9619212582196097
CAMRI,053,144,144,64,0.20000000298023224,0.20000000298023224,0.20000000298023224,28.800000429153442,28.800000429153442,12.800000190734863,64,1.0,255285,2042.2800912970317,19.236246744791664,144,144,64,2.0000000298023224,2.0000000298023224,2.0000000298023224,0,0,32,288,288,128,0.20295017957687378,0.13216958940029144,0.19842159748077393,0.004426732659339905,2.0720901489257812,0.014671456068754196,0.020299730822443962,0.03901848569512367,0.3114522397518158,0.6129759550094604,0.806993305683136,0.48481521010398865,0.4686644971370697,0.17449800670146942,0.012331611476838589,1.140073299407959,0.1350153386592865,0.21602454781532288,0.3648892343044281,0.5984309911727905,0.8017444610595703,0.8763033151626587,0.13581569492816925,0.08815521746873856,0.13441050052642822,0.004426732659339905,2.0720901489257812,0.01416554395109415,0.01935114525258541,0.033010777086019516,0.19464975595474243,0.4164922833442688,0.5756649374961853,0.3080730438232422,0.2573196291923523,0.2134772688150406,0.009675572626292706,1.1124378442764282,0.030797410756349564,0.05185600742697716,0.13899940252304077,0.4255354702472687,0.7663305997848511,0.8716868758201599,0.3489995151758194,2.2407763129237255,0.06928595155477524,0.044285669922828674,0.9797194806849353,0.9960092120015056,0.9639540121824627,986,9202,0.20000000298023224,0.095037783942886,0.5383625383625383,0.545545746388443,0.5313660347860074,1,0.8713142432047158,5.063208984950259,0.9678163621050982
CAMRI,054,144,144,64,0.20000000298023224,0.20000000298023224,0.20000000298023224,28.800000429153442,28.800000429153442,12.800000190734863,64,1.0,254687,2037.4960910831703,19.191186222029323,144,144,64,2.0000000298023224,2.0000000298023224,2.0000000298023224,0,0,32,288,288,128,0.24058374762535095,0.17200075089931488,0.22303546965122223,0.005170363467186689,11.29414176940918,0.018957998603582382,0.02688588947057724,0.05859745293855667,0.3660617172718048,0.6614618301391602,0.8693104386329651,0.49801766872406006,0.4932526648044586,0.1670217216014862,0.024473054334521294,4.841183662414551,0.13959981501102448,0.2268066108226776,0.3850197196006775,0.6125157475471497,0.7762439250946045,0.8682763576507568,0.17944617569446564,0.1227099597454071,0.1883000284433365,0.005170363467186689,11.29414176940918,0.018268616870045662,0.0255071260035038,0.04756734520196915,0.2481774389743805,0.5080744028091431,0.8703445196151733,0.32881873846054077,0.2947107255458832,0.21510851383209229,0.011030108667910099,11.29414176940918,0.03619254380464554,0.058252763003110886,0.1595918834209442,0.4570601284503937,0.7269530892372131,0.8610378503799438,0.3185714930295944,1.7899371454434592,0.06395936012268066,0.044797372072935104,0.9788573765749229,0.9950553284008308,0.9631783326200395,1219,9378,0.20000000298023224,0.09694223902839902,0.5288184786552182,0.5355673133450911,0.5222376152486504,2,0.8082174061055907,5.191681698259354,0.9679645996851036
CAMRI,055,144,144,64,0.20000000298023224,0.20000000298023224,0.20000000298023224,28.800000429153442,28.800000429153442,12.800000190734863,64,1.0,247104,1976.8320883712781,18.619791666666664,144,144,64,2.0000000298023224,2.0000000298023224,2.0000000298023224,0,0,32,288,288,128,1874.4102783203125,1113.0,1963.0645751953125,32.0,32766.0,109.0,150.0,271.0,2990.0,5851.0,7636.969999999972,4509.53662109375,4427.0,1553.8245849609375,164.0,12203.0,1272.0,2325.0,3257.0,5591.0,7156.0,8340.0,1271.4945068359375,650.0,1493.536865234375,32.0,32766.0,105.0,143.0,237.0,1834.0,4136.0,6719.0,2929.363037109375,2549.0,2067.5634765625,61.0,12203.0,232.0,388.0,1227.0,4162.0,6932.0,8380.0,3238.0421142578125,2.124729005331145,0.07506260275840759,0.05179115757346153,0.9796321090901601,0.997587743218412,0.9623114154364154,575,9313,0.20000000298023224,0.09294975284204199,0.5387477358398198,0.5462351714895518,0.5314627903607476,1,0.7857960321295948,5.240598006577487,0.9646383708883709
CAMRI,056,144,144,64,0.20000000298023224,0.20000000298023224,0.20000000298023224,28.800000429153442,28.800000429153442,12.800000190734863,64,1.0,258302,2066.416092375995,19.463583863811728,144,144,64,2.0000000298023224,2.0000000298023224,2.0000000298023224,0,0,32,288,288,128,1547.46630859375,1070.0,1473.57861328125,23.0,32766.0,88.0,124.0,331.0,2361.0,4497.0,6252.0,3566.384521484375,3326.0,1326.7926025390625,86.0,11130.0,1168.0,1912.0,2580.0,4333.0,6130.0,7406.0,1059.5458984375,762.0,1023.541259765625,23.0,32766.0,84.0,118.0,246.0,1535.0,3045.0,4455.0,2323.474853515625,1962.0,1674.2716064453125,67.0,11130.0,231.0,394.0,980.0,3220.0,5618.0,7359.0,2506.838623046875,2.1156393622261405,0.06970848143100739,0.045683346688747406,0.979622013587953,0.9980997300250691,0.9618160138132883,473,9863,0.20000000298023224,0.09586015782008064,0.5459211048125597,0.5532126140608009,0.5388193037391785,2,0.7405447824931626,5.3452376118345555,0.9636472036608311
CAMRI,057,144,144,64,0.20000000298023224,0.20000000298023224,0.20000000298023224,28.800000429153442,28.800000429153442,12.800000190734863,64,1.0,266175,2129.400095191599,20.05683051215278,144,144,64,2.0000000298023224,2.0000000298023224,2.0000000298023224,0,0,32,288,288,128,2374.13232421875,1656.0,2155.23974609375,44.0,32766.0,151.0,214.0,543.0,3725.0,6581.0,8659.0,5171.18701171875,5007.0,1756.0716552734375,120.0,16498.0,1591.0,2821.0,3814.0,6277.0,8282.0,9990.26000000001,1672.3822021484375,1153.0,1606.6990966796875,44.0,32766.0,145.0,202.0,412.0,2402.0,4902.0,6832.0,3311.80029296875,2858.0,2412.568603515625,110.0,16498.0,304.0,495.0,1257.0,4757.0,7898.899999999994,10016.0,3498.8048095703125,2.0788560605482638,0.07577597349882126,0.05044488608837128,0.9717185393441585,0.9924900690271172,0.9517986287217056,1917,12830,0.2828427166893039,0.1293979834947384,0.43517152132948894,0.43746576593025377,0.4329012150503636,3,0.700836177115246,5.4443406018738605,0.9590006574621959
CAMRI,058,144,144,64,0.20000000298023224,0.20000000298023224,0.20000000298023224,28.800000429153442,28.800000429153442,12.800000190734863,64,1.0,259927,2079.4160929571403,19.586030936535494,144,144,64,2.0000000298023224,2.0000000298023224,2.0000000298023224,0,0,32,288,288,128,1775.3057861328125,926.0,1921.12646484375,26.0,32766.0,149.0,206.0,379.0,2755.0,5812.0,7779.0,4270.57958984375,3931.0,1691.337890625,127.0,14756.0,965.0,1836.0,3092.0,5400.0,7276.0,8815.0,1167.545166015625,636.0,1416.6885986328125,26.0,32766.0,144.0,196.0,329.0,1438.0,3838.0,6544.0,2811.299560546875,2283.0,2127.470458984375,81.0,25870.0,267.0,436.0,1118.0,3934.0,6981.0,9088.98999999999,3103.034423828125,1.9890366793239511,0.07468876242637634,0.05042677000164986,0.969285694495569,0.9980275089149261,0.9421529891084804,484,15036,0.2828427166893039,0.14274236129003004,0.3732034683454092,0.3796703562279472,0.3669531906941979,5,0.7689436234532067,5.278606536391116,0.9440150503795296
CAMRI,059,144,144,64,0.20000000298023224,0.20000000298023224,0.20000000298023224,28.800000429153442,28.800000429153442,12.800000190734863,64,1.0,282094,2256.7521008846775,21.25635971257716,144,144,64,2.0000000298023224,2.0000000298023224,2.0000000298023224,0,0,32,288,288,128,0.2564125955104828,0.1975284069776535,0.23573777079582214,0.003296063980087638,3.8571012020111084,0.016598036512732506,0.02366103045642376,0.05532678961753845,0.4004717767238617,0.6720439195632935,0.8387305736541748,0.5193133354187012,0.518070638179779,0.157985657453537,0.02071811631321907,1.3414980173110962,0.1540910005569458,0.2650977373123169,0.4101245403289795,0.6282533407211304,0.7806963324546814,0.8816971182823181,0.18544431030750275,0.12937051057815552,0.20035450160503387,0.003296063980087638,3.8571012020111084,0.01589173823595047,0.02213071659207344,0.04284883290529251,0.27180758118629456,0.5031206607818604,0.763156533241272,0.3407258093357086,0.30017727613449097,0.22128093242645264,0.00847559329122305,1.3414980173110962,0.03460867330431938,0.056621670722961426,0.15809336304664612,0.48369738459587097,0.759154200553894,0.8887271881103517,0.3338690251111984,1.8505293684511754,0.07553029805421829,0.050518620759248734,0.9732806864704716,0.9993837143721543,0.9485065261933965,165,14526,0.20000000298023224,0.12590854325631706,0.392812178093167,0.39986950645477,0.3859996400935757,1,0.8206333805582039,5.165365588468055,0.9490914376059044
CAMRI,060,144,144,64,0.20000000298023224,0.20000000298023224,0.20000000298023224,28.800000429153442,28.800000429153442,12.800000190734863,64,1.0,264372,2114.976094546796,19.920970775462962,144,144,64,2.0000000298023224,2.0000000298023224,2.0000000298023224,0,0,32,288,288,128,0.2510104775428772,0.16610613465309143,0.24026986956596375,0.0037880530580878258,6.205967426300049,0.017993252724409103,0.025569358840584755,0.05151752382516861,0.3882754445075989,0.7418901920318604,0.9454980492591858,0.5796123743057251,0.5712383985519409,0.1937139481306076,0.017803849652409554,3.248823881149292,0.17822790145874023,0.28410398960113525,0.4324062764644623,0.7159420251846313,0.9117844104766846,1.0330021381378174,0.16926532983779907,0.10777011513710022,0.17091508209705353,0.0037880530580878258,6.205967426300049,0.017235642299056053,0.024054137989878654,0.04337320849299431,0.24717046320438385,0.4918787181377411,0.7467559653520478,0.3748776912689209,0.31838586926460266,0.25278422236442566,0.011174757033586502,6.07187032699585,0.04015336185693741,0.06553331762552261,0.17330342531204224,0.5199102759361267,0.8780707120895386,1.0394418239593506,0.410347044467926,2.246377681443341,0.06935044378042221,0.045742183923721313,0.9817136705307881,0.9981665220212824,0.9657944109058448,469,9043,0.20000000298023224,0.08625895392522259,0.5738003452924343,0.5808196878291678,0.566948637659485,1,0.8122333950148395,5.183111011580735,0.9675684263083837
CAMRI,061,144,144,64,0.20000000298023224,0.20000000298023224,0.20000000298023224,28.800000429153442,28.800000429153442,12.800000190734863,64,1.0,240458,1923.6640859944832,18.11900197723765,144,144,64,2.0000000298023224,2.0000000298023224,2.0000000298023224,0,0,32,288,288,128,1371.5616455078125,859.0,1420.2589111328125,22.0,32766.0,81.0,114.0,247.0,2105.0,4084.0,5694.969999999972,3040.55810546875,2968.0,1044.8348388671875,77.0,8476.0,724.5700000000002,1613.0,2232.0,3734.0,4860.0,5714.0,1002.2382202148438,598.0,1212.0750732421875,22.0,32766.0,78.0,108.0,202.0,1353.0,3174.0,5677.550000000047,1949.211669921875,1721.0,1411.753173828125,40.0,8476.0,153.0,248.0,742.0,2803.0,4682.0,5743.0,2038.3198852539062,1.8013537782128288,0.07029097527265549,0.046679556369781494,0.9784974961095352,0.9980710010034255,0.9596769498207587,446,9696,0.20000000298023224,0.09610434289229929,0.5235257757448387,0.5319565872776605,0.5153580294990995,1,0.7669515362667352,5.283172819377112,0.961531743589317
CAMRI,062,144,144,64,0.20000000298023224,0.20000000298023224,0.20000000298023224,28.800000429153442,28.800000429153442,12.800000190734863,64,1.0,271649,2173.192097149254,20.469307605131174,144,144,64,2.0000000298023224,2.0000000298023224,2.0000000298023224,0,0,32,288,288,128,2141.02197265625,1638.0,1874.98193359375,34.0,32766.0,142.0,203.0,552.0,3228.0,5709.0,7804.0,4228.7822265625,4025.0,1560.496826171875,189.0,13073.0,1411.0,2184.0,3007.0,5197.0,7148.599999999977,8520.0,1603.68212890625,1129.0,1543.7156982421875,34.0,32766.0,136.0,191.0,407.0,2356.0,4393.0,6919.459999999963,2778.93408203125,2332.0,1977.1669921875,79.0,13073.0,298.0,485.0,1189.0,3880.5,6706.0,8526.0,2625.10009765625,1.6912899615676094,0.06659353524446487,0.04415283724665642,0.9716676439478641,0.9959185882025555,0.9485696615853546,1056,13971,0.2828427166893039,0.15467451228749712,0.41226277372262776,0.4156138205859711,0.40896533285803405,5,0.7030482985313532,5.438624448304563,0.9524570309480248
CAMRI,065,144,144,64,0.20000000298023224,0.20000000298023224,0.20000000298023224,28.800000429153442,28.800000429153442,12.800000190734863,64,1.0,259898,2079.184092946769,19.58384572723765,144,144,64,2.0000000298023224,2.0000000298023224,2.0000000298023224,0,0,32,288,288,128,0.268855482339859,0.2009161114692688,0.24340155720710754,0.00487914215773344,5.709641933441162,0.019690824672579765,0.02840357832610607,0.06917926669120789,0.4014837145805359,0.7278634905815125,0.9902916550636292,0.5158753991127014,0.5048169493675232,0.18511852622032166,0.019342314451932907,2.1462998390197754,0.14148989588022237,0.22653160989284515,0.3777850270271301,0.6534565687179565,0.8231810331344604,0.9441140294075012,0.20869849622249603,0.14149512350559235,0.2164434790611267,0.00487914215773344,5.709641933441162,0.018819548189640045,0.02666102722287178,0.054716095328330994,0.29344555735588074,0.5872396230697632,1.026013970375061,0.34098461270332336,0.29065749049186707,0.22776424884796143,0.009235518984496593,3.095118761062622,0.03729058802127838,0.061163533478975296,0.16153445839881897,0.4697045832872391,0.7837993502616882,0.9456823468208313,0.3071769028902054,1.5252764193986632,0.06385259330272675,0.04348708689212799,0.971963390570884,0.9965077222184048,0.9485990657873473,864,13359,0.2828427166893039,0.12565790150449918,0.40585328952034233,0.4104623918137044,0.40134654946699083,1,0.7568560454185238,5.306559397485442,0.9519234468907033
CAMRI,067,144,144,64,0.20000000298023224,0.20000000298023224,0.20000000298023224,28.800000429153442,28.800000429153442,12.800000190734863,64,1.0,252277,2018.216090221287,19.009587794174383,144,144,64,2.0000000298023224,2.0000000298023224,2.0000000298023224,0,0,32,288,288,128,1605.932373046875,1102.0,1572.0384521484375,27.0,32766.0,92.0,133.0,354.0,2441.0,4473.0,6399.0,3208.631591796875,3121.0,1139.7802734375,100.0,9662.0,863.7600000000002,1667.0,2315.0,3956.0,5209.0,6219.0,1229.7564697265625,769.0,1414.9322509765625,27.0,32766.0,89.0,125.0,272.0,1691.0,3685.0,6539.0,2109.952392578125,1826.0,1505.4420166015625,61.0,9662.0,178.0,292.0,849.0,3051.0,4985.0,6212.399999999994,1978.8751220703125,1.540287952221741,0.06627663969993591,0.04532139375805855,0.9776307638739873,0.9990111913282721,0.957146311395807,239,10811,0.20000000298023224,0.10317869079776351,0.4949545792286858,0.502481993381351,0.4876493647570018,2,0.7615790194335442,5.295567003145999,0.9580936827376257
CAMRI,068,144,144,64,0.20000000298023224,0.20000000298023224,0.20000000298023224,28.800000429153442,28.800000429153442,12.800000190734863,64,1.0,257935,2063.4800922447457,19.43592966338735,144,144,64,2.0000000298023224,2.0000000298023224,2.0000000298023224,0,0,32,288,288,128,1586.7310791015625,1072.0,1537.394775390625,21.0,32766.0,95.0,135.0,350.0,2441.0,4487.0,6074.0,3400.607421875,3318.0,1148.3741455078125,110.0,9560.0,897.3400000000001,1826.0,2507.0,4158.0,5378.299999999988,6402.0,1149.1365966796875,763.0,1276.8763427734375,21.0,32766.0,91.0,127.0,264.0,1577.0,3396.0,5688.0,2100.154052734375,1738.0,1594.7218017578125,50.0,9560.0,190.0,300.0,732.0,3078.0,5158.0,6400.0,2251.4708251953125,1.8540905849737006,0.07169599086046219,0.045017119497060776,0.9748276497549744,0.9970126385252082,0.9536084672495009,737,11966,0.20000000298023224,0.11291396354820425,0.45540124895144,0.46192389506026943,0.4490602453931345,1,0.7270641117299045,5.378071293756912,0.9564657762614612
CAMRI,069,144,144,64,0.18169695138931274,0.20000000298023224,0.21676300466060638,26.164361000061035,28.800000429153442,13.872832298278809,64,1.1929919737407118,256739,2022.3422278996659,19.34580861786265,144,144,64,1.8169695138931274,2.0000000298023224,2.167630046606064,0,0,21,262,288,139,2105.857177734375,1484.0,1893.1998291015625,34.0,32766.0,144.0,211.0,592.0,3208.0,5821.0,7759.0,4533.74072265625,4382.0,1508.464599609375,133.0,14036.0,1152.0,2333.0,3475.0,5503.0,7132.0,8657.619999999995,1523.5009765625,1091.0,1464.613525390625,34.0,32766.0,138.0,198.0,463.0,2107.0,4245.0,6694.360000000102,2847.05517578125,2356.0,2117.003662109375,67.0,14036.0,253.0,405.0,1092.0,4089.0,6871.0,8839.459999999992,3010.23974609375,2.024778524221239,0.07441102713346481,0.04852502793073654,0.9742495773389901,0.9979129653454226,0.9516824479335044,511,12405,0.21676300466060638,0.12055005233020392,0.8525926449454614,0.8576880874004102,0.8476217071581494,3,0.7304705721335512,5.369698271577469,0.9536727961081098
CAMRI,072,144,144,64,0.20000000298023224,0.20000000298023224,0.20000000298023224,28.800000429153442,28.800000429153442,12.800000190734863,64,1.0,268552,2148.4160960416807,20.235942322530864,144,144,64,2.0000000298023224,2.0000000298023224,2.0000000298023224,0,0,32,288,288,128,0.258952796459198,0.18832901120185852,0.23568356037139893,0.00469324691221118,3.2718920707702637,0.017774423584342003,0.025163792073726654,0.05222485214471817,0.4071142077445984,0.7267542481422424,0.9049977660179138,0.5687505602836609,0.563988447189331,0.1803150773048401,0.012482039630413055,3.1987972259521484,0.17524783313274384,0.2823936641216278,0.43747052550315857,0.6974963545799255,0.8711465001106262,0.9715510457754126,0.1803579479455948,0.11982757598161697,0.17568302154541016,0.00469324691221118,3.2718920707702637,0.01707543060183525,0.02376580238342285,0.04313793033361435,0.27101004123687744,0.5080689191818237,0.7472248077392578,0.371549516916275,0.3250323235988617,0.24150802195072174,0.010085487738251686,1.4863612651824951,0.03924353048205376,0.06450717896223068,0.1753476858139038,0.5206508040428162,0.8468813896179199,0.9714022278785706,0.3883926123380661,2.181807940502134,0.07219519466161728,0.04900182783603668,0.9798694872387944,0.9981228708488795,0.9622717388066371,486,10132,0.20000000298023224,0.09467848677807202,0.5357929773568985,0.5421726755218216,0.5295616717635067,1,0.8093284066892563,5.189304994037635,0.9640814441895796
CAMRI,074,144,144,64,0.20000000298023224,0.20070834457874298,0.19928917288780212,28.800000429153442,28.90200161933899,12.754507064819336,64,1.0071211680513112,260024,2080.140025300858,19.593340084876544,144,144,64,2.0000000298023224,2.00708344578743,1.9928917288780212,0,0,32,288,289,128,4559.10498046875,3212.0,4059.68603515625,89.0,32766.0,308.0,440.0,1139.0,7131.0,12632.0,16022.0,10001.8154296875,9731.0,3177.6708984375,376.0,26379.0,3564.0,5364.0,7581.0,12202.0,15410.0,17901.0,3232.83642578125,2336.0,3009.830810546875,89.0,32766.0,295.0,416.0,872.0,4567.0,9258.0,12777.0,6211.95751953125,5186.0,4566.54541015625,168.0,26379.0,574.0,887.0,2343.0,8879.0,15082.0,17971.0,6768.97900390625,2.1871476995965744,0.0750720202922821,0.04691016674041748,0.9662741121978363,0.9959870835527578,0.9382826200658401,983,16048,0.39857834577560425,0.14623671120603313,0.7562791361430882,0.7753828147859163,0.7380908162317764,3,0.7870292046897374,5.237859463587895,0.9420630403347383
CAMRI,075,144,144,64,0.20000000298023224,0.20000000298023224,0.20000000298023224,28.800000429153442,28.800000429153442,12.800000190734863,64,1.0,268810,2150.480096133949,20.25538315007716,144,144,64,2.0000000298023224,2.0000000298023224,2.0000000298023224,0,0,32,288,288,128,2046.4354248046875,1554.0,1754.4034423828125,37.0,32766.0,153.0,218.0,540.0,3163.0,5359.0,6791.0,4042.911376953125,4003.0,1322.5443115234375,111.0,10449.0,1217.0,1926.0,3066.0,4994.0,6184.0,7162.909999999974,1539.323974609375,1108.0,1464.8736572265625,37.0,32766.0,146.0,206.0,415.0,2217.0,4162.0,6430.0,2565.99609375,2202.0,1806.07470703125,89.0,11031.0,257.0,393.0,1003.0,3754.0,5989.0,7179.279999999999,2503.58740234375,1.794011550609089,0.07541238516569138,0.05129930004477501,0.9625181866469597,0.9970733885694691,0.9302778914474908,734,18742,0.4000000059604645,0.1739189394255397,0.31821305841924397,0.32305330728439857,0.3135157096424702,7,0.7160118148918855,5.4056019378178775,0.9330084446263159
CAMRI,076,144,144,64,0.20000000298023224,0.20000000298023224,0.20000000298023224,28.800000429153442,28.800000429153442,12.800000190734863,64,1.0,246229,1969.8320880583537,18.553858627507715,144,144,64,2.0000000298023224,2.0000000298023224,2.0000000298023224,0,0,32,288,288,128,2225.9755859375,1367.0,2316.330078125,30.0,32766.0,112.0,156.0,331.0,3513.0,6854.0,9595.0,5139.5673828125,4765.0,1997.130615234375,154.0,16503.0,1233.0,2647.0,3683.0,6339.0,8980.0,10799.0,1562.2440185546875,869.0,1817.871337890625,30.0,32766.0,108.0,149.0,270.0,2251.0,5094.0,8146.0,3427.168212890625,2905.0,2531.993896484375,70.0,16503.0,280.0,461.0,1363.0,4821.0,8356.0,10778.179999999993,3577.3233642578125,1.8733310235514533,0.07243076711893082,0.04815502092242241,0.9789575313470893,0.9948093331376701,0.9636029874628902,1238,8962,0.20000000298023224,0.10252651454170279,0.5399699801481624,0.5427028079225267,0.5372645372645373,4,0.7414387381641836,5.343088489699898,0.9686308274005093
CAMRI,077,144,144,64,0.20000000298023224,0.20000000298023224,0.20000000298023224,28.800000429153442,28.800000429153442,12.800000190734863,64,1.0,252722,2021.7760903804315,19.043119454089506,144,144,64,2.0000000298023224,2.0000000298023224,2.0000000298023224,0,0,32,288,288,128,0.2476198822259903,0.19040195643901825,0.21907928586006165,0.0037168082781136036,5.535679340362549,0.015711963176727295,0.02263874188065529,0.054231613874435425,0.3848586082458496,0.6668292284011841,0.8671989440917969,0.5199453234672546,0.5093716979026794,0.17387545108795166,0.011657262220978737,4.331771373748779,0.15124200254678727,0.25696662068367004,0.3946574628353119,0.6345605850219727,0.8234419822692871,0.9427177309989929,0.1835620254278183,0.13093301653862,0.17500296235084534,0.0037168082781136036,5.535679340362549,0.015205125324428082,0.02128717489540577,0.04291224107146263,0.2765643298625946,0.5056548714637756,0.7474484717845822,0.3466275632381439,0.30123043060302734,0.23112699389457703,0.011657262220978737,4.331771373748779,0.03412706032395363,0.056934747844934464,0.16032959520816803,0.4840298295021057,0.7997896075248718,0.9509961009025574,0.33638329803943634,1.9283597287429157,0.07167463004589081,0.04919702187180519,0.9796848002513221,0.9975025835342749,0.962492382934608,609,9479,0.20000000298023224,0.09500799993218342,0.542963586107439,0.5497152869031976,0.5363757241903314,3,0.7752820955840476,5.264181723072283,0.9649021454404444
CAMRI,079,144,144,64,0.20000000298023224,0.20000000298023224,0.20000000298023224,28.800000429153442,28.800000429153442,12.800000190734863,64,1.0,251419,2011.3520899144423,18.944935739776234,144,144,64,2.0000000298023224,2.0000000298023224,2.0000000298023224,0,0,32,288,288,128,2343.54541015625,1475.0,2317.73974609375,38.0,32766.0,171.0,238.0,494.0,3627.0,7182.0,9250.969999999972,5675.62548828125,5415.0,1953.7359619140625,198.0,16353.0,1774.0,2785.0,4247.0,7037.0,9093.0,10332.0,1564.7391357421875,1027.0,1591.77490234375,38.0,32766.0,164.0,226.0,408.0,2121.0,4873.0,6720.159999999916,3586.984375,2863.0,2683.3642578125,79.0,25493.0,345.0,548.0,1415.0,5025.0,8966.0,10485.690000000002,4110.8863525390625,2.306934010279205,0.07298677414655685,0.04499315470457077,0.9764664545080363,0.985934737832271,0.9671782959919497,3469,8252,0.20000000298023224,0.10441204955231641,0.5521009986809874,0.5535351627072215,0.5506742470516375,3,0.7247998878800349,5.383665711038986,0.9809759803356151
CAMRI,080,144,144,64,0.20000000298023224,0.20000000298023224,0.20000000298023224,28.800000429153442,28.800000429153442,12.800000190734863,64,1.0,265027,2120.2160947810426,19.970326364776234,144,144,64,2.0000000298023224,2.0000000298023224,2.0000000298023224,0,0,32,288,288,128,1798.53466796875,1182.0,1740.100341796875,29.0,32766.0,123.0,173.0,366.0,2839.0,5327.0,6865.0,4118.7724609375,3923.0,1413.861328125,114.0,10537.0,1282.0,1996.0,3107.0,5083.0,6647.0,7446.739999999991,1219.5506591796875,801.0,1267.322021484375,29.0,32766.0,119.0,164.0,296.0,1695.0,3730.0,5343.239999999991,2633.93505859375,2110.0,1948.3917236328125,67.0,11963.0,229.0,368.0,1079.0,3675.0,6592.0,7583.0,2899.2218017578125,2.1594206095070425,0.07334792613983154,0.04564256966114044,0.9776944834088348,0.9933220931636145,0.9625509853713018,1715,9925,0.20000000298023224,0.10155081972300772,0.5231277789417325,0.5285788210942278,0.5177880184331797,1,0.7765939319340464,5.261215935873269,0.9690220241711222
CAMRI,082,144,144,64,0.20000000298023224,0.20000000298023224,0.20000000298023224,28.800000429153442,28.800000429153442,12.800000190734863,64,1.0,274645,2197.1600982207074,20.69506233121142,144,144,64,2.0000000298023224,2.0000000298023224,2.0000000298023224,0,0,32,288,288,128,0.25948283076286316,0.18800312280654907,0.24284814298152924,0.004201187286525965,4.916289329528809,0.016504663974046707,0.02325657196342945,0.05086437240242958,0.40346401929855347,0.7212538123130798,0.9280122518539429,0.536949634552002,0.5310000777244568,0.18681006133556366,0.016054537147283554,1.9463499784469604,0.14734163880348206,0.24561941623687744,0.39746230840682983,0.6705394983291626,0.8522408604621887,0.9634222388267517,0.1870761513710022,0.12063409388065338,0.1998128890991211,0.004201187286525965,4.916289329528809,0.015754451975226402,0.021906189620494843,0.04051144793629646,0.27412745356559753,0.5445038676261902,0.8597429394721985,0.34972983598709106,0.2975340783596039,0.23972798883914948,0.007051992695778608,3.974473237991333,0.033159371465444565,0.05506556108593941,0.1597951501607895,0.48853805661201477,0.8265835642814636,0.9700241088867188,0.34987348318099976,1.8088723384538097,0.06665997207164764,0.044211652129888535,0.9772925082014774,0.9988063695768694,0.9566859036210381,314,11896,0.20000000298023224,0.10729557687538016,0.4809798337616633,0.48829447160586686,0.473881107714768,2,0.8131055727670614,5.181257127097388,0.9578291976915655
CAMRI,083,144,144,64,0.20000000298023224,0.20000000298023224,0.20000000298023224,28.800000429153442,28.800000429153442,12.800000190734863,64,1.0,244439,1955.5120874181998,18.41897846739969,144,144,64,2.0000000298023224,2.0000000298023224,2.0000000298023224,0,0,32,288,288,128,1656.9781494140625,1071.0,1651.545166015625,24.0,32766.0,102.0,142.0,300.0,2586.0,4900.0,6568.0,3810.554443359375,3737.0,1296.89990234375,71.0,11428.0,1031.0,2037.9000000000015,2809.0,4623.0,6084.0,7267.0,1170.7537841796875,729.0,1296.205078125,24.0,32766.0,98.0,136.0,246.0,1665.0,3555.0,5780.0,2499.305419921875,2202.0,1754.99853515625,55.0,11428.0,215.0,350.0,1023.0,3605.0,5835.0,7310.0,2639.8006591796875,2.0360151897412777,0.07490569353103638,0.05130339786410332,0.9797499317635832,0.9983227888412382,0.9618555140546312,395,9324,0.20000000298023224,0.09214433741742888,0.5422587147844043,0.5493897882938978,0.5353103916905305,1,0.7753618282845958,5.2640012732067145,0.9634714591370445
CAMRI,084,144,144,64,0.20000000298023224,0.20000000298023224,0.20000000298023224,28.800000429153442,28.800000429153442,12.800000190734863,64,1.0,246214,1969.7120880529892,18.55272834683642,144,144,64,2.0000000298023224,2.0000000298023224,2.0000000298023224,0,0,32,288,288,128,2046.6505126953125,1335.5,1962.4656982421875,30.0,32766.0,124.0,178.0,479.0,3169.0,5888.0,8273.0,4682.85546875,4434.0,1649.9058837890625,161.0,13291.0,1417.0,2563.0,3499.0,5563.0,7965.0,9139.0,1446.153564453125,979.0,1471.3380126953125,30.0,32766.0,120.0,168.0,371.0,2026.0,4232.0,6562.0,2980.0478515625,2599.0,2201.65625,77.0,13291.0,263.0,414.0,1078.0,4357.0,7371.0,9142.0,3236.701904296875,2.070596244640237,0.07352005690336227,0.048792142421007156,0.9751677174139449,0.9905605436590568,0.9602459648923294,2253,9788,0.20000000298023224,0.10953139254253301,0.5178109738580867,0.5201769996633159,0.5154663743386874,3,0.7168935242952007,5.403384906878515,0.9693965412202393
CAMRI,085,144,144,64,0.20000000298023224,0.20000000298023224,0.20000000298023224,28.800000429153442,28.800000429153442,12.800000190734863,64,1.0,263729,2109.8320943168414,19.872519410686728,144,144,64,2.0000000298023224,2.0000000298023224,2.0000000298023224,0,0,32,288,288,128,2681.445068359375,1786.0,2559.740966796875,32.0,32766.0,151.0,213.0,560.0,4214.0,7692.0,10630.0,6097.2080078125,5776.0,2078.504150390625,142.0,17339.0,2160.28,3457.0,4589.0,7224.0,10224.0,11843.0,1834.2969970703125,1275.0,1869.3699951171875,32.0,32766.0,145.0,201.0,415.0,2573.0,5400.0,8447.0,3936.249267578125,3494.0,2856.742919921875,86.0,17339.0,327.0,535.0,1468.0,5730.0,9570.199999999983,11849.23999999999,4262.9110107421875,2.156574428620611,0.0720873698592186,0.046753350645303726,0.9765703657589941,0.9898957241852113,0.9635989974557216,2594,9600,0.20000000298023224,0.1041097453747594,0.5451417561244151,0.5490205137682499,0.5413174198250729,1,0.7351388185813964,5.358307986196351,0.9734348516848735
CAMRI,086,144,144,64,0.20000000298023224,0.20000000298023224,0.20000000298023224,28.800000429153442,28.800000429153442,12.800000190734863,64,1.0,245312,1962.496087730409,18.484760802469136,144,144,64,2.0000000298023224,2.0000000298023224,2.0000000298023224,0,0,32,288,288,128,1327.8583984375,891.0,1306.7783203125,18.0,32766.0,76.0,108.0,253.0,2080.0,3899.0,5333.0,2996.261474609375,2835.0,1072.4959716796875,60.0,9284.0,689.0,1476.0,2245.0,3667.0,4917.0,5962.0,949.5237426757812,631.0,1029.4273681640625,18.0,32766.0,73.0,102.0,200.0,1334.0,2850.0,4537.0,1951.0289306640625,1652.0,1422.9510498046875,53.0,13309.0,166.0,278.0,807.0,2717.0,4703.0,5996.0,2046.7377319335938,1.9470816782177254,0.07278021425008774,0.04781751334667206,0.9770134556396736,0.9979509416315946,0.9569364727367597,482,10564,0.20000000298023224,0.10196881270289795,0.4982427224470999,0.5063303611015321,0.4904093902089894,2,0.7481933776822658,5.326960844221404,0.95890131750587
CAMRI,087,144,144,64,0.20000000298023224,0.20000000298023224,0.20000000298023224,28.800000429153442,28.800000429153442,12.800000190734863,64,1.0,249056,1992.4480890693676,18.76687885802469,144,144,64,2.0000000298023224,2.0000000298023224,2.0000000298023224,0,0,32,288,288,128,1772.12890625,1101.0,1864.5145263671875,22.0,32766.0,89.0,125.0,285.0,2761.0,5396.0,7636.0,4011.20361328125,3774.0,1521.6817626953125,106.0,11955.0,867.0,2021.0,2905.0,4943.0,6900.0,8116.450000000012,1254.846435546875,735.0,1522.759033203125,22.0,32766.0,86.0,118.0,224.0,1731.0,4009.0,6941.0,2651.73193359375,2265.0,1934.3123779296875,52.0,14160.0,203.0,354.0,1074.0,3734.0,6415.0,8130.5,2756.357177734375,1.8107476479016453,0.0701351910829544,0.047110844403505325,0.9773511484343446,0.9985630197532416,0.957021713992034,343,10704,0.20000000298023224,0.10283119998744512,0.4919747081712062,0.4999011564693091,0.48429570046921383,1,0.7778462819495123,5.258390860507408,0.9583989143003983
CAMRI,089,144,144,64,0.20000000298023224,0.20000000298023224,0.20000000298023224,28.800000429153442,28.800000429153442,12.800000190734863,64,1.0,248978,1991.8240890414727,18.76100139853395,144,144,64,2.0000000298023224,2.0000000298023224,2.0000000298023224,0,0,32,288,288,128,2751.68603515625,1882.0,2579.831787109375,43.0,32766.0,171.0,243.0,640.0,4268.0,7883.0,10762.0,6337.15576171875,6088.0,2206.11669921875,183.0,18496.0,1780.0,3195.0,4773.0,7657.0,10441.0,12640.23000000001,1923.6724853515625,1376.0,1847.7435302734375,43.0,32766.0,164.0,230.0,492.0,2720.0,5570.0,7945.0,4035.192626953125,3315.0,2978.342041015625,106.0,20631.0,395.0,639.0,1579.0,5839.0,9695.0,12702.23999999999,4413.4832763671875,2.168963700958678,0.07425332814455032,0.04775168374180794,0.9758415792761104,0.9989357495604183,0.9537910980086594,253,11505,0.20000000298023224,0.10755799697655004,0.4808975722990618,0.4896110290497292,0.4724888339827045,2,0.7629146755511248,5.292474832039547,0.9548072520463655
CAMRI,090,144,144,64,0.20000000298023224,0.20000000298023224,0.20000000298023224,28.800000429153442,28.800000429153442,12.800000190734863,64,1.0,242482,1939.856086718322,18.271514515817902,144,144,64,2.0000000298023224,2.0000000298023224,2.0000000298023224,0,0,32,288,288,128,1904.9814453125,1219.0,1936.0596923828125,30.0,32766.0,102.0,144.0,317.0,2990.0,5670.0,7907.0,4179.59716796875,3954.0,1551.790771484375,85.0,12612.0,915.0,2150.0,3057.0,5143.0,7077.0,8497.0,1396.4598388671875,820.0,1622.552978515625,30.0,32766.0,98.0,137.0,258.0,1953.0,4528.0,7324.790000000037,2796.89111328125,2429.0,2002.46533203125,69.0,12612.0,229.0,387.0,1128.0,3993.0,6563.0,8454.910000000003,2783.1373291015625,1.7530842871806116,0.07186532765626907,0.04734926298260689,0.9794197867592364,0.9984490943053485,0.9611022673847955,362,9432,0.20000000298023224,0.0936854065310167,0.5352035613917282,0.5428311976591665,0.5277873154461177,1,0.791145419264317,5.228759723371214,0.9625951617027243
CAMRI,091,144,144,64,0.20000000298023224,0.20000000298023224,0.20000000298023224,28.800000429153442,28.800000429153442,12.800000190734863,64,1.0,242520,1940.1600867319119,18.27437789351852,144,144,64,2.0000000298023224,2.0000000298023224,2.0000000298023224,0,0,32,288,288,128,1573.4166259765625,925.0,1720.0057373046875,20.0,32766.0,87.0,121.0,250.0,2455.0,4929.0,6878.0,3646.2919921875,3470.0,1338.85498046875,105.0,10482.0,695.0,1705.0,2688.0,4558.0,5960.0,7073.809999999998,1109.9073486328125,619.0,1429.5047607421875,20.0,32766.0,84.0,115.0,207.0,1469.0,3625.8499999999767,6625.0,2386.603515625,2006.0,1732.490966796875,68.0,11225.0,210.0,355.0,994.0,3307.0,5811.0,7143.0,2536.3846435546875,1.831428121793834,0.06908818334341049,0.04505596309900284,0.9751488769670205,0.9975546115196343,0.9537275276265875,567,11222,0.20000000298023224,0.11190038559782359,0.45038167938931295,0.4575497997871154,0.4434346907697598,1,0.7917855082837024,5.227350345899629,0.9560654791357414
CAMRI,092,144,144,64,0.20000000298023224,0.19122400879859924,0.2084067016839981,28.800000429153442,27.53625726699829,13.338028907775879,64,1.0898563574383382,259570,2068.8957051810994,19.559130256558642,144,144,64,2.0000000298023224,1.9122400879859924,2.084067016839981,0,0,27,288,275,133,1691.0811767578125,1124.0,1599.9403076171875,27.0,32766.0,116.0,165.0,418.0,2610.0,4704.0,6258.0,3547.39794921875,3479.0,1165.173583984375,100.0,8952.0,940.0,1908.4500000000007,2654.0,4320.0,5574.0,6428.0,1239.7188720703125,814.0,1345.5556640625,27.0,32766.0,111.0,156.0,326.0,1685.0,3652.0,6055.0,2227.265380859375,1917.0,1636.28662109375,56.0,10091.0,219.0,330.0,792.0,3292.0,5367.0,6469.0,2307.6790771484375,1.8335281203541887,0.07417101413011551,0.048587314784526825,0.9741783435721963,0.9979635129401782,0.9515005586161729,504,12589,0.2084067016839981,0.12112181868853819,0.7227775711363214,0.7247689203772345,0.7208220061742616,2,0.7141865187072537,5.4102031778173245,0.9534422313826714
CAMRI,093,144,144,64,0.20000000298023224,0.20000000298023224,0.20000000298023224,28.800000429153442,28.800000429153442,12.800000190734863,64,1.0,270528,2164.2240967483535,20.384837962962962,144,144,64,2.0000000298023224,2.0000000298023224,2.0000000298023224,0,0,32,288,288,128,2015.5933837890625,1457.0,1760.2919921875,37.0,32766.0,126.0,183.0,542.0,3139.0,5347.0,7188.0,4227.119140625,4096.0,1376.18115234375,167.0,11913.0,1588.27,2401.0,3170.0,5051.0,6782.0,8033.0,1449.34912109375,1041.0,1354.3260498046875,37.0,32766.0,121.0,172.0,404.0,2086.0,4005.0,5787.0,2693.559326171875,2441.0,1904.66015625,67.0,11913.0,236.0,378.0,1024.0,3929.0,6245.0,7967.0,2777.77001953125,2.0345531724425445,0.07295867055654526,0.04900084435939789,0.973572940681912,0.9933795215252105,0.9545407499408564,1721,12298,0.2828427166893039,0.11886364614274808,0.4617239575039243,0.4670901224339501,0.4564796905222437,2,0.7452397865264775,5.333988973398452,0.9609023834871067
CAMRI,095,144,144,64,0.20000000298023224,0.20000000298023224,0.20000000298023224,28.800000429153442,28.800000429153442,12.800000190734863,64,1.0,242236,1937.8880866303457,18.252977912808642,144,144,64,2.0000000298023224,2.0000000298023224,2.0000000298023224,0,0,32,288,288,128,1934.3414306640625,1274.0,1963.6129150390625,26.0,32766.0,100.0,142.0,360.0,2969.0,5656.0,8126.969999999972,4258.66259765625,4053.0,1527.107421875,82.0,12479.0,1013.0,2238.0,3160.0,5184.0,7118.0,8452.0,1415.352783203125,909.0,1649.3502197265625,26.0,32766.0,96.0,135.0,279.0,1964.0,4275.0,7748.3300000000745,2778.522216796875,2406.0,1993.6334228515625,66.0,13767.0,222.0,380.0,1142.0,3928.5,6626.299999999988,8409.0,2843.309814453125,1.7889151840905992,0.06864562630653381,0.04600169137120247,0.9788857465111189,0.9983132178481295,0.9601999702769201,393,9641,0.20000000298023224,0.09618653200323483,0.5233055058636454,0.5309034079451502,0.5159220066627475,2,0.7866058669677563,5.23879893697158,0.9618223550587031
CAMRI,096,144,144,64,0.20000000298023224,0.20000000298023224,0.20000000298023224,28.800000429153442,28.800000429153442,12.800000190734863,64,1.0,242759,1942.072086817385,18.292387032214506,144,144,64,2.0000000298023224,2.0000000298023224,2.0000000298023224,0,0,32,288,288,128,1829.124755859375,1245.0,1802.681640625,25.0,32766.0,97.0,138.0,374.0,2799.0,5261.0,7587.0,3933.212890625,3714.0,1436.298583984375,138.0,12630.0,970.0,2070.0,2907.0,4780.0,6673.0,7952.0,1358.0687255859375,890.0,1517.3333740234375,25.0,32766.0,93.0,131.0,286.0,1894.0,4054.0,7161.0,2596.614501953125,2252.5,1878.529296875,55.0,12630.0,218.0,364.0,1048.0,3653.0,6235.0,7988.0,2575.1441650390625,1.7430577501108744,0.06901510059833527,0.04620515555143356,0.9789102546603025,0.9984407395349634,0.9601291816163355,364,9679,0.20000000298023224,0.09521238188320692,0.5283381364073007,0.5360087960417812,0.5208839242350656,2,0.769381347113766,5.277605295022799,0.9616286110916588
CAMRI,098,256,256,12,0.10000000149011612,0.10000000149011612,1.0,25.600000381469727,25.600000381469727,12.0,12,9.99999985098839,146668,1466.6800437104705,18.649800618489586,256,256,12,1.0000000149011612,1.0000000149011612,10.0,0,0,40,256,256,120,5.69746732711792,2.1969187259674072,7.823159694671631,0.0,92.28748321533203,0.20279249548912048,0.4675493538379669,1.1857727766036987,6.137289524078369,25.132186889648438,33.26360321044922,19.481250762939453,17.906295776367188,8.140800476074219,0.04224843531847,74.7262191772461,4.740274429321289,8.151131629943848,13.28290843963623,25.76309585571289,33.39598083496094,37.678084831237754,2.537487745285034,1.7490853071212769,2.5490005016326904,0.0,92.28748321533203,0.18307656049728394,0.4196678102016449,1.0364949703216553,3.0559701919555664,7.57936954498291,11.609869956970215,15.48351764678955,14.398266792297363,9.820664405822754,0.019715936854481697,74.7262191772461,0.6816081404685974,1.7631680965423584,7.187867164611816,22.321256637573242,32.68339157104492,37.0490608215332,16.94376301765442,2.808979512712264,0.046168867498636246,0.029659496620297432,0.9832451682052346,0.9974046379820709,0.9694820956173126,370,4476,0.10000000149011612,0.01716469348456038,0.9769247008005716,0.9792304186470473,0.9746298156368467,1,0.02311995634312722,16.975469237492984,0.972004799956364
CAMRI,101,256,256,12,0.10000000149011612,0.10000000149011612,1.0,25.600000381469727,25.600000381469727,12.0,12,9.99999985098839,148092,1480.9200441348555,18.83087158203125,256,256,12,1.0000000149011612,1.0000000149011612,10.0,0,0,40,256,256,120,5.927377700805664,2.1802566051483154,8.245828628540039,0.0019209309248253703,62.94122314453125,0.1978558897972107,0.45718157291412354,1.1679260730743408,6.373648643493652,26.818117141723633,34.31299499511708,20.582117080688477,19.007612228393555,8.396431922912598,0.09412561357021332,62.94122314453125,5.460861144065857,9.05334758758545,14.0247163772583,27.411684036254883,34.48839569091797,39.587062797546366,2.5275442600250244,1.7249959707260132,2.45554256439209,0.0019209309248253703,51.363773345947266,0.17864657938480377,0.4110792279243469,1.0161725282669067,3.0542802810668945,7.766324043273926,11.633157730102539,16.412172317504883,15.181117057800293,10.197994232177734,0.02689303271472454,62.94122314453125,0.7798979878425598,2.009293794631958,7.969942569732666,23.76191520690918,33.750755310058594,38.74709701538086,18.054572820663452,2.9186837771526086,0.04846000298857689,0.03107314556837082,0.985057828013247,0.9951965817856036,0.975123571833725,697,3684,0.10000000149011612,0.01437953249301174,0.9845408946344087,0.9844618494188985,0.9846202631996195,1,0.02186883679212541,17.293207928571846,0.9798301056100261
CAMRI,103,256,256,12,0.10000000149011612,0.10000000149011612,1.0,25.600000381469727,25.600000381469727,12.0,12,9.99999985098839,136821,1368.2100407758358,17.397689819335938,256,256,12,1.0000000149011612,1.0000000149011612,10.0,0,0,40,256,256,120,5.426458358764648,1.8014929294586182,8.047135353088379,0.0,71.37571716308594,0.16991105675697327,0.3899241089820862,0.97807776927948,5.748657703399658,25.86133575439453,34.92979431152344,20.00503158569336,18.31118392944336,9.14328384399414,0.09149057418107986,69.61560821533203,4.236884593963623,7.576290607452393,12.73461627960205,27.272903442382812,35.40685272216797,42.046015930175756,2.3559226989746094,1.457314133644104,2.568147897720337,0.0,71.37571716308594,0.15466263890266418,0.350713849067688,0.8648037314414978,2.688080072402954,7.940074443817139,11.876129722595266,15.4108304977417,13.666948318481445,10.612810134887695,0.015248429030179977,67.47429656982422,0.5663701891899109,1.4507790803909302,6.160365104675293,23.126965522766113,34.25014877319336,39.8175471878052,17.64910888671875,2.6281278796277006,0.047470416873693466,0.03089919500052929,0.983514223567731,0.9974595634658169,0.9699534428194503,338,4111,0.10000000149011612,0.017108159499124302,0.9778466541334282,0.9802215727587847,0.9754870513556403,1,0.022907688459661336,17.02774097533434,0.9724238238282135
CAMRI,104,256,256,12,0.10000000149011612,0.10000000149011612,1.0,25.600000381469727,25.600000381469727,12.0,12,9.99999985098839,136041,1360.4100405433776,17.298507690429688,256,256,12,1.0000000149011612,1.0000000149011612,10.0,0,0,40,256,256,120,6.047081470489502,1.9038344621658325,9.01408863067627,0.0,90.27647399902344,0.1763319969177246,0.4105229377746582,1.0359504222869873,6.4829559326171875,28.14423942565918,38.17312240600586,22.406034469604492,20.680437088012695,10.010141372680664,0.17908717691898346,90.27647399902344,5.179752349853516,9.172019004821777,14.67137336730957,29.53836441040039,38.762733459472656,51.45587997436532,2.6253092288970947,1.5429049730300903,3.0992166996002197,0.0,58.076595306396484,0.15980087220668793,0.3691951036453247,0.914722204208374,2.8378429412841797,9.32906436920166,14.70719051361084,17.476627349853516,15.869879722595215,11.619128227233887,0.008265562355518341,79.7819595336914,0.5840997099876404,1.5153530836105347,7.8688154220581055,25.879474639892578,37.33003616333008,45.14066070556642,19.780725240707397,2.669562360528672,0.04992636293172836,0.0334509052336216,0.9846615959969962,0.9960814398640162,0.9735006358377254,521,3605,0.10000000149011612,0.014934326287246932,0.984391939563938,0.9855610561056105,0.9832202046652655,1,0.023683129453660606,16.839832272071213,0.9773303636403731
CAMRI,105,144,144,64,0.20000000298023224,0.2068415880203247,0.1929159164428711,28.800000429153442,29.785188674926758,12.34661865234375,64,1.0721851873822836,247500,1975.200237749043,18.64963107638889,144,144,64,2.0000000298023224,2.068415880203247,1.929159164428711,0,0,37,288,298,123,3001.00048828125,1751.0,2984.864501953125,68.0,32766.0,310.0,454.0,801.0,4365.0,9194.0,12694.0,6745.35009765625,6463.0,2733.621826171875,470.0,24210.0,2040.0,3001.0,4568.0,8585.0,11460.049999999988,14045.020000000019,2142.60546875,1230.0,2299.5244140625,68.0,32766.0,297.0,431.0,722.0,2774.0,6431.0,11460.0,4880.4189453125,4023.0,3324.84716796875,237.0,24210.0,688.0,964.0,2237.0,6920.0,11201.0,13835.040000000037,4602.74462890625,1.8222082889293738,0.06874414533376694,0.047024257481098175,0.974836619389267,0.989083922801502,0.9609939393939394,2625,9654,0.28772112144724904,0.12684715100347066,0.8358349445405515,0.8422988505747127,0.8294227943039578,3,0.8708526240901946,5.064103457457869,0.9716
CAMRI,106,144,144,64,0.20000000298023224,0.20000000298023224,0.20000000298023224,28.800000429153442,28.800000429153442,12.800000190734863,64,1.0,269590,2156.7200964128983,20.314157744984566,144,144,64,2.0000000298023224,2.0000000298023224,2.0000000298023224,0,0,32,288,288,128,2877.60791015625,1746.0,2797.383544921875,82.0,32766.0,328.0,454.0,811.0,4139.0,8492.0,12316.0,6011.5517578125,5665.0,2680.843994140625,222.0,24157.0,1827.0,2602.0,3945.0,7571.0,10575.549999999988,14955.0,2078.677001953125,1197.0,2201.366455078125,82.0,32766.0,316.0,430.0,721.0,2677.0,6350.0,10858.0,4393.8564453125,3541.0,3108.288330078125,135.0,24157.0,618.0,913.0,1992.0,6157.0,10116.0,14390.0,3932.874755859375,1.6033903312834472,0.06588509678840637,0.045164041221141815,0.9670538177379705,0.9919497326328353,0.9433769798583034,2064,15265,0.6000000089406967,0.15609087426413118,0.4963520773218852,0.49004076338706687,0.5028280811825657,1,0.7389480751826074,5.34908481046469,0.9510330501873215
CAMRI,107,144,144,64,0.20000000298023224,0.21939626336097717,0.178508460521698,28.800000429153442,31.593061923980713,11.424541473388672,64,1.2290524646270713,277735,2175.4476961412333,20.927900149498456,144,144,64,2.0000000298023224,2.1939626336097717,1.78508460521698,0,0,46,288,316,114,2995.561279296875,1755.0,3054.278076171875,83.0,32766.0,304.0,445.0,816.0,4240.0,9137.0,13682.0,6506.736328125,6014.0,2926.949951171875,240.0,32359.0,1974.0,2989.0,4303.0,8051.0,11849.0,16211.0,2066.26416015625,1228.0,2324.578125,83.0,32766.0,290.0,418.0,713.0,2549.0,6165.0,12016.0,4443.65869140625,3386.0,3468.715576171875,139.0,30404.0,565.0,836.0,1807.0,6129.0,11333.5,15595.5,4440.47216796875,1.6800997796010682,0.06587665528059006,0.0428350456058979,0.973896107243186,0.9963763612187782,0.9524078708121051,962,13218,0.3464101500341449,0.11473058047614575,0.8029746645419062,0.8199548829777235,0.7865673675128286,3,0.8186037982080541,5.169630933416053,0.955871604227051
CAMRI,108,144,144,64,0.20000000298023224,0.20000000298023224,0.20000000298023224,28.800000429153442,28.800000429153442,12.800000190734863,64,1.0,306455,2451.64010959685,23.092010874807098,144,144,64,2.0000000298023224,2.0000000298023224,2.0000000298023224,0,0,32,288,288,128,1517.4871826171875,1009.0,1482.29248046875,25.0,32766.0,135.0,208.0,459.0,2115.0,4392.0,6776.0,3013.37353515625,2754.0,1409.106689453125,132.0,12404.0,852.0,1257.0,1955.0,3807.0,5567.0,7561.0,1068.33984375,706.0,1177.760498046875,25.0,32766.0,128.0,192.0,377.0,1357.0,2872.0,6208.0,2037.99609375,1511.0,1578.455810546875,78.0,12279.0,282.0,414.0,821.0,2893.0,5226.0,6810.0,1945.03369140625,1.497797758923477,0.06083530932664871,0.039510954171419144,0.9558242067931678,0.9962063571827956,0.9185883734969245,1072,24949,0.9165151526483079,0.1992437404099156,0.46765710454078746,0.46287539406006306,0.4725386406944739,3,0.644533535757904,5.598464793660569,0.9220864400972411
CAMRI,110,144,144,64,0.20000000298023224,0.20000000298023224,0.20000000298023224,28.800000429153442,28.800000429153442,12.800000190734863,64,1.0,275230,2201.8400984299196,20.739143277391975,144,144,64,2.0000000298023224,2.0000000298023224,2.0000000298023224,0,0,32,288,288,128,2508.1103515625,1586.0,2534.494384765625,53.0,32766.0,266.0,388.0,748.0,3480.0,7173.0,12143.0,4666.77783203125,4352.0,2029.021484375,278.0,22396.0,1385.0,2112.0,3123.0,5855.0,8187.549999999988,10921.0,1943.2803955078125,1122.0,2342.84521484375,53.0,32766.0,255.0,365.0,653.0,2355.0,5918.0,12535.0,3334.381591796875,2616.0,2431.802001953125,117.0,22396.0,489.0,715.0,1477.0,4639.0,8037.0,10555.940000000002,2723.4974365234375,1.2427221115607188,0.05527573451399803,0.03792690858244896,0.9642583160880612,0.994043577556941,0.9362060821858083,1544,17558,0.48989795585668394,0.15405397356735268,0.45513446347741193,0.45436824384192803,0.45590327169274536,5,0.6607936455888866,5.552162542274502,0.9418159357628165
CAMRI,111,144,144,64,0.20000000298023224,0.20000000298023224,0.20000000298023224,28.800000429153442,28.800000429153442,12.800000190734863,64,1.0,295427,2363.4161056529297,22.261028525270063,144,144,64,2.0000000298023224,2.0000000298023224,2.0000000298023224,0,0,32,288,288,128,4055.86181640625,3033.0,3493.52294921875,97.0,32766.0,403.0,577.0,1282.0,5835.0,10869.0,15496.0,8010.76611328125,7368.0,3461.62939453125,407.0,32766.0,2692.0,3970.0,5487.0,9758.0,14239.0,20124.47999999998,2923.352294921875,2092.0,2550.818359375,97.0,32766.0,385.0,540.0,1042.0,4075.0,7729.0,12218.0,5655.56103515625,4441.0,4276.7314453125,193.0,32766.0,697.0,1056.0,2423.0,7802.0,13716.049999999988,19773.0,5087.413818359375,1.673203886182097,0.0732184648513794,0.050057195127010345,0.9633369193496191,0.9967962409226826,0.9320508958219798,885,20074,0.48989795585668394,0.15440934448602403,0.4693095997090349,0.4744560280313189,0.4642736200474094,1,0.6985939117857476,5.450159250974429,0.9350465597254144
CAMRI,113,144,144,64,0.20000000298023224,0.20000000298023224,0.20000000298023224,28.800000429153442,28.800000429153442,12.800000190734863,64,1.0,250775,2006.20008968413,18.896409022955247,144,144,64,2.0000000298023224,2.0000000298023224,2.0000000298023224,0,0,32,288,288,128,1689.43359375,1141.0,1731.20751953125,23.0,32766.0,88.0,125.0,314.0,2573.0,4855.0,7263.0,3440.082275390625,3299.0,1252.60009765625,80.0,10201.0,674.7400000000002,1711.0,2543.0,4195.0,5773.0,6771.0,1281.5477294921875,769.0,1565.046875,23.0,32766.0,84.0,118.0,244.0,1761.0,3957.0,7634.0,2303.123779296875,2021.0,1591.5745849609375,57.0,10870.0,211.0,349.0,987.0,3234.0,5402.0,6734.119999999995,2158.5345458984375,1.522819987838728,0.06411144137382507,0.044757429510354996,0.9749077445560609,0.9991418931929108,0.9518213538032101,205,12082,0.20000000298023224,0.11555973906881352,0.4285469709198523,0.4350265653706738,0.4222575669944091,2,0.7902485281779483,5.230737099170435,0.952638819659057
CAMRI,115,144,144,64,0.20000000298023224,0.20000000298023224,0.20000000298023224,28.800000429153442,28.800000429153442,12.800000190734863,64,1.0,274807,2198.456098278643,20.70726936246142,144,144,64,2.0000000298023224,2.0000000298023224,2.0000000298023224,0,0,32,288,288,128,1707.2733154296875,1059.0,1828.1263427734375,23.0,32766.0,81.0,112.0,222.0,2698.0,5206.0,7323.0,3815.931640625,3643.0,1443.8895263671875,85.0,11926.0,733.06,1878.0,2748.0,4733.0,6442.0,7722.0,1156.5989990234375,592.0,1485.241455078125,23.0,32766.0,78.0,106.0,182.0,1641.0,3728.0,6749.0,2539.735595703125,2191.0,1821.8768310546875,44.0,15838.0,196.0,342.0,1073.0,3546.0,6034.0,7783.0,2659.3326416015625,1.8156017545759051,0.0686674565076828,0.0463409423828125,0.9747014125215607,0.9995640001835788,0.9510456429421376,114,13453,0.20000000298023224,0.12144240279739947,0.40315056611734923,0.4100033376245649,0.3965231024624182,1,0.8381230654722603,5.129182992639245,0.9514604795365474
CAMRI,116,144,144,64,0.21840564906597137,0.20000000298023224,0.17971910536289215,31.450413465499878,28.800000429153442,11.502022743225098,64,1.215261163385844,260984,2048.8114872933816,19.665678047839506,144,144,64,2.1840564906597137,2.0000000298023224,1.7971910536289215,0,0,45,315,288,115,1498.7012939453125,847.0,1634.2755126953125,23.0,32766.0,82.0,111.0,191.0,2454.0,4730.0,6043.0,3499.84716796875,3395.0,1227.5771484375,72.0,9922.0,560.0,1667.0,2611.0,4394.0,5528.0,6348.169999999984,1008.8251953125,460.0,1317.3785400390625,23.0,32766.0,79.0,106.0,168.0,1387.0,3536.0,5664.0,2459.56884765625,2199.0,1561.5394287109375,55.0,11468.0,202.0,388.0,1215.0,3411.0,5409.0,6411.049999999988,2491.02197265625,1.9563976219246086,0.07285565137863159,0.051399387419223785,0.9755650413177913,0.9956554695603607,0.9562693498452013,1089,11413,0.21840564906597137,0.11072035212779409,0.7961167425689242,0.8040223353263823,0.7883523416646445,1,0.8492483341533179,5.106686805469862,0.9604420194341415
CAMRI,117,144,144,64,0.20000000298023224,0.20000000298023224,0.20000000298023224,28.800000429153442,28.800000429153442,12.800000190734863,64,1.0,261848,2094.7840936441435,19.730782214506174,144,144,64,2.0000000298023224,2.0000000298023224,2.0000000298023224,0,0,32,288,288,128,1838.5823974609375,1223.0,1894.2586669921875,18.0,32766.0,93.0,132.0,309.0,2836.0,5368.84999999986,7633.0,4002.56494140625,3853.0,1414.0703125,91.0,11219.0,801.0,2084.0,2982.0,4892.0,6599.0,7737.0,1306.6591796875,805.0,1595.2100830078125,18.0,32766.0,90.0,125.0,240.0,1821.0,3932.25,7503.0,2641.546630859375,2330.0,1829.04443359375,34.0,12892.0,213.0,371.0,1145.0,3709.0,6168.0,7693.0,2695.90576171875,1.7884906853505833,0.06761173903942108,0.046509068459272385,0.9773076060567651,0.9984938258814904,0.9570017720204088,378,11259,0.20000000298023224,0.10635066396402494,0.47750273198080484,0.48354503464203236,0.47160957297043643,2,0.7934109880392943,5.223778106736673,0.9584453576120497
CAMRI,118,144,144,64,0.20000000298023224,0.20000000298023224,0.20000000298023224,28.800000429153442,28.800000429153442,12.800000190734863,64,1.0,244229,1953.832087343098,18.403154538001544,144,144,64,2.0000000298023224,2.0000000298023224,2.0000000298023224,0,0,32,288,288,128,1133.9827880859375,658.0,1308.1207275390625,14.0,32766.0,65.0,90.0,173.0,1724.0,3433.0,4848.0,2427.015625,2384.0,886.7740478515625,36.0,7135.0,443.0,1124.0,1732.0,3069.0,3883.0,4556.0,842.3553466796875,417.0,1207.3231201171875,14.0,32766.0,63.0,86.0,147.0,1106.0,2853.0,5085.0,1725.1492919921875,1520.0,1096.6282958984375,36.0,7135.0,153.0,275.0,861.0,2434.0,3792.0,4566.0,1584.6602783203125,1.4960289644936466,0.06328398734331131,0.04425913468003273,0.9766713767790762,0.9961044269037219,0.9579820578227811,915,10262,0.20000000298023224,0.10995385705232766,0.47273098311310646,0.47985499741066806,0.46581540317715664,4,0.8665727427657586,5.072426735701803,0.9617285416555773
CAMRI,119,144,144,64,0.20000000298023224,0.20000000298023224,0.20000000298023224,28.800000429153442,28.800000429153442,12.800000190734863,64,1.0,269867,2158.9360965119613,20.335030261381174,144,144,64,2.0000000298023224,2.0000000298023224,2.0000000298023224,0,0,32,288,288,128,1578.99609375,933.0,1717.3577880859375,20.0,32766.0,79.0,111.0,241.0,2438.0,4886.0,6980.0,3506.72900390625,3385.0,1295.6798095703125,93.0,10672.0,623.0,1718.0,2546.0,4342.0,5841.0,6852.0,1086.929443359375,606.0,1443.2347412109375,20.0,32766.0,76.0,105.0,191.0,1403.0,3610.0,7118.0,2281.74755859375,1953.0,1632.4134521484375,39.0,19840.0,182.0,314.0,947.0,3213.0,5466.0,6756.0,2419.799560546875,1.7644184094049185,0.06495585292577744,0.044637762010097504,0.9755388860965964,0.9992073914631399,0.9529657201510373,204,12693,0.20000000298023224,0.11792598974195816,0.4219690610384938,0.4284114152137918,0.41571759368649874,2,0.8653156213240785,5.074881936541758,0.9537216480710868
CAMRI,121,256,256,12,0.10000000149011612,0.10000000149011612,1.0,25.600000381469727,25.600000381469727,12.0,12,9.99999985098839,129728,1297.2800386619572,16.495768229166664,256,256,12,1.0000000149011612,1.0000000149011612,10.0,0,0,40,256,256,120,2462.622314453125,756.0,3744.246826171875,45.0,32766.0,75.0,172.0,427.0,2204.0,11688.0,15265.0,9947.7080078125,9742.0,3463.194091796875,45.0,32766.0,2583.0,4710.35,7504.0,12218.0,15533.0,18560.459999999992,983.988525390625,629.0,1079.5732421875,45.0,21413.0,68.0,156.0,380.0,1080.0,3358.0,5212.0,7887.041015625,8027.0,4603.4228515625,45.0,32766.0,243.0,604.0,4137.0,11388.0,15133.0,17356.119999999995,8963.719482421875,3.4945289918101823,0.05572798103094101,0.04066282883286476,0.9838188460097415,0.996387237541108,0.9715635791810557,457,3689,0.10000000149011612,0.015479800526620771,0.9836282065197728,0.9855098714001087,0.9817511653958733,1,0.02508121608735183,16.52093393552595,0.9750863344844598
CAMRI,122,256,256,12,0.10000000149011612,0.10000000149011612,1.0,25.600000381469727,25.600000381469727,12.0,12,9.99999985098839,123164,1231.6400367057327,15.661112467447916,256,256,12,1.0000000149011612,1.0000000149011612,10.0,0,0,40,256,256,120,2564.42724609375,854.0,3805.22900390625,68.0,32766.0,84.0,193.0,479.0,2426.0,12173.0,15595.0,10250.99609375,9932.0,3644.840576171875,68.0,32766.0,2681.0,4797.0,7558.0,12907.0,15962.0,19404.959999999963,1137.087890625,716.0,1301.1556396484375,68.0,28982.0,77.0,176.0,429.0,1255.0,3781.0,6004.0,8077.05615234375,8028.0,4757.37646484375,68.0,32766.0,308.0,797.0,4030.0,11841.0,15442.0,18060.0,9113.908203125,3.3303864924264617,0.056811437010765076,0.03974558413028717,0.9852907415302876,0.9950813156238614,0.9756909486538274,594,2994,0.10000000149011612,0.013530238806590237,0.988143185154515,0.9885316788870089,0.987753871660575,1,0.025564261654273737,16.416215320910357,0.980513786496054
CAMRI,124,256,256,12,0.10000000149011612,0.10000000149011612,1.0,25.600000381469727,25.600000381469727,12.0,12,9.99999985098839,125153,1251.530037298501,15.914026896158854,256,256,12,1.0000000149011612,1.0000000149011612,10.0,0,0,40,256,256,120,2611.239990234375,905.0,3771.807861328125,74.0,32766.0,89.0,204.0,507.0,2544.0,12053.0,15486.0,10154.36328125,9844.0,3560.512939453125,75.0,32766.0,2714.56,4848.0,7541.0,12733.0,15811.399999999994,18429.35999999997,1183.6356201171875,755.0,1308.8560791015625,74.0,29631.0,81.0,186.0,453.0,1330.0,3851.0,6246.0,8023.7998046875,8009.0,4674.5908203125,74.0,32766.0,327.0,830.0,4050.0,11685.0,15356.0,17561.839999999997,8970.727661132812,3.3443128045943027,0.05589771270751953,0.03904692828655243,0.9844545773979491,0.9953448106889681,0.9738000687158918,570,3279,0.10000000149011612,0.014358750193027897,0.9858805217906907,0.9863693606933847,0.9853911753800519,1,0.025121091034330884,16.512188027827115,0.9783544940992226
CAMRI,128,256,256,12,0.10000000149011612,0.10000000149011612,1.0,25.600000381469727,25.600000381469727,12.0,12,9.99999985098839,121987,1219.8700363549592,15.511449178059896,256,256,12,1.0000000149011612,1.0000000149011612,10.0,0,0,40,256,256,120,2537.30517578125,757.0,3919.3974609375,47.0,32766.0,74.0,169.0,423.0,2343.0,12499.0,16402.0,10507.2412109375,10363.0,3875.001220703125,144.0,32766.0,2542.86,4336.0,7636.0,13331.0,16826.699999999997,19057.14,1074.0855712890625,634.0,1273.744873046875,47.0,23746.0,68.0,155.0,379.0,1142.0,3873.0,6092.0,8293.4326171875,8133.0,4939.46826171875,47.0,32766.0,282.0,739.0,4169.0,12226.0,16365.0,18581.079999999958,9433.155639648438,3.2705489138442183,0.05511220544576645,0.04101306572556496,0.9835067536463884,0.9952493663023955,0.9720380040496118,566,3411,0.10000000149011612,0.01619106269441759,0.9808021940349674,0.9808761904761905,0.9807282145033516,1,0.02587617669930314,16.349987380010884,0.9766778427209457
CAMRI,129,256,256,12,0.10000000149011612,0.10000000149011612,1.0,25.600000381469727,25.600000381469727,12.0,12,9.99999985098839,123518,1235.1800368112329,15.706125895182291,256,256,12,1.0000000149011612,1.0000000149011612,10.0,0,0,40,256,256,120,2328.924072265625,694.0,3536.28125,52.0,32766.0,66.0,151.0,380.0,2141.0,11132.0,14204.0,9623.6240234375,9449.5,3087.61376953125,160.0,32766.0,2812.0,4888.85,7425.0,11776.0,14555.149999999994,16898.0,969.7337036132812,573.0,1138.74560546875,52.0,23503.0,60.0,138.0,340.0,1080.0,3321.0,5494.0,7663.0634765625,7910.0,4310.35498046875,52.0,32766.0,265.0,734.8500000000004,4027.0,10951.0,14201.0,16518.0,8653.890319824219,3.7188626969415033,0.058242883533239365,0.04132536053657532,0.9844236760124611,0.9943179941197846,0.9747243316763549,688,3122,0.10000000149011612,0.01474537792812732,0.9867728872573137,0.9878048780487805,0.9857359635811836,1,0.0260185238631489,16.320115948897286,0.9802943700513286
CAMRI,130,256,256,12,0.10000000149011612,0.10000000149011612,1.0,25.600000381469727,25.600000381469727,12.0,12,9.99999985098839,118926,1189.2600354427102,15.122222900390625,256,256,12,1.0000000149011612,1.0000000149011612,10.0,0,0,40,256,256,120,2395.6298828125,748.0,3695.36474609375,58.0,32766.0,74.0,168.0,422.0,2073.0,11758.0,15046.0,10219.6923828125,10114.0,3392.28515625,58.0,32766.0,2690.25,4887.0,7824.0,12557.75,15449.0,18206.75,1001.6580200195312,632.0,1090.3031005859375,58.0,20511.0,68.0,155.0,380.0,1116.0,3424.0,5274.0,8028.5576171875,8314.0,4652.77197265625,58.0,32766.0,246.0,629.0,4040.25,11648.0,15035.0,17351.190000000002,9218.034362792969,3.658589774353872,0.057398829609155655,0.0402245856821537,0.9842505976620057,0.9941754235470727,0.9745219716462338,679,3030,0.10000000149011612,0.015069220819590917,0.9852224524020914,0.986088669950739,0.9843540102726195,1,0.027425272689274475,16.036163406303427,0.9802314044027378
Mouse,POLYIC_20190510_mouse30__E2_P1,180,180,35,0.10000000149011612,0.10000000149011612,0.4000001549720764,18.0000002682209,18.0000002682209,14.000005424022675,35,4.000001490116097,104710,418.84017475367085,9.2336860670194,180,180,35,1.0000000149011612,1.0000000149011612,4.000001549720764,0,0,20,180,180,140,3.85969877243042,1.345199465751648,5.011066913604736,0.0,87.10830688476562,0.13292483985424042,0.3030686378479004,0.757671594619751,5.7476701736450195,15.344843864440918,18.99496078491211,14.636801719665527,14.9061918258667,3.064488649368286,0.06912092119455338,50.918190002441406,5.883732080459595,9.368542671203613,12.962830543518066,16.493314743041992,18.80886459350586,22.426601562500018,2.7633416652679443,1.2096160650253296,3.700324535369873,0.0,87.10830688476562,0.12760785222053528,0.28977614641189575,0.7124771475791931,2.9961259365081787,9.934803009033203,16.02010154724121,11.153531074523926,11.202905654907227,5.266181945800781,0.03456046059727669,58.15195846557617,0.8359643161296846,2.55747389793396,7.159331798553467,15.208596229553223,18.622770309448242,24.853090572357186,11.873460054397583,3.4949545789326226,0.08262500166893005,0.06814533472061157,0.8976460651784816,0.828434342210483,0.979476649794671,21240,2149,0.8000003099441528,0.2867004781104512,0.4501968227189653,0.4275852913845745,0.4756461975197968,2,0.30037438887139223,7.220985802031092,1.1823226052908031
Mouse,POLYIC_20190510_mouse31__E2_P1,180,180,35,0.10000000149011612,0.10000000149011612,0.40000006556510925,18.0000002682209,18.0000002682209,14.000002294778824,35,4.000000596046439,110439,441.75608557480797,9.738888888888889,180,180,35,1.0000000149011612,1.0000000149011612,4.0000006556510925,0,0,20,180,180,140,8.083046913146973,2.13189697265625,10.481091499328613,0.0,179.11215209960938,0.19679050147533417,0.44824501872062683,1.1370117664337158,13.676939010620117,30.912506103515625,37.26993179321289,29.155475616455078,29.759096145629883,5.745820999145508,0.23505531251430511,74.8241195678711,11.588773727416992,18.96841812133789,26.244199752807617,32.60162353515625,36.55929946899414,44.04072746276853,5.809398651123047,1.8695096969604492,8.066174507141113,0.0,179.11215209960938,0.18585768342018127,0.42637941241264343,1.065948486328125,8.828240394592285,21.444698333740234,33.049869537353516,22.3732967376709,22.53797721862793,9.895353317260742,0.032798416912555695,130.49395751953125,1.9679049253463745,6.4722208976745605,14.726489067077637,30.25653839111328,35.99626159667969,46.02158992767305,23.34607696533203,3.3338336750377984,0.07984694838523865,0.06522221863269806,0.9078157652762685,0.8430457766978986,0.9833663832522931,20219,1837,0.6480741162866294,0.332691874645697,0.46413199426111906,0.43618802318094013,0.4957072176949942,4,0.29693918616073106,7.248724931998714,1.1664448247448818
Mouse,POLYIC_20190510_mouse32__E2_P1,180,180,35,0.10000000149011612,0.10000000149011612,0.39999958872795105,18.0000002682209,18.0000002682209,13.999985605478287,35,3.999995827674928,112575,450.29955043046294,9.927248677248677,180,180,35,1.0000000149011612,1.0000000149011612,3.9999958872795105,0,0,20,180,180,140,8.363363265991211,2.342348337173462,10.294347763061523,0.0,174.43043518066406,0.20761725306510925,0.4737932085990906,1.2084388732910156,14.26170825958252,29.92882537841797,36.59919357299805,28.026453018188477,28.608591079711914,5.21707820892334,0.8357924818992615,78.61772918701172,11.536066055297852,18.690876007080078,25.579509735107422,31.041440963745117,34.640140533447266,41.32254013061521,6.196222305297852,2.017613649368286,8.20635986328125,0.0,174.43043518066406,0.19697020947933197,0.44717562198638916,1.1232625246047974,10.316980361938477,21.954193115234375,34.34202194213867,21.482789993286133,21.70398712158203,9.69005012512207,0.015970557928085327,111.90569305419922,1.671584963798523,5.44063663482666,14.096678733825684,29.263385772705078,34.38993453979492,45.87010192871094,21.830230712890625,3.1747858145366603,0.07842124998569489,0.063426673412323,0.8699253502403109,0.7805743970524919,0.9823761936486787,31088,1984,4.300000064074993,0.6711818724807308,0.41008791670417377,0.3542619542619543,0.48633491871938667,6,0.18888812541831257,8.428479579949697,1.258529868976238
Mouse,POLYIC_20190510_mouse34__E2_P1,180,180,35,0.10000000149011612,0.10000000149011612,0.3999999165534973,18.0000002682209,18.0000002682209,13.999997079372406,35,3.9999991059303417,104928,419.71192494964345,9.252910052910053,180,180,35,1.0000000149011612,1.0000000149011612,3.999999165534973,0,0,20,180,180,140,5.436548709869385,1.7192015647888184,7.300436496734619,0.0,126.02094268798828,0.1653818041086197,0.3846088647842407,0.9576760530471802,8.111400604248047,22.015010833740234,27.084156036376953,21.13976287841797,21.424636840820312,4.0948286056518555,0.2730723023414612,66.32579803466797,8.931655797958374,14.12283706665039,19.080446243286133,23.445756912231445,26.65339469909668,32.35995040893553,3.835392713546753,1.5422815084457397,5.414236068725586,0.0,126.02094268798828,0.15768963098526,0.36537840962409973,0.8999847173690796,3.9730095863342285,14.5074462890625,23.291912078857422,15.880865097045898,16.130495071411133,7.956459999084473,0.015384354628622532,92.90996551513672,0.9730604290962219,2.9499499797821045,9.645990371704102,22.05731773376465,26.65723991394043,36.65033969879139,17.304370164871216,3.605015567042925,0.08527105301618576,0.07164672017097473,0.9121619531936891,0.8502499814676012,0.9837984141506557,18181,1700,0.7999998331069946,0.2714727603769365,0.495626618151284,0.4756997540057177,0.517760874381508,6,0.29032222721723944,7.303382202535158,1.1570696096370845
Mouse,POLYIC_20190510_mouse35__E3_P1,180,180,35,0.10000000149011612,0.10000000149011612,0.40000006556510925,18.0000002682209,18.0000002682209,14.000002294778824,35,4.000000596046439,107899,431.59608360666255,9.514902998236332,180,180,35,1.0000000149011612,1.0000000149011612,4.0000006556510925,0,0,20,180,180,140,5.601768970489502,1.711890697479248,7.588967323303223,0.0,141.28919982910156,0.1638585478067398,0.3794619143009186,0.9529668688774109,8.343850135803223,22.9660701751709,27.998252868652344,21.96247100830078,22.3149471282959,4.347054481506348,0.3880860507488251,61.3995246887207,9.184616641998291,14.553226470947266,19.783763885498047,24.427860260009766,27.605854034423828,34.63461151123049,3.881369113922119,1.526471734046936,5.527631759643555,0.0,141.28919982910156,0.15954647958278656,0.3622136414051056,0.8925979137420654,4.031782627105713,14.708460807800293,23.7767391204834,16.53241729736328,16.838623046875,8.123468399047852,0.03449653834104538,86.6121826171875,1.004711627960205,3.15643310546875,10.188336849212646,22.902466297149658,27.459243774414062,38.166107177734375,18.081101894378662,3.63621653376737,0.084441177546978,0.07052105665206909,0.9125170443757875,0.8537573981219065,0.979962742935523,18112,2162,0.721110265838178,0.24858445798666012,0.49099303928084226,0.46991250918319644,0.5141745005875441,4,0.306243643881798,7.174557104217451,1.1478234274645733
Mouse,POLYIC_20190510_mouse37__E2_P1,180,180,35,0.10000000149011612,0.10000000149011612,0.3999997675418854,18.0000002682209,18.0000002682209,13.999991863965988,35,3.9999976158142445,121082,484.3277329691566,10.677425044091711,180,180,35,1.0000000149011612,1.0000000149011612,3.9999976754188538,0,0,20,180,180,140,8.264968872070312,2.1587746143341064,10.444377899169922,0.0,148.60169982910156,0.1950153410434723,0.44898882508277893,1.1383453607559204,13.90958309173584,30.481351852416992,36.8034782409668,28.588237762451172,29.1389217376709,5.607391357421875,0.44898882508277893,67.53427124023438,11.632892608642578,19.120574951171875,25.76470184326172,31.751218795776367,35.58349609375,45.489326133728035,5.835568428039551,1.854913353919983,7.942977428436279,0.0,148.60169982910156,0.18594487011432648,0.4217773675918579,1.0567110776901245,9.787049293518066,20.77140235900879,32.064151763916016,21.067100524902344,21.70566177368164,10.41468334197998,0.04081716388463974,127.44479370117188,1.433135986328125,4.240449905395508,12.653321266174316,29.787460327148438,34.894142150878906,44.075462951660164,22.75266933441162,3.3094357955421456,0.08302996307611465,0.06834495812654495,0.8619864074485725,0.7713342855093164,0.9767843279760823,35062,2811,4.8010406518730795,0.7848716199251964,0.5193983460065493,0.4427520029811813,0.6323630372099409,5,0.15925947156529124,8.92172914530259,1.2663566839001668
Mouse,POLYIC_20190510_mouse38__E2_P1,180,180,35,0.10000000149011612,0.10000000149011612,0.3999999761581421,18.0000002682209,18.0000002682209,13.999999165534973,35,3.9999997019767806,115244,460.9759862618439,10.162610229276895,180,180,35,1.0000000149011612,1.0000000149011612,3.999999761581421,0,0,20,180,180,140,8.165761947631836,2.1233162879943848,10.614611625671387,0.0,185.52687072753906,0.19817617535591125,0.4529741108417511,1.1380975246429443,13.509953498840332,31.11366081237793,37.947906494140625,29.272098541259766,29.79437255859375,5.757355213165283,0.05662176385521889,91.88014221191406,11.850935935974121,19.42692756652832,26.31779670715332,32.574501037597656,36.74752426147461,45.08547763824458,5.778167724609375,1.857193946838379,8.097640037536621,0.0,185.52687072753906,0.18685182929039001,0.424663245677948,1.0588270425796509,8.95190143585205,21.499284744262695,33.605018615722656,22.055648803710938,22.099475860595703,10.728585243225098,0.011324353516101837,185.52687072753906,1.6080580949783325,5.254499912261963,13.719453811645508,30.547443389892578,36.32852554321289,48.737920951843286,23.49393081665039,3.34403258408575,0.08256284147500992,0.06813658773899078,0.8983309728123524,0.8275020282270737,0.9824199090625109,23601,2026,4.253234115794307,0.5678561282000235,0.5011988951953137,0.4442255470954688,0.5767330227304814,7,0.18938487830718997,8.421103880869067,1.1872114817257298
Mouse,POLYIC_20190510_mouse39__E4_P1,180,180,35,0.10000000149011612,0.10000000149011612,0.3999998867511749,18.0000002682209,18.0000002682209,13.999996036291122,35,3.9999988079071223,117869,471.47588056581833,10.394091710758376,180,180,35,1.0000000149011612,1.0000000149011612,3.9999988675117493,0,0,20,180,180,140,9.132904052734375,2.2128961086273193,11.340709686279297,0.0,139.7066650390625,0.20039714872837067,0.4562233090400696,1.1554814577102661,15.997661590576172,32.28952407836914,39.6317755889893,30.2010498046875,30.733247756958008,5.783468723297119,0.43490445613861084,72.90192413330078,12.271127700805664,19.93738555908203,27.501312255859375,33.40663146972656,37.35914611816406,47.360413360595636,6.689043998718262,1.9016410112380981,9.065888404846191,0.0,139.7066650390625,0.1876058429479599,0.43064069747924805,1.074469804763794,11.712574005126953,24.367441177368164,36.5648063659666,23.064794540405273,23.109628677368164,10.383098602294922,0.06822030991315842,137.05459594726562,1.8973772525787354,6.3999176025390625,15.13211727142334,31.423978805541992,36.83043670654297,48.23810890197756,23.51200580596924,3.092094862374361,0.07927116751670837,0.06519302725791931,0.8431501398228667,0.7400047421002377,0.9797062840950547,40572,2392,4.916299491176624,0.8858997400581106,0.41715485796396595,0.3473814546455104,0.5229453483521068,5,0.1573992413928162,8.956738872773208,1.3239189269443195
Mouse,POLYIC_20190510_mouse40__E2_P1,180,180,35,0.10000000149011612,0.10000000149011612,0.4000000059604645,18.0000002682209,18.0000002682209,14.000000208616257,35,4.0,113350,453.40002026855973,9.995590828924163,180,180,35,1.0000000149011612,1.0000000149011612,4.000000059604645,0,0,20,180,180,140,4.2226948738098145,1.3846077919006348,5.259576320648193,0.0,72.47293853759766,0.1349218487739563,0.30523303151130676,0.7675062417984009,6.732820987701416,15.555825233459473,19.22968101501465,14.60813045501709,14.850250244140625,2.839322805404663,0.16809934377670288,36.172325134277344,6.277183532714844,9.882472038269043,13.11838436126709,16.223798751831055,18.38254737854004,22.60936164855957,3.0693233013153076,1.2253557443618774,4.065889358520508,0.0,72.47293853759766,0.12607450783252716,0.28975018858909607,0.7166340351104736,4.211330890655518,11.092345237731934,17.54317970275881,10.999519348144531,11.302469253540039,5.28333854675293,0.006635500583797693,65.22254943847656,0.7807772159576416,2.3268487453460693,6.774846076965332,15.263862609863281,18.080743789672827,23.639236240386953,11.538807153701782,3.290548538899058,0.0811416432261467,0.06794275343418121,0.8944586256105159,0.8215854964368792,0.9815174239082488,24160,2095,4.080441213423945,0.5831326392764535,0.4966326375133323,0.4352191235059761,0.5792709077912794,4,0.18422017286081435,8.499076323741036,1.1946625496250551
Mouse,POLYIC_20190510_mouse41__E2_P1,180,180,35,0.10000000149011612,0.10000000149011612,0.4000001549720764,18.0000002682209,18.0000002682209,14.000005424022675,35,4.000001490116097,118452,473.8081976881083,10.445502645502645,180,180,35,1.0000000149011612,1.0000000149011612,4.000001549720764,0,0,20,180,180,140,8.394736289978027,2.0886001586914062,10.415284156799316,0.0,154.48097229003906,0.18858692049980164,0.43846461176872253,1.1079481840133667,14.445757865905762,30.04189682006836,36.57643508911133,28.221895217895508,28.665212631225586,5.542112827301025,0.6317662000656128,78.23528289794922,11.473204078674316,18.98598861694336,25.4592342376709,31.239423751831055,35.270469665527344,45.69932556152344,6.082128047943115,1.8057197332382202,8.145407676696777,0.0,154.48097229003906,0.1791575700044632,0.41489124298095703,1.0277987718582153,10.716451644897461,22.003379821777344,32.59503383636488,21.411128997802734,22.008094787597656,9.657639503479004,0.03771738335490227,110.27149200439453,1.8104344606399536,5.813191890716553,13.714983940124512,29.2451171875,34.501976013183594,44.26333282470696,22.139767169952393,3.1780586386577308,0.07980149239301682,0.06471671164035797,0.8561986987170553,0.7569486777084603,0.9854033701414919,37479,1729,4.215448070719919,0.7012124273885603,0.4505950031019119,0.3784115591651714,0.5576169140296836,3,0.16777747932121215,8.768114975770754,1.3018100158714079
Mouse,POLYIC_20190510_mouse42__E2_P1,180,180,35,0.10000000149011612,0.10000000149011612,0.4000001549720764,18.0000002682209,18.0000002682209,14.000005424022675,35,4.000001490116097,115179,460.7161922257001,10.156878306878307,180,180,35,1.0000000149011612,1.0000000149011612,4.000001549720764,0,0,20,180,180,140,8.214404106140137,2.0747954845428467,10.593144416809082,0.0,140.46022033691406,0.19719131290912628,0.4458238184452057,1.1231330633163452,13.944854736328125,30.800424575805664,37.847869873046875,28.99125099182129,29.36864471435547,5.969658851623535,0.6172945499420166,62.60395431518555,11.38042459487915,19.037534713745117,25.810626983642578,32.42510986328125,36.87520370483395,47.446885223388676,5.865556240081787,1.8175894021987915,8.158015251159668,0.0,140.46022033691406,0.1843309998512268,0.4243899881839752,1.0459712743759155,9.580924987792969,21.86251449584961,32.82720718383809,21.825542449951172,22.29547882080078,10.34582805633545,0.02572060562670231,131.38084411621094,1.7318540811538696,5.5925168991088885,13.421869277954102,30.067386627197266,36.08772506713865,47.71601104736328,23.125694751739502,3.235232546026159,0.08049242198467255,0.06456566601991653,0.8712714215513673,0.7858708398481126,0.977495897689683,30677,2592,3.7322915928897715,0.6004168297777812,0.43324218977252893,0.3720640303196529,0.5188830715532287,3,0.17058646441018552,8.719721251355791,1.2438378523862856
Mouse,POLYIC_20190510_mouse43__E2_P1_1,180,180,35,0.10000000149011612,0.10000000149011612,0.4000000059604645,18.0000002682209,18.0000002682209,14.000000208616257,35,4.0,79141,316.5640141515138,6.978924162257496,180,180,35,1.0000000149011612,1.0000000149011612,4.000000059604645,0,0,20,180,180,140,4.814789295196533,2.4408366680145264,6.5118513107299805,0.2914123237133026,67.71926879882812,1.0313103199005127,1.3495904207229614,1.9096808433532715,3.7718262672424316,20.55604019165049,33.29541015625,23.24805450439453,21.8765926361084,7.811378479003906,1.5066637992858887,58.39406967163086,8.93292465209961,12.646468162536621,17.55087661743164,28.037586212158203,37.76579666137695,44.65511550903331,3.431830883026123,2.358166456222534,3.6881823539733887,0.2914123237133026,67.71926879882812,1.0209765434265137,1.3309897184371948,1.8724792003631592,3.2076025009155273,9.6083402633667,21.196630477905273,18.795032501220703,17.997295379638672,10.23531723022461,0.7481650114059448,58.39406967163086,2.1039557456970215,3.7511587142944336,10.616915702819824,25.72695541381836,36.932069396972665,44.01384368896483,19.816223621368408,3.2441978383407273,0.07164440304040909,0.055819060653448105,0.9195892199928767,0.8671951096631176,0.9787215223461923,11862,1684,0.44721360216395983,0.3150796740657868,0.6527634067149535,0.6199029762685198,0.6920065763720348,4,0.15064165213560363,9.088713937758287,1.1286059059147597
Mouse,POLYIC_20190510_mouse43__E9_P1,180,180,35,0.10000000149011612,0.10000000149011612,0.3999999463558197,18.0000002682209,18.0000002682209,13.99999812245369,35,3.999999403953561,117277,469.1079510682207,10.341887125220458,180,180,35,1.0000000149011612,1.0000000149011612,3.999999463558197,0,0,20,180,180,140,3.3727500438690186,1.7926472425460815,3.9166641235351562,0.2244405746459961,47.14115524291992,0.7409416437149048,0.9711371064186096,1.3826115131378174,3.0946903228759766,12.731319856643744,19.08176612854004,11.914518356323242,11.164480209350586,4.475697994232178,1.0243698358535767,35.160919189453125,3.8770095920562744,5.590872287750244,8.6495943069458,14.762722969055176,20.310434341430664,23.522005462646494,2.3874740600585938,1.697691559791565,2.326439380645752,0.2244405746459961,47.14115524291992,0.7279931902885437,0.9524337649345398,1.3408886194229126,2.3393614292144775,6.301600933074951,13.734037399291992,9.34082317352295,8.514354705810547,5.4327073097229,0.3970871865749359,47.14115524291992,1.3466434478759766,2.1350629329681396,4.8772664070129395,12.875120162963867,19.58675765991211,23.307650756835958,9.527044296264648,2.6710304809222776,0.06620611250400543,0.049072712659835815,0.9077276832726598,0.8444806481440712,0.981215413081849,21192,2203,0.8062256685548146,0.4009951898520073,0.4900494318546575,0.46050599833709466,0.5247974294495669,3,0.2606826546103585,7.570305622514409,1.1619158061683024
Mouse,POLYIC_20190510_mouse44__E4_P1,180,180,35,0.10000000149011612,0.10000000149011612,0.3999998867511749,18.0000002682209,18.0000002682209,13.999996036291122,35,3.9999988079071223,115247,460.98788322263584,10.162874779541447,180,180,35,1.0000000149011612,1.0000000149011612,3.9999988675117493,0,0,20,180,180,140,2.676172971725464,1.753212571144104,2.4571046829223633,0.17849449813365936,64.98389434814453,0.7298441529273987,0.9559372067451477,1.3605246543884277,2.713116407394409,8.079851150512695,11.044842720031738,7.2442426681518555,7.028716564178467,2.1647772789001465,0.7952921390533447,24.199886322021484,3.2138132429122925,4.107356548309326,5.616626739501953,8.702598571777344,10.973444938659668,12.695995960235583,2.1594088077545166,1.6659486293792725,1.8874696493148804,0.17849449813365936,64.98389434814453,0.7179445028305054,0.9380877614021301,1.3208593130111694,2.2172982692718506,5.273520469665527,9.482024192810059,5.8690009117126465,5.495646953582764,2.839024305343628,0.4164871573448181,64.98389434814453,1.2534279823303223,1.878158688545227,3.7741668224334717,7.720878601074219,10.743385314941406,12.548163414001465,5.084833860397339,2.50378086904606,0.06792718172073364,0.050413280725479126,0.8788498972847789,0.7894191229828259,0.9911320902062527,30470,1022,1.6492422459101934,0.4237046060532737,0.39915928807798945,0.3537710830592978,0.4574171148478453,7,0.20936554804229984,8.144211654401111,1.2555207510824578
Mouse,POLYIC_20190517_mouse30__E3_P1,180,180,35,0.10000000149011612,0.10000000149011612,0.4000000059604645,18.0000002682209,18.0000002682209,14.000000208616257,35,4.0,113123,452.49202022796896,9.975573192239858,180,180,35,1.0000000149011612,1.0000000149011612,4.000000059604645,0,0,20,180,180,140,7.94718074798584,2.4946539402008057,9.91490364074707,0.0,194.1563720703125,0.2133195847272873,0.4858945906162262,1.250289797782898,13.083600997924805,29.218856811523438,35.89694595336914,27.699026107788086,28.158184051513672,5.457698822021484,0.14221306145191193,63.96624755859375,11.572587013244629,18.23882484436035,24.99394416809082,30.783201217651367,34.96011619567868,42.987214889526356,5.758486270904541,2.127270221710205,7.607675552368164,0.0,194.1563720703125,0.20146849751472473,0.4621924161911011,1.1614066362380981,9.042380332946777,19.720211029052734,30.70616912841797,20.417757034301758,20.816434860229492,10.089893341064453,0.01777663268148899,125.79337310791016,1.5169392824172974,4.284168243408203,12.182918548583984,28.904802322387695,34.04462127685544,42.083213806152344,21.940539836883545,3.314008649953256,0.08243124932050705,0.06726771593093872,0.8486644381746811,0.7492368401459311,0.978518957241233,37048,2430,5.015974556337626,1.071817166651746,0.4734032565251214,0.3828433900636067,0.62379558917993,4,0.11612707711301098,9.9122662612436,1.3060208799271589
Mouse,POLYIC_20190517_mouse31__E3_P1,180,180,35,0.10000000149011612,0.10000000149011612,0.3999999761581421,18.0000002682209,18.0000002682209,13.999999165534973,35,3.9999997019767806,111338,445.3519867274754,9.818165784832452,180,180,35,1.0000000149011612,1.0000000149011612,3.999999761581421,0,0,20,180,180,140,8.77169418334961,2.1837782859802246,11.184301376342773,0.0,242.55484008789062,0.1924685835838318,0.451560914516449,1.140006184577942,15.027355194091797,31.36497688293457,39.337615966796875,29.555192947387695,30.04730796813965,5.498342037200928,0.4219503700733185,98.78079986572266,12.184741973876953,20.12036895751953,27.152875900268555,32.43095779418945,36.25923156738277,45.770511627197266,6.5089826583862305,1.8950753211975098,9.125167846679688,0.0,242.55484008789062,0.18506595492362976,0.4293529987335205,1.0659798383712769,10.963306427001953,23.451557159423828,37.139034271240234,22.546689987182617,23.399738311767578,10.520459175109863,0.022207913920283318,118.24974060058594,1.480527639389038,5.189249038696289,14.346312522888184,30.8245849609375,35.969417572021484,48.674269332885814,23.046210289001465,3.059255292310737,0.07893908023834229,0.06635455787181854,0.8171244550977458,0.714735715583795,0.9537534354847401,42382,5149,5.35163534162191,1.1504297211312946,0.3892115721312842,0.31641454052833595,0.5057089174736233,5,0.13622275292421873,9.398695371961447,1.3344141263539853
Mouse,POLYIC_20190517_mouse32__E3_P1,180,180,35,0.10000000149011612,0.10000000149011612,0.3999999761581421,18.0000002682209,18.0000002682209,13.999999165534973,35,3.9999997019767806,115422,461.68798624062464,10.178306878306879,180,180,35,1.0000000149011612,1.0000000149011612,3.999999761581421,0,0,20,180,180,140,7.945368766784668,2.2523608207702637,10.006854057312012,0.0,200.00230407714844,0.20143063366413116,0.4639008641242981,1.1719601154327393,13.147927284240723,28.926660537719727,35.91569137573242,27.346006393432617,27.797428131103516,5.1659626960754395,0.13428708910942078,73.00945281982422,11.377779006958008,18.531618118286133,24.977397918701172,30.08641242980957,34.035675048828125,42.13562774658203,5.746948719024658,1.941058874130249,7.808745384216309,0.0,200.00230407714844,0.18922272324562073,0.43948501348495483,1.0926085710525513,9.381784439086914,20.045400619506836,32.41342544555653,20.09819221496582,20.765666961669922,10.08833122253418,0.030519792810082436,107.71656036376953,1.4710540771484375,4.249881386756897,11.682976722717285,28.40172004699707,33.51531219482422,43.63719940185547,21.59905767440796,3.262420709678471,0.08197401463985443,0.06648034602403641,0.9106084627269684,0.852028837806213,0.9778378472041725,19601,2558,4.472136018973997,0.5612231106645679,0.5710476307239625,0.510500544069641,0.649164677804296,6,0.18939756013738598,8.42091592105038,1.1476581587565629
Mouse,POLYIC_20190517_mouse33__E2_P1,180,180,35,0.10000000149011612,0.10000000149011612,0.4000000059604645,18.0000002682209,18.0000002682209,14.000000208616257,35,4.0,109688,438.75201961374313,9.672663139329805,180,180,35,1.0000000149011612,1.0000000149011612,4.000000059604645,0,0,20,180,180,140,7.745584011077881,2.1351799964904785,10.105286598205566,0.0,214.60523986816406,0.19648896157741547,0.451924592256546,1.1396359205245972,12.92242431640625,29.348901748657227,35.70204544067383,27.88019371032715,28.373004913330078,5.385648727416992,0.13099263608455658,75.2552719116211,11.402909278869629,18.476511001586914,25.261930465698242,30.920812606811523,34.91608810424805,42.56605911254883,5.589476108551025,1.873194694519043,7.866687297821045,0.0,214.60523986816406,0.18338969349861145,0.4257260859012604,1.0675899982452393,8.32458209991455,20.50689697265625,31.41203498840332,20.899038314819336,21.109464645385742,9.600255012512207,0.019648896530270576,107.01443481445312,1.5915606021881104,5.07596492767334,13.590486526489258,28.64154052734375,34.1497802734375,42.93074249267573,22.290717601776123,3.306595274729032,0.08241228014230728,0.06672871857881546,0.8437628458498023,0.744780618510662,0.9730873021661439,36576,2952,4.509988980715944,0.9315013722208961,0.3705054419055217,0.30165751001024305,0.4790748898678414,8,0.1389287702717985,9.337273083492969,1.3065421924002625
Mouse,POLYIC_20190517_mouse35__E2_P1,180,180,35,0.10000000149011612,0.10000000149011612,0.3999999761581421,18.0000002682209,18.0000002682209,13.999999165534973,35,3.9999997019767806,112277,449.10798661553787,9.900970017636684,180,180,35,1.0000000149011612,1.0000000149011612,3.999999761581421,0,0,20,180,180,140,7.934523582458496,2.2945361137390137,10.472176551818848,0.0,223.0942840576172,0.20426137745380402,0.4698011875152588,1.2051421403884888,12.419092178344727,30.516651153564453,37.72026824951172,28.86512565612793,29.345552444458008,5.480067729949951,0.4902273118495941,88.37028503417969,12.185961380004883,19.432065963745117,26.247587203979492,31.912437438964844,35.78659439086914,44.63792037963867,5.634459018707275,1.9949527978897095,8.06136703491211,0.0,223.0942840576172,0.19064395129680634,0.4493750333786011,1.116628885269165,7.911724090576172,20.841468811035156,34.31591033935547,21.684255599975586,21.876394271850586,10.413325309753418,0.020426137372851372,134.03631591796875,1.4842994213104248,4.922699451446533,13.433589935302734,30.11493682861328,35.42573165893555,48.27506694793693,23.230666637420654,3.3703617267943287,0.08258132636547089,0.06831938773393631,0.8825339554338673,0.7995761976394353,0.984698558030585,27713,1718,4.236861940176127,0.637675895400355,0.4592636935049386,0.399906015037594,0.5389956515640342,7,0.1824041452008205,8.52718901937696,1.2315256018596863
Mouse,POLYIC_20190517_mouse36__E2_P1,180,180,35,0.10000000149011612,0.10000000149011612,0.3999999463558197,18.0000002682209,18.0000002682209,13.99999812245369,35,3.999999403953561,116017,464.0679515939337,10.230776014109347,180,180,35,1.0000000149011612,1.0000000149011612,3.999999463558197,0,0,20,180,180,140,8.15304183959961,2.2056543827056885,10.688769340515137,0.0,221.01060485839844,0.2023536115884781,0.45866817235946655,1.173650860786438,13.517220497131348,30.85218048095703,38.05596923828125,28.990480422973633,29.536880493164062,5.648725986480713,0.3305108845233917,68.68556213378906,11.709528923034668,19.176376342773438,26.23851776123047,32.1944580078125,36.180824279785156,44.933831176757764,5.778253555297852,1.915614128112793,8.277074813842773,0.0,221.01060485839844,0.1888633668422699,0.43843281269073486,1.085964322090149,8.438145637512207,21.368539810180664,34.293404541015185,22.009872436523438,22.629878997802734,10.401246070861816,0.04047071933746338,150.2340545654297,1.5176520347595215,4.998134136199951,13.840986251831055,30.29907989501953,35.742393493652344,47.65049659729006,23.21222686767578,3.275863999872214,0.08176720142364502,0.06758744269609451,0.892441655226515,0.8188407361821886,0.9805804321780429,25169,2253,3.9623224598464524,0.5884515106458533,0.47869355165331096,0.41670014059048,0.5629649853252338,5,0.16376199088517038,8.83920259348968,1.1975227768344294
Mouse,POLYIC_20190517_mouse37__E3_P1,256,256,43,0.0703125,0.0703125,0.3000001907348633,18.0,18.0,12.900008201599121,43,4.266669379340278,301479,447.1401585514541,10.698149925054507,256,256,43,0.703125,0.703125,3.000001907348633,0,0,31,180,180,129,1.4435441493988037,0.932550847530365,1.3526558876037598,0.0,34.96105194091797,0.09496226906776428,0.21766632795333862,0.5388308763504028,1.8843075037002563,4.360795497894287,5.508878707885742,4.087395191192627,4.088712692260742,0.8523046374320984,0.040545687079429626,9.781113624572754,2.0208823680877686,2.709092140197754,3.5456137657165527,4.624342441558838,5.448060035705566,6.258974075317383,1.126816987991333,0.8343876004219055,1.0120036602020264,0.0,34.96105194091797,0.08962731063365936,0.20486243069171906,0.5014861226081848,1.4319030046463013,2.944897413253784,4.637146472930908,3.0943081378936768,3.2468559741973877,1.531821370124817,0.0064019509591162205,22.720523834228516,0.2827528417110443,0.6561999320983887,1.787211298942566,4.296775817871094,5.329624176025391,6.213754920959468,2.960578203201294,3.16447175331668,0.07898201048374176,0.058213990181684494,0.9201906588325323,0.8632350205770886,0.9851929985173097,47057,4464,1.643943211785505,0.44140632350619086,0.6033784789403185,0.5655338477535161,0.6485119436104947,9,0.155610234497972,8.990932532658055,1.1412801555000514
Mouse,POLYIC_20190517_mouse38__E3_P1,180,180,35,0.10000000149011612,0.10000000149011612,0.40000012516975403,18.0000002682209,18.0000002682209,14.000004380941391,35,4.000001192092878,115836,463.34415880036795,10.214814814814815,180,180,35,1.0000000149011612,1.0000000149011612,4.00000125169754,0,0,20,180,180,140,7.617216110229492,2.363893747329712,9.793100357055664,0.0,267.0873718261719,0.20378394424915314,0.4727787375450134,1.2145522832870483,11.737955093383789,28.5542049407959,35.63773727416992,26.78946304321289,27.168474197387695,5.419929504394531,0.2608434557914734,70.03646087646484,10.75979232788086,17.80256462097168,23.948688507080078,29.907331466674805,34.07267379760742,41.832767486572266,5.435998916625977,2.0296881198883057,7.543028831481934,0.0,267.0873718261719,0.19563257694244385,0.44832468032836914,1.1248873472213745,7.92311954498291,19.30934314727764,31.994077682495117,19.369726181030273,19.897464752197266,10.13339614868164,0.008151357993483543,126.36234283447266,1.2308549880981445,3.448024272918701,10.825002670288086,27.690162658691406,33.46132278442383,41.781006050109816,21.353464126586914,3.25121799017099,0.08326198160648346,0.06669516861438751,0.902591628151805,0.8387199573121475,0.976993335405228,21762,2665,4.311612157870837,0.5872752024460821,0.5325381943377087,0.47482365708084645,0.6079710658818523,5,0.19492558779930952,8.34054648102809,1.1648623916571705
Mouse,POLYIC_20190517_mouse39__E12_P1,256,256,43,0.0703125,0.0703125,0.3000001907348633,18.0,18.0,12.900008201599121,43,4.266669379340278,295269,437.9297645120532,10.477784622547238,256,256,43,0.703125,0.703125,3.000001907348633,0,0,31,180,180,129,1.6848663091659546,0.9196681976318359,1.7763140201568604,0.0,52.31570816040039,0.09260547906160355,0.21235394477844238,0.5252965688705444,2.300767183303833,5.427000522613525,6.780956268310547,5.150154113769531,5.149183750152588,0.9630975723266602,0.02554633840918541,13.54594612121582,2.7350549697875977,3.646739959716797,4.58397102355957,5.703220367431641,6.603728771209717,7.988020896911621,1.2792845964431763,0.8206761479377747,1.3587034940719604,0.0,52.31570816040039,0.0878155380487442,0.19958077371120453,0.4901703894138336,1.5870662927627563,3.7648916244506836,5.896414279937744,3.912764549255371,4.259851932525635,1.9055944681167603,0.012773169204592705,22.733047485351562,0.3432789146900177,0.8110962510108948,2.276817560195923,5.372714519500732,6.509526252746582,8.128701343536354,3.870869517326355,3.2869954348881136,0.07925475388765335,0.058407463133335114,0.9230808187114142,0.8664060225429439,0.9876891918894296,44968,3635,4.246689043251067,0.45782089749553306,0.6107089346266067,0.5808421542398511,0.6461040079953131,7,0.17876054623025298,8.584735129696337,1.1399842177810742
Mouse,POLYIC_20190517_mouse40__E3_P1,180,180,35,0.10000000149011612,0.10000000149011612,0.4000000059604645,18.0000002682209,18.0000002682209,14.000000208616257,35,4.0,114552,458.20802048349407,10.101587301587301,180,180,35,1.0000000149011612,1.0000000149011612,4.000000059604645,0,0,20,180,180,140,7.8577961921691895,2.5331344604492188,10.018503189086914,0.0,211.1976776123047,0.21270595490932465,0.48986825346946716,1.263344407081604,12.324053764343262,29.430768966674805,36.707889556884766,27.732858657836914,28.077186584472656,5.551763534545898,0.18692341446876526,78.1146469116211,11.434556007385254,18.602102279663086,24.7576847076416,30.95193862915039,35.35430908203125,42.94397773742679,5.624501705169678,2.1657333374023438,7.668822765350342,0.0,211.1976776123047,0.19981467723846436,0.46408572793006897,1.1731055974960327,7.9603590965271,19.917011260986328,32.382869720458984,20.03138542175293,20.70982551574707,10.551676750183105,0.012891270220279694,133.96607971191406,1.1537686586380005,3.2228174209594727,11.234742164611816,28.650848388671875,34.51637649536133,44.17941215515139,22.108356952667236,3.3024609503453566,0.08579642325639725,0.06986107677221298,0.9384235837340912,0.897799218563113,0.9828985962706893,12817,1959,0.5385164887379713,0.21721075171423096,0.6486001311837608,0.6373867874267448,0.6606694860583471,3,0.31132224159583644,7.135330187235149,1.0947866471122285
Mouse,POLYIC_20190517_mouse41__E3_P1,180,180,35,0.10000000149011612,0.10000000149011612,0.3999999761581421,18.0000002682209,18.0000002682209,13.999999165534973,35,3.9999997019767806,118118,472.4719859192364,10.41604938271605,180,180,35,1.0000000149011612,1.0000000149011612,3.999999761581421,0,0,20,180,180,140,7.84384822845459,2.2292964458465576,9.930601119995117,0.0,171.8708953857422,0.1993253380060196,0.4563501179218292,1.1592341661453247,12.615195274353027,28.917909622192383,36.088375091552734,27.252025604248047,27.580331802368164,5.389856815338135,0.16785292327404022,75.51283264160156,11.775931358337402,18.678882598876953,24.406862258911133,30.14008903503418,34.2996940612793,45.08335208892823,5.587230682373047,1.9145723581314087,7.603701114654541,0.0,171.8708953857422,0.1888345330953598,0.43012309074401855,1.0753077268600464,8.94865894317627,19.769926071166992,31.75667095184297,19.772069931030273,20.67738151550293,10.133652687072754,0.03147242218255997,155.21148681640625,1.2746330499649048,3.7504634857177734,11.162219047546387,28.256988525390625,33.198158264160156,42.21710586547856,21.664794921875,3.2873246836703127,0.08276627957820892,0.06720989942550659,0.8783533835735795,0.8005266164198442,0.9729423119253627,28636,3196,5.310555532927822,0.8848670770852147,0.5492848970251716,0.4725981055480379,0.6604990187832913,4,0.1559035494428674,8.985290517729297,1.2153778424964865
Mouse,POLYIC_20190517_mouse42__E4_P1,180,180,35,0.10000000149011612,0.10000000149011612,0.39999979734420776,18.0000002682209,18.0000002682209,13.999992907047272,35,3.999997913837464,117902,471.6077751197745,10.39700176366843,180,180,35,1.0000000149011612,1.0000000149011612,3.9999979734420776,0,0,20,180,180,140,8.217101097106934,2.173701047897339,10.432441711425781,0.0,200.0659942626953,0.19538886845111847,0.4518367648124695,1.1479096412658691,13.823762893676758,30.15094566345215,38.16799545288086,28.583728790283203,28.87481117248535,5.786421298980713,0.09769443422555923,67.00006103515625,11.888191223144531,19.355709075927734,25.82185935974121,31.378231048583984,35.927127838134766,49.21356964111328,5.8538818359375,1.8806178569793701,7.9914774894714355,0.0,200.0659942626953,0.18317706882953644,0.42741313576698303,1.0624269247055054,9.622901916503906,20.68069076538086,33.25885009765625,20.927963256835938,21.163057327270508,10.29834270477295,0.012211804278194904,134.26878356933594,1.4532047510147095,4.487838268280029,12.694170951843262,29.442659378051758,34.30295944213867,45.192224121093716,22.729846954345703,3.2580038828242084,0.08006183058023453,0.06599505990743637,0.893294122199435,0.8213807924399408,0.9790079896863497,25101,2475,4.700000070035458,0.7009743634285988,0.5196458538279035,0.45509131848886664,0.6081498250668862,5,0.16581431303636468,8.802582805659567,1.1919051415582433
Mouse,POLYIC_20190517_mouse43__E3_P1,180,180,35,0.10000000149011612,0.10000000149011612,0.399999737739563,18.0000002682209,18.0000002682209,13.999990820884705,35,3.999997317791025,119457,477.8277009519246,10.534126984126985,180,180,35,1.0000000149011612,1.0000000149011612,3.99999737739563,0,0,20,180,180,140,8.499897003173828,2.203049421310425,10.896403312683105,0.0,204.49041748046875,0.19970986247062683,0.45558813214302063,1.160813570022583,14.57882022857666,30.867656707763672,38.12586212158203,28.782669067382812,29.357351303100586,5.544414043426514,0.3245285451412201,74.45433807373047,11.873750343322753,19.371856689453125,25.943559646606445,31.95357894897461,35.680664825439436,44.72527252197267,6.111712455749512,1.8972437381744385,8.657342910766602,0.0,204.49041748046875,0.1872279942035675,0.430624395608902,1.0734405517578125,9.448773384094238,22.760683059692383,34.855613708496094,21.606712341308594,22.13035011291504,10.265297889709473,0.024963732808828354,136.89486694335938,1.3667644262313843,4.587086200714111,13.842390060424805,29.800457000732422,34.955467224121094,45.91205062866214,22.6709566116333,3.118657355310827,0.0805661752820015,0.06604254990816116,0.8655824344068925,0.7723505149222363,0.9844128012590304,34661,1862,4.346607769869735,0.7553756940575275,0.4462244472256988,0.37606275541359385,0.5480703668348561,3,0.16102445289000689,8.889012434987773,1.2745674175644792
Mouse,POLYIC_20190517_mouse44__E3_P1,180,180,35,0.10000000149011612,0.10000000149011612,0.4000004231929779,18.0000002682209,18.0000002682209,14.000014811754227,35,4.000004172325072,119760,479.0405210924301,10.560846560846562,180,180,35,1.0000000149011612,1.0000000149011612,4.000004231929779,0,0,20,180,180,140,8.015779495239258,2.4764392375946045,10.042080879211426,0.0,185.25799560546875,0.20919691026210785,0.48624148964881897,1.2438735961914062,13.145482063293457,29.038793563842773,36.50203323364258,27.246858596801758,27.568761825561523,5.556275367736816,0.38447001576423645,80.54080963134766,11.017270584106445,17.95701026916504,24.425153732299805,30.32224464416504,34.83411407470703,43.99021003723146,5.745001316070557,2.1032772064208984,7.763989448547363,0.0,185.25799560546875,0.19788897037506104,0.45797163248062134,1.1534099578857422,8.384838104248047,20.772687911987305,32.17109298706055,20.597505569458008,21.29285430908203,9.643525123596191,0.03957779332995415,116.81668853759766,1.5491880178451538,4.619294166564941,13.04936408996582,28.207658767700195,33.63547134399414,42.4782829284668,21.5018572807312,3.184993272653471,0.0798410102725029,0.06426003575325012,0.8884479017833519,0.8116341385930745,0.9813209752839012,27275,2237,3.93573417111899,0.5767477290956484,0.4697628573085174,0.41444421824104233,0.5429745385962549,4,0.18525859588951635,8.483166709973537,1.209068136272545
Mouse,POLYIC_20190524_polyic___E3_P1,180,180,37,0.10000000149011612,0.10000000149011612,0.39999961853027344,18.0000002682209,18.0000002682209,14.799985885620117,37,3.9999961256981473,111274,445.0955887882584,9.282115448782116,180,180,37,1.0000000149011612,1.0000000149011612,3.9999961853027344,0,0,12,180,180,148,7.206177711486816,1.9745090007781982,9.543210983276367,0.0,311.0421142578125,0.1898566335439682,0.42717742919921875,1.0821828842163086,11.742632865905762,27.832983016967773,34.962100982666016,26.578201293945312,26.950149536132812,5.102745532989502,0.4841344356536865,67.61743927001953,11.353426933288574,18.21674346923828,24.168750762939453,29.142993927001953,33.262882232666016,42.850643157958984,5.224061489105225,1.756173849105835,7.443170070648193,0.0,311.0421142578125,0.18036380410194397,0.4081917703151703,1.015733003616333,7.375930309295654,19.37487030029297,31.914901733398438,19.222795486450195,19.79255485534668,10.356485366821289,0.01898566447198391,118.97366333007812,1.0062401294708252,2.781399726867676,10.669942855834961,27.60515594482422,32.892662048339844,44.03724670410156,21.354139804840088,3.3464274669980396,0.08764594048261642,0.0700218677520752,0.8014522711612869,0.6924259472472263,0.951228499020436,47017,5427,5.099019589574096,1.0091664622625112,0.47514652840396754,0.3939532963251824,0.6044116572931123,5,0.15122693111642915,9.076973721881258,1.3737620648129842
Mouse,POLYIC_20190524_polyic___E3_P1_1,180,180,36,0.10000000149011612,0.10000000149011612,0.40000009536743164,18.0000002682209,18.0000002682209,14.400003433227539,36,4.000000894069658,117708,470.8321262869869,10.09156378600823,180,180,36,1.0000000149011612,1.0000000149011612,4.000000953674316,0,0,16,180,180,144,7.257236003875732,2.7334518432617188,8.8198881149292,0.0,254.44398498535156,0.2251991480588913,0.5125222206115723,1.343429446220398,11.32984733581543,26.02215003967285,32.97226333618164,24.431806564331055,24.639892578125,5.0416364669799805,0.7532523274421692,72.49082946777344,10.157258033752441,16.082324981689453,21.681241989135742,27.427703857421875,31.434694290161133,38.81190872192383,5.329519748687744,2.329646348953247,6.844339370727539,0.0,254.44398498535156,0.20966817438602448,0.48922574520111084,1.2424780130386353,7.633474826812744,17.790733337402344,29.76511573791504,17.787811279296875,18.248897552490234,9.314692497253418,0.03882743790745735,110.36311340332031,1.289070963859558,3.183850049972534,9.831108093261719,25.56398582458496,30.790159225463867,36.7055982971191,19.10228681564331,3.177913897866798,0.08450640738010406,0.0656307190656662,0.902575596743707,0.8427149267918855,0.9715907160091073,21345,3344,4.680918664951006,0.6927084816965066,0.6081541500844618,0.5251429125084779,0.728106405320266,6,0.1403364566139337,9.30594801713124,1.1529292826315969
Mouse,POLYIC_20190524_polyic___E3_P1_10,180,180,36,0.10000000149011612,0.10000000149011612,0.40000009536743164,18.0000002682209,18.0000002682209,14.400003433227539,36,4.000000894069658,112365,449.4601205545697,9.633487654320987,180,180,36,1.0000000149011612,1.0000000149011612,4.000000953674316,0,0,16,180,180,144,6.313592910766602,2.7321600914001465,7.681560516357422,0.0,208.67588806152344,0.22290349006652832,0.5158623456954956,1.33742094039917,8.954351425170898,23.25838851928711,30.085667400360165,21.952789306640625,22.029233932495117,5.032468318939209,0.12737342715263367,58.91020965576172,9.495688438415527,13.681179618835454,18.838529586791992,25.168989181518555,29.557003021240234,34.89624343872071,4.646383285522461,2.3436710834503174,5.808913707733154,0.0,208.67588806152344,0.21016615629196167,0.484019011259079,1.2418909072875977,5.929233074188232,15.233861923217773,25.965072631835938,15.877334594726562,16.335641860961914,8.727804183959961,0.025474684312939644,97.8482666015625,1.0769423723220835,2.6238925457000732,8.355696678161621,22.812580108642578,28.74818229675293,35.14869689941406,17.306406021118164,3.1845002214585625,0.08860830962657928,0.07078949362039566,0.936720910786647,0.9038728897715989,0.9720464557468963,11616,3141,0.5000000789761572,0.3169978316201035,0.675673900909479,0.6383561643835617,0.7193557582668187,10,0.22085835124987774,8.000421149201983,1.0754238419436657
Mouse,POLYIC_20190524_polyic___E3_P1_12,180,180,36,0.10000000149011612,0.10000000149011612,0.40000009536743164,18.0000002682209,18.0000002682209,14.400003433227539,36,4.000000894069658,118667,474.6681273158824,10.173782578875173,180,180,36,1.0000000149011612,1.0000000149011612,4.000000953674316,0,0,16,180,180,144,8.510584831237793,3.5937654972076416,9.86894416809082,0.0,238.8505401611328,0.24784590303897858,0.5685876607894897,1.5453920364379883,13.485733032226562,28.269010543823242,37.22062301635742,26.076915740966797,26.162321090698242,5.77094030380249,0.2770042419433594,69.97272491455078,11.61464159011841,16.70772933959961,22.83827018737793,29.333290100097656,34.268341064453125,44.54913230895993,6.521005630493164,2.959571599960327,8.108466148376465,0.0,238.8505401611328,0.23326672613620758,0.5394293069839478,1.4214690923690796,9.527487754821777,21.88333511352539,34.589080810546875,19.871564865112305,20.148412704467773,9.717778205871582,0.021868756040930748,115.88253784179688,1.8078171014785767,4.424777984619141,12.210055351257324,27.212020874023438,33.298824310302734,44.1066552734376,19.555910110473633,2.778840706843295,0.07693617045879364,0.06394097954034805,0.8957296051429748,0.8312748889017141,0.9710197443265609,23388,3439,4.368066072343522,0.633657115811978,0.5318039923246556,0.46998652761838233,0.6150847001882226,6,0.15998419777219675,8.90823698169543,1.1681090783452857
Mouse,POLYIC_20190524_polyic___E3_P1_13,180,180,36,0.10000000149011612,0.10000000149011612,0.40000009536743164,18.0000002682209,18.0000002682209,14.400003433227539,36,4.000000894069658,109554,438.21611753869377,9.392489711934155,180,180,36,1.0000000149011612,1.0000000149011612,4.000000953674316,0,0,16,180,180,144,7.856884479522705,2.2640013694763184,9.994771003723145,0.0,276.79949951171875,0.20274639129638672,0.46462714672088623,1.1742395162582397,12.882843017578125,28.240882873535156,36.038169860839844,26.611793518066406,26.98216438293457,5.084478855133057,0.5068659782409668,84.87471008300781,10.838483810424805,18.010637283325195,24.23664093017578,29.339092254638672,33.52918243408203,40.308262062072764,5.912726402282715,1.9683295488357544,8.205402374267578,0.0,276.79949951171875,0.1942986249923706,0.4392838478088379,1.0982096195220947,9.334781646728516,21.49956512451172,34.196556091308594,20.026477813720703,20.473159790039062,9.56096363067627,0.05068659782409668,131.5148162841797,1.4361202716827393,4.164748668670654,12.629410743713379,27.649538040161133,32.96318435668945,41.66581871032713,20.69906711578369,3.0325161886817824,0.08032899349927902,0.06498563289642334,0.838163416052429,0.735799726824961,0.9736111871770998,38299,2891,4.754629372370744,0.8770815196653349,0.42671619442524766,0.3508507329028609,0.5458515283842795,3,0.14745684671853473,9.153681776604351,1.3232013436296255
Mouse,POLYIC_20190524_polyic___E3_P1_3,180,180,36,0.10000000149011612,0.10000000149011612,0.39999961853027344,18.0000002682209,18.0000002682209,14.399986267089844,36,3.9999961256981473,111369,445.475588437187,9.54809670781893,180,180,36,1.0000000149011612,1.0000000149011612,3.9999961853027344,0,0,16,180,180,144,8.817426681518555,2.3859901428222656,10.830777168273926,0.0,270.51678466796875,0.19814449548721313,0.4623371660709381,1.18061101436615,14.637925148010254,29.862028121948242,40.33066177368164,27.783037185668945,28.07872772216797,5.169454097747803,0.31372877955436707,80.41364288330078,12.284958839416504,19.178735733032227,25.345983505249023,30.448204040527344,34.70005416870117,43.41015625,6.815420627593994,2.0227251052856445,9.213590621948242,0.0,270.51678466796875,0.18988847732543945,0.43756911158561707,1.098050832748413,11.50063705444336,24.074556350708008,39.57936477661133,20.59869384765625,21.048725128173828,10.137529373168945,0.0,102.74617767333984,1.0732827186584473,3.591369152069092,12.81334400177002,28.64013671875,34.122135162353516,44.21924591064453,20.96761655807495,2.8067626263746206,0.07647684216499329,0.062200695276260376,0.8229164681624672,0.7149062975961857,0.969372087385179,43052,3411,5.353502939704275,0.9887888653959355,0.4516991110611005,0.37016244075284155,0.5799377578345516,7,0.14892964425474928,9.123407512154074,1.3559428566297622
Mouse,POLYIC_20190524_polyic___E3_P1_4,180,180,36,0.10000000149011612,0.10000000149011612,0.40000009536743164,18.0000002682209,18.0000002682209,14.400003433227539,36,4.000000894069658,113510,454.04012178302145,9.731652949245543,180,180,36,1.0000000149011612,1.0000000149011612,4.000000953674316,0,0,16,180,180,144,7.754440784454346,1.973265528678894,10.521547317504883,0.0,380.32952880859375,0.18571911752223969,0.42947545647621155,1.0794923305511475,12.744974136352539,30.17935562133789,37.95634460449219,28.563085556030273,28.97218132019043,5.508205890655518,0.13928933441638947,73.56798553466797,11.572622299194336,19.361217498779297,25.82656478881836,31.630287170410156,35.87861251831055,44.37525939941406,5.511103630065918,1.7411166429519653,8.2251615524292,0.0,380.32952880859375,0.17411166429519653,0.40626055002212524,1.009847640991211,7.660913467407227,20.521961212158203,34.706260681152344,20.622222900390625,20.974653244018555,10.741930961608887,0.01160744484513998,119.10398864746094,1.1955667734146118,3.4358036518096924,11.88602352142334,29.668628692626953,35.24020004272461,44.224365234375,23.051981925964355,3.29324756454971,0.08382639288902283,0.06709590554237366,0.8593083000884805,0.7679262557742728,0.9753766188001057,33459,2795,4.964876737717622,0.8633338919515074,0.5033512642752351,0.42331464711801065,0.6235963144255686,4,0.15323312148545024,9.037186431929518,1.2701435996828474
Mouse,POLYIC_20190524_polyic___E3_P1_5,180,180,36,0.10000000149011612,0.10000000149011612,0.40000057220458984,18.0000002682209,18.0000002682209,14.400020599365234,36,4.000005662441169,110364,441.4566446643065,9.461934156378602,180,180,36,1.0000000149011612,1.0000000149011612,4.000005722045898,0,0,16,180,180,144,2.1839592456817627,0.9411588907241821,2.5841634273529053,0.0,61.43030548095703,0.09374092519283295,0.21372932195663452,0.5324484705924988,3.2040648460388184,7.780497074127197,10.084649085998535,7.473714351654053,7.471151828765869,1.524446725845337,0.2062300443649292,19.79245948791504,3.579028606414795,5.135128021240234,6.647637844085693,8.249201774597168,9.612195014953613,12.861949367523184,1.6311392784118652,0.8455431461334229,1.9756085872650146,0.0,61.43030548095703,0.08811647444963455,0.20248040556907654,0.4987017512321472,1.9835580587387085,5.320734977722168,8.888514518737793,5.361011028289795,5.618831157684326,2.7750370502471924,0.0037496371660381556,27.59920310974121,0.39183709025382996,0.9542826414108276,3.0090837478637695,7.621137619018555,9.152864456176758,11.365075149536091,5.8425750732421875,3.3111664532822718,0.0824003741145134,0.06409342586994171,0.8520947292372915,0.758219478079037,0.9725000906092567,34225,3035,4.835287455130144,0.9465187640573125,0.5292077962025671,0.4338188727042432,0.6836323690955693,5,0.12431455427726898,9.68969555788883,1.282610271465333
Mouse,POLYIC_20190524_polyic___E3_P1_6,180,180,36,0.10000000149011612,0.10000000149011612,0.39999961853027344,18.0000002682209,18.0000002682209,14.399986267089844,36,3.9999961256981473,118485,473.93956214009376,10.158179012345679,180,180,36,1.0000000149011612,1.0000000149011612,3.9999961853027344,0,0,16,180,180,144,7.256346225738525,2.7257134914398193,8.749574661254883,0.0,219.97715759277344,0.2215481400489807,0.5102320909500122,1.3225752115249634,11.292241096496582,26.713335037231445,32.708560943603516,25.486888885498047,25.786861419677734,5.2605133056640625,0.48337775468826294,54.37328338623047,10.708160400390625,16.454984664916992,22.6717586517334,28.599849700927734,32.79583740234375,40.516456604003906,5.195068359375,2.302757978439331,6.344674587249756,0.0,219.97715759277344,0.20812097191810608,0.48337775468826294,1.2218714952468872,7.922024250030518,16.830944061279297,25.8271427154541,17.735946655273438,16.891366958618164,9.061139106750488,0.04028147831559181,70.10991668701172,1.4635604619979858,3.732750415802002,10.406048774719238,25.645875930786133,31.2517147064209,35.873075866699125,20.291820526123047,3.481865006368114,0.08328963816165924,0.06503064185380936,0.9034744215797931,0.8398657027040746,0.9775077013968013,22083,2665,5.430469508357011,0.8174409833387185,0.5789197997904784,0.5082759996011567,0.6779672864532365,7,0.15794046767770667,8.946496257570391,1.1638857239312994
Mouse,POLYIC_20190524_polyic___E3_P1_7,180,180,36,0.10000000149011612,0.10000000149011612,0.39999961853027344,18.0000002682209,18.0000002682209,14.399986267089844,36,3.9999961256981473,106787,427.14760536991344,9.155264060356654,180,180,36,1.0000000149011612,1.0000000149011612,3.9999961853027344,0,0,16,180,180,144,7.347083568572998,1.9305602312088013,9.810578346252441,0.0,257.1412048339844,0.18049953877925873,0.42378151416778564,1.0594537258148193,12.054229736328125,28.668033599853516,35.5427131652832,27.38951873779297,27.828319549560547,5.108188152313232,0.6278244853019714,71.12466430664062,11.409610691070558,18.630691528320312,25.089435577392578,30.045324325561523,34.02023696899414,42.111324310302734,5.327221393585205,1.7186694145202637,7.665165901184082,0.0,257.1412048339844,0.1726517230272293,0.4002380967140198,0.9966713190078735,7.494654655456543,20.247339248657227,32.623329162597656,19.86042594909668,20.60833740234375,10.666546821594238,0.0,101.85667419433594,0.9103454947471619,2.597623586654663,11.088949203491211,28.550317764282227,33.87897872924805,44.59907913208008,22.062297344207764,3.387224790414298,0.08860616385936737,0.07203740626573563,0.866791256325725,0.7858034844054581,0.9663910401078784,28130,3589,4.775981126500278,0.7276923146874013,0.542652639373091,0.467073427309068,0.649876874860085,6,0.16820547059218313,8.76067196771387,1.229812617640724
Mouse,POLYIC_20190524_polyic___E3_P1_9,180,180,38,0.10000000149011612,0.10000000149011612,0.40000009536743164,18.0000002682209,18.0000002682209,15.200003623962402,38,4.000000894069658,110502,442.00811855578746,8.97514619883041,180,180,38,1.0000000149011612,1.0000000149011612,4.000000953674316,0,0,8,180,180,152,6.663198947906494,1.9678250551223755,8.947394371032715,0.0,307.03692626953125,0.18741190433502197,0.43104737997055054,1.0776184797286987,10.23268985748291,27.31528663635254,33.640438079833984,26.050539016723633,26.59375,5.380034923553467,0.4966415762901306,63.48578643798828,10.139078378677368,16.810848236083984,23.32341194152832,29.06758689880371,33.003238677978516,41.82096862792969,4.751587390899658,1.7616719007492065,6.661843776702881,0.0,307.03692626953125,0.17804130911827087,0.41230618953704834,1.0120242834091187,6.578157901763916,16.885812759399414,29.845346450805664,18.058847427368164,17.71979522705078,9.973600387573242,0.037482380867004395,91.81309509277344,0.8433535695075989,2.333278179168701,9.76416015625,26.949832916259766,32.02869415283203,38.56937026977539,21.298951625823975,3.5176074462846905,0.089842788875103,0.07326101511716843,0.8899559957836264,0.8274349361417482,0.9626975077374165,22186,4122,3.7336309961543304,0.5164174010284033,0.5944340414541228,0.5383822181484876,0.6668146175469744,6,0.20826993995932408,8.158467613736441,1.1634721543501476
Mouse,POLYIC_20190524_polyic___E4_P1_1,180,180,36,0.10000000149011612,0.10000000149011612,0.39999961853027344,18.0000002682209,18.0000002682209,14.399986267089844,36,3.9999961256981473,112579,450.3155839656464,9.651834705075446,180,180,36,1.0000000149011612,1.0000000149011612,3.9999961853027344,0,0,16,180,180,144,7.32514762878418,2.865546464920044,9.129659652709961,0.0,253.07949829101562,0.2239914983510971,0.5252214670181274,1.3671205043792725,10.88289737701416,27.18793487548828,35.17438888549805,25.99217414855957,26.037080764770508,5.588470935821533,0.2239914983510971,68.0625228881836,10.782487869262695,17.247344970703125,23.009334564208984,28.925800323486328,33.70685958862305,45.161319732666016,5.330959796905518,2.4484589099884033,6.907695293426514,0.0,253.07949829101562,0.2162676602602005,0.49432608485221863,1.2744344472885132,6.8047075271606445,18.135587692260742,30.424224853515625,18.423091888427734,18.900249481201172,9.687371253967285,0.04634306952357292,96.67936706542969,1.3671205043792725,3.3135294914245605,10.249542236328125,26.33058738708496,32.01533889770508,40.24478546142572,20.661214351654053,3.288533768273017,0.08292780071496964,0.06552226841449738,0.8954594404248611,0.8306239649959739,0.9712735057159861,22297,3234,4.539823818638986,0.7401148417857162,0.5926601322087988,0.5030905287181437,0.7266069397042093,7,0.12484067169009275,9.676064594767892,1.169329981612912
Mouse,POLYIC_20190524_polyic___E4_P1_7,180,180,36,0.10000000149011612,0.10000000149011612,0.40000009536743164,18.0000002682209,18.0000002682209,14.400003433227539,36,4.000000894069658,109158,436.63211711383184,9.358539094650206,180,180,36,1.0000000149011612,1.0000000149011612,4.000000953674316,0,0,16,180,180,144,8.333524703979492,2.8030195236206055,10.38267993927002,0.0,343.9840393066406,0.22046221792697906,0.5039136409759521,1.3227732181549072,13.542678833007812,29.247987747192383,37.835514068603516,27.31259536743164,27.72574806213379,5.406193733215332,0.08398560434579849,74.18028259277344,11.868950424194335,18.08839988708496,24.43981170654297,30.465778350830078,34.76111526489252,41.6673583984375,6.3739776611328125,2.372593402862549,8.653454780578613,0.0,343.9840393066406,0.20996400713920593,0.4829172194004059,1.2387876510620117,9.731831550598145,22.28767967224121,35.966835021972656,20.137441635131836,20.649961471557617,10.070972442626953,0.041992802172899246,112.97113800048828,1.3227732181549072,3.684868335723877,12.093927383422852,28.093185424804688,34.0981559753418,43.59356674194347,20.938617706298828,2.9021404696637743,0.08214367926120758,0.06899942457675934,0.9028024514012257,0.8420435085938986,0.9730115978673116,19924,2946,5.045790428155876,0.6308664660765663,0.5765045957972003,0.5193083573487032,0.6503460078874916,5,0.20416824661047545,8.212739697996975,1.1555360120192748
Mouse,POLYIC_20190524_polyic___E4_P1_9,180,180,39,0.10000000149011612,0.10000000149011612,0.40000009536743164,18.0000002682209,18.0000002682209,15.600003719329834,39,4.000000894069658,114367,457.46812270248273,9.05088635644191,180,180,39,1.0000000149011612,1.0000000149011612,4.000000953674316,0,0,4,180,180,156,7.36282205581665,2.604045867919922,9.131662368774414,0.0,284.4139099121094,0.21700383722782135,0.49476873874664307,1.2846627235412598,11.735567092895508,26.15373525619547,34.06092071533203,24.445959091186523,24.56483268737793,5.335506916046143,0.2777649164199829,76.15966796875,10.424863815307617,15.685036659240723,21.387897491455078,27.66364860534668,32.1165657043457,39.47455978393548,5.662778377532959,2.248159646987915,7.544559955596924,0.0,284.4139099121094,0.19964352250099182,0.46872827410697937,1.1978611946105957,8.34162712097168,19.695266723632812,31.91692352294922,18.118133544921875,18.332483291625977,9.347777366638184,0.0,131.5824432373047,1.2412619590759277,3.3244986534118652,10.693948745727539,25.215845108032227,31.47423553466797,41.21067714691164,18.783180713653564,2.874654571061342,0.08741805702447891,0.07498270273208618,0.8672461054493956,0.7937276714397746,0.9557739557739557,28407,5058,5.000999974540701,0.9628800922185984,0.43326785616849456,0.35507149538954963,0.5568461809222105,9,0.11235342794293271,10.022021928906998,1.2041585422368342
Mouse,POLYIC_20190524_polyic___E8_P1_1,180,180,36,0.10000000149011612,0.10000000149011612,0.40000009536743164,18.0000002682209,18.0000002682209,14.400003433227539,36,4.000000894069658,112465,449.86012066185805,9.642061042524006,180,180,36,1.0000000149011612,1.0000000149011612,4.000000953674316,0,0,16,180,180,144,7.1587090492248535,1.8480019569396973,10.646678924560547,0.0,263.2679748535156,0.1848001927137375,0.4178091287612915,1.0364880561828613,10.067593574523926,30.009944915771484,42.11837387084961,28.91730308532715,28.82883071899414,6.2401838302612305,0.12855665385723114,78.34724426269531,12.370685577392578,19.97609786987305,25.920236587524414,31.480310440063477,37.4421272277832,53.49563980102539,4.836855888366699,1.6551669836044312,8.085853576660156,0.0,263.2679748535156,0.16873061656951904,0.39370477199554443,0.9722096920013428,4.981570243835449,18.793376922607422,37.176979064941406,20.679479598999023,21.452892303466797,12.236303329467773,0.024104373529553413,142.5934295654297,0.9963141083717346,2.8844900131225586,10.164011001586914,29.873353958129883,37.05806427001951,56.63113571166996,24.08044719696045,3.3342168101538827,0.08082829415798187,0.05964156985282898,0.8561167105021474,0.7637362637362637,0.9739207753523318,33884,2933,4.579410948766849,0.8091576025330733,0.5059915514813644,0.42837902837902836,0.6211721036476551,3,0.15340526675596958,9.033804776663965,1.2752056195260748
Mouse,POLYIC_20190524_polyic___E9_P1_1,180,180,36,0.10000000149011612,0.10000000149011612,0.40000057220458984,18.0000002682209,18.0000002682209,14.400020599365234,36,4.000005662441169,121464,485.856709502241,10.41358024691358,180,180,36,1.0000000149011612,1.0000000149011612,4.000005722045898,0,0,16,180,180,144,9.010477066040039,2.3968780040740967,11.126713752746582,0.0,262.6625671386719,0.20040786266326904,0.47296255826950073,1.2024471759796143,15.206948280334473,31.3758544921875,38.7989616394043,29.426807403564453,29.74854278564453,5.682526111602783,0.6813867092132568,86.20744323730469,12.529500007629395,19.920541763305664,26.678295135498047,32.5141716003418,36.67464065551758,46.98746814727768,6.637271404266357,2.028127670288086,8.96420669555664,0.0,262.6625671386719,0.1923915445804596,0.44089728593826294,1.1142677068710327,11.407215118408203,23.495817184448242,35.77681350708008,21.1458740234375,20.249210357666016,10.350160598754883,0.0320652574300766,145.79270935058594,1.641661088466644,4.954082489013672,13.162788391113281,29.820690155029297,35.63251876831055,43.91505512237542,22.789535999298096,3.036606632072331,0.07742167264223099,0.06164836138486862,0.8536013304072038,0.7571090877812255,0.9782816307712573,38121,2638,4.430294200495629,0.7847555728319983,0.5122609253125334,0.4388029743168651,0.6160489848533677,5,0.15672314324052888,8.969600082154926,1.2921277086214846
Mouse,POLYIC_20190531_polyic_m__E3_P1,180,180,38,0.10000000149011612,0.10000000149011612,0.40000009536743164,18.0000002682209,18.0000002682209,15.200003623962402,38,4.000000894069658,116419,465.67612490403997,9.455734243014945,180,180,38,1.0000000149011612,1.0000000149011612,4.000000953674316,0,0,8,180,180,152,7.921778678894043,1.970318078994751,10.565793991088867,0.0,217.37185668945312,0.18575389683246613,0.4312143921852112,1.0813530683517456,13.34774398803711,29.8665714263916,37.54218673706055,28.245004653930664,28.712244033813477,5.306656360626221,0.6833089590072632,64.62245178222656,11.902711162567138,19.26533317565918,25.773351669311523,31.05406951904297,34.848758697509766,44.39040344238261,5.7993855476379395,1.7513937950134277,8.52730941772461,0.0,217.37185668945312,0.17911982536315918,0.41131219267845154,1.0150123834609985,8.59775161743164,22.608901977539062,34.95490264892578,20.892494201660156,21.58062171936035,10.596555709838867,0.006634067744016647,144.78189086914062,1.3400816917419434,3.953904390335083,12.392437934875488,29.3491153717041,34.47061538696289,48.24665390014647,22.445619106292725,3.1604833358486015,0.08448532968759537,0.06923408806324005,0.8879948668086429,0.8196113767494586,0.9688281122497187,24824,3629,4.079644634071305,0.5837593744159045,0.5061440302475335,0.4477897128692419,0.5841269841269842,6,0.1748028634388565,8.649040757061561,1.1820579115092897
Mouse,POLYIC_20190531_polyic_m__E3_P1_1,180,180,38,0.10000000149011612,0.10000000149011612,0.40000009536743164,18.0000002682209,18.0000002682209,15.200003623962402,38,4.000000894069658,110713,442.8521187821659,8.992283950617285,180,180,38,1.0000000149011612,1.0000000149011612,4.000000953674316,0,0,8,180,180,152,8.06947135925293,2.0214602947235107,10.71933364868164,0.0,249.9440155029297,0.19070379436016083,0.43480464816093445,1.0984538793563843,13.562853813171387,29.650625228881836,38.59844970703125,27.884557723999023,28.285186767578125,5.036411762237549,0.3051260709762573,81.32372283935547,11.556650161743164,19.27634048461914,25.63821792602539,30.581260681152344,34.448734283447266,41.5725135803223,6.111588954925537,1.800243854522705,9.00678539276123,0.0,249.9440155029297,0.18307563662528992,0.419548362493515,1.029800534248352,9.268204689025879,23.677783966064453,37.705955505371094,21.2717342376709,22.533559799194336,10.57550048828125,0.030512606725096703,170.27560424804688,1.418836236000061,4.134458065032959,12.89920425415039,29.17768096923828,34.62417984008789,46.70717239379883,21.772968769073486,2.983891819231735,0.0828004702925682,0.06909466534852982,0.8880686261933236,0.8194648093841642,0.9692086746813834,23640,3409,4.51774286655022,0.6396807204942966,0.49196662099887906,0.4351103639025978,0.5686188491628281,5,0.18330218463609477,8.513240664332296,1.182733734972406
Mouse,POLYIC_20190531_polyic_m__E3_P1_10,180,180,38,0.10000000149011612,0.10000000149011612,0.40000003576278687,18.0000002682209,18.0000002682209,15.2000013589859,38,4.000000298023219,114207,456.8280544581426,9.276072124756334,180,180,38,1.0000000149011612,1.0000000149011612,4.000000357627869,0,0,8,180,180,152,6.211676597595215,2.1308248043060303,7.3057541847229,0.0,230.42445373535156,0.18987548351287842,0.43601036071777344,1.1040908098220825,10.337665557861328,21.237924575805664,26.34346580505371,20.190109252929688,20.394033432006836,4.097039699554443,0.3375564217567444,64.39591979980469,8.18574333190918,13.150635719299316,18.15069007873535,22.41937255859375,26.06920051574707,31.547460556030273,4.78245210647583,1.8495278358459473,5.924019813537598,0.0,230.42445373535156,0.17581063508987427,0.4149130880832672,1.033766508102417,7.897413730621338,15.724503517150879,23.614885330200195,14.118451118469238,14.0789155960083,7.66530704498291,0.014064851216971874,88.43274688720703,0.7735667824745178,2.0815978050231934,7.742700576782227,20.49248695373535,25.112791061401367,30.190202713012695,15.407657146453857,3.025190215962856,0.0889161080121994,0.07320553064346313,0.8216665846708119,0.723562659130597,0.9505459385151523,41475,5648,5.478366657952098,1.0334919729647012,0.47348016631082146,0.3925555351569671,0.6011732329084588,8,0.1458598781932232,9.186967407514574,1.313702312467712
Mouse,POLYIC_20190531_polyic_m__E3_P1_11,180,180,38,0.10000000149011612,0.10000000149011612,0.40000009536743164,18.0000002682209,18.0000002682209,15.200003623962402,38,4.000000894069658,114853,459.4121232239042,9.328541260558804,180,180,38,1.0000000149011612,1.0000000149011612,4.000000953674316,0,0,8,180,180,152,8.096497535705566,2.334280252456665,10.270955085754395,0.0,240.51895141601562,0.20553410053253174,0.4697922468185425,1.2038426399230957,13.528548240661621,29.369356155395508,37.5760383605957,27.671131134033203,28.12881088256836,5.417959690093994,0.6019213199615479,66.25538635253906,11.326396942138672,18.03561782836914,25.053138732910156,30.749370574951172,34.764625549316406,42.640987396240234,6.082601070404053,2.0259790420532227,8.357562065124512,0.0,240.51895141601562,0.19819359481334686,0.44777071475982666,1.1230970621109009,10.034468650817871,20.68553924560547,35.52069854736328,20.18966293334961,20.4139404296875,10.249692916870117,0.02202151156961918,125.18495178222656,1.5341652631759644,4.206108570098877,11.86959457397461,28.473814010620117,34.096641540527344,43.99163818359375,21.58853006362915,3.0653169111758394,0.0823364108800888,0.06835706532001495,0.8882866340861073,0.8231832367365136,0.9645721052127502,23796,4069,5.140038993908796,0.8202097467918603,0.557904277402567,0.4805863708399366,0.6693312397402041,6,0.1474455135646416,9.1539162980985,1.1717586828380626
Mouse,POLYIC_20190531_polyic_m__E3_P1_12,180,180,38,0.10000000149011612,0.10000000149011612,0.39999961853027344,18.0000002682209,18.0000002682209,15.19998550415039,38,3.9999961256981473,112790,451.15958318589844,9.160981156595192,180,180,38,1.0000000149011612,1.0000000149011612,3.9999961853027344,0,0,8,180,180,152,8.572158813476562,2.251521587371826,10.957381248474121,0.0,262.53863525390625,0.20031331479549408,0.45671436190605164,1.1698297262191772,14.118082046508789,29.99892234802246,41.51293182373047,27.658967971801758,28.156038284301758,5.011385917663574,0.5368396639823914,70.2939453125,12.211099624633789,19.222064971923828,25.223451614379883,30.407560348510742,33.98916244506836,41.86011207580568,6.647282600402832,1.9630703926086426,9.444304466247559,0.0,262.53863525390625,0.19230078160762787,0.4406892955303192,1.0897043943405151,10.88101863861084,24.237911224365234,41.440818786621094,21.38070297241211,22.675466537475586,10.404619216918945,0.024037597700953484,186.60386657714844,1.6105190515518188,4.511055946350098,13.284778594970703,29.053442001342773,34.44587707519531,46.51355190277104,21.011685371398926,2.7793030905396385,0.07899630814790726,0.06473372131586075,0.8715005599104143,0.7938433515482696,0.9659987587552088,28295,3835,4.884106823399581,0.7988282106743573,0.44272711153141436,0.380772142316427,0.5302716964986094,6,0.16227489942047116,8.866121427229452,1.2168631970919408
Mouse,POLYIC_20190531_polyic_m__E3_P1_13,180,180,38,0.10000000149011612,0.10000000149011612,0.40000009536743164,18.0000002682209,18.0000002682209,15.200003623962402,38,4.000000894069658,113250,453.00012150407167,9.198343079922028,180,180,38,1.0000000149011612,1.0000000149011612,4.000000953674316,0,0,8,180,180,152,8.236102104187012,2.7044565677642822,9.715625762939453,0.0,210.9862518310547,0.20605383813381195,0.482938677072525,1.2556406259536743,13.477209091186523,27.443796157836914,36.62607192993164,25.732959747314453,26.059371948242188,4.834893226623535,0.26400649547576904,71.91922760009766,11.442427635192871,17.704210662841803,23.342037200927734,28.34528160095215,32.16371536254883,40.08391189575195,6.4636430740356445,2.240835428237915,8.211790084838867,0.0,210.9862518310547,0.19961465895175934,0.4636211395263672,1.171931266784668,11.062515258789062,20.772802352905273,35.55072784423828,19.18764305114746,19.92283058166504,9.525452613830566,0.032195910811424255,168.1141815185547,1.4552552700042725,4.172590255737305,11.519697189331055,26.690410614013672,31.558433532714844,39.7012940979004,19.26931667327881,2.8596653812965407,0.07959647476673126,0.0654831975698471,0.8953656327270056,0.8322637902785364,0.9688211920529801,22113,3531,6.428841359975372,1.2094617706084336,0.5082183352377604,0.42928801012954126,0.6274178127528132,10,0.1345332195860611,9.437876265671216,1.1640794701986754
Mouse,POLYIC_20190531_polyic_m__E3_P1_2,180,180,38,0.10000000149011612,0.10000000149011612,0.39999985694885254,18.0000002682209,18.0000002682209,15.199994564056396,38,3.999998509883903,118390,473.55984475492943,9.615821962313191,180,180,38,1.0000000149011612,1.0000000149011612,3.9999985694885254,0,0,8,180,180,152,7.454616546630859,2.3710222244262695,8.849871635437012,0.0,248.2073974609375,0.1969539225101471,0.45450904965400696,1.1665732860565186,12.415672302246094,24.99042320251465,32.51254653930664,23.652297973632812,23.816274642944336,4.566312789916992,0.23482967913150787,66.40377044677734,10.505901594161989,16.41535186767578,21.43767738342285,25.914592742919922,29.770343780517578,39.13323211669922,5.731377601623535,2.0074150562286377,7.317932605743408,0.0,248.2073974609375,0.1893787831068039,0.43178361654281616,1.0908217430114746,9.961323738098145,18.521244049072266,30.56573486328125,17.137914657592773,17.657676696777344,8.901041030883789,0.015150302089750767,101.93880462646484,1.0529459714889526,2.8709821701049805,9.83254623413086,24.422286987304688,28.861326217651367,36.784934997558594,17.920920372009277,2.938184495028087,0.0822845920920372,0.0667249858379364,0.8399046274833522,0.7449776749233494,0.9625559591181687,39010,4433,5.74055712234032,1.0996190084357509,0.499712368168744,0.4166666666666667,0.6293049028547381,6,0.14240697817387982,9.260626477186458,1.292060140214545
Mouse,POLYIC_20190531_polyic_m__E3_P1_3,180,180,38,0.10000000149011612,0.10000000149011612,0.40000009536743164,18.0000002682209,18.0000002682209,15.200003623962402,38,4.000000894069658,119339,477.3561280368601,9.6929012345679,180,180,38,1.0000000149011612,1.0000000149011612,4.000000953674316,0,0,8,180,180,152,8.671198844909668,2.6661152839660645,10.066375732421875,0.0,211.52041625976562,0.20657552778720856,0.47125041484832764,1.2136311531066895,14.40218734741211,29.740419387817383,35.69237518310547,28.067203521728516,28.52678871154785,5.075450897216797,0.3550516664981842,80.12548065185547,12.364707202911378,19.37291145324707,25.49271011352539,31.05733871459961,34.87898635864258,41.25209838867181,6.589378356933594,2.1625874042510986,8.045506477355957,0.0,211.52041625976562,0.19366455078125,0.4454284608364105,1.1297098398208618,11.374564170837402,22.39407730102539,32.632476806640625,19.379690170288086,19.637584686279297,10.794222831726074,0.01936645433306694,176.63497924804688,0.658459484577179,1.7107034921646118,10.586995124816895,28.92702865600586,33.658897399902344,39.40428161621094,21.477825164794922,3.193038121163259,0.08893080055713654,0.07188184559345245,0.8483967730516274,0.7638935487767236,0.9539211825136795,35186,5499,6.66243198067317,1.2579419614488705,0.5309832356268641,0.4376816477823175,0.6771830242228236,15,0.11123349743527056,10.055544530636825,1.248761930299399
Mouse,POLYIC_20190531_polyic_m__E3_P1_4,180,180,38,0.10000000149011612,0.10000000149011612,0.40000057220458984,18.0000002682209,18.0000002682209,15.200021743774414,38,4.000005662441169,112340,449.3606562066271,9.124431448992851,180,180,38,1.0000000149011612,1.0000000149011612,4.000005722045898,0,0,8,180,180,152,7.783849239349365,2.5409140586853027,9.66988468170166,0.0,199.17604064941406,0.21883469820022583,0.49845680594444275,1.2765357494354248,12.601231575012207,28.296541213989258,35.55455780029297,26.747394561767578,27.226682662963867,5.238226413726807,0.3586457669734955,69.58943176269531,11.203121185302734,17.433526325225834,24.096132278442383,29.846620559692383,33.66407012939453,40.59280319213868,5.8797993659973145,2.2005045413970947,7.772213935852051,0.0,199.17604064941406,0.20667721331119537,0.47414183616638184,1.197512149810791,9.336947441101074,19.74375343322754,33.196006774902344,19.776395797729492,19.865327835083008,9.593791961669922,0.012157483026385307,124.73577880859375,1.586551547050476,4.285512924194336,12.035908699035645,27.93181800842285,33.01364517211914,39.09238815307617,20.867595195770264,3.148658798637694,0.0820927545428276,0.06838005781173706,0.9115392909872099,0.8533435830537955,0.9782535161118034,18887,2443,4.5188495285369985,0.627581853735007,0.552310693817827,0.494026058279721,0.6276647794785769,5,0.17564189437423133,8.63524678406949,1.146377069610112
Mouse,POLYIC_20190531_polyic_m__E3_P1_5,180,180,38,0.10000000149011612,0.10000000149011612,0.40000009536743164,18.0000002682209,18.0000002682209,15.200003623962402,38,4.000000894069658,114764,459.05612312841754,9.321312540610787,180,180,38,1.0000000149011612,1.0000000149011612,4.000000953674316,0,0,8,180,180,152,7.407237529754639,2.257368564605713,9.23780632019043,0.0,312.0883483886719,0.20002000033855438,0.45718854665756226,1.1620209217071533,12.296466827392578,26.126420974731445,33.75575637817383,24.857614517211914,25.05012321472168,4.846964359283447,0.38099047541618347,73.11206817626953,10.49628734588623,17.039798736572266,22.573684692382812,27.259868621826172,31.384090423583984,40.62663227081294,5.613428592681885,1.962100863456726,7.561342239379883,0.0,312.0883483886719,0.19049523770809174,0.4286142587661743,1.0858228206634521,9.08662223815918,19.087621688842773,31.488861083984375,17.877592086791992,18.659008026123047,9.560412406921387,0.019049523398280144,95.69528198242188,0.9905751943588257,2.6383590698242188,9.886702537536621,25.58350944519043,30.545909881591797,39.39288894653317,19.24418592453003,3.030167925118343,0.08470277488231659,0.06923262029886246,0.8606646695594777,0.7799154827886433,0.9600658743159876,31092,4583,5.922837300584554,1.0706680502490824,0.4990451583913727,0.4196379087382228,0.6222413298939524,9,0.13177493401269372,9.503272634262544,1.2309870691157505
Mouse,POLYIC_20190531_polyic_m__E3_P1_6,180,180,38,0.10000000149011612,0.10000000149011612,0.40000009536743164,18.0000002682209,18.0000002682209,15.200003623962402,38,4.000000894069658,114325,457.3001226574216,9.285656270305392,180,180,38,1.0000000149011612,1.0000000149011612,4.000000953674316,0,0,8,180,180,152,6.332004547119141,2.186156749725342,7.382813453674316,0.0,229.5885009765625,0.18918664753437042,0.4414355158805847,1.1211060285568237,10.706562995910645,21.237953186035156,26.927566528320312,20.0181884765625,20.200929641723633,4.279894828796387,0.36435946822166443,54.26853942871094,8.121011734008789,12.486318588256836,17.74150276184082,22.492189407348633,26.619260787963867,30.823410034179688,4.931066989898682,1.8988733291625977,6.088850975036621,0.0,229.5885009765625,0.18217973411083221,0.4204147756099701,1.0510369539260864,8.205094337463379,16.228010177612305,24.089765548706055,13.883992195129395,13.768583297729492,7.680477142333984,0.0,78.54048156738281,0.7287189364433289,1.9269009828567505,7.525424480438232,20.130859375,25.484142303466797,30.410001754760742,15.087121486663818,2.8668132758561864,0.08634364604949951,0.07226577401161194,0.8371452548062253,0.742266716271519,0.9598338071287995,38102,4592,5.8660038576492655,1.0138835164704718,0.5618411409887818,0.47622394003279456,0.6911483761409467,6,0.15061720394287925,9.089205671333175,1.2931117428383994
Mouse,POLYIC_20190531_polyic_m__E3_P1_7,180,180,38,0.10000000149011612,0.10000000149011612,0.40000009536743164,18.0000002682209,18.0000002682209,15.200003623962402,38,4.000000894069658,115099,460.39612348783356,9.348521767381417,180,180,38,1.0000000149011612,1.0000000149011612,4.000000953674316,0,0,8,180,180,152,6.854345321655273,1.9637593030929565,8.66710090637207,0.0,202.34132385253906,0.18526031076908112,0.4260987341403961,1.0683344602584839,11.560243606567383,24.83723258972168,31.315168380737305,23.972761154174805,24.00356101989746,4.839475631713867,0.17290963232517242,80.66851806640625,10.096563816070557,16.4449405670166,21.81131362915039,26.07847785949707,30.456796646118164,41.55413719177251,5.088994979858398,1.7414469718933105,6.863931179046631,0.0,202.34132385253906,0.17290963232517242,0.40139734745025635,1.0065810680389404,8.108226776123047,18.328420639038086,27.974308013916016,17.40430450439453,17.754114151000977,8.919866561889648,0.043227408081293106,124.59991455078125,1.2412440776824951,3.4273159503936768,10.3004732131958,24.423484802246094,29.122920989990234,37.34230422973633,18.883766174316406,3.179831611667907,0.08298254013061523,0.06704159080982208,0.9007064443377538,0.8407902863771259,0.9698172877262183,21137,3474,4.31856465228311,0.6533314165102881,0.5227245862884161,0.460444171527991,0.6078472513638271,8,0.15828839404512893,8.939936489675219,1.15345919599649
Mouse,POLYIC_20190531_polyic_m__E3_P1_8,180,180,38,0.10000000149011612,0.10000000149011612,0.4000000059604645,18.0000002682209,18.0000002682209,15.20000022649765,38,4.0,111178,444.7120198801759,9.030051981806368,180,180,38,1.0000000149011612,1.0000000149011612,4.000000059604645,0,0,8,180,180,152,7.907892227172852,2.010911464691162,10.645744323730469,0.0,257.3809814453125,0.18852294981479645,0.4398868978023529,1.0997172594070435,13.180896759033203,29.990859985351562,37.8145637512207,28.214771270751953,28.7733154296875,5.143693923950195,0.18852294981479645,81.51261138916016,11.594161987304688,19.417863845825195,25.921907424926758,30.941329956054688,34.578250885009766,42.55300827026364,5.892143726348877,1.7909680604934692,8.772607803344727,0.0,257.3809814453125,0.18066783249378204,0.4163215160369873,1.0368763208389282,8.263589859008789,23.6439208984375,36.3299446105957,21.311594009399414,22.175012588500977,11.1270170211792,0.07855123281478882,229.78591918945312,1.4531978368759155,4.210346221923828,12.670313835144043,29.51169776916504,34.78248596191406,48.98454666137695,22.322627544403076,3.104316189830727,0.08561592549085617,0.07035175710916519,0.8905911643314643,0.8278406676196731,0.9636348917951393,22280,4043,4.253234127005474,0.5888725580475932,0.4936942088376378,0.4388960420981918,0.5655846063454759,6,0.19693124685679114,8.312134862742028,1.1640342513806687
Mouse,POLYIC_20190531_polyic_m__E3_P1_9,180,180,38,0.10000000149011612,0.10000000149011612,0.40000009536743164,18.0000002682209,18.0000002682209,15.200003623962402,38,4.000000894069658,117878,471.51212646937716,9.574236517218973,180,180,38,1.0000000149011612,1.0000000149011612,4.000000953674316,0,0,8,180,180,152,8.11512565612793,2.706495761871338,9.501797676086426,0.0,272.0277404785156,0.20755335688591003,0.47322165966033936,1.2287158966064453,13.490967750549316,27.579689025878906,35.00179672241211,26.085947036743164,26.409088134765625,5.16520881652832,0.20755335688591003,66.59141540527344,11.365621566772461,17.783170700073242,23.38711166381836,28.858219146728516,32.768524169921875,43.36395534515378,6.212386131286621,2.2000656127929688,7.6944355964660645,0.0,272.0277404785156,0.1992512196302414,0.44831523299217224,1.1456944942474365,10.676544189453125,19.783985137939453,31.979820251464844,18.555160522460938,18.820938110351562,9.682777404785156,0.033208537846803665,96.83609008789062,0.9879539608955383,2.7480063438415527,10.601825714111328,26.973634719848633,31.573015213012695,37.437642669677686,19.873560905456543,3.032740570346016,0.08478464931249619,0.06932339817285538,0.8336824708790292,0.7277524677296887,0.9757036936493663,43026,2864,6.232976915515235,1.3514800258582984,0.5036121071503902,0.40506170780520345,0.6731210556511761,9,0.12133266109591694,9.76843258326844,1.3407081898233768
Mouse,POLYIC_20190531_polyic_m__E5_P1_11,180,180,38,0.10000000149011612,0.10000000149011612,0.3999999761581421,18.0000002682209,18.0000002682209,15.1999990940094,38,3.9999997019767806,120878,483.5119855902187,9.8179012345679,180,180,38,1.0000000149011612,1.0000000149011612,3.999999761581421,0,0,8,180,180,152,7.42252779006958,2.077223300933838,9.601370811462402,0.0,234.6975860595703,0.193396657705307,0.4369331896305084,1.1102399826049805,12.019244194030762,27.261764526367188,34.109439849853516,26.047494888305664,26.230316162109375,5.098124027252197,0.4799102246761322,73.38328552246094,11.251172513961793,17.633834362030033,23.8880672454834,28.379167556762695,32.4548225402832,43.04422065734846,5.394872188568115,1.8193610906600952,7.583963394165039,0.0,234.6975860595703,0.17907097935676575,0.41544467210769653,1.038611650466919,8.222939491271973,19.891202926635742,31.007930755615234,18.622526168823242,18.702173233032227,9.798666000366211,0.02865135669708252,170.27500915527344,1.0457744598388672,3.115834951400757,10.901841163635254,26.45952796936035,31.48784065246582,41.61874336242673,20.65262269973755,3.1961548150375307,0.08367317169904709,0.06925390660762787,0.9068520357497517,0.8423039264378255,0.9821141977861977,22226,2162,3.6878178249398594,0.4733792824721739,0.5639689811072188,0.514004542013626,0.6259644414625964,3,0.21047325306245784,8.129899056908883,1.1659855391386356
Mouse,POLYIC_20190612_polyic___E10_P1_1,180,180,38,0.10000000149011612,0.10000000149011612,0.40000009536743164,18.0000002682209,18.0000002682209,15.200003623962402,38,4.000000894069658,114971,459.8841233505044,9.338125406107862,180,180,38,1.0000000149011612,1.0000000149011612,4.000000953674316,0,0,8,180,180,152,4.318535804748535,1.7273221015930176,5.059004783630371,0.0,114.10773468017578,0.16716019809246063,0.383075475692749,0.9542061686515808,6.682925701141357,15.396151542663574,18.990095138549805,14.723074913024902,14.908600807189941,2.741387367248535,0.40397047996520996,36.980712890625,6.765461015701294,10.047024726867676,13.313613891601562,16.29463768005371,18.4241886138916,22.458669662475586,3.2468740940093994,1.53926682472229,3.8931970596313477,0.0,114.10773468017578,0.15671269595623016,0.3621804416179657,0.8950035572052002,4.750135898590088,10.517162322998047,16.96926826477041,10.53642749786377,10.583330154418945,5.44485330581665,0.0069650085642933846,59.47420883178711,0.8636610507965088,2.120845079421997,5.878467082977295,15.176753044128418,17.990615844726562,22.699589900970434,11.476200819015503,3.4085244969505712,0.08636780828237534,0.06770089268684387,0.924239784277121,0.8835254086723403,0.9688878064903323,14685,3577,4.341658733914238,0.4499867771769705,0.6038642668214954,0.5619165780456103,0.6543052003410059,5,0.21970049160283467,8.014451066386913,1.0966156682989623
Mouse,POLYIC_20190612_polyic___E12_P1,180,180,38,0.10000000149011612,0.10000000149011612,0.40000009536743164,18.0000002682209,18.0000002682209,15.200003623962402,38,4.000000894069658,113808,455.2321221027408,9.243664717348928,180,180,38,1.0000000149011612,1.0000000149011612,4.000000953674316,0,0,8,180,180,152,4.93553352355957,1.7194409370422363,5.959632396697998,0.0,157.3720703125,0.1632988601922989,0.3746268153190613,0.946172833442688,7.972826957702637,17.472978591918945,21.81000328063965,16.669944763183594,16.877418518066406,3.135322093963623,0.2737657427787781,51.27584457397461,7.33404016494751,11.382891654968262,15.210808753967285,18.313488006591797,20.666912078857422,26.464021682739258,3.740367889404297,1.5321276187896729,4.762402057647705,0.0,157.3720703125,0.1584959626197815,0.3602180778980255,0.8885379433631897,5.821124076843262,12.89100456237793,20.18181800842285,12.038551330566406,12.381896018981934,6.276284217834473,0.014408723451197147,67.45203399658203,0.8261001110076904,2.166111469268799,6.767297267913818,17.26645278930664,20.297088623046875,26.36133605957029,12.929576873779297,3.20690452189781,0.08380698412656784,0.06665732711553574,0.8926921811334858,0.8301511865994726,0.9654242232531983,22480,3935,5.219195424904192,0.8635933672801956,0.5548268704310941,0.47747931774078234,0.6657149132440149,8,0.15635254977706983,8.976681199646052,1.162949880500492
Mouse,POLYIC_20190612_polyic___E3_P1,180,180,38,0.10000000149011612,0.10000000149011612,0.40000057220458984,18.0000002682209,18.0000002682209,15.200021743774414,38,4.000005662441169,115947,463.7886772760352,9.417397660818713,180,180,38,1.0000000149011612,1.0000000149011612,4.000005722045898,0,0,8,180,180,152,4.487576007843018,1.661399006843567,5.3910722732543945,0.0,122.33123779296875,0.16427315771579742,0.37334808707237244,0.9296367764472961,7.041345119476318,15.878494262695312,19.563440322875977,14.945097923278809,15.113130569458008,2.7556045055389404,0.09333702176809311,38.38764953613281,7.014912195205689,10.35294246673584,13.563735961914062,16.460918426513672,18.574068069458008,23.224267539978005,3.400362968444824,1.4859254360198975,4.329459190368652,0.0,122.33123779296875,0.15680620074272156,0.3546806871891022,0.8699010610580444,4.756454944610596,12.074077606201172,18.36305114746087,10.98579216003418,11.454319953918457,5.5332417488098145,0.01866740547120571,46.713314056396484,0.8512336611747742,2.150485038757324,6.350651264190674,15.52008056640625,18.32765769958496,24.143823394775378,11.544734954833984,3.181347338664317,0.08573644608259201,0.06871389597654343,0.8713747857278289,0.7902250045618517,0.9710988641362002,29890,3351,4.318564693136939,0.7911265253741988,0.4713919726729291,0.3961264388817833,0.5857450204733153,5,0.12968694300215222,9.554003002796263,1.2288890613814933
Mouse,POLYIC_20190612_polyic___E3_P1_1,180,180,38,0.10000000149011612,0.10000000149011612,0.40000009536743164,18.0000002682209,18.0000002682209,15.200003623962402,38,4.000000894069658,111564,446.2561196951899,9.06140350877193,180,180,38,1.0000000149011612,1.0000000149011612,4.000000953674316,0,0,8,180,180,152,5.169364929199219,1.8751641511917114,6.093813896179199,0.0,163.84434509277344,0.170014888048172,0.3950345814228058,0.9950871467590332,8.360732078552246,17.80655860900879,22.50697135925293,16.908666610717773,17.14150047302246,3.1959149837493896,0.16501444578170776,52.71461486816406,7.375645637512207,11.566762542724613,15.386346817016602,18.63663101196289,20.95683479309082,26.3723087310791,3.999624013900757,1.6501444578170776,4.9715986251831055,0.0,163.84434509277344,0.16001400351524353,0.37503284215927124,0.9350818395614624,6.495568752288818,12.951133728027344,21.24511013030959,12.365445137023926,12.86612606048584,6.245181083679199,0.035003066062927246,79.2619400024414,0.8400735259056091,2.2401962280273438,7.220632076263428,17.541536331176758,20.551799774169922,25.731452255249007,12.909042596817017,3.0889124698162975,0.08416280895471573,0.0693388432264328,0.8952593777572544,0.8289101986593168,0.9731544225735901,22409,2995,5.798275716802058,0.8619754718957685,0.5709782133716212,0.49965126884489514,0.6701992686021345,5,0.17755684170579544,8.60409084856051,1.1740167078986052
Mouse,POLYIC_20190612_polyic___E3_P1_2,180,180,38,0.10000000149011612,0.10000000149011612,0.40000009536743164,18.0000002682209,18.0000002682209,15.200003623962402,38,4.000000894069658,113510,454.04012178302145,9.219460688758934,180,180,38,1.0000000149011612,1.0000000149011612,4.000000953674316,0,0,8,180,180,152,4.302405834197998,1.6058151721954346,5.209500789642334,0.0,124.97895050048828,0.1602000892162323,0.36235734820365906,0.9039862155914307,6.781803607940674,15.199936866760254,18.937938690185547,14.342209815979004,14.494293212890625,2.614924192428589,0.17927153408527374,38.98202133178711,6.766890006065369,10.031577110290527,13.033421516418457,15.783522605895996,17.782209396362305,22.130496978759766,3.282787322998047,1.441800832748413,4.233701229095459,0.0,124.97895050048828,0.15257151424884796,0.3471001982688904,0.8505861759185791,4.455088138580322,11.637392044067383,17.904266357421875,10.498291969299316,10.96607780456543,5.371011257171631,0.019071439281105995,71.99468231201172,0.7514147162437439,1.9262152910232544,6.057088851928711,14.84139347076416,17.511394500732422,23.076440811157227,11.059422492980957,3.1430703985938613,0.0844239890575409,0.06814728677272797,0.8839693002692044,0.8115777609158483,0.9705400405250638,25577,3344,4.418144472710386,0.7210081187700181,0.4930567609789967,0.41992101799034665,0.5997865528281751,6,0.14311426010767958,9.245345694968009,1.1958682054444543
Mouse,POLYIC_20190612_polyic___E3_P1_3,180,180,38,0.10000000149011612,0.10000000149011612,0.40000009536743164,18.0000002682209,18.0000002682209,15.200003623962402,38,4.000000894069658,110548,442.19211860514014,8.978882391163094,180,180,38,1.0000000149011612,1.0000000149011612,4.000000953674316,0,0,8,180,180,152,3.7783427238464355,1.5940008163452148,4.431229114532471,0.0,107.91122436523438,0.1580827236175537,0.3622729182243347,0.9023889303207397,5.661337852478027,13.20978832244873,16.490005493164062,12.496803283691406,12.643324851989746,2.2943289279937744,0.1844298541545868,32.28510284423828,5.819420337677002,8.668203353881836,11.2963285446167,13.82894515991211,15.630430221557617,18.703163146972656,2.918299436569214,1.4392114877700806,3.5798888206481934,0.0,107.91122436523438,0.1482025533914566,0.34580597281455994,0.8496946692466736,3.840092897415161,9.916398048400879,15.651803941726653,9.177156448364258,9.547537803649902,4.647735118865967,0.013173560611903667,70.51477813720703,0.72125244140625,1.8047778606414795,5.292478084564209,12.952903747558594,15.44929313659668,19.593267478942884,9.578503847122192,3.185802708275016,0.08451297134160995,0.06800855696201324,0.9101631593389198,0.8532892185187237,0.9751601114448023,18535,2746,3.9875428398042043,0.4672206466227394,0.5558275577033128,0.5047520897744189,0.6196025164426652,8,0.2007655900889899,8.258877629416482,1.1428248362702174
Mouse,POLYIC_20190612_polyic___E3_P1_4,180,180,38,0.10000000149011612,0.10000000149011612,0.40000009536743164,18.0000002682209,18.0000002682209,15.200003623962402,38,4.000000894069658,111899,447.59612005460593,9.08861273554256,180,180,38,1.0000000149011612,1.0000000149011612,4.000000953674316,0,0,8,180,180,152,3.8525679111480713,1.603711724281311,4.467807292938232,0.0,124.51947784423828,0.15961112082004547,0.36482542753219604,0.9044630527496338,5.985417366027832,13.498540878295898,16.2385311126709,12.90092945098877,13.084311485290527,2.3617143630981445,0.18621297180652618,28.794607162475586,5.955015182495117,8.843215942382812,11.63071060180664,14.342199325561523,16.151124954223633,18.93671989440918,2.947981595993042,1.4441006183624268,3.5207903385162354,0.0,124.51947784423828,0.15201058983802795,0.34582409262657166,0.8512593507766724,4.02448034286499,9.926291465759277,14.410604476928711,9.388564109802246,9.538664817810059,4.670670032501221,0.0,47.385501861572266,0.7866548299789429,1.9533361196517944,5.479981899261475,13.338930130004883,15.858505249023438,19.088729858398438,9.952947854995728,3.3200794266281517,0.08851483464241028,0.07140155136585236,0.9076915371387548,0.8515690466680763,0.9717334381897962,18953,3163,4.588027998327955,0.5835396527173425,0.6020539152759948,0.5406755606017599,0.68187523071244,9,0.19992520788411938,8.270433470047903,1.1411093932921652
Mouse,POLYIC_20190614_polyic___E3_P1,180,180,38,0.10000000149011612,0.10000000149011612,0.40000009536743164,18.0000002682209,18.0000002682209,15.200003623962402,38,4.000000894069658,115244,460.97612364340165,9.360298895386615,180,180,38,1.0000000149011612,1.0000000149011612,4.000000953674316,0,0,8,180,180,152,4.3206071853637695,1.7312132120132446,5.0267205238342285,0.0,112.99787902832031,0.16553433239459991,0.3793495297431946,0.9483737945556641,6.81794548034668,14.777388572692871,19.233020782470703,14.02590274810791,14.13939094543457,2.732707977294922,0.07242127507925034,41.27322769165039,6.393763542175293,9.63892650604248,12.618544578552246,15.48780632019043,17.646650314331055,22.992029190063477,3.3183488845825195,1.5380898714065552,4.046528339385986,0.0,112.99787902832031,0.15863707661628723,0.3621063530445099,0.8897470831871033,4.921197891235352,10.711450576782227,18.001859664916992,10.191728591918945,10.518327713012695,5.313210487365723,0.02414042316377163,56.247188568115234,0.7242127060890198,1.8174290657043457,5.738523483276367,14.522189140319824,17.277647018432617,22.9712693023682,10.70755386352539,3.1012241284511526,0.08275192230939865,0.06544750928878784,0.8887797186312691,0.8177596325593264,0.9733088056645032,24997,3076,5.028916500099484,0.7921862728719836,0.5527529631575875,0.4777025681863428,0.6592289224685779,8,0.15546249538275198,8.993779718538644,1.1902138072264066
Mouse,POLYIC_20190614_polyic___E3_P1_1,180,180,38,0.10000000149011612,0.10000000149011612,0.39999961853027344,18.0000002682209,18.0000002682209,15.19998550415039,38,3.9999961256981473,118491,473.96356211792084,9.624025341130604,180,180,38,1.0000000149011612,1.0000000149011612,3.9999961853027344,0,0,8,180,180,152,4.548471450805664,1.9643248319625854,4.940824031829834,0.0,119.85673522949219,0.1719241440296173,0.395059734582901,1.0022811889648438,7.154970645904541,15.074455261230469,18.67388916015625,14.226633071899414,14.408706665039062,2.9389727115631104,0.4426132142543793,32.14249801635742,6.441668510437012,9.477775573730469,12.51754093170166,15.974313735961914,18.09958839416504,23.488130187988304,3.5178544521331787,1.689977765083313,3.880061626434326,0.0,119.85673522949219,0.16460822522640228,0.37676993012428284,0.9364379048347473,5.761287689208984,10.461767196655273,16.63274574279785,9.77150821685791,9.613120079040527,5.1565985679626465,0.0036579605657607317,54.1378173828125,0.6986704468727112,1.7411892414093018,5.475966930389404,14.386758804321289,17.283863067626953,19.27745246887207,10.708778619766235,3.111358498300324,0.085124671459198,0.06745994836091995,0.8188347226030201,0.708226569429388,0.9703859364846276,47370,3509,6.171708511256353,1.326307917011041,0.5552305262885397,0.4441554218826207,0.7500891265597148,7,0.11860609391108103,9.842719833009985,1.3701631347528505
Mouse,POLYIC_20190614_polyic___E3_P1_3,180,180,38,0.10000000149011612,0.10000000149011612,0.40000009536743164,18.0000002682209,18.0000002682209,15.200003623962402,38,4.000000894069658,120239,480.95612900245544,9.76600064977258,180,180,38,1.0000000149011612,1.0000000149011612,4.000000953674316,0,0,8,180,180,152,4.813877105712891,1.8313324451446533,5.530575275421143,0.0,128.49130249023438,0.17254523932933807,0.38822680711746216,0.9803707003593445,7.784143447875977,15.964356422424316,20.109363555908203,14.961329460144043,15.10947322845459,2.764004945755005,0.05490075796842575,43.81080627441406,7.086119651794434,10.376243591308594,13.54088020324707,16.50160026550293,18.67841453552243,23.01761383056639,3.7156198024749756,1.607807993888855,4.551943778991699,0.0,128.49130249023438,0.16078080236911774,0.3686193823814392,0.9176269769668579,5.733207702636719,12.57619571685791,19.16428565979004,11.014693260192871,11.297792434692383,5.472588539123535,0.03921482712030411,73.19447326660156,0.8156684041023254,2.062700033187866,6.654756546020508,15.48593521118164,18.317245483398438,22.658013381958,11.245709657669067,2.9864097733933317,0.08194376528263092,0.06594785302877426,0.8665725898323522,0.7763087721146439,0.9805886609170069,33974,2334,4.300000064074993,0.7970663699509468,0.4920277571776671,0.41195690568703636,0.612059835848557,8,0.1330804976327483,9.472093704967337,1.2631425743727076
Mouse,POLYIC_20190614_polyic___E3_P1_4,180,180,38,0.10000000149011612,0.10000000149011612,0.40000009536743164,18.0000002682209,18.0000002682209,15.200003623962402,38,4.000000894069658,120280,481.12012904644365,9.769330734243015,180,180,38,1.0000000149011612,1.0000000149011612,4.000000953674316,0,0,8,180,180,152,4.227065086364746,1.694453477859497,4.868317604064941,0.0,89.4049301147461,0.16371531784534454,0.3765452206134796,0.9413630366325378,6.630470275878906,14.417861938476562,17.932283401489258,13.584911346435547,13.67568588256836,2.5755536556243896,0.12824365496635437,35.33522033691406,6.520753564834594,9.421815872192383,12.22134780883789,14.985407829284668,17.12189292907715,21.809608459472656,3.2138853073120117,1.5061808824539185,3.8782293796539307,0.0,89.4049301147461,0.15552954375743866,0.35744509100914,0.8813340663909912,4.578571319580078,11.001668930053711,16.52433204650879,9.85347843170166,10.13124942779541,5.020065784454346,0.005457176826894283,64.92403411865234,0.7503618597984314,1.8745403289794922,5.683650016784668,14.01130199432373,16.655303955078125,21.040145874023438,10.371026039123535,3.150400645828142,0.08408793807029724,0.06728227436542511,0.8920168607775029,0.8185441868862933,0.9799800465580313,26130,2408,4.34626286009811,0.6985955544332543,0.5587055809290409,0.4828698870646294,0.6664419576648241,6,0.1484925440751654,9.132350579797787,1.1972231459926836
Mouse,POLYIC_20190614_polyic___E3_P1_5,180,180,38,0.10000000149011612,0.10000000149011612,0.40000057220458984,18.0000002682209,18.0000002682209,15.200021743774414,38,4.000005662441169,109669,438.67664060463403,8.907488628979857,180,180,38,1.0000000149011612,1.0000000149011612,4.000005722045898,0,0,8,180,180,152,3.8604049682617188,1.4864088296890259,4.983821392059326,0.0,112.73998260498047,0.15139350295066833,0.34751689434051514,0.8601903319358826,5.5809149742126465,14.884733200073242,19.165040969848633,14.399064064025879,14.45807933807373,2.9806222915649414,0.326872318983078,36.090145111083984,6.312695922851563,9.76832103729248,12.782427787780762,16.040828704833984,18.47688865661621,23.673538742065404,2.8298797607421875,1.3522192239761353,3.8047678470611572,0.0,112.73998260498047,0.14451196789741516,0.3303130865097046,0.8085789084434509,2.934969425201416,9.723591804504395,16.698015213012695,10.158717155456543,10.291316986083984,5.729551315307617,0.0,72.28351593017578,0.5952516794204712,1.4795273542404175,5.477692127227783,14.71613597869873,18.177541732788086,24.46329656600939,11.569184303283691,3.3851498715978363,0.08611715584993362,0.06558573246002197,0.8626319447812101,0.774623865063179,0.9732011780904357,31053,2939,4.360045988236567,0.7268933248091544,0.5086346465191581,0.43800051007396074,0.6093534075205469,9,0.16884916424140706,8.749525194337245,1.2563532082904012
Mouse,POLYIC_20190614_polyic___E3_P1_6,180,180,38,0.10000000149011612,0.10000000149011612,0.40000009536743164,18.0000002682209,18.0000002682209,15.200003623962402,38,4.000000894069658,115770,463.08012420773844,9.403021442495128,180,180,38,1.0000000149011612,1.0000000149011612,4.000000953674316,0,0,8,180,180,152,4.23342227935791,1.7472853660583496,4.894549369812012,0.0,111.60147094726562,0.17030072212219238,0.38828563690185547,0.9673081040382385,6.594044208526611,14.495997428894043,18.242612838745117,13.911324501037598,13.96806526184082,2.6438279151916504,0.12261652201414108,33.814910888671875,6.545304141044617,9.686705589294434,12.595441818237305,15.262351036071777,17.581846237182617,22.48756343841552,3.228957176208496,1.5565485954284668,3.871372699737549,0.0,111.60147094726562,0.16008268296718597,0.36784955859184265,0.9059998393058777,4.707111835479736,10.439434051513672,16.461267471313477,9.931851387023926,10.33725357055664,5.309901237487793,0.010218043811619282,60.68155288696289,0.6914209127426147,1.6961952447891235,5.4019389152526855,14.226922035217285,17.108409881591797,21.717394523620612,10.682367324829102,3.2225140325264086,0.08634507656097412,0.06801167130470276,0.9172105355761874,0.8713895864594429,0.9681178198151508,16542,3691,4.649731313533768,0.5988320442980236,0.6250815850815851,0.5711485691885535,0.6923452996228524,9,0.1947183115277733,8.3435049158653,1.1110045780426707
Mouse,POLYIC_20190614_polyic___E4_P1_5,180,180,38,0.10000000149011612,0.10000000149011612,0.40000009536743164,18.0000002682209,18.0000002682209,15.200003623962402,38,4.000000894069658,115660,462.64012408972127,9.394087069525666,180,180,38,1.0000000149011612,1.0000000149011612,4.000000953674316,0,0,8,180,180,152,4.881853103637695,1.8851968050003052,5.632291316986084,0.0,150.2928466796875,0.1743004322052002,0.39446941018104553,0.9999340772628784,7.765542984008789,16.51725959777832,21.571971893310547,15.854594230651855,15.83840560913086,3.3577723503112793,0.22016896307468414,41.602760314941406,7.20136022567749,10.912124633789062,14.168790817260742,17.36124038696289,20.214263916015625,29.070652198791535,3.7441909313201904,1.6512672901153564,4.4794230461120605,0.0,150.2928466796875,0.1651267260313034,0.37612199783325195,0.9357181191444397,6.017951965332031,11.925819396972656,19.299690341949933,11.286870002746582,11.609326362609863,5.885464191436768,0.03210797533392906,73.80247497558594,0.7889388203620911,1.9677602052688599,6.407834529876709,16.168659210205078,19.076723098754883,23.926449871063223,12.110403299331665,3.0593209205663405,0.08130443841218948,0.06393067538738251,0.8561862962299189,0.7658623771224308,0.9706640152170154,34322,3393,5.3758721023929805,0.9651302173847646,0.5110149378751919,0.4278821853604742,0.6397665812695702,6,0.13971885098332748,9.319639698870333,1.267413107383711
Mouse,POLYIC_20190618_mouse30__E3_P1,180,180,38,0.10000000149011612,0.10000000149011612,0.3999999165534973,18.0000002682209,18.0000002682209,15.199996829032898,38,3.9999991059303417,110668,442.6719208440754,8.98862897985705,180,180,38,1.0000000149011612,1.0000000149011612,3.999999165534973,0,0,8,180,180,152,4.456209659576416,1.6885478496551514,5.3089823722839355,0.0,145.98143005371094,0.16038978099822998,0.3742428123950958,0.9356070160865784,7.012597560882568,15.566719055175781,19.803682327270508,14.818679809570312,14.95634651184082,2.7869668006896973,0.09356070309877396,46.78034973144531,6.785378456115723,10.282766342163086,13.47719669342041,16.27510643005371,18.489376068115234,23.357474193573015,3.432771921157837,1.510336995124817,4.306866645812988,0.0,145.98143005371094,0.15593449771404266,0.35642170906066895,0.877688467502594,5.132472991943359,11.543608665466309,18.685409545898438,10.86169719696045,11.280747413635254,5.637884616851807,0.013365814462304115,62.29360580444336,0.8019488453865051,2.0449695587158203,6.139364242553711,15.392963409423828,18.24433708190918,24.07628631591797,11.385907888412476,3.1388486808439775,0.08344808965921402,0.06708090007305145,0.8756842879320206,0.7991454903364352,0.9684371272635269,26937,3493,4.820788322346862,0.8240738035767532,0.4741564967695621,0.40352629738774287,0.5795988367757811,6,0.1502057776501248,9.097496806189447,1.2118408211949254
Mouse,POLYIC_20190618_mouse31__E3_P1,180,180,38,0.10000000149011612,0.10000000149011612,0.40000009536743164,18.0000002682209,18.0000002682209,15.200003623962402,38,4.000000894069658,114447,457.7881227883134,9.29556530214425,180,180,38,1.0000000149011612,1.0000000149011612,4.000000953674316,0,0,8,180,180,152,4.995102882385254,1.9158939123153687,5.701135635375977,0.0,129.70285034179688,0.17417216300964355,0.4037627577781677,1.013365387916565,7.976293563842773,16.581981658935547,21.249004364013672,15.740555763244629,15.8496675491333,2.9800620079040527,0.2058398425579071,44.71078872680664,7.137100696563721,10.918615627288819,14.349411964416504,17.231168746948242,19.59832763671875,25.642892837524414,3.893886089324951,1.6783863306045532,4.6774001121521,0.0,129.70285034179688,0.16625525057315826,0.3839704692363739,0.9500300288200378,6.26228141784668,12.690817832946777,20.128761291503906,11.575294494628906,12.10892391204834,5.829225540161133,0.023750750347971916,85.83125305175781,0.9500300288200378,2.3829920291900635,6.685836315155029,16.26530647277832,19.194564819335938,24.454960727691628,11.846669673919678,3.020830034382081,0.0801648497581482,0.0644725114107132,0.9016734033953112,0.8389205207855408,0.9745733833127999,21416,2910,4.97342946341041,0.7289134219984681,0.5423064260273562,0.4752091726061357,0.6347782760338814,9,0.1632127801575133,8.849106127222472,1.1616993018602497
Mouse,POLYIC_20190618_mouse32__E3_P1,180,180,38,0.10000000149011612,0.10000000149011612,0.39999979734420776,18.0000002682209,18.0000002682209,15.199992299079895,38,3.999997913837464,113891,455.5637827701501,9.250406107862249,180,180,38,1.0000000149011612,1.0000000149011612,3.9999979734420776,0,0,8,180,180,152,4.408950328826904,1.7212414741516113,5.185155868530273,0.0,106.61285400390625,0.1659419983625412,0.37743669748306274,0.9500992894172668,6.881712436676025,15.328485488891602,19.47378158569336,14.621499061584473,14.713523864746094,2.787795305252075,0.01301505882292986,41.02671813964844,6.777266359329224,10.148491859436035,13.242822647094727,16.070343017578125,18.367502212524414,23.44370002746584,3.367949962615967,1.535776972770691,4.137543201446533,0.0,106.61285400390625,0.1561807096004486,0.36116787791252136,0.8915315270423889,5.020558834075928,11.075815200805664,18.110454559326172,10.585321426391602,10.996097564697266,5.661928653717041,0.0,74.80730438232422,0.7646347284317017,1.9164674282073975,5.746148586273193,15.143020629882812,18.100692749023438,23.90215492248535,11.253549098968506,3.189941775693365,0.08465208113193512,0.06645083427429199,0.9117351725954337,0.8580147941597924,0.9726317268265271,18331,3117,4.657252317018663,0.6528282454368873,0.5727500305287581,0.5047709420633666,0.6662798288242547,8,0.1636671641181307,8.840909372777867,1.1335838652746926
Mouse,POLYIC_20190618_mouse33__E3_P1,180,180,38,0.10000000149011612,0.10000000149011612,0.40000009536743164,18.0000002682209,18.0000002682209,15.200003623962402,38,4.000000894069658,111526,446.1041196544203,9.058317089018843,180,180,38,1.0000000149011612,1.0000000149011612,4.000000953674316,0,0,8,180,180,152,4.059056282043457,1.61582350730896,4.799201965332031,0.0,105.67679595947266,0.16125982999801636,0.3644472062587738,0.9095054268836975,6.221404552459717,14.200540542602539,17.487016677856445,13.405010223388672,13.523249626159668,2.440352201461792,0.15480944514274597,35.76742935180664,6.3520249128341675,9.388547897338867,12.178342819213867,14.7423734664917,16.696842193603516,20.53885793685913,3.1281464099884033,1.4545637369155884,3.8944149017333984,0.0,105.67679595947266,0.15158423781394958,0.34832122921943665,0.8579022884368896,4.26048469543457,10.978569030761719,16.493656158447266,9.878307342529297,10.472213745117188,5.081976890563965,0.02902676910161972,75.59215545654297,0.7417952418327332,1.8157857656478882,5.605391979217529,13.903822898864746,16.480754852294922,21.558537120819103,10.276863813400269,3.1623524930617073,0.08649039268493652,0.06938686966896057,0.9084821428571429,0.8537339326551534,0.970733281925291,18548,3264,4.455333948378741,0.6364808274550408,0.5209633415911443,0.45762341633901266,0.606393164911247,9,0.17551255697688148,8.63736740368637,1.1370442766709108
Mouse,POLYIC_20190618_mouse34__E3_P1,180,180,38,0.10000000149011612,0.10000000149011612,0.4000001549720764,18.0000002682209,18.0000002682209,15.200005888938904,38,4.000001490116097,110215,440.8601839411311,8.951835607537362,180,180,38,1.0000000149011612,1.0000000149011612,4.000001549720764,0,0,8,180,180,152,4.401591777801514,1.7510913610458374,5.103491306304932,0.0,133.12356567382812,0.16657713055610657,0.3819085359573364,0.9588342308998108,6.825599670410156,14.670975685119629,19.115741729736328,13.639191627502441,13.764959335327148,2.47550368309021,0.13813713192939758,41.50208282470703,6.6392768859863285,9.58427906036377,12.35108470916748,15.028507232666016,17.01930809020996,20.635250091552734,3.4933536052703857,1.5641999244689941,4.334636211395264,0.0,133.12356567382812,0.15845142304897308,0.36565712094306946,0.9019542336463928,5.082633972167969,12.095125198364258,18.790712356567383,10.227298736572266,10.864079475402832,5.133262634277344,0.024377141147851944,54.79168701171875,0.7231885194778442,1.8648513555526733,6.000839710235596,14.215935707092285,16.978679656982422,21.83785629272461,10.145838022232056,2.8744409692594672,0.08229529112577438,0.06745246052742004,0.8868881291298202,0.8105410216543861,0.9791135507870979,25224,2302,4.754471683930118,0.6626984127732961,0.5197749043659701,0.46052268081109454,0.5990245344368903,6,0.20037441958880903,8.264248456858978,1.2079753209635713
Mouse,POLYIC_20190618_mouse35__E3_P1,180,180,38,0.10000000149011612,0.10000000149011612,0.40000006556510925,18.0000002682209,18.0000002682209,15.200002491474152,38,4.000000596046439,111340,445.36008627295723,9.043209876543209,180,180,38,1.0000000149011612,1.0000000149011612,4.0000006556510925,0,0,8,180,180,152,4.824418544769287,2.175879716873169,5.189786911010742,0.0,153.98460388183594,0.18328145146369934,0.42765671014785767,1.09028959274292,7.49574089050293,15.137167930603027,19.44667747497563,14.159828186035156,14.248957633972168,2.558149576187134,0.09869001060724258,39.87076187133789,6.980626320838929,9.972390174865723,12.81090259552002,15.593021392822266,17.81589698791504,21.321741104125977,3.8962628841400146,1.875110149383545,4.408504962921143,0.0,153.98460388183594,0.173882395029068,0.4041590690612793,1.0197967290878296,5.963696002960205,12.28455638885498,18.95318031311035,10.540346145629883,11.161370277404785,5.134825229644775,0.04229571670293808,68.97491455078125,0.8083181381225586,2.0254950523376465,6.363155841827393,14.634318351745605,17.46813201904297,20.659109115600586,10.263565301895142,2.8477486483603225,0.08149129897356033,0.06687520444393158,0.8696197544364662,0.7871668340684455,0.9713669840129333,29242,3188,5.459853571472559,0.9005929066262253,0.48997636347719514,0.415633423180593,0.5993941142527409,9,0.14891357380090486,9.123735693621322,1.2340039518591701
Mouse,POLYIC_20190618_mouse36__E3_P1,180,180,38,0.10000000149011612,0.10000000149011612,0.39999985694885254,18.0000002682209,18.0000002682209,15.199994564056396,38,3.999998509883903,115587,462.34784843050954,9.388157894736842,180,180,38,1.0000000149011612,1.0000000149011612,3.9999985694885254,0,0,8,180,180,152,4.82212495803833,1.8482575416564941,5.603252410888672,0.0,140.83721923828125,0.1719309240579605,0.3954411447048187,0.988602876663208,7.577855587005615,16.10133171081543,20.88530921936035,14.998157501220703,15.108430862426758,2.831894636154175,0.22351020574569702,45.690643310546875,7.078052558898927,10.376031875610352,13.535262107849121,16.548351287841797,18.856525421142578,23.628209228515622,3.7677998542785645,1.6290456056594849,4.688073635101318,0.0,140.83721923828125,0.16333438456058502,0.3739497661590576,0.9284270405769348,5.703808784484863,12.903416633605957,20.27065658569336,11.2080078125,11.871830940246582,5.682404518127441,0.03008791245520115,71.65221405029297,0.7951805591583252,1.99869704246521,6.477497577667236,15.684398651123047,18.75766372680664,24.134803771972656,11.230357646942139,2.899778890299182,0.08254697173833847,0.0660240426659584,0.8831596657110699,0.8077215534927763,0.9741406905620874,26804,2989,4.700000070035458,0.7157909046388328,0.5398096254781604,0.4693420248523121,0.6380350677930007,8,0.1720234442248577,8.695373570472329,1.2060352807841712
Mouse,POLYIC_20190619_mouse38__E3_P1,180,180,38,0.10000000149011612,0.10000000149011612,0.3999999761581421,18.0000002682209,18.0000002682209,15.1999990940094,38,3.9999997019767806,111802,447.2079866721623,9.080734243014945,180,180,38,1.0000000149011612,1.0000000149011612,3.999999761581421,0,0,8,180,180,152,4.502779483795166,1.9091036319732666,4.979470729827881,0.0,121.4634780883789,0.17422887682914734,0.400355726480484,1.00459623336792,7.110021114349365,14.427634239196777,19.224489212036133,13.46960163116455,13.537954330444336,2.5842795372009277,0.1445728987455368,40.86964797973633,6.550264358520508,9.36016845703125,12.095932006835938,14.861352920532227,16.985462188720703,21.789693012237567,3.6072006225585938,1.675562858581543,4.215686798095703,0.0,121.4634780883789,0.1668148785829544,0.3818207383155823,0.9415773153305054,5.51230525970459,11.484277725219727,18.690792636871443,10.06247615814209,10.79477596282959,5.190049171447754,0.029655979946255684,69.77680969238281,0.6857945322990417,1.7200467586517334,5.705069065093994,14.064348220825195,16.885372161865234,22.440530929565423,9.862401008605957,2.8206788450533855,0.0820004865527153,0.06562555581331253,0.8624561514645213,0.7737121018384338,0.9741954526752652,31855,2885,5.700000082845228,0.9452620345819143,0.5072885440545465,0.43280865715691097,0.6178446261682243,8,0.15806257009816066,8.944191958591924,1.2591187993059159
Mouse,POLYIC_20190619_mouse39__E3_P1,180,180,38,0.10000000149011612,0.10000000149011612,0.39999982714653015,18.0000002682209,18.0000002682209,15.199993431568146,38,3.9999982118606834,116309,465.2358128209652,9.446799870045485,180,180,38,1.0000000149011612,1.0000000149011612,3.9999982714653015,0,0,8,180,180,152,3.9493257999420166,1.7810399532318115,4.278156757354736,0.0,70.22569274902344,0.17145991325378418,0.3922145664691925,0.9751783013343811,6.082540512084961,13.249565124511719,16.093656539916992,12.64897346496582,12.799483299255371,2.363189697265625,0.35149282217025757,26.295520782470703,5.737648773193359,8.615860939025879,11.423517227172852,14.010418891906738,15.920053482055664,19.385515365600583,3.0417492389678955,1.579574465751648,3.3030478954315186,0.0,70.22569274902344,0.16288691759109497,0.3729253113269806,0.9130240678787231,4.5243988037109375,9.627474784851074,14.246175765991211,8.979626655578613,9.085232734680176,4.652681350708008,0.010716244578361511,40.826751708984375,0.7029856443405151,1.7424614429473877,4.940188884735107,12.994518280029297,15.474257469177246,18.664419708251955,9.607224225997925,3.3453342502297794,0.08808515965938568,0.07002689689397812,0.9030055575367331,0.845567378547523,0.9688158268061801,20580,3627,4.725462950154344,0.6560479328453012,0.5898589494163424,0.5273729397424347,0.6739145932843801,7,0.17716369181283328,8.610450688666145,1.14575828181826
Mouse,POLYIC_20190619_mouse40__E3_P1,180,180,38,0.10000000149011612,0.10000000149011612,0.39999961853027344,18.0000002682209,18.0000002682209,15.19998550415039,38,3.9999961256981473,115199,460.7955742834676,9.35664392462638,180,180,38,1.0000000149011612,1.0000000149011612,3.9999961853027344,0,0,8,180,180,152,4.1049323081970215,1.639210820198059,4.820443153381348,0.0,108.50582122802734,0.16226531565189362,0.3675805926322937,0.9172957539558411,6.3846435546875,14.43167781829834,17.918725967407227,13.74056625366211,13.885274887084961,2.610433340072632,0.09603457152843475,41.28493118286133,6.397889614105225,9.441191673278809,12.438133239746094,15.143658638000488,17.160385131835938,21.92250720977786,3.1102957725524902,1.4670108556747437,3.789276361465454,0.0,108.50582122802734,0.1523306965827942,0.3510229289531708,0.8609996438026428,4.407655715942383,10.348552703857422,16.498077392578125,9.942787170410156,10.2227144241333,5.248347282409668,0.01986922137439251,62.34630584716797,0.7053573727607727,1.7993236362934124,5.510397434234619,14.259478569030762,16.885526657104492,22.388407287597644,10.63027048110962,3.26714450911427,0.08679698407649994,0.06876282393932343,0.8984459993817719,0.8357057505601195,0.971371279264577,21999,3298,4.321109734480356,0.6137581388783694,0.5603628959817953,0.49268672199170127,0.6527836804079898,6,0.16766751886376208,8.770031338277628,1.1623364786152657
Mouse,POLYIC_20190619_mouse41__E3_P1,180,180,38,0.10000000149011612,0.10000000149011612,0.40000009536743164,18.0000002682209,18.0000002682209,15.200003623962402,38,4.000000894069658,118492,473.9681271281277,9.624106562703053,180,180,38,1.0000000149011612,1.0000000149011612,4.000000953674316,0,0,8,180,180,152,4.535126686096191,2.0440940856933594,4.841948986053467,0.0,101.32646179199219,0.1824531853199005,0.41438519954681396,1.0514250993728638,7.04145622253418,14.420141363144065,18.604040145874023,13.763845443725586,13.742745399475098,2.7992148399353027,0.16080619394779205,39.471736907958984,6.682734489440918,9.561783790588379,12.320228576660156,15.087950706481934,17.521690368652344,24.541778354644766,3.5523626804351807,1.762683391571045,3.882162094116211,0.0,101.32646179199219,0.1731759011745453,0.3927382230758667,0.9833917617797852,5.612754821777344,10.634856224060059,17.0701961517334,9.908803939819336,10.328705787658691,5.22784423828125,0.012369707226753235,57.608821868896484,0.705073356628418,1.7719606161117554,5.411746978759766,14.150945663452148,16.98360824584961,21.87891960144043,10.211482763290405,3.0173224551415525,0.08427216112613678,0.06742848455905914,0.8489232103864134,0.7570035373070184,0.9662508861357729,36752,3999,5.953990371389146,1.2350662500601044,0.517255099604764,0.4199522353039762,0.6851503759398496,6,0.11276571564094623,10.009793028020882,1.2764152854201127
Mouse,POLYIC_20190619_mouse42__E3_P1,180,180,38,0.10000000149011612,0.10000000149011612,0.3999997675418854,18.0000002682209,18.0000002682209,15.199991166591644,38,3.9999976158142445,115175,460.6997459962885,9.35469460688759,180,180,38,1.0000000149011612,1.0000000149011612,3.9999976754188538,0,0,8,180,180,152,4.349597454071045,1.831211805343628,4.886759281158447,0.0,102.56664276123047,0.17529548704624176,0.39754512906074524,0.9954279661178589,6.8271331787109375,14.079984664916992,19.426496505737305,13.495841026306152,13.363150596618652,2.863889455795288,0.07199636101722717,34.43304443359375,6.564189910888672,9.475347518920898,12.082867622375488,14.63404369354248,17.50763702392578,25.032133560180615,3.405695676803589,1.621483325958252,3.996791362762451,0.0,102.56664276123047,0.16590465605258942,0.37876346707344055,0.9328224658966064,5.2056498527526855,10.837018013000488,17.645368576049805,9.82961654663086,10.295479774475098,5.203059673309326,0.015651382505893707,74.86995697021484,0.7387452721595764,1.7936484813690186,5.549980640411377,13.720002174377441,16.681243896484375,23.5872605133057,10.090145349502563,2.90214003450389,0.0781826451420784,0.06135199964046478,0.86170631096033,0.7749471275526124,0.9703407857607987,32456,3416,5.072031053004688,0.9430892001893285,0.49428315211299184,0.41494311115205673,0.6175313059033989,9,0.13624173863726324,9.398258772466756,1.2521380507922726
Mouse,POLYIC_20190619_mouse43__E3_P1,180,180,38,0.10000000149011612,0.10000000149011612,0.3999999165534973,18.0000002682209,18.0000002682209,15.199996829032898,38,3.9999991059303417,118630,474.519915149209,9.635315139701104,180,180,38,1.0000000149011612,1.0000000149011612,3.999999165534973,0,0,8,180,180,152,4.055112361907959,1.6006100177764893,4.831986904144287,0.0,109.48974609375,0.15705358982086182,0.36088910698890686,0.902222752571106,6.205287456512451,14.18511409759537,17.937524795532227,13.315186500549316,13.389654159545898,2.529637336730957,0.0668313130736351,40.47638702392578,6.510339274406433,9.286211013793945,11.982854843139648,14.679498672485352,16.771318435668945,21.248047275543186,3.0677378177642822,1.4301902055740356,3.877790927886963,0.0,109.48974609375,0.15037046372890472,0.3408397138118744,0.8454161286354065,3.9764633178710938,10.766525268554688,16.95510482788086,9.79560661315918,10.388928413391113,5.138381004333496,0.01002469751983881,73.05999755859375,0.6683131456375122,1.650733470916748,5.546998977661133,13.800666809082031,16.50399398803711,21.515473327636688,10.247448682785034,3.1300808668533575,0.08372978121042252,0.06776951253414154,0.9211857018308631,0.8692393986986763,0.979735311472646,17484,2404,0.9380831278199587,0.31217901620524124,0.5795602334936334,0.5376672403264309,0.6297009966777408,3,0.20501153020957238,8.20146360645752,1.1271179296973783
Mouse,POLYIC_20190619_mouse44__E4_P1,180,180,38,0.10000000149011612,0.10000000149011612,0.40000006556510925,18.0000002682209,18.0000002682209,15.200002491474152,38,4.000000596046439,118932,475.72809215569737,9.659844054580896,180,180,38,1.0000000149011612,1.0000000149011612,4.0000006556510925,0,0,8,180,180,152,4.129289627075195,1.575194239616394,4.983707904815674,0.0,107.97660064697266,0.15488311648368835,0.3559016287326813,0.889754056930542,6.363389492034912,14.720486640930176,18.622222900390625,13.880794525146484,13.96584415435791,2.7433054447174072,0.171360045671463,34.489505767822266,6.498500347137451,9.555135011672974,12.45985221862793,15.303770065307617,17.541336059570312,23.33258178710939,3.0865867137908936,1.4104249477386475,3.928520679473877,0.0,107.97660064697266,0.14829234778881073,0.3394246995449066,0.833732545375824,3.984121084213257,10.901135444641113,17.231571197509766,10.072709083557129,10.489212036132812,5.3350114822387695,0.0,72.37325286865234,0.682144820690155,1.7070096731185913,5.6021552085876465,14.374471664428711,17.145891189575195,23.012335968017567,10.79420781135559,3.1858791194156946,0.08380664139986038,0.06648429483175278,0.9052305030184223,0.8436571528196486,0.9764991759997309,21522,2795,3.8209947168046163,0.5151115354137757,0.5507652384182123,0.49134377576257215,0.630283389643522,6,0.1737302397524421,8.666804194161722,1.1574597248848082
Mouse,POLYIC_20190628_mouse30__E4_P1,180,180,38,0.10000000149011612,0.10000000149011612,0.39999985694885254,18.0000002682209,18.0000002682209,15.199994564056396,38,3.999998509883903,108951,435.8038571323111,8.849171539961013,180,180,38,1.0000000149011612,1.0000000149011612,3.9999985694885254,0,0,8,180,180,152,4.595766544342041,1.679131031036377,5.740509033203125,0.0,149.5065460205078,0.1642628163099289,0.3787170350551605,0.9445111751556396,6.999421119689941,16.531227111816406,22.426437377929688,15.987934112548828,15.928930282592773,3.231956720352173,0.38784274458885193,51.07204818725586,7.39867091178894,11.224625587463379,14.514445304870605,17.343416213989258,20.245391845703125,28.294269561767578,3.4897842407226562,1.514868140220642,4.616907596588135,0.0,149.5065460205078,0.1596999615430832,0.3604656159877777,0.8897569179534912,4.777310371398926,12.041377067565918,20.77012062072754,11.720556259155273,12.347087860107422,6.604962348937988,0.013688568025827408,103.30306243896484,0.7437455058097839,1.907273769378662,6.1963582038879395,16.476472854614258,20.195199966430664,30.553704719543425,12.498149871826172,3.1362526707053373,0.08048421144485474,0.06203693896532059,0.8870949536164147,0.8145642994241843,0.9738047379097026,24153,2854,4.2720019363165544,0.7293537136727647,0.4815279770444763,0.4099601593625498,0.5889653110047847,9,0.14043424971622973,9.303787412071767,1.1954915512478086
Mouse,POLYIC_20190628_mouse31__E3_P1,180,180,38,0.10000000149011612,0.10000000149011612,0.4000000059604645,18.0000002682209,18.0000002682209,15.20000022649765,38,4.0,116678,466.7120208636525,9.476770630279402,180,180,38,1.0000000149011612,1.0000000149011612,4.000000059604645,0,0,8,180,180,152,4.748008728027344,1.8828555345535278,5.258157730102539,0.0,123.63455963134766,0.17356985807418823,0.3961920440196991,0.9999132752418518,7.788003921508789,15.651473045349121,19.134227333068882,14.705238342285156,14.927007675170898,2.752378463745117,0.275447815656662,32.506614685058594,6.7616777420043945,9.901028633117676,13.278094291687012,16.308019638061523,18.526695251464844,21.99141344070433,3.705599784851074,1.6489136219024658,4.2759175300598145,0.0,123.63455963134766,0.1660233438014984,0.37732577323913574,0.9357678890228271,6.09381103515625,11.859349250793457,17.83618927001953,10.66739559173584,10.674546241760254,5.317237854003906,0.022639546543359756,70.33352661132812,0.8489829897880554,2.2450883388519287,6.293793678283691,15.168496131896973,18.13427734375,21.394371032714844,10.999638557434082,3.059053433227715,0.08456113189458847,0.06944770365953445,0.8809244773922761,0.8071333271498797,0.9695658136066783,27032,3551,5.163332334309881,0.8549902072074652,0.541609667122663,0.4622415773353752,0.6584695603156708,6,0.14429825980991592,9.219989502742086,1.2012461646582904
Mouse,POLYIC_20190628_mouse32__E3_P1,180,180,38,0.10000000149011612,0.10000000149011612,0.40000009536743164,18.0000002682209,18.0000002682209,15.200003623962402,38,4.000000894069658,114393,457.5721227303777,9.291179337231968,180,180,38,1.0000000149011612,1.0000000149011612,4.000000953674316,0,0,8,180,180,152,4.791121006011963,2.2767417430877686,5.030087947845459,0.0,133.45208740234375,0.18735262751579285,0.4317256212234497,1.1078242063522339,7.473740577697754,14.898606300354004,18.82079315185547,13.956795692443848,14.092175483703613,2.6312148571014404,0.25659164786338806,38.99378204345703,6.651018142700195,9.60385799407959,12.57706356048584,15.448445320129395,17.525615692138672,21.43183670043946,3.852294445037842,1.934619426727295,4.206883907318115,0.0,133.45208740234375,0.17920686304569244,0.4113611876964569,1.0345122814178467,6.023794174194336,11.542551040649414,18.071382522583008,10.182026863098145,10.670953750610352,5.246290683746338,0.03258306533098221,60.05466079711914,0.7412647008895874,1.8368703126907349,5.730546474456787,14.466880798339844,17.236440658569336,21.39078140258789,10.104501247406006,2.8798879500062045,0.08512868732213974,0.06742101907730103,0.9189469695721652,0.8687884994276192,0.9752519822017082,16849,2831,6.806651440576289,0.901007259902396,0.5957585139318885,0.5333260668156303,0.6778725539387858,12,0.17888576449924684,8.582731585525579,1.1225424632626122
Mouse,POLYIC_20190628_mouse33__E3_P1,180,180,38,0.10000000149011612,0.10000000149011612,0.4000000059604645,18.0000002682209,18.0000002682209,15.20000022649765,38,4.0,113538,454.15202030217677,9.221734892787524,180,180,38,1.0000000149011612,1.0000000149011612,4.000000059604645,0,0,8,180,180,152,4.033355712890625,1.5483477115631104,4.9349751472473145,0.0,137.86184692382812,0.15146879851818085,0.3534272015094757,0.879360556602478,6.163938522338867,14.56624984741211,17.776546478271484,13.752442359924316,13.922507286071777,2.517076253890991,0.21458080410957336,38.84333419799805,6.535752539634705,9.542534828186035,12.466723442077637,15.180540084838867,17.120182037353516,20.818544387817383,3.0460379123687744,1.3926714658737183,3.9514260292053223,0.0,137.86184692382812,0.14305387437343597,0.3365973234176636,0.8246634602546692,3.879284381866455,10.766907691955566,16.535343170166016,9.873221397399902,10.274633407592773,5.281952381134033,0.00420746672898531,56.01400375366211,0.6563647985458374,1.6451194286346436,5.389764785766602,14.254897117614746,16.85090446472168,21.129898071289062,10.706404447555542,3.2318181504158923,0.08879154920578003,0.07076714187860489,0.9201351334421862,0.8748659959183349,0.970344730398633,15758,3367,4.119466046194023,0.48197872938982644,0.6311741023207096,0.5788915719418105,0.6965811965811965,6,0.21713197180274207,8.045929058817068,1.1091352674875372
Mouse,POLYIC_20190628_mouse34__E6_P1,180,180,38,0.10000000149011612,0.10000000149011612,0.4000002145767212,18.0000002682209,18.0000002682209,15.200008153915405,38,4.000002086162536,111597,446.3882527645899,9.064083820662768,180,180,38,1.0000000149011612,1.0000000149011612,4.000002145767212,0,0,8,180,180,152,4.618133544921875,1.687549114227295,5.544704914093018,0.0,139.6319122314453,0.16193653643131256,0.37074944376945496,0.9290043115615845,7.342543601989746,15.874041557312012,20.523324966430664,14.93078899383545,15.072882652282715,2.7178893089294434,0.11932165920734406,43.30950164794922,7.061114559173584,10.444906234741211,13.555792808532715,16.43655776977539,18.62270164489746,22.69242286682129,3.5902156829833984,1.504305124282837,4.627599716186523,0.0,139.6319122314453,0.1534135639667511,0.35370349884033203,0.8736050128936768,5.356689929962158,12.5628662109375,19.89262580871582,10.985530853271484,11.591246604919434,5.63828706741333,0.017045950517058372,64.72347259521484,0.7414988875389099,1.9006235599517822,6.277171611785889,15.494769096374512,18.473548889160156,24.013738765716543,11.34057331085205,2.988420384880074,0.08521606773138046,0.07037802785634995,0.891302384022206,0.8225873685965697,0.9725440648046094,23408,3064,4.638965471023252,0.6357242824329148,0.5302262642791956,0.4745753364217957,0.60417735434225,6,0.19571803755042466,8.329274475276872,1.1822988073156089
Mouse,POLYIC_20190628_mouse35__E3_P1,180,180,38,0.10000000149011612,0.10000000149011612,0.3999998867511749,18.0000002682209,18.0000002682209,15.199995696544647,38,3.9999988079071223,114523,458.09188395624983,9.301738141650423,180,180,38,1.0000000149011612,1.0000000149011612,3.9999988675117493,0,0,8,180,180,152,4.279416084289551,1.694089651107788,4.983847618103027,0.0,137.05813598632812,0.15895162522792816,0.36809849739074707,0.9286121129989624,6.7470784187316895,14.18852424621582,18.572242736816406,13.207715034484863,13.301741600036621,2.4655067920684814,0.5312330722808838,37.21977996826172,6.4166259765625,9.252657890319824,11.91718864440918,14.539891242980957,16.56024932861328,20.785017013549805,3.3637566566467285,1.5058574676513672,4.21295690536499,0.0,137.05813598632812,0.15058575570583344,0.3513667583465576,0.8700510263442993,4.981878757476807,11.515626907348633,18.020095825195312,9.805929183959961,10.344404220581055,5.078915119171143,0.02091468870639801,52.79703903198242,0.6943676471710205,1.7275532484054565,5.659514427185059,13.732583999633789,16.451494216918945,22.33688735961914,9.843958377838135,2.851960031286291,0.08225526660680771,0.06602959334850311,0.896309005323127,0.8268790861730545,0.9784672074605101,23461,2466,4.541970623134805,0.6390405202164033,0.5564990398463754,0.48776296604873987,0.6499575191163977,7,0.17379110862584482,8.665792250930732,1.183325620181099
Mouse,POLYIC_20190628_mouse36__E3_P1,180,180,38,0.10000000149011612,0.10000000149011612,0.4000000059604645,18.0000002682209,18.0000002682209,15.20000022649765,38,4.0,118567,474.268021201432,9.630198180636777,180,180,38,1.0000000149011612,1.0000000149011612,4.000000059604645,0,0,8,180,180,152,4.086940765380859,1.6190919876098633,4.818339824676514,0.0,116.59597778320312,0.16012997925281525,0.3629612922668457,0.9038447737693787,6.401640892028809,13.977567672729492,18.03778774261478,13.110918045043945,13.226736068725586,2.4769535064697266,0.3202599585056305,34.78023147583008,6.362497806549072,9.10961627960205,11.806917190551758,14.447282791137695,16.461362838745117,20.939094734191883,3.1253058910369873,1.4447282552719116,3.9286301136016846,0.0,116.59597778320312,0.14945465326309204,0.3451690673828125,0.8469097018241882,4.394678592681885,10.646864891052246,17.02245750427223,9.699763298034668,10.052604675292969,4.945379257202148,0.014233776368200779,64.73521423339844,0.7437148094177246,1.8681831359863281,5.711302757263184,13.571905136108398,16.18024444580078,21.718928031921404,9.985612154006958,3.040677250057893,0.08348499983549118,0.0669362023472786,0.9177095364538062,0.8667436385719213,0.9750436462084728,17774,2959,4.006743666893667,0.4522865540035466,0.5918240169502088,0.5402331212343038,0.6557377049180327,6,0.21288620523190996,8.09906624003826,1.1249504499565646
Mouse,POLYIC_20190629_polyic_mo__E3_P1,180,180,38,0.10000000149011612,0.10000000149011612,0.40000009536743164,18.0000002682209,18.0000002682209,15.200003623962402,38,4.000000894069658,115920,463.680124368671,9.415204678362574,180,180,38,1.0000000149011612,1.0000000149011612,4.000000953674316,0,0,8,180,180,152,4.64348030090332,1.8882747888565063,5.301379203796387,0.0,131.3613739013672,0.17239026725292206,0.3968985080718994,0.9982599020004272,7.388726711273193,15.454987525939941,20.193716049194336,14.65125560760498,14.761417388916016,2.8961493968963623,0.29667162895202637,42.06723403930664,6.719211101531982,10.034716606140137,13.165804862976074,16.176620483398438,18.469812393188477,24.246129264831534,3.603290319442749,1.6557483673095703,4.319953918457031,0.0,131.3613739013672,0.16437211632728577,0.3768531382083893,0.9381237626075745,5.720951080322266,11.040994644165039,18.954910278320312,10.533373832702637,10.880631446838379,5.53405237197876,0.008018151856958866,59.378421783447266,0.7577153444290161,1.8241294622421265,5.817169189453125,15.154306411743164,17.972686767578125,22.768343734741258,11.047965288162231,3.004112604119919,0.08395656198263168,0.06640053540468216,0.8615285579627402,0.7750003446897104,0.9698067632850241,32638,3500,5.926297458712947,1.0368540411256577,0.5475523089555197,0.4628818905051076,0.6753339016766127,9,0.14711072998190353,9.160854969657528,1.2513630089717047
Mouse,POLYIC_20190629_polyic_mo__E3_P1_1,180,180,38,0.10000000149011612,0.10000000149011612,0.40000009536743164,18.0000002682209,18.0000002682209,15.200003623962402,38,4.000000894069658,120683,482.73212947881575,9.802063027940221,180,180,38,1.0000000149011612,1.0000000149011612,4.000000953674316,0,0,8,180,180,152,4.650566101074219,1.9419958591461182,5.282107830047607,0.0,117.18496704101562,0.17524456977844238,0.4005590081214905,1.0157032012939453,7.252979278564453,15.224818229675293,19.931386947631836,14.24919605255127,14.330713272094727,2.8179574012756348,0.03934061527252197,38.02449417114258,6.813079357147217,9.767202377319336,12.642643928527832,15.886456489562988,18.146753311157227,22.89981460571289,3.607455253601074,1.6880700588226318,4.355368614196777,0.0,117.18496704101562,0.16451530158519745,0.3791004717350006,0.9477512240409851,5.479074954986572,11.46957778930664,18.765474319458008,10.285884857177734,10.468180656433105,5.286253452301025,0.014305679127573967,76.7392349243164,0.765353798866272,1.8955024480819702,6.011961460113525,14.566757202148438,17.545915603637695,21.543564796447853,10.641740798950195,2.9011478343900605,0.07809269428253174,0.06132900342345238,0.9092529685396009,0.8445052407177118,0.9847534449756801,21882,1840,3.583015490199763,0.45995499675040075,0.5900575347901256,0.5411277806518365,0.6493449507929543,4,0.18376190306295762,8.506135524978834,1.166071443368163
Mouse,POLYIC_20190629_polyic_mo__E3_P1_2,180,180,38,0.10000000149011612,0.10000000149011612,0.40000009536743164,18.0000002682209,18.0000002682209,15.200003623962402,38,4.000000894069658,123815,495.2601328390873,10.056448992852502,180,180,38,1.0000000149011612,1.0000000149011612,4.000000953674316,0,0,8,180,180,152,4.479185581207275,1.7757405042648315,5.156142711639404,0.0,98.28363800048828,0.16797545552253723,0.3809443414211273,0.9568601846694946,6.9979777336120605,15.48373794555664,19.194224796295195,14.649149894714355,14.808835983276367,2.8507773876190186,0.6389066576957703,37.869468688964844,6.575039386749268,9.679585456848145,13.114084243774414,16.332612991333008,18.636276245117188,22.60727676391602,3.3420982360839844,1.5567725896835327,3.9739856719970703,0.0,98.28363800048828,0.15897677838802338,0.35994741320610046,0.8938694000244141,5.069259166717529,10.891408920288086,16.80954360961914,10.460375785827637,10.096525192260742,5.129573345184326,0.020996931940317154,48.571903228759766,0.9838562607765198,2.4476423263549805,6.296080112457275,14.940816879272461,17.884886741638184,20.99993133544922,11.307051658630371,3.269552998620181,0.08185776323080063,0.06708204001188278,0.8921688369673108,0.8213218109679874,0.9763921980373945,26300,2923,4.123105732593913,0.6201521355515398,0.5834443334443334,0.5081935975609756,0.688447221483648,5,0.1569695766431875,8.964903701142187,1.1888058797399346
Mouse,POLYIC_20190629_polyic_mo__E3_P1_3,180,180,38,0.10000000149011612,0.10000000149011612,0.40000003576278687,18.0000002682209,18.0000002682209,15.2000013589859,38,4.000000298023219,115179,460.71605492162837,9.35501949317739,180,180,38,1.0000000149011612,1.0000000149011612,4.000000357627869,0,0,8,180,180,152,4.18280029296875,1.7399578094482422,4.8023176193237305,0.0,109.63742065429688,0.1673036366701126,0.3814522922039032,0.9569768309593201,6.481342792510986,14.237539291381836,17.71745491027832,13.683832168579102,13.752359390258789,2.6434905529022217,0.30783870816230774,43.43202590942383,6.380224828720093,9.37904167175293,12.310201644897461,15.100826263427734,17.463153839111328,21.665821075439453,3.20224666595459,1.5492316484451294,3.8004519939422607,0.0,109.63742065429688,0.16061149537563324,0.3613758683204651,0.8967475295066833,4.808306694030762,10.212214469909668,15.579315185546875,9.75879955291748,9.860876083374023,5.179008483886719,0.010038218460977077,77.22401428222656,0.7495203018188477,1.8704546689987183,5.41394567489624,13.936392784118652,17.00139617919922,21.786279678344727,10.481585502624512,3.2019601403070364,0.08595803380012512,0.06764549016952515,0.8892854027391177,0.8184120450448478,0.9735976176212677,24881,3041,5.115026938136372,0.812044248418886,0.5703905003840019,0.49457262583934974,0.6772976436249734,4,0.16192505485421185,8.872502019499827,1.1896178990961894
Mouse,POLYIC_20190629_polyic_mo__E3_P1_5,180,180,38,0.10000000149011612,0.10000000149011612,0.40000009536743164,18.0000002682209,18.0000002682209,15.200003623962402,38,4.000000894069658,117721,470.88412630093444,9.56148473034438,180,180,38,1.0000000149011612,1.0000000149011612,4.000000953674316,0,0,8,180,180,152,4.856723785400391,2.1505954265594482,5.3220062255859375,0.0,135.25222778320312,0.1857520043849945,0.42929354310035706,1.0938729047775269,7.533276081085205,16.354433059692383,20.362548828125,15.72026538848877,15.83432674407959,3.0856025218963623,0.210518941283226,34.71498489379883,7.021425724029541,10.59611988067627,14.113024711608887,17.411155700683594,20.069473266601562,25.254016876220703,3.7081923484802246,1.853392243385315,4.0639119148254395,0.0,135.25222778320312,0.17749635875225067,0.40452659130096436,1.019572138786316,5.972959041595459,10.889195442199707,17.2377872467041,11.035323143005371,10.76123332977295,5.609492778778076,0.00412782235071063,63.733577728271484,0.932887852191925,2.2785580158233643,6.386773228645325,15.949905395507812,18.959087371826172,22.116171112060552,12.012073040008545,3.329224921822336,0.08504396677017212,0.065644770860672,0.9199641367606208,0.8698426394786439,0.9762149489046135,17196,2800,5.360970168040584,0.6616814967984548,0.6263578225880481,0.5702974652224116,0.6967020836208087,6,0.19446557582803964,8.347117875269369,1.122289141274709
Mouse,POLYIC_20190629_polyic_mo__E4_P1_2,180,180,38,0.10000000149011612,0.10000000149011612,0.40000009536743164,18.0000002682209,18.0000002682209,15.200003623962402,38,4.000000894069658,121786,487.1441306622064,9.891650422352177,180,180,38,1.0000000149011612,1.0000000149011612,4.000000953674316,0,0,8,180,180,152,4.73967981338501,2.1002635955810547,5.127894401550293,0.0,112.26302337646484,0.18158885836601257,0.41114458441734314,1.051844835281372,7.44514274597168,14.94510555267334,19.895971298217773,14.131689071655273,14.129668235778809,2.8486995697021484,0.19529366493225098,37.96577453613281,6.73883068561554,9.737274169921875,12.601580619812012,15.606362342834473,18.028690338134766,24.273290157318037,3.708672046661377,1.7816264629364014,4.188653469085693,0.0,112.26302337646484,0.17131023108959198,0.39058732986450195,0.9798945784568787,6.036972999572754,10.724020957946777,18.306211471557617,10.098464012145996,10.2820405960083,5.108668804168701,0.020557228475809097,57.018898010253906,0.8154367208480835,1.9700677394866943,5.838253021240234,14.369503021240234,17.20982551574707,20.411718139648432,10.423017024993896,2.909919031657385,0.07847312092781067,0.061655811965465546,0.8462286130844328,0.7491300661782384,0.9722463994219368,39652,3380,6.1196406429540176,1.1792167287185438,0.5378306171520171,0.4461652885330533,0.6816029643861936,5,0.1402115553395677,9.308710461351517,1.297833905375002
Mouse,POLYIC_20190629_polyic_mo__E4_P1_4,180,180,38,0.10000000149011612,0.10000000149011612,0.39999961853027344,18.0000002682209,18.0000002682209,15.19998550415039,38,3.9999961256981473,117811,471.24356463085275,9.568794671864847,180,180,38,1.0000000149011612,1.0000000149011612,3.9999961853027344,0,0,8,180,180,152,4.763822555541992,1.8727149963378906,5.503485679626465,0.0,118.68738555908203,0.17024680972099304,0.3948277235031128,0.9925026893615723,7.592283725738525,16.256759643554688,20.824445724487305,15.447470664978027,15.586639404296875,3.040412187576294,0.3404936194419861,37.8708610534668,6.831606388092041,10.421278953552246,13.84432601928711,17.162328720092773,19.636341094970703,24.58436393737793,3.6333539485931396,1.6372672319412231,4.377170085906982,0.0,118.68738555908203,0.16300226747989655,0.3730940818786621,0.9309240579605103,5.777524948120117,11.308734893798828,18.90826416015625,10.911334037780762,10.859573364257812,5.749824047088623,0.014489091001451015,73.68789672851562,0.8005222678184509,2.032094955444336,6.063684463500977,15.865554809570312,18.872039794921875,22.610225677490234,11.814116716384888,3.134935509923871,0.0841788575053215,0.06576326489448547,0.8432240986935651,0.7493665373347058,0.9639592228229962,37983,4246,5.467174599488785,1.072299763205556,0.500119734986563,0.4126179960162813,0.6395886534612465,7,0.12497173710450735,9.672680786959296,1.2863654497457793
