domain,subject,native_coordinate_axis,candidate_factor_pixels,expected_level1_footprint_pixels,expert_best_residue,expert_max_alignment_fraction,prediction_best_residue,prediction_max_alignment_fraction,prediction_minus_expert_alignment,expert_transition_count,prediction_transition_count,condition
CAMRI,064,x,2,1.5999999403953562,0,0.50346511261616,0,0.5003919724051427,-0.0030731402110173445,12698,12756,current_best
CAMRI,064,x,3,1.5999999403953562,2,0.3354071507323988,2,0.3385073690812167,0.003100218348817907,12698,12756,current_best
CAMRI,064,x,4,1.5999999403953562,0,0.25791463222554734,0,0.26175917215428035,0.003844539928733015,12698,12756,current_best
CAMRI,064,x,5,1.5999999403953562,4,0.21389195148842338,4,0.21966133584195674,0.005769384353533358,12698,12756,current_best
CAMRI,064,x,6,1.5999999403953562,5,0.1803433611592377,5,0.18697083725305738,0.006627476093819695,12698,12756,current_best
CAMRI,064,x,7,1.5999999403953562,1,0.16711293117026305,1,0.16933207902163688,0.002219147851373837,12698,12756,current_best
CAMRI,064,x,8,1.5999999403953562,1,0.14789730666246653,1,0.15443712762621511,0.006539820963748583,12698,12756,current_best
CAMRI,064,y,2,2.4999999627470975,1,0.5084377397085145,1,0.5211839121613557,0.012746172452841265,7822,8379,current_best
CAMRI,064,y,3,2.4999999627470975,2,0.3394272564561493,2,0.3622150614631818,0.02278780500703248,7822,8379,current_best
CAMRI,064,y,4,2.4999999627470975,3,0.2550498593710049,3,0.28237259816207183,0.027322738791066947,7822,8379,current_best
CAMRI,064,y,5,2.4999999627470975,2,0.20646893377652775,3,0.24107888769542904,0.03460995391890129,7822,8379,current_best
CAMRI,064,y,6,2.4999999627470975,5,0.17847097928918434,5,0.20599116839718343,0.027520189107999082,7822,8379,current_best
CAMRI,064,y,7,2.4999999627470975,1,0.14727691127588852,3,0.17400644468313642,0.026729533407247902,7822,8379,current_best
CAMRI,064,y,8,2.4999999627470975,7,0.13244694451546918,7,0.1655328798185941,0.033085935303124925,7822,8379,current_best
CAMRI,064,x,2,1.5999999403953562,0,0.50346511261616,0,0.5009577132753794,-0.0025073993407805917,12698,13574,unetr_style
CAMRI,064,x,3,1.5999999403953562,2,0.3354071507323988,2,0.3379254457050243,0.002518294972625512,12698,13574,unetr_style
CAMRI,064,x,4,1.5999999403953562,0,0.25791463222554734,0,0.2646972152644762,0.006782583038928869,12698,13574,unetr_style
CAMRI,064,x,5,1.5999999403953562,4,0.21389195148842338,4,0.21850596729040814,0.0046140158019847555,12698,13574,unetr_style
CAMRI,064,x,6,1.5999999403953562,5,0.1803433611592377,5,0.18343892736113157,0.0030955662018938845,12698,13574,unetr_style
CAMRI,064,x,7,1.5999999403953562,1,0.16711293117026305,1,0.17003094150581996,0.0029180103355569142,12698,13574,unetr_style
CAMRI,064,x,8,1.5999999403953562,1,0.14789730666246653,0,0.15308678355679978,0.005189476894333245,12698,13574,unetr_style
CAMRI,064,y,2,2.4999999627470975,1,0.5084377397085145,1,0.5019511651243171,-0.006486574584197324,7822,8969,unetr_style
CAMRI,064,y,3,2.4999999627470975,2,0.3394272564561493,2,0.33983721708105696,0.00040996062490766816,7822,8969,unetr_style
CAMRI,064,y,4,2.4999999627470975,3,0.2550498593710049,2,0.26491247630728065,0.00986261693627577,7822,8969,unetr_style
CAMRI,064,y,5,2.4999999627470975,2,0.20646893377652775,3,0.20871892072694836,0.0022499869504206127,7822,8969,unetr_style
CAMRI,064,y,6,2.4999999627470975,5,0.17847097928918434,5,0.18173709443639202,0.0032661151472076766,7822,8969,unetr_style
CAMRI,064,y,7,2.4999999627470975,1,0.14727691127588852,3,0.1497379863975917,0.0024610751217031823,7822,8969,unetr_style
CAMRI,064,y,8,2.4999999627470975,7,0.13244694451546918,7,0.14237930650016725,0.009932361984698074,7822,8969,unetr_style
CAMRI,007,x,2,3.1999998807907124,0,0.5756929637526652,1,0.5196011004126547,-0.056091863340010484,2814,2908,current_best
CAMRI,007,x,3,3.1999998807907124,0,0.34506041222459133,0,0.35385144429160936,0.008791032067018034,2814,2908,current_best
CAMRI,007,x,4,3.1999998807907124,2,0.3034825870646766,3,0.2740715268225585,-0.029411060242118148,2814,2908,current_best
CAMRI,007,x,5,3.1999998807907124,2,0.2085998578535892,0,0.2125171939477304,0.003917336094141188,2814,2908,current_best
CAMRI,007,x,6,3.1999998807907124,0,0.19900497512437812,3,0.1887895460797799,-0.010215429044598212,2814,2908,current_best
CAMRI,007,x,7,3.1999998807907124,3,0.16062544420753375,5,0.16162310866574967,0.0009976644582159189,2814,2908,current_best
CAMRI,007,x,8,3.1999998807907124,6,0.15636105188343993,7,0.13892709766162312,-0.017433954221816816,2814,2908,current_best
CAMRI,007,y,2,4.999999925494195,0,0.556926528323051,0,0.5240089335566722,-0.03291759476637879,3566,3582,current_best
CAMRI,007,y,3,4.999999925494195,1,0.339035333707235,1,0.3458961474036851,0.006860813696450085,3566,3582,current_best
CAMRI,007,y,4,4.999999925494195,0,0.3051037577117218,0,0.2646566164154104,-0.04044714129631144,3566,3582,current_best
CAMRI,007,y,5,4.999999925494195,0,0.2319125070106562,1,0.33556672250139585,0.10365421549073967,3566,3582,current_best
CAMRI,007,y,6,4.999999925494195,2,0.18900729108244532,0,0.18592964824120603,-0.003077642841239292,3566,3582,current_best
CAMRI,007,y,7,4.999999925494195,6,0.16320807627593942,5,0.20268006700167504,0.03947199072573562,3566,3582,current_best
CAMRI,007,y,8,4.999999925494195,0,0.16881660123387549,7,0.19905080960357344,0.03023420836969795,3566,3582,current_best
CAMRI,007,x,2,3.1999998807907124,0,0.5756929637526652,0,0.5053835800807537,-0.07030938367191153,2814,2972,unetr_style
CAMRI,007,x,3,3.1999998807907124,0,0.34506041222459133,0,0.3583445491251682,0.013284136900576893,2814,2972,unetr_style
CAMRI,007,x,4,3.1999998807907124,2,0.3034825870646766,2,0.2728802153432032,-0.030602371721473398,2814,2972,unetr_style
CAMRI,007,x,5,3.1999998807907124,2,0.2085998578535892,1,0.20457604306864063,-0.004023814784948565,2814,2972,unetr_style
CAMRI,007,x,6,3.1999998807907124,0,0.19900497512437812,0,0.18539703903095558,-0.013607936093422535,2814,2972,unetr_style
CAMRI,007,x,7,3.1999998807907124,3,0.16062544420753375,5,0.16218034993270525,0.0015549057251715015,2814,2972,unetr_style
CAMRI,007,x,8,3.1999998807907124,6,0.15636105188343993,6,0.14165545087483175,-0.014705601008608182,2814,2972,unetr_style
CAMRI,007,y,2,4.999999925494195,0,0.556926528323051,0,0.5236768802228412,-0.033249648100209805,3566,3590,unetr_style
CAMRI,007,y,3,4.999999925494195,1,0.339035333707235,2,0.3467966573816156,0.0077613236743805936,3566,3590,unetr_style
CAMRI,007,y,4,4.999999925494195,0,0.3051037577117218,2,0.2735376044568245,-0.03156615325489731,3566,3590,unetr_style
CAMRI,007,y,5,4.999999925494195,0,0.2319125070106562,1,0.35236768802228413,0.12045518101162794,3566,3590,unetr_style
CAMRI,007,y,6,4.999999925494195,2,0.18900729108244532,0,0.1871866295264624,-0.0018206615559829276,3566,3590,unetr_style
CAMRI,007,y,7,4.999999925494195,6,0.16320807627593942,5,0.20557103064066853,0.042362954364729116,3566,3590,unetr_style
CAMRI,007,y,8,4.999999925494195,0,0.16881660123387549,4,0.1774373259052925,0.008620724671417002,3566,3590,unetr_style
CAMRI,043,x,2,3.1999998807907124,0,0.5821508588498879,1,0.5350877192982456,-0.04706313955164232,2678,2736,current_best
CAMRI,043,x,3,3.1999998807907124,0,0.35175504107542943,2,0.3391812865497076,-0.012573754525721847,2678,2736,current_best
CAMRI,043,x,4,3.1999998807907124,2,0.2983569828230022,3,0.2679093567251462,-0.030447626097856006,2678,2736,current_best
CAMRI,043,x,5,3.1999998807907124,1,0.21135175504107542,0,0.22039473684210525,0.009042981801029831,2678,2736,current_best
CAMRI,043,x,6,3.1999998807907124,0,0.21135175504107542,1,0.18676900584795322,-0.0245827491931222,2678,2736,current_best
CAMRI,043,x,7,3.1999998807907124,3,0.15571321882001493,5,0.15314327485380116,-0.002569943966213767,2678,2736,current_best
CAMRI,043,x,8,3.1999998807907124,2,0.16019417475728157,5,0.14619883040935672,-0.013995344347924848,2678,2736,current_best
CAMRI,043,y,2,4.999999925494195,0,0.5787146226415094,0,0.5180863477246208,-0.0606282749168886,3392,3428,current_best
CAMRI,043,y,3,4.999999925494195,1,0.33726415094339623,2,0.3929404900816803,0.05567633913828407,3392,3428,current_best
CAMRI,043,y,4,4.999999925494195,0,0.30395047169811323,2,0.2660443407234539,-0.037906130974659336,3392,3428,current_best
CAMRI,043,y,5,4.999999925494195,4,0.21226415094339623,3,0.33751458576429405,0.12525043482089782,3392,3428,current_best
CAMRI,043,y,6,4.999999925494195,2,0.2016509433962264,2,0.19778296382730456,-0.0038679795689218477,3392,3428,current_best
CAMRI,043,y,7,4.999999925494195,6,0.15566037735849056,6,0.1834889148191365,0.027828537460645952,3392,3428,current_best
CAMRI,043,y,8,4.999999925494195,6,0.15683962264150944,6,0.18757292882147025,0.030733306179960812,3392,3428,current_best
CAMRI,043,x,2,3.1999998807907124,0,0.5821508588498879,1,0.5133863965267728,-0.06876446232311517,2678,2764,unetr_style
CAMRI,043,x,3,3.1999998807907124,0,0.35175504107542943,1,0.35238784370477566,0.0006328026293462297,2678,2764,unetr_style
CAMRI,043,x,4,3.1999998807907124,2,0.2983569828230022,1,0.26085383502170767,-0.037503147801294545,2678,2764,unetr_style
CAMRI,043,x,5,3.1999998807907124,1,0.21135175504107542,0,0.21201157742402316,0.0006598223829477334,2678,2764,unetr_style
CAMRI,043,x,6,3.1999998807907124,0,0.21135175504107542,1,0.18487698986975398,-0.02647476517132144,2678,2764,unetr_style
CAMRI,043,x,7,3.1999998807907124,3,0.15571321882001493,5,0.16280752532561504,0.007094306505600112,2678,2764,unetr_style
CAMRI,043,x,8,3.1999998807907124,2,0.16019417475728157,0,0.1410998552821997,-0.01909431947508186,2678,2764,unetr_style
CAMRI,043,y,2,4.999999925494195,0,0.5787146226415094,0,0.5060975609756098,-0.07261706166589965,3392,3444,unetr_style
CAMRI,043,y,3,4.999999925494195,1,0.33726415094339623,2,0.40824622531939603,0.07098207437599979,3392,3444,unetr_style
CAMRI,043,y,4,4.999999925494195,0,0.30395047169811323,2,0.2680023228803717,-0.035948148817741554,3392,3444,unetr_style
CAMRI,043,y,5,4.999999925494195,4,0.21226415094339623,3,0.34523809523809523,0.132973944294699,3392,3444,unetr_style
CAMRI,043,y,6,4.999999925494195,2,0.2016509433962264,2,0.2067363530778165,0.005085409681590075,3392,3444,unetr_style
CAMRI,043,y,7,4.999999925494195,6,0.15566037735849056,6,0.1718931475029036,0.016232770144413045,3392,3444,unetr_style
CAMRI,043,y,8,4.999999925494195,6,0.15683962264150944,6,0.19367015098722415,0.03683052834571471,3392,3444,unetr_style
CAMRI,078,x,2,1.5999999403953562,0,0.5036836935166994,0,0.5096359743040685,0.005952280787369091,12216,12142,current_best
CAMRI,078,x,3,1.5999999403953562,1,0.34372953503601833,1,0.3431889309833635,-0.000540604052654825,12216,12142,current_best
CAMRI,078,x,4,1.5999999403953562,0,0.2687459070072037,0,0.2762312633832976,0.007485356376093932,12216,12142,current_best
CAMRI,078,x,5,1.5999999403953562,2,0.24353307138179436,2,0.24452314281008072,0.0009900714282863599,12216,12142,current_best
CAMRI,078,x,6,1.5999999403953562,2,0.17927308447937132,2,0.17929500905946302,2.1924580091703394e-05,12216,12142,current_best
CAMRI,078,x,7,1.5999999403953562,0,0.16601178781925344,0,0.16883544720803823,0.0028236593887847883,12216,12142,current_best
CAMRI,078,x,8,1.5999999403953562,3,0.13695153896529141,0,0.1409158293526602,0.003964290387368785,12216,12142,current_best
CAMRI,078,y,2,2.4999999627470975,0,0.5025013164823592,1,0.5051956382296344,0.002694321747275241,7596,7795,current_best
CAMRI,078,y,3,2.4999999627470975,1,0.3362295945234334,2,0.3431686978832585,0.006939103359825116,7596,7795,current_best
CAMRI,078,y,4,2.4999999627470975,2,0.2539494470774092,1,0.2572161642078255,0.003266717130416319,7596,7795,current_best
CAMRI,078,y,5,2.4999999627470975,2,0.2095839915745129,2,0.20731237973059655,-0.00227161184391636,7596,7795,current_best
CAMRI,078,y,6,2.4999999627470975,4,0.17772511848341233,5,0.1763951250801796,-0.0013299934032327265,7596,7795,current_best
CAMRI,078,y,7,2.4999999627470975,3,0.15600315955766192,3,0.15792174470814624,0.0019185851504843199,7596,7795,current_best
CAMRI,078,y,8,2.4999999627470975,1,0.12914691943127962,1,0.1334188582424631,0.004271938811183484,7596,7795,current_best
CAMRI,078,x,2,1.5999999403953562,0,0.5036836935166994,0,0.5036567528035105,-2.6940713188872145e-05,12216,12306,unetr_style
CAMRI,078,x,3,1.5999999403953562,1,0.34372953503601833,1,0.35072322444336096,0.006993689407342629,12216,12306,unetr_style
CAMRI,078,x,4,1.5999999403953562,0,0.2687459070072037,0,0.27417519908987487,0.005429292082671178,12216,12306,unetr_style
CAMRI,078,x,5,1.5999999403953562,2,0.24353307138179436,2,0.24053307329757842,-0.0029999980842159435,12216,12306,unetr_style
CAMRI,078,x,6,1.5999999403953562,2,0.17927308447937132,1,0.18641313180562327,0.007140047326251953,12216,12306,unetr_style
CAMRI,078,x,7,1.5999999403953562,0,0.16601178781925344,0,0.16902324069559566,0.003011452876342219,12216,12306,unetr_style
CAMRI,078,x,8,1.5999999403953562,3,0.13695153896529141,3,0.1486266861693483,0.01167514720405688,12216,12306,unetr_style
CAMRI,078,y,2,2.4999999627470975,0,0.5025013164823592,0,0.507029986313301,0.0045286698309418005,7596,8037,unetr_style
CAMRI,078,y,3,2.4999999627470975,1,0.3362295945234334,1,0.33470200323503796,-0.0015275912883954135,7596,8037,unetr_style
CAMRI,078,y,4,2.4999999627470975,2,0.2539494470774092,2,0.2640288664924723,0.010079419415063129,7596,8037,unetr_style
CAMRI,078,y,5,2.4999999627470975,2,0.2095839915745129,4,0.204180664427025,-0.005403327147487896,7596,8037,unetr_style
CAMRI,078,y,6,2.4999999627470975,4,0.17772511848341233,4,0.1799178798058977,0.002192761322485387,7596,8037,unetr_style
CAMRI,078,y,7,2.4999999627470975,3,0.15600315955766192,3,0.15316660445439842,-0.0028365551032634995,7596,8037,unetr_style
CAMRI,078,y,8,2.4999999627470975,1,0.12914691943127962,2,0.13761353738957322,0.008466617958293593,7596,8037,unetr_style
CAMRI,009,x,2,3.1999998807907124,0,0.5891472868217055,0,0.5003633720930233,-0.08878391472868219,2580,2752,current_best
CAMRI,009,x,3,3.1999998807907124,0,0.3581395348837209,1,0.34011627906976744,-0.018023255813953476,2580,2752,current_best
CAMRI,009,x,4,3.1999998807907124,2,0.30426356589147285,0,0.26526162790697677,-0.03900193798449608,2580,2752,current_best
CAMRI,009,x,5,3.1999998807907124,3,0.20852713178294574,4,0.21693313953488372,0.008406007751937977,2580,2752,current_best
CAMRI,009,x,6,3.1999998807907124,0,0.2116279069767442,0,0.17732558139534885,-0.03430232558139534,2580,2752,current_best
CAMRI,009,x,7,3.1999998807907124,1,0.15271317829457365,6,0.1529796511627907,0.00026647286821704363,2580,2752,current_best
CAMRI,009,x,8,3.1999998807907124,2,0.16162790697674417,1,0.13880813953488372,-0.022819767441860456,2580,2752,current_best
CAMRI,009,y,2,4.999999925494195,0,0.596255119953189,0,0.5315547905909351,-0.0647003293622539,3418,3486,current_best
CAMRI,009,y,3,4.999999925494195,0,0.3557636044470451,2,0.361732644865175,0.005969040418129901,3418,3486,current_best
CAMRI,009,y,4,4.999999925494195,0,0.320947922761849,2,0.26993689041881813,-0.05101103234303089,3418,3486,current_best
CAMRI,009,y,5,4.999999925494195,1,0.23434757167934464,1,0.33419391853126795,0.09984634685192331,3418,3486,current_best
CAMRI,009,y,6,4.999999925494195,0,0.2141603276770041,5,0.18646012621916236,-0.027700201457841744,3418,3486,current_best
CAMRI,009,y,7,4.999999925494195,5,0.16881217086015213,5,0.19334480780263913,0.024532636942487,3418,3486,current_best
CAMRI,009,y,8,4.999999925494195,0,0.19689877121123464,7,0.17670682730923695,-0.02019194390199769,3418,3486,current_best
CAMRI,009,x,2,3.1999998807907124,0,0.5891472868217055,1,0.5007097232079489,-0.08843756361375654,2580,2818,unetr_style
CAMRI,009,x,3,3.1999998807907124,0,0.3581395348837209,0,0.35628105039034774,-0.0018584844933731692,2580,2818,unetr_style
CAMRI,009,x,4,3.1999998807907124,2,0.30426356589147285,1,0.27111426543647976,-0.03314930045499309,2580,2818,unetr_style
CAMRI,009,x,5,3.1999998807907124,3,0.20852713178294574,4,0.22249822569198013,0.013971093909034393,2580,2818,unetr_style
CAMRI,009,x,6,3.1999998807907124,0,0.2116279069767442,0,0.18559261887863734,-0.026035288098106846,2580,2818,unetr_style
CAMRI,009,x,7,3.1999998807907124,1,0.15271317829457365,1,0.15259048970901348,-0.0001226885855601656,2580,2818,unetr_style
CAMRI,009,x,8,3.1999998807907124,2,0.16162790697674417,1,0.13981547196593327,-0.0218124350108109,2580,2818,unetr_style
CAMRI,009,y,2,4.999999925494195,0,0.596255119953189,0,0.5364672364672365,-0.05978788348595254,3418,3510,unetr_style
CAMRI,009,y,3,4.999999925494195,0,0.3557636044470451,2,0.36723646723646725,0.011472862789422167,3418,3510,unetr_style
CAMRI,009,y,4,4.999999925494195,0,0.320947922761849,0,0.2698005698005698,-0.0511473529612792,3418,3510,unetr_style
CAMRI,009,y,5,4.999999925494195,1,0.23434757167934464,1,0.3339031339031339,0.09955556222378928,3418,3510,unetr_style
CAMRI,009,y,6,4.999999925494195,0,0.2141603276770041,2,0.18888888888888888,-0.02527143878811522,3418,3510,unetr_style
CAMRI,009,y,7,4.999999925494195,5,0.16881217086015213,5,0.1943019943019943,0.02548982344184217,3418,3510,unetr_style
CAMRI,009,y,8,4.999999925494195,0,0.19689877121123464,2,0.16951566951566951,-0.027383101695565126,3418,3510,unetr_style
CAMRI,099,x,2,3.1999998807907124,0,0.5771979985704074,0,0.5034843205574913,-0.07371367801291617,2798,2870,current_best
CAMRI,099,x,3,3.1999998807907124,2,0.34774839170836314,1,0.35958188153310106,0.01183348982473792,2798,2870,current_best
CAMRI,099,x,4,3.1999998807907124,0,0.28984989278055756,2,0.27038327526132405,-0.01946661751923351,2798,2870,current_best
CAMRI,099,x,5,3.1999998807907124,0,0.21622587562544673,0,0.20905923344947736,-0.007166642175969379,2798,2870,current_best
CAMRI,099,x,6,3.1999998807907124,2,0.20836311651179415,1,0.18292682926829268,-0.02543628724350147,2798,2870,current_best
CAMRI,099,x,7,3.1999998807907124,4,0.1529664045746962,4,0.1616724738675958,0.008706069292899604,2798,2870,current_best
CAMRI,099,x,8,3.1999998807907124,0,0.14653323802716225,7,0.14006968641114984,-0.0064635516160124196,2798,2870,current_best
CAMRI,099,y,2,4.999999925494195,0,0.5454308093994779,0,0.55,0.004569190600522188,3830,3860,current_best
CAMRI,099,y,3,4.999999925494195,1,0.3488250652741514,0,0.40362694300518137,0.05480187773102996,3830,3860,current_best
CAMRI,099,y,4,4.999999925494195,0,0.283289817232376,0,0.2955958549222798,0.012306037689903793,3830,3860,current_best
CAMRI,099,y,5,4.999999925494195,1,0.21775456919060052,0,0.3417098445595855,0.12395527536898496,3830,3860,current_best
CAMRI,099,y,6,4.999999925494195,4,0.20678851174934726,3,0.20466321243523317,-0.002125299314114093,3830,3860,current_best
CAMRI,099,y,7,4.999999925494195,6,0.16736292428198432,5,0.19326424870466322,0.025901324422678895,3830,3860,current_best
CAMRI,099,y,8,4.999999925494195,4,0.16031331592689296,3,0.1743523316062176,0.01403901567932464,3830,3860,current_best
CAMRI,099,x,2,3.1999998807907124,0,0.5771979985704074,0,0.5243484224965707,-0.05284957607383678,2798,2916,unetr_style
CAMRI,099,x,3,3.1999998807907124,2,0.34774839170836314,1,0.35459533607681754,0.0068469443684544,2798,2916,unetr_style
CAMRI,099,x,4,3.1999998807907124,0,0.28984989278055756,2,0.2719478737997256,-0.017902018980831935,2798,2916,unetr_style
CAMRI,099,x,5,3.1999998807907124,0,0.21622587562544673,0,0.20473251028806586,-0.011493365337380879,2798,2916,unetr_style
CAMRI,099,x,6,3.1999998807907124,2,0.20836311651179415,4,0.18175582990397804,-0.02660728660781611,2798,2916,unetr_style
CAMRI,099,x,7,3.1999998807907124,4,0.1529664045746962,0,0.15020576131687244,-0.0027606432578237694,2798,2916,unetr_style
CAMRI,099,x,8,3.1999998807907124,0,0.14653323802716225,6,0.14540466392318244,-0.001128574103979818,2798,2916,unetr_style
CAMRI,099,y,2,4.999999925494195,0,0.5454308093994779,0,0.5434224049331963,-0.002008404466281588,3830,3892,unetr_style
CAMRI,099,y,3,4.999999925494195,1,0.3488250652741514,0,0.40082219938335045,0.05199713410919904,3830,3892,unetr_style
CAMRI,099,y,4,4.999999925494195,0,0.283289817232376,0,0.2908530318602261,0.00756321462785009,3830,3892,unetr_style
CAMRI,099,y,5,4.999999925494195,1,0.21775456919060052,0,0.35071942446043164,0.13296485526983112,3830,3892,unetr_style
CAMRI,099,y,6,4.999999925494195,4,0.20678851174934726,0,0.20092497430626927,-0.005863537443077993,3830,3892,unetr_style
CAMRI,099,y,7,4.999999925494195,6,0.16736292428198432,5,0.1963001027749229,0.028937178492938587,3830,3892,unetr_style
CAMRI,099,y,8,4.999999925494195,4,0.16031331592689296,3,0.1695786228160329,0.00926530688913993,3830,3892,unetr_style
Mouse,POLYIC_20190510_mouse34__E2_P1,x,2,3.1999998807907124,1,0.5078082929456113,0,0.5065410779696494,-0.0012672149759618279,3714,3822,current_best
Mouse,POLYIC_20190510_mouse34__E2_P1,x,3,3.1999998807907124,2,0.3373721055465805,2,0.3492935635792779,0.011921458032697396,3714,3822,current_best
Mouse,POLYIC_20190510_mouse34__E2_P1,x,4,3.1999998807907124,3,0.2549811523963382,2,0.26321297749869177,0.008231825102353596,3714,3822,current_best
Mouse,POLYIC_20190510_mouse34__E2_P1,x,5,3.1999998807907124,2,0.20597738287560582,3,0.2153322867608582,0.00935490388525237,3714,3822,current_best
Mouse,POLYIC_20190510_mouse34__E2_P1,x,6,3.1999998807907124,1,0.1752827140549273,2,0.18628990057561487,0.011007186520687579,3714,3822,current_best
Mouse,POLYIC_20190510_mouse34__E2_P1,x,7,3.1999998807907124,6,0.16478190630048464,0,0.15907901622187337,-0.005702890078611272,3714,3822,current_best
Mouse,POLYIC_20190510_mouse34__E2_P1,x,8,3.1999998807907124,7,0.13597199784598815,6,0.1425954997383569,0.006623501892368738,3714,3822,current_best
Mouse,POLYIC_20190510_mouse34__E2_P1,y,2,4.999999925494195,1,0.503001200480192,1,0.503921568627451,0.000920368147258932,4998,5100,current_best
Mouse,POLYIC_20190510_mouse34__E2_P1,y,3,4.999999925494195,2,0.33693477390956383,2,0.36941176470588233,0.032476990796318495,4998,5100,current_best
Mouse,POLYIC_20190510_mouse34__E2_P1,y,4,4.999999925494195,2,0.27450980392156865,0,0.266078431372549,-0.008431372549019656,4998,5100,current_best
Mouse,POLYIC_20190510_mouse34__E2_P1,y,5,4.999999925494195,1,0.22008803521408563,2,0.3452941176470588,0.12520608243297318,4998,5100,current_best
Mouse,POLYIC_20190510_mouse34__E2_P1,y,6,4.999999925494195,2,0.18007202881152462,2,0.20490196078431372,0.0248299319727891,4998,5100,current_best
Mouse,POLYIC_20190510_mouse34__E2_P1,y,7,4.999999925494195,0,0.16666666666666666,2,0.1688235294117647,0.002156862745098048,4998,5100,current_best
Mouse,POLYIC_20190510_mouse34__E2_P1,y,8,4.999999925494195,6,0.1404561824729892,4,0.17705882352941177,0.03660264105642258,4998,5100,current_best
Mouse,POLYIC_20190510_mouse34__E2_P1,x,2,3.1999998807907124,1,0.5078082929456113,0,0.5056730273336771,-0.002135265611934112,3714,3878,unetr_style
Mouse,POLYIC_20190510_mouse34__E2_P1,x,3,3.1999998807907124,2,0.3373721055465805,0,0.3470861268695204,0.009714021322939914,3714,3878,unetr_style
Mouse,POLYIC_20190510_mouse34__E2_P1,x,4,3.1999998807907124,3,0.2549811523963382,3,0.2576070139247035,0.002625861528365303,3714,3878,unetr_style
Mouse,POLYIC_20190510_mouse34__E2_P1,x,5,3.1999998807907124,2,0.20597738287560582,3,0.20629190304280556,0.00031452016719973885,3714,3878,unetr_style
Mouse,POLYIC_20190510_mouse34__E2_P1,x,6,3.1999998807907124,1,0.1752827140549273,0,0.18076328004125838,0.005480565986331093,3714,3878,unetr_style
Mouse,POLYIC_20190510_mouse34__E2_P1,x,7,3.1999998807907124,6,0.16478190630048464,1,0.1554925219185147,-0.00928938438196994,3714,3878,unetr_style
Mouse,POLYIC_20190510_mouse34__E2_P1,x,8,3.1999998807907124,7,0.13597199784598815,6,0.1441464672511604,0.008174469405172247,3714,3878,unetr_style
Mouse,POLYIC_20190510_mouse34__E2_P1,y,2,4.999999925494195,1,0.503001200480192,0,0.5128956623681126,0.009894461887920536,4998,5118,unetr_style
Mouse,POLYIC_20190510_mouse34__E2_P1,y,3,4.999999925494195,2,0.33693477390956383,0,0.37182493161391167,0.034890157704347835,4998,5118,unetr_style
Mouse,POLYIC_20190510_mouse34__E2_P1,y,4,4.999999925494195,2,0.27450980392156865,0,0.26787807737397423,-0.006631726547594419,4998,5118,unetr_style
Mouse,POLYIC_20190510_mouse34__E2_P1,y,5,4.999999925494195,1,0.22008803521408563,2,0.33821805392731535,0.11813001871322973,4998,5118,unetr_style
Mouse,POLYIC_20190510_mouse34__E2_P1,y,6,4.999999925494195,2,0.18007202881152462,3,0.20320437670965222,0.023132347898127598,4998,5118,unetr_style
Mouse,POLYIC_20190510_mouse34__E2_P1,y,7,4.999999925494195,0,0.16666666666666666,1,0.16705744431418523,0.00039077764751857536,4998,5118,unetr_style
Mouse,POLYIC_20190510_mouse34__E2_P1,y,8,4.999999925494195,6,0.1404561824729892,4,0.1797577178585385,0.03930153538554931,4998,5118,unetr_style
Mouse,POLYIC_20190510_mouse35__E3_P1,x,2,3.1999998807907124,1,0.5024403470715835,1,0.5071164997364259,0.004676152664842448,3688,3794,current_best
Mouse,POLYIC_20190510_mouse35__E3_P1,x,3,3.1999998807907124,0,0.3405639913232104,1,0.3352662098049552,-0.005297781518255218,3688,3794,current_best
Mouse,POLYIC_20190510_mouse35__E3_P1,x,4,3.1999998807907124,0,0.25488069414316705,3,0.25724828676858197,0.002367592625414916,3688,3794,current_best
Mouse,POLYIC_20190510_mouse35__E3_P1,x,5,3.1999998807907124,4,0.20715835140997832,4,0.2113863995782815,0.004228048168303189,3688,3794,current_best
Mouse,POLYIC_20190510_mouse35__E3_P1,x,6,3.1999998807907124,0,0.17814533622559653,5,0.1776489193463363,-0.0004964168792602197,3688,3794,current_best
Mouse,POLYIC_20190510_mouse35__E3_P1,x,7,3.1999998807907124,5,0.1531995661605206,1,0.15155508697944123,-0.001644479181079378,3688,3794,current_best
Mouse,POLYIC_20190510_mouse35__E3_P1,x,8,3.1999998807907124,0,0.13964208242950107,0,0.1462836056931998,0.006641523263698712,3688,3794,current_best
Mouse,POLYIC_20190510_mouse35__E3_P1,y,2,4.999999925494195,0,0.5201785021342646,1,0.5104006163328197,-0.009777885801444897,5154,5192,current_best
Mouse,POLYIC_20190510_mouse35__E3_P1,y,3,4.999999925494195,0,0.3409002716336826,2,0.362095531587057,0.0211952599533744,5154,5192,current_best
Mouse,POLYIC_20190510_mouse35__E3_P1,y,4,4.999999925494195,2,0.286767559177338,0,0.2733050847457627,-0.013462474431575278,5154,5192,current_best
Mouse,POLYIC_20190510_mouse35__E3_P1,y,5,4.999999925494195,3,0.2173069460613116,2,0.34726502311248075,0.12995807705116916,5154,5192,current_best
Mouse,POLYIC_20190510_mouse35__E3_P1,y,6,4.999999925494195,2,0.17889018238261545,3,0.20088597842835132,0.02199579604573587,5154,5192,current_best
Mouse,POLYIC_20190510_mouse35__E3_P1,y,7,4.999999925494195,3,0.18257663950329842,2,0.17122496147919877,-0.011351678024099643,5154,5192,current_best
Mouse,POLYIC_20190510_mouse35__E3_P1,y,8,4.999999925494195,6,0.16627861854870005,4,0.1893297380585516,0.02305111950985156,5154,5192,current_best
Mouse,POLYIC_20190510_mouse35__E3_P1,x,2,3.1999998807907124,1,0.5024403470715835,1,0.5063613231552163,0.003920976083632843,3688,3930,unetr_style
Mouse,POLYIC_20190510_mouse35__E3_P1,x,3,3.1999998807907124,0,0.3405639913232104,2,0.3346055979643766,-0.005958393358833802,3688,3930,unetr_style
Mouse,POLYIC_20190510_mouse35__E3_P1,x,4,3.1999998807907124,0,0.25488069414316705,3,0.25572519083969464,0.0008444966965275857,3688,3930,unetr_style
Mouse,POLYIC_20190510_mouse35__E3_P1,x,5,3.1999998807907124,4,0.20715835140997832,4,0.22391857506361323,0.016760223653634915,3688,3930,unetr_style
Mouse,POLYIC_20190510_mouse35__E3_P1,x,6,3.1999998807907124,0,0.17814533622559653,5,0.17251908396946564,-0.0056262522561308925,3688,3930,unetr_style
Mouse,POLYIC_20190510_mouse35__E3_P1,x,7,3.1999998807907124,5,0.1531995661605206,6,0.15114503816793892,-0.002054527992581684,3688,3930,unetr_style
Mouse,POLYIC_20190510_mouse35__E3_P1,x,8,3.1999998807907124,0,0.13964208242950107,1,0.14020356234096693,0.0005614799114658509,3688,3930,unetr_style
Mouse,POLYIC_20190510_mouse35__E3_P1,y,2,4.999999925494195,0,0.5201785021342646,1,0.5024971187091817,-0.017681383425082964,5154,5206,unetr_style
Mouse,POLYIC_20190510_mouse35__E3_P1,y,3,4.999999925494195,0,0.3409002716336826,0,0.3634268152132155,0.02252654357953293,5154,5206,unetr_style
Mouse,POLYIC_20190510_mouse35__E3_P1,y,4,4.999999925494195,2,0.286767559177338,1,0.2719938532462543,-0.01477370593108368,5154,5206,unetr_style
Mouse,POLYIC_20190510_mouse35__E3_P1,y,5,4.999999925494195,3,0.2173069460613116,2,0.35535920092201306,0.13805225486070147,5154,5206,unetr_style
Mouse,POLYIC_20190510_mouse35__E3_P1,y,6,4.999999925494195,2,0.17889018238261545,3,0.2057241644256627,0.02683398204304724,5154,5206,unetr_style
Mouse,POLYIC_20190510_mouse35__E3_P1,y,7,4.999999925494195,3,0.18257663950329842,5,0.1698040722243565,-0.01277256727894191,5154,5206,unetr_style
Mouse,POLYIC_20190510_mouse35__E3_P1,y,8,4.999999925494195,6,0.16627861854870005,4,0.1901651940069151,0.023886575458215042,5154,5206,unetr_style
Mouse,POLYIC_20190510_mouse37__E2_P1,x,2,3.1999998807907124,1,0.5043037974683544,1,0.5024838549428713,-0.0018199425254831203,3950,4026,current_best
Mouse,POLYIC_20190510_mouse37__E2_P1,x,3,3.1999998807907124,1,0.35037974683544304,1,0.3469945355191257,-0.0033852113163173603,3950,4026,current_best
Mouse,POLYIC_20190510_mouse37__E2_P1,x,4,3.1999998807907124,3,0.2665822784810127,3,0.2526080476900149,-0.0139742307909978,3950,4026,current_best
Mouse,POLYIC_20190510_mouse37__E2_P1,x,5,3.1999998807907124,3,0.2078481012658228,3,0.21535022354694486,0.00750212228112207,3950,4026,current_best
Mouse,POLYIC_20190510_mouse37__E2_P1,x,6,3.1999998807907124,1,0.17873417721518986,2,0.17883755588673622,0.00010337867154636138,3950,4026,current_best
Mouse,POLYIC_20190510_mouse37__E2_P1,x,7,3.1999998807907124,2,0.149873417721519,3,0.1572280178837556,0.007354600162236602,3950,4026,current_best
Mouse,POLYIC_20190510_mouse37__E2_P1,x,8,3.1999998807907124,7,0.13341772151898734,6,0.13114754098360656,-0.002270180535380778,3950,4026,current_best
Mouse,POLYIC_20190510_mouse37__E2_P1,y,2,4.999999925494195,0,0.5316176470588235,1,0.5600073179656055,0.028389670906782016,5440,5466,current_best
Mouse,POLYIC_20190510_mouse37__E2_P1,y,3,4.999999925494195,1,0.346875,1,0.3664471276984998,0.01957212769849981,5440,5466,current_best
Mouse,POLYIC_20190510_mouse37__E2_P1,y,4,4.999999925494195,2,0.2884191176470588,3,0.30863519941456274,0.020216081767503946,5440,5466,current_best
Mouse,POLYIC_20190510_mouse37__E2_P1,y,5,4.999999925494195,1,0.22463235294117648,2,0.3556531284302964,0.13102077548911992,5440,5466,current_best
Mouse,POLYIC_20190510_mouse37__E2_P1,y,6,4.999999925494195,4,0.19522058823529412,5,0.2385656787413099,0.04334509050601579,5440,5466,current_best
Mouse,POLYIC_20190510_mouse37__E2_P1,y,7,4.999999925494195,5,0.17261029411764706,6,0.18258324185876326,0.009972947741116206,5440,5466,current_best
Mouse,POLYIC_20190510_mouse37__E2_P1,y,8,4.999999925494195,2,0.1670955882352941,2,0.17489937797292351,0.007803789737629407,5440,5466,current_best
Mouse,POLYIC_20190510_mouse37__E2_P1,x,2,3.1999998807907124,1,0.5043037974683544,0,0.5014598540145986,-0.002843943453755826,3950,4110,unetr_style
Mouse,POLYIC_20190510_mouse37__E2_P1,x,3,3.1999998807907124,1,0.35037974683544304,2,0.3532846715328467,0.0029049246974036658,3950,4110,unetr_style
Mouse,POLYIC_20190510_mouse37__E2_P1,x,4,3.1999998807907124,3,0.2665822784810127,2,0.2576642335766423,-0.00891804490437037,3950,4110,unetr_style
Mouse,POLYIC_20190510_mouse37__E2_P1,x,5,3.1999998807907124,3,0.2078481012658228,3,0.20900243309002434,0.0011543318242015488,3950,4110,unetr_style
Mouse,POLYIC_20190510_mouse37__E2_P1,x,6,3.1999998807907124,1,0.17873417721518986,2,0.1873479318734793,0.008613754658289452,3950,4110,unetr_style
Mouse,POLYIC_20190510_mouse37__E2_P1,x,7,3.1999998807907124,2,0.149873417721519,3,0.1535279805352798,0.003654562813760809,3950,4110,unetr_style
Mouse,POLYIC_20190510_mouse37__E2_P1,x,8,3.1999998807907124,7,0.13341772151898734,6,0.1386861313868613,0.005268409867873969,3950,4110,unetr_style
Mouse,POLYIC_20190510_mouse37__E2_P1,y,2,4.999999925494195,0,0.5316176470588235,1,0.564051094890511,0.032433447831687445,5440,5480,unetr_style
Mouse,POLYIC_20190510_mouse37__E2_P1,y,3,4.999999925494195,1,0.346875,2,0.36934306569343067,0.022468065693430683,5440,5480,unetr_style
Mouse,POLYIC_20190510_mouse37__E2_P1,y,4,4.999999925494195,2,0.2884191176470588,3,0.32116788321167883,0.03274876556462003,5440,5480,unetr_style
Mouse,POLYIC_20190510_mouse37__E2_P1,y,5,4.999999925494195,1,0.22463235294117648,2,0.34324817518248174,0.11861582224130526,5440,5480,unetr_style
Mouse,POLYIC_20190510_mouse37__E2_P1,y,6,4.999999925494195,4,0.19522058823529412,5,0.2375912408759124,0.04237065264061829,5440,5480,unetr_style
Mouse,POLYIC_20190510_mouse37__E2_P1,y,7,4.999999925494195,5,0.17261029411764706,6,0.1843065693430657,0.011696275225418634,5440,5480,unetr_style
Mouse,POLYIC_20190510_mouse37__E2_P1,y,8,4.999999925494195,2,0.1670955882352941,7,0.17244525547445255,0.0053496672391584454,5440,5480,unetr_style
Mouse,POLYIC_20190510_mouse38__E2_P1,x,2,3.1999998807907124,1,0.507635597682991,1,0.5093908629441625,0.0017552652611714237,3798,3940,current_best
Mouse,POLYIC_20190510_mouse38__E2_P1,x,3,3.1999998807907124,2,0.34623486045286994,0,0.3413705583756345,-0.004864302077235427,3798,3940,current_best
Mouse,POLYIC_20190510_mouse38__E2_P1,x,4,3.1999998807907124,3,0.26408636124275936,3,0.2654822335025381,0.0013958722597787188,3798,3940,current_best
Mouse,POLYIC_20190510_mouse38__E2_P1,x,5,3.1999998807907124,0,0.22195892575039494,0,0.21751269035532994,-0.004446235395065001,3798,3940,current_best
Mouse,POLYIC_20190510_mouse38__E2_P1,x,6,3.1999998807907124,3,0.17719852553975776,3,0.17791878172588832,0.0007202561861305579,3798,3940,current_best
Mouse,POLYIC_20190510_mouse38__E2_P1,x,7,3.1999998807907124,2,0.16192733017377567,2,0.15837563451776648,-0.003551695656009185,3798,3940,current_best
Mouse,POLYIC_20190510_mouse38__E2_P1,x,8,3.1999998807907124,6,0.13796735123749343,6,0.1398477157360406,0.0018803644985471712,3798,3940,current_best
Mouse,POLYIC_20190510_mouse38__E2_P1,y,2,4.999999925494195,1,0.5038080731150039,0,0.5827677224736049,0.078959649358601,5252,5304,current_best
Mouse,POLYIC_20190510_mouse38__E2_P1,y,3,4.999999925494195,2,0.3526275704493526,0,0.3717948717948718,0.019167301345519194,5252,5304,current_best
Mouse,POLYIC_20190510_mouse38__E2_P1,y,4,4.999999925494195,3,0.2616146230007616,0,0.32334087481146306,0.06172625181070146,5252,5304,current_best
Mouse,POLYIC_20190510_mouse38__E2_P1,y,5,4.999999925494195,1,0.22867479055597867,2,0.3453996983408748,0.11672490778489614,5252,5304,current_best
Mouse,POLYIC_20190510_mouse38__E2_P1,y,6,4.999999925494195,5,0.18697638994668697,0,0.2023001508295626,0.015323760882875626,5252,5304,current_best
Mouse,POLYIC_20190510_mouse38__E2_P1,y,7,4.999999925494195,3,0.17326732673267325,3,0.16553544494720965,-0.007731881785463607,5252,5304,current_best
Mouse,POLYIC_20190510_mouse38__E2_P1,y,8,4.999999925494195,6,0.15651180502665651,4,0.1747737556561086,0.018261950629452073,5252,5304,current_best
Mouse,POLYIC_20190510_mouse38__E2_P1,x,2,3.1999998807907124,1,0.507635597682991,0,0.5025150905432596,-0.005120507139731445,3798,3976,unetr_style
Mouse,POLYIC_20190510_mouse38__E2_P1,x,3,3.1999998807907124,2,0.34623486045286994,0,0.34330985915492956,-0.0029250012979403772,3798,3976,unetr_style
Mouse,POLYIC_20190510_mouse38__E2_P1,x,4,3.1999998807907124,3,0.26408636124275936,2,0.26458752515090544,0.000501163908146085,3798,3976,unetr_style
Mouse,POLYIC_20190510_mouse38__E2_P1,x,5,3.1999998807907124,0,0.22195892575039494,4,0.20975855130784707,-0.012200374442547873,3798,3976,unetr_style
Mouse,POLYIC_20190510_mouse38__E2_P1,x,6,3.1999998807907124,3,0.17719852553975776,3,0.1727867203219316,-0.004411805217826165,3798,3976,unetr_style
Mouse,POLYIC_20190510_mouse38__E2_P1,x,7,3.1999998807907124,2,0.16192733017377567,0,0.15417505030181086,-0.007752279871964807,3798,3976,unetr_style
Mouse,POLYIC_20190510_mouse38__E2_P1,x,8,3.1999998807907124,6,0.13796735123749343,6,0.15040241448692154,0.012435063249428113,3798,3976,unetr_style
Mouse,POLYIC_20190510_mouse38__E2_P1,y,2,4.999999925494195,1,0.5038080731150039,0,0.5769519519519519,0.07314387883694806,5252,5328,unetr_style
Mouse,POLYIC_20190510_mouse38__E2_P1,y,3,4.999999925494195,2,0.3526275704493526,0,0.356981981981982,0.0043544115326293875,5252,5328,unetr_style
Mouse,POLYIC_20190510_mouse38__E2_P1,y,4,4.999999925494195,3,0.2616146230007616,0,0.31906906906906907,0.05745444606830746,5252,5328,unetr_style
Mouse,POLYIC_20190510_mouse38__E2_P1,y,5,4.999999925494195,1,0.22867479055597867,2,0.3490990990990991,0.12042430854312042,5252,5328,unetr_style
Mouse,POLYIC_20190510_mouse38__E2_P1,y,6,4.999999925494195,5,0.18697638994668697,4,0.20270270270270271,0.015726312756015742,5252,5328,unetr_style
Mouse,POLYIC_20190510_mouse38__E2_P1,y,7,4.999999925494195,3,0.17326732673267325,3,0.1585960960960961,-0.01467123063657716,5252,5328,unetr_style
Mouse,POLYIC_20190510_mouse38__E2_P1,y,8,4.999999925494195,6,0.15651180502665651,4,0.17023273273273273,0.01372092770607622,5252,5328,unetr_style
Mouse,POLYIC_20190510_mouse39__E4_P1,x,2,3.1999998807907124,0,0.502568053415511,1,0.5028161802355351,0.00024812682002406383,3894,3906,current_best
Mouse,POLYIC_20190510_mouse39__E4_P1,x,3,3.1999998807907124,1,0.33846944016435543,1,0.33768561187916024,-0.0007838282851951872,3894,3906,current_best
Mouse,POLYIC_20190510_mouse39__E4_P1,x,4,3.1999998807907124,2,0.26322547508988187,1,0.25806451612903225,-0.005160958960849615,3894,3906,current_best
Mouse,POLYIC_20190510_mouse39__E4_P1,x,5,3.1999998807907124,2,0.21982537236774524,2,0.22196620583717358,0.002140833469428338,3894,3906,current_best
Mouse,POLYIC_20190510_mouse39__E4_P1,x,6,3.1999998807907124,4,0.1813045711350796,3,0.1733230926779314,-0.007981478457148222,3894,3906,current_best
Mouse,POLYIC_20190510_mouse39__E4_P1,x,7,3.1999998807907124,2,0.16718027734976887,2,0.159242191500256,-0.00793808584951286,3894,3906,current_best
Mouse,POLYIC_20190510_mouse39__E4_P1,x,8,3.1999998807907124,6,0.14021571648690292,6,0.1390168970814132,-0.001198819405489715,3894,3906,current_best
Mouse,POLYIC_20190510_mouse39__E4_P1,y,2,4.999999925494195,0,0.508808095952024,0,0.5256505576208178,0.016842461668793773,5336,5380,current_best
Mouse,POLYIC_20190510_mouse39__E4_P1,y,3,4.999999925494195,2,0.37275112443778113,1,0.3845724907063197,0.01182136626853858,5336,5380,current_best
Mouse,POLYIC_20190510_mouse39__E4_P1,y,4,4.999999925494195,2,0.2762368815592204,0,0.30446096654275095,0.028224084983530573,5336,5380,current_best
Mouse,POLYIC_20190510_mouse39__E4_P1,y,5,4.999999925494195,1,0.22563718140929534,3,0.36561338289962825,0.1399762014903329,5336,5380,current_best
Mouse,POLYIC_20190510_mouse39__E4_P1,y,6,4.999999925494195,5,0.1866566716641679,4,0.2505576208178439,0.06390094915367597,5336,5380,current_best
Mouse,POLYIC_20190510_mouse39__E4_P1,y,7,4.999999925494195,2,0.17916041979010494,4,0.18494423791821563,0.005783818128110685,5336,5380,current_best
Mouse,POLYIC_20190510_mouse39__E4_P1,y,8,4.999999925494195,6,0.15948275862068967,7,0.18884758364312268,0.02936482502243301,5336,5380,current_best
Mouse,POLYIC_20190510_mouse39__E4_P1,x,2,3.1999998807907124,0,0.502568053415511,1,0.5120098039215686,0.009441750506057556,3894,4080,unetr_style
Mouse,POLYIC_20190510_mouse39__E4_P1,x,3,3.1999998807907124,1,0.33846944016435543,0,0.34681372549019607,0.008344285325840639,3894,4080,unetr_style
Mouse,POLYIC_20190510_mouse39__E4_P1,x,4,3.1999998807907124,2,0.26322547508988187,1,0.257843137254902,-0.005382337834979878,3894,4080,unetr_style
Mouse,POLYIC_20190510_mouse39__E4_P1,x,5,3.1999998807907124,2,0.21982537236774524,2,0.21151960784313725,-0.00830576452460799,3894,4080,unetr_style
Mouse,POLYIC_20190510_mouse39__E4_P1,x,6,3.1999998807907124,4,0.1813045711350796,3,0.18774509803921569,0.0064405269041360735,3894,4080,unetr_style
Mouse,POLYIC_20190510_mouse39__E4_P1,x,7,3.1999998807907124,2,0.16718027734976887,2,0.15759803921568627,-0.009582238134082599,3894,4080,unetr_style
Mouse,POLYIC_20190510_mouse39__E4_P1,x,8,3.1999998807907124,6,0.14021571648690292,3,0.13259803921568628,-0.00761767727121665,3894,4080,unetr_style
Mouse,POLYIC_20190510_mouse39__E4_P1,y,2,4.999999925494195,0,0.508808095952024,0,0.5127967359050445,0.003988639953020456,5336,5392,unetr_style
Mouse,POLYIC_20190510_mouse39__E4_P1,y,3,4.999999925494195,2,0.37275112443778113,0,0.3733308605341246,0.0005797360963434861,5336,5392,unetr_style
Mouse,POLYIC_20190510_mouse39__E4_P1,y,4,4.999999925494195,2,0.2762368815592204,0,0.2841246290801187,0.007887747520898325,5336,5392,unetr_style
Mouse,POLYIC_20190510_mouse39__E4_P1,y,5,4.999999925494195,1,0.22563718140929534,2,0.34940652818991097,0.12376934678061563,5336,5392,unetr_style
Mouse,POLYIC_20190510_mouse39__E4_P1,y,6,4.999999925494195,5,0.1866566716641679,4,0.2323813056379822,0.045724633973814294,5336,5392,unetr_style
Mouse,POLYIC_20190510_mouse39__E4_P1,y,7,4.999999925494195,2,0.17916041979010494,3,0.1845326409495549,0.005372221159449964,5336,5392,unetr_style
Mouse,POLYIC_20190510_mouse39__E4_P1,y,8,4.999999925494195,6,0.15948275862068967,7,0.1952893175074184,0.035806558886728734,5336,5392,unetr_style
Mouse,POLYIC_20190510_mouse42__E2_P1,x,2,3.1999998807907124,0,0.5015440041173443,1,0.5035282258064516,0.0019842216891072795,3886,3968,current_best
Mouse,POLYIC_20190510_mouse42__E2_P1,x,3,3.1999998807907124,0,0.34534225424601134,1,0.33845766129032256,-0.006884592955688773,3886,3968,current_best
Mouse,POLYIC_20190510_mouse42__E2_P1,x,4,3.1999998807907124,3,0.2547606793618116,1,0.2535282258064516,-0.0012324535553600025,3886,3968,current_best
Mouse,POLYIC_20190510_mouse42__E2_P1,x,5,3.1999998807907124,4,0.21384457025218734,4,0.20942540322580644,-0.004419167026380899,3886,3968,current_best
Mouse,POLYIC_20190510_mouse42__E2_P1,x,6,3.1999998807907124,0,0.1755018013381369,1,0.1766633064516129,0.0011615051134760135,3886,3968,current_best
Mouse,POLYIC_20190510_mouse42__E2_P1,x,7,3.1999998807907124,3,0.15182707153885744,1,0.15700604838709678,0.005178976848239342,3886,3968,current_best
Mouse,POLYIC_20190510_mouse42__E2_P1,x,8,3.1999998807907124,6,0.13535769428718478,6,0.14087701612903225,0.005519321841847474,3886,3968,current_best
Mouse,POLYIC_20190510_mouse42__E2_P1,y,2,4.999999925494195,0,0.5005818463925523,1,0.5163398692810458,0.015758022888493484,5156,5202,current_best
Mouse,POLYIC_20190510_mouse42__E2_P1,y,3,4.999999925494195,2,0.35550814584949575,2,0.36562860438292966,0.010120458533433907,5156,5202,current_best
Mouse,POLYIC_20190510_mouse42__E2_P1,y,4,4.999999925494195,3,0.2651280062063615,2,0.2779700115340254,0.012842005327663886,5156,5202,current_best
Mouse,POLYIC_20190510_mouse42__E2_P1,y,5,4.999999925494195,4,0.21683475562451512,3,0.3548635140330642,0.13802875840854908,5156,5202,current_best
Mouse,POLYIC_20190510_mouse42__E2_P1,y,6,4.999999925494195,5,0.18211792086889061,5,0.21414840445982314,0.032030483590932524,5156,5202,current_best
Mouse,POLYIC_20190510_mouse42__E2_P1,y,7,4.999999925494195,2,0.16252909231962762,5,0.1643598615916955,0.001830769272067878,5156,5202,current_best
Mouse,POLYIC_20190510_mouse42__E2_P1,y,8,4.999999925494195,7,0.15050426687354537,7,0.1708958093041138,0.020391542430568427,5156,5202,current_best
Mouse,POLYIC_20190510_mouse42__E2_P1,x,2,3.1999998807907124,0,0.5015440041173443,1,0.5022332506203474,0.0006892465030030603,3886,4030,unetr_style
Mouse,POLYIC_20190510_mouse42__E2_P1,x,3,3.1999998807907124,0,0.34534225424601134,0,0.3444168734491315,-0.0009253807968798156,3886,4030,unetr_style
Mouse,POLYIC_20190510_mouse42__E2_P1,x,4,3.1999998807907124,3,0.2547606793618116,0,0.25607940446650124,0.001318725104689611,3886,4030,unetr_style
Mouse,POLYIC_20190510_mouse42__E2_P1,x,5,3.1999998807907124,4,0.21384457025218734,4,0.21563275434243176,0.0017881840902444213,3886,4030,unetr_style
Mouse,POLYIC_20190510_mouse42__E2_P1,x,6,3.1999998807907124,0,0.1755018013381369,1,0.18014888337468982,0.004647082036552924,3886,4030,unetr_style
Mouse,POLYIC_20190510_mouse42__E2_P1,x,7,3.1999998807907124,3,0.15182707153885744,4,0.15781637717121588,0.005989305632358444,3886,4030,unetr_style
Mouse,POLYIC_20190510_mouse42__E2_P1,x,8,3.1999998807907124,6,0.13535769428718478,4,0.13722084367245657,0.001863149385271795,3886,4030,unetr_style
Mouse,POLYIC_20190510_mouse42__E2_P1,y,2,4.999999925494195,0,0.5005818463925523,1,0.5148247978436657,0.014242951451113428,5156,5194,unetr_style
Mouse,POLYIC_20190510_mouse42__E2_P1,y,3,4.999999925494195,2,0.35550814584949575,2,0.3746630727762803,0.019154926926784555,5156,5194,unetr_style
Mouse,POLYIC_20190510_mouse42__E2_P1,y,4,4.999999925494195,3,0.2651280062063615,3,0.27416249518675395,0.009034488980392441,5156,5194,unetr_style
Mouse,POLYIC_20190510_mouse42__E2_P1,y,5,4.999999925494195,4,0.21683475562451512,3,0.3552175587216018,0.1383828030970867,5156,5194,unetr_style
Mouse,POLYIC_20190510_mouse42__E2_P1,y,6,4.999999925494195,5,0.18211792086889061,5,0.21005005775895264,0.02793213689006202,5156,5194,unetr_style
Mouse,POLYIC_20190510_mouse42__E2_P1,y,7,4.999999925494195,2,0.16252909231962762,3,0.1678860223334617,0.0053569300138340825,5156,5194,unetr_style
Mouse,POLYIC_20190510_mouse42__E2_P1,y,8,4.999999925494195,7,0.15050426687354537,7,0.1725067385444744,0.02200247167092903,5156,5194,unetr_style
Mouse,POLYIC_20190510_mouse43__E2_P1_1,x,2,3.1999998807907124,0,0.5107444359171144,0,0.5052434456928839,-0.005500990224230451,2606,2670,current_best
Mouse,POLYIC_20190510_mouse43__E2_P1_1,x,3,3.1999998807907124,0,0.34804297774366844,2,0.349063670411985,0.0010206926683165585,2606,2670,current_best
Mouse,POLYIC_20190510_mouse43__E2_P1_1,x,4,3.1999998807907124,0,0.2651573292402149,1,0.2636704119850187,-0.001486917255196174,2606,2670,current_best
Mouse,POLYIC_20190510_mouse43__E2_P1_1,x,5,3.1999998807907124,1,0.20683039140445125,4,0.21423220973782772,0.00740181833337647,2606,2670,current_best
Mouse,POLYIC_20190510_mouse43__E2_P1_1,x,6,3.1999998807907124,3,0.18457405986185726,2,0.17752808988764046,-0.007045969974216804,2606,2670,current_best
Mouse,POLYIC_20190510_mouse43__E2_P1_1,x,7,3.1999998807907124,1,0.15656178050652342,5,0.15393258426966291,-0.0026291962368605037,2606,2670,current_best
Mouse,POLYIC_20190510_mouse43__E2_P1_1,x,8,3.1999998807907124,4,0.14044512663085187,1,0.14644194756554307,0.005996820934691199,2606,2670,current_best
Mouse,POLYIC_20190510_mouse43__E2_P1_1,y,2,4.999999925494195,1,0.5104875283446711,1,0.5739695087521175,0.06348198040744635,3528,3542,current_best
Mouse,POLYIC_20190510_mouse43__E2_P1_1,y,3,4.999999925494195,1,0.3449546485260771,2,0.38226990400903443,0.03731525548295733,3528,3542,current_best
Mouse,POLYIC_20190510_mouse43__E2_P1_1,y,4,4.999999925494195,3,0.2593537414965986,1,0.3105590062111801,0.05120526471458148,3528,3542,current_best
Mouse,POLYIC_20190510_mouse43__E2_P1_1,y,5,4.999999925494195,2,0.20918367346938777,2,0.354884246188594,0.14570057271920622,3528,3542,current_best
Mouse,POLYIC_20190510_mouse43__E2_P1_1,y,6,4.999999925494195,1,0.18339002267573695,3,0.21428571428571427,0.03089569160997732,3528,3542,current_best
Mouse,POLYIC_20190510_mouse43__E2_P1_1,y,7,4.999999925494195,3,0.16780045351473924,2,0.18181818181818182,0.014017728303442584,3528,3542,current_best
Mouse,POLYIC_20190510_mouse43__E2_P1_1,y,8,4.999999925494195,3,0.15136054421768708,4,0.16290231507622813,0.01154177085854105,3528,3542,current_best
Mouse,POLYIC_20190510_mouse43__E2_P1_1,x,2,3.1999998807907124,0,0.5107444359171144,0,0.5039883973894126,-0.006756038527701791,2606,2758,unetr_style
Mouse,POLYIC_20190510_mouse43__E2_P1_1,x,3,3.1999998807907124,0,0.34804297774366844,1,0.3440899202320522,-0.003953057511616231,2606,2758,unetr_style
Mouse,POLYIC_20190510_mouse43__E2_P1_1,x,4,3.1999998807907124,0,0.2651573292402149,1,0.2625090645395214,-0.0026482647006935145,2606,2758,unetr_style
Mouse,POLYIC_20190510_mouse43__E2_P1_1,x,5,3.1999998807907124,1,0.20683039140445125,1,0.2139231327048586,0.007092741300407351,2606,2758,unetr_style
Mouse,POLYIC_20190510_mouse43__E2_P1_1,x,6,3.1999998807907124,3,0.18457405986185726,4,0.18419144307469182,-0.0003826167871654462,2606,2758,unetr_style
Mouse,POLYIC_20190510_mouse43__E2_P1_1,x,7,3.1999998807907124,1,0.15656178050652342,6,0.15736040609137056,0.0007986255848471402,2606,2758,unetr_style
Mouse,POLYIC_20190510_mouse43__E2_P1_1,x,8,3.1999998807907124,4,0.14044512663085187,1,0.14865844815083393,0.008213321519982053,2606,2758,unetr_style
Mouse,POLYIC_20190510_mouse43__E2_P1_1,y,2,4.999999925494195,1,0.5104875283446711,1,0.524904214559387,0.014416686214715813,3528,3654,unetr_style
Mouse,POLYIC_20190510_mouse43__E2_P1_1,y,3,4.999999925494195,1,0.3449546485260771,2,0.38478379857690204,0.039829150050824935,3528,3654,unetr_style
Mouse,POLYIC_20190510_mouse43__E2_P1_1,y,4,4.999999925494195,3,0.2593537414965986,1,0.289272030651341,0.029918289154742372,3528,3654,unetr_style
Mouse,POLYIC_20190510_mouse43__E2_P1_1,y,5,4.999999925494195,2,0.20918367346938777,2,0.36973180076628354,0.16054812729689577,3528,3654,unetr_style
Mouse,POLYIC_20190510_mouse43__E2_P1_1,y,6,4.999999925494195,1,0.18339002267573695,2,0.21620142309797483,0.032811400422237874,3528,3654,unetr_style
Mouse,POLYIC_20190510_mouse43__E2_P1_1,y,7,4.999999925494195,3,0.16780045351473924,1,0.19896004378763,0.031159590272890753,3528,3654,unetr_style
Mouse,POLYIC_20190510_mouse43__E2_P1_1,y,8,4.999999925494195,3,0.15136054421768708,4,0.19102353585112206,0.03966299163343498,3528,3654,unetr_style
Mouse,POLYIC_20190510_mouse43__E9_P1,x,2,3.1999998807907124,0,0.5094195519348269,1,0.5058465855940131,-0.0035729663408138324,3928,4276,current_best
Mouse,POLYIC_20190510_mouse43__E9_P1,x,3,3.1999998807907124,2,0.33834012219959264,2,0.3498596819457437,0.011519559746151042,3928,4276,current_best
Mouse,POLYIC_20190510_mouse43__E9_P1,x,4,3.1999998807907124,2,0.265020366598778,3,0.2570159027128157,-0.008004463885962265,3928,4276,current_best
Mouse,POLYIC_20190510_mouse43__E9_P1,x,5,3.1999998807907124,0,0.21308553971486763,3,0.2100093545369504,-0.003076185177917218,3928,4276,current_best
Mouse,POLYIC_20190510_mouse43__E9_P1,x,6,3.1999998807907124,2,0.17362525458248473,5,0.181244153414406,0.007618898831921267,3928,4276,current_best
Mouse,POLYIC_20190510_mouse43__E9_P1,x,7,3.1999998807907124,4,0.15554989816700612,2,0.146866230121609,-0.008683668045397136,3928,4276,current_best
Mouse,POLYIC_20190510_mouse43__E9_P1,x,8,3.1999998807907124,2,0.13365580448065173,0,0.13493919550982225,0.001283391029170522,3928,4276,current_best
Mouse,POLYIC_20190510_mouse43__E9_P1,y,2,4.999999925494195,0,0.5155291411042945,1,0.5399085794655415,0.024379438361247008,5216,5688,current_best
Mouse,POLYIC_20190510_mouse43__E9_P1,y,3,4.999999925494195,1,0.3462423312883436,1,0.36937412095639943,0.023131789668055847,5216,5688,current_best
Mouse,POLYIC_20190510_mouse43__E9_P1,y,4,4.999999925494195,2,0.26150306748466257,1,0.29957805907172996,0.0380749915870674,5216,5688,current_best
Mouse,POLYIC_20190510_mouse43__E9_P1,y,5,4.999999925494195,4,0.20648006134969324,2,0.36075949367088606,0.15427943232119282,5216,5688,current_best
Mouse,POLYIC_20190510_mouse43__E9_P1,y,6,4.999999925494195,4,0.18692484662576686,1,0.20991561181434598,0.02299076518857912,5216,5688,current_best
Mouse,POLYIC_20190510_mouse43__E9_P1,y,7,4.999999925494195,6,0.17043711656441718,6,0.19251054852320676,0.02207343195878958,5216,5688,current_best
Mouse,POLYIC_20190510_mouse43__E9_P1,y,8,4.999999925494195,0,0.1460889570552147,1,0.22063994374120957,0.07455098668599486,5216,5688,current_best
Mouse,POLYIC_20190510_mouse43__E9_P1,x,2,3.1999998807907124,0,0.5094195519348269,0,0.5086996336996337,-0.0007199182351932398,3928,4368,unetr_style
Mouse,POLYIC_20190510_mouse43__E9_P1,x,3,3.1999998807907124,2,0.33834012219959264,1,0.34134615384615385,0.0030060316465612136,3928,4368,unetr_style
Mouse,POLYIC_20190510_mouse43__E9_P1,x,4,3.1999998807907124,2,0.265020366598778,0,0.25686813186813184,-0.008152234730646135,3928,4368,unetr_style
Mouse,POLYIC_20190510_mouse43__E9_P1,x,5,3.1999998807907124,0,0.21308553971486763,4,0.20444139194139194,-0.008644147773475691,3928,4368,unetr_style
Mouse,POLYIC_20190510_mouse43__E9_P1,x,6,3.1999998807907124,2,0.17362525458248473,4,0.17536630036630035,0.0017410457838156201,3928,4368,unetr_style
Mouse,POLYIC_20190510_mouse43__E9_P1,x,7,3.1999998807907124,4,0.15554989816700612,3,0.15956959706959706,0.004019698902590935,3928,4368,unetr_style
Mouse,POLYIC_20190510_mouse43__E9_P1,x,8,3.1999998807907124,2,0.13365580448065173,1,0.13598901098901098,0.002333206508359248,3928,4368,unetr_style
Mouse,POLYIC_20190510_mouse43__E9_P1,y,2,4.999999925494195,0,0.5155291411042945,1,0.5186070331171048,0.0030778920128102794,5216,5858,unetr_style
Mouse,POLYIC_20190510_mouse43__E9_P1,y,3,4.999999925494195,1,0.3462423312883436,2,0.3598497780812564,0.013607446792912814,5216,5858,unetr_style
Mouse,POLYIC_20190510_mouse43__E9_P1,y,4,4.999999925494195,2,0.26150306748466257,1,0.27671560259474226,0.015212535110079695,5216,5858,unetr_style
Mouse,POLYIC_20190510_mouse43__E9_P1,y,5,4.999999925494195,4,0.20648006134969324,2,0.3535336292249915,0.14705356787529825,5216,5858,unetr_style
Mouse,POLYIC_20190510_mouse43__E9_P1,y,6,4.999999925494195,4,0.18692484662576686,1,0.18589962444520314,-0.001025222180563723,5216,5858,unetr_style
Mouse,POLYIC_20190510_mouse43__E9_P1,y,7,4.999999925494195,6,0.17043711656441718,6,0.1804370092181632,0.009999892653746012,5216,5858,unetr_style
Mouse,POLYIC_20190510_mouse43__E9_P1,y,8,4.999999925494195,0,0.1460889570552147,1,0.1899965858654831,0.043907628810268384,5216,5858,unetr_style
Mouse,POLYIC_20190517_mouse33__E2_P1,x,2,3.1999998807907124,0,0.5048179871520343,1,0.5023461939520334,-0.0024717932000009046,3736,3836,current_best
Mouse,POLYIC_20190517_mouse33__E2_P1,x,3,3.1999998807907124,2,0.3476980728051392,0,0.35427528675703857,0.006577213951899363,3736,3836,current_best
Mouse,POLYIC_20190517_mouse33__E2_P1,x,4,3.1999998807907124,1,0.2639186295503212,2,0.264859228362878,0.0009405988125568143,3736,3836,current_best
Mouse,POLYIC_20190517_mouse33__E2_P1,x,5,3.1999998807907124,0,0.20985010706638116,0,0.2281021897810219,0.01825208271464074,3736,3836,current_best
Mouse,POLYIC_20190517_mouse33__E2_P1,x,6,3.1999998807907124,5,0.1838865096359743,0,0.18169968717413973,-0.0021868224618345755,3736,3836,current_best
Mouse,POLYIC_20190517_mouse33__E2_P1,x,7,3.1999998807907124,2,0.1664882226980728,2,0.15667361835245047,-0.00981460434562234,3736,3836,current_best
Mouse,POLYIC_20190517_mouse33__E2_P1,x,8,3.1999998807907124,5,0.14828693790149894,6,0.15250260688216893,0.004215668980669995,3736,3836,current_best
Mouse,POLYIC_20190517_mouse33__E2_P1,y,2,4.999999925494195,1,0.5232198142414861,0,0.5074655436447167,-0.01575427059676937,5168,5224,current_best
Mouse,POLYIC_20190517_mouse33__E2_P1,y,3,4.999999925494195,1,0.33920278637770895,0,0.39127105666156203,0.05206827028385308,5168,5224,current_best
Mouse,POLYIC_20190517_mouse33__E2_P1,y,4,4.999999925494195,3,0.27321981424148606,2,0.2890505359877488,0.015830721746262766,5168,5224,current_best
Mouse,POLYIC_20190517_mouse33__E2_P1,y,5,4.999999925494195,2,0.21729876160990713,2,0.35470903522205205,0.13741027361214492,5168,5224,current_best
Mouse,POLYIC_20190517_mouse33__E2_P1,y,6,4.999999925494195,5,0.19195046439628483,0,0.22320061255742726,0.03125014816114244,5168,5224,current_best
Mouse,POLYIC_20190517_mouse33__E2_P1,y,7,4.999999925494195,5,0.16137770897832818,1,0.17151607963246554,0.010138370654137363,5168,5224,current_best
Mouse,POLYIC_20190517_mouse33__E2_P1,y,8,4.999999925494195,7,0.14202786377708979,5,0.18778713629402757,0.04575927251693779,5168,5224,current_best
Mouse,POLYIC_20190517_mouse33__E2_P1,x,2,3.1999998807907124,0,0.5048179871520343,0,0.5110256410256411,0.006207653873606778,3736,3900,unetr_style
Mouse,POLYIC_20190517_mouse33__E2_P1,x,3,3.1999998807907124,2,0.3476980728051392,0,0.3484615384615385,0.000763465656399287,3736,3900,unetr_style
Mouse,POLYIC_20190517_mouse33__E2_P1,x,4,3.1999998807907124,1,0.2639186295503212,2,0.26615384615384613,0.0022352166035249366,3736,3900,unetr_style
Mouse,POLYIC_20190517_mouse33__E2_P1,x,5,3.1999998807907124,0,0.20985010706638116,0,0.21974358974358973,0.009893482677208576,3736,3900,unetr_style
Mouse,POLYIC_20190517_mouse33__E2_P1,x,6,3.1999998807907124,5,0.1838865096359743,0,0.18743589743589745,0.0035493877999231427,3736,3900,unetr_style
Mouse,POLYIC_20190517_mouse33__E2_P1,x,7,3.1999998807907124,2,0.1664882226980728,3,0.1605128205128205,-0.005975402185252304,3736,3900,unetr_style
Mouse,POLYIC_20190517_mouse33__E2_P1,x,8,3.1999998807907124,5,0.14828693790149894,6,0.15333333333333332,0.005046395431834383,3736,3900,unetr_style
Mouse,POLYIC_20190517_mouse33__E2_P1,y,2,4.999999925494195,1,0.5232198142414861,0,0.5089763177998472,-0.014243496441638914,5168,5236,unetr_style
Mouse,POLYIC_20190517_mouse33__E2_P1,y,3,4.999999925494195,1,0.33920278637770895,0,0.3770053475935829,0.03780256121587394,5168,5236,unetr_style
Mouse,POLYIC_20190517_mouse33__E2_P1,y,4,4.999999925494195,3,0.27321981424148606,2,0.27941176470588236,0.006191950464396301,5168,5236,unetr_style
Mouse,POLYIC_20190517_mouse33__E2_P1,y,5,4.999999925494195,2,0.21729876160990713,3,0.3460656990068755,0.12876693739696837,5168,5236,unetr_style
Mouse,POLYIC_20190517_mouse33__E2_P1,y,6,4.999999925494195,5,0.19195046439628483,0,0.22536287242169595,0.03341240802541112,5168,5236,unetr_style
Mouse,POLYIC_20190517_mouse33__E2_P1,y,7,4.999999925494195,5,0.16137770897832818,6,0.17494270435446907,0.013564995376140893,5168,5236,unetr_style
Mouse,POLYIC_20190517_mouse33__E2_P1,y,8,4.999999925494195,7,0.14202786377708979,5,0.19805194805194806,0.05602408427485828,5168,5236,unetr_style
Mouse,POLYIC_20190517_mouse35__E2_P1,x,2,3.1999998807907124,1,0.5021063717746183,1,0.5124352331606218,0.01032886138600353,3798,3860,current_best
Mouse,POLYIC_20190517_mouse35__E2_P1,x,3,3.1999998807907124,0,0.3467614533965245,2,0.3559585492227979,0.009197095826273427,3798,3860,current_best
Mouse,POLYIC_20190517_mouse35__E2_P1,x,4,3.1999998807907124,0,0.2646129541864139,3,0.27124352331606216,0.006630569129648267,3798,3860,current_best
Mouse,POLYIC_20190517_mouse35__E2_P1,x,5,3.1999998807907124,0,0.22933122696155872,0,0.21528497409326425,-0.014046252868294473,3798,3860,current_best
Mouse,POLYIC_20190517_mouse35__E2_P1,x,6,3.1999998807907124,0,0.17614533965244866,5,0.1878238341968912,0.01167849454444253,3798,3860,current_best
Mouse,POLYIC_20190517_mouse35__E2_P1,x,7,3.1999998807907124,6,0.16850974196945762,6,0.15984455958549224,-0.00866518238396538,3798,3860,current_best
Mouse,POLYIC_20190517_mouse35__E2_P1,x,8,3.1999998807907124,3,0.15297525013164823,3,0.14870466321243522,-0.004270586919213004,3798,3860,current_best
Mouse,POLYIC_20190517_mouse35__E2_P1,y,2,4.999999925494195,0,0.5039047247169075,0,0.5275193798449612,0.02361465512805372,5122,5160,current_best
Mouse,POLYIC_20190517_mouse35__E2_P1,y,3,4.999999925494195,2,0.36060132760640373,0,0.3798449612403101,0.019243633633906354,5122,5160,current_best
Mouse,POLYIC_20190517_mouse35__E2_P1,y,4,4.999999925494195,1,0.2672784068723155,0,0.3013565891472868,0.03407818227497128,5122,5160,current_best
Mouse,POLYIC_20190517_mouse35__E2_P1,y,5,4.999999925494195,3,0.23096446700507614,2,0.3608527131782946,0.12988824617321845,5122,5160,current_best
Mouse,POLYIC_20190517_mouse35__E2_P1,y,6,4.999999925494195,2,0.19621241702459977,3,0.21104651162790697,0.014834094603307202,5122,5160,current_best
Mouse,POLYIC_20190517_mouse35__E2_P1,y,7,4.999999925494195,5,0.15911753221397892,5,0.1693798449612403,0.010262312747261387,5122,5160,current_best
Mouse,POLYIC_20190517_mouse35__E2_P1,y,8,4.999999925494195,1,0.1491604841858649,4,0.16395348837209303,0.014793004186228143,5122,5160,current_best
Mouse,POLYIC_20190517_mouse35__E2_P1,x,2,3.1999998807907124,1,0.5021063717746183,0,0.505547150781644,0.0034407790070257738,3798,3966,unetr_style
Mouse,POLYIC_20190517_mouse35__E2_P1,x,3,3.1999998807907124,0,0.3467614533965245,0,0.34140191628845185,-0.005359537108072632,3798,3966,unetr_style
Mouse,POLYIC_20190517_mouse35__E2_P1,x,4,3.1999998807907124,0,0.2646129541864139,0,0.27281896116994453,0.008206006983530634,3798,3966,unetr_style
Mouse,POLYIC_20190517_mouse35__E2_P1,x,5,3.1999998807907124,0,0.22933122696155872,0,0.21860816944024206,-0.010723057521316665,3798,3966,unetr_style
Mouse,POLYIC_20190517_mouse35__E2_P1,x,6,3.1999998807907124,0,0.17614533965244866,0,0.17271810388300554,-0.003427235769443121,3798,3966,unetr_style
Mouse,POLYIC_20190517_mouse35__E2_P1,x,7,3.1999998807907124,6,0.16850974196945762,6,0.1669188098840141,-0.0015909320854435027,3798,3966,unetr_style
Mouse,POLYIC_20190517_mouse35__E2_P1,x,8,3.1999998807907124,3,0.15297525013164823,4,0.14145234493192133,-0.011522905199726902,3798,3966,unetr_style
Mouse,POLYIC_20190517_mouse35__E2_P1,y,2,4.999999925494195,0,0.5039047247169075,0,0.5300306044376435,0.02612587972073599,5122,5228,unetr_style
Mouse,POLYIC_20190517_mouse35__E2_P1,y,3,4.999999925494195,2,0.36060132760640373,0,0.38771996939556236,0.027118641789158626,5122,5228,unetr_style
Mouse,POLYIC_20190517_mouse35__E2_P1,y,4,4.999999925494195,1,0.2672784068723155,0,0.31178270849273143,0.04450430162041591,5122,5228,unetr_style
Mouse,POLYIC_20190517_mouse35__E2_P1,y,5,4.999999925494195,3,0.23096446700507614,2,0.3685921958684009,0.13762772886332478,5122,5228,unetr_style
Mouse,POLYIC_20190517_mouse35__E2_P1,y,6,4.999999925494195,2,0.19621241702459977,3,0.22226472838561592,0.026052311361016156,5122,5228,unetr_style
Mouse,POLYIC_20190517_mouse35__E2_P1,y,7,4.999999925494195,5,0.15911753221397892,2,0.1557000765110941,-0.0034174557028848196,5122,5228,unetr_style
Mouse,POLYIC_20190517_mouse35__E2_P1,y,8,4.999999925494195,1,0.1491604841858649,4,0.18821729150726854,0.03905680732140365,5122,5228,unetr_style
Mouse,POLYIC_20190517_mouse36__E2_P1,x,2,3.1999998807907124,1,0.5120663650075414,1,0.5088607594936709,-0.003205605513870502,3978,3950,current_best
Mouse,POLYIC_20190517_mouse36__E2_P1,x,3,3.1999998807907124,1,0.3350930115635998,1,0.34632911392405064,0.011236102360450861,3978,3950,current_best
Mouse,POLYIC_20190517_mouse36__E2_P1,x,4,3.1999998807907124,3,0.2561588738059326,1,0.25924050632911394,0.0030816325231813324,3978,3950,current_best
Mouse,POLYIC_20190517_mouse36__E2_P1,x,5,3.1999998807907124,2,0.20487682252388134,1,0.21822784810126583,0.01335102557738449,3978,3950,current_best
Mouse,POLYIC_20190517_mouse36__E2_P1,x,6,3.1999998807907124,1,0.1804927099044746,1,0.18177215189873416,0.0012794419942595558,3978,3950,current_best
Mouse,POLYIC_20190517_mouse36__E2_P1,x,7,3.1999998807907124,2,0.15434891905480141,0,0.15569620253164557,0.0013472834768441522,3978,3950,current_best
Mouse,POLYIC_20190517_mouse36__E2_P1,x,8,3.1999998807907124,3,0.13423831070889894,1,0.14278481012658228,0.008546499417683345,3978,3950,current_best
Mouse,POLYIC_20190517_mouse36__E2_P1,y,2,4.999999925494195,1,0.506872852233677,0,0.5051117001135933,-0.0017611521200836533,5238,5282,current_best
Mouse,POLYIC_20190517_mouse36__E2_P1,y,3,4.999999925494195,0,0.34116074837724325,0,0.38072699734948884,0.03956624897224559,5238,5282,current_best
Mouse,POLYIC_20190517_mouse36__E2_P1,y,4,4.999999925494195,1,0.2733867888507064,0,0.2862552063612268,0.012868417510520425,5238,5282,current_best
Mouse,POLYIC_20190517_mouse36__E2_P1,y,5,4.999999925494195,3,0.23004963726613212,3,0.35876561908368043,0.12871598181754831,5238,5282,current_best
Mouse,POLYIC_20190517_mouse36__E2_P1,y,6,4.999999925494195,3,0.1928216876670485,3,0.23210904960242332,0.039287361935374826,5238,5282,current_best
Mouse,POLYIC_20190517_mouse36__E2_P1,y,7,4.999999925494195,6,0.16132111492936235,5,0.16224914804998106,0.0009280331206187042,5238,5282,current_best
Mouse,POLYIC_20190517_mouse36__E2_P1,y,8,4.999999925494195,1,0.15578465063001146,4,0.17493373722074973,0.019149086590738273,5238,5282,current_best
Mouse,POLYIC_20190517_mouse36__E2_P1,x,2,3.1999998807907124,1,0.5120663650075414,0,0.5107108081791626,-0.0013555568283788455,3978,4108,unetr_style
Mouse,POLYIC_20190517_mouse36__E2_P1,x,3,3.1999998807907124,1,0.3350930115635998,1,0.34712755598831546,0.012034544424715687,3978,4108,unetr_style
Mouse,POLYIC_20190517_mouse36__E2_P1,x,4,3.1999998807907124,3,0.2561588738059326,2,0.26241480038948395,0.006255926583551341,3978,4108,unetr_style
Mouse,POLYIC_20190517_mouse36__E2_P1,x,5,3.1999998807907124,2,0.20487682252388134,3,0.2059396299902629,0.0010628074663815712,3978,4108,unetr_style
Mouse,POLYIC_20190517_mouse36__E2_P1,x,6,3.1999998807907124,1,0.1804927099044746,3,0.17502434274586173,-0.005468367158612875,3978,4108,unetr_style
Mouse,POLYIC_20190517_mouse36__E2_P1,x,7,3.1999998807907124,2,0.15434891905480141,4,0.14995131450827653,-0.00439760454652488,3978,4108,unetr_style
Mouse,POLYIC_20190517_mouse36__E2_P1,x,8,3.1999998807907124,3,0.13423831070889894,1,0.13315481986368063,-0.0010834908452183045,3978,4108,unetr_style
Mouse,POLYIC_20190517_mouse36__E2_P1,y,2,4.999999925494195,1,0.506872852233677,0,0.5007518796992482,-0.006120972534428781,5238,5320,unetr_style
Mouse,POLYIC_20190517_mouse36__E2_P1,y,3,4.999999925494195,0,0.34116074837724325,0,0.3823308270676692,0.04117007869042594,5238,5320,unetr_style
Mouse,POLYIC_20190517_mouse36__E2_P1,y,4,4.999999925494195,1,0.2733867888507064,0,0.2926691729323308,0.019282384081624415,5238,5320,unetr_style
Mouse,POLYIC_20190517_mouse36__E2_P1,y,5,4.999999925494195,3,0.23004963726613212,3,0.35714285714285715,0.12709321987672503,5238,5320,unetr_style
Mouse,POLYIC_20190517_mouse36__E2_P1,y,6,4.999999925494195,3,0.1928216876670485,3,0.2349624060150376,0.0421407183479891,5238,5320,unetr_style
Mouse,POLYIC_20190517_mouse36__E2_P1,y,7,4.999999925494195,6,0.16132111492936235,6,0.1618421052631579,0.0005209903337955457,5238,5320,unetr_style
Mouse,POLYIC_20190517_mouse36__E2_P1,y,8,4.999999925494195,1,0.15578465063001146,4,0.1774436090225564,0.021658958392544947,5238,5320,unetr_style
Mouse,POLYIC_20190517_mouse37__E3_P1,x,2,4.551111009385851,1,0.5032706459525756,0,0.504013914905004,0.0007432689524283775,7338,7474,current_best
Mouse,POLYIC_20190517_mouse37__E3_P1,x,3,4.551111009385851,0,0.34082856364131914,0,0.34974578538934975,0.008917221748030613,7338,7474,current_best
Mouse,POLYIC_20190517_mouse37__E3_P1,x,4,4.551111009385851,1,0.2583810302534751,0,0.2597002943537597,0.0013192641002846006,7338,7474,current_best
Mouse,POLYIC_20190517_mouse37__E3_P1,x,5,4.551111009385851,3,0.2089125102207686,4,0.21541343323521542,0.006500923014446824,7338,7474,current_best
Mouse,POLYIC_20190517_mouse37__E3_P1,x,6,4.551111009385851,0,0.17416189697465248,0,0.1800909820711801,0.00592908509652762,7338,7474,current_best
Mouse,POLYIC_20190517_mouse37__E3_P1,x,7,4.551111009385851,2,0.15140365222131372,1,0.15654268129515655,0.005139029073842838,7338,7474,current_best
Mouse,POLYIC_20190517_mouse37__E3_P1,x,8,4.551111009385851,1,0.1304170073589534,4,0.13781107840513782,0.0073940710461844195,7338,7474,current_best
Mouse,POLYIC_20190517_mouse37__E3_P1,y,2,7.111111111111111,1,0.5104187537567622,1,0.55235914791957,0.041940394162807815,9982,10046,current_best
Mouse,POLYIC_20190517_mouse37__E3_P1,y,3,7.111111111111111,2,0.3402123822881186,2,0.3737806091976906,0.03356822690957201,9982,10046,current_best
Mouse,POLYIC_20190517_mouse37__E3_P1,y,4,7.111111111111111,3,0.26006812262071727,1,0.2891698188333665,0.029101696212649242,9982,10046,current_best
Mouse,POLYIC_20190517_mouse37__E3_P1,y,5,7.111111111111111,3,0.20196353436185133,1,0.274537129205654,0.07257359484380266,9982,10046,current_best
Mouse,POLYIC_20190517_mouse37__E3_P1,y,6,7.111111111111111,5,0.17952314165497896,1,0.2022695600238901,0.022746418368911142,9982,10046,current_best
Mouse,POLYIC_20190517_mouse37__E3_P1,y,7,7.111111111111111,0,0.166800240432779,0,0.20595261795739597,0.03915237752461698,9982,10046,current_best
Mouse,POLYIC_20190517_mouse37__E3_P1,y,8,7.111111111111111,2,0.1344419955920657,1,0.18733824407724467,0.05289624848517896,9982,10046,current_best
Mouse,POLYIC_20190517_mouse37__E3_P1,x,2,4.551111009385851,1,0.5032706459525756,0,0.5145631067961165,0.011292460843540852,7338,7622,unetr_style
Mouse,POLYIC_20190517_mouse37__E3_P1,x,3,4.551111009385851,0,0.34082856364131914,0,0.34479139333508263,0.003962829693763492,7338,7622,unetr_style
Mouse,POLYIC_20190517_mouse37__E3_P1,x,4,4.551111009385851,1,0.2583810302534751,2,0.25767515087903436,-0.000705879374440721,7338,7622,unetr_style
Mouse,POLYIC_20190517_mouse37__E3_P1,x,5,4.551111009385851,3,0.2089125102207686,4,0.21346103384938336,0.00454852362861477,7338,7622,unetr_style
Mouse,POLYIC_20190517_mouse37__E3_P1,x,6,4.551111009385851,0,0.17416189697465248,0,0.18079244292836527,0.006630545953712791,7338,7622,unetr_style
Mouse,POLYIC_20190517_mouse37__E3_P1,x,7,4.551111009385851,2,0.15140365222131372,1,0.16478614536866965,0.013382493147355928,7338,7622,unetr_style
Mouse,POLYIC_20190517_mouse37__E3_P1,x,8,4.551111009385851,1,0.1304170073589534,4,0.13605352925741276,0.005636521898459368,7338,7622,unetr_style
Mouse,POLYIC_20190517_mouse37__E3_P1,y,2,7.111111111111111,1,0.5104187537567622,1,0.5717994807269823,0.06138072697022012,9982,10014,unetr_style
Mouse,POLYIC_20190517_mouse37__E3_P1,y,3,7.111111111111111,2,0.3402123822881186,2,0.3694827241861394,0.029270341898020802,9982,10014,unetr_style
Mouse,POLYIC_20190517_mouse37__E3_P1,y,4,7.111111111111111,3,0.26006812262071727,1,0.29418813660874776,0.034120013988030495,9982,10014,unetr_style
Mouse,POLYIC_20190517_mouse37__E3_P1,y,5,7.111111111111111,3,0.20196353436185133,1,0.27151987217894946,0.06955633781709814,9982,10014,unetr_style
Mouse,POLYIC_20190517_mouse37__E3_P1,y,6,7.111111111111111,5,0.17952314165497896,1,0.20780906730577192,0.028285925650792965,9982,10014,unetr_style
Mouse,POLYIC_20190517_mouse37__E3_P1,y,7,7.111111111111111,0,0.166800240432779,0,0.2067106051527861,0.03991036472000711,9982,10014,unetr_style
Mouse,POLYIC_20190517_mouse37__E3_P1,y,8,7.111111111111111,2,0.1344419955920657,1,0.19292989814260036,0.058487902550534654,9982,10014,unetr_style
Mouse,POLYIC_20190517_mouse38__E3_P1,x,2,3.1999998807907124,0,0.5015592515592515,1,0.5031088082901555,0.001549556730903956,3848,3860,current_best
Mouse,POLYIC_20190517_mouse38__E3_P1,x,3,3.1999998807907124,1,0.3562889812889813,2,0.3453367875647668,-0.010952193724214465,3848,3860,current_best
Mouse,POLYIC_20190517_mouse38__E3_P1,x,4,3.1999998807907124,0,0.2609147609147609,1,0.25699481865284973,-0.003919942261911169,3848,3860,current_best
Mouse,POLYIC_20190517_mouse38__E3_P1,x,5,3.1999998807907124,3,0.20816008316008316,3,0.2095854922279793,0.0014254090678961218,3848,3860,current_best
Mouse,POLYIC_20190517_mouse38__E3_P1,x,6,3.1999998807907124,4,0.1800935550935551,5,0.1738341968911917,-0.0062593582023633965,3848,3860,current_best
Mouse,POLYIC_20190517_mouse38__E3_P1,x,7,3.1999998807907124,1,0.15592515592515593,2,0.1562176165803109,0.00029246065515495245,3848,3860,current_best
Mouse,POLYIC_20190517_mouse38__E3_P1,x,8,3.1999998807907124,4,0.13695426195426194,1,0.1344559585492228,-0.0024983034050391484,3848,3860,current_best
Mouse,POLYIC_20190517_mouse38__E3_P1,y,2,4.999999925494195,0,0.5026197604790419,1,0.5146894756415025,0.012069715162460581,5344,5378,current_best
Mouse,POLYIC_20190517_mouse38__E3_P1,y,3,4.999999925494195,1,0.3405688622754491,1,0.37597619933060616,0.035407337055157084,5344,5378,current_best
Mouse,POLYIC_20190517_mouse38__E3_P1,y,4,4.999999925494195,3,0.25729790419161674,2,0.28412049088880625,0.02682258669718951,5344,5378,current_best
Mouse,POLYIC_20190517_mouse38__E3_P1,y,5,4.999999925494195,4,0.2249251497005988,3,0.35031610264038676,0.12539095293978797,5344,5378,current_best
Mouse,POLYIC_20190517_mouse38__E3_P1,y,6,4.999999925494195,4,0.1846931137724551,5,0.22666418743027147,0.04197107365781638,5344,5378,current_best
Mouse,POLYIC_20190517_mouse38__E3_P1,y,7,4.999999925494195,5,0.15793413173652696,5,0.1692078839717367,0.011273752235209739,5344,5378,current_best
Mouse,POLYIC_20190517_mouse38__E3_P1,y,8,4.999999925494195,2,0.1349176646706587,2,0.20509483079211602,0.07017716612145733,5344,5378,current_best
Mouse,POLYIC_20190517_mouse38__E3_P1,x,2,3.1999998807907124,0,0.5015592515592515,0,0.513184584178499,0.011625332619247475,3848,3944,unetr_style
Mouse,POLYIC_20190517_mouse38__E3_P1,x,3,3.1999998807907124,1,0.3562889812889813,1,0.3392494929006085,-0.01703948838837277,3848,3944,unetr_style
Mouse,POLYIC_20190517_mouse38__E3_P1,x,4,3.1999998807907124,0,0.2609147609147609,0,0.2657200811359026,0.004805320221141718,3848,3944,unetr_style
Mouse,POLYIC_20190517_mouse38__E3_P1,x,5,3.1999998807907124,3,0.20816008316008316,4,0.20562880324543611,-0.00253127991464705,3848,3944,unetr_style
Mouse,POLYIC_20190517_mouse38__E3_P1,x,6,3.1999998807907124,4,0.1800935550935551,4,0.18002028397565922,-7.327111789587337e-05,3848,3944,unetr_style
Mouse,POLYIC_20190517_mouse38__E3_P1,x,7,3.1999998807907124,1,0.15592515592515593,1,0.15542596348884383,-0.000499192436312107,3848,3944,unetr_style
Mouse,POLYIC_20190517_mouse38__E3_P1,x,8,3.1999998807907124,4,0.13695426195426194,0,0.13767748478701824,0.000723222832756304,3848,3944,unetr_style
Mouse,POLYIC_20190517_mouse38__E3_P1,y,2,4.999999925494195,0,0.5026197604790419,1,0.513785394932936,0.011165634453894069,5344,5368,unetr_style
Mouse,POLYIC_20190517_mouse38__E3_P1,y,3,4.999999925494195,1,0.3405688622754491,1,0.3697839046199702,0.029215042344521103,5344,5368,unetr_style
Mouse,POLYIC_20190517_mouse38__E3_P1,y,4,4.999999925494195,3,0.25729790419161674,2,0.27309985096870343,0.015801946777086684,5344,5368,unetr_style
Mouse,POLYIC_20190517_mouse38__E3_P1,y,5,4.999999925494195,4,0.2249251497005988,3,0.34854694485842025,0.12362179515782146,5344,5368,unetr_style
Mouse,POLYIC_20190517_mouse38__E3_P1,y,6,4.999999925494195,4,0.1846931137724551,5,0.22019374068554395,0.03550062691308886,5344,5368,unetr_style
Mouse,POLYIC_20190517_mouse38__E3_P1,y,7,4.999999925494195,5,0.15793413173652696,6,0.1706408345752608,0.012706702838733847,5344,5368,unetr_style
Mouse,POLYIC_20190517_mouse38__E3_P1,y,8,4.999999925494195,2,0.1349176646706587,2,0.19374068554396423,0.05882302087330554,5344,5368,unetr_style
Mouse,POLYIC_20190517_mouse39__E12_P1,x,2,4.551111009385851,1,0.5019701660568534,0,0.5075383771929824,0.005568211136129042,7106,7296,current_best
Mouse,POLYIC_20190517_mouse39__E12_P1,x,3,4.551111009385851,2,0.3401350971010414,2,0.3397752192982456,-0.00035987780279578274,7106,7296,current_best
Mouse,POLYIC_20190517_mouse39__E12_P1,x,4,4.551111009385851,1,0.25499577821559244,0,0.2590460526315789,0.004050274415986488,7106,7296,current_best
Mouse,POLYIC_20190517_mouse39__E12_P1,x,5,4.551111009385851,1,0.20757106670419365,2,0.2060032894736842,-0.0015677772305094373,7106,7296,current_best
Mouse,POLYIC_20190517_mouse39__E12_P1,x,6,4.551111009385851,5,0.17703349282296652,5,0.17036732456140352,-0.006666168261562994,7106,7296,current_best
Mouse,POLYIC_20190517_mouse39__E12_P1,x,7,4.551111009385851,6,0.1556431184914157,1,0.14980811403508773,-0.00583500445632798,7106,7296,current_best
Mouse,POLYIC_20190517_mouse39__E12_P1,x,8,4.551111009385851,1,0.13129749507458485,4,0.13719846491228072,0.005900969837695863,7106,7296,current_best
Mouse,POLYIC_20190517_mouse39__E12_P1,y,2,7.111111111111111,0,0.5028682646998566,1,0.5328591464636345,0.029990881763777955,9762,9982,current_best
Mouse,POLYIC_20190517_mouse39__E12_P1,y,3,7.111111111111111,0,0.3363040360581848,2,0.3944099378881988,0.05810590183001396,9762,9982,current_best
Mouse,POLYIC_20190517_mouse39__E12_P1,y,4,7.111111111111111,2,0.26070477361196476,1,0.31065918653576435,0.049954412923799596,9762,9982,current_best
Mouse,POLYIC_20190517_mouse39__E12_P1,y,5,7.111111111111111,0,0.20610530628969473,0,0.24644359847725908,0.04033829218756435,9762,9982,current_best
Mouse,POLYIC_20190517_mouse39__E12_P1,y,6,7.111111111111111,0,0.1753738987912313,2,0.21057904227609697,0.03520514348486567,9762,9982,current_best
Mouse,POLYIC_20190517_mouse39__E12_P1,y,7,7.111111111111111,5,0.16267158369186643,3,0.18723702664796635,0.024565442956099914,9762,9982,current_best
Mouse,POLYIC_20190517_mouse39__E12_P1,y,8,7.111111111111111,2,0.1322474902683876,1,0.2036665998797836,0.071419109611396,9762,9982,current_best
Mouse,POLYIC_20190517_mouse39__E12_P1,x,2,4.551111009385851,1,0.5019701660568534,0,0.504306864064603,0.0023366980077496047,7106,7430,unetr_style
Mouse,POLYIC_20190517_mouse39__E12_P1,x,3,4.551111009385851,2,0.3401350971010414,0,0.338492597577389,-0.0016424995236524187,7106,7430,unetr_style
Mouse,POLYIC_20190517_mouse39__E12_P1,x,4,4.551111009385851,1,0.25499577821559244,2,0.25477792732166893,-0.0002178508939235102,7106,7430,unetr_style
Mouse,POLYIC_20190517_mouse39__E12_P1,x,5,4.551111009385851,1,0.20757106670419365,0,0.2063257065948856,-0.0012453601093080358,7106,7430,unetr_style
Mouse,POLYIC_20190517_mouse39__E12_P1,x,6,4.551111009385851,5,0.17703349282296652,0,0.17765814266487215,0.0006246498419056334,7106,7430,unetr_style
Mouse,POLYIC_20190517_mouse39__E12_P1,x,7,4.551111009385851,6,0.1556431184914157,3,0.15464333781965006,-0.0009997806717656488,7106,7430,unetr_style
Mouse,POLYIC_20190517_mouse39__E12_P1,x,8,4.551111009385851,1,0.13129749507458485,5,0.13310901749663526,0.0018115224220504045,7106,7430,unetr_style
Mouse,POLYIC_20190517_mouse39__E12_P1,y,2,7.111111111111111,0,0.5028682646998566,1,0.5324949698189135,0.029626705119056962,9762,9940,unetr_style
Mouse,POLYIC_20190517_mouse39__E12_P1,y,3,7.111111111111111,0,0.3363040360581848,2,0.3797786720321932,0.04347463597400836,9762,9940,unetr_style
Mouse,POLYIC_20190517_mouse39__E12_P1,y,4,7.111111111111111,2,0.26070477361196476,1,0.31006036217303823,0.04935558856107347,9762,9940,unetr_style
Mouse,POLYIC_20190517_mouse39__E12_P1,y,5,7.111111111111111,0,0.20610530628969473,0,0.22887323943661972,0.02276793314692499,9762,9940,unetr_style
Mouse,POLYIC_20190517_mouse39__E12_P1,y,6,7.111111111111111,0,0.1753738987912313,2,0.19305835010060363,0.017684451309372323,9762,9940,unetr_style
Mouse,POLYIC_20190517_mouse39__E12_P1,y,7,7.111111111111111,5,0.16267158369186643,3,0.18702213279678068,0.024350549104914243,9762,9940,unetr_style
Mouse,POLYIC_20190517_mouse39__E12_P1,y,8,7.111111111111111,2,0.1322474902683876,1,0.19879275653923542,0.06654526627084781,9762,9940,unetr_style
Mouse,POLYIC_20190517_mouse42__E4_P1,x,2,3.1999998807907124,0,0.5065856129685917,1,0.5032354405176704,-0.003350172450921285,3948,4018,current_best
Mouse,POLYIC_20190517_mouse42__E4_P1,x,3,3.1999998807907124,2,0.3497973657548126,0,0.34519661523145845,-0.004600750523354125,3948,4018,current_best
Mouse,POLYIC_20190517_mouse42__E4_P1,x,4,3.1999998807907124,2,0.2689969604863222,3,0.2573419611747138,-0.011654999311608405,3948,4018,current_best
Mouse,POLYIC_20190517_mouse42__E4_P1,x,5,3.1999998807907124,1,0.21707193515704154,2,0.21652563464410154,-0.0005463005129399956,3948,4018,current_best
Mouse,POLYIC_20190517_mouse42__E4_P1,x,6,3.1999998807907124,2,0.17806484295845998,3,0.17297162767546043,-0.0050932152829995525,3948,4018,current_best
Mouse,POLYIC_20190517_mouse42__E4_P1,x,7,3.1999998807907124,4,0.16286727456940223,0,0.15331010452961671,-0.009557170039785512,3948,4018,current_best
Mouse,POLYIC_20190517_mouse42__E4_P1,x,8,3.1999998807907124,2,0.14209726443768997,0,0.1326530612244898,-0.009444203213200164,3948,4018,current_best
Mouse,POLYIC_20190517_mouse42__E4_P1,y,2,4.999999925494195,1,0.5041698256254739,1,0.5616283452695062,0.05745851964403237,5276,5306,current_best
Mouse,POLYIC_20190517_mouse42__E4_P1,y,3,4.999999925494195,1,0.34268385140257773,0,0.3744817188088956,0.03179786740631785,5276,5306,current_best
Mouse,POLYIC_20190517_mouse42__E4_P1,y,4,4.999999925494195,2,0.260235026535254,1,0.287598944591029,0.02736391805577504,5276,5306,current_best
Mouse,POLYIC_20190517_mouse42__E4_P1,y,5,4.999999925494195,1,0.2196739954510993,3,0.3507350169619299,0.13106102151083057,5276,5306,current_best
Mouse,POLYIC_20190517_mouse42__E4_P1,y,6,4.999999925494195,5,0.18423047763457165,3,0.23426309837919337,0.050032620744621725,5276,5306,current_best
Mouse,POLYIC_20190517_mouse42__E4_P1,y,7,4.999999925494195,1,0.15902198635329795,1,0.18431963814549568,0.02529765179219773,5276,5306,current_best
Mouse,POLYIC_20190517_mouse42__E4_P1,y,8,4.999999925494195,3,0.15428354814253223,4,0.1601960045231813,0.005912456380649078,5276,5306,current_best
Mouse,POLYIC_20190517_mouse42__E4_P1,x,2,3.1999998807907124,0,0.5065856129685917,1,0.5164700098328416,0.009884396864249911,3948,4068,unetr_style
Mouse,POLYIC_20190517_mouse42__E4_P1,x,3,3.1999998807907124,2,0.3497973657548126,0,0.3443952802359882,-0.005402085518824373,3948,4068,unetr_style
Mouse,POLYIC_20190517_mouse42__E4_P1,x,4,3.1999998807907124,2,0.2689969604863222,3,0.2694198623402163,0.0004229018538940976,3948,4068,unetr_style
Mouse,POLYIC_20190517_mouse42__E4_P1,x,5,3.1999998807907124,1,0.21707193515704154,2,0.22271386430678466,0.0056419291497431245,3948,4068,unetr_style
Mouse,POLYIC_20190517_mouse42__E4_P1,x,6,3.1999998807907124,2,0.17806484295845998,3,0.18092428711897737,0.0028594441605173937,3948,4068,unetr_style
Mouse,POLYIC_20190517_mouse42__E4_P1,x,7,3.1999998807907124,4,0.16286727456940223,4,0.15240904621435594,-0.010458228355046284,3948,4068,unetr_style
Mouse,POLYIC_20190517_mouse42__E4_P1,x,8,3.1999998807907124,2,0.14209726443768997,3,0.1467551622418879,0.004657897804197925,3948,4068,unetr_style
Mouse,POLYIC_20190517_mouse42__E4_P1,y,2,4.999999925494195,1,0.5041698256254739,1,0.5654716981132075,0.061301872487733666,5276,5300,unetr_style
Mouse,POLYIC_20190517_mouse42__E4_P1,y,3,4.999999925494195,1,0.34268385140257773,0,0.37245283018867925,0.02976897878610152,5276,5300,unetr_style
Mouse,POLYIC_20190517_mouse42__E4_P1,y,4,4.999999925494195,2,0.260235026535254,1,0.3058490566037736,0.045614030068519607,5276,5300,unetr_style
Mouse,POLYIC_20190517_mouse42__E4_P1,y,5,4.999999925494195,1,0.2196739954510993,3,0.3418867924528302,0.1222127970017309,5276,5300,unetr_style
Mouse,POLYIC_20190517_mouse42__E4_P1,y,6,4.999999925494195,5,0.18423047763457165,3,0.23962264150943396,0.055392163874862316,5276,5300,unetr_style
Mouse,POLYIC_20190517_mouse42__E4_P1,y,7,4.999999925494195,1,0.15902198635329795,1,0.19433962264150945,0.035317636288211496,5276,5300,unetr_style
Mouse,POLYIC_20190517_mouse42__E4_P1,y,8,4.999999925494195,3,0.15428354814253223,4,0.16433962264150945,0.010056074498977219,5276,5300,unetr_style
Mouse,POLYIC_20190517_mouse43__E3_P1,x,2,3.1999998807907124,1,0.5002492522432702,1,0.5039564787339268,0.003707226490656579,4012,4044,current_best
Mouse,POLYIC_20190517_mouse43__E3_P1,x,3,3.1999998807907124,1,0.3397308075772682,1,0.34099901088031653,0.001268203303048332,4012,4044,current_best
Mouse,POLYIC_20190517_mouse43__E3_P1,x,4,3.1999998807907124,1,0.2522432701894317,1,0.2591493570722057,0.0069060868827739985,4012,4044,current_best
Mouse,POLYIC_20190517_mouse43__E3_P1,x,5,3.1999998807907124,0,0.20787637088733799,4,0.2109297725024728,0.0030534016151348153,4012,4044,current_best
Mouse,POLYIC_20190517_mouse43__E3_P1,x,6,3.1999998807907124,1,0.1747258225324028,1,0.17507418397626112,0.00034836144385833046,4012,4044,current_best
Mouse,POLYIC_20190517_mouse43__E3_P1,x,7,3.1999998807907124,6,0.14930209371884348,1,0.1513353115727003,0.0020332178538568224,4012,4044,current_best
Mouse,POLYIC_20190517_mouse43__E3_P1,x,8,3.1999998807907124,7,0.13409770687936193,1,0.14268051434223541,0.008582807462873487,4012,4044,current_best
Mouse,POLYIC_20190517_mouse43__E3_P1,y,2,4.999999925494195,1,0.511693700490381,0,0.5551373729770418,0.04344367248666081,5302,5314,current_best
Mouse,POLYIC_20190517_mouse43__E3_P1,y,3,4.999999925494195,2,0.3360995850622407,0,0.35397064358298835,0.017871058520747662,5302,5314,current_best
Mouse,POLYIC_20190517_mouse43__E3_P1,y,4,4.999999925494195,1,0.2819690682761222,0,0.28961234474971775,0.007643276473595528,5302,5314,current_best
Mouse,POLYIC_20190517_mouse43__E3_P1,y,5,4.999999925494195,4,0.21067521689928329,2,0.3515242754986827,0.14084905859939942,5302,5314,current_best
Mouse,POLYIC_20190517_mouse43__E3_P1,y,6,4.999999925494195,3,0.17691437193511883,4,0.20700037636432067,0.03008600442920184,5302,5314,current_best
Mouse,POLYIC_20190517_mouse43__E3_P1,y,7,4.999999925494195,5,0.17597133157299133,5,0.16051938276251412,-0.015451948810477206,5302,5314,current_best
Mouse,POLYIC_20190517_mouse43__E3_P1,y,8,4.999999925494195,1,0.16125990192380235,4,0.16484757245013174,0.003587670526329384,5302,5314,current_best
Mouse,POLYIC_20190517_mouse43__E3_P1,x,2,3.1999998807907124,1,0.5002492522432702,0,0.5026711996114619,0.0024219473681916792,4012,4118,unetr_style
Mouse,POLYIC_20190517_mouse43__E3_P1,x,3,3.1999998807907124,1,0.3397308075772682,1,0.3443419135502671,0.004611105972998908,4012,4118,unetr_style
Mouse,POLYIC_20190517_mouse43__E3_P1,x,4,3.1999998807907124,1,0.2522432701894317,2,0.25959203496843125,0.007348764778999539,4012,4118,unetr_style
Mouse,POLYIC_20190517_mouse43__E3_P1,x,5,3.1999998807907124,0,0.20787637088733799,4,0.20883924235065565,0.000962871463317666,4012,4118,unetr_style
Mouse,POLYIC_20190517_mouse43__E3_P1,x,6,3.1999998807907124,1,0.1747258225324028,1,0.1758135016998543,0.0010876791674515052,4012,4118,unetr_style
Mouse,POLYIC_20190517_mouse43__E3_P1,x,7,3.1999998807907124,6,0.14930209371884348,2,0.14764448761534726,-0.0016576061034962175,4012,4118,unetr_style
Mouse,POLYIC_20190517_mouse43__E3_P1,x,8,3.1999998807907124,7,0.13409770687936193,6,0.14400194269062652,0.009904235811264595,4012,4118,unetr_style
Mouse,POLYIC_20190517_mouse43__E3_P1,y,2,4.999999925494195,1,0.511693700490381,0,0.5454205607476635,0.033726860257282554,5302,5350,unetr_style
Mouse,POLYIC_20190517_mouse43__E3_P1,y,3,4.999999925494195,2,0.3360995850622407,0,0.35813084112149535,0.022031256059254656,5302,5350,unetr_style
Mouse,POLYIC_20190517_mouse43__E3_P1,y,4,4.999999925494195,1,0.2819690682761222,0,0.285607476635514,0.003638408359391776,5302,5350,unetr_style
Mouse,POLYIC_20190517_mouse43__E3_P1,y,5,4.999999925494195,4,0.21067521689928329,3,0.34074766355140185,0.13007244665211856,5302,5350,unetr_style
Mouse,POLYIC_20190517_mouse43__E3_P1,y,6,4.999999925494195,3,0.17691437193511883,4,0.20485981308411216,0.027945441148993333,5302,5350,unetr_style
Mouse,POLYIC_20190517_mouse43__E3_P1,y,7,4.999999925494195,5,0.17597133157299133,3,0.1519626168224299,-0.024008714750561433,5302,5350,unetr_style
Mouse,POLYIC_20190517_mouse43__E3_P1,y,8,4.999999925494195,1,0.16125990192380235,4,0.15738317757009346,-0.0038767243537088936,5302,5350,unetr_style
Mouse,POLYIC_20190524_polyic___E3_P1,x,2,3.1999998807907124,1,0.5081632653061224,1,0.5052870090634441,-0.002876256242678288,3920,3972,current_best
Mouse,POLYIC_20190524_polyic___E3_P1,x,3,3.1999998807907124,1,0.35153061224489796,1,0.3366062437059416,-0.014924368538956345,3920,3972,current_best
Mouse,POLYIC_20190524_polyic___E3_P1,x,4,3.1999998807907124,3,0.2627551020408163,3,0.2550352467270896,-0.007719855313726709,3920,3972,current_best
Mouse,POLYIC_20190524_polyic___E3_P1,x,5,3.1999998807907124,4,0.21887755102040815,0,0.21122860020140988,-0.0076489508189982736,3920,3972,current_best
Mouse,POLYIC_20190524_polyic___E3_P1,x,6,3.1999998807907124,1,0.18418367346938774,0,0.17849949647532729,-0.005684176994060458,3920,3972,current_best
Mouse,POLYIC_20190524_polyic___E3_P1,x,7,3.1999998807907124,6,0.16096938775510203,1,0.16037260825780464,-0.0005967794972973894,3920,3972,current_best
Mouse,POLYIC_20190524_polyic___E3_P1,x,8,3.1999998807907124,3,0.14923469387755103,3,0.14350453172205438,-0.005730162155496654,3920,3972,current_best
Mouse,POLYIC_20190524_polyic___E3_P1,y,2,4.999999925494195,1,0.503731343283582,1,0.5066790352504639,0.002947691966881827,5360,5390,current_best
Mouse,POLYIC_20190524_polyic___E3_P1,y,3,4.999999925494195,2,0.35261194029850745,0,0.3523191094619666,-0.0002928308365408583,5360,5390,current_best
Mouse,POLYIC_20190524_polyic___E3_P1,y,4,4.999999925494195,3,0.26026119402985076,1,0.26048237476808905,0.00022118073823829132,5360,5390,current_best
Mouse,POLYIC_20190524_polyic___E3_P1,y,5,4.999999925494195,4,0.23041044776119404,3,0.34786641929499074,0.1174559715337967,5360,5390,current_best
Mouse,POLYIC_20190524_polyic___E3_P1,y,6,4.999999925494195,2,0.18078358208955222,0,0.1849721706864564,0.004188588596904186,5360,5390,current_best
Mouse,POLYIC_20190524_polyic___E3_P1,y,7,4.999999925494195,3,0.15951492537313433,4,0.16085343228200372,0.0013385069088693857,5360,5390,current_best
Mouse,POLYIC_20190524_polyic___E3_P1,y,8,4.999999925494195,0,0.13936567164179103,5,0.16753246753246753,0.0281667958906765,5360,5390,current_best
Mouse,POLYIC_20190524_polyic___E3_P1,x,2,3.1999998807907124,1,0.5081632653061224,1,0.5061728395061729,-0.001990425799949569,3920,4050,unetr_style
Mouse,POLYIC_20190524_polyic___E3_P1,x,3,3.1999998807907124,1,0.35153061224489796,1,0.3419753086419753,-0.009555303602922671,3920,4050,unetr_style
Mouse,POLYIC_20190524_polyic___E3_P1,x,4,3.1999998807907124,3,0.2627551020408163,3,0.2632098765432099,0.0004547745023935623,3920,4050,unetr_style
Mouse,POLYIC_20190524_polyic___E3_P1,x,5,3.1999998807907124,4,0.21887755102040815,1,0.20592592592592593,-0.012951625094482222,3920,4050,unetr_style
Mouse,POLYIC_20190524_polyic___E3_P1,x,6,3.1999998807907124,1,0.18418367346938774,1,0.17407407407407408,-0.010109599395313668,3920,4050,unetr_style
Mouse,POLYIC_20190524_polyic___E3_P1,x,7,3.1999998807907124,6,0.16096938775510203,5,0.15703703703703703,-0.0039323507180649975,3920,4050,unetr_style
Mouse,POLYIC_20190524_polyic___E3_P1,x,8,3.1999998807907124,3,0.14923469387755103,3,0.1454320987654321,-0.003802595112118945,3920,4050,unetr_style
Mouse,POLYIC_20190524_polyic___E3_P1,y,2,4.999999925494195,1,0.503731343283582,1,0.5090841675936225,0.0053528243100404715,5360,5394,unetr_style
Mouse,POLYIC_20190524_polyic___E3_P1,y,3,4.999999925494195,2,0.35261194029850745,2,0.35335558027437897,0.0007436399758715129,5360,5394,unetr_style
Mouse,POLYIC_20190524_polyic___E3_P1,y,4,4.999999925494195,3,0.26026119402985076,1,0.26918798665183535,0.008926792621984592,5360,5394,unetr_style
Mouse,POLYIC_20190524_polyic___E3_P1,y,5,4.999999925494195,4,0.23041044776119404,0,0.3385242862439748,0.10811383848278075,5360,5394,unetr_style
Mouse,POLYIC_20190524_polyic___E3_P1,y,6,4.999999925494195,2,0.18078358208955222,0,0.18223952539859103,0.0014559433090388096,5360,5394,unetr_style
Mouse,POLYIC_20190524_polyic___E3_P1,y,7,4.999999925494195,3,0.15951492537313433,6,0.16592510196514645,0.006410176592012123,5360,5394,unetr_style
Mouse,POLYIC_20190524_polyic___E3_P1,y,8,4.999999925494195,0,0.13936567164179103,5,0.17871709306637004,0.03935142142457901,5360,5394,unetr_style
Mouse,POLYIC_20190524_polyic___E3_P1_1,x,2,3.1999998807907124,0,0.5056352459016393,0,0.500253036437247,-0.005382209464392385,3904,3952,current_best
Mouse,POLYIC_20190524_polyic___E3_P1_1,x,3,3.1999998807907124,1,0.34298155737704916,2,0.3575404858299595,0.014558928452910347,3904,3952,current_best
Mouse,POLYIC_20190524_polyic___E3_P1_1,x,4,3.1999998807907124,0,0.2640881147540984,1,0.2555668016194332,-0.008521313134665198,3904,3952,current_best
Mouse,POLYIC_20190524_polyic___E3_P1_1,x,5,3.1999998807907124,0,0.2177254098360656,0,0.21685222672064777,-0.0008731831154178138,3904,3952,current_best
Mouse,POLYIC_20190524_polyic___E3_P1_1,x,6,3.1999998807907124,4,0.17366803278688525,2,0.1799089068825911,0.0062408740957058395,3904,3952,current_best
Mouse,POLYIC_20190524_polyic___E3_P1_1,x,7,3.1999998807907124,6,0.15394467213114754,5,0.15258097165991902,-0.001363700471228524,3904,3952,current_best
Mouse,POLYIC_20190524_polyic___E3_P1_1,x,8,3.1999998807907124,0,0.13550204918032788,3,0.13360323886639677,-0.0018988103139311041,3904,3952,current_best
Mouse,POLYIC_20190524_polyic___E3_P1_1,y,2,4.999999925494195,0,0.500367107195301,0,0.5257863935625458,0.025419286367244776,5448,5468,current_best
Mouse,POLYIC_20190524_polyic___E3_P1_1,y,3,4.999999925494195,2,0.3474669603524229,0,0.3694220921726408,0.02195513182021791,5448,5468,current_best
Mouse,POLYIC_20190524_polyic___E3_P1_1,y,4,4.999999925494195,1,0.2630323054331865,0,0.2798098024871982,0.016777497054011714,5448,5468,current_best
Mouse,POLYIC_20190524_polyic___E3_P1_1,y,5,4.999999925494195,1,0.23348017621145375,0,0.3423555230431602,0.10887534683170644,5448,5468,current_best
Mouse,POLYIC_20190524_polyic___E3_P1_1,y,6,4.999999925494195,5,0.1762114537444934,4,0.2055596196049744,0.029348165860481,5448,5468,current_best
Mouse,POLYIC_20190524_polyic___E3_P1_1,y,7,4.999999925494195,1,0.1683186490455213,0,0.17008046817849304,0.0017618191329717425,5448,5468,current_best
Mouse,POLYIC_20190524_polyic___E3_P1_1,y,8,4.999999925494195,4,0.14684287812041116,4,0.19092904169714703,0.044086163576735865,5448,5468,current_best
Mouse,POLYIC_20190524_polyic___E3_P1_1,x,2,3.1999998807907124,0,0.5056352459016393,0,0.5102963335007534,0.0046610875991141,3904,3982,unetr_style
Mouse,POLYIC_20190524_polyic___E3_P1_1,x,3,3.1999998807907124,1,0.34298155737704916,2,0.35133098945253644,0.008349432075487273,3904,3982,unetr_style
Mouse,POLYIC_20190524_polyic___E3_P1_1,x,4,3.1999998807907124,0,0.2640881147540984,2,0.26067302862882974,-0.0034150861252686404,3904,3982,unetr_style
Mouse,POLYIC_20190524_polyic___E3_P1_1,x,5,3.1999998807907124,0,0.2177254098360656,4,0.2240080361627323,0.006282626326666707,3904,3982,unetr_style
Mouse,POLYIC_20190524_polyic___E3_P1_1,x,6,3.1999998807907124,4,0.17366803278688525,5,0.17604218985434456,0.0023741570674593038,3904,3982,unetr_style
Mouse,POLYIC_20190524_polyic___E3_P1_1,x,7,3.1999998807907124,6,0.15394467213114754,1,0.15369161225514816,-0.00025305987599938407,3904,3982,unetr_style
Mouse,POLYIC_20190524_polyic___E3_P1_1,x,8,3.1999998807907124,0,0.13550204918032788,2,0.1358613761928679,0.0003593270125400172,3904,3982,unetr_style
Mouse,POLYIC_20190524_polyic___E3_P1_1,y,2,4.999999925494195,0,0.500367107195301,0,0.52994555353902,0.029578446343718978,5448,5510,unetr_style
Mouse,POLYIC_20190524_polyic___E3_P1_1,y,3,4.999999925494195,2,0.3474669603524229,1,0.36497277676950995,0.01750581641708704,5448,5510,unetr_style
Mouse,POLYIC_20190524_polyic___E3_P1_1,y,4,4.999999925494195,1,0.2630323054331865,0,0.28620689655172415,0.023174591118537646,5448,5510,unetr_style
Mouse,POLYIC_20190524_polyic___E3_P1_1,y,5,4.999999925494195,1,0.23348017621145375,3,0.3390199637023594,0.10553978749090562,5448,5510,unetr_style
Mouse,POLYIC_20190524_polyic___E3_P1_1,y,6,4.999999925494195,5,0.1762114537444934,4,0.21524500907441016,0.03903355532991676,5448,5510,unetr_style
Mouse,POLYIC_20190524_polyic___E3_P1_1,y,7,4.999999925494195,1,0.1683186490455213,1,0.16352087114337568,-0.004797777902145611,5448,5510,unetr_style
Mouse,POLYIC_20190524_polyic___E3_P1_1,y,8,4.999999925494195,4,0.14684287812041116,4,0.1967332123411978,0.04989033422078665,5448,5510,unetr_style
Mouse,POLYIC_20190524_polyic___E3_P1_10,x,2,3.1999998807907124,1,0.5010498687664042,0,0.5074550128534704,0.006405144087066161,3810,3890,current_best
Mouse,POLYIC_20190524_polyic___E3_P1_10,x,3,3.1999998807907124,0,0.33569553805774277,1,0.3365038560411311,0.0008083179833883181,3810,3890,current_best
Mouse,POLYIC_20190524_polyic___E3_P1_10,x,4,3.1999998807907124,2,0.2572178477690289,2,0.26195372750642676,0.004735879737397863,3810,3890,current_best
Mouse,POLYIC_20190524_polyic___E3_P1_10,x,5,3.1999998807907124,0,0.21338582677165355,0,0.212853470437018,-0.0005323563346355531,3810,3890,current_best
Mouse,POLYIC_20190524_polyic___E3_P1_10,x,6,3.1999998807907124,3,0.17821522309711285,2,0.17326478149100258,-0.004950441606110273,3810,3890,current_best
Mouse,POLYIC_20190524_polyic___E3_P1_10,x,7,3.1999998807907124,5,0.15616797900262466,6,0.16709511568123395,0.010927136678609284,3810,3890,current_best
Mouse,POLYIC_20190524_polyic___E3_P1_10,x,8,3.1999998807907124,2,0.13622047244094487,3,0.14961439588688946,0.013393923445944589,3810,3890,current_best
Mouse,POLYIC_20190524_polyic___E3_P1_10,y,2,4.999999925494195,1,0.509430403621275,0,0.5445692883895131,0.03513888476823812,5302,5340,current_best
Mouse,POLYIC_20190524_polyic___E3_P1_10,y,3,4.999999925494195,1,0.34156921916258015,0,0.35917602996254683,0.017606810799966677,5302,5340,current_best
Mouse,POLYIC_20190524_polyic___E3_P1_10,y,4,4.999999925494195,3,0.2708411920030177,0,0.2852059925093633,0.014364800506345587,5302,5340,current_best
Mouse,POLYIC_20190524_polyic___E3_P1_10,y,5,4.999999925494195,1,0.24801961523953225,2,0.349063670411985,0.10104405517245274,5302,5340,current_best
Mouse,POLYIC_20190524_polyic___E3_P1_10,y,6,4.999999925494195,1,0.19294605809128632,2,0.20112359550561798,0.008177537414331665,5302,5340,current_best
Mouse,POLYIC_20190524_polyic___E3_P1_10,y,7,4.999999925494195,0,0.17370803470388532,2,0.17378277153558053,7.473683169520462e-05,5302,5340,current_best
Mouse,POLYIC_20190524_polyic___E3_P1_10,y,8,4.999999925494195,3,0.15937382119954735,4,0.21161048689138576,0.05223666569183841,5302,5340,current_best
Mouse,POLYIC_20190524_polyic___E3_P1_10,x,2,3.1999998807907124,1,0.5010498687664042,0,0.5142002989536621,0.013150430187257922,3810,4014,unetr_style
Mouse,POLYIC_20190524_polyic___E3_P1_10,x,3,3.1999998807907124,0,0.33569553805774277,2,0.3500249128051819,0.014329374747439116,3810,4014,unetr_style
Mouse,POLYIC_20190524_polyic___E3_P1_10,x,4,3.1999998807907124,2,0.2572178477690289,2,0.26606875934230195,0.008850911573273057,3810,4014,unetr_style
Mouse,POLYIC_20190524_polyic___E3_P1_10,x,5,3.1999998807907124,0,0.21338582677165355,0,0.2112605879422023,-0.002125238829451259,3810,4014,unetr_style
Mouse,POLYIC_20190524_polyic___E3_P1_10,x,6,3.1999998807907124,3,0.17821522309711285,2,0.17937219730941703,0.0011569742123041793,3810,4014,unetr_style
Mouse,POLYIC_20190524_polyic___E3_P1_10,x,7,3.1999998807907124,5,0.15616797900262466,5,0.16591928251121077,0.009751303508586107,3810,4014,unetr_style
Mouse,POLYIC_20190524_polyic___E3_P1_10,x,8,3.1999998807907124,2,0.13622047244094487,2,0.14150473343298456,0.0052842609920396855,3810,4014,unetr_style
Mouse,POLYIC_20190524_polyic___E3_P1_10,y,2,4.999999925494195,1,0.509430403621275,0,0.5558035714285714,0.04637316780729639,5302,5376,unetr_style
Mouse,POLYIC_20190524_polyic___E3_P1_10,y,3,4.999999925494195,1,0.34156921916258015,0,0.3599330357142857,0.018363816551705547,5302,5376,unetr_style
Mouse,POLYIC_20190524_polyic___E3_P1_10,y,4,4.999999925494195,3,0.2708411920030177,0,0.2859002976190476,0.01505910561602991,5302,5376,unetr_style
Mouse,POLYIC_20190524_polyic___E3_P1_10,y,5,4.999999925494195,1,0.24801961523953225,2,0.35974702380952384,0.11172740856999158,5302,5376,unetr_style
Mouse,POLYIC_20190524_polyic___E3_P1_10,y,6,4.999999925494195,1,0.19294605809128632,2,0.1995907738095238,0.006644715718237493,5302,5376,unetr_style
Mouse,POLYIC_20190524_polyic___E3_P1_10,y,7,4.999999925494195,0,0.17370803470388532,2,0.1597842261904762,-0.01392380851340913,5302,5376,unetr_style
Mouse,POLYIC_20190524_polyic___E3_P1_10,y,8,4.999999925494195,3,0.15937382119954735,4,0.20182291666666666,0.04244909546711931,5302,5376,unetr_style
Mouse,POLYIC_20190524_polyic___E3_P1_12,x,2,3.1999998807907124,0,0.51,1,0.5019277108433735,-0.0080722891566265,4100,4150,current_best
Mouse,POLYIC_20190524_polyic___E3_P1_12,x,3,3.1999998807907124,0,0.34170731707317076,0,0.34433734939759036,0.0026300323244196067,4100,4150,current_best
Mouse,POLYIC_20190524_polyic___E3_P1_12,x,4,3.1999998807907124,0,0.2624390243902439,3,0.2672289156626506,0.004789891272406699,4100,4150,current_best
Mouse,POLYIC_20190524_polyic___E3_P1_12,x,5,3.1999998807907124,2,0.2070731707317073,4,0.20819277108433734,0.0011196003526300347,4100,4150,current_best
Mouse,POLYIC_20190524_polyic___E3_P1_12,x,6,3.1999998807907124,4,0.18390243902439024,3,0.1763855421686747,-0.007516896855715549,4100,4150,current_best
Mouse,POLYIC_20190524_polyic___E3_P1_12,x,7,3.1999998807907124,2,0.1575609756097561,3,0.156144578313253,-0.0014163972965030858,4100,4150,current_best
Mouse,POLYIC_20190524_polyic___E3_P1_12,x,8,3.1999998807907124,6,0.14097560975609755,6,0.1453012048192771,0.00432559506317956,4100,4150,current_best
Mouse,POLYIC_20190524_polyic___E3_P1_12,y,2,4.999999925494195,1,0.5184418517124577,0,0.5595593726661687,0.04111752095371102,5314,5356,current_best
Mouse,POLYIC_20190524_polyic___E3_P1_12,y,3,4.999999925494195,1,0.3438088069251035,0,0.33961911874533235,-0.004189688179771167,5314,5356,current_best
Mouse,POLYIC_20190524_polyic___E3_P1_12,y,4,4.999999925494195,3,0.27342867896123446,2,0.2875280059746079,0.014099327013373464,5314,5356,current_best
Mouse,POLYIC_20190524_polyic___E3_P1_12,y,5,4.999999925494195,4,0.2160331200602183,2,0.3411127707244212,0.1250796506642029,5314,5356,current_best
Mouse,POLYIC_20190524_polyic___E3_P1_12,y,6,4.999999925494195,1,0.1868648852088822,0,0.20481702763256163,0.01795214242367943,5314,5356,current_best
Mouse,POLYIC_20190524_polyic___E3_P1_12,y,7,4.999999925494195,5,0.15995483628152052,0,0.15664675130694547,-0.0033080849745750485,5314,5356,current_best
Mouse,POLYIC_20190524_polyic___E3_P1_12,y,8,4.999999925494195,3,0.1575084681972149,2,0.16206123973114264,0.004552771533927746,5314,5356,current_best
Mouse,POLYIC_20190524_polyic___E3_P1_12,x,2,3.1999998807907124,0,0.51,0,0.5061728395061729,-0.003827160493827142,4100,4212,unetr_style
Mouse,POLYIC_20190524_polyic___E3_P1_12,x,3,3.1999998807907124,0,0.34170731707317076,0,0.34449192782526117,0.0027846107520904106,4100,4212,unetr_style
Mouse,POLYIC_20190524_polyic___E3_P1_12,x,4,3.1999998807907124,0,0.2624390243902439,0,0.2537986704653371,-0.008640353924906807,4100,4212,unetr_style
Mouse,POLYIC_20190524_polyic___E3_P1_12,x,5,3.1999998807907124,2,0.2070731707317073,2,0.20916429249762583,0.0020911217659185244,4100,4212,unetr_style
Mouse,POLYIC_20190524_polyic___E3_P1_12,x,6,3.1999998807907124,4,0.18390243902439024,4,0.1842355175688509,0.00033307854446065766,4100,4212,unetr_style
Mouse,POLYIC_20190524_polyic___E3_P1_12,x,7,3.1999998807907124,2,0.1575609756097561,4,0.1607312440645774,0.0031702684548212956,4100,4212,unetr_style
Mouse,POLYIC_20190524_polyic___E3_P1_12,x,8,3.1999998807907124,6,0.14097560975609755,6,0.14482431149097816,0.0038487017348806107,4100,4212,unetr_style
Mouse,POLYIC_20190524_polyic___E3_P1_12,y,2,4.999999925494195,1,0.5184418517124577,0,0.5459278542209,0.027486002508442242,5314,5378,unetr_style
Mouse,POLYIC_20190524_polyic___E3_P1_12,y,3,4.999999925494195,1,0.3438088069251035,2,0.34455187802156934,0.0007430710964658194,5314,5378,unetr_style
Mouse,POLYIC_20190524_polyic___E3_P1_12,y,4,4.999999925494195,3,0.27342867896123446,2,0.2781703235403496,0.004741644579115134,5314,5378,unetr_style
Mouse,POLYIC_20190524_polyic___E3_P1_12,y,5,4.999999925494195,4,0.2160331200602183,2,0.34715507623651914,0.13112195617630085,5314,5378,unetr_style
Mouse,POLYIC_20190524_polyic___E3_P1_12,y,6,4.999999925494195,1,0.1868648852088822,0,0.20137597619933062,0.014511090990448422,5314,5378,unetr_style
Mouse,POLYIC_20190524_polyic___E3_P1_12,y,7,4.999999925494195,5,0.15995483628152052,0,0.15544812197843064,-0.0045067143030898815,5314,5378,unetr_style
Mouse,POLYIC_20190524_polyic___E3_P1_12,y,8,4.999999925494195,3,0.1575084681972149,2,0.15860914838229825,0.001100680185083358,5314,5378,unetr_style
Mouse,POLYIC_20190524_polyic___E3_P1_13,x,2,3.1999998807907124,1,0.5054715997915581,0,0.5252498684902683,0.019778268698710244,3838,3802,current_best
Mouse,POLYIC_20190524_polyic___E3_P1_13,x,3,3.1999998807907124,0,0.33949973944762896,2,0.34823776959495,0.008738030147321052,3838,3802,current_best
Mouse,POLYIC_20190524_polyic___E3_P1_13,x,4,3.1999998807907124,1,0.26341844710786866,0,0.26854287217254075,0.005124425064672089,3838,3802,current_best
Mouse,POLYIC_20190524_polyic___E3_P1_13,x,5,3.1999998807907124,1,0.20557582073996875,4,0.21436086270384008,0.008785041963871337,3838,3802,current_best
Mouse,POLYIC_20190524_polyic___E3_P1_13,x,6,3.1999998807907124,1,0.1818655549765503,2,0.18884797475013151,0.006982419773581217,3838,3802,current_best
Mouse,POLYIC_20190524_polyic___E3_P1_13,x,7,3.1999998807907124,2,0.14903595622720167,4,0.15123619147816939,0.0022002352509677137,3838,3802,current_best
Mouse,POLYIC_20190524_polyic___E3_P1_13,x,8,3.1999998807907124,5,0.151902032308494,6,0.1504471330878485,-0.0014548992206455114,3838,3802,current_best
Mouse,POLYIC_20190524_polyic___E3_P1_13,y,2,4.999999925494195,0,0.505135032331685,1,0.5259691381257057,0.020834105794020674,5258,5314,current_best
Mouse,POLYIC_20190524_polyic___E3_P1_13,y,3,4.999999925494195,1,0.34480791175351844,2,0.35867519759126837,0.013867285837749932,5258,5314,current_best
Mouse,POLYIC_20190524_polyic___E3_P1_13,y,4,4.999999925494195,2,0.2613160897679726,3,0.2689123071132857,0.007596217345313072,5258,5314,current_best
Mouse,POLYIC_20190524_polyic___E3_P1_13,y,5,4.999999925494195,1,0.2213769494104222,0,0.3347760632292059,0.11339911381878368,5258,5314,current_best
Mouse,POLYIC_20190524_polyic___E3_P1_13,y,6,4.999999925494195,1,0.17459109927729174,5,0.19627399322544223,0.021682893948150483,5258,5314,current_best
Mouse,POLYIC_20190524_polyic___E3_P1_13,y,7,4.999999925494195,1,0.16165842525675161,4,0.17105758374106134,0.009399158484309722,5258,5314,current_best
Mouse,POLYIC_20190524_polyic___E3_P1_13,y,8,4.999999925494195,6,0.1409281095473564,7,0.17839668799397818,0.03746857844662177,5258,5314,current_best
Mouse,POLYIC_20190524_polyic___E3_P1_13,x,2,3.1999998807907124,1,0.5054715997915581,1,0.5002561475409836,-0.005215452250574515,3838,3904,unetr_style
Mouse,POLYIC_20190524_polyic___E3_P1_13,x,3,3.1999998807907124,0,0.33949973944762896,2,0.3422131147540984,0.0027133753064694233,3838,3904,unetr_style
Mouse,POLYIC_20190524_polyic___E3_P1_13,x,4,3.1999998807907124,1,0.26341844710786866,1,0.2615266393442623,-0.001891807763606368,3838,3904,unetr_style
Mouse,POLYIC_20190524_polyic___E3_P1_13,x,5,3.1999998807907124,1,0.20557582073996875,4,0.20773565573770492,0.002159834997736171,3838,3904,unetr_style
Mouse,POLYIC_20190524_polyic___E3_P1_13,x,6,3.1999998807907124,1,0.1818655549765503,1,0.1831454918032787,0.0012799368267283895,3838,3904,unetr_style
Mouse,POLYIC_20190524_polyic___E3_P1_13,x,7,3.1999998807907124,2,0.14903595622720167,1,0.15343237704918034,0.004396420821978664,3838,3904,unetr_style
Mouse,POLYIC_20190524_polyic___E3_P1_13,x,8,3.1999998807907124,5,0.151902032308494,6,0.14907786885245902,-0.002824163456034978,3838,3904,unetr_style
Mouse,POLYIC_20190524_polyic___E3_P1_13,y,2,4.999999925494195,0,0.505135032331685,1,0.5310617469879518,0.025926714656266836,5258,5312,unetr_style
Mouse,POLYIC_20190524_polyic___E3_P1_13,y,3,4.999999925494195,1,0.34480791175351844,2,0.3670933734939759,0.02228546174045748,5258,5312,unetr_style
Mouse,POLYIC_20190524_polyic___E3_P1_13,y,4,4.999999925494195,2,0.2613160897679726,3,0.2731551204819277,0.01183903071395509,5258,5312,unetr_style
Mouse,POLYIC_20190524_polyic___E3_P1_13,y,5,4.999999925494195,1,0.2213769494104222,3,0.3358433734939759,0.1144664240835537,5258,5312,unetr_style
Mouse,POLYIC_20190524_polyic___E3_P1_13,y,6,4.999999925494195,1,0.17459109927729174,5,0.19917168674698796,0.024580587469696213,5258,5312,unetr_style
Mouse,POLYIC_20190524_polyic___E3_P1_13,y,7,4.999999925494195,1,0.16165842525675161,6,0.16754518072289157,0.0058867554661399535,5258,5312,unetr_style
Mouse,POLYIC_20190524_polyic___E3_P1_13,y,8,4.999999925494195,6,0.1409281095473564,7,0.17394578313253012,0.03301767358517371,5258,5312,unetr_style
Mouse,POLYIC_20190524_polyic___E3_P1_3,x,2,3.1999998807907124,1,0.5077279752704791,1,0.5130970724191063,0.005369097148627211,3882,3894,current_best
Mouse,POLYIC_20190524_polyic___E3_P1_3,x,3,3.1999998807907124,1,0.3387429160226687,2,0.3446327683615819,0.005889852338913204,3882,3894,current_best
Mouse,POLYIC_20190524_polyic___E3_P1_3,x,4,3.1999998807907124,1,0.2679031427099433,1,0.2657935285053929,-0.002109614204550414,3882,3894,current_best
Mouse,POLYIC_20190524_polyic___E3_P1_3,x,5,3.1999998807907124,1,0.21148892323544566,3,0.20775552131484334,-0.003733401920602314,3882,3894,current_best
Mouse,POLYIC_20190524_polyic___E3_P1_3,x,6,3.1999998807907124,3,0.18160741885625967,3,0.17873651771956856,-0.002870901136691112,3882,3894,current_best
Mouse,POLYIC_20190524_polyic___E3_P1_3,x,7,3.1999998807907124,3,0.1602266872746007,3,0.15228556753980482,-0.007941119734795887,3882,3894,current_best
Mouse,POLYIC_20190524_polyic___E3_P1_3,x,8,3.1999998807907124,1,0.15687789799072643,1,0.14612223934257831,-0.01075565864814812,3882,3894,current_best
Mouse,POLYIC_20190524_polyic___E3_P1_3,y,2,4.999999925494195,0,0.5135083713850838,0,0.5066162570888468,-0.006892114296236929,5256,5290,current_best
Mouse,POLYIC_20190524_polyic___E3_P1_3,y,3,4.999999925494195,1,0.3504566210045662,0,0.3516068052930057,0.001150184288439493,5256,5290,current_best
Mouse,POLYIC_20190524_polyic___E3_P1_3,y,4,4.999999925494195,0,0.2671232876712329,1,0.25916824196597354,-0.007955045705259345,5256,5290,current_best
Mouse,POLYIC_20190524_polyic___E3_P1_3,y,5,4.999999925494195,4,0.2146118721461187,3,0.34820415879017014,0.13359228664405143,5256,5290,current_best
Mouse,POLYIC_20190524_polyic___E3_P1_3,y,6,4.999999925494195,1,0.1767503805175038,0,0.18752362948960302,0.01077324897209922,5256,5290,current_best
Mouse,POLYIC_20190524_polyic___E3_P1_3,y,7,4.999999925494195,5,0.16419330289193304,4,0.15992438563327033,-0.004268917258662713,5256,5290,current_best
Mouse,POLYIC_20190524_polyic___E3_P1_3,y,8,4.999999925494195,0,0.14098173515981735,5,0.1544423440453686,0.013460608885551256,5256,5290,current_best
Mouse,POLYIC_20190524_polyic___E3_P1_3,x,2,3.1999998807907124,1,0.5077279752704791,0,0.5014858841010401,-0.006242091169438968,3882,4038,unetr_style
Mouse,POLYIC_20190524_polyic___E3_P1_3,x,3,3.1999998807907124,1,0.3387429160226687,1,0.3546310054482417,0.015888089425573015,3882,4038,unetr_style
Mouse,POLYIC_20190524_polyic___E3_P1_3,x,4,3.1999998807907124,1,0.2679031427099433,0,0.25482912332838037,-0.01307401938156294,3882,4038,unetr_style
Mouse,POLYIC_20190524_polyic___E3_P1_3,x,5,3.1999998807907124,1,0.21148892323544566,3,0.20851906884596336,-0.0029698543894823015,3882,4038,unetr_style
Mouse,POLYIC_20190524_polyic___E3_P1_3,x,6,3.1999998807907124,3,0.18160741885625967,4,0.1822684497275879,0.0006610308713282387,3882,4038,unetr_style
Mouse,POLYIC_20190524_polyic___E3_P1_3,x,7,3.1999998807907124,3,0.1602266872746007,3,0.16196136701337296,0.0017346797387722546,3882,4038,unetr_style
Mouse,POLYIC_20190524_polyic___E3_P1_3,x,8,3.1999998807907124,1,0.15687789799072643,1,0.14016840019811788,-0.016709497792608552,3882,4038,unetr_style
Mouse,POLYIC_20190524_polyic___E3_P1_3,y,2,4.999999925494195,0,0.5135083713850838,0,0.502628614344724,-0.010879757040359817,5256,5326,unetr_style
Mouse,POLYIC_20190524_polyic___E3_P1_3,y,3,4.999999925494195,1,0.3504566210045662,0,0.34153210664663913,-0.008924514357927071,5256,5326,unetr_style
Mouse,POLYIC_20190524_polyic___E3_P1_3,y,4,4.999999925494195,0,0.2671232876712329,1,0.2622981599699587,-0.00482512770127419,5256,5326,unetr_style
Mouse,POLYIC_20190524_polyic___E3_P1_3,y,5,4.999999925494195,4,0.2146118721461187,3,0.3511077731881337,0.13649590104201498,5256,5326,unetr_style
Mouse,POLYIC_20190524_polyic___E3_P1_3,y,6,4.999999925494195,1,0.1767503805175038,0,0.17949680811115284,0.0027464275936490423,5256,5326,unetr_style
Mouse,POLYIC_20190524_polyic___E3_P1_3,y,7,4.999999925494195,5,0.16419330289193304,4,0.15771686068343974,-0.006476442208493305,5256,5326,unetr_style
Mouse,POLYIC_20190524_polyic___E3_P1_3,y,8,4.999999925494195,0,0.14098173515981735,5,0.15358618099887344,0.012604445839056094,5256,5326,unetr_style
Mouse,POLYIC_20190524_polyic___E3_P1_4,x,2,3.1999998807907124,1,0.5077962577962578,0,0.5059339525283798,-0.001862305267878006,3848,3876,current_best
Mouse,POLYIC_20190524_polyic___E3_P1_4,x,3,3.1999998807907124,2,0.34303534303534305,2,0.3446852425180599,0.0016498994827168212,3848,3876,current_best
Mouse,POLYIC_20190524_polyic___E3_P1_4,x,4,3.1999998807907124,3,0.2642931392931393,2,0.25386996904024767,-0.010423170252891634,3848,3876,current_best
Mouse,POLYIC_20190524_polyic___E3_P1_4,x,5,3.1999998807907124,3,0.20686070686070687,1,0.22007223942208462,0.013211532561377748,3848,3876,current_best
Mouse,POLYIC_20190524_polyic___E3_P1_4,x,6,3.1999998807907124,1,0.17515592515592515,2,0.17595459236326108,0.0007986672073359291,3848,3876,current_best
Mouse,POLYIC_20190524_polyic___E3_P1_4,x,7,3.1999998807907124,0,0.1541060291060291,6,0.16021671826625386,0.006110689160224753,3848,3876,current_best
Mouse,POLYIC_20190524_polyic___E3_P1_4,x,8,3.1999998807907124,7,0.1340956340956341,2,0.13415892672858618,6.329263295207221e-05,3848,3876,current_best
Mouse,POLYIC_20190524_polyic___E3_P1_4,y,2,4.999999925494195,1,0.53196261682243,0,0.5614328136599851,0.02947019683755514,5350,5388,current_best
Mouse,POLYIC_20190524_polyic___E3_P1_4,y,3,4.999999925494195,1,0.3579439252336449,0,0.3747216035634744,0.016777678329829515,5350,5388,current_best
Mouse,POLYIC_20190524_polyic___E3_P1_4,y,4,4.999999925494195,3,0.26822429906542056,2,0.2897178916109874,0.02149359254556682,5350,5388,current_best
Mouse,POLYIC_20190524_polyic___E3_P1_4,y,5,4.999999925494195,1,0.23476635514018693,3,0.3433556050482554,0.10858924990806848,5350,5388,current_best
Mouse,POLYIC_20190524_polyic___E3_P1_4,y,6,4.999999925494195,5,0.19850467289719625,4,0.23589458054936896,0.037389907652172705,5350,5388,current_best
Mouse,POLYIC_20190524_polyic___E3_P1_4,y,7,4.999999925494195,0,0.16149532710280373,2,0.17687453600593914,0.015379208903135405,5350,5388,current_best
Mouse,POLYIC_20190524_polyic___E3_P1_4,y,8,4.999999925494195,3,0.1560747663551402,4,0.17706013363028952,0.020985367275149325,5350,5388,current_best
Mouse,POLYIC_20190524_polyic___E3_P1_4,x,2,3.1999998807907124,1,0.5077962577962578,0,0.5022994379151763,-0.005496819881081527,3848,3914,unetr_style
Mouse,POLYIC_20190524_polyic___E3_P1_4,x,3,3.1999998807907124,2,0.34303534303534305,2,0.34747061829330605,0.004435275257963001,3848,3914,unetr_style
Mouse,POLYIC_20190524_polyic___E3_P1_4,x,4,3.1999998807907124,3,0.2642931392931393,2,0.2557485947879407,-0.008544544505198592,3848,3914,unetr_style
Mouse,POLYIC_20190524_polyic___E3_P1_4,x,5,3.1999998807907124,3,0.20686070686070687,1,0.21129279509453244,0.004432088233825571,3848,3914,unetr_style
Mouse,POLYIC_20190524_polyic___E3_P1_4,x,6,3.1999998807907124,1,0.17515592515592515,2,0.17654573326520184,0.0013898081092766912,3848,3914,unetr_style
Mouse,POLYIC_20190524_polyic___E3_P1_4,x,7,3.1999998807907124,0,0.1541060291060291,6,0.1520183955033214,-0.0020876336027076947,3848,3914,unetr_style
Mouse,POLYIC_20190524_polyic___E3_P1_4,x,8,3.1999998807907124,7,0.1340956340956341,2,0.1387327542156362,0.004637120120002086,3848,3914,unetr_style
Mouse,POLYIC_20190524_polyic___E3_P1_4,y,2,4.999999925494195,1,0.53196261682243,0,0.5582433941198363,0.0262807772974063,5350,5374,unetr_style
Mouse,POLYIC_20190524_polyic___E3_P1_4,y,3,4.999999925494195,1,0.3579439252336449,0,0.3939337551172311,0.03598982988358623,5350,5374,unetr_style
Mouse,POLYIC_20190524_polyic___E3_P1_4,y,4,4.999999925494195,3,0.26822429906542056,2,0.2934499441756606,0.025225645110240058,5350,5374,unetr_style
Mouse,POLYIC_20190524_polyic___E3_P1_4,y,5,4.999999925494195,1,0.23476635514018693,2,0.3494603647190175,0.11469400957883055,5350,5374,unetr_style
Mouse,POLYIC_20190524_polyic___E3_P1_4,y,6,4.999999925494195,5,0.19850467289719625,4,0.22385560104205435,0.025350928144858093,5350,5374,unetr_style
Mouse,POLYIC_20190524_polyic___E3_P1_4,y,7,4.999999925494195,0,0.16149532710280373,2,0.17807964272422777,0.01658431562142404,5350,5374,unetr_style
Mouse,POLYIC_20190524_polyic___E3_P1_4,y,8,4.999999925494195,3,0.1560747663551402,4,0.18105694082620022,0.02498217447106002,5350,5374,unetr_style
Mouse,POLYIC_20190524_polyic___E3_P1_5,x,2,3.1999998807907124,1,0.5010515247108307,0,0.5275489186405767,0.026497393929746038,3804,3884,current_best
Mouse,POLYIC_20190524_polyic___E3_P1_5,x,3,3.1999998807907124,2,0.3441114616193481,0,0.33831101956745624,-0.005800442051891841,3804,3884,current_best
Mouse,POLYIC_20190524_polyic___E3_P1_5,x,4,3.1999998807907124,1,0.2542060988433228,2,0.2664778578784758,0.012271759035152985,3804,3884,current_best
Mouse,POLYIC_20190524_polyic___E3_P1_5,x,5,3.1999998807907124,4,0.20425867507886436,4,0.2090628218331617,0.004804146754297328,3804,3884,current_best
Mouse,POLYIC_20190524_polyic___E3_P1_5,x,6,3.1999998807907124,2,0.17928496319663512,2,0.18280123583934088,0.0035162726427057645,3804,3884,current_best
Mouse,POLYIC_20190524_polyic___E3_P1_5,x,7,3.1999998807907124,5,0.16035751840168244,6,0.15396498455200824,-0.006392533849674198,3804,3884,current_best
Mouse,POLYIC_20190524_polyic___E3_P1_5,x,8,3.1999998807907124,0,0.13801261829652997,0,0.14186405767250257,0.0038514393759725984,3804,3884,current_best
Mouse,POLYIC_20190524_polyic___E3_P1_5,y,2,4.999999925494195,0,0.5039277297721917,0,0.512076353720296,0.008148623948104339,5092,5134,current_best
Mouse,POLYIC_20190524_polyic___E3_P1_5,y,3,4.999999925494195,1,0.3375883739198743,2,0.3854694195559018,0.04788104563602752,5092,5134,current_best
Mouse,POLYIC_20190524_polyic___E3_P1_5,y,4,4.999999925494195,2,0.25216025137470544,2,0.2810673938449552,0.02890714247024978,5092,5134,current_best
Mouse,POLYIC_20190524_polyic___E3_P1_5,y,5,4.999999925494195,2,0.21602513747054203,2,0.3671601090767433,0.15113497160620126,5092,5134,current_best
Mouse,POLYIC_20190524_polyic___E3_P1_5,y,6,4.999999925494195,4,0.19265514532600156,5,0.22477600311647838,0.032120857790476826,5092,5134,current_best
Mouse,POLYIC_20190524_polyic___E3_P1_5,y,7,4.999999925494195,3,0.1624116260801257,6,0.17121153097000388,0.008799904889878196,5092,5134,current_best
Mouse,POLYIC_20190524_polyic___E3_P1_5,y,8,4.999999925494195,2,0.1357030636292223,2,0.20023373587845733,0.06453067224923503,5092,5134,current_best
Mouse,POLYIC_20190524_polyic___E3_P1_5,x,2,3.1999998807907124,1,0.5010515247108307,0,0.5362614913176711,0.03520996660684039,3804,3916,unetr_style
Mouse,POLYIC_20190524_polyic___E3_P1_5,x,3,3.1999998807907124,2,0.3441114616193481,2,0.35495403472931564,0.010842573109967557,3804,3916,unetr_style
Mouse,POLYIC_20190524_polyic___E3_P1_5,x,4,3.1999998807907124,1,0.2542060988433228,0,0.2765577119509704,0.022351613107647605,3804,3916,unetr_style
Mouse,POLYIC_20190524_polyic___E3_P1_5,x,5,3.1999998807907124,4,0.20425867507886436,0,0.20735444330949948,0.003095768230635121,3804,3916,unetr_style
Mouse,POLYIC_20190524_polyic___E3_P1_5,x,6,3.1999998807907124,2,0.17928496319663512,2,0.20020429009193055,0.020919326895295437,3804,3916,unetr_style
Mouse,POLYIC_20190524_polyic___E3_P1_5,x,7,3.1999998807907124,5,0.16035751840168244,2,0.15985699693564862,-0.0005005214660338264,3804,3916,unetr_style
Mouse,POLYIC_20190524_polyic___E3_P1_5,x,8,3.1999998807907124,0,0.13801261829652997,0,0.14938712972420837,0.011374511427678397,3804,3916,unetr_style
Mouse,POLYIC_20190524_polyic___E3_P1_5,y,2,4.999999925494195,0,0.5039277297721917,0,0.5099492781896215,0.006021548417429856,5092,5126,unetr_style
Mouse,POLYIC_20190524_polyic___E3_P1_5,y,3,4.999999925494195,1,0.3375883739198743,2,0.38275458447132266,0.04516621055144837,5092,5126,unetr_style
Mouse,POLYIC_20190524_polyic___E3_P1_5,y,4,4.999999925494195,2,0.25216025137470544,2,0.2758486149044089,0.023688363529703438,5092,5126,unetr_style
Mouse,POLYIC_20190524_polyic___E3_P1_5,y,5,4.999999925494195,2,0.21602513747054203,2,0.35973468591494345,0.14370954844440142,5092,5126,unetr_style
Mouse,POLYIC_20190524_polyic___E3_P1_5,y,6,4.999999925494195,4,0.19265514532600156,5,0.21732344908310575,0.024668303757104187,5092,5126,unetr_style
Mouse,POLYIC_20190524_polyic___E3_P1_5,y,7,4.999999925494195,3,0.1624116260801257,6,0.17342957471712836,0.011017948637002672,5092,5126,unetr_style
Mouse,POLYIC_20190524_polyic___E3_P1_5,y,8,4.999999925494195,2,0.1357030636292223,2,0.1833788529067499,0.04767578927752761,5092,5126,unetr_style
Mouse,POLYIC_20190524_polyic___E3_P1_6,x,2,3.1999998807907124,1,0.5166912125675013,1,0.5185276679841897,0.0018364554166884206,4074,4048,current_best
Mouse,POLYIC_20190524_polyic___E3_P1_6,x,3,3.1999998807907124,1,0.34658811978399606,1,0.3394268774703557,-0.007161242313640348,4074,4048,current_best
Mouse,POLYIC_20190524_polyic___E3_P1_6,x,4,3.1999998807907124,3,0.27319587628865977,3,0.27223320158102765,-0.0009626747076321163,4074,4048,current_best
Mouse,POLYIC_20190524_polyic___E3_P1_6,x,5,3.1999998807907124,4,0.20814923907707414,0,0.20923913043478262,0.0010898913577084834,4074,4048,current_best
Mouse,POLYIC_20190524_polyic___E3_P1_6,x,6,3.1999998807907124,4,0.18458517427589594,3,0.1783596837944664,-0.006225490481429535,4074,4048,current_best
Mouse,POLYIC_20190524_polyic___E3_P1_6,x,7,3.1999998807907124,3,0.16200294550810015,2,0.166501976284585,0.004499030776484836,4074,4048,current_best
Mouse,POLYIC_20190524_polyic___E3_P1_6,x,8,3.1999998807907124,3,0.14261168384879724,3,0.14352766798418973,0.0009159841353924836,4074,4048,current_best
Mouse,POLYIC_20190524_polyic___E3_P1_6,y,2,4.999999925494195,0,0.501679104477612,1,0.5026109660574413,0.000931861579829274,5360,5362,current_best
Mouse,POLYIC_20190524_polyic___E3_P1_6,y,3,4.999999925494195,1,0.34496268656716417,2,0.371130175307721,0.026167488740556855,5360,5362,current_best
Mouse,POLYIC_20190524_polyic___E3_P1_6,y,4,4.999999925494195,2,0.2666044776119403,1,0.28086534875046626,0.014260871138525977,5360,5362,current_best
Mouse,POLYIC_20190524_polyic___E3_P1_6,y,5,4.999999925494195,3,0.23152985074626867,3,0.37280865348750464,0.14127880274123597,5360,5362,current_best
Mouse,POLYIC_20190524_polyic___E3_P1_6,y,6,4.999999925494195,1,0.18488805970149252,2,0.21372622155911974,0.02883816185762722,5360,5362,current_best
Mouse,POLYIC_20190524_polyic___E3_P1_6,y,7,4.999999925494195,6,0.16138059701492538,0,0.1671018276762402,0.00572123066131483,5360,5362,current_best
Mouse,POLYIC_20190524_polyic___E3_P1_6,y,8,4.999999925494195,1,0.141044776119403,1,0.18481909735173443,0.04377432123233144,5360,5362,current_best
Mouse,POLYIC_20190524_polyic___E3_P1_6,x,2,3.1999998807907124,1,0.5166912125675013,1,0.5066006600660066,-0.01009055250149471,4074,4242,unetr_style
Mouse,POLYIC_20190524_polyic___E3_P1_6,x,3,3.1999998807907124,1,0.34658811978399606,0,0.3422913719943423,-0.0042967477896537765,4074,4242,unetr_style
Mouse,POLYIC_20190524_polyic___E3_P1_6,x,4,3.1999998807907124,3,0.27319587628865977,3,0.2581329561527581,-0.015062920135901658,4074,4242,unetr_style
Mouse,POLYIC_20190524_polyic___E3_P1_6,x,5,3.1999998807907124,4,0.20814923907707414,0,0.21122112211221122,0.003071883035137085,4074,4242,unetr_style
Mouse,POLYIC_20190524_polyic___E3_P1_6,x,6,3.1999998807907124,4,0.18458517427589594,5,0.1789250353606789,-0.005660138915217022,4074,4242,unetr_style
Mouse,POLYIC_20190524_polyic___E3_P1_6,x,7,3.1999998807907124,3,0.16200294550810015,2,0.15794436586515795,-0.004058579642942206,4074,4242,unetr_style
Mouse,POLYIC_20190524_polyic___E3_P1_6,x,8,3.1999998807907124,3,0.14261168384879724,3,0.13743517208863743,-0.005176511760159819,4074,4242,unetr_style
Mouse,POLYIC_20190524_polyic___E3_P1_6,y,2,4.999999925494195,0,0.501679104477612,1,0.5173976078289235,0.01571850335131153,5360,5518,unetr_style
Mouse,POLYIC_20190524_polyic___E3_P1_6,y,3,4.999999925494195,1,0.34496268656716417,2,0.3593693367162015,0.014406650149037359,5360,5518,unetr_style
Mouse,POLYIC_20190524_polyic___E3_P1_6,y,4,4.999999925494195,2,0.2666044776119403,1,0.29739035882566145,0.030785881213721167,5360,5518,unetr_style
Mouse,POLYIC_20190524_polyic___E3_P1_6,y,5,4.999999925494195,3,0.23152985074626867,3,0.36063791228706055,0.12910806154079188,5360,5518,unetr_style
Mouse,POLYIC_20190524_polyic___E3_P1_6,y,6,4.999999925494195,1,0.18488805970149252,2,0.20242841609278725,0.017540356391294726,5360,5518,unetr_style
Mouse,POLYIC_20190524_polyic___E3_P1_6,y,7,4.999999925494195,6,0.16138059701492538,5,0.15748459586806815,-0.003896001146857231,5360,5518,unetr_style
Mouse,POLYIC_20190524_polyic___E3_P1_6,y,8,4.999999925494195,1,0.141044776119403,1,0.1977165639724538,0.0566717878530508,5360,5518,unetr_style
Mouse,POLYIC_20190524_polyic___E3_P1_7,x,2,3.1999998807907124,1,0.5029348986125933,1,0.510863804981452,0.00792890636885868,3748,3774,current_best
Mouse,POLYIC_20190524_polyic___E3_P1_7,x,3,3.1999998807907124,1,0.34071504802561364,2,0.3420773714891362,0.0013623234635225523,3748,3774,current_best
Mouse,POLYIC_20190524_polyic___E3_P1_7,x,4,3.1999998807907124,2,0.2646744930629669,2,0.2641759406465289,-0.0004985524164380362,3748,3774,current_best
Mouse,POLYIC_20190524_polyic___E3_P1_7,x,5,3.1999998807907124,4,0.21398078975453574,4,0.21118177000529942,-0.0027990197492363256,3748,3774,current_best
Mouse,POLYIC_20190524_polyic___E3_P1_7,x,6,3.1999998807907124,1,0.18223052294557096,1,0.1825649178590355,0.00033439491346454187,3748,3774,current_best
Mouse,POLYIC_20190524_polyic___E3_P1_7,x,7,3.1999998807907124,4,0.1523479188900747,1,0.16825649178590354,0.015908572895828837,3748,3774,current_best
Mouse,POLYIC_20190524_polyic___E3_P1_7,x,8,3.1999998807907124,6,0.14461045891141944,6,0.15765765765765766,0.01304719874623822,3748,3774,current_best
Mouse,POLYIC_20190524_polyic___E3_P1_7,y,2,4.999999925494195,1,0.5100760456273764,1,0.5136041744316064,0.003528128804230035,5260,5366,current_best
Mouse,POLYIC_20190524_polyic___E3_P1_7,y,3,4.999999925494195,1,0.34942965779467683,0,0.3380544166977264,-0.011375241096950428,5260,5366,current_best
Mouse,POLYIC_20190524_polyic___E3_P1_7,y,4,4.999999925494195,3,0.2661596958174905,0,0.27376071561684684,0.0076010197993563455,5260,5366,current_best
Mouse,POLYIC_20190524_polyic___E3_P1_7,y,5,4.999999925494195,1,0.23840304182509506,2,0.35538576220648527,0.11698272038139021,5260,5366,current_best
Mouse,POLYIC_20190524_polyic___E3_P1_7,y,6,4.999999925494195,1,0.18136882129277568,3,0.18617219530376444,0.004803374010988765,5260,5366,current_best
Mouse,POLYIC_20190524_polyic___E3_P1_7,y,7,4.999999925494195,3,0.170532319391635,2,0.17685426761088335,0.006321948219248363,5260,5366,current_best
Mouse,POLYIC_20190524_polyic___E3_P1_7,y,8,4.999999925494195,3,0.13745247148288972,7,0.18952664927320165,0.052074177790311926,5260,5366,current_best
Mouse,POLYIC_20190524_polyic___E3_P1_7,x,2,3.1999998807907124,1,0.5029348986125933,1,0.5141806722689075,0.011245773656314184,3748,3808,unetr_style
Mouse,POLYIC_20190524_polyic___E3_P1_7,x,3,3.1999998807907124,1,0.34071504802561364,0,0.34217436974789917,0.0014593217222855226,3748,3808,unetr_style
Mouse,POLYIC_20190524_polyic___E3_P1_7,x,4,3.1999998807907124,2,0.2646744930629669,3,0.2762605042016807,0.01158601113871377,3748,3808,unetr_style
Mouse,POLYIC_20190524_polyic___E3_P1_7,x,5,3.1999998807907124,4,0.21398078975453574,0,0.20903361344537816,-0.004947176309157586,3748,3808,unetr_style
Mouse,POLYIC_20190524_polyic___E3_P1_7,x,6,3.1999998807907124,1,0.18223052294557096,1,0.18067226890756302,-0.001558254038007939,3748,3808,unetr_style
Mouse,POLYIC_20190524_polyic___E3_P1_7,x,7,3.1999998807907124,4,0.1523479188900747,0,0.15414915966386555,0.0018012407737908465,3748,3808,unetr_style
Mouse,POLYIC_20190524_polyic___E3_P1_7,x,8,3.1999998807907124,6,0.14461045891141944,6,0.14259453781512604,-0.0020159210962933938,3748,3808,unetr_style
Mouse,POLYIC_20190524_polyic___E3_P1_7,y,2,4.999999925494195,1,0.5100760456273764,1,0.5029895366218237,-0.0070865090055527435,5260,5352,unetr_style
Mouse,POLYIC_20190524_polyic___E3_P1_7,y,3,4.999999925494195,1,0.34942965779467683,1,0.33763079222720477,-0.011798865567472061,5260,5352,unetr_style
Mouse,POLYIC_20190524_polyic___E3_P1_7,y,4,4.999999925494195,3,0.2661596958174905,0,0.27597159940209265,0.009811903584602155,5260,5352,unetr_style
Mouse,POLYIC_20190524_polyic___E3_P1_7,y,5,4.999999925494195,1,0.23840304182509506,2,0.37462630792227203,0.13622326609717697,5260,5352,unetr_style
Mouse,POLYIC_20190524_polyic___E3_P1_7,y,6,4.999999925494195,1,0.18136882129277568,3,0.18703288490284006,0.005664063610064385,5260,5352,unetr_style
Mouse,POLYIC_20190524_polyic___E3_P1_7,y,7,4.999999925494195,3,0.170532319391635,2,0.18142750373692076,0.010895184345285774,5260,5352,unetr_style
Mouse,POLYIC_20190524_polyic___E3_P1_7,y,8,4.999999925494195,3,0.13745247148288972,4,0.19562780269058297,0.05817533120769325,5260,5352,unetr_style
Mouse,POLYIC_20190524_polyic___E3_P1_9,x,2,3.1999998807907124,0,0.5025667351129364,1,0.5087001023541453,0.006133367241208942,3896,3908,current_best
Mouse,POLYIC_20190524_polyic___E3_P1_9,x,3,3.1999998807907124,1,0.34856262833675566,0,0.35516888433981575,0.006606256003060085,3896,3908,current_best
Mouse,POLYIC_20190524_polyic___E3_P1_9,x,4,3.1999998807907124,3,0.2612936344969199,3,0.25588536335721596,-0.005408271139703935,3896,3908,current_best
Mouse,POLYIC_20190524_polyic___E3_P1_9,x,5,3.1999998807907124,3,0.20867556468172485,1,0.20957011258955988,0.0008945479078350249,3896,3908,current_best
Mouse,POLYIC_20190524_polyic___E3_P1_9,x,6,3.1999998807907124,1,0.17838809034907596,3,0.18551688843398156,0.007128798084905602,3896,3908,current_best
Mouse,POLYIC_20190524_polyic___E3_P1_9,x,7,3.1999998807907124,1,0.1629876796714579,1,0.1589048106448311,-0.004082869026626801,3896,3908,current_best
Mouse,POLYIC_20190524_polyic___E3_P1_9,x,8,3.1999998807907124,4,0.14656057494866528,3,0.14994882292732856,0.0033882479786632724,3896,3908,current_best
Mouse,POLYIC_20190524_polyic___E3_P1_9,y,2,4.999999925494195,0,0.5021945866861741,0,0.5180327868852459,0.015838200199071784,5468,5490,current_best
Mouse,POLYIC_20190524_polyic___E3_P1_9,y,3,4.999999925494195,1,0.33522311631309437,0,0.37122040072859747,0.035997284415503095,5468,5490,current_best
Mouse,POLYIC_20190524_polyic___E3_P1_9,y,4,4.999999925494195,2,0.25786393562545723,0,0.27285974499089255,0.01499580936543532,5468,5490,current_best
Mouse,POLYIC_20190524_polyic___E3_P1_9,y,5,4.999999925494195,3,0.22275054864667154,3,0.34735883424408015,0.12460828559740861,5468,5490,current_best
Mouse,POLYIC_20190524_polyic___E3_P1_9,y,6,4.999999925494195,3,0.18013899049012436,3,0.19726775956284154,0.01712876907271718,5468,5490,current_best
Mouse,POLYIC_20190524_polyic___E3_P1_9,y,7,4.999999925494195,3,0.1616678858814923,5,0.18397085610200364,0.022302970220511337,5468,5490,current_best
Mouse,POLYIC_20190524_polyic___E3_P1_9,y,8,4.999999925494195,6,0.13533284564740308,4,0.1785063752276867,0.043173529580283615,5468,5490,current_best
Mouse,POLYIC_20190524_polyic___E3_P1_9,x,2,3.1999998807907124,0,0.5025667351129364,0,0.5037783375314862,0.0012116024185497842,3896,3970,unetr_style
Mouse,POLYIC_20190524_polyic___E3_P1_9,x,3,3.1999998807907124,1,0.34856262833675566,1,0.34609571788413096,-0.0024669104526247043,3896,3970,unetr_style
Mouse,POLYIC_20190524_polyic___E3_P1_9,x,4,3.1999998807907124,3,0.2612936344969199,3,0.25717884130982366,-0.004114793187096233,3896,3970,unetr_style
Mouse,POLYIC_20190524_polyic___E3_P1_9,x,5,3.1999998807907124,3,0.20867556468172485,1,0.20806045340050378,-0.0006151112812210757,3896,3970,unetr_style
Mouse,POLYIC_20190524_polyic___E3_P1_9,x,6,3.1999998807907124,1,0.17838809034907596,1,0.17632241813602015,-0.0020656722130558136,3896,3970,unetr_style
Mouse,POLYIC_20190524_polyic___E3_P1_9,x,7,3.1999998807907124,1,0.1629876796714579,1,0.153904282115869,-0.009083397555588901,3896,3970,unetr_style
Mouse,POLYIC_20190524_polyic___E3_P1_9,x,8,3.1999998807907124,4,0.14656057494866528,3,0.1438287153652393,-0.0027318595834259773,3896,3970,unetr_style
Mouse,POLYIC_20190524_polyic___E3_P1_9,y,2,4.999999925494195,0,0.5021945866861741,0,0.5118829981718465,0.009688411485672344,5468,5470,unetr_style
Mouse,POLYIC_20190524_polyic___E3_P1_9,y,3,4.999999925494195,1,0.33522311631309437,0,0.3572212065813528,0.02199809026825844,5468,5470,unetr_style
Mouse,POLYIC_20190524_polyic___E3_P1_9,y,4,4.999999925494195,2,0.25786393562545723,0,0.27056672760511885,0.01270279197966162,5468,5470,unetr_style
Mouse,POLYIC_20190524_polyic___E3_P1_9,y,5,4.999999925494195,3,0.22275054864667154,3,0.3495429616087751,0.12679241296210358,5468,5470,unetr_style
Mouse,POLYIC_20190524_polyic___E3_P1_9,y,6,4.999999925494195,3,0.18013899049012436,2,0.2020109689213894,0.021871978431265038,5468,5470,unetr_style
Mouse,POLYIC_20190524_polyic___E3_P1_9,y,7,4.999999925494195,3,0.1616678858814923,5,0.1846435100548446,0.022975624173352305,5468,5470,unetr_style
Mouse,POLYIC_20190524_polyic___E3_P1_9,y,8,4.999999925494195,6,0.13533284564740308,4,0.1809872029250457,0.04565435727764261,5468,5470,unetr_style
Mouse,POLYIC_20190524_polyic___E4_P1_1,x,2,3.1999998807907124,0,0.5064234326824255,0,0.504665629860031,-0.0017578028223944608,3892,3858,current_best
Mouse,POLYIC_20190524_polyic___E4_P1_1,x,3,3.1999998807907124,0,0.3368448098663926,1,0.3475894245723173,0.010744614705924693,3892,3858,current_best
Mouse,POLYIC_20190524_polyic___E4_P1_1,x,4,3.1999998807907124,2,0.2541109969167523,1,0.2667185069984448,0.012607510081692475,3892,3858,current_best
Mouse,POLYIC_20190524_polyic___E4_P1_1,x,5,3.1999998807907124,4,0.20760534429599178,4,0.21124935199585276,0.0036440076998609794,3892,3858,current_best
Mouse,POLYIC_20190524_polyic___E4_P1_1,x,6,3.1999998807907124,4,0.17343268242548818,4,0.18144116122343182,0.008008478797943641,3892,3858,current_best
Mouse,POLYIC_20190524_polyic___E4_P1_1,x,7,3.1999998807907124,2,0.16495375128468653,2,0.15578019699326076,-0.009173554291425773,3892,3858,current_best
Mouse,POLYIC_20190524_polyic___E4_P1_1,x,8,3.1999998807907124,4,0.13540596094552929,5,0.14385692068429237,0.008450959738763086,3892,3858,current_best
Mouse,POLYIC_20190524_polyic___E4_P1_1,y,2,4.999999925494195,0,0.5078277886497065,1,0.5601651592607156,0.05233737061100918,5110,5086,current_best
Mouse,POLYIC_20190524_polyic___E4_P1_1,y,3,4.999999925494195,2,0.35342465753424657,1,0.35450255603617775,0.0010778985019311849,5110,5086,current_best
Mouse,POLYIC_20190524_polyic___E4_P1_1,y,4,4.999999925494195,2,0.2694716242661448,3,0.3018088871411718,0.03233726287502703,5110,5086,current_best
Mouse,POLYIC_20190524_polyic___E4_P1_1,y,5,4.999999925494195,1,0.21859099804305285,3,0.3409359024773889,0.12234490443433607,5110,5086,current_best
Mouse,POLYIC_20190524_polyic___E4_P1_1,y,6,4.999999925494195,2,0.18454011741682974,5,0.19799449469130947,0.013454377274479734,5110,5086,current_best
Mouse,POLYIC_20190524_polyic___E4_P1_1,y,7,4.999999925494195,6,0.16105675146771037,6,0.1488399528116398,-0.01221679865607056,5110,5086,current_best
Mouse,POLYIC_20190524_polyic___E4_P1_1,y,8,4.999999925494195,3,0.13933463796477494,7,0.18659064097522612,0.047256003010451186,5110,5086,current_best
Mouse,POLYIC_20190524_polyic___E4_P1_1,x,2,3.1999998807907124,0,0.5064234326824255,1,0.504617752693689,-0.001805679988736486,3892,3898,unetr_style
Mouse,POLYIC_20190524_polyic___E4_P1_1,x,3,3.1999998807907124,0,0.3368448098663926,1,0.34197024114930735,0.005125431282914761,3892,3898,unetr_style
Mouse,POLYIC_20190524_polyic___E4_P1_1,x,4,3.1999998807907124,2,0.2541109969167523,2,0.2609030271934325,0.006792030276680183,3892,3898,unetr_style
Mouse,POLYIC_20190524_polyic___E4_P1_1,x,5,3.1999998807907124,4,0.20760534429599178,0,0.2039507439712673,-0.0036546003247244774,3892,3898,unetr_style
Mouse,POLYIC_20190524_polyic___E4_P1_1,x,6,3.1999998807907124,4,0.17343268242548818,4,0.17444843509492047,0.001015752669432296,3892,3898,unetr_style
Mouse,POLYIC_20190524_polyic___E4_P1_1,x,7,3.1999998807907124,2,0.16495375128468653,2,0.15418163160595177,-0.01077211967873476,3892,3898,unetr_style
Mouse,POLYIC_20190524_polyic___E4_P1_1,x,8,3.1999998807907124,4,0.13540596094552929,6,0.14109799897383274,0.005692038028303453,3892,3898,unetr_style
Mouse,POLYIC_20190524_polyic___E4_P1_1,y,2,4.999999925494195,0,0.5078277886497065,1,0.552961945861122,0.04513415721141556,5110,5098,unetr_style
Mouse,POLYIC_20190524_polyic___E4_P1_1,y,3,4.999999925494195,2,0.35342465753424657,2,0.3426834052569635,-0.010741252277283064,5110,5098,unetr_style
Mouse,POLYIC_20190524_polyic___E4_P1_1,y,4,4.999999925494195,2,0.2694716242661448,3,0.3005100039231071,0.031038379656962323,5110,5098,unetr_style
Mouse,POLYIC_20190524_polyic___E4_P1_1,y,5,4.999999925494195,1,0.21859099804305285,2,0.3509219301686936,0.13233093212564076,5110,5098,unetr_style
Mouse,POLYIC_20190524_polyic___E4_P1_1,y,6,4.999999925494195,2,0.18454011741682974,5,0.1943899568458219,0.009849839428992146,5110,5098,unetr_style
Mouse,POLYIC_20190524_polyic___E4_P1_1,y,7,4.999999925494195,6,0.16105675146771037,6,0.1514319340918007,-0.009624817375909672,5110,5098,unetr_style
Mouse,POLYIC_20190524_polyic___E4_P1_1,y,8,4.999999925494195,3,0.13933463796477494,7,0.18713220870929775,0.047797570744522816,5110,5098,unetr_style
Mouse,POLYIC_20190524_polyic___E4_P1_7,x,2,3.1999998807907124,0,0.5020833333333333,0,0.5005235602094241,-0.0015597731239092028,3840,3820,current_best
Mouse,POLYIC_20190524_polyic___E4_P1_7,x,3,3.1999998807907124,2,0.34375,2,0.37643979057591626,0.032689790575916255,3840,3820,current_best
Mouse,POLYIC_20190524_polyic___E4_P1_7,x,4,3.1999998807907124,1,0.2708333333333333,1,0.2615183246073298,-0.009315008726003493,3840,3820,current_best
Mouse,POLYIC_20190524_polyic___E4_P1_7,x,5,3.1999998807907124,1,0.21510416666666668,2,0.21780104712041884,0.0026968804537521596,3840,3820,current_best
Mouse,POLYIC_20190524_polyic___E4_P1_7,x,6,3.1999998807907124,5,0.18359375,5,0.20340314136125653,0.019809391361256534,3840,3820,current_best
Mouse,POLYIC_20190524_polyic___E4_P1_7,x,7,3.1999998807907124,3,0.15729166666666666,4,0.15785340314136126,0.0005617364746945963,3840,3820,current_best
Mouse,POLYIC_20190524_polyic___E4_P1_7,x,8,3.1999998807907124,1,0.15494791666666666,1,0.14764397905759163,-0.007303937609075023,3840,3820,current_best
Mouse,POLYIC_20190524_polyic___E4_P1_7,y,2,4.999999925494195,0,0.5034220532319391,1,0.501324252743095,-0.002097800488844115,5260,5286,current_best
Mouse,POLYIC_20190524_polyic___E4_P1_7,y,3,4.999999925494195,2,0.33897338403041827,2,0.36511539916761254,0.026142015137194274,5260,5286,current_best
Mouse,POLYIC_20190524_polyic___E4_P1_7,y,4,4.999999925494195,2,0.2581749049429658,1,0.2637154748391979,0.005540569896232084,5260,5286,current_best
Mouse,POLYIC_20190524_polyic___E4_P1_7,y,5,4.999999925494195,3,0.22167300380228136,2,0.34108967082860386,0.1194166670263225,5260,5286,current_best
Mouse,POLYIC_20190524_polyic___E4_P1_7,y,6,4.999999925494195,4,0.17338403041825096,2,0.1933409004918653,0.019956870073614352,5260,5286,current_best
Mouse,POLYIC_20190524_polyic___E4_P1_7,y,7,4.999999925494195,3,0.16197718631178706,5,0.18161180476730987,0.019634618455522806,5260,5286,current_best
Mouse,POLYIC_20190524_polyic___E4_P1_7,y,8,4.999999925494195,6,0.13155893536121674,1,0.18274687854710556,0.05118794318588882,5260,5286,current_best
Mouse,POLYIC_20190524_polyic___E4_P1_7,x,2,3.1999998807907124,0,0.5020833333333333,1,0.5285277636271014,0.026444430293768084,3840,3926,unetr_style
Mouse,POLYIC_20190524_polyic___E4_P1_7,x,3,3.1999998807907124,2,0.34375,2,0.35354049923586345,0.009790499235863448,3840,3926,unetr_style
Mouse,POLYIC_20190524_polyic___E4_P1_7,x,4,3.1999998807907124,1,0.2708333333333333,1,0.27585328578706064,0.005019952453727328,3840,3926,unetr_style
Mouse,POLYIC_20190524_polyic___E4_P1_7,x,5,3.1999998807907124,1,0.21510416666666668,2,0.21879775853285788,0.003693591866191198,3840,3926,unetr_style
Mouse,POLYIC_20190524_polyic___E4_P1_7,x,6,3.1999998807907124,5,0.18359375,5,0.19587366276107998,0.01227991276107998,3840,3926,unetr_style
Mouse,POLYIC_20190524_polyic___E4_P1_7,x,7,3.1999998807907124,3,0.15729166666666666,2,0.16021395822720327,0.0029222915605366107,3840,3926,unetr_style
Mouse,POLYIC_20190524_polyic___E4_P1_7,x,8,3.1999998807907124,1,0.15494791666666666,1,0.15741212429954152,0.0024642076328748597,3840,3926,unetr_style
Mouse,POLYIC_20190524_polyic___E4_P1_7,y,2,4.999999925494195,0,0.5034220532319391,1,0.5096153846153846,0.006193331383445466,5260,5304,unetr_style
Mouse,POLYIC_20190524_polyic___E4_P1_7,y,3,4.999999925494195,2,0.33897338403041827,2,0.36764705882352944,0.02867367479311117,5260,5304,unetr_style
Mouse,POLYIC_20190524_polyic___E4_P1_7,y,4,4.999999925494195,2,0.2581749049429658,0,0.2703619909502262,0.012187086007260428,5260,5304,unetr_style
Mouse,POLYIC_20190524_polyic___E4_P1_7,y,5,4.999999925494195,3,0.22167300380228136,0,0.3410633484162896,0.11939034461400824,5260,5304,unetr_style
Mouse,POLYIC_20190524_polyic___E4_P1_7,y,6,4.999999925494195,4,0.17338403041825096,3,0.19306184012066366,0.019677809702412702,5260,5304,unetr_style
Mouse,POLYIC_20190524_polyic___E4_P1_7,y,7,4.999999925494195,3,0.16197718631178706,5,0.18099547511312217,0.019018288801335104,5260,5304,unetr_style
Mouse,POLYIC_20190524_polyic___E4_P1_7,y,8,4.999999925494195,6,0.13155893536121674,1,0.18665158371040724,0.055092648349190504,5260,5304,unetr_style
Mouse,POLYIC_20190524_polyic___E4_P1_9,x,2,3.1999998807907124,1,0.5056762092793682,0,0.5245338567222767,0.01885764744290852,4052,4076,current_best
Mouse,POLYIC_20190524_polyic___E4_P1_9,x,3,3.1999998807907124,2,0.3487166831194472,2,0.36162904808635915,0.012912364966911949,4052,4076,current_best
Mouse,POLYIC_20190524_polyic___E4_P1_9,x,4,3.1999998807907124,2,0.26678183613030604,2,0.2831207065750736,0.01633887044476756,4052,4076,current_best
Mouse,POLYIC_20190524_polyic___E4_P1_9,x,5,3.1999998807907124,0,0.2087857847976308,4,0.22301275760549558,0.01422697280786478,4052,4076,current_best
Mouse,POLYIC_20190524_polyic___E4_P1_9,x,6,3.1999998807907124,1,0.17522211253701875,2,0.19013738959764476,0.014915277060626009,4052,4076,current_best
Mouse,POLYIC_20190524_polyic___E4_P1_9,x,7,3.1999998807907124,1,0.162142152023692,1,0.1611874386653582,-0.000954713358333803,4052,4076,current_best
Mouse,POLYIC_20190524_polyic___E4_P1_9,x,8,3.1999998807907124,6,0.1386969397828233,6,0.15235525024533858,0.013658310462515283,4052,4076,current_best
Mouse,POLYIC_20190524_polyic___E4_P1_9,y,2,4.999999925494195,1,0.5078154075176777,0,0.5234345706786652,0.015619163160987437,5374,5334,current_best
Mouse,POLYIC_20190524_polyic___E4_P1_9,y,3,4.999999925494195,2,0.3496464458503908,1,0.36520434945631797,0.015557903605927181,5374,5334,current_best
Mouse,POLYIC_20190524_polyic___E4_P1_9,y,4,4.999999925494195,1,0.2610718273167101,0,0.2793400824896888,0.018268255172978698,5374,5334,current_best
Mouse,POLYIC_20190524_polyic___E4_P1_9,y,5,4.999999925494195,1,0.21771492370673615,3,0.34158230221222347,0.12386737850548732,5374,5334,current_best
Mouse,POLYIC_20190524_polyic___E4_P1_9,y,6,4.999999925494195,5,0.19036099739486417,4,0.2118485189351331,0.021487521540268922,5374,5334,current_best
Mouse,POLYIC_20190524_polyic___E4_P1_9,y,7,4.999999925494195,5,0.16524004465947154,4,0.16816647919010125,0.0029264345306297124,5374,5334,current_best
Mouse,POLYIC_20190524_polyic___E4_P1_9,y,8,4.999999925494195,1,0.14923706736136955,7,0.16197975253093364,0.012742685169564089,5374,5334,current_best
Mouse,POLYIC_20190524_polyic___E4_P1_9,x,2,3.1999998807907124,1,0.5056762092793682,0,0.5125118035882908,0.006835594308922666,4052,4236,unetr_style
Mouse,POLYIC_20190524_polyic___E4_P1_9,x,3,3.1999998807907124,2,0.3487166831194472,1,0.3380547686496695,-0.010661914469777711,4052,4236,unetr_style
Mouse,POLYIC_20190524_polyic___E4_P1_9,x,4,3.1999998807907124,2,0.26678183613030604,2,0.2703021718602455,0.0035203357299394833,4052,4236,unetr_style
Mouse,POLYIC_20190524_polyic___E4_P1_9,x,5,3.1999998807907124,0,0.2087857847976308,4,0.22096317280453256,0.012177388006901768,4052,4236,unetr_style
Mouse,POLYIC_20190524_polyic___E4_P1_9,x,6,3.1999998807907124,1,0.17522211253701875,0,0.17351274787535412,-0.0017093646616646307,4052,4236,unetr_style
Mouse,POLYIC_20190524_polyic___E4_P1_9,x,7,3.1999998807907124,1,0.162142152023692,1,0.1591123701605288,-0.0030297818631632167,4052,4236,unetr_style
Mouse,POLYIC_20190524_polyic___E4_P1_9,x,8,3.1999998807907124,6,0.1386969397828233,6,0.1421152030217186,0.003418263238895297,4052,4236,unetr_style
Mouse,POLYIC_20190524_polyic___E4_P1_9,y,2,4.999999925494195,1,0.5078154075176777,0,0.5055126791620728,-0.002302728355604966,5374,5442,unetr_style
Mouse,POLYIC_20190524_polyic___E4_P1_9,y,3,4.999999925494195,2,0.3496464458503908,0,0.3601617052554208,0.010515259405030009,5374,5442,unetr_style
Mouse,POLYIC_20190524_polyic___E4_P1_9,y,4,4.999999925494195,1,0.2610718273167101,3,0.2791253215729511,0.01805349425624103,5374,5442,unetr_style
Mouse,POLYIC_20190524_polyic___E4_P1_9,y,5,4.999999925494195,1,0.21771492370673615,2,0.34472620360161704,0.1270112798948809,5374,5442,unetr_style
Mouse,POLYIC_20190524_polyic___E4_P1_9,y,6,4.999999925494195,5,0.19036099739486417,4,0.20066152149944874,0.010300524104584569,5374,5442,unetr_style
Mouse,POLYIC_20190524_polyic___E4_P1_9,y,7,4.999999925494195,5,0.16524004465947154,0,0.15766262403528114,-0.007577420624190395,5374,5442,unetr_style
Mouse,POLYIC_20190524_polyic___E4_P1_9,y,8,4.999999925494195,1,0.14923706736136955,7,0.17438441749356853,0.025147350132198987,5374,5442,unetr_style
Mouse,POLYIC_20190524_polyic___E8_P1_1,x,2,3.1999998807907124,1,0.5163348647269015,0,0.5040526849037488,-0.012282179823152717,3918,3948,current_best
Mouse,POLYIC_20190524_polyic___E8_P1_1,x,3,3.1999998807907124,2,0.3486472690148035,1,0.34422492401215804,-0.004422345002645434,3918,3948,current_best
Mouse,POLYIC_20190524_polyic___E8_P1_1,x,4,3.1999998807907124,3,0.2713118938233793,3,0.2563323201621074,-0.014979573661271894,3918,3948,current_best
Mouse,POLYIC_20190524_polyic___E8_P1_1,x,5,3.1999998807907124,1,0.21720265441551811,1,0.22315096251266464,0.005948308097146526,3918,3948,current_best
Mouse,POLYIC_20190524_polyic___E8_P1_1,x,6,3.1999998807907124,2,0.17432363450740174,4,0.182370820668693,0.00804718616129127,3918,3948,current_best
Mouse,POLYIC_20190524_polyic___E8_P1_1,x,7,3.1999998807907124,4,0.16207248596222562,4,0.1585612968591692,-0.0035111891030564224,3918,3948,current_best
Mouse,POLYIC_20190524_polyic___E8_P1_1,x,8,3.1999998807907124,1,0.1383358856559469,0,0.135258358662614,-0.003077526993332913,3918,3948,current_best
Mouse,POLYIC_20190524_polyic___E8_P1_1,y,2,4.999999925494195,1,0.5020415738678545,0,0.5231958762886598,0.021154302420805293,5388,5432,current_best
Mouse,POLYIC_20190524_polyic___E8_P1_1,y,3,4.999999925494195,1,0.3437268002969562,2,0.35143593519882177,0.007709134901865589,5388,5432,current_best
Mouse,POLYIC_20190524_polyic___E8_P1_1,y,4,4.999999925494195,2,0.2615070527097253,2,0.2763254786450663,0.014818425935340995,5388,5432,current_best
Mouse,POLYIC_20190524_polyic___E8_P1_1,y,5,4.999999925494195,1,0.21492204899777284,0,0.34554491899852724,0.1306228700007544,5388,5432,current_best
Mouse,POLYIC_20190524_polyic___E8_P1_1,y,6,4.999999925494195,4,0.1789161098737936,4,0.18906480117820323,0.010148691304409624,5388,5432,current_best
Mouse,POLYIC_20190524_polyic___E8_P1_1,y,7,4.999999925494195,1,0.16165553080920564,6,0.1719440353460972,0.010288504536891563,5388,5432,current_best
Mouse,POLYIC_20190524_polyic___E8_P1_1,y,8,4.999999925494195,5,0.1471789161098738,2,0.18151693667157584,0.03433802056170204,5388,5432,current_best
Mouse,POLYIC_20190524_polyic___E8_P1_1,x,2,3.1999998807907124,1,0.5163348647269015,0,0.5179009318293281,0.0015660671024265715,3918,4078,unetr_style
Mouse,POLYIC_20190524_polyic___E8_P1_1,x,3,3.1999998807907124,2,0.3486472690148035,2,0.3349681216282491,-0.013679147386554347,3918,4078,unetr_style
Mouse,POLYIC_20190524_polyic___E8_P1_1,x,4,3.1999998807907124,3,0.2713118938233793,2,0.2633643943109367,-0.007947499512442557,3918,4078,unetr_style
Mouse,POLYIC_20190524_polyic___E8_P1_1,x,5,3.1999998807907124,1,0.21720265441551811,1,0.20966159882295243,-0.007541055592565682,3918,4078,unetr_style
Mouse,POLYIC_20190524_polyic___E8_P1_1,x,6,3.1999998807907124,2,0.17432363450740174,4,0.17778322707209415,0.0034595925646924153,3918,4078,unetr_style
Mouse,POLYIC_20190524_polyic___E8_P1_1,x,7,3.1999998807907124,4,0.16207248596222562,3,0.16110838646395292,-0.0009640994982726969,3918,4078,unetr_style
Mouse,POLYIC_20190524_polyic___E8_P1_1,x,8,3.1999998807907124,1,0.1383358856559469,0,0.13879352623835214,0.0004576405824052443,3918,4078,unetr_style
Mouse,POLYIC_20190524_polyic___E8_P1_1,y,2,4.999999925494195,1,0.5020415738678545,0,0.5042357274401473,0.0021941535722928007,5388,5430,unetr_style
Mouse,POLYIC_20190524_polyic___E8_P1_1,y,3,4.999999925494195,1,0.3437268002969562,2,0.3576427255985267,0.013915925301570542,5388,5430,unetr_style
Mouse,POLYIC_20190524_polyic___E8_P1_1,y,4,4.999999925494195,2,0.2615070527097253,3,0.2714548802946593,0.00994782758493401,5388,5430,unetr_style
Mouse,POLYIC_20190524_polyic___E8_P1_1,y,5,4.999999925494195,1,0.21492204899777284,0,0.33554327808471457,0.12062122908694173,5388,5430,unetr_style
Mouse,POLYIC_20190524_polyic___E8_P1_1,y,6,4.999999925494195,4,0.1789161098737936,5,0.1832412523020258,0.004325142428232176,5388,5430,unetr_style
Mouse,POLYIC_20190524_polyic___E8_P1_1,y,7,4.999999925494195,1,0.16165553080920564,6,0.18287292817679557,0.02121739736758993,5388,5430,unetr_style
Mouse,POLYIC_20190524_polyic___E8_P1_1,y,8,4.999999925494195,5,0.1471789161098738,2,0.16648250460405156,0.019303588494177765,5388,5430,unetr_style
Mouse,POLYIC_20190524_polyic___E9_P1_1,x,2,3.1999998807907124,1,0.5105871029836381,1,0.5026140684410646,-0.007973034542573476,4156,4208,current_best
Mouse,POLYIC_20190524_polyic___E9_P1_1,x,3,3.1999998807907124,0,0.33926852743022134,1,0.3488593155893536,0.00959078815913228,4156,4208,current_best
Mouse,POLYIC_20190524_polyic___E9_P1_1,x,4,3.1999998807907124,3,0.27237728585178056,2,0.2656844106463878,-0.006692875205392745,4156,4208,current_best
Mouse,POLYIC_20190524_polyic___E9_P1_1,x,5,3.1999998807907124,0,0.2071703561116458,4,0.2229087452471483,0.01573838913550249,4156,4208,current_best
Mouse,POLYIC_20190524_polyic___E9_P1_1,x,6,3.1999998807907124,3,0.1823869104908566,1,0.17538022813688212,-0.007006682353974475,4156,4208,current_best
Mouse,POLYIC_20190524_polyic___E9_P1_1,x,7,3.1999998807907124,6,0.15664100096246392,3,0.16064638783269963,0.0040053868702357165,4156,4208,current_best
Mouse,POLYIC_20190524_polyic___E9_P1_1,x,8,3.1999998807907124,7,0.1373917228103946,1,0.14282319391634982,0.00543147110595521,4156,4208,current_best
Mouse,POLYIC_20190524_polyic___E9_P1_1,y,2,4.999999925494195,1,0.5015015015015015,1,0.5600073179656055,0.05850581646410402,5328,5466,current_best
Mouse,POLYIC_20190524_polyic___E9_P1_1,y,3,4.999999925494195,2,0.35960960960960964,0,0.3386388583973655,-0.02097075121224412,5328,5466,current_best
Mouse,POLYIC_20190524_polyic___E9_P1_1,y,4,4.999999925494195,2,0.26745495495495497,3,0.3071716062934504,0.039716651338495446,5328,5466,current_best
Mouse,POLYIC_20190524_polyic___E9_P1_1,y,5,4.999999925494195,4,0.2147147147147147,3,0.345042078302232,0.1303273635875173,5328,5466,current_best
Mouse,POLYIC_20190524_polyic___E9_P1_1,y,6,4.999999925494195,2,0.18693693693693694,5,0.20160995243322358,0.014673015496286634,5328,5466,current_best
Mouse,POLYIC_20190524_polyic___E9_P1_1,y,7,4.999999925494195,5,0.1614114114114114,0,0.16886205634833518,0.007450644936923767,5328,5466,current_best
Mouse,POLYIC_20190524_polyic___E9_P1_1,y,8,4.999999925494195,2,0.14451951951951952,7,0.1544090742773509,0.009889554757831376,5328,5466,current_best
Mouse,POLYIC_20190524_polyic___E9_P1_1,x,2,3.1999998807907124,1,0.5105871029836381,0,0.5038099506947558,-0.0067771522888823155,4156,4462,unetr_style
Mouse,POLYIC_20190524_polyic___E9_P1_1,x,3,3.1999998807907124,0,0.33926852743022134,1,0.34311967727476467,0.0038511498445433223,4156,4462,unetr_style
Mouse,POLYIC_20190524_polyic___E9_P1_1,x,4,3.1999998807907124,3,0.27237728585178056,2,0.2622142536978933,-0.010163032153887253,4156,4462,unetr_style
Mouse,POLYIC_20190524_polyic___E9_P1_1,x,5,3.1999998807907124,0,0.2071703561116458,4,0.21268489466606902,0.005514538554423215,4156,4462,unetr_style
Mouse,POLYIC_20190524_polyic___E9_P1_1,x,6,3.1999998807907124,3,0.1823869104908566,4,0.17615419094576423,-0.006232719545092358,4156,4462,unetr_style
Mouse,POLYIC_20190524_polyic___E9_P1_1,x,7,3.1999998807907124,6,0.15664100096246392,3,0.15889735544598835,0.002256354483524431,4156,4462,unetr_style
Mouse,POLYIC_20190524_polyic___E9_P1_1,x,8,3.1999998807907124,7,0.1373917228103946,3,0.13805468399820708,0.0006629611878124775,4156,4462,unetr_style
Mouse,POLYIC_20190524_polyic___E9_P1_1,y,2,4.999999925494195,1,0.5015015015015015,1,0.5682788051209103,0.06677730361940881,5328,5624,unetr_style
Mouse,POLYIC_20190524_polyic___E9_P1_1,y,3,4.999999925494195,2,0.35960960960960964,1,0.3533072546230441,-0.0063023549865655615,5328,5624,unetr_style
Mouse,POLYIC_20190524_polyic___E9_P1_1,y,4,4.999999925494195,2,0.26745495495495497,3,0.3033428165007112,0.03588786154575624,5328,5624,unetr_style
Mouse,POLYIC_20190524_polyic___E9_P1_1,y,5,4.999999925494195,4,0.2147147147147147,2,0.35152916073968704,0.13681444602497234,5328,5624,unetr_style
Mouse,POLYIC_20190524_polyic___E9_P1_1,y,6,4.999999925494195,2,0.18693693693693694,5,0.19647937411095306,0.009542437174016122,5328,5624,unetr_style
Mouse,POLYIC_20190524_polyic___E9_P1_1,y,7,4.999999925494195,5,0.1614114114114114,0,0.16358463726884778,0.0021732258574363728,5328,5624,unetr_style
Mouse,POLYIC_20190524_polyic___E9_P1_1,y,8,4.999999925494195,2,0.14451951951951952,3,0.15398293029871976,0.009463410779200238,5328,5624,unetr_style
Mouse,POLYIC_20190531_polyic_m__E3_P1,x,2,3.1999998807907124,0,0.5022432701894317,0,0.500999000999001,-0.0012442691904307468,4012,4004,current_best
Mouse,POLYIC_20190531_polyic_m__E3_P1,x,3,3.1999998807907124,2,0.3392323030907278,2,0.34590409590409593,0.006671792813368105,4012,4004,current_best
Mouse,POLYIC_20190531_polyic_m__E3_P1,x,4,3.1999998807907124,0,0.26046859421734797,3,0.252997002997003,-0.007471591220344964,4012,4004,current_best
Mouse,POLYIC_20190531_polyic_m__E3_P1,x,5,3.1999998807907124,4,0.21360917248255235,0,0.21553446553446554,0.0019252930519131906,4012,4004,current_best
Mouse,POLYIC_20190531_polyic_m__E3_P1,x,6,3.1999998807907124,2,0.1702392821535394,5,0.17307692307692307,0.0028376409233836775,4012,4004,current_best
Mouse,POLYIC_20190531_polyic_m__E3_P1,x,7,3.1999998807907124,6,0.15628115653040878,5,0.1550949050949051,-0.001186251435503688,4012,4004,current_best
Mouse,POLYIC_20190531_polyic_m__E3_P1,x,8,3.1999998807907124,0,0.13584247258225324,1,0.14385614385614387,0.008013671273890632,4012,4004,current_best
Mouse,POLYIC_20190531_polyic_m__E3_P1,y,2,4.999999925494195,0,0.5239073589839373,1,0.5529061102831595,0.028998751299222247,5354,5368,current_best
Mouse,POLYIC_20190531_polyic_m__E3_P1,y,3,4.999999925494195,2,0.3866268210683601,1,0.3772354694485842,-0.00939135161977589,5354,5368,current_best
Mouse,POLYIC_20190531_polyic_m__E3_P1,y,4,4.999999925494195,2,0.2803511393350766,3,0.30178837555886734,0.021437236223790734,5354,5368,current_best
Mouse,POLYIC_20190531_polyic_m__E3_P1,y,5,4.999999925494195,1,0.24785207321628688,2,0.3757451564828614,0.1278930832665745,5354,5368,current_best
Mouse,POLYIC_20190531_polyic_m__E3_P1,y,6,4.999999925494195,2,0.22039596563317146,3,0.19299552906110284,-0.027400436572068615,5354,5368,current_best
Mouse,POLYIC_20190531_polyic_m__E3_P1,y,7,4.999999925494195,2,0.15988046320508031,5,0.161698956780924,0.0018184935758436827,5354,5368,current_best
Mouse,POLYIC_20190531_polyic_m__E3_P1,y,8,4.999999925494195,6,0.14475158759805754,7,0.190946348733234,0.046194761135176454,5354,5368,current_best
Mouse,POLYIC_20190531_polyic_m__E3_P1,x,2,3.1999998807907124,0,0.5022432701894317,0,0.5019694731659281,-0.000273797023503608,4012,4062,unetr_style
Mouse,POLYIC_20190531_polyic_m__E3_P1,x,3,3.1999998807907124,2,0.3392323030907278,2,0.34022648941408173,0.0009941863233539072,4012,4062,unetr_style
Mouse,POLYIC_20190531_polyic_m__E3_P1,x,4,3.1999998807907124,0,0.26046859421734797,3,0.26267848350566225,0.0022098892883142818,4012,4062,unetr_style
Mouse,POLYIC_20190531_polyic_m__E3_P1,x,5,3.1999998807907124,4,0.21360917248255235,4,0.21590349581486953,0.0022943233323171885,4012,4062,unetr_style
Mouse,POLYIC_20190531_polyic_m__E3_P1,x,6,3.1999998807907124,2,0.1702392821535394,5,0.1738060068931561,0.0035667247396166946,4012,4062,unetr_style
Mouse,POLYIC_20190531_polyic_m__E3_P1,x,7,3.1999998807907124,6,0.15628115653040878,1,0.14967996061053668,-0.006601195919872099,4012,4062,unetr_style
Mouse,POLYIC_20190531_polyic_m__E3_P1,x,8,3.1999998807907124,0,0.13584247258225324,3,0.14032496307237813,0.004482490490124891,4012,4062,unetr_style
Mouse,POLYIC_20190531_polyic_m__E3_P1,y,2,4.999999925494195,0,0.5239073589839373,1,0.5708194289951798,0.046912070011242535,5354,5394,unetr_style
Mouse,POLYIC_20190531_polyic_m__E3_P1,y,3,4.999999925494195,2,0.3866268210683601,1,0.3670745272525028,-0.019552293815857325,5354,5394,unetr_style
Mouse,POLYIC_20190531_polyic_m__E3_P1,y,4,4.999999925494195,2,0.2803511393350766,3,0.3220244716351502,0.041673332300073584,5354,5394,unetr_style
Mouse,POLYIC_20190531_polyic_m__E3_P1,y,5,4.999999925494195,1,0.24785207321628688,2,0.3609566184649611,0.1131045452486742,5354,5394,unetr_style
Mouse,POLYIC_20190531_polyic_m__E3_P1,y,6,4.999999925494195,2,0.22039596563317146,3,0.19651464590285503,-0.02388131973031643,5354,5394,unetr_style
Mouse,POLYIC_20190531_polyic_m__E3_P1,y,7,4.999999925494195,2,0.15988046320508031,2,0.16518353726362625,0.005303074058545937,5354,5394,unetr_style
Mouse,POLYIC_20190531_polyic_m__E3_P1,y,8,4.999999925494195,6,0.14475158759805754,7,0.18631813125695218,0.041566543658894645,5354,5394,unetr_style
Mouse,POLYIC_20190531_polyic_m__E3_P1_1,x,2,3.1999998807907124,0,0.5079324462640737,1,0.5046320123520329,-0.0033004339120408233,3908,3886,current_best
Mouse,POLYIC_20190531_polyic_m__E3_P1_1,x,3,3.1999998807907124,2,0.33853633572159675,2,0.3394235717961915,0.0008872360745947327,3908,3886,current_best
Mouse,POLYIC_20190531_polyic_m__E3_P1_1,x,4,3.1999998807907124,0,0.25972364380757423,1,0.26042202779207413,0.0006983839844998951,3908,3886,current_best
Mouse,POLYIC_20190531_polyic_m__E3_P1_1,x,5,3.1999998807907124,1,0.21494370522006143,0,0.2233659289758106,0.008422223755749164,3908,3886,current_best
Mouse,POLYIC_20190531_polyic_m__E3_P1_1,x,6,3.1999998807907124,2,0.18142272262026612,5,0.16984045290787442,-0.011582269712391707,3908,3886,current_best
Mouse,POLYIC_20190531_polyic_m__E3_P1_1,x,7,3.1999998807907124,6,0.1535312180143296,0,0.17627380339680906,0.022742585382479474,3908,3886,current_best
Mouse,POLYIC_20190531_polyic_m__E3_P1_1,x,8,3.1999998807907124,4,0.1379222108495394,1,0.14770972722593928,0.00978751637639988,3908,3886,current_best
Mouse,POLYIC_20190531_polyic_m__E3_P1_1,y,2,4.999999925494195,1,0.5001888217522659,1,0.5567924528301886,0.05660363107792277,5296,5300,current_best
Mouse,POLYIC_20190531_polyic_m__E3_P1_1,y,3,4.999999925494195,1,0.341012084592145,2,0.35132075471698115,0.010308670124836161,5296,5300,current_best
Mouse,POLYIC_20190531_polyic_m__E3_P1_1,y,4,4.999999925494195,2,0.2556646525679758,1,0.3013207547169811,0.045656102149005284,5296,5300,current_best
Mouse,POLYIC_20190531_polyic_m__E3_P1_1,y,5,4.999999925494195,3,0.2252643504531722,2,0.3460377358490566,0.12077338539588442,5296,5300,current_best
Mouse,POLYIC_20190531_polyic_m__E3_P1_1,y,6,4.999999925494195,3,0.17862537764350453,3,0.21566037735849056,0.03703499971498603,5296,5300,current_best
Mouse,POLYIC_20190531_polyic_m__E3_P1_1,y,7,4.999999925494195,6,0.1618202416918429,5,0.16811320754716982,0.006292965855326932,5296,5300,current_best
Mouse,POLYIC_20190531_polyic_m__E3_P1_1,y,8,4.999999925494195,1,0.13991691842900303,1,0.21132075471698114,0.07140383628797811,5296,5300,current_best
Mouse,POLYIC_20190531_polyic_m__E3_P1_1,x,2,3.1999998807907124,0,0.5079324462640737,1,0.5026673132880698,-0.00526513297600395,3908,4124,unetr_style
Mouse,POLYIC_20190531_polyic_m__E3_P1_1,x,3,3.1999998807907124,2,0.33853633572159675,0,0.34238603297769155,0.0038496972560947973,3908,4124,unetr_style
Mouse,POLYIC_20190531_polyic_m__E3_P1_1,x,4,3.1999998807907124,0,0.25972364380757423,0,0.2594568380213385,-0.00026680578623572426,3908,4124,unetr_style
Mouse,POLYIC_20190531_polyic_m__E3_P1_1,x,5,3.1999998807907124,1,0.21494370522006143,0,0.21265761396702232,-0.0022860912530391075,3908,4124,unetr_style
Mouse,POLYIC_20190531_polyic_m__E3_P1_1,x,6,3.1999998807907124,2,0.18142272262026612,3,0.1753152279340446,-0.006107494686221515,3908,4124,unetr_style
Mouse,POLYIC_20190531_polyic_m__E3_P1_1,x,7,3.1999998807907124,6,0.1535312180143296,0,0.1578564500484966,0.004325232034167015,3908,4124,unetr_style
Mouse,POLYIC_20190531_polyic_m__E3_P1_1,x,8,3.1999998807907124,4,0.1379222108495394,1,0.14015518913676042,0.0022329782872210213,3908,4124,unetr_style
Mouse,POLYIC_20190531_polyic_m__E3_P1_1,y,2,4.999999925494195,1,0.5001888217522659,1,0.5561111111111111,0.055922289358845245,5296,5400,unetr_style
Mouse,POLYIC_20190531_polyic_m__E3_P1_1,y,3,4.999999925494195,1,0.341012084592145,2,0.3605555555555556,0.01954347096341058,5296,5400,unetr_style
Mouse,POLYIC_20190531_polyic_m__E3_P1_1,y,4,4.999999925494195,2,0.2556646525679758,1,0.2898148148148148,0.03415016224683898,5296,5400,unetr_style
Mouse,POLYIC_20190531_polyic_m__E3_P1_1,y,5,4.999999925494195,3,0.2252643504531722,2,0.33740740740740743,0.11214305695423524,5296,5400,unetr_style
Mouse,POLYIC_20190531_polyic_m__E3_P1_1,y,6,4.999999925494195,3,0.17862537764350453,3,0.2174074074074074,0.03878202976390288,5296,5400,unetr_style
Mouse,POLYIC_20190531_polyic_m__E3_P1_1,y,7,4.999999925494195,6,0.1618202416918429,2,0.16814814814814816,0.006327906456305266,5296,5400,unetr_style
Mouse,POLYIC_20190531_polyic_m__E3_P1_1,y,8,4.999999925494195,1,0.13991691842900303,1,0.18981481481481483,0.049897896385811796,5296,5400,unetr_style
Mouse,POLYIC_20190531_polyic_m__E3_P1_10,x,2,3.1999998807907124,1,0.5193778684344722,0,0.5145185939887926,-0.004859274445679573,3922,3926,current_best
Mouse,POLYIC_20190531_polyic_m__E3_P1_10,x,3,3.1999998807907124,2,0.33656297807241203,0,0.34717269485481406,0.010609716782402023,3922,3926,current_best
Mouse,POLYIC_20190531_polyic_m__E3_P1_10,x,4,3.1999998807907124,1,0.26466088730239673,2,0.26897605705552724,0.00431516975313051,3922,3926,current_best
Mouse,POLYIC_20190531_polyic_m__E3_P1_10,x,5,3.1999998807907124,3,0.21137174910759818,1,0.2106469689251146,-0.0007247801824835642,3922,3926,current_best
Mouse,POLYIC_20190531_polyic_m__E3_P1_10,x,6,3.1999998807907124,5,0.17771545130035696,0,0.1805909322465614,0.002875480946204434,3922,3926,current_best
Mouse,POLYIC_20190531_polyic_m__E3_P1_10,x,7,3.1999998807907124,4,0.15655277919428862,4,0.15817626082526745,0.0016234816309788347,3922,3926,current_best
Mouse,POLYIC_20190531_polyic_m__E3_P1_10,x,8,3.1999998807907124,1,0.15451300356960734,1,0.14645950076413652,-0.008053502805470819,3922,3926,current_best
Mouse,POLYIC_20190531_polyic_m__E3_P1_10,y,2,4.999999925494195,1,0.5097498160412067,0,0.5410077234277307,0.03125790738652401,5436,5438,current_best
Mouse,POLYIC_20190531_polyic_m__E3_P1_10,y,3,4.999999925494195,2,0.35356880058866813,2,0.35399043766090477,0.0004216370722366358,5436,5438,current_best
Mouse,POLYIC_20190531_polyic_m__E3_P1_10,y,4,4.999999925494195,3,0.2619573215599706,2,0.2752850312614932,0.013327709701522583,5436,5438,current_best
Mouse,POLYIC_20190531_polyic_m__E3_P1_10,y,5,4.999999925494195,1,0.23252391464311994,0,0.3490253769768297,0.11650146233370978,5436,5438,current_best
Mouse,POLYIC_20190531_polyic_m__E3_P1_10,y,6,4.999999925494195,2,0.18267108167770418,2,0.19124678190511218,0.008575700227408,5436,5438,current_best
Mouse,POLYIC_20190531_polyic_m__E3_P1_10,y,7,4.999999925494195,2,0.16740250183958794,4,0.1575947039352703,-0.009807797904317628,5436,5438,current_best
Mouse,POLYIC_20190531_polyic_m__E3_P1_10,y,8,4.999999925494195,6,0.14643119941133187,2,0.17671938212578153,0.030288182714449663,5436,5438,current_best
Mouse,POLYIC_20190531_polyic_m__E3_P1_10,x,2,3.1999998807907124,1,0.5193778684344722,1,0.5122072745391131,-0.007170593895359123,3922,4014,unetr_style
Mouse,POLYIC_20190531_polyic_m__E3_P1_10,x,3,3.1999998807907124,2,0.33656297807241203,0,0.3415545590433483,0.004991580970936271,3922,4014,unetr_style
Mouse,POLYIC_20190531_polyic_m__E3_P1_10,x,4,3.1999998807907124,1,0.26466088730239673,2,0.26133532635774787,-0.0033255609446488643,3922,4014,unetr_style
Mouse,POLYIC_20190531_polyic_m__E3_P1_10,x,5,3.1999998807907124,3,0.21137174910759818,3,0.20752366716492276,-0.003848081942675413,3922,4014,unetr_style
Mouse,POLYIC_20190531_polyic_m__E3_P1_10,x,6,3.1999998807907124,5,0.17771545130035696,1,0.17339312406576982,-0.004322327234587142,3922,4014,unetr_style
Mouse,POLYIC_20190531_polyic_m__E3_P1_10,x,7,3.1999998807907124,4,0.15655277919428862,5,0.15396113602391628,-0.002591643170372332,3922,4014,unetr_style
Mouse,POLYIC_20190531_polyic_m__E3_P1_10,x,8,3.1999998807907124,1,0.15451300356960734,1,0.14773293472845042,-0.006780068841156922,3922,4014,unetr_style
Mouse,POLYIC_20190531_polyic_m__E3_P1_10,y,2,4.999999925494195,1,0.5097498160412067,0,0.5294334069168506,0.019683590875643864,5436,5436,unetr_style
Mouse,POLYIC_20190531_polyic_m__E3_P1_10,y,3,4.999999925494195,2,0.35356880058866813,2,0.34915378955114057,-0.004415011037527561,5436,5436,unetr_style
Mouse,POLYIC_20190531_polyic_m__E3_P1_10,y,4,4.999999925494195,3,0.2619573215599706,2,0.26655629139072845,0.00459896983075786,5436,5436,unetr_style
Mouse,POLYIC_20190531_polyic_m__E3_P1_10,y,5,4.999999925494195,1,0.23252391464311994,2,0.3478660779985283,0.11534216335540837,5436,5436,unetr_style
Mouse,POLYIC_20190531_polyic_m__E3_P1_10,y,6,4.999999925494195,2,0.18267108167770418,2,0.18892568064753495,0.006254598969830771,5436,5436,unetr_style
Mouse,POLYIC_20190531_polyic_m__E3_P1_10,y,7,4.999999925494195,2,0.16740250183958794,2,0.1659308314937454,-0.0014716703458425295,5436,5436,unetr_style
Mouse,POLYIC_20190531_polyic_m__E3_P1_10,y,8,4.999999925494195,6,0.14643119941133187,2,0.16685062545989698,0.020419426048565115,5436,5436,unetr_style
Mouse,POLYIC_20190531_polyic_m__E3_P1_11,x,2,3.1999998807907124,1,0.5098984771573604,1,0.5188295165394402,0.008931039382079842,3940,3930,current_best
Mouse,POLYIC_20190531_polyic_m__E3_P1_11,x,3,3.1999998807907124,2,0.3411167512690355,2,0.34580152671755726,0.00468477544852175,3940,3930,current_best
Mouse,POLYIC_20190531_polyic_m__E3_P1_11,x,4,3.1999998807907124,1,0.25583756345177666,1,0.26692111959287534,0.011083556141098683,3940,3930,current_best
Mouse,POLYIC_20190531_polyic_m__E3_P1_11,x,5,3.1999998807907124,3,0.22538071065989848,2,0.21170483460559797,-0.013675876054300512,3940,3930,current_best
Mouse,POLYIC_20190531_polyic_m__E3_P1_11,x,6,3.1999998807907124,5,0.1736040609137056,3,0.18142493638676846,0.007820875473062872,3940,3930,current_best
Mouse,POLYIC_20190531_polyic_m__E3_P1_11,x,7,3.1999998807907124,4,0.1565989847715736,4,0.16157760814249364,0.004978623370920032,3940,3930,current_best
Mouse,POLYIC_20190531_polyic_m__E3_P1_11,x,8,3.1999998807907124,1,0.13857868020304567,1,0.14910941475826972,0.010530734555224047,3940,3930,current_best
Mouse,POLYIC_20190531_polyic_m__E3_P1_11,y,2,4.999999925494195,0,0.5110560426991994,1,0.538534910339565,0.027478867640365667,5246,5242,current_best
Mouse,POLYIC_20190531_polyic_m__E3_P1_11,y,3,4.999999925494195,1,0.34235608082348457,0,0.377527661198016,0.03517158037453144,5246,5242,current_best
Mouse,POLYIC_20190531_polyic_m__E3_P1_11,y,4,4.999999925494195,2,0.28764773160503243,1,0.2964517359786341,0.008804004373601682,5246,5242,current_best
Mouse,POLYIC_20190531_polyic_m__E3_P1_11,y,5,4.999999925494195,3,0.22683949675943577,3,0.35959557420831745,0.13275607744888168,5246,5242,current_best
Mouse,POLYIC_20190531_polyic_m__E3_P1_11,y,6,4.999999925494195,4,0.189668318719024,3,0.22701259061426937,0.03734427189524536,5246,5242,current_best
Mouse,POLYIC_20190531_polyic_m__E3_P1_11,y,7,4.999999925494195,6,0.16908120472741137,6,0.17111789393361312,0.0020366892062017583,5246,5242,current_best
Mouse,POLYIC_20190531_polyic_m__E3_P1_11,y,8,4.999999925494195,6,0.1479222264582539,1,0.19877909194963755,0.05085686549138366,5246,5242,current_best
Mouse,POLYIC_20190531_polyic_m__E3_P1_11,x,2,3.1999998807907124,1,0.5098984771573604,1,0.5039312039312039,-0.005967273226156422,3940,4070,unetr_style
Mouse,POLYIC_20190531_polyic_m__E3_P1_11,x,3,3.1999998807907124,2,0.3411167512690355,0,0.3353808353808354,-0.005735915888200105,3940,4070,unetr_style
Mouse,POLYIC_20190531_polyic_m__E3_P1_11,x,4,3.1999998807907124,1,0.25583756345177666,3,0.25675675675675674,0.0009191933049800816,3940,4070,unetr_style
Mouse,POLYIC_20190531_polyic_m__E3_P1_11,x,5,3.1999998807907124,3,0.22538071065989848,3,0.21597051597051597,-0.009410194689382506,3940,4070,unetr_style
Mouse,POLYIC_20190531_polyic_m__E3_P1_11,x,6,3.1999998807907124,5,0.1736040609137056,3,0.18083538083538084,0.00723131992167525,3940,4070,unetr_style
Mouse,POLYIC_20190531_polyic_m__E3_P1_11,x,7,3.1999998807907124,4,0.1565989847715736,4,0.15528255528255527,-0.0013164294890183337,3940,4070,unetr_style
Mouse,POLYIC_20190531_polyic_m__E3_P1_11,x,8,3.1999998807907124,1,0.13857868020304567,0,0.13955773955773956,0.0009790593546938897,3940,4070,unetr_style
Mouse,POLYIC_20190531_polyic_m__E3_P1_11,y,2,4.999999925494195,0,0.5110560426991994,1,0.5450943396226415,0.03403829692344218,5246,5300,unetr_style
Mouse,POLYIC_20190531_polyic_m__E3_P1_11,y,3,4.999999925494195,1,0.34235608082348457,0,0.37622641509433963,0.03387033427085506,5246,5300,unetr_style
Mouse,POLYIC_20190531_polyic_m__E3_P1_11,y,4,4.999999925494195,2,0.28764773160503243,1,0.2958490566037736,0.008201324998741155,5246,5300,unetr_style
Mouse,POLYIC_20190531_polyic_m__E3_P1_11,y,5,4.999999925494195,3,0.22683949675943577,3,0.360377358490566,0.13353786173113025,5246,5300,unetr_style
Mouse,POLYIC_20190531_polyic_m__E3_P1_11,y,6,4.999999925494195,4,0.189668318719024,3,0.23,0.040331681280976,5246,5300,unetr_style
Mouse,POLYIC_20190531_polyic_m__E3_P1_11,y,7,4.999999925494195,6,0.16908120472741137,2,0.16471698113207547,-0.004364223595335892,5246,5300,unetr_style
Mouse,POLYIC_20190531_polyic_m__E3_P1_11,y,8,4.999999925494195,6,0.1479222264582539,1,0.18490566037735848,0.03698343391910458,5246,5300,unetr_style
Mouse,POLYIC_20190531_polyic_m__E3_P1_12,x,2,3.1999998807907124,0,0.5078369905956113,0,0.5080352514256091,0.00019826082999785388,3828,3858,current_best
Mouse,POLYIC_20190531_polyic_m__E3_P1_12,x,3,3.1999998807907124,2,0.35919540229885055,2,0.3665111456713323,0.007315743372481753,3828,3858,current_best
Mouse,POLYIC_20190531_polyic_m__E3_P1_12,x,4,3.1999998807907124,2,0.2664576802507837,2,0.25972006220839816,-0.00673761804238554,3828,3858,current_best
Mouse,POLYIC_20190531_polyic_m__E3_P1_12,x,5,3.1999998807907124,1,0.2283176593521421,1,0.2099533437013997,-0.018364315650742397,3828,3858,current_best
Mouse,POLYIC_20190531_polyic_m__E3_P1_12,x,6,3.1999998807907124,2,0.1896551724137931,2,0.19077242094349403,0.0011172485297009371,3828,3858,current_best
Mouse,POLYIC_20190531_polyic_m__E3_P1_12,x,7,3.1999998807907124,6,0.1669278996865204,0,0.15552099533437014,-0.011406904352150249,3828,3858,current_best
Mouse,POLYIC_20190531_polyic_m__E3_P1_12,x,8,3.1999998807907124,2,0.14237199582027169,0,0.13608087091757387,-0.0062911249026978144,3828,3858,current_best
Mouse,POLYIC_20190531_polyic_m__E3_P1_12,y,2,4.999999925494195,1,0.5143513203214696,1,0.5121858339680122,-0.0021654863534573687,5226,5252,current_best
Mouse,POLYIC_20190531_polyic_m__E3_P1_12,y,3,4.999999925494195,1,0.3383084577114428,0,0.3667174409748667,0.028408983263423893,5226,5252,current_best
Mouse,POLYIC_20190531_polyic_m__E3_P1_12,y,4,4.999999925494195,1,0.26865671641791045,1,0.27494287890327496,0.00628616248536451,5226,5252,current_best
Mouse,POLYIC_20190531_polyic_m__E3_P1_12,y,5,4.999999925494195,3,0.2265595101415997,3,0.34615384615384615,0.11959433601224645,5226,5252,current_best
Mouse,POLYIC_20190531_polyic_m__E3_P1_12,y,6,4.999999925494195,3,0.17661691542288557,3,0.20906321401370906,0.032446298590823486,5226,5252,current_best
Mouse,POLYIC_20190531_polyic_m__E3_P1_12,y,7,4.999999925494195,5,0.16628396479142749,6,0.15936785986290936,-0.00691610492851813,5226,5252,current_best
Mouse,POLYIC_20190531_polyic_m__E3_P1_12,y,8,4.999999925494195,1,0.16111748947569843,1,0.17764661081492764,0.016529121339229208,5226,5252,current_best
Mouse,POLYIC_20190531_polyic_m__E3_P1_12,x,2,3.1999998807907124,0,0.5078369905956113,0,0.506660088801184,-0.0011769017944273097,3828,4054,unetr_style
Mouse,POLYIC_20190531_polyic_m__E3_P1_12,x,3,3.1999998807907124,2,0.35919540229885055,0,0.3423778983719783,-0.016817503926872257,3828,4054,unetr_style
Mouse,POLYIC_20190531_polyic_m__E3_P1_12,x,4,3.1999998807907124,2,0.2664576802507837,3,0.25555007400098667,-0.01090760624979703,3828,4054,unetr_style
Mouse,POLYIC_20190531_polyic_m__E3_P1_12,x,5,3.1999998807907124,1,0.2283176593521421,2,0.21188949185989148,-0.016428167492250623,3828,4054,unetr_style
Mouse,POLYIC_20190531_polyic_m__E3_P1_12,x,6,3.1999998807907124,2,0.1896551724137931,2,0.17390231869758263,-0.015752853716210463,3828,4054,unetr_style
Mouse,POLYIC_20190531_polyic_m__E3_P1_12,x,7,3.1999998807907124,6,0.1669278996865204,0,0.15219536260483474,-0.014732537081685648,3828,4054,unetr_style
Mouse,POLYIC_20190531_polyic_m__E3_P1_12,x,8,3.1999998807907124,2,0.14237199582027169,0,0.13517513566847558,-0.007196860151796103,3828,4054,unetr_style
Mouse,POLYIC_20190531_polyic_m__E3_P1_12,y,2,4.999999925494195,1,0.5143513203214696,1,0.5189825360668185,0.004631215745348971,5226,5268,unetr_style
Mouse,POLYIC_20190531_polyic_m__E3_P1_12,y,3,4.999999925494195,1,0.3383084577114428,0,0.37414578587699315,0.03583732816555035,5226,5268,unetr_style
Mouse,POLYIC_20190531_polyic_m__E3_P1_12,y,4,4.999999925494195,1,0.26865671641791045,1,0.2853075170842825,0.016650800666372034,5226,5268,unetr_style
Mouse,POLYIC_20190531_polyic_m__E3_P1_12,y,5,4.999999925494195,3,0.2265595101415997,3,0.3566818526955201,0.1301223425539204,5226,5268,unetr_style
Mouse,POLYIC_20190531_polyic_m__E3_P1_12,y,6,4.999999925494195,3,0.17661691542288557,3,0.2332953682611997,0.05667845283831413,5226,5268,unetr_style
Mouse,POLYIC_20190531_polyic_m__E3_P1_12,y,7,4.999999925494195,5,0.16628396479142749,2,0.17179195140470768,0.005507986613280197,5226,5268,unetr_style
Mouse,POLYIC_20190531_polyic_m__E3_P1_12,y,8,4.999999925494195,1,0.16111748947569843,1,0.18185269552012148,0.020735206044423055,5226,5268,unetr_style
Mouse,POLYIC_20190531_polyic_m__E3_P1_13,x,2,3.1999998807907124,0,0.5105833763551885,0,0.5081674323634507,-0.0024159439917377235,3874,3918,current_best
Mouse,POLYIC_20190531_polyic_m__E3_P1_13,x,3,3.1999998807907124,2,0.3477026329375323,2,0.3588565594691169,0.01115392653158459,3874,3918,current_best
Mouse,POLYIC_20190531_polyic_m__E3_P1_13,x,4,3.1999998807907124,0,0.27284460505937014,0,0.26442062276671774,-0.008423982292652399,3874,3918,current_best
Mouse,POLYIC_20190531_polyic_m__E3_P1_13,x,5,3.1999998807907124,0,0.2080536912751678,0,0.21465033180193976,0.006596640526771974,3874,3918,current_best
Mouse,POLYIC_20190531_polyic_m__E3_P1_13,x,6,3.1999998807907124,2,0.18172431595250388,2,0.1835119959162838,0.0017876799637799312,3874,3918,current_best
Mouse,POLYIC_20190531_polyic_m__E3_P1_13,x,7,3.1999998807907124,0,0.15049044914816728,3,0.15390505359877488,0.0034146044506075945,3874,3918,current_best
Mouse,POLYIC_20190531_polyic_m__E3_P1_13,x,8,3.1999998807907124,4,0.14248838409912234,1,0.14854517611026033,0.006056792011137985,3874,3918,current_best
Mouse,POLYIC_20190531_polyic_m__E3_P1_13,y,2,4.999999925494195,0,0.5110619469026548,1,0.5148787656135194,0.003816818710864589,5424,5444,current_best
Mouse,POLYIC_20190531_polyic_m__E3_P1_13,y,3,4.999999925494195,2,0.33775811209439527,2,0.36370315944158704,0.025945047347191774,5424,5444,current_best
Mouse,POLYIC_20190531_polyic_m__E3_P1_13,y,4,4.999999925494195,2,0.28078908554572274,1,0.27351212343864806,-0.00727696210707468,5424,5444,current_best
Mouse,POLYIC_20190531_polyic_m__E3_P1_13,y,5,4.999999925494195,3,0.22842920353982302,3,0.3453343130051433,0.11690510946532026,5424,5444,current_best
Mouse,POLYIC_20190531_polyic_m__E3_P1_13,y,6,4.999999925494195,2,0.17699115044247787,2,0.19875091844232182,0.021759767999843943,5424,5444,current_best
Mouse,POLYIC_20190531_polyic_m__E3_P1_13,y,7,4.999999925494195,0,0.17699115044247787,0,0.20867009551800147,0.0316789450755236,5424,5444,current_best
Mouse,POLYIC_20190531_polyic_m__E3_P1_13,y,8,4.999999925494195,2,0.16500737463126844,1,0.22024246877296105,0.055235094141692614,5424,5444,current_best
Mouse,POLYIC_20190531_polyic_m__E3_P1_13,x,2,3.1999998807907124,0,0.5105833763551885,0,0.5144749754661433,0.0038915991109548242,3874,4076,unetr_style
Mouse,POLYIC_20190531_polyic_m__E3_P1_13,x,3,3.1999998807907124,2,0.3477026329375323,2,0.3402845927379784,-0.007418040199553888,3874,4076,unetr_style
Mouse,POLYIC_20190531_polyic_m__E3_P1_13,x,4,3.1999998807907124,0,0.27284460505937014,0,0.27085377821393525,-0.00199082684543489,3874,4076,unetr_style
Mouse,POLYIC_20190531_polyic_m__E3_P1_13,x,5,3.1999998807907124,0,0.2080536912751678,0,0.21884200196270853,0.010788310687540742,3874,4076,unetr_style
Mouse,POLYIC_20190531_polyic_m__E3_P1_13,x,6,3.1999998807907124,2,0.18172431595250388,2,0.18056918547595682,-0.001155130476547056,3874,4076,unetr_style
Mouse,POLYIC_20190531_polyic_m__E3_P1_13,x,7,3.1999998807907124,0,0.15049044914816728,0,0.16315014720314033,0.012659698054973051,3874,4076,unetr_style
Mouse,POLYIC_20190531_polyic_m__E3_P1_13,x,8,3.1999998807907124,4,0.14248838409912234,4,0.13738959764474976,-0.005098786454372589,3874,4076,unetr_style
Mouse,POLYIC_20190531_polyic_m__E3_P1_13,y,2,4.999999925494195,0,0.5110619469026548,1,0.5498188405797102,0.03875689367705537,5424,5520,unetr_style
Mouse,POLYIC_20190531_polyic_m__E3_P1_13,y,3,4.999999925494195,2,0.33775811209439527,2,0.35706521739130437,0.0193071052969091,5424,5520,unetr_style
Mouse,POLYIC_20190531_polyic_m__E3_P1_13,y,4,4.999999925494195,2,0.28078908554572274,1,0.2882246376811594,0.007435552135436674,5424,5520,unetr_style
Mouse,POLYIC_20190531_polyic_m__E3_P1_13,y,5,4.999999925494195,3,0.22842920353982302,3,0.3443840579710145,0.1159548544311915,5424,5520,unetr_style
Mouse,POLYIC_20190531_polyic_m__E3_P1_13,y,6,4.999999925494195,2,0.17699115044247787,1,0.1923913043478261,0.015400153905348213,5424,5520,unetr_style
Mouse,POLYIC_20190531_polyic_m__E3_P1_13,y,7,4.999999925494195,0,0.17699115044247787,0,0.19402173913043477,0.0170305886879569,5424,5520,unetr_style
Mouse,POLYIC_20190531_polyic_m__E3_P1_13,y,8,4.999999925494195,2,0.16500737463126844,1,0.2197463768115942,0.05473900218032576,5424,5520,unetr_style
Mouse,POLYIC_20190531_polyic_m__E3_P1_2,x,2,3.1999998807907124,0,0.5022556390977444,0,0.5054347826086957,0.0031791435109512767,3990,4048,current_best
Mouse,POLYIC_20190531_polyic_m__E3_P1_2,x,3,3.1999998807907124,1,0.34135338345864663,1,0.3619071146245059,0.02055373116585929,3990,4048,current_best
Mouse,POLYIC_20190531_polyic_m__E3_P1_2,x,4,3.1999998807907124,0,0.2578947368421053,2,0.25815217391304346,0.00025743707093817125,3990,4048,current_best
Mouse,POLYIC_20190531_polyic_m__E3_P1_2,x,5,3.1999998807907124,4,0.20551378446115287,3,0.2099802371541502,0.004466452692997336,3990,4048,current_best
Mouse,POLYIC_20190531_polyic_m__E3_P1_2,x,6,3.1999998807907124,2,0.1736842105263158,1,0.18305335968379446,0.009369149157478662,3990,4048,current_best
Mouse,POLYIC_20190531_polyic_m__E3_P1_2,x,7,3.1999998807907124,4,0.1656641604010025,6,0.15686758893280633,-0.00879657146819618,3990,4048,current_best
Mouse,POLYIC_20190531_polyic_m__E3_P1_2,x,8,3.1999998807907124,1,0.13583959899749373,1,0.1400691699604743,0.004229570962980572,3990,4048,current_best
Mouse,POLYIC_20190531_polyic_m__E3_P1_2,y,2,4.999999925494195,1,0.5236051502145923,0,0.5219858156028369,-0.001619334611755452,5592,5640,current_best
Mouse,POLYIC_20190531_polyic_m__E3_P1_2,y,3,4.999999925494195,2,0.3376251788268956,0,0.4097517730496454,0.0721265942227498,5592,5640,current_best
Mouse,POLYIC_20190531_polyic_m__E3_P1_2,y,4,4.999999925494195,3,0.27968526466380544,2,0.2764184397163121,-0.003266824947493363,5592,5640,current_best
Mouse,POLYIC_20190531_polyic_m__E3_P1_2,y,5,4.999999925494195,1,0.23533619456366237,0,0.35301418439716314,0.11767798983350078,5592,5640,current_best
Mouse,POLYIC_20190531_polyic_m__E3_P1_2,y,6,4.999999925494195,1,0.18723175965665237,0,0.21099290780141844,0.02376114814476607,5592,5640,current_best
Mouse,POLYIC_20190531_polyic_m__E3_P1_2,y,7,4.999999925494195,0,0.1680972818311874,2,0.1725177304964539,0.004420448665266502,5592,5640,current_best
Mouse,POLYIC_20190531_polyic_m__E3_P1_2,y,8,4.999999925494195,3,0.155758226037196,4,0.175,0.019241773962803993,5592,5640,current_best
Mouse,POLYIC_20190531_polyic_m__E3_P1_2,x,2,3.1999998807907124,0,0.5022556390977444,0,0.5214251324025037,0.019169493304759255,3990,4154,unetr_style
Mouse,POLYIC_20190531_polyic_m__E3_P1_2,x,3,3.1999998807907124,1,0.34135338345864663,2,0.3389504092441021,-0.002402974214544551,3990,4154,unetr_style
Mouse,POLYIC_20190531_polyic_m__E3_P1_2,x,4,3.1999998807907124,0,0.2578947368421053,2,0.2669715936446798,0.009076856802574529,3990,4154,unetr_style
Mouse,POLYIC_20190531_polyic_m__E3_P1_2,x,5,3.1999998807907124,4,0.20551378446115287,2,0.21497351949927782,0.009459735038124945,3990,4154,unetr_style
Mouse,POLYIC_20190531_polyic_m__E3_P1_2,x,6,3.1999998807907124,2,0.1736842105263158,2,0.18175252768415984,0.008068317157844035,3990,4154,unetr_style
Mouse,POLYIC_20190531_polyic_m__E3_P1_2,x,7,3.1999998807907124,4,0.1656641604010025,4,0.15840154068367837,-0.0072626197173241425,3990,4154,unetr_style
Mouse,POLYIC_20190531_polyic_m__E3_P1_2,x,8,3.1999998807907124,1,0.13583959899749373,2,0.13529128550794414,-0.00054831348954959,3990,4154,unetr_style
Mouse,POLYIC_20190531_polyic_m__E3_P1_2,y,2,4.999999925494195,1,0.5236051502145923,0,0.5290162774239208,0.005411127209328459,5592,5652,unetr_style
Mouse,POLYIC_20190531_polyic_m__E3_P1_2,y,3,4.999999925494195,2,0.3376251788268956,0,0.3878273177636235,0.050202138936727925,5592,5652,unetr_style
Mouse,POLYIC_20190531_polyic_m__E3_P1_2,y,4,4.999999925494195,3,0.27968526466380544,2,0.26769285208775656,-0.011992412576048883,5592,5652,unetr_style
Mouse,POLYIC_20190531_polyic_m__E3_P1_2,y,5,4.999999925494195,1,0.23533619456366237,0,0.3575725406935598,0.12223634612989745,5592,5652,unetr_style
Mouse,POLYIC_20190531_polyic_m__E3_P1_2,y,6,4.999999925494195,1,0.18723175965665237,0,0.20417551309271054,0.016943753436058168,5592,5652,unetr_style
Mouse,POLYIC_20190531_polyic_m__E3_P1_2,y,7,4.999999925494195,0,0.1680972818311874,2,0.16613588110403396,-0.0019614007271534506,5592,5652,unetr_style
Mouse,POLYIC_20190531_polyic_m__E3_P1_2,y,8,4.999999925494195,3,0.155758226037196,4,0.1873673036093418,0.031609077572145816,5592,5652,unetr_style
Mouse,POLYIC_20190531_polyic_m__E3_P1_3,x,2,3.1999998807907124,0,0.503227408142999,0,0.5084367245657568,0.005209316422757793,4028,4030,current_best
Mouse,POLYIC_20190531_polyic_m__E3_P1_3,x,3,3.1999998807907124,2,0.3361469712015889,0,0.34739454094292804,0.01124756974133917,4028,4030,current_best
Mouse,POLYIC_20190531_polyic_m__E3_P1_3,x,4,3.1999998807907124,0,0.2557100297914598,2,0.2642679900744417,0.008557960282981891,4028,4030,current_best
Mouse,POLYIC_20190531_polyic_m__E3_P1_3,x,5,3.1999998807907124,2,0.21027805362462762,2,0.21240694789081885,0.002128894266191228,4028,4030,current_best
Mouse,POLYIC_20190531_polyic_m__E3_P1_3,x,6,3.1999998807907124,2,0.17254220456802383,2,0.18014888337468982,0.00760667880666599,4028,4030,current_best
Mouse,POLYIC_20190531_polyic_m__E3_P1_3,x,7,3.1999998807907124,2,0.15615690168818272,1,0.15657568238213398,0.00041878069395126505,4028,4030,current_best
Mouse,POLYIC_20190531_polyic_m__E3_P1_3,x,8,3.1999998807907124,4,0.1355511420059583,6,0.14491315136476426,0.009362009358805962,4028,4030,current_best
Mouse,POLYIC_20190531_polyic_m__E3_P1_3,y,2,4.999999925494195,0,0.5130450987700336,1,0.5070921985815603,-0.005952900188473276,5366,5358,current_best
Mouse,POLYIC_20190531_polyic_m__E3_P1_3,y,3,4.999999925494195,2,0.3529631010063362,2,0.34621127286300857,-0.006751828143327643,5366,5358,current_best
Mouse,POLYIC_20190531_polyic_m__E3_P1_3,y,4,4.999999925494195,2,0.26071561684681327,3,0.2726763717805151,0.011960754933701856,5366,5358,current_best
Mouse,POLYIC_20190531_polyic_m__E3_P1_3,y,5,4.999999925494195,1,0.21561684681326873,2,0.36039567002612916,0.14477882321286042,5366,5358,current_best
Mouse,POLYIC_20190531_polyic_m__E3_P1_3,y,6,4.999999925494195,2,0.18468132687290348,5,0.18365061590145576,-0.001030710971447718,5366,5358,current_best
Mouse,POLYIC_20190531_polyic_m__E3_P1_3,y,7,4.999999925494195,0,0.15747297800969065,0,0.18047779022023144,0.023004812210540793,5366,5358,current_best
Mouse,POLYIC_20190531_polyic_m__E3_P1_3,y,8,4.999999925494195,2,0.13753261274692508,7,0.14109742441209405,0.0035648116651689765,5366,5358,current_best
Mouse,POLYIC_20190531_polyic_m__E3_P1_3,x,2,3.1999998807907124,0,0.503227408142999,1,0.5021728633510382,-0.0010545447919608764,4028,4142,unetr_style
Mouse,POLYIC_20190531_polyic_m__E3_P1_3,x,3,3.1999998807907124,2,0.3361469712015889,2,0.3440366972477064,0.00788972604611754,4028,4142,unetr_style
Mouse,POLYIC_20190531_polyic_m__E3_P1_3,x,4,3.1999998807907124,0,0.2557100297914598,3,0.2643650410429744,0.008655011251514633,4028,4142,unetr_style
Mouse,POLYIC_20190531_polyic_m__E3_P1_3,x,5,3.1999998807907124,2,0.21027805362462762,2,0.21921776919362626,0.00893971556899864,4028,4142,unetr_style
Mouse,POLYIC_20190531_polyic_m__E3_P1_3,x,6,3.1999998807907124,2,0.17254220456802383,0,0.1779333655239015,0.005391160955877661,4028,4142,unetr_style
Mouse,POLYIC_20190531_polyic_m__E3_P1_3,x,7,3.1999998807907124,2,0.15615690168818272,1,0.15789473684210525,0.0017378351539225345,4028,4142,unetr_style
Mouse,POLYIC_20190531_polyic_m__E3_P1_3,x,8,3.1999998807907124,4,0.1355511420059583,7,0.1361661033317238,0.0006149613257654951,4028,4142,unetr_style
Mouse,POLYIC_20190531_polyic_m__E3_P1_3,y,2,4.999999925494195,0,0.5130450987700336,1,0.5049870705578131,-0.008058028212220458,5366,5414,unetr_style
Mouse,POLYIC_20190531_polyic_m__E3_P1_3,y,3,4.999999925494195,2,0.3529631010063362,2,0.3393055042482453,-0.013657596758090917,5366,5414,unetr_style
Mouse,POLYIC_20190531_polyic_m__E3_P1_3,y,4,4.999999925494195,2,0.26071561684681327,3,0.263945326930181,0.003229710083367754,5366,5414,unetr_style
Mouse,POLYIC_20190531_polyic_m__E3_P1_3,y,5,4.999999925494195,1,0.21561684681326873,2,0.36165496859992613,0.1460381217866574,5366,5414,unetr_style
Mouse,POLYIC_20190531_polyic_m__E3_P1_3,y,6,4.999999925494195,2,0.18468132687290348,4,0.1819357222016993,-0.002745604671204188,5366,5414,unetr_style
Mouse,POLYIC_20190531_polyic_m__E3_P1_3,y,7,4.999999925494195,0,0.15747297800969065,0,0.17214628740302917,0.014673309393338524,5366,5414,unetr_style
Mouse,POLYIC_20190531_polyic_m__E3_P1_3,y,8,4.999999925494195,2,0.13753261274692508,4,0.14240857037310675,0.004875957626181676,5366,5414,unetr_style
Mouse,POLYIC_20190531_polyic_m__E3_P1_4,x,2,3.1999998807907124,1,0.5054095826893354,0,0.5198878123406425,0.014478229651307073,3882,3922,current_best
Mouse,POLYIC_20190531_polyic_m__E3_P1_4,x,3,3.1999998807907124,2,0.3369397217928903,2,0.34982151963284036,0.012881797839950082,3882,3922,current_best
Mouse,POLYIC_20190531_polyic_m__E3_P1_4,x,4,3.1999998807907124,3,0.25579598145285937,2,0.27307496175420704,0.01727898030134767,3882,3922,current_best
Mouse,POLYIC_20190531_polyic_m__E3_P1_4,x,5,3.1999998807907124,3,0.21973209685729006,3,0.21341152473227945,-0.0063205721250106095,3882,3922,current_best
Mouse,POLYIC_20190531_polyic_m__E3_P1_4,x,6,3.1999998807907124,1,0.17877382792375066,2,0.18663946965833758,0.007865641734586926,3882,3922,current_best
Mouse,POLYIC_20190531_polyic_m__E3_P1_4,x,7,3.1999998807907124,6,0.15224111282843894,1,0.15884752677205508,0.006606413943616135,3882,3922,current_best
Mouse,POLYIC_20190531_polyic_m__E3_P1_4,x,8,3.1999998807907124,5,0.13730036063884596,6,0.14278429372768994,0.005483933088843984,3882,3922,current_best
Mouse,POLYIC_20190531_polyic_m__E3_P1_4,y,2,4.999999925494195,0,0.5138248847926268,0,0.5512093726379441,0.03738448784531734,5208,5292,current_best
Mouse,POLYIC_20190531_polyic_m__E3_P1_4,y,3,4.999999925494195,0,0.35599078341013823,1,0.3603552532123961,0.004364469802257853,5208,5292,current_best
Mouse,POLYIC_20190531_polyic_m__E3_P1_4,y,4,4.999999925494195,0,0.2588325652841782,0,0.27569916855631144,0.01686660327213324,5208,5292,current_best
Mouse,POLYIC_20190531_polyic_m__E3_P1_4,y,5,4.999999925494195,3,0.22407834101382487,0,0.34996220710506426,0.1258838660912394,5208,5292,current_best
Mouse,POLYIC_20190531_polyic_m__E3_P1_4,y,6,4.999999925494195,0,0.18740399385560677,4,0.19765684051398338,0.010252846658376613,5208,5292,current_best
Mouse,POLYIC_20190531_polyic_m__E3_P1_4,y,7,4.999999925494195,6,0.17857142857142858,5,0.15721844293272866,-0.021352985638699917,5208,5292,current_best
Mouse,POLYIC_20190531_polyic_m__E3_P1_4,y,8,4.999999925494195,0,0.16378648233486942,6,0.16477702191987906,0.0009905395850096366,5208,5292,current_best
Mouse,POLYIC_20190531_polyic_m__E3_P1_4,x,2,3.1999998807907124,1,0.5054095826893354,1,0.5054027504911591,-6.832198176320858e-06,3882,4072,unetr_style
Mouse,POLYIC_20190531_polyic_m__E3_P1_4,x,3,3.1999998807907124,2,0.3369397217928903,2,0.3551080550098232,0.018168333216932897,3882,4072,unetr_style
Mouse,POLYIC_20190531_polyic_m__E3_P1_4,x,4,3.1999998807907124,3,0.25579598145285937,1,0.26547151277013753,0.009675531317278163,3882,4072,unetr_style
Mouse,POLYIC_20190531_polyic_m__E3_P1_4,x,5,3.1999998807907124,3,0.21973209685729006,3,0.22470530451866405,0.004973207661373991,3882,4072,unetr_style
Mouse,POLYIC_20190531_polyic_m__E3_P1_4,x,6,3.1999998807907124,1,0.17877382792375066,5,0.18148330058939097,0.002709472665640311,3882,4072,unetr_style
Mouse,POLYIC_20190531_polyic_m__E3_P1_4,x,7,3.1999998807907124,6,0.15224111282843894,4,0.15422396856581533,0.0019828557373763878,3882,4072,unetr_style
Mouse,POLYIC_20190531_polyic_m__E3_P1_4,x,8,3.1999998807907124,5,0.13730036063884596,5,0.13899803536345776,0.0016976747246117974,3882,4072,unetr_style
Mouse,POLYIC_20190531_polyic_m__E3_P1_4,y,2,4.999999925494195,0,0.5138248847926268,0,0.5247376311844077,0.01091274639178097,5208,5336,unetr_style
Mouse,POLYIC_20190531_polyic_m__E3_P1_4,y,3,4.999999925494195,0,0.35599078341013823,1,0.36825337331334335,0.012262589903205112,5208,5336,unetr_style
Mouse,POLYIC_20190531_polyic_m__E3_P1_4,y,4,4.999999925494195,0,0.2588325652841782,2,0.2767991004497751,0.01796653516559693,5208,5336,unetr_style
Mouse,POLYIC_20190531_polyic_m__E3_P1_4,y,5,4.999999925494195,3,0.22407834101382487,3,0.3495127436281859,0.12543440261436103,5208,5336,unetr_style
Mouse,POLYIC_20190531_polyic_m__E3_P1_4,y,6,4.999999925494195,0,0.18740399385560677,4,0.1860944527736132,-0.001309541081993576,5208,5336,unetr_style
Mouse,POLYIC_20190531_polyic_m__E3_P1_4,y,7,4.999999925494195,6,0.17857142857142858,1,0.15667166416791603,-0.021899764403512545,5208,5336,unetr_style
Mouse,POLYIC_20190531_polyic_m__E3_P1_4,y,8,4.999999925494195,0,0.16378648233486942,6,0.16847826086956522,0.004691778534695795,5208,5336,unetr_style
Mouse,POLYIC_20190531_polyic_m__E3_P1_5,x,2,3.1999998807907124,0,0.5074626865671642,0,0.5028118609406953,-0.004650825626468902,3886,3912,current_best
Mouse,POLYIC_20190531_polyic_m__E3_P1_5,x,3,3.1999998807907124,0,0.34071024189397836,1,0.34381390593047034,0.003103664036491982,3886,3912,current_best
Mouse,POLYIC_20190531_polyic_m__E3_P1_5,x,4,3.1999998807907124,0,0.26479670612454964,1,0.26559304703476483,0.0007963409102151875,3886,3912,current_best
Mouse,POLYIC_20190531_polyic_m__E3_P1_5,x,5,3.1999998807907124,1,0.20972722593926918,1,0.20833333333333334,-0.001393892605935837,3886,3912,current_best
Mouse,POLYIC_20190531_polyic_m__E3_P1_5,x,6,3.1999998807907124,0,0.1770458054554812,4,0.17612474437627812,-0.0009210610792030893,3886,3912,current_best
Mouse,POLYIC_20190531_polyic_m__E3_P1_5,x,7,3.1999998807907124,1,0.15208440555841482,5,0.1554192229038855,0.0033348173454706698,3886,3912,current_best
Mouse,POLYIC_20190531_polyic_m__E3_P1_5,x,8,3.1999998807907124,5,0.13612969634585692,5,0.1362474437627812,0.00011774741692427426,3886,3912,current_best
Mouse,POLYIC_20190531_polyic_m__E3_P1_5,y,2,4.999999925494195,0,0.5187861271676301,0,0.5225306416726748,0.0037445145050447604,5536,5548,current_best
Mouse,POLYIC_20190531_polyic_m__E3_P1_5,y,3,4.999999925494195,1,0.375,0,0.37707281903388606,0.002072819033886064,5536,5548,current_best
Mouse,POLYIC_20190531_polyic_m__E3_P1_5,y,4,4.999999925494195,2,0.2714956647398844,0,0.26946647440519106,-0.0020291903346933426,5536,5548,current_best
Mouse,POLYIC_20190531_polyic_m__E3_P1_5,y,5,4.999999925494195,3,0.22597543352601157,3,0.36824080749819754,0.14226537397218597,5536,5548,current_best
Mouse,POLYIC_20190531_polyic_m__E3_P1_5,y,6,4.999999925494195,4,0.20429913294797689,3,0.19736842105263158,-0.006930711895345304,5536,5548,current_best
Mouse,POLYIC_20190531_polyic_m__E3_P1_5,y,7,4.999999925494195,3,0.17521676300578035,2,0.18673395818312905,0.011517195177348699,5536,5548,current_best
Mouse,POLYIC_20190531_polyic_m__E3_P1_5,y,8,4.999999925494195,6,0.14920520231213874,4,0.1793439077144917,0.030138705402352972,5536,5548,current_best
Mouse,POLYIC_20190531_polyic_m__E3_P1_5,x,2,3.1999998807907124,0,0.5074626865671642,1,0.5019762845849802,-0.005486401982183975,3886,4048,unetr_style
Mouse,POLYIC_20190531_polyic_m__E3_P1_5,x,3,3.1999998807907124,0,0.34071024189397836,0,0.34560276679841895,0.004892524904440587,3886,4048,unetr_style
Mouse,POLYIC_20190531_polyic_m__E3_P1_5,x,4,3.1999998807907124,0,0.26479670612454964,3,0.25123517786561267,-0.013561528258936972,3886,4048,unetr_style
Mouse,POLYIC_20190531_polyic_m__E3_P1_5,x,5,3.1999998807907124,1,0.20972722593926918,1,0.2107213438735178,0.0009941179342486117,3886,4048,unetr_style
Mouse,POLYIC_20190531_polyic_m__E3_P1_5,x,6,3.1999998807907124,0,0.1770458054554812,3,0.17588932806324112,-0.0011564773922400906,3886,4048,unetr_style
Mouse,POLYIC_20190531_polyic_m__E3_P1_5,x,7,3.1999998807907124,1,0.15208440555841482,5,0.15390316205533597,0.0018187564969211478,3886,4048,unetr_style
Mouse,POLYIC_20190531_polyic_m__E3_P1_5,x,8,3.1999998807907124,5,0.13612969634585692,3,0.13759881422924902,0.0014691178833921015,3886,4048,unetr_style
Mouse,POLYIC_20190531_polyic_m__E3_P1_5,y,2,4.999999925494195,0,0.5187861271676301,0,0.5171184022824536,-0.0016677248851764137,5536,5608,unetr_style
Mouse,POLYIC_20190531_polyic_m__E3_P1_5,y,3,4.999999925494195,1,0.375,0,0.3707203994293866,-0.004279600570613384,5536,5608,unetr_style
Mouse,POLYIC_20190531_polyic_m__E3_P1_5,y,4,4.999999925494195,2,0.2714956647398844,0,0.2690798858773181,-0.0024157788625662757,5536,5608,unetr_style
Mouse,POLYIC_20190531_polyic_m__E3_P1_5,y,5,4.999999925494195,3,0.22597543352601157,3,0.36608416547788875,0.14010873195187717,5536,5608,unetr_style
Mouse,POLYIC_20190531_polyic_m__E3_P1_5,y,6,4.999999925494195,4,0.20429913294797689,3,0.20238944365192582,-0.0019096892960510647,5536,5608,unetr_style
Mouse,POLYIC_20190531_polyic_m__E3_P1_5,y,7,4.999999925494195,3,0.17521676300578035,2,0.1952567760342368,0.020040013028456455,5536,5608,unetr_style
Mouse,POLYIC_20190531_polyic_m__E3_P1_5,y,8,4.999999925494195,6,0.14920520231213874,4,0.17760342368045648,0.02839822136831774,5536,5608,unetr_style
Mouse,POLYIC_20190531_polyic_m__E3_P1_6,x,2,3.1999998807907124,1,0.5158610271903323,0,0.5022900763358779,-0.013570950854454478,3972,3930,current_best
Mouse,POLYIC_20190531_polyic_m__E3_P1_6,x,3,3.1999998807907124,1,0.3406344410876133,0,0.3486005089058524,0.007966067818239109,3972,3930,current_best
Mouse,POLYIC_20190531_polyic_m__E3_P1_6,x,4,3.1999998807907124,3,0.26560926485397784,3,0.2633587786259542,-0.0022504862280236515,3972,3930,current_best
Mouse,POLYIC_20190531_polyic_m__E3_P1_6,x,5,3.1999998807907124,3,0.21676737160120846,2,0.2178117048346056,0.0010443332333971433,3972,3930,current_best
Mouse,POLYIC_20190531_polyic_m__E3_P1_6,x,6,3.1999998807907124,1,0.18126888217522658,3,0.17455470737913487,-0.00671417479609171,3972,3930,current_best
Mouse,POLYIC_20190531_polyic_m__E3_P1_6,x,7,3.1999998807907124,0,0.15055387713997986,0,0.15419847328244274,0.0036445961424628748,3972,3930,current_best
Mouse,POLYIC_20190531_polyic_m__E3_P1_6,x,8,3.1999998807907124,3,0.1351963746223565,3,0.14045801526717558,0.005261640644819071,3972,3930,current_best
Mouse,POLYIC_20190531_polyic_m__E3_P1_6,y,2,4.999999925494195,0,0.5073394495412844,0,0.5670256219829187,0.05968617244163432,5450,5386,current_best
Mouse,POLYIC_20190531_polyic_m__E3_P1_6,y,3,4.999999925494195,2,0.35376146788990825,0,0.3679910880059413,0.01422962011603307,5450,5386,current_best
Mouse,POLYIC_20190531_polyic_m__E3_P1_6,y,4,4.999999925494195,2,0.275045871559633,0,0.2952098031934645,0.02016393163383151,5450,5386,current_best
Mouse,POLYIC_20190531_polyic_m__E3_P1_6,y,5,4.999999925494195,3,0.2111926605504587,2,0.3445971036019309,0.1334044430514722,5450,5386,current_best
Mouse,POLYIC_20190531_polyic_m__E3_P1_6,y,6,4.999999925494195,2,0.18972477064220183,2,0.2070181953212031,0.017293424679001274,5450,5386,current_best
Mouse,POLYIC_20190531_polyic_m__E3_P1_6,y,7,4.999999925494195,0,0.16862385321100917,5,0.16134422577051616,-0.007279627440493014,5450,5386,current_best
Mouse,POLYIC_20190531_polyic_m__E3_P1_6,y,8,4.999999925494195,3,0.14825688073394497,4,0.17675454883030078,0.028497668096355816,5450,5386,current_best
Mouse,POLYIC_20190531_polyic_m__E3_P1_6,x,2,3.1999998807907124,1,0.5158610271903323,1,0.5047076313181368,-0.011153395872195548,3972,4036,unetr_style
Mouse,POLYIC_20190531_polyic_m__E3_P1_6,x,3,3.1999998807907124,1,0.3406344410876133,0,0.34861248761149655,0.007978046523883231,3972,4036,unetr_style
Mouse,POLYIC_20190531_polyic_m__E3_P1_6,x,4,3.1999998807907124,3,0.26560926485397784,3,0.26709613478691774,0.0014868699329398938,3972,4036,unetr_style
Mouse,POLYIC_20190531_polyic_m__E3_P1_6,x,5,3.1999998807907124,3,0.21676737160120846,2,0.21407333994053518,-0.0026940316606732795,3972,4036,unetr_style
Mouse,POLYIC_20190531_polyic_m__E3_P1_6,x,6,3.1999998807907124,1,0.18126888217522658,3,0.17913776015857286,-0.0021311220166537193,3972,4036,unetr_style
Mouse,POLYIC_20190531_polyic_m__E3_P1_6,x,7,3.1999998807907124,0,0.15055387713997986,0,0.15634291377601586,0.005789036636035999,3972,4036,unetr_style
Mouse,POLYIC_20190531_polyic_m__E3_P1_6,x,8,3.1999998807907124,3,0.1351963746223565,3,0.13627353815659068,0.0010771635342341768,3972,4036,unetr_style
Mouse,POLYIC_20190531_polyic_m__E3_P1_6,y,2,4.999999925494195,0,0.5073394495412844,0,0.5480236424085704,0.04068419286728597,5450,5414,unetr_style
Mouse,POLYIC_20190531_polyic_m__E3_P1_6,y,3,4.999999925494195,2,0.35376146788990825,0,0.36073143701514593,0.006969969125237674,5450,5414,unetr_style
Mouse,POLYIC_20190531_polyic_m__E3_P1_6,y,4,4.999999925494195,2,0.275045871559633,0,0.2846324344292575,0.009586562869624504,5450,5414,unetr_style
Mouse,POLYIC_20190531_polyic_m__E3_P1_6,y,5,4.999999925494195,3,0.2111926605504587,3,0.33524196527521244,0.12404930472475373,5450,5414,unetr_style
Mouse,POLYIC_20190531_polyic_m__E3_P1_6,y,6,4.999999925494195,2,0.18972477064220183,2,0.20317694865164387,0.01345217800944204,5450,5414,unetr_style
Mouse,POLYIC_20190531_polyic_m__E3_P1_6,y,7,4.999999925494195,0,0.16862385321100917,0,0.16715921684521612,-0.001464636365793054,5450,5414,unetr_style
Mouse,POLYIC_20190531_polyic_m__E3_P1_6,y,8,4.999999925494195,3,0.14825688073394497,4,0.17510158847432583,0.026844707740380863,5450,5414,unetr_style
Mouse,POLYIC_20190531_polyic_m__E3_P1_7,x,2,3.1999998807907124,0,0.5070316423907584,1,0.5083375442142496,0.0013059018234912179,3982,3958,current_best
Mouse,POLYIC_20190531_polyic_m__E3_P1_7,x,3,3.1999998807907124,1,0.35233550979407335,1,0.3461344113188479,-0.0062010984752254306,3982,3958,current_best
Mouse,POLYIC_20190531_polyic_m__E3_P1_7,x,4,3.1999998807907124,0,0.2614264188849824,3,0.2713491662455786,0.009922747360596174,3982,3958,current_best
Mouse,POLYIC_20190531_polyic_m__E3_P1_7,x,5,3.1999998807907124,0,0.22174786539427424,0,0.20692268822637697,-0.014825177167897274,3982,3958,current_best
Mouse,POLYIC_20190531_polyic_m__E3_P1_7,x,6,3.1999998807907124,4,0.1860873932697137,5,0.19605861546235473,0.009971222192641016,3982,3958,current_best
Mouse,POLYIC_20190531_polyic_m__E3_P1_7,x,7,3.1999998807907124,6,0.15067805123053743,6,0.16472966144517434,0.014051610214636912,3982,3958,current_best
Mouse,POLYIC_20190531_polyic_m__E3_P1_7,x,8,3.1999998807907124,0,0.13636363636363635,3,0.14325416877210712,0.006890532408470762,3982,3958,current_best
Mouse,POLYIC_20190531_polyic_m__E3_P1_7,y,2,4.999999925494195,0,0.511333585190782,0,0.5030143180105501,-0.008319267180231904,5294,5308,current_best
Mouse,POLYIC_20190531_polyic_m__E3_P1_7,y,3,4.999999925494195,0,0.3486966377030601,0,0.40184626978146193,0.05314963207840184,5294,5308,current_best
Mouse,POLYIC_20190531_polyic_m__E3_P1_7,y,4,4.999999925494195,2,0.2612391386475255,1,0.28183873398643555,0.020599595338910037,5294,5308,current_best
Mouse,POLYIC_20190531_polyic_m__E3_P1_7,y,5,4.999999925494195,3,0.2162825840574235,2,0.3553127354935946,0.1390301514361711,5294,5308,current_best
Mouse,POLYIC_20190531_polyic_m__E3_P1_7,y,6,4.999999925494195,2,0.18511522478277295,3,0.2394498869630746,0.05433466218030164,5294,5308,current_best
Mouse,POLYIC_20190531_polyic_m__E3_P1_7,y,7,4.999999925494195,6,0.17151492255383452,2,0.1691785983421251,-0.0023363242117094285,5294,5308,current_best
Mouse,POLYIC_20190531_polyic_m__E3_P1_7,y,8,4.999999925494195,0,0.13808084624102757,1,0.1699321778447626,0.031851331603735045,5294,5308,current_best
Mouse,POLYIC_20190531_polyic_m__E3_P1_7,x,2,3.1999998807907124,0,0.5070316423907584,0,0.519960571710202,0.012928929319443672,3982,4058,unetr_style
Mouse,POLYIC_20190531_polyic_m__E3_P1_7,x,3,3.1999998807907124,1,0.35233550979407335,1,0.34647609659931,-0.005859413194763352,3982,4058,unetr_style
Mouse,POLYIC_20190531_polyic_m__E3_P1_7,x,4,3.1999998807907124,0,0.2614264188849824,0,0.2661409561360276,0.004714537251045203,3982,4058,unetr_style
Mouse,POLYIC_20190531_polyic_m__E3_P1_7,x,5,3.1999998807907124,0,0.22174786539427424,1,0.21192705766387382,-0.009820807730400422,3982,4058,unetr_style
Mouse,POLYIC_20190531_polyic_m__E3_P1_7,x,6,3.1999998807907124,4,0.1860873932697137,4,0.18753080335140462,0.0014434100816909101,3982,4058,unetr_style
Mouse,POLYIC_20190531_polyic_m__E3_P1_7,x,7,3.1999998807907124,6,0.15067805123053743,5,0.1599310004928536,0.009252949262316179,3982,4058,unetr_style
Mouse,POLYIC_20190531_polyic_m__E3_P1_7,x,8,3.1999998807907124,0,0.13636363636363635,3,0.1397240019714145,0.0033603656077781374,3982,4058,unetr_style
Mouse,POLYIC_20190531_polyic_m__E3_P1_7,y,2,4.999999925494195,0,0.511333585190782,0,0.5099288122892469,-0.0014047729015350674,5294,5338,unetr_style
Mouse,POLYIC_20190531_polyic_m__E3_P1_7,y,3,4.999999925494195,0,0.3486966377030601,0,0.38572499063319593,0.037028352930135844,5294,5338,unetr_style
Mouse,POLYIC_20190531_polyic_m__E3_P1_7,y,4,4.999999925494195,2,0.2612391386475255,0,0.287560884226302,0.02632174557877648,5294,5338,unetr_style
Mouse,POLYIC_20190531_polyic_m__E3_P1_7,y,5,4.999999925494195,3,0.2162825840574235,2,0.35856125889846385,0.14227867484104034,5294,5338,unetr_style
Mouse,POLYIC_20190531_polyic_m__E3_P1_7,y,6,4.999999925494195,2,0.18511522478277295,3,0.23079805170475834,0.04568282692198539,5294,5338,unetr_style
Mouse,POLYIC_20190531_polyic_m__E3_P1_7,y,7,4.999999925494195,6,0.17151492255383452,2,0.16991382540277258,-0.0016010971510619365,5294,5338,unetr_style
Mouse,POLYIC_20190531_polyic_m__E3_P1_7,y,8,4.999999925494195,0,0.13808084624102757,1,0.16729112026976395,0.029210274028736383,5294,5338,unetr_style
Mouse,POLYIC_20190531_polyic_m__E3_P1_8,x,2,3.1999998807907124,1,0.5015690376569037,1,0.5005175983436853,-0.001051439313218494,3824,3864,current_best
Mouse,POLYIC_20190531_polyic_m__E3_P1_8,x,3,3.1999998807907124,1,0.34989539748953974,0,0.3434265010351967,-0.006468896454343065,3824,3864,current_best
Mouse,POLYIC_20190531_polyic_m__E3_P1_8,x,4,3.1999998807907124,3,0.2549686192468619,2,0.26268115942028986,0.007712540173427929,3824,3864,current_best
Mouse,POLYIC_20190531_polyic_m__E3_P1_8,x,5,3.1999998807907124,0,0.20894351464435146,1,0.20678053830227744,-0.002162976342074019,3824,3864,current_best
Mouse,POLYIC_20190531_polyic_m__E3_P1_8,x,6,3.1999998807907124,4,0.1846234309623431,4,0.17960662525879917,-0.005016805703543931,3824,3864,current_best
Mouse,POLYIC_20190531_polyic_m__E3_P1_8,x,7,3.1999998807907124,4,0.15298117154811716,5,0.1581262939958592,0.00514512244774204,3824,3864,current_best
Mouse,POLYIC_20190531_polyic_m__E3_P1_8,x,8,3.1999998807907124,1,0.13127615062761505,2,0.1337991718426501,0.0025230212150350595,3824,3864,current_best
Mouse,POLYIC_20190531_polyic_m__E3_P1_8,y,2,4.999999925494195,1,0.5205893464299207,0,0.5448405253283302,0.024251178898409442,5294,5330,current_best
Mouse,POLYIC_20190531_polyic_m__E3_P1_8,y,3,4.999999925494195,2,0.37117491499811106,1,0.3677298311444653,-0.0034450838536457806,5294,5330,current_best
Mouse,POLYIC_20190531_polyic_m__E3_P1_8,y,4,4.999999925494195,1,0.2788061956932376,0,0.3067542213883677,0.027948025695130108,5294,5330,current_best
Mouse,POLYIC_20190531_polyic_m__E3_P1_8,y,5,4.999999925494195,4,0.24348318851530035,3,0.36153846153846153,0.11805527302316118,5294,5330,current_best
Mouse,POLYIC_20190531_polyic_m__E3_P1_8,y,6,4.999999925494195,5,0.21609369097091047,4,0.24296435272045028,0.02687066174953981,5294,5330,current_best
Mouse,POLYIC_20190531_polyic_m__E3_P1_8,y,7,4.999999925494195,5,0.18945976577257273,4,0.199812382739212,0.010352616966639278,5294,5330,current_best
Mouse,POLYIC_20190531_polyic_m__E3_P1_8,y,8,4.999999925494195,1,0.1752927842840952,4,0.17654784240150093,0.0012550581174057274,5294,5330,current_best
Mouse,POLYIC_20190531_polyic_m__E3_P1_8,x,2,3.1999998807907124,1,0.5015690376569037,1,0.518830525272547,0.01726148761564328,3824,4036,unetr_style
Mouse,POLYIC_20190531_polyic_m__E3_P1_8,x,3,3.1999998807907124,1,0.34989539748953974,0,0.344400396432111,-0.005495001057428728,3824,4036,unetr_style
Mouse,POLYIC_20190531_polyic_m__E3_P1_8,x,4,3.1999998807907124,3,0.2549686192468619,3,0.2690782953419227,0.014109676095060752,3824,4036,unetr_style
Mouse,POLYIC_20190531_polyic_m__E3_P1_8,x,5,3.1999998807907124,0,0.20894351464435146,0,0.21233894945490583,0.0033954348105543763,3824,4036,unetr_style
Mouse,POLYIC_20190531_polyic_m__E3_P1_8,x,6,3.1999998807907124,4,0.1846234309623431,3,0.1823587710604559,-0.002264659901887206,3824,4036,unetr_style
Mouse,POLYIC_20190531_polyic_m__E3_P1_8,x,7,3.1999998807907124,4,0.15298117154811716,5,0.15460852329038652,0.0016273517422693562,3824,4036,unetr_style
Mouse,POLYIC_20190531_polyic_m__E3_P1_8,x,8,3.1999998807907124,1,0.13127615062761505,3,0.14048562933597622,0.009209478708361168,3824,4036,unetr_style
Mouse,POLYIC_20190531_polyic_m__E3_P1_8,y,2,4.999999925494195,1,0.5205893464299207,0,0.5287356321839081,0.008146285753987348,5294,5394,unetr_style
Mouse,POLYIC_20190531_polyic_m__E3_P1_8,y,3,4.999999925494195,2,0.37117491499811106,1,0.3735632183908046,0.002388303392693525,5294,5394,unetr_style
Mouse,POLYIC_20190531_polyic_m__E3_P1_8,y,4,4.999999925494195,1,0.2788061956932376,0,0.29199110122358174,0.013184905530344126,5294,5394,unetr_style
Mouse,POLYIC_20190531_polyic_m__E3_P1_8,y,5,4.999999925494195,4,0.24348318851530035,3,0.3520578420467186,0.10857465353141824,5294,5394,unetr_style
Mouse,POLYIC_20190531_polyic_m__E3_P1_8,y,6,4.999999925494195,5,0.21609369097091047,4,0.2347052280311457,0.018611537060235245,5294,5394,unetr_style
Mouse,POLYIC_20190531_polyic_m__E3_P1_8,y,7,4.999999925494195,5,0.18945976577257273,4,0.18705969595847238,-0.0024000698141003474,5294,5394,unetr_style
Mouse,POLYIC_20190531_polyic_m__E3_P1_8,y,8,4.999999925494195,1,0.1752927842840952,4,0.16981831664812755,-0.00547446763596765,5294,5394,unetr_style
Mouse,POLYIC_20190531_polyic_m__E3_P1_9,x,2,3.1999998807907124,0,0.5100603621730382,1,0.512086827824371,0.0020264656513327983,3976,4054,current_best
Mouse,POLYIC_20190531_polyic_m__E3_P1_9,x,3,3.1999998807907124,0,0.3460764587525151,1,0.34731129748396644,0.0012348387314513598,3976,4054,current_best
Mouse,POLYIC_20190531_polyic_m__E3_P1_9,x,4,3.1999998807907124,2,0.2620724346076459,3,0.259990133201776,-0.002082301405869902,3976,4054,current_best
Mouse,POLYIC_20190531_polyic_m__E3_P1_9,x,5,3.1999998807907124,0,0.20573440643863178,0,0.20769610261470153,0.001961696176069755,3976,4054,current_best
Mouse,POLYIC_20190531_polyic_m__E3_P1_9,x,6,3.1999998807907124,3,0.17706237424547283,1,0.1820424272323631,0.0049800529868902765,3976,4054,current_best
Mouse,POLYIC_20190531_polyic_m__E3_P1_9,x,7,3.1999998807907124,0,0.1511569416498994,4,0.15416872224963,0.00301178059973059,3976,4054,current_best
Mouse,POLYIC_20190531_polyic_m__E3_P1_9,x,8,3.1999998807907124,2,0.13329979879275655,3,0.13320177602368033,-9.802276907622254e-05,3976,4054,current_best
Mouse,POLYIC_20190531_polyic_m__E3_P1_9,y,2,4.999999925494195,1,0.5290676416819012,0,0.5125136017410229,-0.01655403994087834,5470,5514,current_best
Mouse,POLYIC_20190531_polyic_m__E3_P1_9,y,3,4.999999925494195,2,0.34552102376599636,2,0.3534639100471527,0.007942886281156358,5470,5514,current_best
Mouse,POLYIC_20190531_polyic_m__E3_P1_9,y,4,4.999999925494195,1,0.2817184643510055,0,0.27548059484947407,-0.0062378695015314345,5470,5514,current_best
Mouse,POLYIC_20190531_polyic_m__E3_P1_9,y,5,4.999999925494195,1,0.21809872029250457,2,0.35310119695321,0.13500247666070544,5470,5514,current_best
Mouse,POLYIC_20190531_polyic_m__E3_P1_9,y,6,4.999999925494195,5,0.18775137111517368,2,0.19423286180631122,0.0064814906911375425,5470,5514,current_best
Mouse,POLYIC_20190531_polyic_m__E3_P1_9,y,7,4.999999925494195,6,0.17824497257769653,6,0.1893362350380849,0.011091262460388357,5470,5514,current_best
Mouse,POLYIC_20190531_polyic_m__E3_P1_9,y,8,4.999999925494195,1,0.16526508226691042,1,0.20366340224882118,0.03839831998191076,5470,5514,current_best
Mouse,POLYIC_20190531_polyic_m__E3_P1_9,x,2,3.1999998807907124,0,0.5100603621730382,0,0.5133843212237094,0.003323959050671177,3976,4184,unetr_style
Mouse,POLYIC_20190531_polyic_m__E3_P1_9,x,3,3.1999998807907124,0,0.3460764587525151,2,0.34392925430210325,-0.0021472044504118326,3976,4184,unetr_style
Mouse,POLYIC_20190531_polyic_m__E3_P1_9,x,4,3.1999998807907124,2,0.2620724346076459,2,0.26481835564053535,0.0027459210328894534,3976,4184,unetr_style
Mouse,POLYIC_20190531_polyic_m__E3_P1_9,x,5,3.1999998807907124,0,0.20573440643863178,1,0.2091300191204589,0.003395612681827115,3976,4184,unetr_style
Mouse,POLYIC_20190531_polyic_m__E3_P1_9,x,6,3.1999998807907124,3,0.17706237424547283,2,0.18116634799235182,0.004103973746878986,3976,4184,unetr_style
Mouse,POLYIC_20190531_polyic_m__E3_P1_9,x,7,3.1999998807907124,0,0.1511569416498994,3,0.1594168260038241,0.00825988435392469,3976,4184,unetr_style
Mouse,POLYIC_20190531_polyic_m__E3_P1_9,x,8,3.1999998807907124,2,0.13329979879275655,6,0.14364244741873805,0.010342648625981499,3976,4184,unetr_style
Mouse,POLYIC_20190531_polyic_m__E3_P1_9,y,2,4.999999925494195,1,0.5290676416819012,0,0.5075757575757576,-0.021491884106143666,5470,5544,unetr_style
Mouse,POLYIC_20190531_polyic_m__E3_P1_9,y,3,4.999999925494195,2,0.34552102376599636,2,0.3427128427128427,-0.002808181053153669,5470,5544,unetr_style
Mouse,POLYIC_20190531_polyic_m__E3_P1_9,y,4,4.999999925494195,1,0.2817184643510055,1,0.28084415584415584,-0.0008743085068496637,5470,5544,unetr_style
Mouse,POLYIC_20190531_polyic_m__E3_P1_9,y,5,4.999999925494195,1,0.21809872029250457,2,0.3551587301587302,0.1370600098662256,5470,5544,unetr_style
Mouse,POLYIC_20190531_polyic_m__E3_P1_9,y,6,4.999999925494195,5,0.18775137111517368,2,0.18777056277056278,1.9191655389105833e-05,5470,5544,unetr_style
Mouse,POLYIC_20190531_polyic_m__E3_P1_9,y,7,4.999999925494195,6,0.17824497257769653,6,0.19516594516594515,0.016920972588248623,5470,5544,unetr_style
Mouse,POLYIC_20190531_polyic_m__E3_P1_9,y,8,4.999999925494195,1,0.16526508226691042,1,0.20346320346320346,0.03819812119629304,5470,5544,unetr_style
Mouse,POLYIC_20190531_polyic_m__E5_P1_11,x,2,3.1999998807907124,0,0.5007285089849441,1,0.511181332036947,0.010452823052002902,4118,4114,current_best
Mouse,POLYIC_20190531_polyic_m__E5_P1_11,x,3,3.1999998807907124,1,0.3411850412821758,2,0.34297520661157027,0.0017901653293944664,4118,4114,current_best
Mouse,POLYIC_20190531_polyic_m__E5_P1_11,x,4,3.1999998807907124,0,0.26372025254978143,1,0.256198347107438,-0.007521905442343435,4118,4114,current_best
Mouse,POLYIC_20190531_polyic_m__E5_P1_11,x,5,3.1999998807907124,1,0.21345313258863527,1,0.2075838599902771,-0.005869272598358177,4118,4114,current_best
Mouse,POLYIC_20190531_polyic_m__E5_P1_11,x,6,3.1999998807907124,4,0.1804273919378339,5,0.1762275157997083,-0.004199876138125586,4118,4114,current_best
Mouse,POLYIC_20190531_polyic_m__E5_P1_11,x,7,3.1999998807907124,2,0.14764448761534726,1,0.1587263004375304,0.011081812822183124,4118,4114,current_best
Mouse,POLYIC_20190531_polyic_m__E5_P1_11,x,8,3.1999998807907124,5,0.14133074307916466,3,0.13709285367039378,-0.004237889408770873,4118,4114,current_best
Mouse,POLYIC_20190531_polyic_m__E5_P1_11,y,2,4.999999925494195,0,0.5095799557848194,1,0.5081877729257642,-0.00139218285905518,5428,5496,current_best
Mouse,POLYIC_20190531_polyic_m__E5_P1_11,y,3,4.999999925494195,1,0.3496683861459101,1,0.35953420669577874,0.00986582054986862,5428,5496,current_best
Mouse,POLYIC_20190531_polyic_m__E5_P1_11,y,4,4.999999925494195,2,0.25957995578481946,1,0.28074963609898107,0.02116968031416161,5428,5496,current_best
Mouse,POLYIC_20190531_polyic_m__E5_P1_11,y,5,4.999999925494195,0,0.21573323507737657,2,0.3398835516739447,0.12415031659656811,5428,5496,current_best
Mouse,POLYIC_20190531_polyic_m__E5_P1_11,y,6,4.999999925494195,0,0.18625644804716285,1,0.18631732168850074,6.087364133788853e-05,5428,5496,current_best
Mouse,POLYIC_20190531_polyic_m__E5_P1_11,y,7,4.999999925494195,6,0.18533529845246868,6,0.1750363901018923,-0.010298908350576397,5428,5496,current_best
Mouse,POLYIC_20190531_polyic_m__E5_P1_11,y,8,4.999999925494195,1,0.13872512896094324,1,0.18577147016011644,0.0470463411991732,5428,5496,current_best
Mouse,POLYIC_20190531_polyic_m__E5_P1_11,x,2,3.1999998807907124,0,0.5007285089849441,1,0.5051984877126654,0.004469978727721258,4118,4232,unetr_style
Mouse,POLYIC_20190531_polyic_m__E5_P1_11,x,3,3.1999998807907124,1,0.3411850412821758,1,0.33695652173913043,-0.004228519543045373,4118,4232,unetr_style
Mouse,POLYIC_20190531_polyic_m__E5_P1_11,x,4,3.1999998807907124,0,0.26372025254978143,0,0.2577977315689981,-0.00592252098078333,4118,4232,unetr_style
Mouse,POLYIC_20190531_polyic_m__E5_P1_11,x,5,3.1999998807907124,1,0.21345313258863527,4,0.20652173913043478,-0.0069313934582004855,4118,4232,unetr_style
Mouse,POLYIC_20190531_polyic_m__E5_P1_11,x,6,3.1999998807907124,4,0.1804273919378339,5,0.17320415879017012,-0.007223233147663766,4118,4232,unetr_style
Mouse,POLYIC_20190531_polyic_m__E5_P1_11,x,7,3.1999998807907124,2,0.14764448761534726,0,0.15217391304347827,0.0045294254281310065,4118,4232,unetr_style
Mouse,POLYIC_20190531_polyic_m__E5_P1_11,x,8,3.1999998807907124,5,0.14133074307916466,3,0.14437618147448014,0.003045438395315486,4118,4232,unetr_style
Mouse,POLYIC_20190531_polyic_m__E5_P1_11,y,2,4.999999925494195,0,0.5095799557848194,1,0.5207272727272727,0.0111473169424533,5428,5500,unetr_style
Mouse,POLYIC_20190531_polyic_m__E5_P1_11,y,3,4.999999925494195,1,0.3496683861459101,1,0.3658181818181818,0.016149795672271705,5428,5500,unetr_style
Mouse,POLYIC_20190531_polyic_m__E5_P1_11,y,4,4.999999925494195,2,0.25957995578481946,1,0.2878181818181818,0.028238226033362346,5428,5500,unetr_style
Mouse,POLYIC_20190531_polyic_m__E5_P1_11,y,5,4.999999925494195,0,0.21573323507737657,2,0.3432727272727273,0.1275394921953507,5428,5500,unetr_style
Mouse,POLYIC_20190531_polyic_m__E5_P1_11,y,6,4.999999925494195,0,0.18625644804716285,1,0.19418181818181818,0.00792537013465533,5428,5500,unetr_style
Mouse,POLYIC_20190531_polyic_m__E5_P1_11,y,7,4.999999925494195,6,0.18533529845246868,6,0.18527272727272728,-6.25711797413997e-05,5428,5500,unetr_style
Mouse,POLYIC_20190531_polyic_m__E5_P1_11,y,8,4.999999925494195,1,0.13872512896094324,1,0.18672727272727271,0.04800214376632947,5428,5500,unetr_style
Mouse,POLYIC_20190612_polyic___E10_P1_1,x,2,3.1999998807907124,1,0.5062562562562563,0,0.5062065541211519,-4.970213510435695e-05,3996,4028,current_best
Mouse,POLYIC_20190612_polyic___E10_P1_1,x,3,3.1999998807907124,0,0.33933933933933935,1,0.3426017874875869,0.0032624481482475542,3996,4028,current_best
Mouse,POLYIC_20190612_polyic___E10_P1_1,x,4,3.1999998807907124,0,0.262012012012012,2,0.2576961271102284,-0.00431588490178364,3996,4028,current_best
Mouse,POLYIC_20190612_polyic___E10_P1_1,x,5,3.1999998807907124,4,0.22372372372372373,3,0.21896722939424032,-0.004756494329483413,3996,4028,current_best
Mouse,POLYIC_20190612_polyic___E10_P1_1,x,6,3.1999998807907124,3,0.17617617617617617,4,0.1807348560079444,0.00455867983176822,3996,4028,current_best
Mouse,POLYIC_20190612_polyic___E10_P1_1,x,7,3.1999998807907124,3,0.15340340340340342,6,0.15317775571002978,-0.00022564769337363177,3996,4028,current_best
Mouse,POLYIC_20190612_polyic___E10_P1_1,x,8,3.1999998807907124,0,0.13963963963963963,1,0.13629592850049652,-0.003343711139143113,3996,4028,current_best
Mouse,POLYIC_20190612_polyic___E10_P1_1,y,2,4.999999925494195,1,0.507415647015202,0,0.5804851157662624,0.07306946875106035,5394,5442,current_best
Mouse,POLYIC_20190612_polyic___E10_P1_1,y,3,4.999999925494195,2,0.3485354097144976,0,0.3504226387357589,0.0018872290212613163,5394,5442,current_best
Mouse,POLYIC_20190612_polyic___E10_P1_1,y,4,4.999999925494195,2,0.25695216907675195,0,0.3033811098860713,0.04642894080931936,5394,5442,current_best
Mouse,POLYIC_20190612_polyic___E10_P1_1,y,5,4.999999925494195,1,0.2278457545420838,0,0.3634693127526645,0.13562355821058067,5394,5442,current_best
Mouse,POLYIC_20190612_polyic___E10_P1_1,y,6,4.999999925494195,1,0.19577308120133483,0,0.21646453509739066,0.02069145389605584,5394,5442,current_best
Mouse,POLYIC_20190612_polyic___E10_P1_1,y,7,4.999999925494195,3,0.1692621431219874,1,0.15692760014700477,-0.012334542974982626,5394,5442,current_best
Mouse,POLYIC_20190612_polyic___E10_P1_1,y,8,4.999999925494195,6,0.14015572858731926,4,0.20801176038221242,0.06785603179489316,5394,5442,current_best
Mouse,POLYIC_20190612_polyic___E10_P1_1,x,2,3.1999998807907124,1,0.5062562562562563,1,0.5014771048744461,-0.004779151381810176,3996,4062,unetr_style
Mouse,POLYIC_20190612_polyic___E10_P1_1,x,3,3.1999998807907124,0,0.33933933933933935,2,0.35745937961595275,0.018120040276613403,3996,4062,unetr_style
Mouse,POLYIC_20190612_polyic___E10_P1_1,x,4,3.1999998807907124,0,0.262012012012012,2,0.26070901033973415,-0.0013030016722778703,3996,4062,unetr_style
Mouse,POLYIC_20190612_polyic___E10_P1_1,x,5,3.1999998807907124,4,0.22372372372372373,3,0.2191038897095027,-0.00461983401422103,3996,4062,unetr_style
Mouse,POLYIC_20190612_polyic___E10_P1_1,x,6,3.1999998807907124,3,0.17617617617617617,5,0.18020679468242246,0.004030618506246281,3996,4062,unetr_style
Mouse,POLYIC_20190612_polyic___E10_P1_1,x,7,3.1999998807907124,3,0.15340340340340342,6,0.1536189069423929,0.0002155035389894977,3996,4062,unetr_style
Mouse,POLYIC_20190612_polyic___E10_P1_1,x,8,3.1999998807907124,0,0.13963963963963963,1,0.13343180699162974,-0.006207832648009892,3996,4062,unetr_style
Mouse,POLYIC_20190612_polyic___E10_P1_1,y,2,4.999999925494195,1,0.507415647015202,0,0.573301329394387,0.06588568237918502,5394,5416,unetr_style
Mouse,POLYIC_20190612_polyic___E10_P1_1,y,3,4.999999925494195,2,0.3485354097144976,0,0.3482274741506647,-0.0003079355638329062,5394,5416,unetr_style
Mouse,POLYIC_20190612_polyic___E10_P1_1,y,4,4.999999925494195,2,0.25695216907675195,0,0.3039143279172821,0.04696215884053018,5394,5416,unetr_style
Mouse,POLYIC_20190612_polyic___E10_P1_1,y,5,4.999999925494195,1,0.2278457545420838,0,0.35025849335302806,0.12241273881094425,5394,5416,unetr_style
Mouse,POLYIC_20190612_polyic___E10_P1_1,y,6,4.999999925494195,1,0.19577308120133483,0,0.20845642540620385,0.012683344204869024,5394,5416,unetr_style
Mouse,POLYIC_20190612_polyic___E10_P1_1,y,7,4.999999925494195,3,0.1692621431219874,1,0.16192762186115214,-0.007334521260835253,5394,5416,unetr_style
Mouse,POLYIC_20190612_polyic___E10_P1_1,y,8,4.999999925494195,6,0.14015572858731926,4,0.2086410635155096,0.06848533492819034,5394,5416,unetr_style
Mouse,POLYIC_20190612_polyic___E12_P1,x,2,3.1999998807907124,0,0.5002565418163161,0,0.5108531044926805,0.01059656267636444,3898,3962,current_best
Mouse,POLYIC_20190612_polyic___E12_P1,x,3,3.1999998807907124,0,0.35146228835300153,2,0.3404846037354871,-0.010977684617514416,3898,3962,current_best
Mouse,POLYIC_20190612_polyic___E12_P1,x,4,3.1999998807907124,2,0.25705489994869163,2,0.26148409893992935,0.004429198991237726,3898,3962,current_best
Mouse,POLYIC_20190612_polyic___E12_P1,x,5,3.1999998807907124,4,0.2047203694202155,3,0.2132761231701161,0.008555753749900613,3898,3962,current_best
Mouse,POLYIC_20190612_polyic___E12_P1,x,6,3.1999998807907124,3,0.18086198050282196,4,0.1812216052498738,0.0003596247470518399,3898,3962,current_best
Mouse,POLYIC_20190612_polyic___E12_P1,x,7,3.1999998807907124,5,0.15700359158542843,3,0.1607773851590106,0.0037737935735821793,3898,3962,current_best
Mouse,POLYIC_20190612_polyic___E12_P1,x,8,3.1999998807907124,1,0.13648024628014366,1,0.1408379606259465,0.004357714345802843,3898,3962,current_best
Mouse,POLYIC_20190612_polyic___E12_P1,y,2,4.999999925494195,0,0.5229021619640895,1,0.5440962099125365,0.021194047948447037,5458,5488,current_best
Mouse,POLYIC_20190612_polyic___E12_P1,y,3,4.999999925494195,0,0.3525100769512642,2,0.35276967930029157,0.000259602349027388,5458,5488,current_best
Mouse,POLYIC_20190612_polyic___E12_P1,y,4,4.999999925494195,0,0.2790399413704654,1,0.27223032069970843,-0.006809620670756966,5458,5488,current_best
Mouse,POLYIC_20190612_polyic___E12_P1,y,5,4.999999925494195,1,0.22224257969952363,0,0.34894314868804666,0.12670056898852303,5458,5488,current_best
Mouse,POLYIC_20190612_polyic___E12_P1,y,6,4.999999925494195,0,0.20245511176255038,5,0.2000728862973761,-0.002382225465174276,5458,5488,current_best
Mouse,POLYIC_20190612_polyic___E12_P1,y,7,4.999999925494195,5,0.1656284353242946,0,0.16253644314868804,-0.0030919921756065727,5458,5488,current_best
Mouse,POLYIC_20190612_polyic___E12_P1,y,8,4.999999925494195,0,0.15665078783437156,1,0.19952623906705538,0.042875451232683826,5458,5488,current_best
Mouse,POLYIC_20190612_polyic___E12_P1,x,2,3.1999998807907124,0,0.5002565418163161,0,0.5065280464216635,0.006271504605347422,3898,4136,unetr_style
Mouse,POLYIC_20190612_polyic___E12_P1,x,3,3.1999998807907124,0,0.35146228835300153,0,0.35275628626692457,0.0012939979139230395,3898,4136,unetr_style
Mouse,POLYIC_20190612_polyic___E12_P1,x,4,3.1999998807907124,2,0.25705489994869163,2,0.26233075435203096,0.005275854403339331,3898,4136,unetr_style
Mouse,POLYIC_20190612_polyic___E12_P1,x,5,3.1999998807907124,4,0.2047203694202155,3,0.21300773694390715,0.008287367523691663,3898,4136,unetr_style
Mouse,POLYIC_20190612_polyic___E12_P1,x,6,3.1999998807907124,3,0.18086198050282196,3,0.1854448742746615,0.004582893771839541,3898,4136,unetr_style
Mouse,POLYIC_20190612_polyic___E12_P1,x,7,3.1999998807907124,5,0.15700359158542843,4,0.15522243713733075,-0.001781154448097677,3898,4136,unetr_style
Mouse,POLYIC_20190612_polyic___E12_P1,x,8,3.1999998807907124,1,0.13648024628014366,1,0.13684719535783366,0.0003669490776899986,3898,4136,unetr_style
Mouse,POLYIC_20190612_polyic___E12_P1,y,2,4.999999925494195,0,0.5229021619640895,1,0.5534807831762146,0.03057862121212518,5458,5516,unetr_style
Mouse,POLYIC_20190612_polyic___E12_P1,y,3,4.999999925494195,0,0.3525100769512642,2,0.3567802755620014,0.004270198610737241,5458,5516,unetr_style
Mouse,POLYIC_20190612_polyic___E12_P1,y,4,4.999999925494195,0,0.2790399413704654,3,0.2815445975344453,0.0025046561639798792,5458,5516,unetr_style
Mouse,POLYIC_20190612_polyic___E12_P1,y,5,4.999999925494195,1,0.22224257969952363,0,0.34699057287889773,0.1247479931793741,5458,5516,unetr_style
Mouse,POLYIC_20190612_polyic___E12_P1,y,6,4.999999925494195,0,0.20245511176255038,5,0.20485859318346628,0.0024034814209158983,5458,5516,unetr_style
Mouse,POLYIC_20190612_polyic___E12_P1,y,7,4.999999925494195,5,0.1656284353242946,2,0.16787527193618565,0.00224683661189104,5458,5516,unetr_style
Mouse,POLYIC_20190612_polyic___E12_P1,y,8,4.999999925494195,0,0.15665078783437156,1,0.18364757070340826,0.0269967828690367,5458,5516,unetr_style
Mouse,POLYIC_20190612_polyic___E3_P1,x,2,3.1999998807907124,1,0.5082914572864322,0,0.5064870259481038,-0.001804431338328416,3980,4008,current_best
Mouse,POLYIC_20190612_polyic___E3_P1,x,3,3.1999998807907124,2,0.335929648241206,1,0.34780439121756485,0.01187474297635882,3980,4008,current_best
Mouse,POLYIC_20190612_polyic___E3_P1,x,4,3.1999998807907124,3,0.26105527638190956,2,0.2781936127744511,0.01713833639254153,3980,4008,current_best
Mouse,POLYIC_20190612_polyic___E3_P1,x,5,3.1999998807907124,4,0.20778894472361809,1,0.21706586826347304,0.009276923539854959,3980,4008,current_best
Mouse,POLYIC_20190612_polyic___E3_P1,x,6,3.1999998807907124,5,0.17386934673366833,4,0.17415169660678642,0.0002823498731180929,3980,4008,current_best
Mouse,POLYIC_20190612_polyic___E3_P1,x,7,3.1999998807907124,2,0.1615577889447236,2,0.1624251497005988,0.0008673607558751795,3980,4008,current_best
Mouse,POLYIC_20190612_polyic___E3_P1,x,8,3.1999998807907124,3,0.13668341708542714,6,0.14820359281437126,0.011520175728944121,3980,4008,current_best
Mouse,POLYIC_20190612_polyic___E3_P1,y,2,4.999999925494195,1,0.5107223476297968,1,0.540460282108389,0.029737934478592187,5316,5388,current_best
Mouse,POLYIC_20190612_polyic___E3_P1,y,3,4.999999925494195,2,0.3686982693754703,1,0.36247216035634744,-0.00622610901912285,5316,5388,current_best
Mouse,POLYIC_20190612_polyic___E3_P1,y,4,4.999999925494195,1,0.26072234762979685,3,0.2720861172976986,0.011363769667901757,5316,5388,current_best
Mouse,POLYIC_20190612_polyic___E3_P1,y,5,4.999999925494195,4,0.21557562076749437,0,0.3585746102449889,0.1429989894774945,5316,5388,current_best
Mouse,POLYIC_20190612_polyic___E3_P1,y,6,4.999999925494195,5,0.1969525959367946,5,0.20193021529324426,0.004977619356449664,5316,5388,current_best
Mouse,POLYIC_20190612_polyic___E3_P1,y,7,4.999999925494195,3,0.16102332580887885,3,0.18596881959910913,0.024945493790230283,5316,5388,current_best
Mouse,POLYIC_20190612_polyic___E3_P1,y,8,4.999999925494195,7,0.145221971407073,7,0.20452858203414997,0.05930661062707698,5316,5388,current_best
Mouse,POLYIC_20190612_polyic___E3_P1,x,2,3.1999998807907124,1,0.5082914572864322,0,0.5068999507146378,-0.001391506571794432,3980,4058,unetr_style
Mouse,POLYIC_20190612_polyic___E3_P1,x,3,3.1999998807907124,2,0.335929648241206,0,0.34499753573188763,0.009067887490681603,3980,4058,unetr_style
Mouse,POLYIC_20190612_polyic___E3_P1,x,4,3.1999998807907124,3,0.26105527638190956,2,0.279448003942829,0.01839272756091942,3980,4058,unetr_style
Mouse,POLYIC_20190612_polyic___E3_P1,x,5,3.1999998807907124,4,0.20778894472361809,0,0.2102020699852144,0.002413125261596316,3980,4058,unetr_style
Mouse,POLYIC_20190612_polyic___E3_P1,x,6,3.1999998807907124,5,0.17386934673366833,0,0.17348447511089207,-0.0003848716227762561,3980,4058,unetr_style
Mouse,POLYIC_20190612_polyic___E3_P1,x,7,3.1999998807907124,2,0.1615577889447236,2,0.15623459832429767,-0.005323190620425938,3980,4058,unetr_style
Mouse,POLYIC_20190612_polyic___E3_P1,x,8,3.1999998807907124,3,0.13668341708542714,6,0.14711680630852636,0.010433389223099221,3980,4058,unetr_style
Mouse,POLYIC_20190612_polyic___E3_P1,y,2,4.999999925494195,1,0.5107223476297968,1,0.5463205080313784,0.03559816040158159,5316,5354,unetr_style
Mouse,POLYIC_20190612_polyic___E3_P1,y,3,4.999999925494195,2,0.3686982693754703,1,0.37299215539783337,0.00429388602236308,5316,5354,unetr_style
Mouse,POLYIC_20190612_polyic___E3_P1,y,4,4.999999925494195,1,0.26072234762979685,1,0.2732536421367202,0.012531294506923363,5316,5354,unetr_style
Mouse,POLYIC_20190612_polyic___E3_P1,y,5,4.999999925494195,4,0.21557562076749437,0,0.3558087411281285,0.14023312036063412,5316,5354,unetr_style
Mouse,POLYIC_20190612_polyic___E3_P1,y,6,4.999999925494195,5,0.1969525959367946,1,0.20526709002614868,0.008314494089354085,5316,5354,unetr_style
Mouse,POLYIC_20190612_polyic___E3_P1,y,7,4.999999925494195,3,0.16102332580887885,3,0.1768771012327232,0.015853775423844363,5316,5354,unetr_style
Mouse,POLYIC_20190612_polyic___E3_P1,y,8,4.999999925494195,7,0.145221971407073,7,0.19947702652222637,0.05425505511515338,5316,5354,unetr_style
Mouse,POLYIC_20190612_polyic___E3_P1_1,x,2,3.1999998807907124,0,0.5053763440860215,0,0.5032861476238625,-0.002090196462159022,3906,3956,current_best
Mouse,POLYIC_20190612_polyic___E3_P1_1,x,3,3.1999998807907124,1,0.3420378904249872,1,0.33998988877654196,-0.0020480016484452634,3906,3956,current_best
Mouse,POLYIC_20190612_polyic___E3_P1_1,x,4,3.1999998807907124,0,0.2721454173067076,2,0.25353892821031343,-0.018606489096394174,3906,3956,current_best
Mouse,POLYIC_20190612_polyic___E3_P1_1,x,5,3.1999998807907124,0,0.2078853046594982,2,0.20879676440849343,0.0009114597489952303,3906,3956,current_best
Mouse,POLYIC_20190612_polyic___E3_P1_1,x,6,3.1999998807907124,2,0.17665130568356374,1,0.17416582406471184,-0.002485481618851898,3906,3956,current_best
Mouse,POLYIC_20190612_polyic___E3_P1_1,x,7,3.1999998807907124,0,0.1538658474142345,6,0.16102123356926187,0.007155386155027366,3906,3956,current_best
Mouse,POLYIC_20190612_polyic___E3_P1_1,x,8,3.1999998807907124,4,0.13645673323092677,2,0.13119312436804853,-0.005263608862878244,3906,3956,current_best
Mouse,POLYIC_20190612_polyic___E3_P1_1,y,2,4.999999925494195,0,0.506632277081798,0,0.5156991602774735,0.009066883195675501,5428,5478,current_best
Mouse,POLYIC_20190612_polyic___E3_P1_1,y,3,4.999999925494195,0,0.34579955784819455,2,0.35669952537422417,0.01089996752602962,5428,5478,current_best
Mouse,POLYIC_20190612_polyic___E3_P1_1,y,4,4.999999925494195,2,0.26160648489314664,2,0.26816356334428626,0.00655707845113962,5428,5478,current_best
Mouse,POLYIC_20190612_polyic___E3_P1_1,y,5,4.999999925494195,3,0.22512896094325718,3,0.3368017524644031,0.1116727915211459,5428,5478,current_best
Mouse,POLYIC_20190612_polyic___E3_P1_1,y,6,4.999999925494195,3,0.183861459100958,2,0.19350127783862722,0.009639818737669226,5428,5478,current_best
Mouse,POLYIC_20190612_polyic___E3_P1_1,y,7,4.999999925494195,1,0.1575165806927045,0,0.17981014968966777,0.022293568996963276,5428,5478,current_best
Mouse,POLYIC_20190612_polyic___E3_P1_1,y,8,4.999999925494195,2,0.1331982313927782,1,0.19058050383351588,0.05738227244073768,5428,5478,current_best
Mouse,POLYIC_20190612_polyic___E3_P1_1,x,2,3.1999998807907124,0,0.5053763440860215,0,0.5111884634510194,0.005812119364997925,3906,4022,unetr_style
Mouse,POLYIC_20190612_polyic___E3_P1_1,x,3,3.1999998807907124,1,0.3420378904249872,1,0.34510193933366484,0.003064048908677619,3906,4022,unetr_style
Mouse,POLYIC_20190612_polyic___E3_P1_1,x,4,3.1999998807907124,0,0.2721454173067076,0,0.2687717553455992,-0.0033736619611083873,3906,4022,unetr_style
Mouse,POLYIC_20190612_polyic___E3_P1_1,x,5,3.1999998807907124,0,0.2078853046594982,0,0.2103431128791646,0.002457808219666402,3906,4022,unetr_style
Mouse,POLYIC_20190612_polyic___E3_P1_1,x,6,3.1999998807907124,2,0.17665130568356374,4,0.18000994530084535,0.0033586396172816113,3906,4022,unetr_style
Mouse,POLYIC_20190612_polyic___E3_P1_1,x,7,3.1999998807907124,0,0.1538658474142345,6,0.16210840377921432,0.008242556364979808,3906,4022,unetr_style
Mouse,POLYIC_20190612_polyic___E3_P1_1,x,8,3.1999998807907124,4,0.13645673323092677,4,0.14395822973644953,0.007501496505522759,3906,4022,unetr_style
Mouse,POLYIC_20190612_polyic___E3_P1_1,y,2,4.999999925494195,0,0.506632277081798,0,0.506578947368421,-5.3329713377014976e-05,5428,5472,unetr_style
Mouse,POLYIC_20190612_polyic___E3_P1_1,y,3,4.999999925494195,0,0.34579955784819455,2,0.3616593567251462,0.01585979887695166,5428,5472,unetr_style
Mouse,POLYIC_20190612_polyic___E3_P1_1,y,4,4.999999925494195,2,0.26160648489314664,2,0.25511695906432746,-0.006489525828819176,5428,5472,unetr_style
Mouse,POLYIC_20190612_polyic___E3_P1_1,y,5,4.999999925494195,3,0.22512896094325718,3,0.3402777777777778,0.1151488168345206,5428,5472,unetr_style
Mouse,POLYIC_20190612_polyic___E3_P1_1,y,6,4.999999925494195,3,0.183861459100958,2,0.18530701754385964,0.0014455584429016455,5428,5472,unetr_style
Mouse,POLYIC_20190612_polyic___E3_P1_1,y,7,4.999999925494195,1,0.1575165806927045,5,0.17781432748538012,0.020297746792675625,5428,5472,unetr_style
Mouse,POLYIC_20190612_polyic___E3_P1_1,y,8,4.999999925494195,2,0.1331982313927782,1,0.17781432748538012,0.04461609609260192,5428,5472,unetr_style
Mouse,POLYIC_20190612_polyic___E3_P1_2,x,2,3.1999998807907124,1,0.5095311695002576,0,0.5043973098810139,-0.005133859619243619,3882,3866,current_best
Mouse,POLYIC_20190612_polyic___E3_P1_2,x,3,3.1999998807907124,1,0.34028851107676455,2,0.342731505431971,0.0024429943552064515,3882,3866,current_best
Mouse,POLYIC_20190612_polyic___E3_P1_2,x,4,3.1999998807907124,3,0.2691911385883565,2,0.260475944128298,-0.008715194460058528,3882,3866,current_best
Mouse,POLYIC_20190612_polyic___E3_P1_2,x,5,3.1999998807907124,4,0.21432251416795467,3,0.20874288670460425,-0.005579627463350417,3882,3866,current_best
Mouse,POLYIC_20190612_polyic___E3_P1_2,x,6,3.1999998807907124,4,0.1736218444100979,5,0.17640972581479566,0.0027878814046977674,3882,3866,current_best
Mouse,POLYIC_20190612_polyic___E3_P1_2,x,7,3.1999998807907124,6,0.157908294693457,5,0.1645111226073461,0.006602827913889109,3882,3866,current_best
Mouse,POLYIC_20190612_polyic___E3_P1_2,x,8,3.1999998807907124,7,0.13523956723338484,6,0.1347646145887222,-0.0004749526446626573,3882,3866,current_best
Mouse,POLYIC_20190612_polyic___E3_P1_2,y,2,4.999999925494195,1,0.5003765060240963,0,0.537714712471994,0.03733820644789765,5312,5356,current_best
Mouse,POLYIC_20190612_polyic___E3_P1_2,y,3,4.999999925494195,1,0.35033885542168675,1,0.37509335324869303,0.024754497827006283,5312,5356,current_best
Mouse,POLYIC_20190612_polyic___E3_P1_2,y,4,4.999999925494195,2,0.25432981927710846,0,0.28864824495892455,0.03431842568181609,5312,5356,current_best
Mouse,POLYIC_20190612_polyic___E3_P1_2,y,5,4.999999925494195,1,0.24021084337349397,3,0.3427931292008962,0.10258228582740225,5312,5356,current_best
Mouse,POLYIC_20190612_polyic___E3_P1_2,y,6,4.999999925494195,1,0.17789909638554216,4,0.2210604929051531,0.04316139651961093,5312,5356,current_best
Mouse,POLYIC_20190612_polyic___E3_P1_2,y,7,4.999999925494195,0,0.16453313253012047,1,0.15776699029126215,-0.006766142238858325,5312,5356,current_best
Mouse,POLYIC_20190612_polyic___E3_P1_2,y,8,4.999999925494195,3,0.14966114457831325,4,0.20108289768483945,0.05142175310652619,5312,5356,current_best
Mouse,POLYIC_20190612_polyic___E3_P1_2,x,2,3.1999998807907124,1,0.5095311695002576,1,0.5118149824032177,0.0022838129029600918,3882,3978,unetr_style
Mouse,POLYIC_20190612_polyic___E3_P1_2,x,3,3.1999998807907124,1,0.34028851107676455,0,0.3547008547008547,0.014412343624090163,3882,3978,unetr_style
Mouse,POLYIC_20190612_polyic___E3_P1_2,x,4,3.1999998807907124,3,0.2691911385883565,3,0.2606837606837607,-0.008507377904595825,3882,3978,unetr_style
Mouse,POLYIC_20190612_polyic___E3_P1_2,x,5,3.1999998807907124,4,0.21432251416795467,2,0.2081447963800905,-0.006177717787864162,3882,3978,unetr_style
Mouse,POLYIC_20190612_polyic___E3_P1_2,x,6,3.1999998807907124,4,0.1736218444100979,5,0.18124685771744595,0.00762501330734805,3882,3978,unetr_style
Mouse,POLYIC_20190612_polyic___E3_P1_2,x,7,3.1999998807907124,6,0.157908294693457,5,0.15409753645047763,-0.0038107582429793563,3882,3978,unetr_style
Mouse,POLYIC_20190612_polyic___E3_P1_2,x,8,3.1999998807907124,7,0.13523956723338484,7,0.1347410759175465,-0.0004984913158383453,3882,3978,unetr_style
Mouse,POLYIC_20190612_polyic___E3_P1_2,y,2,4.999999925494195,1,0.5003765060240963,0,0.540007443245255,0.039630937221158624,5312,5374,unetr_style
Mouse,POLYIC_20190612_polyic___E3_P1_2,y,3,4.999999925494195,1,0.35033885542168675,1,0.381838481577968,0.03149962615628127,5312,5374,unetr_style
Mouse,POLYIC_20190612_polyic___E3_P1_2,y,4,4.999999925494195,2,0.25432981927710846,0,0.2932638630442873,0.03893404376717885,5312,5374,unetr_style
Mouse,POLYIC_20190612_polyic___E3_P1_2,y,5,4.999999925494195,1,0.24021084337349397,3,0.3518794194268701,0.11166857605337616,5312,5374,unetr_style
Mouse,POLYIC_20190612_polyic___E3_P1_2,y,6,4.999999925494195,1,0.17789909638554216,4,0.22664681801265352,0.04874772162711136,5312,5374,unetr_style
Mouse,POLYIC_20190612_polyic___E3_P1_2,y,7,4.999999925494195,0,0.16453313253012047,1,0.16133234090063267,-0.0032007916294878036,5312,5374,unetr_style
Mouse,POLYIC_20190612_polyic___E3_P1_2,y,8,4.999999925494195,3,0.14966114457831325,4,0.20450316337923335,0.0548420188009201,5312,5374,unetr_style
Mouse,POLYIC_20190612_polyic___E3_P1_3,x,2,3.1999998807907124,0,0.5095508518327311,0,0.5080394190871369,-0.0015114327455941767,3874,3856,current_best
Mouse,POLYIC_20190612_polyic___E3_P1_3,x,3,3.1999998807907124,2,0.3435725348477026,2,0.3516597510373444,0.00808721618964181,3874,3856,current_best
Mouse,POLYIC_20190612_polyic___E3_P1_3,x,4,3.1999998807907124,2,0.2607124419204956,2,0.2595954356846473,-0.0011170062358482613,3874,3856,current_best
Mouse,POLYIC_20190612_polyic___E3_P1_3,x,5,3.1999998807907124,3,0.2106350025813113,1,0.21732365145228216,0.00668864887097087,3874,3856,current_best
Mouse,POLYIC_20190612_polyic___E3_P1_3,x,6,3.1999998807907124,5,0.18172431595250388,5,0.18724066390041494,0.00551634794791106,3874,3856,current_best
Mouse,POLYIC_20190612_polyic___E3_P1_3,x,7,3.1999998807907124,3,0.1590087764584409,3,0.1600103734439834,0.0010015969855425022,3874,3856,current_best
Mouse,POLYIC_20190612_polyic___E3_P1_3,x,8,3.1999998807907124,2,0.14352090862157976,1,0.14393153526970953,0.00041062664812976934,3874,3856,current_best
Mouse,POLYIC_20190612_polyic___E3_P1_3,y,2,4.999999925494195,0,0.5051078320090806,0,0.5405153099327856,0.03540747792370502,5286,5356,current_best
Mouse,POLYIC_20190612_polyic___E3_P1_3,y,3,4.999999925494195,0,0.34808929247067727,0,0.3928304705003734,0.04474117802969613,5286,5356,current_best
Mouse,POLYIC_20190612_polyic___E3_P1_3,y,4,4.999999925494195,2,0.2616345062429058,0,0.28416728902165794,0.022532782778752147,5286,5356,current_best
Mouse,POLYIC_20190612_polyic___E3_P1_3,y,5,4.999999925494195,4,0.2132046916382898,3,0.3554891710231516,0.14228447938486177,5286,5356,current_best
Mouse,POLYIC_20190612_polyic___E3_P1_3,y,6,4.999999925494195,4,0.17896329928111995,4,0.20238984316654218,0.02342654388542223,5286,5356,current_best
Mouse,POLYIC_20190612_polyic___E3_P1_3,y,7,4.999999925494195,3,0.18671963677639047,2,0.1796116504854369,-0.007107986290953577,5286,5356,current_best
Mouse,POLYIC_20190612_polyic___E3_P1_3,y,8,4.999999925494195,6,0.15966704502459325,4,0.19454817027632562,0.03488112525173237,5286,5356,current_best
Mouse,POLYIC_20190612_polyic___E3_P1_3,x,2,3.1999998807907124,0,0.5095508518327311,0,0.5147657841140529,0.00521493228132186,3874,3928,unetr_style
Mouse,POLYIC_20190612_polyic___E3_P1_3,x,3,3.1999998807907124,2,0.3435725348477026,0,0.34419551934826886,0.0006229845005662482,3874,3928,unetr_style
Mouse,POLYIC_20190612_polyic___E3_P1_3,x,4,3.1999998807907124,2,0.2607124419204956,2,0.26476578411405294,0.004053342193557352,3874,3928,unetr_style
Mouse,POLYIC_20190612_polyic___E3_P1_3,x,5,3.1999998807907124,3,0.2106350025813113,3,0.21563136456211812,0.004996361980806829,3874,3928,unetr_style
Mouse,POLYIC_20190612_polyic___E3_P1_3,x,6,3.1999998807907124,5,0.18172431595250388,0,0.18228105906313646,0.0005567431106325849,3874,3928,unetr_style
Mouse,POLYIC_20190612_polyic___E3_P1_3,x,7,3.1999998807907124,3,0.1590087764584409,3,0.1560590631364562,-0.0029497133219846816,3874,3928,unetr_style
Mouse,POLYIC_20190612_polyic___E3_P1_3,x,8,3.1999998807907124,2,0.14352090862157976,2,0.13874745417515275,-0.004773454446427017,3874,3928,unetr_style
Mouse,POLYIC_20190612_polyic___E3_P1_3,y,2,4.999999925494195,0,0.5051078320090806,0,0.5494587532661441,0.044350921257063525,5286,5358,unetr_style
Mouse,POLYIC_20190612_polyic___E3_P1_3,y,3,4.999999925494195,0,0.34808929247067727,0,0.3818589025755879,0.03376961010491064,5286,5358,unetr_style
Mouse,POLYIC_20190612_polyic___E3_P1_3,y,4,4.999999925494195,2,0.2616345062429058,0,0.2887271369914147,0.027092630748508928,5286,5358,unetr_style
Mouse,POLYIC_20190612_polyic___E3_P1_3,y,5,4.999999925494195,4,0.2132046916382898,3,0.34135871593878314,0.12815402430049333,5286,5358,unetr_style
Mouse,POLYIC_20190612_polyic___E3_P1_3,y,6,4.999999925494195,4,0.17896329928111995,4,0.20138111235535647,0.022417813074236514,5286,5358,unetr_style
Mouse,POLYIC_20190612_polyic___E3_P1_3,y,7,4.999999925494195,3,0.18671963677639047,2,0.17431877566256065,-0.01240086111382982,5286,5358,unetr_style
Mouse,POLYIC_20190612_polyic___E3_P1_3,y,8,4.999999925494195,6,0.15966704502459325,4,0.20063456513624486,0.04096752011165161,5286,5358,unetr_style
Mouse,POLYIC_20190612_polyic___E3_P1_4,x,2,3.1999998807907124,1,0.5167871900826446,0,0.51171875,-0.005068440082644621,3872,3840,current_best
Mouse,POLYIC_20190612_polyic___E3_P1_4,x,3,3.1999998807907124,1,0.34581611570247933,2,0.34713541666666664,0.0013193009641873088,3872,3840,current_best
Mouse,POLYIC_20190612_polyic___E3_P1_4,x,4,3.1999998807907124,3,0.265754132231405,0,0.26015625,-0.005597882231405005,3872,3840,current_best
Mouse,POLYIC_20190612_polyic___E3_P1_4,x,5,3.1999998807907124,1,0.21074380165289255,1,0.21041666666666667,-0.00032713498622588544,3872,3840,current_best
Mouse,POLYIC_20190612_polyic___E3_P1_4,x,6,3.1999998807907124,3,0.1846590909090909,2,0.17578125,-0.008877840909090912,3872,3840,current_best
Mouse,POLYIC_20190612_polyic___E3_P1_4,x,7,3.1999998807907124,4,0.16451446280991736,4,0.16197916666666667,-0.0025352961432506815,3872,3840,current_best
Mouse,POLYIC_20190612_polyic___E3_P1_4,x,8,3.1999998807907124,7,0.14514462809917356,1,0.13854166666666667,-0.006602961432506882,3872,3840,current_best
Mouse,POLYIC_20190612_polyic___E3_P1_4,y,2,4.999999925494195,1,0.5001888217522659,1,0.5470260223048327,0.04683720055256679,5296,5380,current_best
Mouse,POLYIC_20190612_polyic___E3_P1_4,y,3,4.999999925494195,0,0.35139728096676737,1,0.35055762081784386,-0.0008396601489235045,5296,5380,current_best
Mouse,POLYIC_20190612_polyic___E3_P1_4,y,4,4.999999925494195,2,0.2617069486404834,1,0.287546468401487,0.025839519761003626,5296,5380,current_best
Mouse,POLYIC_20190612_polyic___E3_P1_4,y,5,4.999999925494195,3,0.21695619335347432,2,0.35185873605947954,0.1349025427060052,5296,5380,current_best
Mouse,POLYIC_20190612_polyic___E3_P1_4,y,6,4.999999925494195,0,0.19373111782477342,1,0.20074349442379183,0.007012376599018405,5296,5380,current_best
Mouse,POLYIC_20190612_polyic___E3_P1_4,y,7,4.999999925494195,6,0.16389728096676737,0,0.1737918215613383,0.009894540594570927,5296,5380,current_best
Mouse,POLYIC_20190612_polyic___E3_P1_4,y,8,4.999999925494195,1,0.15351208459214502,1,0.22992565055762082,0.0764135659654758,5296,5380,current_best
Mouse,POLYIC_20190612_polyic___E3_P1_4,x,2,3.1999998807907124,1,0.5167871900826446,1,0.5038051750380518,-0.012982015044592843,3872,3942,unetr_style
Mouse,POLYIC_20190612_polyic___E3_P1_4,x,3,3.1999998807907124,1,0.34581611570247933,1,0.334855403348554,-0.010960712353925317,3872,3942,unetr_style
Mouse,POLYIC_20190612_polyic___E3_P1_4,x,4,3.1999998807907124,3,0.265754132231405,0,0.2569761542364282,-0.00877797799497676,3872,3942,unetr_style
Mouse,POLYIC_20190612_polyic___E3_P1_4,x,5,3.1999998807907124,1,0.21074380165289255,0,0.22425164890918314,0.01350784725629059,3872,3942,unetr_style
Mouse,POLYIC_20190612_polyic___E3_P1_4,x,6,3.1999998807907124,3,0.1846590909090909,3,0.18467782851344494,1.8737604354029935e-05,3872,3942,unetr_style
Mouse,POLYIC_20190612_polyic___E3_P1_4,x,7,3.1999998807907124,4,0.16451446280991736,4,0.16539827498731607,0.0008838121773987184,3872,3942,unetr_style
Mouse,POLYIC_20190612_polyic___E3_P1_4,x,8,3.1999998807907124,7,0.14514462809917356,0,0.14079147640791476,-0.0043531516912588,3872,3942,unetr_style
Mouse,POLYIC_20190612_polyic___E3_P1_4,y,2,4.999999925494195,1,0.5001888217522659,1,0.5515695067264574,0.05138068497419157,5296,5352,unetr_style
Mouse,POLYIC_20190612_polyic___E3_P1_4,y,3,4.999999925494195,0,0.35139728096676737,1,0.35650224215246634,0.005104961185698975,5296,5352,unetr_style
Mouse,POLYIC_20190612_polyic___E3_P1_4,y,4,4.999999925494195,2,0.2617069486404834,1,0.296711509715994,0.03500456107551064,5296,5352,unetr_style
Mouse,POLYIC_20190612_polyic___E3_P1_4,y,5,4.999999925494195,3,0.21695619335347432,2,0.35594170403587444,0.13898551068240012,5296,5352,unetr_style
Mouse,POLYIC_20190612_polyic___E3_P1_4,y,6,4.999999925494195,0,0.19373111782477342,1,0.20609118086696562,0.012360063042192199,5296,5352,unetr_style
Mouse,POLYIC_20190612_polyic___E3_P1_4,y,7,4.999999925494195,6,0.16389728096676737,0,0.17488789237668162,0.010990611409914253,5296,5352,unetr_style
Mouse,POLYIC_20190612_polyic___E3_P1_4,y,8,4.999999925494195,1,0.15351208459214502,1,0.23150224215246637,0.07799015756032135,5296,5352,unetr_style
Mouse,POLYIC_20190614_polyic___E3_P1,x,2,3.1999998807907124,0,0.5055499495459133,0,0.50075,-0.004799949545913229,3964,4000,current_best
Mouse,POLYIC_20190614_polyic___E3_P1,x,3,3.1999998807907124,0,0.3360242179616549,2,0.3375,0.0014757820383451414,3964,4000,current_best
Mouse,POLYIC_20190614_polyic___E3_P1,x,4,3.1999998807907124,0,0.2626135216952573,3,0.2565,-0.006113521695257307,3964,4000,current_best
Mouse,POLYIC_20190614_polyic___E3_P1,x,5,3.1999998807907124,4,0.21619576185671038,4,0.2195,0.0033042381432896173,3964,4000,current_best
Mouse,POLYIC_20190614_polyic___E3_P1,x,6,3.1999998807907124,1,0.17734611503531786,1,0.17725,-9.611503531786747e-05,3964,4000,current_best
Mouse,POLYIC_20190614_polyic___E3_P1,x,7,3.1999998807907124,6,0.16321897073662966,6,0.1635,0.0002810292633703415,3964,4000,current_best
Mouse,POLYIC_20190614_polyic___E3_P1,x,8,3.1999998807907124,4,0.13420787083753785,3,0.143,0.008792129162462137,3964,4000,current_best
Mouse,POLYIC_20190614_polyic___E3_P1,y,2,4.999999925494195,0,0.5027462467960454,1,0.55468465184105,0.051938405045004576,5462,5486,current_best
Mouse,POLYIC_20190614_polyic___E3_P1,y,3,4.999999925494195,2,0.34328084950567556,2,0.3829748450601531,0.03969399555447756,5462,5486,current_best
Mouse,POLYIC_20190614_polyic___E3_P1,y,4,4.999999925494195,2,0.25851336506774075,1,0.2918337586584032,0.03332039359066247,5462,5486,current_best
Mouse,POLYIC_20190614_polyic___E3_P1,y,5,4.999999925494195,3,0.2255584035151959,3,0.34433102442581115,0.11877262091061525,5462,5486,current_best
Mouse,POLYIC_20190614_polyic___E3_P1,y,6,4.999999925494195,2,0.17777370926400585,3,0.2110827561064528,0.033309046842446954,5462,5486,current_best
Mouse,POLYIC_20190614_polyic___E3_P1,y,7,4.999999925494195,0,0.18454778469425118,0,0.16423623769595333,-0.020311546998297847,5462,5486,current_best
Mouse,POLYIC_20190614_polyic___E3_P1,y,8,4.999999925494195,2,0.1508604906627609,1,0.2010572366022603,0.05019674593949941,5462,5486,current_best
Mouse,POLYIC_20190614_polyic___E3_P1,x,2,3.1999998807907124,0,0.5055499495459133,1,0.5012345679012346,-0.004315381644678706,3964,4050,unetr_style
Mouse,POLYIC_20190614_polyic___E3_P1,x,3,3.1999998807907124,0,0.3360242179616549,2,0.3348148148148148,-0.0012094031468400934,3964,4050,unetr_style
Mouse,POLYIC_20190614_polyic___E3_P1,x,4,3.1999998807907124,0,0.2626135216952573,3,0.26567901234567903,0.0030654906504217205,3964,4050,unetr_style
Mouse,POLYIC_20190614_polyic___E3_P1,x,5,3.1999998807907124,4,0.21619576185671038,0,0.2091358024691358,-0.007059959387574588,3964,4050,unetr_style
Mouse,POLYIC_20190614_polyic___E3_P1,x,6,3.1999998807907124,1,0.17734611503531786,1,0.1725925925925926,-0.004753522442725255,3964,4050,unetr_style
Mouse,POLYIC_20190614_polyic___E3_P1,x,7,3.1999998807907124,6,0.16321897073662966,6,0.16123456790123455,-0.0019844028353951104,3964,4050,unetr_style
Mouse,POLYIC_20190614_polyic___E3_P1,x,8,3.1999998807907124,4,0.13420787083753785,3,0.1469135802469136,0.012705709409375737,3964,4050,unetr_style
Mouse,POLYIC_20190614_polyic___E3_P1,y,2,4.999999925494195,0,0.5027462467960454,1,0.5691176470588235,0.0663714002627781,5462,5440,unetr_style
Mouse,POLYIC_20190614_polyic___E3_P1,y,3,4.999999925494195,2,0.34328084950567556,2,0.37518382352941176,0.03190297402373621,5462,5440,unetr_style
Mouse,POLYIC_20190614_polyic___E3_P1,y,4,4.999999925494195,2,0.25851336506774075,1,0.30716911764705884,0.04865575257931809,5462,5440,unetr_style
Mouse,POLYIC_20190614_polyic___E3_P1,y,5,4.999999925494195,3,0.2255584035151959,2,0.3422794117647059,0.11672100824950998,5462,5440,unetr_style
Mouse,POLYIC_20190614_polyic___E3_P1,y,6,4.999999925494195,2,0.17777370926400585,3,0.2104779411764706,0.03270423191246474,5462,5440,unetr_style
Mouse,POLYIC_20190614_polyic___E3_P1,y,7,4.999999925494195,0,0.18454778469425118,1,0.1645220588235294,-0.020025725870721767,5462,5440,unetr_style
Mouse,POLYIC_20190614_polyic___E3_P1,y,8,4.999999925494195,2,0.1508604906627609,1,0.21176470588235294,0.06090421521959205,5462,5440,unetr_style
Mouse,POLYIC_20190614_polyic___E3_P1_1,x,2,3.1999998807907124,0,0.5,1,0.5118129218900676,0.011812921890067551,4142,4148,current_best
Mouse,POLYIC_20190614_polyic___E3_P1_1,x,3,3.1999998807907124,0,0.34282955094157413,1,0.34185149469623916,-0.0009780562453349795,4142,4148,current_best
Mouse,POLYIC_20190614_polyic___E3_P1_1,x,4,3.1999998807907124,3,0.26050217286335103,1,0.26325940212150434,0.0027572292581533042,4142,4148,current_best
Mouse,POLYIC_20190614_polyic___E3_P1_1,x,5,3.1999998807907124,3,0.21173346209560598,2,0.21552555448408872,0.003792092388482743,4142,4148,current_best
Mouse,POLYIC_20190614_polyic___E3_P1_1,x,6,3.1999998807907124,3,0.1731047802993723,4,0.17430086788813887,0.0011960875887665756,4142,4148,current_best
Mouse,POLYIC_20190614_polyic___E3_P1_1,x,7,3.1999998807907124,1,0.1571704490584259,1,0.15718418514946964,1.3736091043742293e-05,4142,4148,current_best
Mouse,POLYIC_20190614_polyic___E3_P1_1,x,8,3.1999998807907124,4,0.1417189763399324,2,0.1410318225650916,-0.0006871537748407985,4142,4148,current_best
Mouse,POLYIC_20190614_polyic___E3_P1_1,y,2,4.999999925494195,0,0.515011119347665,1,0.5586499446698635,0.04363882532219854,5396,5422,current_best
Mouse,POLYIC_20190614_polyic___E3_P1_1,y,3,4.999999925494195,0,0.33821349147516677,2,0.3600147547030616,0.02180126322789483,5396,5422,current_best
Mouse,POLYIC_20190614_polyic___E3_P1_1,y,4,4.999999925494195,2,0.2629725722757598,1,0.2938030247141276,0.030830452438367795,5396,5422,current_best
Mouse,POLYIC_20190614_polyic___E3_P1_1,y,5,4.999999925494195,1,0.21830985915492956,2,0.3450756178531907,0.12676575869826112,5396,5422,current_best
Mouse,POLYIC_20190614_polyic___E3_P1_1,y,6,4.999999925494195,0,0.17920681986656783,5,0.18720029509406122,0.007993475227493385,5396,5422,current_best
Mouse,POLYIC_20190614_polyic___E3_P1_1,y,7,4.999999925494195,5,0.16215715344699777,4,0.16451493913684986,0.0023577856898520932,5396,5422,current_best
Mouse,POLYIC_20190614_polyic___E3_P1_1,y,8,4.999999925494195,0,0.14733135656041513,1,0.2032460346735522,0.05591467811313708,5396,5422,current_best
Mouse,POLYIC_20190614_polyic___E3_P1_1,x,2,3.1999998807907124,0,0.5,0,0.5026315789473684,0.0026315789473684292,4142,4180,unetr_style
Mouse,POLYIC_20190614_polyic___E3_P1_1,x,3,3.1999998807907124,0,0.34282955094157413,2,0.3435406698564593,0.0007111189148851782,4142,4180,unetr_style
Mouse,POLYIC_20190614_polyic___E3_P1_1,x,4,3.1999998807907124,3,0.26050217286335103,2,0.2598086124401914,-0.0006935604231596559,4142,4180,unetr_style
Mouse,POLYIC_20190614_polyic___E3_P1_1,x,5,3.1999998807907124,3,0.21173346209560598,3,0.21052631578947367,-0.0012071463061323062,4142,4180,unetr_style
Mouse,POLYIC_20190614_polyic___E3_P1_1,x,6,3.1999998807907124,3,0.1731047802993723,4,0.17416267942583732,0.001057899126465034,4142,4180,unetr_style
Mouse,POLYIC_20190614_polyic___E3_P1_1,x,7,3.1999998807907124,1,0.1571704490584259,1,0.1533492822966507,-0.0038211667617751854,4142,4180,unetr_style
Mouse,POLYIC_20190614_polyic___E3_P1_1,x,8,3.1999998807907124,4,0.1417189763399324,2,0.14497607655502392,0.003257100215091513,4142,4180,unetr_style
Mouse,POLYIC_20190614_polyic___E3_P1_1,y,2,4.999999925494195,0,0.515011119347665,1,0.5594315245478036,0.04442040520013868,5396,5418,unetr_style
Mouse,POLYIC_20190614_polyic___E3_P1_1,y,3,4.999999925494195,0,0.33821349147516677,2,0.35917312661498707,0.0209596351398203,5396,5418,unetr_style
Mouse,POLYIC_20190614_polyic___E3_P1_1,y,4,4.999999925494195,2,0.2629725722757598,1,0.28959025470653377,0.026617682430773948,5396,5418,unetr_style
Mouse,POLYIC_20190614_polyic___E3_P1_1,y,5,4.999999925494195,1,0.21830985915492956,2,0.33647102251753414,0.11816116336260457,5396,5418,unetr_style
Mouse,POLYIC_20190614_polyic___E3_P1_1,y,6,4.999999925494195,0,0.17920681986656783,3,0.19435215946843853,0.0151453396018707,5396,5418,unetr_style
Mouse,POLYIC_20190614_polyic___E3_P1_1,y,7,4.999999925494195,5,0.16215715344699777,4,0.15928386858619417,-0.002873284860803599,5396,5418,unetr_style
Mouse,POLYIC_20190614_polyic___E3_P1_1,y,8,4.999999925494195,0,0.14733135656041513,1,0.18586194167589518,0.03853058511548005,5396,5418,unetr_style
Mouse,POLYIC_20190614_polyic___E3_P1_3,x,2,3.1999998807907124,0,0.5045982575024202,1,0.5052556139512662,0.0006573564488460137,4132,4186,current_best
Mouse,POLYIC_20190614_polyic___E3_P1_3,x,3,3.1999998807907124,1,0.340513068731849,2,0.3456760630673674,0.005162994335518423,4132,4186,current_best
Mouse,POLYIC_20190614_polyic___E3_P1_3,x,4,3.1999998807907124,0,0.2596805421103582,3,0.2544194935499283,-0.00526104856042986,4132,4186,current_best
Mouse,POLYIC_20190614_polyic___E3_P1_3,x,5,3.1999998807907124,2,0.207405614714424,0,0.20926899187768752,0.0018633771632635132,4132,4186,current_best
Mouse,POLYIC_20190614_polyic___E3_P1_3,x,6,3.1999998807907124,1,0.1749757986447241,2,0.17654085045389392,0.0015650518091698262,4132,4186,current_best
Mouse,POLYIC_20190614_polyic___E3_P1_3,x,7,3.1999998807907124,0,0.14666021297192644,0,0.16244624940277114,0.015786036430844697,4132,4186,current_best
Mouse,POLYIC_20190614_polyic___E3_P1_3,x,8,3.1999998807907124,4,0.12996127783155856,7,0.13210702341137123,0.0021457455798126746,4132,4186,current_best
Mouse,POLYIC_20190614_polyic___E3_P1_3,y,2,4.999999925494195,0,0.503968253968254,1,0.5073033707865169,0.0033351168182629287,5292,5340,current_best
Mouse,POLYIC_20190614_polyic___E3_P1_3,y,3,4.999999925494195,0,0.33843537414965985,0,0.33951310861423223,0.0010777344645723774,5292,5340,current_best
Mouse,POLYIC_20190614_polyic___E3_P1_3,y,4,4.999999925494195,2,0.25321239606953894,0,0.26910112359550564,0.015888727525966706,5292,5340,current_best
Mouse,POLYIC_20190614_polyic___E3_P1_3,y,5,4.999999925494195,1,0.21863189720332576,0,0.350187265917603,0.13155536871427725,5292,5340,current_best
Mouse,POLYIC_20190614_polyic___E3_P1_3,y,6,4.999999925494195,0,0.17970521541950113,3,0.18576779026217227,0.006062574842671142,5292,5340,current_best
Mouse,POLYIC_20190614_polyic___E3_P1_3,y,7,4.999999925494195,3,0.15684051398337112,3,0.17059925093632958,0.013758736952958456,5292,5340,current_best
Mouse,POLYIC_20190614_polyic___E3_P1_3,y,8,4.999999925494195,4,0.13624338624338625,1,0.1546816479400749,0.018438261696688663,5292,5340,current_best
Mouse,POLYIC_20190614_polyic___E3_P1_3,x,2,3.1999998807907124,0,0.5045982575024202,0,0.5019074868860277,-0.002690770616392446,4132,4194,unetr_style
Mouse,POLYIC_20190614_polyic___E3_P1_3,x,3,3.1999998807907124,1,0.340513068731849,0,0.3397711015736767,-0.0007419671581723186,4132,4194,unetr_style
Mouse,POLYIC_20190614_polyic___E3_P1_3,x,4,3.1999998807907124,0,0.2596805421103582,3,0.26657129232236526,0.00689075021200708,4132,4194,unetr_style
Mouse,POLYIC_20190614_polyic___E3_P1_3,x,5,3.1999998807907124,2,0.207405614714424,1,0.21125417262756319,0.003848557913139178,4132,4194,unetr_style
Mouse,POLYIC_20190614_polyic___E3_P1_3,x,6,3.1999998807907124,1,0.1749757986447241,3,0.1709585121602289,-0.004017286484495203,4132,4194,unetr_style
Mouse,POLYIC_20190614_polyic___E3_P1_3,x,7,3.1999998807907124,0,0.14666021297192644,6,0.15283738674296615,0.006177173771039712,4132,4194,unetr_style
Mouse,POLYIC_20190614_polyic___E3_P1_3,x,8,3.1999998807907124,4,0.12996127783155856,7,0.14282308059132093,0.01286180275976237,4132,4194,unetr_style
Mouse,POLYIC_20190614_polyic___E3_P1_3,y,2,4.999999925494195,0,0.503968253968254,1,0.5371203599550056,0.03315210598675167,5292,5334,unetr_style
Mouse,POLYIC_20190614_polyic___E3_P1_3,y,3,4.999999925494195,0,0.33843537414965985,0,0.34064491938507685,0.0022095452354169987,5292,5334,unetr_style
Mouse,POLYIC_20190614_polyic___E3_P1_3,y,4,4.999999925494195,2,0.25321239606953894,1,0.2731533558305212,0.019940959760982258,5292,5334,unetr_style
Mouse,POLYIC_20190614_polyic___E3_P1_3,y,5,4.999999925494195,1,0.21863189720332576,2,0.3393325834270716,0.12070068622374586,5292,5334,unetr_style
Mouse,POLYIC_20190614_polyic___E3_P1_3,y,6,4.999999925494195,0,0.17970521541950113,3,0.1968503937007874,0.017145178281286283,5292,5334,unetr_style
Mouse,POLYIC_20190614_polyic___E3_P1_3,y,7,4.999999925494195,3,0.15684051398337112,6,0.18128983877015373,0.024449324786782606,5292,5334,unetr_style
Mouse,POLYIC_20190614_polyic___E3_P1_3,y,8,4.999999925494195,4,0.13624338624338625,1,0.15485564304461943,0.018612256801233185,5292,5334,unetr_style
Mouse,POLYIC_20190614_polyic___E3_P1_4,x,2,3.1999998807907124,1,0.502906976744186,1,0.5007187350263537,-0.0021882417178323843,4128,4174,current_best
Mouse,POLYIC_20190614_polyic___E3_P1_4,x,3,3.1999998807907124,2,0.34689922480620156,1,0.3447532343076186,-0.0021459904985829392,4128,4174,current_best
Mouse,POLYIC_20190614_polyic___E3_P1_4,x,4,3.1999998807907124,3,0.25775193798449614,2,0.2616195495927168,0.003867611608220689,4128,4174,current_best
Mouse,POLYIC_20190614_polyic___E3_P1_4,x,5,3.1999998807907124,4,0.20687984496124032,4,0.21250598945855295,0.005626144497312635,4128,4174,current_best
Mouse,POLYIC_20190614_polyic___E3_P1_4,x,6,3.1999998807907124,5,0.17829457364341086,5,0.1772879731672257,-0.001006600476185171,4128,4174,current_best
Mouse,POLYIC_20190614_polyic___E3_P1_4,x,7,3.1999998807907124,0,0.14898255813953487,0,0.14734068040249163,-0.0016418777370432458,4128,4174,current_best
Mouse,POLYIC_20190614_polyic___E3_P1_4,x,8,3.1999998807907124,3,0.13275193798449614,3,0.1377575467177767,0.00500560873328057,4128,4174,current_best
Mouse,POLYIC_20190614_polyic___E3_P1_4,y,2,4.999999925494195,1,0.50202131569276,1,0.5547445255474452,0.05272320985468526,5442,5480,current_best
Mouse,POLYIC_20190614_polyic___E3_P1_4,y,3,4.999999925494195,2,0.35887541345093715,2,0.3697080291970803,0.010832615746143137,5442,5480,current_best
Mouse,POLYIC_20190614_polyic___E3_P1_4,y,4,4.999999925494195,2,0.28114663726571115,3,0.2804744525547445,-0.000672184710966639,5442,5480,current_best
Mouse,POLYIC_20190614_polyic___E3_P1_4,y,5,4.999999925494195,1,0.22528482175670708,0,0.38467153284671535,0.15938671109000827,5442,5480,current_best
Mouse,POLYIC_20190614_polyic___E3_P1_4,y,6,4.999999925494195,5,0.18779860345461227,3,0.2071167883211679,0.01931818486655562,5442,5480,current_best
Mouse,POLYIC_20190614_polyic___E3_P1_4,y,7,4.999999925494195,1,0.1585814038956266,1,0.181021897810219,0.02244049391459238,5442,5480,current_best
Mouse,POLYIC_20190614_polyic___E3_P1_4,y,8,4.999999925494195,3,0.14792355751561925,1,0.17427007299270073,0.026346515477081472,5442,5480,current_best
Mouse,POLYIC_20190614_polyic___E3_P1_4,x,2,3.1999998807907124,1,0.502906976744186,1,0.5004784688995215,-0.002428507844664529,4128,4180,unetr_style
Mouse,POLYIC_20190614_polyic___E3_P1_4,x,3,3.1999998807907124,2,0.34689922480620156,2,0.34688995215311,-9.272653091529914e-06,4128,4180,unetr_style
Mouse,POLYIC_20190614_polyic___E3_P1_4,x,4,3.1999998807907124,3,0.25775193798449614,3,0.2657894736842105,0.008037535699714382,4128,4180,unetr_style
Mouse,POLYIC_20190614_polyic___E3_P1_4,x,5,3.1999998807907124,4,0.20687984496124032,0,0.21291866028708134,0.006038815325841024,4128,4180,unetr_style
Mouse,POLYIC_20190614_polyic___E3_P1_4,x,6,3.1999998807907124,5,0.17829457364341086,5,0.17727272727272728,-0.0010218463706835879,4128,4180,unetr_style
Mouse,POLYIC_20190614_polyic___E3_P1_4,x,7,3.1999998807907124,0,0.14898255813953487,6,0.14880382775119616,-0.00017873038833871036,4128,4180,unetr_style
Mouse,POLYIC_20190614_polyic___E3_P1_4,x,8,3.1999998807907124,3,0.13275193798449614,3,0.13660287081339714,0.0038509328289010047,4128,4180,unetr_style
Mouse,POLYIC_20190614_polyic___E3_P1_4,y,2,4.999999925494195,1,0.50202131569276,1,0.5429515418502202,0.040930226157460226,5442,5448,unetr_style
Mouse,POLYIC_20190614_polyic___E3_P1_4,y,3,4.999999925494195,2,0.35887541345093715,2,0.3603157121879589,0.001440298737021728,5442,5448,unetr_style
Mouse,POLYIC_20190614_polyic___E3_P1_4,y,4,4.999999925494195,2,0.28114663726571115,3,0.27881791483113066,-0.002328722434580488,5442,5448,unetr_style
Mouse,POLYIC_20190614_polyic___E3_P1_4,y,5,4.999999925494195,1,0.22528482175670708,0,0.36784140969163,0.1425565879349229,5442,5448,unetr_style
Mouse,POLYIC_20190614_polyic___E3_P1_4,y,6,4.999999925494195,5,0.18779860345461227,3,0.20704845814977973,0.019249854695167462,5442,5448,unetr_style
Mouse,POLYIC_20190614_polyic___E3_P1_4,y,7,4.999999925494195,1,0.1585814038956266,1,0.1723568281938326,0.013775424298205996,5442,5448,unetr_style
Mouse,POLYIC_20190614_polyic___E3_P1_4,y,8,4.999999925494195,3,0.14792355751561925,1,0.16629955947136563,0.018376001955746374,5442,5448,unetr_style
Mouse,POLYIC_20190614_polyic___E3_P1_5,x,2,3.1999998807907124,1,0.50570835495589,0,0.5020565552699229,-0.003651799685967072,3854,3890,current_best
Mouse,POLYIC_20190614_polyic___E3_P1_5,x,3,3.1999998807907124,1,0.33990659055526723,2,0.3467866323907455,0.0068800418354782455,3854,3890,current_best
Mouse,POLYIC_20190614_polyic___E3_P1_5,x,4,3.1999998807907124,3,0.2597301504929943,2,0.2660668380462725,0.0063366875532782085,3854,3890,current_best
Mouse,POLYIC_20190614_polyic___E3_P1_5,x,5,3.1999998807907124,3,0.2075765438505449,3,0.21516709511568125,0.007590551265136358,3854,3890,current_best
Mouse,POLYIC_20190614_polyic___E3_P1_5,x,6,3.1999998807907124,3,0.17903476907109497,4,0.17866323907455012,-0.00037152999654485597,3854,3890,current_best
Mouse,POLYIC_20190614_polyic___E3_P1_5,x,7,3.1999998807907124,2,0.15568240788790866,2,0.1570694087403599,0.0013870008524512478,3854,3890,current_best
Mouse,POLYIC_20190614_polyic___E3_P1_5,x,8,3.1999998807907124,6,0.1411520498183705,6,0.15604113110539847,0.014889081287027955,3854,3890,current_best
Mouse,POLYIC_20190614_polyic___E3_P1_5,y,2,4.999999925494195,0,0.5116848850358086,1,0.559053651266766,0.047368766230957426,5306,5368,current_best
Mouse,POLYIC_20190614_polyic___E3_P1_5,y,3,4.999999925494195,2,0.3511119487372786,2,0.37853949329359166,0.027427544556313077,5306,5368,current_best
Mouse,POLYIC_20190614_polyic___E3_P1_5,y,4,4.999999925494195,2,0.28100263852242746,1,0.30011177347242923,0.01910913495000177,5306,5368,current_best
Mouse,POLYIC_20190614_polyic___E3_P1_5,y,5,4.999999925494195,3,0.2161703731624576,2,0.34295827123695977,0.12678789807450216,5306,5368,current_best
Mouse,POLYIC_20190614_polyic___E3_P1_5,y,6,4.999999925494195,2,0.18620429702223898,3,0.19020119225037257,0.003996895228133596,5306,5368,current_best
Mouse,POLYIC_20190614_polyic___E3_P1_5,y,7,4.999999925494195,0,0.16528458349038824,0,0.1695230998509687,0.004238516360580452,5306,5368,current_best
Mouse,POLYIC_20190614_polyic___E3_P1_5,y,8,4.999999925494195,2,0.15981907274783264,1,0.18610283159463487,0.02628375884680223,5306,5368,current_best
Mouse,POLYIC_20190614_polyic___E3_P1_5,x,2,3.1999998807907124,1,0.50570835495589,1,0.5073492143943233,0.0016408594384333952,3854,3946,unetr_style
Mouse,POLYIC_20190614_polyic___E3_P1_5,x,3,3.1999998807907124,1,0.33990659055526723,2,0.35428281804358847,0.014376227488321236,3854,3946,unetr_style
Mouse,POLYIC_20190614_polyic___E3_P1_5,x,4,3.1999998807907124,3,0.2597301504929943,3,0.25392802838317285,-0.00580212210982145,3854,3946,unetr_style
Mouse,POLYIC_20190614_polyic___E3_P1_5,x,5,3.1999998807907124,3,0.2075765438505449,3,0.21743537759756715,0.009858833747022261,3854,3946,unetr_style
Mouse,POLYIC_20190614_polyic___E3_P1_5,x,6,3.1999998807907124,3,0.17903476907109497,2,0.17967562088190572,0.0006408518108107497,3854,3946,unetr_style
Mouse,POLYIC_20190614_polyic___E3_P1_5,x,7,3.1999998807907124,2,0.15568240788790866,3,0.15889508362899138,0.003212675741082721,3854,3946,unetr_style
Mouse,POLYIC_20190614_polyic___E3_P1_5,x,8,3.1999998807907124,6,0.1411520498183705,7,0.14470349721236694,0.003551447393996432,3854,3946,unetr_style
Mouse,POLYIC_20190614_polyic___E3_P1_5,y,2,4.999999925494195,0,0.5116848850358086,1,0.5622641509433962,0.050579265907587656,5306,5300,unetr_style
Mouse,POLYIC_20190614_polyic___E3_P1_5,y,3,4.999999925494195,2,0.3511119487372786,2,0.3681132075471698,0.01700125880989123,5306,5300,unetr_style
Mouse,POLYIC_20190614_polyic___E3_P1_5,y,4,4.999999925494195,2,0.28100263852242746,1,0.2977358490566038,0.016733210534176313,5306,5300,unetr_style
Mouse,POLYIC_20190614_polyic___E3_P1_5,y,5,4.999999925494195,3,0.2161703731624576,3,0.33584905660377357,0.11967868344131596,5306,5300,unetr_style
Mouse,POLYIC_20190614_polyic___E3_P1_5,y,6,4.999999925494195,2,0.18620429702223898,3,0.1911320754716981,0.00492777844945913,5306,5300,unetr_style
Mouse,POLYIC_20190614_polyic___E3_P1_5,y,7,4.999999925494195,0,0.16528458349038824,5,0.16528301886792454,-1.5646224637011485e-06,5306,5300,unetr_style
Mouse,POLYIC_20190614_polyic___E3_P1_5,y,8,4.999999925494195,2,0.15981907274783264,1,0.1930188679245283,0.03319979517669566,5306,5300,unetr_style
Mouse,POLYIC_20190614_polyic___E3_P1_6,x,2,3.1999998807907124,1,0.512108980827447,1,0.519,0.00689101917255297,3964,4000,current_best
Mouse,POLYIC_20190614_polyic___E3_P1_6,x,3,3.1999998807907124,1,0.34006054490413723,0,0.33775,-0.002310544904137235,3964,4000,current_best
Mouse,POLYIC_20190614_polyic___E3_P1_6,x,4,3.1999998807907124,3,0.26185671039354186,1,0.26475,0.002893289606458127,3964,4000,current_best
Mouse,POLYIC_20190614_polyic___E3_P1_6,x,5,3.1999998807907124,4,0.21115035317860747,3,0.214,0.002849646821392521,3964,4000,current_best
Mouse,POLYIC_20190614_polyic___E3_P1_6,x,6,3.1999998807907124,1,0.1818869828456105,1,0.178,-0.0038869828456105093,3964,4000,current_best
Mouse,POLYIC_20190614_polyic___E3_P1_6,x,7,3.1999998807907124,4,0.1601917255297679,3,0.1585,-0.0016917255297679012,3964,4000,current_best
Mouse,POLYIC_20190614_polyic___E3_P1_6,x,8,3.1999998807907124,3,0.14278506559031282,1,0.15225,0.009464934409687181,3964,4000,current_best
Mouse,POLYIC_20190614_polyic___E3_P1_6,y,2,4.999999925494195,1,0.5158124318429662,0,0.5118279569892473,-0.003984474853718889,5502,5580,current_best
Mouse,POLYIC_20190614_polyic___E3_P1_6,y,3,4.999999925494195,0,0.33933115230825156,1,0.34551971326164876,0.006188560953397204,5502,5580,current_best
Mouse,POLYIC_20190614_polyic___E3_P1_6,y,4,4.999999925494195,1,0.26990185387131954,2,0.2698924731182796,-9.380753039966994e-06,5502,5580,current_best
Mouse,POLYIC_20190614_polyic___E3_P1_6,y,5,4.999999925494195,3,0.21901126862958925,2,0.34516129032258064,0.1261500216929914,5502,5580,current_best
Mouse,POLYIC_20190614_polyic___E3_P1_6,y,6,4.999999925494195,0,0.17884405670665213,0,0.1949820788530466,0.016138022146394482,5502,5580,current_best
Mouse,POLYIC_20190614_polyic___E3_P1_6,y,7,4.999999925494195,3,0.16266812068338785,3,0.16308243727598568,0.0004143165925978298,5502,5580,current_best
Mouse,POLYIC_20190614_polyic___E3_P1_6,y,8,4.999999925494195,1,0.13776808433296983,3,0.17759856630824372,0.03983048197527389,5502,5580,current_best
Mouse,POLYIC_20190614_polyic___E3_P1_6,x,2,3.1999998807907124,1,0.512108980827447,1,0.5002508780732564,-0.011858102754190636,3964,3986,unetr_style
Mouse,POLYIC_20190614_polyic___E3_P1_6,x,3,3.1999998807907124,1,0.34006054490413723,1,0.33968891118916206,-0.0003716337149751725,3964,3986,unetr_style
Mouse,POLYIC_20190614_polyic___E3_P1_6,x,4,3.1999998807907124,3,0.26185671039354186,2,0.26542900150526844,0.0035722911117265777,3964,3986,unetr_style
Mouse,POLYIC_20190614_polyic___E3_P1_6,x,5,3.1999998807907124,4,0.21115035317860747,3,0.2200200702458605,0.008869717067253036,3964,3986,unetr_style
Mouse,POLYIC_20190614_polyic___E3_P1_6,x,6,3.1999998807907124,1,0.1818869828456105,2,0.17536377320622176,-0.0065232096393887384,3964,3986,unetr_style
Mouse,POLYIC_20190614_polyic___E3_P1_6,x,7,3.1999998807907124,4,0.1601917255297679,3,0.15679879578524836,-0.003392929744519546,3964,3986,unetr_style
Mouse,POLYIC_20190614_polyic___E3_P1_6,x,8,3.1999998807907124,3,0.14278506559031282,3,0.13948820873055695,-0.0032968568597558645,3964,3986,unetr_style
Mouse,POLYIC_20190614_polyic___E3_P1_6,y,2,4.999999925494195,1,0.5158124318429662,1,0.5010845986984815,-0.01472783314448467,5502,5532,unetr_style
Mouse,POLYIC_20190614_polyic___E3_P1_6,y,3,4.999999925494195,0,0.33933115230825156,0,0.34490238611713664,0.005571233808885079,5502,5532,unetr_style
Mouse,POLYIC_20190614_polyic___E3_P1_6,y,4,4.999999925494195,1,0.26990185387131954,3,0.2707881417208966,0.000886287849577061,5502,5532,unetr_style
Mouse,POLYIC_20190614_polyic___E3_P1_6,y,5,4.999999925494195,3,0.21901126862958925,2,0.33947939262472887,0.12046812399513962,5502,5532,unetr_style
Mouse,POLYIC_20190614_polyic___E3_P1_6,y,6,4.999999925494195,0,0.17884405670665213,0,0.1950469992769342,0.01620294257028207,5502,5532,unetr_style
Mouse,POLYIC_20190614_polyic___E3_P1_6,y,7,4.999999925494195,3,0.16266812068338785,1,0.17516268980477223,0.012494569121384386,5502,5532,unetr_style
Mouse,POLYIC_20190614_polyic___E3_P1_6,y,8,4.999999925494195,1,0.13776808433296983,3,0.1883586406362979,0.050590556303328066,5502,5532,unetr_style
Mouse,POLYIC_20190614_polyic___E4_P1_5,x,2,3.1999998807907124,0,0.5154845154845155,1,0.5141509433962265,-0.0013335720882889923,4004,4028,current_best
Mouse,POLYIC_20190614_polyic___E4_P1_5,x,3,3.1999998807907124,2,0.3421578421578422,2,0.3473187686196624,0.005160926461820203,4004,4028,current_best
Mouse,POLYIC_20190614_polyic___E4_P1_5,x,4,3.1999998807907124,0,0.2624875124875125,1,0.26688182720953324,0.004394314722020731,4004,4028,current_best
Mouse,POLYIC_20190614_polyic___E4_P1_5,x,5,3.1999998807907124,2,0.2087912087912088,1,0.20953326713008938,0.0007420583388805801,4004,4028,current_best
Mouse,POLYIC_20190614_polyic___E4_P1_5,x,6,3.1999998807907124,2,0.18031968031968032,5,0.17825223435948362,-0.002067445960196701,4004,4028,current_best
Mouse,POLYIC_20190614_polyic___E4_P1_5,x,7,3.1999998807907124,5,0.1645854145854146,6,0.15466732869910627,-0.009918085886308325,4004,4028,current_best
Mouse,POLYIC_20190614_polyic___E4_P1_5,x,8,3.1999998807907124,0,0.13661338661338662,1,0.1397715988083416,0.00315821219495499,4004,4028,current_best
Mouse,POLYIC_20190614_polyic___E4_P1_5,y,2,4.999999925494195,1,0.5223880597014925,0,0.5489795918367347,0.026591532135242235,5360,5390,current_best
Mouse,POLYIC_20190614_polyic___E4_P1_5,y,3,4.999999925494195,2,0.35261194029850745,0,0.37884972170686454,0.026237781408357086,5360,5390,current_best
Mouse,POLYIC_20190614_polyic___E4_P1_5,y,4,4.999999925494195,1,0.27425373134328357,0,0.298886827458256,0.02463309611497244,5360,5390,current_best
Mouse,POLYIC_20190614_polyic___E4_P1_5,y,5,4.999999925494195,1,0.22817164179104477,0,0.33506493506493507,0.1068932932738903,5360,5390,current_best
Mouse,POLYIC_20190614_polyic___E4_P1_5,y,6,4.999999925494195,1,0.17798507462686566,0,0.1914656771799629,0.013480602553097243,5360,5390,current_best
Mouse,POLYIC_20190614_polyic___E4_P1_5,y,7,4.999999925494195,6,0.1578358208955224,0,0.16215213358070502,0.004316312685182622,5360,5390,current_best
Mouse,POLYIC_20190614_polyic___E4_P1_5,y,8,4.999999925494195,1,0.14906716417910448,4,0.19053803339517625,0.041470869216071765,5360,5390,current_best
Mouse,POLYIC_20190614_polyic___E4_P1_5,x,2,3.1999998807907124,0,0.5154845154845155,0,0.5014598540145986,-0.014024661469916877,4004,4110,unetr_style
Mouse,POLYIC_20190614_polyic___E4_P1_5,x,3,3.1999998807907124,2,0.3421578421578422,0,0.3493917274939173,0.007233885336075108,4004,4110,unetr_style
Mouse,POLYIC_20190614_polyic___E4_P1_5,x,4,3.1999998807907124,0,0.2624875124875125,2,0.2545012165450122,-0.007986295942500332,4004,4110,unetr_style
Mouse,POLYIC_20190614_polyic___E4_P1_5,x,5,3.1999998807907124,2,0.2087912087912088,3,0.21021897810218979,0.0014277693109809864,4004,4110,unetr_style
Mouse,POLYIC_20190614_polyic___E4_P1_5,x,6,3.1999998807907124,2,0.18031968031968032,3,0.17883211678832117,-0.0014875635313591484,4004,4110,unetr_style
Mouse,POLYIC_20190614_polyic___E4_P1_5,x,7,3.1999998807907124,5,0.1645854145854146,5,0.15571776155717762,-0.008867653028236971,4004,4110,unetr_style
Mouse,POLYIC_20190614_polyic___E4_P1_5,x,8,3.1999998807907124,0,0.13661338661338662,1,0.13454987834549878,-0.0020635082678878425,4004,4110,unetr_style
Mouse,POLYIC_20190614_polyic___E4_P1_5,y,2,4.999999925494195,1,0.5223880597014925,0,0.5431708224786007,0.02078276277710822,5360,5374,unetr_style
Mouse,POLYIC_20190614_polyic___E4_P1_5,y,3,4.999999925494195,2,0.35261194029850745,0,0.3756978042426498,0.02308586394414236,5360,5374,unetr_style
Mouse,POLYIC_20190614_polyic___E4_P1_5,y,4,4.999999925494195,1,0.27425373134328357,0,0.29493859322664684,0.02068486188336327,5360,5374,unetr_style
Mouse,POLYIC_20190614_polyic___E4_P1_5,y,5,4.999999925494195,1,0.22817164179104477,2,0.34387793077781914,0.11570628898677437,5360,5374,unetr_style
Mouse,POLYIC_20190614_polyic___E4_P1_5,y,6,4.999999925494195,1,0.17798507462686566,0,0.18887234834387792,0.010887273717012258,5360,5374,unetr_style
Mouse,POLYIC_20190614_polyic___E4_P1_5,y,7,4.999999925494195,6,0.1578358208955224,0,0.15463342017119464,-0.0032024007243277586,5360,5374,unetr_style
Mouse,POLYIC_20190614_polyic___E4_P1_5,y,8,4.999999925494195,1,0.14906716417910448,4,0.19222180870859695,0.04315464452949247,5360,5374,unetr_style
Mouse,POLYIC_20190618_mouse33__E3_P1,x,2,3.1999998807907124,1,0.5110087045570917,1,0.5130456598093327,0.002036955252241013,3906,3986,current_best
Mouse,POLYIC_20190618_mouse33__E3_P1,x,3,3.1999998807907124,0,0.3420378904249872,0,0.34119417962870047,-0.0008437107962867563,3906,3986,current_best
Mouse,POLYIC_20190618_mouse33__E3_P1,x,4,3.1999998807907124,3,0.2631848438300051,3,0.2599096838936277,-0.0032751599363774475,3906,3986,current_best
Mouse,POLYIC_20190618_mouse33__E3_P1,x,5,3.1999998807907124,1,0.20378904249871993,3,0.20898143502257902,0.005192392523859085,3906,3986,current_best
Mouse,POLYIC_20190618_mouse33__E3_P1,x,6,3.1999998807907124,3,0.17767537122375832,3,0.18013045659809332,0.002455085374335003,3906,3986,current_best
Mouse,POLYIC_20190618_mouse33__E3_P1,x,7,3.1999998807907124,1,0.15232974910394265,3,0.154039136979428,0.0017093878754853575,3906,3986,current_best
Mouse,POLYIC_20190618_mouse33__E3_P1,x,8,3.1999998807907124,7,0.1390168970814132,3,0.1359759157049674,-0.003040981376445817,3906,3986,current_best
Mouse,POLYIC_20190618_mouse33__E3_P1,y,2,4.999999925494195,1,0.5314711359404097,0,0.5105011053795137,-0.02097003056089608,5370,5428,current_best
Mouse,POLYIC_20190618_mouse33__E3_P1,y,3,4.999999925494195,2,0.35698324022346367,0,0.36495946941783347,0.0079762291943698,5370,5428,current_best
Mouse,POLYIC_20190618_mouse33__E3_P1,y,4,4.999999925494195,3,0.2783985102420857,3,0.26823876197494473,-0.010159748267140944,5370,5428,current_best
Mouse,POLYIC_20190618_mouse33__E3_P1,y,5,4.999999925494195,1,0.21787709497206703,3,0.34948415622697127,0.13160706125490423,5370,5428,current_best
Mouse,POLYIC_20190618_mouse33__E3_P1,y,6,4.999999925494195,5,0.20353817504655494,4,0.19288872512896094,-0.010649449917594006,5370,5428,current_best
Mouse,POLYIC_20190618_mouse33__E3_P1,y,7,4.999999925494195,5,0.17076350093109868,4,0.19049373618275608,0.019730235251657402,5370,5428,current_best
Mouse,POLYIC_20190618_mouse33__E3_P1,y,8,4.999999925494195,1,0.14990689013035383,7,0.18091378039793662,0.0310068902675828,5370,5428,current_best
Mouse,POLYIC_20190618_mouse33__E3_P1,x,2,3.1999998807907124,1,0.5110087045570917,1,0.5039486673247778,-0.007060037232313854,3906,4052,unetr_style
Mouse,POLYIC_20190618_mouse33__E3_P1,x,3,3.1999998807907124,0,0.3420378904249872,1,0.3395853899308983,-0.002452500494088905,3906,4052,unetr_style
Mouse,POLYIC_20190618_mouse33__E3_P1,x,4,3.1999998807907124,3,0.2631848438300051,2,0.25765054294175715,-0.005534300888247967,3906,4052,unetr_style
Mouse,POLYIC_20190618_mouse33__E3_P1,x,5,3.1999998807907124,1,0.20378904249871993,0,0.20681145113524185,0.0030224086365219227,3906,4052,unetr_style
Mouse,POLYIC_20190618_mouse33__E3_P1,x,6,3.1999998807907124,3,0.17767537122375832,4,0.1784304047384008,0.0007550335146424836,3906,4052,unetr_style
Mouse,POLYIC_20190618_mouse33__E3_P1,x,7,3.1999998807907124,1,0.15232974910394265,5,0.15424481737413623,0.0019150682701935817,3906,4052,unetr_style
Mouse,POLYIC_20190618_mouse33__E3_P1,x,8,3.1999998807907124,7,0.1390168970814132,1,0.13104639684106614,-0.007970500240347067,3906,4052,unetr_style
Mouse,POLYIC_20190618_mouse33__E3_P1,y,2,4.999999925494195,1,0.5314711359404097,0,0.5097749907783106,-0.021696145162099167,5370,5422,unetr_style
Mouse,POLYIC_20190618_mouse33__E3_P1,y,3,4.999999925494195,2,0.35698324022346367,0,0.3646255994098119,0.007642359186348202,5370,5422,unetr_style
Mouse,POLYIC_20190618_mouse33__E3_P1,y,4,4.999999925494195,3,0.2783985102420857,3,0.26742899299151607,-0.010969517250569605,5370,5422,unetr_style
Mouse,POLYIC_20190618_mouse33__E3_P1,y,5,4.999999925494195,1,0.21787709497206703,2,0.3517152342309111,0.13383813925884408,5370,5422,unetr_style
Mouse,POLYIC_20190618_mouse33__E3_P1,y,6,4.999999925494195,5,0.20353817504655494,4,0.20213943194393214,-0.001398743102622807,5370,5422,unetr_style
Mouse,POLYIC_20190618_mouse33__E3_P1,y,7,4.999999925494195,5,0.17076350093109868,4,0.17926964219845076,0.00850614126735208,5370,5422,unetr_style
Mouse,POLYIC_20190618_mouse33__E3_P1,y,8,4.999999925494195,1,0.14990689013035383,7,0.17760973810402067,0.027702847973666844,5370,5422,unetr_style
Mouse,POLYIC_20190618_mouse34__E3_P1,x,2,3.1999998807907124,0,0.5088311688311689,0,0.5095262615859938,0.000695092754824933,3850,3884,current_best
Mouse,POLYIC_20190618_mouse34__E3_P1,x,3,3.1999998807907124,2,0.3509090909090909,2,0.34783728115345003,-0.003071809755640864,3850,3884,current_best
Mouse,POLYIC_20190618_mouse34__E3_P1,x,4,3.1999998807907124,0,0.2597402597402597,0,0.27059732234809475,0.010857062607835033,3850,3884,current_best
Mouse,POLYIC_20190618_mouse34__E3_P1,x,5,3.1999998807907124,3,0.21012987012987014,3,0.21266735324407826,0.0025374831142081222,3850,3884,current_best
Mouse,POLYIC_20190618_mouse34__E3_P1,x,6,3.1999998807907124,2,0.1787012987012987,2,0.177394438722966,-0.0013068599783326862,3850,3884,current_best
Mouse,POLYIC_20190618_mouse34__E3_P1,x,7,3.1999998807907124,3,0.1561038961038961,3,0.15756951596292482,0.0014656198590287106,3850,3884,current_best
Mouse,POLYIC_20190618_mouse34__E3_P1,x,8,3.1999998807907124,7,0.14493506493506494,4,0.1398043254376931,-0.0051307394973718334,3850,3884,current_best
Mouse,POLYIC_20190618_mouse34__E3_P1,y,2,4.999999925494195,1,0.5001878287002254,0,0.5261317629738682,0.025943934273642832,5324,5434,current_best
Mouse,POLYIC_20190618_mouse34__E3_P1,y,3,4.999999925494195,0,0.34278737791134484,1,0.36142804563857195,0.01864066772722711,5324,5434,current_best
Mouse,POLYIC_20190618_mouse34__E3_P1,y,4,4.999999925494195,1,0.25563486100676186,2,0.2692307692307692,0.013595908224007358,5324,5434,current_best
Mouse,POLYIC_20190618_mouse34__E3_P1,y,5,4.999999925494195,3,0.22933884297520662,3,0.3424733161575267,0.11313447318232006,5324,5434,current_best
Mouse,POLYIC_20190618_mouse34__E3_P1,y,6,4.999999925494195,3,0.17449286250939144,2,0.2118145012881855,0.03732163877879405,5324,5434,current_best
Mouse,POLYIC_20190618_mouse34__E3_P1,y,7,4.999999925494195,3,0.1626596543951916,0,0.1888111888111888,0.026151534415997213,5324,5434,current_best
Mouse,POLYIC_20190618_mouse34__E3_P1,y,8,4.999999925494195,2,0.14350112697220135,1,0.1888111888111888,0.04531006183898745,5324,5434,current_best
Mouse,POLYIC_20190618_mouse34__E3_P1,x,2,3.1999998807907124,0,0.5088311688311689,0,0.5092085614733698,0.0003773926422009355,3850,4018,unetr_style
Mouse,POLYIC_20190618_mouse34__E3_P1,x,3,3.1999998807907124,2,0.3509090909090909,2,0.3558984569437531,0.004989366034662213,3850,4018,unetr_style
Mouse,POLYIC_20190618_mouse34__E3_P1,x,4,3.1999998807907124,0,0.2597402597402597,0,0.25933300149328026,-0.00040725824697945834,3850,4018,unetr_style
Mouse,POLYIC_20190618_mouse34__E3_P1,x,5,3.1999998807907124,3,0.21012987012987014,3,0.21154803384768542,0.0014181637178152795,3850,4018,unetr_style
Mouse,POLYIC_20190618_mouse34__E3_P1,x,6,3.1999998807907124,2,0.1787012987012987,5,0.17869586859133899,-5.430109959708718e-06,3850,4018,unetr_style
Mouse,POLYIC_20190618_mouse34__E3_P1,x,7,3.1999998807907124,3,0.1561038961038961,3,0.1602787456445993,0.004174849540703185,3850,4018,unetr_style
Mouse,POLYIC_20190618_mouse34__E3_P1,x,8,3.1999998807907124,7,0.14493506493506494,4,0.13837730214036834,-0.006557762794696609,3850,4018,unetr_style
Mouse,POLYIC_20190618_mouse34__E3_P1,y,2,4.999999925494195,1,0.5001878287002254,0,0.5086428834130194,0.008455054712794063,5324,5438,unetr_style
Mouse,POLYIC_20190618_mouse34__E3_P1,y,3,4.999999925494195,0,0.34278737791134484,1,0.37366678926075764,0.0308794113494128,5324,5438,unetr_style
Mouse,POLYIC_20190618_mouse34__E3_P1,y,4,4.999999925494195,1,0.25563486100676186,1,0.2673777123942626,0.011742851387500752,5324,5438,unetr_style
Mouse,POLYIC_20190618_mouse34__E3_P1,y,5,4.999999925494195,3,0.22933884297520662,3,0.3462670099301214,0.11692816695491476,5324,5438,unetr_style
Mouse,POLYIC_20190618_mouse34__E3_P1,y,6,4.999999925494195,3,0.17449286250939144,2,0.20117690327326224,0.026684040763870792,5324,5438,unetr_style
Mouse,POLYIC_20190618_mouse34__E3_P1,y,7,4.999999925494195,3,0.1626596543951916,5,0.1851783744023538,0.022518720007162207,5324,5438,unetr_style
Mouse,POLYIC_20190618_mouse34__E3_P1,y,8,4.999999925494195,2,0.14350112697220135,1,0.1906951084957705,0.047193981523569156,5324,5438,unetr_style
Mouse,POLYIC_20190618_mouse35__E3_P1,x,2,3.1999998807907124,0,0.5,0,0.5081664910432033,0.008166491043203328,3844,3796,current_best
Mouse,POLYIC_20190618_mouse35__E3_P1,x,3,3.1999998807907124,0,0.34391259105098854,1,0.3382507903055848,-0.005661800745403733,3844,3796,current_best
Mouse,POLYIC_20190618_mouse35__E3_P1,x,4,3.1999998807907124,0,0.2575442247658689,0,0.2542149631190727,-0.0033292616467962,3844,3796,current_best
Mouse,POLYIC_20190618_mouse35__E3_P1,x,5,3.1999998807907124,4,0.2187825182101977,4,0.2102212855637513,-0.008561232646446398,3844,3796,current_best
Mouse,POLYIC_20190618_mouse35__E3_P1,x,6,3.1999998807907124,3,0.17611862643080126,4,0.18177028451001054,0.005651658079209282,3844,3796,current_best
Mouse,POLYIC_20190618_mouse35__E3_P1,x,7,3.1999998807907124,6,0.15218522372528617,5,0.1554267650158061,0.003241541290519928,3844,3796,current_best
Mouse,POLYIC_20190618_mouse35__E3_P1,x,8,3.1999998807907124,0,0.136576482830385,1,0.13408851422550053,-0.002487968604884483,3844,3796,current_best
Mouse,POLYIC_20190618_mouse35__E3_P1,y,2,4.999999925494195,1,0.5055028462998102,1,0.5268595041322314,0.021356657832421133,5270,5324,current_best
Mouse,POLYIC_20190618_mouse35__E3_P1,y,3,4.999999925494195,2,0.36736242884250475,0,0.3628850488354621,-0.004477380007042675,5270,5324,current_best
Mouse,POLYIC_20190618_mouse35__E3_P1,y,4,4.999999925494195,1,0.2540796963946869,3,0.2973328324567994,0.04325313606211251,5270,5324,current_best
Mouse,POLYIC_20190618_mouse35__E3_P1,y,5,4.999999925494195,1,0.22618595825426946,2,0.35537190082644626,0.1291859425721768,5270,5324,current_best
Mouse,POLYIC_20190618_mouse35__E3_P1,y,6,4.999999925494195,2,0.18614800759013284,3,0.21487603305785125,0.02872802546771841,5270,5324,current_best
Mouse,POLYIC_20190618_mouse35__E3_P1,y,7,4.999999925494195,5,0.16091081593927894,4,0.18012772351615328,0.01921690757687433,5270,5324,current_best
Mouse,POLYIC_20190618_mouse35__E3_P1,y,8,4.999999925494195,1,0.14705882352941177,7,0.20980465815176558,0.06274583462235381,5270,5324,current_best
Mouse,POLYIC_20190618_mouse35__E3_P1,x,2,3.1999998807907124,0,0.5,0,0.515318935208438,0.015318935208437967,3844,3982,unetr_style
Mouse,POLYIC_20190618_mouse35__E3_P1,x,3,3.1999998807907124,0,0.34391259105098854,0,0.3515821195379206,0.007669528486932087,3844,3982,unetr_style
Mouse,POLYIC_20190618_mouse35__E3_P1,x,4,3.1999998807907124,0,0.2575442247658689,0,0.25841285786037166,0.0008686330945027465,3844,3982,unetr_style
Mouse,POLYIC_20190618_mouse35__E3_P1,x,5,3.1999998807907124,4,0.2187825182101977,4,0.209442491210447,-0.0093400269997507,3844,3982,unetr_style
Mouse,POLYIC_20190618_mouse35__E3_P1,x,6,3.1999998807907124,3,0.17611862643080126,3,0.18206931190356604,0.005950685472764783,3844,3982,unetr_style
Mouse,POLYIC_20190618_mouse35__E3_P1,x,7,3.1999998807907124,6,0.15218522372528617,4,0.1564540431943747,0.004268819469088525,3844,3982,unetr_style
Mouse,POLYIC_20190618_mouse35__E3_P1,x,8,3.1999998807907124,0,0.136576482830385,2,0.13987945755901557,0.003302974728630559,3844,3982,unetr_style
Mouse,POLYIC_20190618_mouse35__E3_P1,y,2,4.999999925494195,1,0.5055028462998102,1,0.5365031823287159,0.031000336028905617,5270,5342,unetr_style
Mouse,POLYIC_20190618_mouse35__E3_P1,y,3,4.999999925494195,2,0.36736242884250475,0,0.36278547360539126,-0.004576955237113489,5270,5342,unetr_style
Mouse,POLYIC_20190618_mouse35__E3_P1,y,4,4.999999925494195,1,0.2540796963946869,3,0.2995132909022838,0.045433594507596875,5270,5342,unetr_style
Mouse,POLYIC_20190618_mouse35__E3_P1,y,5,4.999999925494195,1,0.22618595825426946,2,0.3508049419692999,0.12461898371503044,5270,5342,unetr_style
Mouse,POLYIC_20190618_mouse35__E3_P1,y,6,4.999999925494195,2,0.18614800759013284,3,0.2147135904155747,0.02856558282544186,5270,5342,unetr_style
Mouse,POLYIC_20190618_mouse35__E3_P1,y,7,4.999999925494195,5,0.16091081593927894,4,0.17278172968925495,0.011870913749976009,5270,5342,unetr_style
Mouse,POLYIC_20190618_mouse35__E3_P1,y,8,4.999999925494195,1,0.14705882352941177,7,0.20366903781355297,0.0566102142841412,5270,5342,unetr_style
Mouse,POLYIC_20190618_mouse36__E3_P1,x,2,3.1999998807907124,0,0.509682224428997,1,0.5061819980217607,-0.003500226407236351,4028,4044,current_best
Mouse,POLYIC_20190618_mouse36__E3_P1,x,3,3.1999998807907124,2,0.34756703078450846,1,0.3464391691394659,-0.0011278616450425827,4028,4044,current_best
Mouse,POLYIC_20190618_mouse36__E3_P1,x,4,3.1999998807907124,0,0.27209533267130087,0,0.25939663699307614,-0.012698695678224736,4028,4044,current_best
Mouse,POLYIC_20190618_mouse36__E3_P1,x,5,3.1999998807907124,4,0.21002979145978154,4,0.20845697329376855,-0.0015728181660129847,4028,4044,current_best
Mouse,POLYIC_20190618_mouse36__E3_P1,x,6,3.1999998807907124,5,0.17576961271102284,1,0.17804154302670624,0.0022719303156834014,4028,4044,current_best
Mouse,POLYIC_20190618_mouse36__E3_P1,x,7,3.1999998807907124,0,0.16310824230387289,0,0.15454995054401582,-0.008558291759857062,4028,4044,current_best
Mouse,POLYIC_20190618_mouse36__E3_P1,x,8,3.1999998807907124,0,0.1422542204568024,1,0.13996043521266074,-0.002293785244141644,4028,4044,current_best
Mouse,POLYIC_20190618_mouse36__E3_P1,y,2,4.999999925494195,1,0.5084714548802947,0,0.5554535438854205,0.04698208900512579,5430,5446,current_best
Mouse,POLYIC_20190618_mouse36__E3_P1,y,3,4.999999925494195,2,0.36482504604051563,2,0.3545721630554535,-0.010252882985062106,5430,5446,current_best
Mouse,POLYIC_20190618_mouse36__E3_P1,y,4,4.999999925494195,1,0.26169429097605895,0,0.30811604847594565,0.046421757499886696,5430,5446,current_best
Mouse,POLYIC_20190618_mouse36__E3_P1,y,5,4.999999925494195,4,0.22136279926335176,2,0.35438854204921044,0.13302574278585869,5430,5446,current_best
Mouse,POLYIC_20190618_mouse36__E3_P1,y,6,4.999999925494195,5,0.19189686924493554,2,0.20455380095482922,0.012656931709893682,5430,5446,current_best
Mouse,POLYIC_20190618_mouse36__E3_P1,y,7,4.999999925494195,3,0.16335174953959483,1,0.16874770473742196,0.005395955197827124,5430,5446,current_best
Mouse,POLYIC_20190618_mouse36__E3_P1,y,8,4.999999925494195,1,0.13333333333333333,4,0.21373485126698494,0.0804015179336516,5430,5446,current_best
Mouse,POLYIC_20190618_mouse36__E3_P1,x,2,3.1999998807907124,0,0.509682224428997,0,0.5103117505995204,0.0006295261705233646,4028,4170,unetr_style
Mouse,POLYIC_20190618_mouse36__E3_P1,x,3,3.1999998807907124,2,0.34756703078450846,2,0.3460431654676259,-0.0015238653168825333,4028,4170,unetr_style
Mouse,POLYIC_20190618_mouse36__E3_P1,x,4,3.1999998807907124,0,0.27209533267130087,0,0.2621103117505995,-0.00998502092070136,4028,4170,unetr_style
Mouse,POLYIC_20190618_mouse36__E3_P1,x,5,3.1999998807907124,4,0.21002979145978154,1,0.2103117505995204,0.00028195913973885767,4028,4170,unetr_style
Mouse,POLYIC_20190618_mouse36__E3_P1,x,6,3.1999998807907124,5,0.17576961271102284,4,0.1776978417266187,0.0019282290155958615,4028,4170,unetr_style
Mouse,POLYIC_20190618_mouse36__E3_P1,x,7,3.1999998807907124,0,0.16310824230387289,1,0.16115107913669063,-0.001957163167182252,4028,4170,unetr_style
Mouse,POLYIC_20190618_mouse36__E3_P1,x,8,3.1999998807907124,0,0.1422542204568024,4,0.13381294964028778,-0.008441270816514607,4028,4170,unetr_style
Mouse,POLYIC_20190618_mouse36__E3_P1,y,2,4.999999925494195,1,0.5084714548802947,0,0.553558327219369,0.04508687233907438,5430,5452,unetr_style
Mouse,POLYIC_20190618_mouse36__E3_P1,y,3,4.999999925494195,2,0.36482504604051563,0,0.34207630227439473,-0.022748743766120905,5430,5452,unetr_style
Mouse,POLYIC_20190618_mouse36__E3_P1,y,4,4.999999925494195,1,0.26169429097605895,0,0.31346294937637564,0.05176865840031669,5430,5452,unetr_style
Mouse,POLYIC_20190618_mouse36__E3_P1,y,5,4.999999925494195,4,0.22136279926335176,2,0.34501100513573,0.12364820587237826,5430,5452,unetr_style
Mouse,POLYIC_20190618_mouse36__E3_P1,y,6,4.999999925494195,5,0.19189686924493554,2,0.19570799706529715,0.0038111278203616095,5430,5452,unetr_style
Mouse,POLYIC_20190618_mouse36__E3_P1,y,7,4.999999925494195,3,0.16335174953959483,5,0.16489361702127658,0.0015418674816817524,5430,5452,unetr_style
Mouse,POLYIC_20190618_mouse36__E3_P1,y,8,4.999999925494195,1,0.13333333333333333,4,0.20341159207630227,0.07007825874296894,5430,5452,unetr_style
Mouse,POLYIC_20190619_mouse38__E3_P1,x,2,3.1999998807907124,1,0.512874408828166,0,0.5162120432321153,0.0033376344039492967,3806,3886,current_best
Mouse,POLYIC_20190619_mouse38__E3_P1,x,3,3.1999998807907124,2,0.3399894902785076,2,0.34354091610910964,0.0035514258306020285,3806,3886,current_best
Mouse,POLYIC_20190619_mouse38__E3_P1,x,4,3.1999998807907124,3,0.27167630057803466,0,0.26891405043746786,-0.002762250140566802,3806,3886,current_best
Mouse,POLYIC_20190619_mouse38__E3_P1,x,5,3.1999998807907124,0,0.20861797162375198,3,0.2074112197632527,-0.0012067518604992888,3806,3886,current_best
Mouse,POLYIC_20190619_mouse38__E3_P1,x,6,3.1999998807907124,1,0.17840252233315818,0,0.1829644879053011,0.0045619655721429175,3806,3886,current_best
Mouse,POLYIC_20190619_mouse38__E3_P1,x,7,3.1999998807907124,0,0.15423016290068314,0,0.15568708183221822,0.0014569189315350728,3806,3886,current_best
Mouse,POLYIC_20190619_mouse38__E3_P1,x,8,3.1999998807907124,7,0.1371518654755649,4,0.1453937210499228,0.008241855574357887,3806,3886,current_best
Mouse,POLYIC_20190619_mouse38__E3_P1,y,2,4.999999925494195,0,0.5113886847905952,1,0.5576504713560552,0.046261786565459984,5444,5516,current_best
Mouse,POLYIC_20190619_mouse38__E3_P1,y,3,4.999999925494195,0,0.35121234386480527,2,0.35351704133430023,0.002304697469494965,5444,5516,current_best
Mouse,POLYIC_20190619_mouse38__E3_P1,y,4,4.999999925494195,2,0.2613886847905951,1,0.2982233502538071,0.03683466546321196,5444,5516,current_best
Mouse,POLYIC_20190619_mouse38__E3_P1,y,5,4.999999925494195,3,0.22740631888317414,3,0.34463379260333576,0.11722747372016162,5444,5516,current_best
Mouse,POLYIC_20190619_mouse38__E3_P1,y,6,4.999999925494195,0,0.17946362968405585,3,0.20322697606961565,0.023763346385559797,5444,5516,current_best
Mouse,POLYIC_20190619_mouse38__E3_P1,y,7,4.999999925494195,5,0.1607274063188832,0,0.16950688905003625,0.00877948273115306,5444,5516,current_best
Mouse,POLYIC_20190619_mouse38__E3_P1,y,8,4.999999925494195,1,0.14695077149155034,1,0.22026831036983321,0.07331753887828288,5444,5516,current_best
Mouse,POLYIC_20190619_mouse38__E3_P1,x,2,3.1999998807907124,1,0.512874408828166,0,0.512941762070682,6.735324251594399e-05,3806,4018,unetr_style
Mouse,POLYIC_20190619_mouse38__E3_P1,x,3,3.1999998807907124,2,0.3399894902785076,0,0.3424589347934296,0.0024694445149219812,3806,4018,unetr_style
Mouse,POLYIC_20190619_mouse38__E3_P1,x,4,3.1999998807907124,3,0.27167630057803466,0,0.2730214036834246,0.0013451031053899332,3806,4018,unetr_style
Mouse,POLYIC_20190619_mouse38__E3_P1,x,5,3.1999998807907124,0,0.20861797162375198,3,0.20681931309109008,-0.0017986585326618953,3806,4018,unetr_style
Mouse,POLYIC_20190619_mouse38__E3_P1,x,6,3.1999998807907124,1,0.17840252233315818,2,0.1791936286709806,0.0007911063378224226,3806,4018,unetr_style
Mouse,POLYIC_20190619_mouse38__E3_P1,x,7,3.1999998807907124,0,0.15423016290068314,4,0.15306122448979592,-0.0011689384108872214,3806,4018,unetr_style
Mouse,POLYIC_20190619_mouse38__E3_P1,x,8,3.1999998807907124,7,0.1371518654755649,4,0.13812842210054754,0.0009765566249826385,3806,4018,unetr_style
Mouse,POLYIC_20190619_mouse38__E3_P1,y,2,4.999999925494195,0,0.5113886847905952,1,0.5633116883116883,0.051923003521093136,5444,5544,unetr_style
Mouse,POLYIC_20190619_mouse38__E3_P1,y,3,4.999999925494195,0,0.35121234386480527,2,0.3522727272727273,0.0010603834079220276,5444,5544,unetr_style
Mouse,POLYIC_20190619_mouse38__E3_P1,y,4,4.999999925494195,2,0.2613886847905951,1,0.28823953823953824,0.026850853448943113,5444,5544,unetr_style
Mouse,POLYIC_20190619_mouse38__E3_P1,y,5,4.999999925494195,3,0.22740631888317414,3,0.34145021645021645,0.11404389756704231,5444,5544,unetr_style
Mouse,POLYIC_20190619_mouse38__E3_P1,y,6,4.999999925494195,0,0.17946362968405585,3,0.20364357864357865,0.0241799489595228,5444,5544,unetr_style
Mouse,POLYIC_20190619_mouse38__E3_P1,y,7,4.999999925494195,5,0.1607274063188832,5,0.1672077922077922,0.006480385888909007,5444,5544,unetr_style
Mouse,POLYIC_20190619_mouse38__E3_P1,y,8,4.999999925494195,1,0.14695077149155034,1,0.2050865800865801,0.05813580859502976,5444,5544,unetr_style
Mouse,POLYIC_20190619_mouse39__E3_P1,x,2,3.1999998807907124,0,0.5027610441767069,0,0.5166500994035785,0.013889055226871672,3984,4024,current_best
Mouse,POLYIC_20190619_mouse39__E3_P1,x,3,3.1999998807907124,2,0.33559236947791166,0,0.34070576540755465,0.005113395929642994,3984,4024,current_best
Mouse,POLYIC_20190619_mouse39__E3_P1,x,4,3.1999998807907124,2,0.2592871485943775,2,0.2654075546719682,0.006120406077590679,3984,4024,current_best
Mouse,POLYIC_20190619_mouse39__E3_P1,x,5,3.1999998807907124,2,0.2103413654618474,2,0.21620278330019882,0.005861417838351424,3984,4024,current_best
Mouse,POLYIC_20190619_mouse39__E3_P1,x,6,3.1999998807907124,2,0.17394578313253012,0,0.17693836978131214,0.0029925866487820196,3984,4024,current_best
Mouse,POLYIC_20190619_mouse39__E3_P1,x,7,3.1999998807907124,2,0.15813253012048192,2,0.15780318091451292,-0.0003293492059689984,3984,4024,current_best
Mouse,POLYIC_20190619_mouse39__E3_P1,x,8,3.1999998807907124,6,0.13579317269076305,6,0.147117296222664,0.01132412353190096,3984,4024,current_best
Mouse,POLYIC_20190619_mouse39__E3_P1,y,2,4.999999925494195,1,0.5052727272727273,0,0.5284890010818608,0.023216273809133492,5500,5546,current_best
Mouse,POLYIC_20190619_mouse39__E3_P1,y,3,4.999999925494195,2,0.3507272727272727,2,0.3487197980526506,-0.002007474674622145,5500,5546,current_best
Mouse,POLYIC_20190619_mouse39__E3_P1,y,4,4.999999925494195,2,0.2672727272727273,2,0.2724486116119726,0.005175884339245318,5500,5546,current_best
Mouse,POLYIC_20190619_mouse39__E3_P1,y,5,4.999999925494195,3,0.236,3,0.36188243779300394,0.12588243779300395,5500,5546,current_best
Mouse,POLYIC_20190619_mouse39__E3_P1,y,6,4.999999925494195,2,0.17745454545454545,2,0.20753696357735305,0.030082418122807597,5500,5546,current_best
Mouse,POLYIC_20190619_mouse39__E3_P1,y,7,4.999999925494195,3,0.1658181818181818,0,0.18734222863324917,0.021524046815067366,5500,5546,current_best
Mouse,POLYIC_20190619_mouse39__E3_P1,y,8,4.999999925494195,2,0.14254545454545456,1,0.16444284168770285,0.021897387142248287,5500,5546,current_best
Mouse,POLYIC_20190619_mouse39__E3_P1,x,2,3.1999998807907124,0,0.5027610441767069,0,0.5002465483234714,-0.0025144958532354877,3984,4056,unetr_style
Mouse,POLYIC_20190619_mouse39__E3_P1,x,3,3.1999998807907124,2,0.33559236947791166,1,0.34171597633136097,0.006123606853449315,3984,4056,unetr_style
Mouse,POLYIC_20190619_mouse39__E3_P1,x,4,3.1999998807907124,2,0.2592871485943775,2,0.26947731755424065,0.010190168959863133,3984,4056,unetr_style
Mouse,POLYIC_20190619_mouse39__E3_P1,x,5,3.1999998807907124,2,0.2103413654618474,2,0.21622287968441814,0.005881514222570744,3984,4056,unetr_style
Mouse,POLYIC_20190619_mouse39__E3_P1,x,6,3.1999998807907124,2,0.17394578313253012,4,0.1760355029585799,0.002089719826049774,3984,4056,unetr_style
Mouse,POLYIC_20190619_mouse39__E3_P1,x,7,3.1999998807907124,2,0.15813253012048192,2,0.16395463510848127,0.005822104987999344,3984,4056,unetr_style
Mouse,POLYIC_20190619_mouse39__E3_P1,x,8,3.1999998807907124,6,0.13579317269076305,6,0.14792899408284024,0.012135821392077195,3984,4056,unetr_style
Mouse,POLYIC_20190619_mouse39__E3_P1,y,2,4.999999925494195,1,0.5052727272727273,0,0.5197463768115942,0.014473649538866873,5500,5520,unetr_style
Mouse,POLYIC_20190619_mouse39__E3_P1,y,3,4.999999925494195,2,0.3507272727272727,2,0.34692028985507245,-0.0038069828722002708,5500,5520,unetr_style
Mouse,POLYIC_20190619_mouse39__E3_P1,y,4,4.999999925494195,2,0.2672727272727273,2,0.2653985507246377,-0.001874176548089579,5500,5520,unetr_style
Mouse,POLYIC_20190619_mouse39__E3_P1,y,5,4.999999925494195,3,0.236,3,0.35,0.11399999999999999,5500,5520,unetr_style
Mouse,POLYIC_20190619_mouse39__E3_P1,y,6,4.999999925494195,2,0.17745454545454545,2,0.19583333333333333,0.018378787878787883,5500,5520,unetr_style
Mouse,POLYIC_20190619_mouse39__E3_P1,y,7,4.999999925494195,3,0.1658181818181818,0,0.17445652173913043,0.008638339920948618,5500,5520,unetr_style
Mouse,POLYIC_20190619_mouse39__E3_P1,y,8,4.999999925494195,2,0.14254545454545456,1,0.17028985507246377,0.027744400527009216,5500,5520,unetr_style
Mouse,POLYIC_20190619_mouse42__E3_P1,x,2,3.1999998807907124,0,0.5025037556334502,1,0.5034705007436787,0.0009667451102285396,3994,4034,current_best
Mouse,POLYIC_20190619_mouse42__E3_P1,x,3,3.1999998807907124,1,0.33950926389584374,1,0.3438274665344571,0.004318202638613378,3994,4034,current_best
Mouse,POLYIC_20190619_mouse42__E3_P1,x,4,3.1999998807907124,2,0.2661492238357536,1,0.2545860188398612,-0.011563204995892418,3994,4034,current_best
Mouse,POLYIC_20190619_mouse42__E3_P1,x,5,3.1999998807907124,0,0.21932899349023535,0,0.20872583044124937,-0.01060316304898598,3994,4034,current_best
Mouse,POLYIC_20190619_mouse42__E3_P1,x,6,3.1999998807907124,4,0.17050575863795694,1,0.17302925136341102,0.002523492725454074,3994,4034,current_best
Mouse,POLYIC_20190619_mouse42__E3_P1,x,7,3.1999998807907124,6,0.16099148723084628,5,0.1663361427863163,0.005344655555470035,3994,4034,current_best
Mouse,POLYIC_20190619_mouse42__E3_P1,x,8,3.1999998807907124,2,0.1357035553329995,1,0.13435795736241943,-0.0013455979705800647,3994,4034,current_best
Mouse,POLYIC_20190619_mouse42__E3_P1,y,2,4.999999925494195,1,0.5154735272184937,0,0.572556943423953,0.057083416205459314,5364,5444,current_best
Mouse,POLYIC_20190619_mouse42__E3_P1,y,3,4.999999925494195,0,0.33687546607009694,0,0.3910727406318883,0.05419727456179135,5364,5444,current_best
Mouse,POLYIC_20190619_mouse42__E3_P1,y,4,4.999999925494195,3,0.26304996271439224,2,0.2946362968405584,0.03158633412616618,5364,5444,current_best
Mouse,POLYIC_20190619_mouse42__E3_P1,y,5,4.999999925494195,1,0.22054436987322892,0,0.34423218221895663,0.1236878123457277,5364,5444,current_best
Mouse,POLYIC_20190619_mouse42__E3_P1,y,6,4.999999925494195,5,0.18586875466070096,4,0.22942689199118296,0.043558137330482,5364,5444,current_best
Mouse,POLYIC_20190619_mouse42__E3_P1,y,7,4.999999925494195,0,0.15902311707680836,3,0.1618295371050698,0.0028064200282614526,5364,5444,current_best
Mouse,POLYIC_20190619_mouse42__E3_P1,y,8,4.999999925494195,3,0.14410887397464578,4,0.16936076414401174,0.025251890169365965,5364,5444,current_best
Mouse,POLYIC_20190619_mouse42__E3_P1,x,2,3.1999998807907124,0,0.5025037556334502,1,0.5058280718795531,0.003324316246102965,3994,4118,unetr_style
Mouse,POLYIC_20190619_mouse42__E3_P1,x,3,3.1999998807907124,1,0.33950926389584374,0,0.3365711510441962,-0.002938112851647523,3994,4118,unetr_style
Mouse,POLYIC_20190619_mouse42__E3_P1,x,4,3.1999998807907124,2,0.2661492238357536,1,0.25813501699854297,-0.008014206837210658,3994,4118,unetr_style
Mouse,POLYIC_20190619_mouse42__E3_P1,x,5,3.1999998807907124,0,0.21932899349023535,1,0.21733851384167072,-0.001990479648564636,3994,4118,unetr_style
Mouse,POLYIC_20190619_mouse42__E3_P1,x,6,3.1999998807907124,4,0.17050575863795694,3,0.172656629431763,0.002150870793806048,3994,4118,unetr_style
Mouse,POLYIC_20190619_mouse42__E3_P1,x,7,3.1999998807907124,6,0.16099148723084628,4,0.16075764934434192,-0.00023383788650435666,3994,4118,unetr_style
Mouse,POLYIC_20190619_mouse42__E3_P1,x,8,3.1999998807907124,2,0.1357035553329995,1,0.1359883438562409,0.0002847885232414027,3994,4118,unetr_style
Mouse,POLYIC_20190619_mouse42__E3_P1,y,2,4.999999925494195,1,0.5154735272184937,0,0.5624311421226589,0.04695761490416517,5364,5446,unetr_style
Mouse,POLYIC_20190619_mouse42__E3_P1,y,3,4.999999925494195,0,0.33687546607009694,0,0.3885420492104297,0.051666583140332734,5364,5446,unetr_style
Mouse,POLYIC_20190619_mouse42__E3_P1,y,4,4.999999925494195,3,0.26304996271439224,2,0.28369445464561144,0.0206444919312192,5364,5446,unetr_style
Mouse,POLYIC_20190619_mouse42__E3_P1,y,5,4.999999925494195,1,0.22054436987322892,3,0.3453911127432978,0.12484674287006889,5364,5446,unetr_style
Mouse,POLYIC_20190619_mouse42__E3_P1,y,6,4.999999925494195,5,0.18586875466070096,4,0.22603745868527358,0.04016870402457262,5364,5446,unetr_style
Mouse,POLYIC_20190619_mouse42__E3_P1,y,7,4.999999925494195,0,0.15902311707680836,3,0.16378993756885787,0.004766820492049517,5364,5446,unetr_style
Mouse,POLYIC_20190619_mouse42__E3_P1,y,8,4.999999925494195,3,0.14410887397464578,4,0.17352185089974292,0.029412976925097145,5364,5446,unetr_style
Mouse,POLYIC_20190619_mouse43__E3_P1,x,2,3.1999998807907124,1,0.5088148873653281,0,0.5118110236220472,0.0029961362567191285,4084,4064,current_best
Mouse,POLYIC_20190619_mouse43__E3_P1,x,3,3.1999998807907124,2,0.3396180215475024,2,0.3484251968503937,0.008807175302891268,4084,4064,current_best
Mouse,POLYIC_20190619_mouse43__E3_P1,x,4,3.1999998807907124,0,0.2615083251714006,0,0.2593503937007874,-0.002157931470613217,4084,4064,current_best
Mouse,POLYIC_20190619_mouse43__E3_P1,x,5,3.1999998807907124,1,0.21449559255631734,0,0.20521653543307086,-0.009279057123246476,4084,4064,current_best
Mouse,POLYIC_20190619_mouse43__E3_P1,x,6,3.1999998807907124,5,0.17580803134182174,2,0.1747047244094488,-0.0011033069323729272,4084,4064,current_best
Mouse,POLYIC_20190619_mouse43__E3_P1,x,7,3.1999998807907124,0,0.15523996082272282,0,0.1577263779527559,0.002486417130033086,4084,4064,current_best
Mouse,POLYIC_20190619_mouse43__E3_P1,x,8,3.1999998807907124,7,0.13491674828599412,6,0.13558070866141733,0.0006639603754232115,4084,4064,current_best
Mouse,POLYIC_20190619_mouse43__E3_P1,y,2,4.999999925494195,0,0.5091743119266054,0,0.5098634294385432,0.0006891175119377868,5232,5272,current_best
Mouse,POLYIC_20190619_mouse43__E3_P1,y,3,4.999999925494195,0,0.3388761467889908,0,0.3681714719271624,0.02929532513817157,5232,5272,current_best
Mouse,POLYIC_20190619_mouse43__E3_P1,y,4,4.999999925494195,2,0.2566896024464832,3,0.26783004552352047,0.011140443077037265,5232,5272,current_best
Mouse,POLYIC_20190619_mouse43__E3_P1,y,5,4.999999925494195,0,0.21521406727828746,0,0.3600151745068285,0.14480110722854106,5232,5272,current_best
Mouse,POLYIC_20190619_mouse43__E3_P1,y,6,4.999999925494195,4,0.1834862385321101,4,0.19954476479514416,0.016058526263034056,5232,5272,current_best
Mouse,POLYIC_20190619_mouse43__E3_P1,y,7,4.999999925494195,2,0.17392966360856268,3,0.17621396054628224,0.00228429693771956,5232,5272,current_best
Mouse,POLYIC_20190619_mouse43__E3_P1,y,8,4.999999925494195,6,0.15347859327217125,4,0.164453717754173,0.010975124482001747,5232,5272,current_best
Mouse,POLYIC_20190619_mouse43__E3_P1,x,2,3.1999998807907124,1,0.5088148873653281,0,0.5130371801062289,0.0042222927409008015,4084,4142,unetr_style
Mouse,POLYIC_20190619_mouse43__E3_P1,x,3,3.1999998807907124,2,0.3396180215475024,2,0.34451955577015936,0.004901534222656934,4084,4142,unetr_style
Mouse,POLYIC_20190619_mouse43__E3_P1,x,4,3.1999998807907124,0,0.2615083251714006,2,0.25857073877353937,-0.002937586397861236,4084,4142,unetr_style
Mouse,POLYIC_20190619_mouse43__E3_P1,x,5,3.1999998807907124,1,0.21449559255631734,0,0.20907774022211492,-0.0054178523342024165,4084,4142,unetr_style
Mouse,POLYIC_20190619_mouse43__E3_P1,x,6,3.1999998807907124,5,0.17580803134182174,2,0.17503621438918396,-0.0007718169526377827,4084,4142,unetr_style
Mouse,POLYIC_20190619_mouse43__E3_P1,x,7,3.1999998807907124,0,0.15523996082272282,1,0.15910188314823756,0.003861922325514744,4084,4142,unetr_style
Mouse,POLYIC_20190619_mouse43__E3_P1,x,8,3.1999998807907124,7,0.13491674828599412,6,0.1453404152583293,0.010423666972335183,4084,4142,unetr_style
Mouse,POLYIC_20190619_mouse43__E3_P1,y,2,4.999999925494195,0,0.5091743119266054,1,0.500188679245283,-0.008985632681322464,5232,5300,unetr_style
Mouse,POLYIC_20190619_mouse43__E3_P1,y,3,4.999999925494195,0,0.3388761467889908,0,0.36471698113207546,0.02584083434308465,5232,5300,unetr_style
Mouse,POLYIC_20190619_mouse43__E3_P1,y,4,4.999999925494195,2,0.2566896024464832,3,0.26132075471698113,0.004631152270497929,5232,5300,unetr_style
Mouse,POLYIC_20190619_mouse43__E3_P1,y,5,4.999999925494195,0,0.21521406727828746,0,0.33641509433962263,0.12120102706133518,5232,5300,unetr_style
Mouse,POLYIC_20190619_mouse43__E3_P1,y,6,4.999999925494195,4,0.1834862385321101,4,0.19245283018867926,0.008966591656569156,5232,5300,unetr_style
Mouse,POLYIC_20190619_mouse43__E3_P1,y,7,4.999999925494195,2,0.17392966360856268,3,0.17452830188679244,0.0005986382782297572,5232,5300,unetr_style
Mouse,POLYIC_20190619_mouse43__E3_P1,y,8,4.999999925494195,6,0.15347859327217125,4,0.16226415094339622,0.008785557671224964,5232,5300,unetr_style
Mouse,POLYIC_20190628_mouse33__E3_P1,x,2,3.1999998807907124,0,0.5121334681496461,0,0.5073084677419355,-0.004825000407710611,3956,3968,current_best
Mouse,POLYIC_20190628_mouse33__E3_P1,x,3,3.1999998807907124,2,0.35085945399393326,2,0.3467741935483871,-0.004085260445546135,3956,3968,current_best
Mouse,POLYIC_20190628_mouse33__E3_P1,x,4,3.1999998807907124,2,0.2616279069767442,2,0.25756048387096775,-0.004067423105776458,3956,3968,current_best
Mouse,POLYIC_20190628_mouse33__E3_P1,x,5,3.1999998807907124,4,0.21081900910010112,1,0.21597782258064516,0.005158813480544033,3956,3968,current_best
Mouse,POLYIC_20190628_mouse33__E3_P1,x,6,3.1999998807907124,5,0.17669362992922144,0,0.1822076612903226,0.0055140313611011516,3956,3968,current_best
Mouse,POLYIC_20190628_mouse33__E3_P1,x,7,3.1999998807907124,0,0.15091001011122346,0,0.16028225806451613,0.009372247953292667,3956,3968,current_best
Mouse,POLYIC_20190628_mouse33__E3_P1,x,8,3.1999998807907124,6,0.13675429726996965,6,0.13860887096774194,0.0018545736977722826,3956,3968,current_best
Mouse,POLYIC_20190628_mouse33__E3_P1,y,2,4.999999925494195,0,0.5018463810930576,0,0.5190127970749543,0.01716641598189672,5416,5470,current_best
Mouse,POLYIC_20190628_mouse33__E3_P1,y,3,4.999999925494195,1,0.33899556868537667,2,0.3853747714808044,0.04637920279542773,5416,5470,current_best
Mouse,POLYIC_20190628_mouse33__E3_P1,y,4,4.999999925494195,2,0.25406203840472674,2,0.2789762340036563,0.024914195598929545,5416,5470,current_best
Mouse,POLYIC_20190628_mouse33__E3_P1,y,5,4.999999925494195,3,0.22950516986706057,3,0.35612431444241316,0.1266191445753526,5416,5470,current_best
Mouse,POLYIC_20190628_mouse33__E3_P1,y,6,4.999999925494195,2,0.18112998522895127,2,0.23473491773308958,0.05360493250413831,5416,5470,current_best
Mouse,POLYIC_20190628_mouse33__E3_P1,y,7,4.999999925494195,3,0.15528064992614476,0,0.2076782449725777,0.05239759504643293,5416,5470,current_best
Mouse,POLYIC_20190628_mouse33__E3_P1,y,8,4.999999925494195,2,0.14143279172821271,1,0.196709323583181,0.05527653185496828,5416,5470,current_best
Mouse,POLYIC_20190628_mouse33__E3_P1,x,2,3.1999998807907124,0,0.5121334681496461,0,0.5138271604938272,0.0016936923441810414,3956,4050,unetr_style
Mouse,POLYIC_20190628_mouse33__E3_P1,x,3,3.1999998807907124,2,0.35085945399393326,0,0.3451851851851852,-0.005674268808748051,3956,4050,unetr_style
Mouse,POLYIC_20190628_mouse33__E3_P1,x,4,3.1999998807907124,2,0.2616279069767442,2,0.25753086419753085,-0.004097042779213356,3956,4050,unetr_style
Mouse,POLYIC_20190628_mouse33__E3_P1,x,5,3.1999998807907124,4,0.21081900910010112,3,0.20814814814814814,-0.002670860951952986,3956,4050,unetr_style
Mouse,POLYIC_20190628_mouse33__E3_P1,x,6,3.1999998807907124,5,0.17669362992922144,0,0.18617283950617283,0.009479209576951392,3956,4050,unetr_style
Mouse,POLYIC_20190628_mouse33__E3_P1,x,7,3.1999998807907124,0,0.15091001011122346,1,0.15407407407407409,0.0031640639628506273,3956,4050,unetr_style
Mouse,POLYIC_20190628_mouse33__E3_P1,x,8,3.1999998807907124,6,0.13675429726996965,4,0.13555555555555557,-0.0011987417144140866,3956,4050,unetr_style
Mouse,POLYIC_20190628_mouse33__E3_P1,y,2,4.999999925494195,0,0.5018463810930576,0,0.5100585223116313,0.00821214121857372,5416,5468,unetr_style
Mouse,POLYIC_20190628_mouse33__E3_P1,y,3,4.999999925494195,1,0.33899556868537667,2,0.36960497439648865,0.03060940571111198,5416,5468,unetr_style
Mouse,POLYIC_20190628_mouse33__E3_P1,y,4,4.999999925494195,2,0.25406203840472674,1,0.2648134601316752,0.010751421726948485,5416,5468,unetr_style
Mouse,POLYIC_20190628_mouse33__E3_P1,y,5,4.999999925494195,3,0.22950516986706057,3,0.3463789319678127,0.11687376210075215,5416,5468,unetr_style
Mouse,POLYIC_20190628_mouse33__E3_P1,y,6,4.999999925494195,2,0.18112998522895127,2,0.21799561082662766,0.036865625597676394,5416,5468,unetr_style
Mouse,POLYIC_20190628_mouse33__E3_P1,y,7,4.999999925494195,3,0.15528064992614476,0,0.19897585954645208,0.04369520962030732,5416,5468,unetr_style
Mouse,POLYIC_20190628_mouse33__E3_P1,y,8,4.999999925494195,2,0.14143279172821271,1,0.18983174835406,0.048398956625847284,5416,5468,unetr_style
Mouse,POLYIC_20190628_mouse34__E6_P1,x,2,3.1999998807907124,0,0.5033197139938713,0,0.5100205549845838,0.006700840990712442,3916,3892,current_best
Mouse,POLYIC_20190628_mouse34__E6_P1,x,3,3.1999998807907124,2,0.3409090909090909,1,0.3404419321685509,-0.00046715874053998574,3916,3892,current_best
Mouse,POLYIC_20190628_mouse34__E6_P1,x,4,3.1999998807907124,2,0.26072522982635343,2,0.2649023638232271,0.004177133996873694,3916,3892,current_best
Mouse,POLYIC_20190628_mouse34__E6_P1,x,5,3.1999998807907124,0,0.21220633299284986,1,0.20606372045220966,-0.006142612540640191,3916,3892,current_best
Mouse,POLYIC_20190628_mouse34__E6_P1,x,6,3.1999998807907124,5,0.1764555669050051,4,0.18396711202466598,0.007511545119660873,3916,3892,current_best
Mouse,POLYIC_20190628_mouse34__E6_P1,x,7,3.1999998807907124,3,0.1511746680286006,4,0.15082219938335045,-0.00035246864525015353,3916,3892,current_best
Mouse,POLYIC_20190628_mouse34__E6_P1,x,8,3.1999998807907124,2,0.13789581205311544,1,0.14773895169578624,0.009843139642670806,3916,3892,current_best
Mouse,POLYIC_20190628_mouse34__E6_P1,y,2,4.999999925494195,1,0.5059501673484567,0,0.548716995165489,0.04276682781703234,5378,5378,current_best
Mouse,POLYIC_20190628_mouse34__E6_P1,y,3,4.999999925494195,2,0.3462253625883228,1,0.34659724804760134,0.00037188545927852035,5378,5378,current_best
Mouse,POLYIC_20190628_mouse34__E6_P1,y,4,4.999999925494195,1,0.2612495351431759,2,0.2759390107846783,0.014689475641502414,5378,5378,current_best
Mouse,POLYIC_20190628_mouse34__E6_P1,y,5,4.999999925494195,1,0.21309036816660468,0,0.3558943845295649,0.14280401636296022,5378,5378,current_best
Mouse,POLYIC_20190628_mouse34__E6_P1,y,6,4.999999925494195,5,0.1911491260691707,4,0.20490888806247676,0.013759761993306058,5378,5378,current_best
Mouse,POLYIC_20190628_mouse34__E6_P1,y,7,4.999999925494195,3,0.17869096318333952,5,0.1569356638155448,-0.021755299367794717,5378,5378,current_best
Mouse,POLYIC_20190628_mouse34__E6_P1,y,8,4.999999925494195,5,0.1569356638155448,6,0.20435105987355895,0.04741539605801415,5378,5378,current_best
Mouse,POLYIC_20190628_mouse34__E6_P1,x,2,3.1999998807907124,0,0.5033197139938713,1,0.5112725450901804,0.007952831096309065,3916,3992,unetr_style
Mouse,POLYIC_20190628_mouse34__E6_P1,x,3,3.1999998807907124,2,0.3409090909090909,2,0.3502004008016032,0.009291309892512312,3916,3992,unetr_style
Mouse,POLYIC_20190628_mouse34__E6_P1,x,4,3.1999998807907124,2,0.26072522982635343,1,0.2715430861723447,0.01081785634599125,3916,3992,unetr_style
Mouse,POLYIC_20190628_mouse34__E6_P1,x,5,3.1999998807907124,0,0.21220633299284986,4,0.20691382765531063,-0.005292505337539222,3916,3992,unetr_style
Mouse,POLYIC_20190628_mouse34__E6_P1,x,6,3.1999998807907124,5,0.1764555669050051,5,0.1906312625250501,0.014175695620045003,3916,3992,unetr_style
Mouse,POLYIC_20190628_mouse34__E6_P1,x,7,3.1999998807907124,3,0.1511746680286006,3,0.1530561122244489,0.001881444195848292,3916,3992,unetr_style
Mouse,POLYIC_20190628_mouse34__E6_P1,x,8,3.1999998807907124,2,0.13789581205311544,1,0.14253507014028055,0.004639258087165116,3916,3992,unetr_style
Mouse,POLYIC_20190628_mouse34__E6_P1,y,2,4.999999925494195,1,0.5059501673484567,0,0.5375369822485208,0.0315868149000641,5378,5408,unetr_style
Mouse,POLYIC_20190628_mouse34__E6_P1,y,3,4.999999925494195,2,0.3462253625883228,1,0.3594674556213018,0.013242093032978963,5378,5408,unetr_style
Mouse,POLYIC_20190628_mouse34__E6_P1,y,4,4.999999925494195,1,0.2612495351431759,0,0.27163461538461536,0.01038508024143947,5378,5408,unetr_style
Mouse,POLYIC_20190628_mouse34__E6_P1,y,5,4.999999925494195,1,0.21309036816660468,0,0.3578032544378698,0.14471288627126513,5378,5408,unetr_style
Mouse,POLYIC_20190628_mouse34__E6_P1,y,6,4.999999925494195,5,0.1911491260691707,4,0.20580621301775148,0.014657086948580783,5378,5408,unetr_style
Mouse,POLYIC_20190628_mouse34__E6_P1,y,7,4.999999925494195,3,0.17869096318333952,5,0.16475591715976332,-0.013935046023576203,5378,5408,unetr_style
Mouse,POLYIC_20190628_mouse34__E6_P1,y,8,4.999999925494195,5,0.1569356638155448,6,0.20266272189349113,0.04572705807794633,5378,5408,unetr_style
Mouse,POLYIC_20190628_mouse35__E3_P1,x,2,3.1999998807907124,1,0.5177215189873418,1,0.5177484787018256,2.6959714483854036e-05,3950,3944,current_best
Mouse,POLYIC_20190628_mouse35__E3_P1,x,3,3.1999998807907124,0,0.3473417721518987,0,0.33975659229208927,-0.007585179859809443,3950,3944,current_best
Mouse,POLYIC_20190628_mouse35__E3_P1,x,4,3.1999998807907124,3,0.260253164556962,3,0.26140973630831643,0.0011565717513544183,3950,3944,current_best
Mouse,POLYIC_20190628_mouse35__E3_P1,x,5,3.1999998807907124,1,0.20810126582278482,1,0.2079107505070994,-0.00019051531568542446,3950,3944,current_best
Mouse,POLYIC_20190628_mouse35__E3_P1,x,6,3.1999998807907124,1,0.1850632911392405,1,0.18407707910750506,-0.000986212031735434,3950,3944,current_best
Mouse,POLYIC_20190628_mouse35__E3_P1,x,7,3.1999998807907124,1,0.1830379746835443,1,0.17038539553752535,-0.012652579146018944,3950,3944,current_best
Mouse,POLYIC_20190628_mouse35__E3_P1,x,8,3.1999998807907124,3,0.14405063291139242,3,0.14655172413793102,0.0025010912265386043,3950,3944,current_best
Mouse,POLYIC_20190628_mouse35__E3_P1,y,2,4.999999925494195,0,0.5054144884241971,1,0.568038561364479,0.06262407294028194,5356,5394,current_best
Mouse,POLYIC_20190628_mouse35__E3_P1,y,3,4.999999925494195,1,0.3448469006721434,2,0.3709677419354839,0.026120841263340466,5356,5394,current_best
Mouse,POLYIC_20190628_mouse35__E3_P1,y,4,4.999999925494195,3,0.2626960418222554,1,0.2918057100482017,0.029109668225946295,5356,5394,current_best
Mouse,POLYIC_20190628_mouse35__E3_P1,y,5,4.999999925494195,1,0.21359223300970873,2,0.3474230626622173,0.13383082965250856,5356,5394,current_best
Mouse,POLYIC_20190628_mouse35__E3_P1,y,6,4.999999925494195,3,0.18241224794622854,3,0.23155357804968482,0.04914133010345628,5356,5394,current_best
Mouse,POLYIC_20190628_mouse35__E3_P1,y,7,4.999999925494195,0,0.16392830470500375,0,0.16981831664812755,0.005890011943123802,5356,5394,current_best
Mouse,POLYIC_20190628_mouse35__E3_P1,y,8,4.999999925494195,3,0.13872292755787902,1,0.19781238413051538,0.05908945657263637,5356,5394,current_best
Mouse,POLYIC_20190628_mouse35__E3_P1,x,2,3.1999998807907124,1,0.5177215189873418,1,0.5203373015873016,0.0026157825999598705,3950,4032,unetr_style
Mouse,POLYIC_20190628_mouse35__E3_P1,x,3,3.1999998807907124,0,0.3473417721518987,0,0.33978174603174605,-0.007560026120152663,3950,4032,unetr_style
Mouse,POLYIC_20190628_mouse35__E3_P1,x,4,3.1999998807907124,3,0.260253164556962,1,0.2690972222222222,0.008844057665260197,3950,4032,unetr_style
Mouse,POLYIC_20190628_mouse35__E3_P1,x,5,3.1999998807907124,1,0.20810126582278482,1,0.20833333333333334,0.0002320675105485226,3950,4032,unetr_style
Mouse,POLYIC_20190628_mouse35__E3_P1,x,6,3.1999998807907124,1,0.1850632911392405,3,0.18080357142857142,-0.004259719710669074,3950,4032,unetr_style
Mouse,POLYIC_20190628_mouse35__E3_P1,x,7,3.1999998807907124,1,0.1830379746835443,1,0.16592261904761904,-0.017115355635925256,3950,4032,unetr_style
Mouse,POLYIC_20190628_mouse35__E3_P1,x,8,3.1999998807907124,3,0.14405063291139242,5,0.1359126984126984,-0.008137934498694016,3950,4032,unetr_style
Mouse,POLYIC_20190628_mouse35__E3_P1,y,2,4.999999925494195,0,0.5054144884241971,1,0.575083426028921,0.06966893760472392,5356,5394,unetr_style
Mouse,POLYIC_20190628_mouse35__E3_P1,y,3,4.999999925494195,1,0.3448469006721434,2,0.3655913978494624,0.020744497177318966,5356,5394,unetr_style
Mouse,POLYIC_20190628_mouse35__E3_P1,y,4,4.999999925494195,3,0.2626960418222554,1,0.2925472747497219,0.029851232927466498,5356,5394,unetr_style
Mouse,POLYIC_20190628_mouse35__E3_P1,y,5,4.999999925494195,1,0.21359223300970873,2,0.346496106785317,0.13290387377560828,5356,5394,unetr_style
Mouse,POLYIC_20190628_mouse35__E3_P1,y,6,4.999999925494195,3,0.18241224794622854,3,0.23377827215424546,0.05136602420801692,5356,5394,unetr_style
Mouse,POLYIC_20190628_mouse35__E3_P1,y,7,4.999999925494195,0,0.16392830470500375,2,0.1661104931405265,0.0021821884355227583,5356,5394,unetr_style
Mouse,POLYIC_20190628_mouse35__E3_P1,y,8,4.999999925494195,3,0.13872292755787902,1,0.19206525769373378,0.053342330135854765,5356,5394,unetr_style
Mouse,POLYIC_20190628_mouse36__E3_P1,x,2,3.1999998807907124,1,0.5142787996127783,0,0.5050773694390716,-0.009201430173706782,4132,4136,current_best
Mouse,POLYIC_20190628_mouse36__E3_P1,x,3,3.1999998807907124,2,0.3477734753146176,2,0.34937137330754353,0.001597897992925923,4132,4136,current_best
Mouse,POLYIC_20190628_mouse36__E3_P1,x,4,3.1999998807907124,3,0.2633107454017425,0,0.2625725338491296,-0.0007382115526128885,4132,4136,current_best
Mouse,POLYIC_20190628_mouse36__E3_P1,x,5,3.1999998807907124,0,0.20716360116166505,3,0.2127659574468085,0.005602356285143467,4132,4136,current_best
Mouse,POLYIC_20190628_mouse36__E3_P1,x,6,3.1999998807907124,5,0.18635043562439496,5,0.17819148936170212,-0.00815894626269284,4132,4136,current_best
Mouse,POLYIC_20190628_mouse36__E3_P1,x,7,3.1999998807907124,4,0.15246853823814133,4,0.1518375241779497,-0.0006310140601916148,4132,4136,current_best
Mouse,POLYIC_20190628_mouse36__E3_P1,x,8,3.1999998807907124,1,0.13649564375605033,1,0.14095744680851063,0.0044618030524603,4132,4136,current_best
Mouse,POLYIC_20190628_mouse36__E3_P1,y,2,4.999999925494195,0,0.5149388048956084,1,0.5580853352456078,0.04314653034999938,5556,5578,current_best
Mouse,POLYIC_20190628_mouse36__E3_P1,y,3,4.999999925494195,1,0.34485241180705545,1,0.35926855503764793,0.014416143230592482,5556,5578,current_best
Mouse,POLYIC_20190628_mouse36__E3_P1,y,4,4.999999925494195,2,0.2687185025197984,1,0.31391179634277516,0.045193293822976766,5556,5578,current_best
Mouse,POLYIC_20190628_mouse36__E3_P1,y,5,4.999999925494195,3,0.226601871850252,2,0.359806382215848,0.133204510365596,5556,5578,current_best
Mouse,POLYIC_20190628_mouse36__E3_P1,y,6,4.999999925494195,0,0.1783657307415407,1,0.21351738974542847,0.03515165900388778,5556,5578,current_best
Mouse,POLYIC_20190628_mouse36__E3_P1,y,7,4.999999925494195,3,0.1677465802735781,6,0.17084976694155612,0.003103186667978014,5556,5578,current_best
Mouse,POLYIC_20190628_mouse36__E3_P1,y,8,4.999999925494195,1,0.1421886249100072,1,0.21620652563642884,0.07401790072642164,5556,5578,current_best
Mouse,POLYIC_20190628_mouse36__E3_P1,x,2,3.1999998807907124,1,0.5142787996127783,1,0.5009465215333648,-0.013332278079413507,4132,4226,unetr_style
Mouse,POLYIC_20190628_mouse36__E3_P1,x,3,3.1999998807907124,2,0.3477734753146176,2,0.34051112162801705,-0.007262353686600553,4132,4226,unetr_style
Mouse,POLYIC_20190628_mouse36__E3_P1,x,4,3.1999998807907124,3,0.2633107454017425,3,0.2586370089919546,-0.00467373640978791,4132,4226,unetr_style
Mouse,POLYIC_20190628_mouse36__E3_P1,x,5,3.1999998807907124,0,0.20716360116166505,0,0.21131093232371037,0.004147331162045326,4132,4226,unetr_style
Mouse,POLYIC_20190628_mouse36__E3_P1,x,6,3.1999998807907124,5,0.18635043562439496,5,0.17770941788925698,-0.008641017735137979,4132,4226,unetr_style
Mouse,POLYIC_20190628_mouse36__E3_P1,x,7,3.1999998807907124,4,0.15246853823814133,4,0.14955040227165167,-0.0029181359664896545,4132,4226,unetr_style
Mouse,POLYIC_20190628_mouse36__E3_P1,x,8,3.1999998807907124,1,0.13649564375605033,2,0.1360624704212021,-0.0004331733348482414,4132,4226,unetr_style
Mouse,POLYIC_20190628_mouse36__E3_P1,y,2,4.999999925494195,0,0.5149388048956084,1,0.5696225071225072,0.05468370222689878,5556,5616,unetr_style
Mouse,POLYIC_20190628_mouse36__E3_P1,y,3,4.999999925494195,1,0.34485241180705545,1,0.3678774928774929,0.023025081070437436,5556,5616,unetr_style
Mouse,POLYIC_20190628_mouse36__E3_P1,y,4,4.999999925494195,2,0.2687185025197984,1,0.3206908831908832,0.051972380671084784,5556,5616,unetr_style
Mouse,POLYIC_20190628_mouse36__E3_P1,y,5,4.999999925494195,3,0.226601871850252,2,0.36556267806267806,0.13896080621242607,5556,5616,unetr_style
Mouse,POLYIC_20190628_mouse36__E3_P1,y,6,4.999999925494195,0,0.1783657307415407,1,0.22382478632478633,0.045459055583245644,5556,5616,unetr_style
Mouse,POLYIC_20190628_mouse36__E3_P1,y,7,4.999999925494195,3,0.1677465802735781,6,0.16435185185185186,-0.0033947284217262508,5556,5616,unetr_style
Mouse,POLYIC_20190628_mouse36__E3_P1,y,8,4.999999925494195,1,0.1421886249100072,1,0.21972934472934472,0.07754071981933752,5556,5616,unetr_style
Mouse,POLYIC_20190629_polyic_mo__E3_P1,x,2,3.1999998807907124,1,0.5009940357852882,0,0.5193467336683417,0.018352697883053493,4024,3980,current_best
Mouse,POLYIC_20190629_polyic_mo__E3_P1,x,3,3.1999998807907124,2,0.3429423459244533,1,0.34095477386934675,-0.0019875720551065235,4024,3980,current_best
Mouse,POLYIC_20190629_polyic_mo__E3_P1,x,4,3.1999998807907124,3,0.26118290258449306,0,0.2620603015075377,0.0008773989230446144,4024,3980,current_best
Mouse,POLYIC_20190629_polyic_mo__E3_P1,x,5,3.1999998807907124,2,0.20526838966202784,4,0.21331658291457287,0.008048193252545022,4024,3980,current_best
Mouse,POLYIC_20190629_polyic_mo__E3_P1,x,6,3.1999998807907124,3,0.18116302186878727,4,0.1829145728643216,0.00175155099553434,4024,3980,current_best
Mouse,POLYIC_20190629_polyic_mo__E3_P1,x,7,3.1999998807907124,2,0.16451292246520874,3,0.16005025125628142,-0.004462671208927321,4024,3980,current_best
Mouse,POLYIC_20190629_polyic_mo__E3_P1,x,8,3.1999998807907124,7,0.13817097415506957,6,0.14045226130653266,0.002281287151463085,4024,3980,current_best
Mouse,POLYIC_20190629_polyic_mo__E3_P1,y,2,4.999999925494195,0,0.5070831819832909,1,0.5454052098408104,0.03832202785751948,5506,5528,current_best
Mouse,POLYIC_20190629_polyic_mo__E3_P1,y,3,4.999999925494195,1,0.3458045768252815,2,0.3475036179450072,0.0016990411197257416,5506,5528,current_best
Mouse,POLYIC_20190629_polyic_mo__E3_P1,y,4,4.999999925494195,2,0.2586269524155467,1,0.2901591895803184,0.031532237164771715,5506,5528,current_best
Mouse,POLYIC_20190629_polyic_mo__E3_P1,y,5,4.999999925494195,3,0.21503814021067927,2,0.361794500723589,0.14675636051290972,5506,5528,current_best
Mouse,POLYIC_20190629_polyic_mo__E3_P1,y,6,4.999999925494195,4,0.18779513258263714,3,0.20803183791606367,0.02023670533342653,5506,5528,current_best
Mouse,POLYIC_20190629_polyic_mo__E3_P1,y,7,4.999999925494195,0,0.15710134398837633,0,0.17311866859623734,0.01601732460786101,5506,5528,current_best
Mouse,POLYIC_20190629_polyic_mo__E3_P1,y,8,4.999999925494195,1,0.143116600072648,1,0.21183068017366136,0.06871408010101335,5506,5528,current_best
Mouse,POLYIC_20190629_polyic_mo__E3_P1,x,2,3.1999998807907124,1,0.5009940357852882,0,0.5058823529411764,0.004888317155888222,4024,4080,unetr_style
Mouse,POLYIC_20190629_polyic_mo__E3_P1,x,3,3.1999998807907124,2,0.3429423459244533,0,0.34411764705882353,0.0011753011343702546,4024,4080,unetr_style
Mouse,POLYIC_20190629_polyic_mo__E3_P1,x,4,3.1999998807907124,3,0.26118290258449306,3,0.2656862745098039,0.004503371925310862,4024,4080,unetr_style
Mouse,POLYIC_20190629_polyic_mo__E3_P1,x,5,3.1999998807907124,2,0.20526838966202784,1,0.20710784313725492,0.0018394534752270708,4024,4080,unetr_style
Mouse,POLYIC_20190629_polyic_mo__E3_P1,x,6,3.1999998807907124,3,0.18116302186878727,3,0.18308823529411763,0.0019252134253303632,4024,4080,unetr_style
Mouse,POLYIC_20190629_polyic_mo__E3_P1,x,7,3.1999998807907124,2,0.16451292246520874,2,0.1610294117647059,-0.0034835107005028454,4024,4080,unetr_style
Mouse,POLYIC_20190629_polyic_mo__E3_P1,x,8,3.1999998807907124,7,0.13817097415506957,7,0.13651960784313724,-0.0016513663119323285,4024,4080,unetr_style
Mouse,POLYIC_20190629_polyic_mo__E3_P1,y,2,4.999999925494195,0,0.5070831819832909,1,0.5594380403458213,0.0523548583625304,5506,5552,unetr_style
Mouse,POLYIC_20190629_polyic_mo__E3_P1,y,3,4.999999925494195,1,0.3458045768252815,0,0.341678674351585,-0.0041259024736964856,5506,5552,unetr_style
Mouse,POLYIC_20190629_polyic_mo__E3_P1,y,4,4.999999925494195,2,0.2586269524155467,1,0.2964697406340058,0.0378427882184591,5506,5552,unetr_style
Mouse,POLYIC_20190629_polyic_mo__E3_P1,y,5,4.999999925494195,3,0.21503814021067927,2,0.3640129682997118,0.14897482808903253,5506,5552,unetr_style
Mouse,POLYIC_20190629_polyic_mo__E3_P1,y,6,4.999999925494195,4,0.18779513258263714,3,0.21956051873198848,0.03176538614935134,5506,5552,unetr_style
Mouse,POLYIC_20190629_polyic_mo__E3_P1,y,7,4.999999925494195,0,0.15710134398837633,0,0.16624639769452448,0.009145053706148154,5506,5552,unetr_style
Mouse,POLYIC_20190629_polyic_mo__E3_P1,y,8,4.999999925494195,1,0.143116600072648,1,0.20461095100864554,0.06149435093599753,5506,5552,unetr_style
Mouse,POLYIC_20190629_polyic_mo__E3_P1_1,x,2,3.1999998807907124,1,0.5091302258529553,0,0.5095928872250819,0.00046266137212658265,4162,4274,current_best
Mouse,POLYIC_20190629_polyic_mo__E3_P1_1,x,3,3.1999998807907124,1,0.3399807784718885,2,0.34885353299017313,0.00887275451828462,4162,4274,current_best
Mouse,POLYIC_20190629_polyic_mo__E3_P1_1,x,4,3.1999998807907124,3,0.2597308986064392,2,0.2678989237248479,0.008168025118408695,4162,4274,current_best
Mouse,POLYIC_20190629_polyic_mo__E3_P1_1,x,5,3.1999998807907124,4,0.2157616530514176,0,0.21782873186710341,0.0020670788156858244,4162,4274,current_best
Mouse,POLYIC_20190629_polyic_mo__E3_P1_1,x,6,3.1999998807907124,5,0.17683805862566074,2,0.1754796443612541,-0.0013584142644066377,4162,4274,current_best
Mouse,POLYIC_20190629_polyic_mo__E3_P1_1,x,7,3.1999998807907124,3,0.15233061028351755,3,0.15559195133364528,0.0032613410501277362,4162,4274,current_best
Mouse,POLYIC_20190629_polyic_mo__E3_P1_1,x,8,3.1999998807907124,3,0.13142719846227774,2,0.13617220402433317,0.0047450055620554266,4162,4274,current_best
Mouse,POLYIC_20190629_polyic_mo__E3_P1_1,y,2,4.999999925494195,1,0.5028538812785388,0,0.5224990702863518,0.01964518900781298,5256,5378,current_best
Mouse,POLYIC_20190629_polyic_mo__E3_P1_1,y,3,4.999999925494195,1,0.3369482496194825,1,0.3538490145035329,0.0169007648840504,5256,5378,current_best
Mouse,POLYIC_20190629_polyic_mo__E3_P1_1,y,4,4.999999925494195,2,0.2595129375951294,2,0.2904425436965415,0.0309296061014121,5256,5378,current_best
Mouse,POLYIC_20190629_polyic_mo__E3_P1_1,y,5,4.999999925494195,3,0.2197488584474886,2,0.35291930085533657,0.13317044240784798,5256,5378,current_best
Mouse,POLYIC_20190629_polyic_mo__E3_P1_1,y,6,4.999999925494195,0,0.1754185692541857,0,0.187244328746746,0.011825759492560317,5256,5378,current_best
Mouse,POLYIC_20190629_polyic_mo__E3_P1_1,y,7,4.999999925494195,6,0.14878234398782345,1,0.16697657121606546,0.018194227228242016,5256,5378,current_best
Mouse,POLYIC_20190629_polyic_mo__E3_P1_1,y,8,4.999999925494195,2,0.1430745814307458,2,0.1498698400892525,0.006795258658506692,5256,5378,current_best
Mouse,POLYIC_20190629_polyic_mo__E3_P1_1,x,2,3.1999998807907124,1,0.5091302258529553,1,0.5023584905660378,-0.006771735286917546,4162,4240,unetr_style
Mouse,POLYIC_20190629_polyic_mo__E3_P1_1,x,3,3.1999998807907124,1,0.3399807784718885,1,0.33537735849056605,-0.004603419981322465,4162,4240,unetr_style
Mouse,POLYIC_20190629_polyic_mo__E3_P1_1,x,4,3.1999998807907124,3,0.2597308986064392,2,0.26037735849056604,0.0006464598841268154,4162,4240,unetr_style
Mouse,POLYIC_20190629_polyic_mo__E3_P1_1,x,5,3.1999998807907124,4,0.2157616530514176,0,0.2134433962264151,-0.0023182568250025015,4162,4240,unetr_style
Mouse,POLYIC_20190629_polyic_mo__E3_P1_1,x,6,3.1999998807907124,5,0.17683805862566074,4,0.1724056603773585,-0.004432398248302244,4162,4240,unetr_style
Mouse,POLYIC_20190629_polyic_mo__E3_P1_1,x,7,3.1999998807907124,3,0.15233061028351755,3,0.15754716981132075,0.0052165595278031995,4162,4240,unetr_style
Mouse,POLYIC_20190629_polyic_mo__E3_P1_1,x,8,3.1999998807907124,3,0.13142719846227774,3,0.13632075471698113,0.004893556254703391,4162,4240,unetr_style
Mouse,POLYIC_20190629_polyic_mo__E3_P1_1,y,2,4.999999925494195,1,0.5028538812785388,1,0.5100037750094375,0.007149893730898693,5256,5298,unetr_style
Mouse,POLYIC_20190629_polyic_mo__E3_P1_1,y,3,4.999999925494195,1,0.3369482496194825,1,0.3563608909022273,0.01941264128274478,5256,5298,unetr_style
Mouse,POLYIC_20190629_polyic_mo__E3_P1_1,y,4,4.999999925494195,2,0.2595129375951294,3,0.27802944507361266,0.01851650747848327,5256,5298,unetr_style
Mouse,POLYIC_20190629_polyic_mo__E3_P1_1,y,5,4.999999925494195,3,0.2197488584474886,2,0.3491883729709324,0.12943951452344382,5256,5298,unetr_style
Mouse,POLYIC_20190629_polyic_mo__E3_P1_1,y,6,4.999999925494195,0,0.1754185692541857,1,0.193280483201208,0.0178619139470223,5256,5298,unetr_style
Mouse,POLYIC_20190629_polyic_mo__E3_P1_1,y,7,4.999999925494195,6,0.14878234398782345,6,0.1681766704416761,0.019394326453852667,5256,5298,unetr_style
Mouse,POLYIC_20190629_polyic_mo__E3_P1_1,y,8,4.999999925494195,2,0.1430745814307458,3,0.15930539826349566,0.01623081683274985,5256,5298,unetr_style
Mouse,POLYIC_20190629_polyic_mo__E3_P1_2,x,2,3.1999998807907124,1,0.5052058684335069,0,0.5028328611898017,-0.0023730072437051497,4226,4236,current_best
Mouse,POLYIC_20190629_polyic_mo__E3_P1_2,x,3,3.1999998807907124,2,0.3454803596781827,2,0.34985835694050993,0.004377997262327238,4226,4236,current_best
Mouse,POLYIC_20190629_polyic_mo__E3_P1_2,x,4,3.1999998807907124,3,0.26100331282536676,2,0.2577903682719547,-0.0032129445534120893,4226,4236,current_best
Mouse,POLYIC_20190629_polyic_mo__E3_P1_2,x,5,3.1999998807907124,4,0.2127307146237577,1,0.20939565627950896,-0.0033350583442487425,4226,4236,current_best
Mouse,POLYIC_20190629_polyic_mo__E3_P1_2,x,6,3.1999998807907124,5,0.1767628963558921,5,0.18649669499527857,0.009733798639386476,4226,4236,current_best
Mouse,POLYIC_20190629_polyic_mo__E3_P1_2,x,7,3.1999998807907124,3,0.15380974917179366,5,0.16288951841359772,0.009079769241804064,4226,4236,current_best
Mouse,POLYIC_20190629_polyic_mo__E3_P1_2,x,8,3.1999998807907124,0,0.13558920965451965,0,0.13503305004721436,-0.0005561596073052899,4226,4236,current_best
Mouse,POLYIC_20190629_polyic_mo__E3_P1_2,y,2,4.999999925494195,1,0.5213000367242012,1,0.5403137541043415,0.019013717380140238,5446,5482,current_best
Mouse,POLYIC_20190629_polyic_mo__E3_P1_2,y,3,4.999999925494195,0,0.35310319500550863,0,0.34294053265231667,-0.010162662353191965,5446,5482,current_best
Mouse,POLYIC_20190629_polyic_mo__E3_P1_2,y,4,4.999999925494195,3,0.2629452809401395,3,0.29222911346224006,0.02928383252210054,5446,5482,current_best
Mouse,POLYIC_20190629_polyic_mo__E3_P1_2,y,5,4.999999925494195,3,0.2219977965479251,3,0.35552717986136445,0.13352938331343936,5446,5482,current_best
Mouse,POLYIC_20190629_polyic_mo__E3_P1_2,y,6,4.999999925494195,3,0.1872934263679765,1,0.19700839109813936,0.009714964730162867,5446,5482,current_best
Mouse,POLYIC_20190629_polyic_mo__E3_P1_2,y,7,4.999999925494195,6,0.15662871832537642,2,0.16180226194819408,0.005173543622817661,5446,5482,current_best
Mouse,POLYIC_20190629_polyic_mo__E3_P1_2,y,8,4.999999925494195,5,0.15332354021300038,3,0.16034294053265233,0.007019400319651953,5446,5482,current_best
Mouse,POLYIC_20190629_polyic_mo__E3_P1_2,x,2,3.1999998807907124,1,0.5052058684335069,1,0.5059907834101383,0.0007849149766313568,4226,4340,unetr_style
Mouse,POLYIC_20190629_polyic_mo__E3_P1_2,x,3,3.1999998807907124,2,0.3454803596781827,1,0.3403225806451613,-0.005157779033021392,4226,4340,unetr_style
Mouse,POLYIC_20190629_polyic_mo__E3_P1_2,x,4,3.1999998807907124,3,0.26100331282536676,3,0.26820276497695855,0.00719945215159179,4226,4340,unetr_style
Mouse,POLYIC_20190629_polyic_mo__E3_P1_2,x,5,3.1999998807907124,4,0.2127307146237577,1,0.2163594470046083,0.0036287323808505967,4226,4340,unetr_style
Mouse,POLYIC_20190629_polyic_mo__E3_P1_2,x,6,3.1999998807907124,5,0.1767628963558921,5,0.17995391705069125,0.0031910206947991515,4226,4340,unetr_style
Mouse,POLYIC_20190629_polyic_mo__E3_P1_2,x,7,3.1999998807907124,3,0.15380974917179366,5,0.1552995391705069,0.0014897899987132424,4226,4340,unetr_style
Mouse,POLYIC_20190629_polyic_mo__E3_P1_2,x,8,3.1999998807907124,0,0.13558920965451965,7,0.13456221198156681,-0.001026997672952834,4226,4340,unetr_style
Mouse,POLYIC_20190629_polyic_mo__E3_P1_2,y,2,4.999999925494195,1,0.5213000367242012,1,0.5252488020641356,0.003948765339934379,5446,5426,unetr_style
Mouse,POLYIC_20190629_polyic_mo__E3_P1_2,y,3,4.999999925494195,0,0.35310319500550863,0,0.36970143752303725,0.016598242517528616,5446,5426,unetr_style
Mouse,POLYIC_20190629_polyic_mo__E3_P1_2,y,4,4.999999925494195,3,0.2629452809401395,3,0.2709178031699226,0.007972522229783063,5446,5426,unetr_style
Mouse,POLYIC_20190629_polyic_mo__E3_P1_2,y,5,4.999999925494195,3,0.2219977965479251,3,0.3717287136011795,0.1497309170532544,5446,5426,unetr_style
Mouse,POLYIC_20190629_polyic_mo__E3_P1_2,y,6,4.999999925494195,3,0.1872934263679765,0,0.19683007740508662,0.009536651037110128,5446,5426,unetr_style
Mouse,POLYIC_20190629_polyic_mo__E3_P1_2,y,7,4.999999925494195,6,0.15662871832537642,0,0.17084408403980833,0.01421536571443191,5446,5426,unetr_style
Mouse,POLYIC_20190629_polyic_mo__E3_P1_2,y,8,4.999999925494195,5,0.15332354021300038,0,0.15296719498709915,-0.0003563452259012223,5446,5426,unetr_style
Mouse,POLYIC_20190629_polyic_mo__E3_P1_3,x,2,3.1999998807907124,1,0.501287332646756,0,0.5111223458038423,0.009835013157086347,3884,3956,current_best
Mouse,POLYIC_20190629_polyic_mo__E3_P1_3,x,3,3.1999998807907124,1,0.34629248197734297,1,0.33695652173913043,-0.009335960238212537,3884,3956,current_best
Mouse,POLYIC_20190629_polyic_mo__E3_P1_3,x,4,3.1999998807907124,3,0.256951596292482,0,0.26238624873609706,0.005434652443615073,3884,3956,current_best
Mouse,POLYIC_20190629_polyic_mo__E3_P1_3,x,5,3.1999998807907124,1,0.20829042224510813,4,0.20930232558139536,0.0010119033362872287,3884,3956,current_best
Mouse,POLYIC_20190629_polyic_mo__E3_P1_3,x,6,3.1999998807907124,1,0.174562306900103,0,0.18023255813953487,0.005670251239431878,3884,3956,current_best
Mouse,POLYIC_20190629_polyic_mo__E3_P1_3,x,7,3.1999998807907124,6,0.1560247167868177,6,0.15495449949443882,-0.0010702172923788833,3884,3956,current_best
Mouse,POLYIC_20190629_polyic_mo__E3_P1_3,x,8,3.1999998807907124,3,0.13851699279093718,3,0.1365015166835187,-0.002015476107418479,3884,3956,current_best
Mouse,POLYIC_20190629_polyic_mo__E3_P1_3,y,2,4.999999925494195,0,0.5038574577516532,1,0.5295189504373178,0.025661492685664533,5444,5488,current_best
Mouse,POLYIC_20190629_polyic_mo__E3_P1_3,y,3,4.999999925494195,0,0.35635562086700956,2,0.35659620991253643,0.00024058904552687332,5444,5488,current_best
Mouse,POLYIC_20190629_polyic_mo__E3_P1_3,y,4,4.999999925494195,2,0.25991917707567963,1,0.28680758017492713,0.026888403099247504,5444,5488,current_best
Mouse,POLYIC_20190629_polyic_mo__E3_P1_3,y,5,4.999999925494195,3,0.21914033798677443,2,0.34766763848396504,0.1285273004971906,5444,5488,current_best
Mouse,POLYIC_20190629_polyic_mo__E3_P1_3,y,6,4.999999925494195,0,0.19948567229977957,1,0.20973032069970846,0.01024464839992889,5444,5488,current_best
Mouse,POLYIC_20190629_polyic_mo__E3_P1_3,y,7,4.999999925494195,3,0.16660543717854517,3,0.18385568513119532,0.01725024795265015,5444,5488,current_best
Mouse,POLYIC_20190629_polyic_mo__E3_P1_3,y,8,4.999999925494195,3,0.13739897134459955,1,0.17401603498542273,0.03661706364082318,5444,5488,current_best
Mouse,POLYIC_20190629_polyic_mo__E3_P1_3,x,2,3.1999998807907124,1,0.501287332646756,0,0.5076204523107178,0.006333119663961884,3884,4068,unetr_style
Mouse,POLYIC_20190629_polyic_mo__E3_P1_3,x,3,3.1999998807907124,1,0.34629248197734297,2,0.334070796460177,-0.012221685517165959,3884,4068,unetr_style
Mouse,POLYIC_20190629_polyic_mo__E3_P1_3,x,4,3.1999998807907124,3,0.256951596292482,0,0.2617994100294985,0.0048478137370165375,3884,4068,unetr_style
Mouse,POLYIC_20190629_polyic_mo__E3_P1_3,x,5,3.1999998807907124,1,0.20829042224510813,4,0.2067354965585054,-0.0015549256866027317,3884,4068,unetr_style
Mouse,POLYIC_20190629_polyic_mo__E3_P1_3,x,6,3.1999998807907124,1,0.174562306900103,0,0.1720747295968535,-0.0024875773032494997,3884,4068,unetr_style
Mouse,POLYIC_20190629_polyic_mo__E3_P1_3,x,7,3.1999998807907124,6,0.1560247167868177,6,0.15757128810226156,0.001546571315443862,3884,4068,unetr_style
Mouse,POLYIC_20190629_polyic_mo__E3_P1_3,x,8,3.1999998807907124,3,0.13851699279093718,0,0.1374139626352016,-0.001103030155735596,3884,4068,unetr_style
Mouse,POLYIC_20190629_polyic_mo__E3_P1_3,y,2,4.999999925494195,0,0.5038574577516532,1,0.5364298724954463,0.03257241474379302,5444,5490,unetr_style
Mouse,POLYIC_20190629_polyic_mo__E3_P1_3,y,3,4.999999925494195,0,0.35635562086700956,1,0.3617486338797814,0.005393013012771841,5444,5490,unetr_style
Mouse,POLYIC_20190629_polyic_mo__E3_P1_3,y,4,4.999999925494195,2,0.25991917707567963,1,0.2930783242258652,0.033159147150185586,5444,5490,unetr_style
Mouse,POLYIC_20190629_polyic_mo__E3_P1_3,y,5,4.999999925494195,3,0.21914033798677443,2,0.34972677595628415,0.13058643796950972,5444,5490,unetr_style
Mouse,POLYIC_20190629_polyic_mo__E3_P1_3,y,6,4.999999925494195,0,0.19948567229977957,1,0.20655737704918034,0.007071704749400776,5444,5490,unetr_style
Mouse,POLYIC_20190629_polyic_mo__E3_P1_3,y,7,4.999999925494195,3,0.16660543717854517,3,0.1768670309653916,0.010261593786846435,5444,5490,unetr_style
Mouse,POLYIC_20190629_polyic_mo__E3_P1_3,y,8,4.999999925494195,3,0.13739897134459955,1,0.17522768670309655,0.037828715358496995,5444,5490,unetr_style
Mouse,POLYIC_20190629_polyic_mo__E3_P1_5,x,2,3.1999998807907124,1,0.5054590570719603,1,0.5066864784546805,0.0012274213827202507,4030,4038,current_best
Mouse,POLYIC_20190629_polyic_mo__E3_P1_5,x,3,3.1999998807907124,1,0.3426799007444169,1,0.3405151064883606,-0.0021647942560563127,4030,4038,current_best
Mouse,POLYIC_20190629_polyic_mo__E3_P1_5,x,4,3.1999998807907124,3,0.2669975186104218,3,0.26869737493808815,0.001699856327666338,4030,4038,current_best
Mouse,POLYIC_20190629_polyic_mo__E3_P1_5,x,5,3.1999998807907124,2,0.21761786600496277,2,0.21471025260029716,-0.00290761340466561,4030,4038,current_best
Mouse,POLYIC_20190629_polyic_mo__E3_P1_5,x,6,3.1999998807907124,4,0.17419354838709677,3,0.1738484398216939,-0.00034510856540287405,4030,4038,current_best
Mouse,POLYIC_20190629_polyic_mo__E3_P1_5,x,7,3.1999998807907124,2,0.16476426799007443,2,0.16468548786527984,-7.878012479459184e-05,4030,4038,current_best
Mouse,POLYIC_20190629_polyic_mo__E3_P1_5,x,8,3.1999998807907124,3,0.1334987593052109,3,0.14041604754829123,0.006917288243080327,4030,4038,current_best
Mouse,POLYIC_20190629_polyic_mo__E3_P1_5,y,2,4.999999925494195,1,0.5090339233038348,0,0.5190476190476191,0.010013695743784301,5424,5460,current_best
Mouse,POLYIC_20190629_polyic_mo__E3_P1_5,y,3,4.999999925494195,0,0.34494837758112096,2,0.37142857142857144,0.026480193847450484,5424,5460,current_best
Mouse,POLYIC_20190629_polyic_mo__E3_P1_5,y,4,4.999999925494195,3,0.25995575221238937,2,0.27985347985347986,0.01989772764109049,5424,5460,current_best
Mouse,POLYIC_20190629_polyic_mo__E3_P1_5,y,5,4.999999925494195,3,0.2206858407079646,3,0.3525641025641026,0.131878261856138,5424,5460,current_best
Mouse,POLYIC_20190629_polyic_mo__E3_P1_5,y,6,4.999999925494195,3,0.18215339233038347,2,0.22765567765567765,0.045502285325294184,5424,5460,current_best
Mouse,POLYIC_20190629_polyic_mo__E3_P1_5,y,7,4.999999925494195,3,0.18067846607669616,3,0.17032967032967034,-0.010348795747025824,5424,5460,current_best
Mouse,POLYIC_20190629_polyic_mo__E3_P1_5,y,8,4.999999925494195,5,0.14233038348082597,6,0.17967032967032967,0.0373399461895037,5424,5460,current_best
Mouse,POLYIC_20190629_polyic_mo__E3_P1_5,x,2,3.1999998807907124,1,0.5054590570719603,0,0.5096571704490584,0.004198113377098189,4030,4142,unetr_style
Mouse,POLYIC_20190629_polyic_mo__E3_P1_5,x,3,3.1999998807907124,1,0.3426799007444169,0,0.346450989859971,0.003771089115554127,4030,4142,unetr_style
Mouse,POLYIC_20190629_polyic_mo__E3_P1_5,x,4,3.1999998807907124,3,0.2669975186104218,3,0.26846933848382426,0.0014718198734024468,4030,4142,unetr_style
Mouse,POLYIC_20190629_polyic_mo__E3_P1_5,x,5,3.1999998807907124,2,0.21761786600496277,2,0.21125060357315306,-0.0063672624318097115,4030,4142,unetr_style
Mouse,POLYIC_20190629_polyic_mo__E3_P1_5,x,6,3.1999998807907124,4,0.17419354838709677,3,0.17720907774022213,0.0030155293531253513,4030,4142,unetr_style
Mouse,POLYIC_20190629_polyic_mo__E3_P1_5,x,7,3.1999998807907124,2,0.16476426799007443,2,0.15934331240946403,-0.005420955580610398,4030,4142,unetr_style
Mouse,POLYIC_20190629_polyic_mo__E3_P1_5,x,8,3.1999998807907124,3,0.1334987593052109,6,0.14075325929502655,0.007254499989815644,4030,4142,unetr_style
Mouse,POLYIC_20190629_polyic_mo__E3_P1_5,y,2,4.999999925494195,1,0.5090339233038348,0,0.5178703021370671,0.008836378833232295,5424,5428,unetr_style
Mouse,POLYIC_20190629_polyic_mo__E3_P1_5,y,3,4.999999925494195,0,0.34494837758112096,2,0.3874355195283714,0.04248714194725045,5424,5428,unetr_style
Mouse,POLYIC_20190629_polyic_mo__E3_P1_5,y,4,4.999999925494195,3,0.25995575221238937,2,0.2800294767870302,0.02007372457464085,5424,5428,unetr_style
Mouse,POLYIC_20190629_polyic_mo__E3_P1_5,y,5,4.999999925494195,3,0.2206858407079646,3,0.3432203389830508,0.12253449827508622,5424,5428,unetr_style
Mouse,POLYIC_20190629_polyic_mo__E3_P1_5,y,6,4.999999925494195,3,0.18215339233038347,2,0.22918201915991157,0.0470286268295281,5424,5428,unetr_style
Mouse,POLYIC_20190629_polyic_mo__E3_P1_5,y,7,4.999999925494195,3,0.18067846607669616,3,0.16543846720707442,-0.01523999886962174,5424,5428,unetr_style
Mouse,POLYIC_20190629_polyic_mo__E3_P1_5,y,8,4.999999925494195,5,0.14233038348082597,6,0.18220338983050846,0.039873006349682494,5424,5428,unetr_style
Mouse,POLYIC_20190629_polyic_mo__E4_P1_2,x,2,3.1999998807907124,0,0.505324298160697,1,0.5033751205400193,-0.0019491776206777,4132,4148,current_best
Mouse,POLYIC_20190629_polyic_mo__E4_P1_2,x,3,3.1999998807907124,1,0.33736689254598257,0,0.34281581485053036,0.005448922304547799,4132,4148,current_best
Mouse,POLYIC_20190629_polyic_mo__E4_P1_2,x,4,3.1999998807907124,3,0.2584704743465634,1,0.2668756027000964,0.00840512835353302,4132,4148,current_best
Mouse,POLYIC_20190629_polyic_mo__E4_P1_2,x,5,3.1999998807907124,1,0.20401742497579864,0,0.21239151398264225,0.00837408900684361,4132,4148,current_best
Mouse,POLYIC_20190629_polyic_mo__E4_P1_2,x,6,3.1999998807907124,2,0.17473378509196516,3,0.1750241080038573,0.0002903229118921269,4132,4148,current_best
Mouse,POLYIC_20190629_polyic_mo__E4_P1_2,x,7,3.1999998807907124,3,0.15198451113262343,1,0.1562198649951784,0.004235353862554969,4132,4148,current_best
Mouse,POLYIC_20190629_polyic_mo__E4_P1_2,x,8,3.1999998807907124,7,0.13770571151984512,0,0.1444069431051109,0.006701231585265782,4132,4148,current_best
Mouse,POLYIC_20190629_polyic_mo__E4_P1_2,y,2,4.999999925494195,1,0.5151953690303908,1,0.5126080691642652,-0.002587299866125603,5528,5552,current_best
Mouse,POLYIC_20190629_polyic_mo__E4_P1_2,y,3,4.999999925494195,0,0.34876989869753977,2,0.35644812680115273,0.007678228103612961,5528,5552,current_best
Mouse,POLYIC_20190629_polyic_mo__E4_P1_2,y,4,4.999999925494195,1,0.26157742402315487,1,0.2849423631123919,0.023364939089237036,5528,5552,current_best
Mouse,POLYIC_20190629_polyic_mo__E4_P1_2,y,5,4.999999925494195,1,0.21164978292329956,0,0.3425792507204611,0.13092946779716153,5528,5552,current_best
Mouse,POLYIC_20190629_polyic_mo__E4_P1_2,y,6,4.999999925494195,1,0.1935600578871201,2,0.19434438040345822,0.0007843225163381151,5528,5552,current_best
Mouse,POLYIC_20190629_polyic_mo__E4_P1_2,y,7,4.999999925494195,3,0.17547033285094066,3,0.180835734870317,0.005365402019376353,5528,5552,current_best
Mouse,POLYIC_20190629_polyic_mo__E4_P1_2,y,8,4.999999925494195,5,0.14272793053545585,4,0.1640850144092219,0.02135708387376606,5528,5552,current_best
Mouse,POLYIC_20190629_polyic_mo__E4_P1_2,x,2,3.1999998807907124,0,0.505324298160697,0,0.5069212410501194,0.0015969428894223592,4132,4190,unetr_style
Mouse,POLYIC_20190629_polyic_mo__E4_P1_2,x,3,3.1999998807907124,1,0.33736689254598257,0,0.3343675417661098,-0.002999350779872789,4132,4190,unetr_style
Mouse,POLYIC_20190629_polyic_mo__E4_P1_2,x,4,3.1999998807907124,3,0.2584704743465634,0,0.26515513126491647,0.006684656918353071,4132,4190,unetr_style
Mouse,POLYIC_20190629_polyic_mo__E4_P1_2,x,5,3.1999998807907124,1,0.20401742497579864,4,0.21145584725536992,0.007438422279571283,4132,4190,unetr_style
Mouse,POLYIC_20190629_polyic_mo__E4_P1_2,x,6,3.1999998807907124,2,0.17473378509196516,4,0.1747016706443914,-3.211444757375559e-05,4132,4190,unetr_style
Mouse,POLYIC_20190629_polyic_mo__E4_P1_2,x,7,3.1999998807907124,3,0.15198451113262343,3,0.15393794749403342,0.001953436361409988,4132,4190,unetr_style
Mouse,POLYIC_20190629_polyic_mo__E4_P1_2,x,8,3.1999998807907124,7,0.13770571151984512,0,0.14534606205250597,0.00764035053266085,4132,4190,unetr_style
Mouse,POLYIC_20190629_polyic_mo__E4_P1_2,y,2,4.999999925494195,1,0.5151953690303908,1,0.5113513513513513,-0.003844017679039413,5528,5550,unetr_style
Mouse,POLYIC_20190629_polyic_mo__E4_P1_2,y,3,4.999999925494195,0,0.34876989869753977,2,0.36,0.011230101302460216,5528,5550,unetr_style
Mouse,POLYIC_20190629_polyic_mo__E4_P1_2,y,4,4.999999925494195,1,0.26157742402315487,1,0.2828828828828829,0.02130545885972801,5528,5550,unetr_style
Mouse,POLYIC_20190629_polyic_mo__E4_P1_2,y,5,4.999999925494195,1,0.21164978292329956,2,0.341981981981982,0.13033219905868243,5528,5550,unetr_style
Mouse,POLYIC_20190629_polyic_mo__E4_P1_2,y,6,4.999999925494195,1,0.1935600578871201,2,0.19585585585585585,0.0022957979687357466,5528,5550,unetr_style
Mouse,POLYIC_20190629_polyic_mo__E4_P1_2,y,7,4.999999925494195,3,0.17547033285094066,3,0.16972972972972972,-0.005740603121210941,5528,5550,unetr_style
Mouse,POLYIC_20190629_polyic_mo__E4_P1_2,y,8,4.999999925494195,5,0.14272793053545585,6,0.15837837837837837,0.01565044784292252,5528,5550,unetr_style
Mouse,POLYIC_20190629_polyic_mo__E4_P1_4,x,2,3.1999998807907124,1,0.5048100048100048,1,0.5101253616200578,0.005315356810053018,4158,4148,current_best
Mouse,POLYIC_20190629_polyic_mo__E4_P1_4,x,3,3.1999998807907124,1,0.3354978354978355,2,0.33799421407907426,0.002496378581238745,4158,4148,current_best
Mouse,POLYIC_20190629_polyic_mo__E4_P1_4,x,4,3.1999998807907124,3,0.25901875901875904,3,0.25578592092574737,-0.0032328380930116696,4158,4148,current_best
Mouse,POLYIC_20190629_polyic_mo__E4_P1_4,x,5,3.1999998807907124,4,0.20514670514670516,0,0.211427193828351,0.006280488681645852,4158,4148,current_best
Mouse,POLYIC_20190629_polyic_mo__E4_P1_4,x,6,3.1999998807907124,3,0.1738816738816739,1,0.17767598842815815,0.0037943145464842676,4158,4148,current_best
Mouse,POLYIC_20190629_polyic_mo__E4_P1_4,x,7,3.1999998807907124,2,0.15488215488215487,3,0.15549662487945998,0.000614469997305106,4158,4148,current_best
Mouse,POLYIC_20190629_polyic_mo__E4_P1_4,x,8,3.1999998807907124,7,0.13732563732563732,5,0.14006750241080038,0.0027418650851630533,4158,4148,current_best
Mouse,POLYIC_20190629_polyic_mo__E4_P1_4,y,2,4.999999925494195,1,0.503302752293578,1,0.5110051357300074,0.007702383436429372,5450,5452,current_best
Mouse,POLYIC_20190629_polyic_mo__E4_P1_4,y,3,4.999999925494195,2,0.3774311926605505,2,0.3503301540719002,-0.02710103858865026,5450,5452,current_best
Mouse,POLYIC_20190629_polyic_mo__E4_P1_4,y,4,4.999999925494195,2,0.26238532110091745,3,0.2681584739545121,0.005773152853594643,5450,5452,current_best
Mouse,POLYIC_20190629_polyic_mo__E4_P1_4,y,5,4.999999925494195,1,0.23577981651376148,2,0.36683785766691124,0.13105804115314976,5450,5452,current_best
Mouse,POLYIC_20190629_polyic_mo__E4_P1_4,y,6,4.999999925494195,2,0.19247706422018349,5,0.19075568598679385,-0.0017213782333896366,5450,5452,current_best
Mouse,POLYIC_20190629_polyic_mo__E4_P1_4,y,7,4.999999925494195,6,0.15614678899082568,2,0.15792369772560527,0.001776908734779592,5450,5452,current_best
Mouse,POLYIC_20190629_polyic_mo__E4_P1_4,y,8,4.999999925494195,2,0.138348623853211,2,0.15553925165077037,0.017190627797559366,5450,5452,current_best
Mouse,POLYIC_20190629_polyic_mo__E4_P1_4,x,2,3.1999998807907124,1,0.5048100048100048,1,0.5049739459971577,0.00016394118715290507,4158,4222,unetr_style
Mouse,POLYIC_20190629_polyic_mo__E4_P1_4,x,3,3.1999998807907124,1,0.3354978354978355,2,0.34438654666035057,0.00888871116251505,4158,4222,unetr_style
Mouse,POLYIC_20190629_polyic_mo__E4_P1_4,x,4,3.1999998807907124,3,0.25901875901875904,3,0.25603979156797724,-0.0029789674507818,4158,4222,unetr_style
Mouse,POLYIC_20190629_polyic_mo__E4_P1_4,x,5,3.1999998807907124,4,0.20514670514670516,0,0.2153008053055424,0.010154100158837248,4158,4222,unetr_style
Mouse,POLYIC_20190629_polyic_mo__E4_P1_4,x,6,3.1999998807907124,3,0.1738816738816739,2,0.17574609189957366,0.0018644180178997716,4158,4222,unetr_style
Mouse,POLYIC_20190629_polyic_mo__E4_P1_4,x,7,3.1999998807907124,2,0.15488215488215487,0,0.155139744197063,0.00025758931490812986,4158,4222,unetr_style
Mouse,POLYIC_20190629_polyic_mo__E4_P1_4,x,8,3.1999998807907124,7,0.13732563732563732,5,0.13405968735196588,-0.0032659499736714392,4158,4222,unetr_style
Mouse,POLYIC_20190629_polyic_mo__E4_P1_4,y,2,4.999999925494195,1,0.503302752293578,1,0.5189129636430407,0.015610211349462721,5450,5446,unetr_style
Mouse,POLYIC_20190629_polyic_mo__E4_P1_4,y,3,4.999999925494195,2,0.3774311926605505,2,0.3393316195372751,-0.03809957312327539,5450,5446,unetr_style
Mouse,POLYIC_20190629_polyic_mo__E4_P1_4,y,4,4.999999925494195,2,0.26238532110091745,3,0.2699228791773779,0.007537558076460449,5450,5446,unetr_style
Mouse,POLYIC_20190629_polyic_mo__E4_P1_4,y,5,4.999999925494195,1,0.23577981651376148,2,0.3654058024237973,0.1296259859100358,5450,5446,unetr_style
Mouse,POLYIC_20190629_polyic_mo__E4_P1_4,y,6,4.999999925494195,2,0.19247706422018349,5,0.1819684171869262,-0.010508647033257296,5450,5446,unetr_style
Mouse,POLYIC_20190629_polyic_mo__E4_P1_4,y,7,4.999999925494195,6,0.15614678899082568,2,0.1678295997062064,0.011682810715380715,5450,5446,unetr_style
Mouse,POLYIC_20190629_polyic_mo__E4_P1_4,y,8,4.999999925494195,2,0.138348623853211,7,0.14175541681968418,0.003406792966473171,5450,5446,unetr_style
