task,transform,stage,relative_l2,cosine,subject
lesion,resampling_floor,input,1.8748411321212188e-06,1.0,20170222CH_Exp3_zfp_M03
lesion,resampling_floor,encoder_level0,1.8436099708196707e-05,1.0,20170222CH_Exp3_zfp_M03
lesion,resampling_floor,encoder_level1,1.970329503819812e-05,1.0,20170222CH_Exp3_zfp_M03
lesion,resampling_floor,encoder_level2,2.320995190530084e-05,0.9999998211860657,20170222CH_Exp3_zfp_M03
lesion,resampling_floor,encoder_level3,6.321469072645414e-07,1.0,20170222CH_Exp3_zfp_M03
lesion,resampling_floor,encoder_level4,4.187736067251535e-06,1.0,20170222CH_Exp3_zfp_M03
lesion,resampling_floor,canvas_level4,4.187736067251535e-06,1.0,20170222CH_Exp3_zfp_M03
lesion,resampling_floor,canvas_level3,6.741012475686148e-05,1.0,20170222CH_Exp3_zfp_M03
lesion,resampling_floor,canvas_level2,0.00015834126679692417,0.9999998807907104,20170222CH_Exp3_zfp_M03
lesion,resampling_floor,canvas_level1,0.00017023498367052525,1.0,20170222CH_Exp3_zfp_M03
lesion,resampling_floor,canvas_level0,0.00022646717843599617,0.9999998807907104,20170222CH_Exp3_zfp_M03
lesion,resampling_floor,output_logits,6.889166979817674e-05,1.0,20170222CH_Exp3_zfp_M03
lesion,resampling_floor,query_mask_embedding,1.0326764368073782e-06,0.9999999403953552,20170222CH_Exp3_zfp_M03
lesion,axis0_+1mm,input,1.7294191820838023e-06,1.0,20170222CH_Exp3_zfp_M03
lesion,axis0_+1mm,encoder_level0,0.009033415466547012,0.9999649524688721,20170222CH_Exp3_zfp_M03
lesion,axis0_+1mm,encoder_level1,0.19191290438175201,0.9814141988754272,20170222CH_Exp3_zfp_M03
lesion,axis0_+1mm,encoder_level2,0.19038984179496765,0.9817087054252625,20170222CH_Exp3_zfp_M03
lesion,axis0_+1mm,encoder_level3,0.1783623844385147,0.9839650392532349,20170222CH_Exp3_zfp_M03
lesion,axis0_+1mm,encoder_level4,0.16585975885391235,0.9861840605735779,20170222CH_Exp3_zfp_M03
lesion,axis0_+1mm,canvas_level4,0.16585975885391235,0.9861840605735779,20170222CH_Exp3_zfp_M03
lesion,axis0_+1mm,canvas_level3,0.21418872475624084,0.9767923951148987,20170222CH_Exp3_zfp_M03
lesion,axis0_+1mm,canvas_level2,0.21066603064537048,0.9775617718696594,20170222CH_Exp3_zfp_M03
lesion,axis0_+1mm,canvas_level1,0.1626664400100708,0.9866907000541687,20170222CH_Exp3_zfp_M03
lesion,axis0_+1mm,canvas_level0,0.09591154754161835,0.9954080581665039,20170222CH_Exp3_zfp_M03
lesion,axis0_+1mm,output_logits,0.03299621492624283,0.999455451965332,20170222CH_Exp3_zfp_M03
lesion,axis0_+1mm,query_mask_embedding,0.007588226813822985,0.9999715685844421,20170222CH_Exp3_zfp_M03
lesion,axis0_+2mm,input,1.81313419034268e-06,1.0,20170222CH_Exp3_zfp_M03
lesion,axis0_+2mm,encoder_level0,0.04328039288520813,0.999097466468811,20170222CH_Exp3_zfp_M03
lesion,axis0_+2mm,encoder_level1,0.09691595286130905,0.9954193830490112,20170222CH_Exp3_zfp_M03
lesion,axis0_+2mm,encoder_level2,0.23174847662448883,0.9727884531021118,20170222CH_Exp3_zfp_M03
lesion,axis0_+2mm,encoder_level3,0.16725894808769226,0.9859148263931274,20170222CH_Exp3_zfp_M03
lesion,axis0_+2mm,encoder_level4,0.18765874207019806,0.982237696647644,20170222CH_Exp3_zfp_M03
lesion,axis0_+2mm,canvas_level4,0.18765874207019806,0.982237696647644,20170222CH_Exp3_zfp_M03
lesion,axis0_+2mm,canvas_level3,0.2286442220211029,0.9735864400863647,20170222CH_Exp3_zfp_M03
lesion,axis0_+2mm,canvas_level2,0.25731682777404785,0.9663304686546326,20170222CH_Exp3_zfp_M03
lesion,axis0_+2mm,canvas_level1,0.15364833176136017,0.9881748557090759,20170222CH_Exp3_zfp_M03
lesion,axis0_+2mm,canvas_level0,0.13293494284152985,0.9912021160125732,20170222CH_Exp3_zfp_M03
lesion,axis0_+2mm,output_logits,0.043001871556043625,0.999081015586853,20170222CH_Exp3_zfp_M03
lesion,axis0_+2mm,query_mask_embedding,0.02595900557935238,0.9996703863143921,20170222CH_Exp3_zfp_M03
lesion,axis0_+4mm,input,0.10247858613729477,0.9947352409362793,20170222CH_Exp3_zfp_M03
lesion,axis0_+4mm,encoder_level0,0.1678266078233719,0.9859386682510376,20170222CH_Exp3_zfp_M03
lesion,axis0_+4mm,encoder_level1,0.2632324993610382,0.9651243686676025,20170222CH_Exp3_zfp_M03
lesion,axis0_+4mm,encoder_level2,0.2984379529953003,0.9547269344329834,20170222CH_Exp3_zfp_M03
lesion,axis0_+4mm,encoder_level3,0.22766859829425812,0.9738448262214661,20170222CH_Exp3_zfp_M03
lesion,axis0_+4mm,encoder_level4,0.19718684256076813,0.9804263114929199,20170222CH_Exp3_zfp_M03
lesion,axis0_+4mm,canvas_level4,0.19718684256076813,0.9804263114929199,20170222CH_Exp3_zfp_M03
lesion,axis0_+4mm,canvas_level3,0.28338444232940674,0.9592286348342896,20170222CH_Exp3_zfp_M03
lesion,axis0_+4mm,canvas_level2,0.3081744909286499,0.9516863822937012,20170222CH_Exp3_zfp_M03
lesion,axis0_+4mm,canvas_level1,0.27231794595718384,0.9623934626579285,20170222CH_Exp3_zfp_M03
lesion,axis0_+4mm,canvas_level0,0.2914486527442932,0.9569258689880371,20170222CH_Exp3_zfp_M03
lesion,axis0_+4mm,output_logits,0.2718042731285095,0.9623629450798035,20170222CH_Exp3_zfp_M03
lesion,axis0_+4mm,query_mask_embedding,0.01181479636579752,0.9999324083328247,20170222CH_Exp3_zfp_M03
lesion,axis0_+6mm,input,0.1447371393442154,0.9894701242446899,20170222CH_Exp3_zfp_M03
lesion,axis0_+6mm,encoder_level0,0.23448960483074188,0.9723899960517883,20170222CH_Exp3_zfp_M03
lesion,axis0_+6mm,encoder_level1,0.3615160882472992,0.9332456588745117,20170222CH_Exp3_zfp_M03
lesion,axis0_+6mm,encoder_level2,0.398698627948761,0.9170879125595093,20170222CH_Exp3_zfp_M03
lesion,axis0_+6mm,encoder_level3,0.3488638997077942,0.9372584223747253,20170222CH_Exp3_zfp_M03
lesion,axis0_+6mm,encoder_level4,0.21408964693546295,0.9771318435668945,20170222CH_Exp3_zfp_M03
lesion,axis0_+6mm,canvas_level4,0.21408964693546295,0.9771318435668945,20170222CH_Exp3_zfp_M03
lesion,axis0_+6mm,canvas_level3,0.3403789699077606,0.9407643675804138,20170222CH_Exp3_zfp_M03
lesion,axis0_+6mm,canvas_level2,0.38768017292022705,0.9219419360160828,20170222CH_Exp3_zfp_M03
lesion,axis0_+6mm,canvas_level1,0.3593652546405792,0.9337632060050964,20170222CH_Exp3_zfp_M03
lesion,axis0_+6mm,canvas_level0,0.3941446542739868,0.9200415015220642,20170222CH_Exp3_zfp_M03
lesion,axis0_+6mm,output_logits,0.38374611735343933,0.9234461188316345,20170222CH_Exp3_zfp_M03
lesion,axis0_+6mm,query_mask_embedding,0.01518959179520607,0.9998886585235596,20170222CH_Exp3_zfp_M03
lesion,axis1_+1mm,input,1.8748411321212188e-06,1.0,20170222CH_Exp3_zfp_M03
lesion,axis1_+1mm,encoder_level0,1.8483295207261108e-05,1.0,20170222CH_Exp3_zfp_M03
lesion,axis1_+1mm,encoder_level1,0.2167409360408783,0.9762470722198486,20170222CH_Exp3_zfp_M03
lesion,axis1_+1mm,encoder_level2,0.2118401974439621,0.9773121476173401,20170222CH_Exp3_zfp_M03
lesion,axis1_+1mm,encoder_level3,0.209632009267807,0.9777889251708984,20170222CH_Exp3_zfp_M03
lesion,axis1_+1mm,encoder_level4,0.16109080612659454,0.9870145916938782,20170222CH_Exp3_zfp_M03
lesion,axis1_+1mm,canvas_level4,0.16109080612659454,0.9870145916938782,20170222CH_Exp3_zfp_M03
lesion,axis1_+1mm,canvas_level3,0.2827218472957611,0.9592534303665161,20170222CH_Exp3_zfp_M03
lesion,axis1_+1mm,canvas_level2,0.29230159521102905,0.9564576148986816,20170222CH_Exp3_zfp_M03
lesion,axis1_+1mm,canvas_level1,0.2340475469827652,0.9722369909286499,20170222CH_Exp3_zfp_M03
lesion,axis1_+1mm,canvas_level0,0.19068986177444458,0.9817469716072083,20170222CH_Exp3_zfp_M03
lesion,axis1_+1mm,output_logits,0.10099568963050842,0.9948883652687073,20170222CH_Exp3_zfp_M03
lesion,axis1_+1mm,query_mask_embedding,0.0074373455718159676,0.9999723434448242,20170222CH_Exp3_zfp_M03
lesion,axis1_+2mm,input,1.8748411321212188e-06,1.0,20170222CH_Exp3_zfp_M03
lesion,axis1_+2mm,encoder_level0,0.047509901225566864,0.998870849609375,20170222CH_Exp3_zfp_M03
lesion,axis1_+2mm,encoder_level1,0.13080182671546936,0.9914255738258362,20170222CH_Exp3_zfp_M03
lesion,axis1_+2mm,encoder_level2,0.22907842695713043,0.9734314680099487,20170222CH_Exp3_zfp_M03
lesion,axis1_+2mm,encoder_level3,0.20667116343975067,0.9784314632415771,20170222CH_Exp3_zfp_M03
lesion,axis1_+2mm,encoder_level4,0.18838968873023987,0.9821088314056396,20170222CH_Exp3_zfp_M03
lesion,axis1_+2mm,canvas_level4,0.18838968873023987,0.9821088314056396,20170222CH_Exp3_zfp_M03
lesion,axis1_+2mm,canvas_level3,0.2982730567455292,0.9547109603881836,20170222CH_Exp3_zfp_M03
lesion,axis1_+2mm,canvas_level2,0.3331720232963562,0.9430086612701416,20170222CH_Exp3_zfp_M03
lesion,axis1_+2mm,canvas_level1,0.2363210916519165,0.9717626571655273,20170222CH_Exp3_zfp_M03
lesion,axis1_+2mm,canvas_level0,0.2184525430202484,0.975948691368103,20170222CH_Exp3_zfp_M03
lesion,axis1_+2mm,output_logits,0.1406562328338623,0.9901022911071777,20170222CH_Exp3_zfp_M03
lesion,axis1_+2mm,query_mask_embedding,0.021865753456950188,0.9997677803039551,20170222CH_Exp3_zfp_M03
lesion,axis1_+4mm,input,1.8748411321212188e-06,1.0,20170222CH_Exp3_zfp_M03
lesion,axis1_+4mm,encoder_level0,0.11637406051158905,0.9932055473327637,20170222CH_Exp3_zfp_M03
lesion,axis1_+4mm,encoder_level1,0.2633480727672577,0.96471107006073,20170222CH_Exp3_zfp_M03
lesion,axis1_+4mm,encoder_level2,0.30816736817359924,0.9515707492828369,20170222CH_Exp3_zfp_M03
lesion,axis1_+4mm,encoder_level3,0.257113516330719,0.9664873480796814,20170222CH_Exp3_zfp_M03
lesion,axis1_+4mm,encoder_level4,0.17860938608646393,0.9839237928390503,20170222CH_Exp3_zfp_M03
lesion,axis1_+4mm,canvas_level4,0.17860938608646393,0.9839237928390503,20170222CH_Exp3_zfp_M03
lesion,axis1_+4mm,canvas_level3,0.35614946484565735,0.934746503829956,20170222CH_Exp3_zfp_M03
lesion,axis1_+4mm,canvas_level2,0.3696962594985962,0.930046796798706,20170222CH_Exp3_zfp_M03
lesion,axis1_+4mm,canvas_level1,0.2968344986438751,0.9549806118011475,20170222CH_Exp3_zfp_M03
lesion,axis1_+4mm,canvas_level0,0.3337431848049164,0.9428908824920654,20170222CH_Exp3_zfp_M03
lesion,axis1_+4mm,output_logits,0.28467637300491333,0.9587406516075134,20170222CH_Exp3_zfp_M03
lesion,axis1_+4mm,query_mask_embedding,0.01805558055639267,0.9998427033424377,20170222CH_Exp3_zfp_M03
lesion,axis1_+6mm,input,0.20109054446220398,0.9795726537704468,20170222CH_Exp3_zfp_M03
lesion,axis1_+6mm,encoder_level0,0.3180282413959503,0.9486448764801025,20170222CH_Exp3_zfp_M03
lesion,axis1_+6mm,encoder_level1,0.41137221455574036,0.9120635390281677,20170222CH_Exp3_zfp_M03
lesion,axis1_+6mm,encoder_level2,0.43373388051986694,0.9010564088821411,20170222CH_Exp3_zfp_M03
lesion,axis1_+6mm,encoder_level3,0.3977465331554413,0.9176160097122192,20170222CH_Exp3_zfp_M03
lesion,axis1_+6mm,encoder_level4,0.24069887399673462,0.9713016748428345,20170222CH_Exp3_zfp_M03
lesion,axis1_+6mm,canvas_level4,0.24069887399673462,0.9713016748428345,20170222CH_Exp3_zfp_M03
lesion,axis1_+6mm,canvas_level3,0.43380817770957947,0.9020548462867737,20170222CH_Exp3_zfp_M03
lesion,axis1_+6mm,canvas_level2,0.4554205536842346,0.8908001780509949,20170222CH_Exp3_zfp_M03
lesion,axis1_+6mm,canvas_level1,0.4147084653377533,0.9106636047363281,20170222CH_Exp3_zfp_M03
lesion,axis1_+6mm,canvas_level0,0.45511341094970703,0.8921025991439819,20170222CH_Exp3_zfp_M03
lesion,axis1_+6mm,output_logits,0.413499116897583,0.9105067253112793,20170222CH_Exp3_zfp_M03
lesion,axis1_+6mm,query_mask_embedding,0.004587603732943535,0.999990701675415,20170222CH_Exp3_zfp_M03
lesion,axis2_+1mm,input,0.14482776820659637,0.9897007346153259,20170222CH_Exp3_zfp_M03
lesion,axis2_+1mm,encoder_level0,0.4316105246543884,0.9022910594940186,20170222CH_Exp3_zfp_M03
lesion,axis2_+1mm,encoder_level1,0.20998916029930115,0.9777430891990662,20170222CH_Exp3_zfp_M03
lesion,axis2_+1mm,encoder_level2,0.23649431765079498,0.9716949462890625,20170222CH_Exp3_zfp_M03
lesion,axis2_+1mm,encoder_level3,0.20451711118221283,0.9789671897888184,20170222CH_Exp3_zfp_M03
lesion,axis2_+1mm,encoder_level4,0.30818819999694824,0.9517886638641357,20170222CH_Exp3_zfp_M03
lesion,axis2_+1mm,canvas_level4,0.30818819999694824,0.9517886638641357,20170222CH_Exp3_zfp_M03
lesion,axis2_+1mm,canvas_level3,0.3121231496334076,0.9507331252098083,20170222CH_Exp3_zfp_M03
lesion,axis2_+1mm,canvas_level2,0.3070075213909149,0.9521747827529907,20170222CH_Exp3_zfp_M03
lesion,axis2_+1mm,canvas_level1,0.23261992633342743,0.97266685962677,20170222CH_Exp3_zfp_M03
lesion,axis2_+1mm,canvas_level0,0.20447733998298645,0.9789859056472778,20170222CH_Exp3_zfp_M03
lesion,axis2_+1mm,output_logits,0.06822791695594788,0.9976738691329956,20170222CH_Exp3_zfp_M03
lesion,axis2_+1mm,query_mask_embedding,0.023930933326482773,0.9997240304946899,20170222CH_Exp3_zfp_M03
lesion,axis2_+2mm,input,2.2307913241093047e-06,1.0,20170222CH_Exp3_zfp_M03
lesion,axis2_+2mm,encoder_level0,0.04750973358750343,0.9988707900047302,20170222CH_Exp3_zfp_M03
lesion,axis2_+2mm,encoder_level1,0.297614187002182,0.954693615436554,20170222CH_Exp3_zfp_M03
lesion,axis2_+2mm,encoder_level2,0.26936933398246765,0.9630482196807861,20170222CH_Exp3_zfp_M03
lesion,axis2_+2mm,encoder_level3,0.18761642277240753,0.9822545647621155,20170222CH_Exp3_zfp_M03
lesion,axis2_+2mm,encoder_level4,0.19797196984291077,0.980217695236206,20170222CH_Exp3_zfp_M03
lesion,axis2_+2mm,canvas_level4,0.19797196984291077,0.980217695236206,20170222CH_Exp3_zfp_M03
lesion,axis2_+2mm,canvas_level3,0.31704941391944885,0.9487109184265137,20170222CH_Exp3_zfp_M03
lesion,axis2_+2mm,canvas_level2,0.3361350893974304,0.9420390129089355,20170222CH_Exp3_zfp_M03
lesion,axis2_+2mm,canvas_level1,0.27628976106643677,0.9611265659332275,20170222CH_Exp3_zfp_M03
lesion,axis2_+2mm,canvas_level0,0.19831740856170654,0.9802035689353943,20170222CH_Exp3_zfp_M03
lesion,axis2_+2mm,output_logits,0.1316816210746765,0.9914284348487854,20170222CH_Exp3_zfp_M03
lesion,axis2_+2mm,query_mask_embedding,0.04668683931231499,0.9989413619041443,20170222CH_Exp3_zfp_M03
lesion,axis2_+4mm,input,2.3464428977604257e-06,1.0,20170222CH_Exp3_zfp_M03
lesion,axis2_+4mm,encoder_level0,0.11637399345636368,0.9932055473327637,20170222CH_Exp3_zfp_M03
lesion,axis2_+4mm,encoder_level1,0.25583505630493164,0.9667223691940308,20170222CH_Exp3_zfp_M03
lesion,axis2_+4mm,encoder_level2,0.3866061568260193,0.9222457408905029,20170222CH_Exp3_zfp_M03
lesion,axis2_+4mm,encoder_level3,0.3547239899635315,0.9350072145462036,20170222CH_Exp3_zfp_M03
lesion,axis2_+4mm,encoder_level4,0.23365604877471924,0.9724071621894836,20170222CH_Exp3_zfp_M03
lesion,axis2_+4mm,canvas_level4,0.23365604877471924,0.9724071621894836,20170222CH_Exp3_zfp_M03
lesion,axis2_+4mm,canvas_level3,0.37175193428993225,0.9283514022827148,20170222CH_Exp3_zfp_M03
lesion,axis2_+4mm,canvas_level2,0.384930282831192,0.9230022430419922,20170222CH_Exp3_zfp_M03
lesion,axis2_+4mm,canvas_level1,0.2726087272167206,0.9622032642364502,20170222CH_Exp3_zfp_M03
lesion,axis2_+4mm,canvas_level0,0.29578959941864014,0.9553745985031128,20170222CH_Exp3_zfp_M03
lesion,axis2_+4mm,output_logits,0.27454206347465515,0.9616361856460571,20170222CH_Exp3_zfp_M03
lesion,axis2_+4mm,query_mask_embedding,0.02839403785765171,0.9996082782745361,20170222CH_Exp3_zfp_M03
lesion,axis2_+6mm,input,2.201298229920212e-06,1.0,20170222CH_Exp3_zfp_M03
lesion,axis2_+6mm,encoder_level0,0.16600538790225983,0.9861250519752502,20170222CH_Exp3_zfp_M03
lesion,axis2_+6mm,encoder_level1,0.44795817136764526,0.8940547108650208,20170222CH_Exp3_zfp_M03
lesion,axis2_+6mm,encoder_level2,0.44679224491119385,0.8946955800056458,20170222CH_Exp3_zfp_M03
lesion,axis2_+6mm,encoder_level3,0.48828503489494324,0.8726879954338074,20170222CH_Exp3_zfp_M03
lesion,axis2_+6mm,encoder_level4,0.3587784469127655,0.9334983825683594,20170222CH_Exp3_zfp_M03
lesion,axis2_+6mm,canvas_level4,0.3587784469127655,0.9334983825683594,20170222CH_Exp3_zfp_M03
lesion,axis2_+6mm,canvas_level3,0.4695933759212494,0.8831172585487366,20170222CH_Exp3_zfp_M03
lesion,axis2_+6mm,canvas_level2,0.4340350925922394,0.9014654159545898,20170222CH_Exp3_zfp_M03
lesion,axis2_+6mm,canvas_level1,0.368242472410202,0.9298776984214783,20170222CH_Exp3_zfp_M03
lesion,axis2_+6mm,canvas_level0,0.3822110891342163,0.9244972467422485,20170222CH_Exp3_zfp_M03
lesion,axis2_+6mm,output_logits,0.39300963282585144,0.9195840358734131,20170222CH_Exp3_zfp_M03
lesion,axis2_+6mm,query_mask_embedding,0.04654982313513756,0.9989562630653381,20170222CH_Exp3_zfp_M03
lesion,resampling_floor,input,1.8680318589758826e-06,1.0,20170222CH_Exp3_zfp_M08
lesion,resampling_floor,encoder_level0,1.9017003069166094e-05,1.0,20170222CH_Exp3_zfp_M08
lesion,resampling_floor,encoder_level1,1.984524897125084e-05,1.0,20170222CH_Exp3_zfp_M08
lesion,resampling_floor,encoder_level2,2.303004112036433e-05,1.0,20170222CH_Exp3_zfp_M08
lesion,resampling_floor,encoder_level3,6.134072236818611e-07,1.0,20170222CH_Exp3_zfp_M08
lesion,resampling_floor,encoder_level4,4.460875970835332e-06,0.9999999403953552,20170222CH_Exp3_zfp_M08
lesion,resampling_floor,canvas_level4,4.460875970835332e-06,0.9999999403953552,20170222CH_Exp3_zfp_M08
lesion,resampling_floor,canvas_level3,7.23830598872155e-05,1.0,20170222CH_Exp3_zfp_M08
lesion,resampling_floor,canvas_level2,0.00015997583977878094,1.0,20170222CH_Exp3_zfp_M08
lesion,resampling_floor,canvas_level1,0.00016952464648056775,1.0,20170222CH_Exp3_zfp_M08
lesion,resampling_floor,canvas_level0,0.00022620460367761552,0.9999998807907104,20170222CH_Exp3_zfp_M08
lesion,resampling_floor,output_logits,6.845260213594884e-05,1.0,20170222CH_Exp3_zfp_M08
lesion,resampling_floor,query_mask_embedding,3.3171709219459444e-06,1.0,20170222CH_Exp3_zfp_M08
lesion,axis0_+1mm,input,1.7211343674716773e-06,1.0,20170222CH_Exp3_zfp_M08
lesion,axis0_+1mm,encoder_level0,0.008693796582520008,0.999967098236084,20170222CH_Exp3_zfp_M08
lesion,axis0_+1mm,encoder_level1,0.19490410387516022,0.980823278427124,20170222CH_Exp3_zfp_M08
lesion,axis0_+1mm,encoder_level2,0.18816669285297394,0.9821373224258423,20170222CH_Exp3_zfp_M08
lesion,axis0_+1mm,encoder_level3,0.1746070384979248,0.984639048576355,20170222CH_Exp3_zfp_M08
lesion,axis0_+1mm,encoder_level4,0.16110318899154663,0.9870375990867615,20170222CH_Exp3_zfp_M08
lesion,axis0_+1mm,canvas_level4,0.16110318899154663,0.9870375990867615,20170222CH_Exp3_zfp_M08
lesion,axis0_+1mm,canvas_level3,0.22053809463977814,0.9753824472427368,20170222CH_Exp3_zfp_M08
lesion,axis0_+1mm,canvas_level2,0.21055439114570618,0.9775840044021606,20170222CH_Exp3_zfp_M08
lesion,axis0_+1mm,canvas_level1,0.16446271538734436,0.986392617225647,20170222CH_Exp3_zfp_M08
lesion,axis0_+1mm,canvas_level0,0.0975731760263443,0.9952480792999268,20170222CH_Exp3_zfp_M08
lesion,axis0_+1mm,output_logits,0.03245774656534195,0.9994730353355408,20170222CH_Exp3_zfp_M08
lesion,axis0_+1mm,query_mask_embedding,0.007029090542346239,0.9999755024909973,20170222CH_Exp3_zfp_M08
lesion,axis0_+2mm,input,1.7780679399947985e-06,1.0,20170222CH_Exp3_zfp_M08
lesion,axis0_+2mm,encoder_level0,0.04264860227704048,0.99912029504776,20170222CH_Exp3_zfp_M08
lesion,axis0_+2mm,encoder_level1,0.0986986830830574,0.9952494502067566,20170222CH_Exp3_zfp_M08
lesion,axis0_+2mm,encoder_level2,0.2294655293226242,0.9733297824859619,20170222CH_Exp3_zfp_M08
lesion,axis0_+2mm,encoder_level3,0.16418161988258362,0.9864331483840942,20170222CH_Exp3_zfp_M08
lesion,axis0_+2mm,encoder_level4,0.18095114827156067,0.98357093334198,20170222CH_Exp3_zfp_M08
lesion,axis0_+2mm,canvas_level4,0.18095114827156067,0.98357093334198,20170222CH_Exp3_zfp_M08
lesion,axis0_+2mm,canvas_level3,0.2354058027267456,0.9720102548599243,20170222CH_Exp3_zfp_M08
lesion,axis0_+2mm,canvas_level2,0.2613690495491028,0.9652397632598877,20170222CH_Exp3_zfp_M08
lesion,axis0_+2mm,canvas_level1,0.15900753438472748,0.9873308539390564,20170222CH_Exp3_zfp_M08
lesion,axis0_+2mm,canvas_level0,0.13811247050762177,0.9905053973197937,20170222CH_Exp3_zfp_M08
lesion,axis0_+2mm,output_logits,0.043348684906959534,0.999070942401886,20170222CH_Exp3_zfp_M08
lesion,axis0_+2mm,query_mask_embedding,0.006538987625390291,0.9999802112579346,20170222CH_Exp3_zfp_M08
lesion,axis0_+4mm,input,0.09710273891687393,0.9952744245529175,20170222CH_Exp3_zfp_M08
lesion,axis0_+4mm,encoder_level0,0.16471438109874725,0.9864474534988403,20170222CH_Exp3_zfp_M08
lesion,axis0_+4mm,encoder_level1,0.2643190920352936,0.9648317098617554,20170222CH_Exp3_zfp_M08
lesion,axis0_+4mm,encoder_level2,0.2970249354839325,0.9551528096199036,20170222CH_Exp3_zfp_M08
lesion,axis0_+4mm,encoder_level3,0.2222193479537964,0.9750956296920776,20170222CH_Exp3_zfp_M08
lesion,axis0_+4mm,encoder_level4,0.1864016354084015,0.9824742078781128,20170222CH_Exp3_zfp_M08
lesion,axis0_+4mm,canvas_level4,0.1864016354084015,0.9824742078781128,20170222CH_Exp3_zfp_M08
lesion,axis0_+4mm,canvas_level3,0.2963094711303711,0.9554082751274109,20170222CH_Exp3_zfp_M08
lesion,axis0_+4mm,canvas_level2,0.3151714503765106,0.9493785500526428,20170222CH_Exp3_zfp_M08
lesion,axis0_+4mm,canvas_level1,0.2772187292575836,0.9610154628753662,20170222CH_Exp3_zfp_M08
lesion,axis0_+4mm,canvas_level0,0.2930832505226135,0.9564160108566284,20170222CH_Exp3_zfp_M08
lesion,axis0_+4mm,output_logits,0.2709130048751831,0.9626089930534363,20170222CH_Exp3_zfp_M08
lesion,axis0_+4mm,query_mask_embedding,0.00436288071796298,0.9999904632568359,20170222CH_Exp3_zfp_M08
lesion,axis0_+6mm,input,0.13703902065753937,0.9905657768249512,20170222CH_Exp3_zfp_M08
lesion,axis0_+6mm,encoder_level0,0.22997504472732544,0.9734318256378174,20170222CH_Exp3_zfp_M08
lesion,axis0_+6mm,encoder_level1,0.36244359612464905,0.932880163192749,20170222CH_Exp3_zfp_M08
lesion,axis0_+6mm,encoder_level2,0.3979445695877075,0.9174179434776306,20170222CH_Exp3_zfp_M08
lesion,axis0_+6mm,encoder_level3,0.3470906913280487,0.9379075765609741,20170222CH_Exp3_zfp_M08
lesion,axis0_+6mm,encoder_level4,0.20513279736042023,0.9788581132888794,20170222CH_Exp3_zfp_M08
lesion,axis0_+6mm,canvas_level4,0.20513279736042023,0.9788581132888794,20170222CH_Exp3_zfp_M08
lesion,axis0_+6mm,canvas_level3,0.3486572504043579,0.9378120303153992,20170222CH_Exp3_zfp_M08
lesion,axis0_+6mm,canvas_level2,0.3919925093650818,0.9200830459594727,20170222CH_Exp3_zfp_M08
lesion,axis0_+6mm,canvas_level1,0.362792432308197,0.9324523210525513,20170222CH_Exp3_zfp_M08
lesion,axis0_+6mm,canvas_level0,0.3941743075847626,0.9199944138526917,20170222CH_Exp3_zfp_M08
lesion,axis0_+6mm,output_logits,0.3815681040287018,0.9243457317352295,20170222CH_Exp3_zfp_M08
lesion,axis0_+6mm,query_mask_embedding,0.009652718901634216,0.9999544620513916,20170222CH_Exp3_zfp_M08
lesion,axis1_+1mm,input,1.8680318589758826e-06,1.0,20170222CH_Exp3_zfp_M08
lesion,axis1_+1mm,encoder_level0,1.9137041817884892e-05,0.9999998807907104,20170222CH_Exp3_zfp_M08
lesion,axis1_+1mm,encoder_level1,0.21592552959918976,0.976427435874939,20170222CH_Exp3_zfp_M08
lesion,axis1_+1mm,encoder_level2,0.21048234403133392,0.9776055812835693,20170222CH_Exp3_zfp_M08
lesion,axis1_+1mm,encoder_level3,0.20381543040275574,0.9790185689926147,20170222CH_Exp3_zfp_M08
lesion,axis1_+1mm,encoder_level4,0.13953039050102234,0.9905056357383728,20170222CH_Exp3_zfp_M08
lesion,axis1_+1mm,canvas_level4,0.13953039050102234,0.9905056357383728,20170222CH_Exp3_zfp_M08
lesion,axis1_+1mm,canvas_level3,0.2917523682117462,0.9566007852554321,20170222CH_Exp3_zfp_M08
lesion,axis1_+1mm,canvas_level2,0.2950592041015625,0.9556412100791931,20170222CH_Exp3_zfp_M08
lesion,axis1_+1mm,canvas_level1,0.23360179364681244,0.9723405241966248,20170222CH_Exp3_zfp_M08
lesion,axis1_+1mm,canvas_level0,0.19254830479621887,0.9813856482505798,20170222CH_Exp3_zfp_M08
lesion,axis1_+1mm,output_logits,0.10243324190378189,0.9947535991668701,20170222CH_Exp3_zfp_M08
lesion,axis1_+1mm,query_mask_embedding,0.0071021635085344315,0.999976634979248,20170222CH_Exp3_zfp_M08
lesion,axis1_+2mm,input,1.8680318589758826e-06,1.0,20170222CH_Exp3_zfp_M08
lesion,axis1_+2mm,encoder_level0,0.047203272581100464,0.9988852739334106,20170222CH_Exp3_zfp_M08
lesion,axis1_+2mm,encoder_level1,0.13255693018436432,0.9911937713623047,20170222CH_Exp3_zfp_M08
lesion,axis1_+2mm,encoder_level2,0.2289741486310959,0.97345370054245,20170222CH_Exp3_zfp_M08
lesion,axis1_+2mm,encoder_level3,0.20360207557678223,0.9790748357772827,20170222CH_Exp3_zfp_M08
lesion,axis1_+2mm,encoder_level4,0.17019996047019958,0.9856423139572144,20170222CH_Exp3_zfp_M08
lesion,axis1_+2mm,canvas_level4,0.17019996047019958,0.9856423139572144,20170222CH_Exp3_zfp_M08
lesion,axis1_+2mm,canvas_level3,0.31012076139450073,0.9509831666946411,20170222CH_Exp3_zfp_M08
lesion,axis1_+2mm,canvas_level2,0.34029844403266907,0.9404839277267456,20170222CH_Exp3_zfp_M08
lesion,axis1_+2mm,canvas_level1,0.2409459799528122,0.9706174731254578,20170222CH_Exp3_zfp_M08
lesion,axis1_+2mm,canvas_level0,0.22138407826423645,0.975300669670105,20170222CH_Exp3_zfp_M08
lesion,axis1_+2mm,output_logits,0.1422145962715149,0.9898358583450317,20170222CH_Exp3_zfp_M08
lesion,axis1_+2mm,query_mask_embedding,0.009964391589164734,0.99995356798172,20170222CH_Exp3_zfp_M08
lesion,axis1_+4mm,input,1.8680318589758826e-06,1.0,20170222CH_Exp3_zfp_M08
lesion,axis1_+4mm,encoder_level0,0.11562292277812958,0.993293046951294,20170222CH_Exp3_zfp_M08
lesion,axis1_+4mm,encoder_level1,0.2652910351753235,0.9641792178153992,20170222CH_Exp3_zfp_M08
lesion,axis1_+4mm,encoder_level2,0.30831390619277954,0.9515272378921509,20170222CH_Exp3_zfp_M08
lesion,axis1_+4mm,encoder_level3,0.2532258629798889,0.9675104022026062,20170222CH_Exp3_zfp_M08
lesion,axis1_+4mm,encoder_level4,0.15654952824115753,0.9876875877380371,20170222CH_Exp3_zfp_M08
lesion,axis1_+4mm,canvas_level4,0.15654952824115753,0.9876875877380371,20170222CH_Exp3_zfp_M08
lesion,axis1_+4mm,canvas_level3,0.3649511933326721,0.9314156770706177,20170222CH_Exp3_zfp_M08
lesion,axis1_+4mm,canvas_level2,0.37631407380104065,0.9274511337280273,20170222CH_Exp3_zfp_M08
lesion,axis1_+4mm,canvas_level1,0.2968592047691345,0.9549543857574463,20170222CH_Exp3_zfp_M08
lesion,axis1_+4mm,canvas_level0,0.33214855194091797,0.9434270858764648,20170222CH_Exp3_zfp_M08
lesion,axis1_+4mm,output_logits,0.28710421919822693,0.9579456448554993,20170222CH_Exp3_zfp_M08
lesion,axis1_+4mm,query_mask_embedding,0.009139795787632465,0.9999586343765259,20170222CH_Exp3_zfp_M08
lesion,axis1_+6mm,input,0.1859024465084076,0.9825683236122131,20170222CH_Exp3_zfp_M08
lesion,axis1_+6mm,encoder_level0,0.3116895258426666,0.9506610631942749,20170222CH_Exp3_zfp_M08
lesion,axis1_+6mm,encoder_level1,0.41551288962364197,0.9102195501327515,20170222CH_Exp3_zfp_M08
lesion,axis1_+6mm,encoder_level2,0.4334864616394043,0.9011768102645874,20170222CH_Exp3_zfp_M08
lesion,axis1_+6mm,encoder_level3,0.3957594335079193,0.9184733629226685,20170222CH_Exp3_zfp_M08
lesion,axis1_+6mm,encoder_level4,0.21782034635543823,0.9762812852859497,20170222CH_Exp3_zfp_M08
lesion,axis1_+6mm,canvas_level4,0.21782034635543823,0.9762812852859497,20170222CH_Exp3_zfp_M08
lesion,axis1_+6mm,canvas_level3,0.4550383985042572,0.8919073939323425,20170222CH_Exp3_zfp_M08
lesion,axis1_+6mm,canvas_level2,0.46988049149513245,0.8833799362182617,20170222CH_Exp3_zfp_M08
lesion,axis1_+6mm,canvas_level1,0.423911452293396,0.9064710736274719,20170222CH_Exp3_zfp_M08
lesion,axis1_+6mm,canvas_level0,0.45702019333839417,0.8910790085792542,20170222CH_Exp3_zfp_M08
lesion,axis1_+6mm,output_logits,0.4151599109172821,0.9097498655319214,20170222CH_Exp3_zfp_M08
lesion,axis1_+6mm,query_mask_embedding,0.006977561395615339,0.9999788999557495,20170222CH_Exp3_zfp_M08
lesion,axis2_+1mm,input,0.13677449524402618,0.990815281867981,20170222CH_Exp3_zfp_M08
lesion,axis2_+1mm,encoder_level0,0.4283614754676819,0.9038383960723877,20170222CH_Exp3_zfp_M08
lesion,axis2_+1mm,encoder_level1,0.2085571438074112,0.9780455231666565,20170222CH_Exp3_zfp_M08
lesion,axis2_+1mm,encoder_level2,0.23346035182476044,0.972426176071167,20170222CH_Exp3_zfp_M08
lesion,axis2_+1mm,encoder_level3,0.20087170600891113,0.9797144532203674,20170222CH_Exp3_zfp_M08
lesion,axis2_+1mm,encoder_level4,0.30038273334503174,0.9547537565231323,20170222CH_Exp3_zfp_M08
lesion,axis2_+1mm,canvas_level4,0.30038273334503174,0.9547537565231323,20170222CH_Exp3_zfp_M08
lesion,axis2_+1mm,canvas_level3,0.32863467931747437,0.9452657699584961,20170222CH_Exp3_zfp_M08
lesion,axis2_+1mm,canvas_level2,0.3182961046695709,0.9484902620315552,20170222CH_Exp3_zfp_M08
lesion,axis2_+1mm,canvas_level1,0.24629274010658264,0.9693351984024048,20170222CH_Exp3_zfp_M08
lesion,axis2_+1mm,canvas_level0,0.21007953584194183,0.9778138399124146,20170222CH_Exp3_zfp_M08
lesion,axis2_+1mm,output_logits,0.07007917016744614,0.9975447654724121,20170222CH_Exp3_zfp_M08
lesion,axis2_+1mm,query_mask_embedding,0.01376269944012165,0.999915361404419,20170222CH_Exp3_zfp_M08
lesion,axis2_+2mm,input,2.1335267774702515e-06,1.0,20170222CH_Exp3_zfp_M08
lesion,axis2_+2mm,encoder_level0,0.04720310494303703,0.9988852143287659,20170222CH_Exp3_zfp_M08
lesion,axis2_+2mm,encoder_level1,0.2981140613555908,0.9545345306396484,20170222CH_Exp3_zfp_M08
lesion,axis2_+2mm,encoder_level2,0.267799973487854,0.9634895324707031,20170222CH_Exp3_zfp_M08
lesion,axis2_+2mm,encoder_level3,0.18172474205493927,0.9833592176437378,20170222CH_Exp3_zfp_M08
lesion,axis2_+2mm,encoder_level4,0.1813390851020813,0.9835294485092163,20170222CH_Exp3_zfp_M08
lesion,axis2_+2mm,canvas_level4,0.1813390851020813,0.9835294485092163,20170222CH_Exp3_zfp_M08
lesion,axis2_+2mm,canvas_level3,0.3197373151779175,0.9479469656944275,20170222CH_Exp3_zfp_M08
lesion,axis2_+2mm,canvas_level2,0.3405587077140808,0.9404999017715454,20170222CH_Exp3_zfp_M08
lesion,axis2_+2mm,canvas_level1,0.2817087769508362,0.959560215473175,20170222CH_Exp3_zfp_M08
lesion,axis2_+2mm,canvas_level0,0.20082372426986694,0.9796872735023499,20170222CH_Exp3_zfp_M08
lesion,axis2_+2mm,output_logits,0.13255010545253754,0.9911767840385437,20170222CH_Exp3_zfp_M08
lesion,axis2_+2mm,query_mask_embedding,0.013717036694288254,0.9999120235443115,20170222CH_Exp3_zfp_M08
lesion,axis2_+4mm,input,2.280430408063694e-06,1.0,20170222CH_Exp3_zfp_M08
lesion,axis2_+4mm,encoder_level0,0.1156228631734848,0.9932931661605835,20170222CH_Exp3_zfp_M08
lesion,axis2_+4mm,encoder_level1,0.25743234157562256,0.9662984609603882,20170222CH_Exp3_zfp_M08
lesion,axis2_+4mm,encoder_level2,0.38350021839141846,0.9235418438911438,20170222CH_Exp3_zfp_M08
lesion,axis2_+4mm,encoder_level3,0.34959501028060913,0.9369436502456665,20170222CH_Exp3_zfp_M08
lesion,axis2_+4mm,encoder_level4,0.226981982588768,0.9739108681678772,20170222CH_Exp3_zfp_M08
lesion,axis2_+4mm,canvas_level4,0.226981982588768,0.9739108681678772,20170222CH_Exp3_zfp_M08
lesion,axis2_+4mm,canvas_level3,0.38137713074684143,0.924466609954834,20170222CH_Exp3_zfp_M08
lesion,axis2_+4mm,canvas_level2,0.3837212324142456,0.9234857559204102,20170222CH_Exp3_zfp_M08
lesion,axis2_+4mm,canvas_level1,0.2697700262069702,0.9629951119422913,20170222CH_Exp3_zfp_M08
lesion,axis2_+4mm,canvas_level0,0.29379433393478394,0.9559666514396667,20170222CH_Exp3_zfp_M08
lesion,axis2_+4mm,output_logits,0.27802804112434387,0.96058189868927,20170222CH_Exp3_zfp_M08
lesion,axis2_+4mm,query_mask_embedding,0.005046031903475523,0.9999876618385315,20170222CH_Exp3_zfp_M08
lesion,axis2_+6mm,input,2.1255768842820544e-06,1.0,20170222CH_Exp3_zfp_M08
lesion,axis2_+6mm,encoder_level0,0.16488879919052124,0.986312210559845,20170222CH_Exp3_zfp_M08
lesion,axis2_+6mm,encoder_level1,0.44955015182495117,0.8932565450668335,20170222CH_Exp3_zfp_M08
lesion,axis2_+6mm,encoder_level2,0.4451236426830292,0.8955289721488953,20170222CH_Exp3_zfp_M08
lesion,axis2_+6mm,encoder_level3,0.48335903882980347,0.8754314184188843,20170222CH_Exp3_zfp_M08
lesion,axis2_+6mm,encoder_level4,0.3531951904296875,0.9358420968055725,20170222CH_Exp3_zfp_M08
lesion,axis2_+6mm,canvas_level4,0.3531951904296875,0.9358420968055725,20170222CH_Exp3_zfp_M08
lesion,axis2_+6mm,canvas_level3,0.47833776473999023,0.8786022663116455,20170222CH_Exp3_zfp_M08
lesion,axis2_+6mm,canvas_level2,0.43432796001434326,0.9013622403144836,20170222CH_Exp3_zfp_M08
lesion,axis2_+6mm,canvas_level1,0.3647630512714386,0.931228756904602,20170222CH_Exp3_zfp_M08
lesion,axis2_+6mm,canvas_level0,0.38188403844833374,0.9246154427528381,20170222CH_Exp3_zfp_M08
lesion,axis2_+6mm,output_logits,0.3958243727684021,0.9184259176254272,20170222CH_Exp3_zfp_M08
lesion,axis2_+6mm,query_mask_embedding,0.023313576355576515,0.9997419118881226,20170222CH_Exp3_zfp_M08
lesion,resampling_floor,input,1.90344610473403e-06,0.9999999403953552,20170404CH_SC_M05
lesion,resampling_floor,encoder_level0,1.9032737327506766e-05,1.0,20170404CH_SC_M05
lesion,resampling_floor,encoder_level1,1.9871024051099084e-05,1.0,20170404CH_SC_M05
lesion,resampling_floor,encoder_level2,2.3036043785396032e-05,0.9999998807907104,20170404CH_SC_M05
lesion,resampling_floor,encoder_level3,6.718055374221876e-07,1.0,20170404CH_SC_M05
lesion,resampling_floor,encoder_level4,5.252523351373384e-06,0.9999999403953552,20170404CH_SC_M05
lesion,resampling_floor,canvas_level4,5.252523351373384e-06,0.9999999403953552,20170404CH_SC_M05
lesion,resampling_floor,canvas_level3,6.968627712922171e-05,1.0,20170404CH_SC_M05
lesion,resampling_floor,canvas_level2,0.00016258546384051442,1.0,20170404CH_SC_M05
lesion,resampling_floor,canvas_level1,0.0001743598550092429,1.0,20170404CH_SC_M05
lesion,resampling_floor,canvas_level0,0.00022983367671258748,0.9999999403953552,20170404CH_SC_M05
lesion,resampling_floor,output_logits,6.994334398768842e-05,1.0,20170404CH_SC_M05
lesion,resampling_floor,query_mask_embedding,5.559874693972233e-07,0.9999999403953552,20170404CH_SC_M05
lesion,axis0_+1mm,input,1.7644491663304507e-06,0.9999999403953552,20170404CH_SC_M05
lesion,axis0_+1mm,encoder_level0,0.008570780977606773,0.9999682903289795,20170404CH_SC_M05
lesion,axis0_+1mm,encoder_level1,0.19337399303913116,0.9811259508132935,20170404CH_SC_M05
lesion,axis0_+1mm,encoder_level2,0.18143343925476074,0.9834031462669373,20170404CH_SC_M05
lesion,axis0_+1mm,encoder_level3,0.17672045528888702,0.9842623472213745,20170404CH_SC_M05
lesion,axis0_+1mm,encoder_level4,0.16171838343143463,0.986911952495575,20170404CH_SC_M05
lesion,axis0_+1mm,canvas_level4,0.16171838343143463,0.986911952495575,20170404CH_SC_M05
lesion,axis0_+1mm,canvas_level3,0.21214821934700012,0.9772523641586304,20170404CH_SC_M05
lesion,axis0_+1mm,canvas_level2,0.20575906336307526,0.9786156415939331,20170404CH_SC_M05
lesion,axis0_+1mm,canvas_level1,0.16611988842487335,0.986109733581543,20170404CH_SC_M05
lesion,axis0_+1mm,canvas_level0,0.09813857823610306,0.9951878786087036,20170404CH_SC_M05
lesion,axis0_+1mm,output_logits,0.035126518458127975,0.9993845224380493,20170404CH_SC_M05
lesion,axis0_+1mm,query_mask_embedding,0.004992979113012552,0.9999876618385315,20170404CH_SC_M05
lesion,axis0_+2mm,input,1.8023026768787531e-06,1.0000001192092896,20170404CH_SC_M05
lesion,axis0_+2mm,encoder_level0,0.042319491505622864,0.9991335868835449,20170404CH_SC_M05
lesion,axis0_+2mm,encoder_level1,0.09426911175251007,0.9956688284873962,20170404CH_SC_M05
lesion,axis0_+2mm,encoder_level2,0.22451815009117126,0.9744817018508911,20170404CH_SC_M05
lesion,axis0_+2mm,encoder_level3,0.16812241077423096,0.9857699871063232,20170404CH_SC_M05
lesion,axis0_+2mm,encoder_level4,0.17637713253498077,0.984391987323761,20170404CH_SC_M05
lesion,axis0_+2mm,canvas_level4,0.17637713253498077,0.984391987323761,20170404CH_SC_M05
lesion,axis0_+2mm,canvas_level3,0.22061023116111755,0.9754719734191895,20170404CH_SC_M05
lesion,axis0_+2mm,canvas_level2,0.2536890506744385,0.9672896862030029,20170404CH_SC_M05
lesion,axis0_+2mm,canvas_level1,0.15670092403888702,0.9876922369003296,20170404CH_SC_M05
lesion,axis0_+2mm,canvas_level0,0.1356845647096634,0.9908457398414612,20170404CH_SC_M05
lesion,axis0_+2mm,output_logits,0.04493258148431778,0.9989948272705078,20170404CH_SC_M05
lesion,axis0_+2mm,query_mask_embedding,0.003597169416025281,0.9999938011169434,20170404CH_SC_M05
lesion,axis0_+4mm,input,0.09981879591941833,0.9950056076049805,20170404CH_SC_M05
lesion,axis0_+4mm,encoder_level0,0.17183078825473785,0.9852317571640015,20170404CH_SC_M05
lesion,axis0_+4mm,encoder_level1,0.26344433426856995,0.9650534987449646,20170404CH_SC_M05
lesion,axis0_+4mm,encoder_level2,0.2911640405654907,0.9569054245948792,20170404CH_SC_M05
lesion,axis0_+4mm,encoder_level3,0.22507858276367188,0.9744338989257812,20170404CH_SC_M05
lesion,axis0_+4mm,encoder_level4,0.1958346962928772,0.9806441068649292,20170404CH_SC_M05
lesion,axis0_+4mm,canvas_level4,0.1958346962928772,0.9806441068649292,20170404CH_SC_M05
lesion,axis0_+4mm,canvas_level3,0.2766526937484741,0.9613010287284851,20170404CH_SC_M05
lesion,axis0_+4mm,canvas_level2,0.30365246534347534,0.9531248211860657,20170404CH_SC_M05
lesion,axis0_+4mm,canvas_level1,0.2716495096683502,0.9625598788261414,20170404CH_SC_M05
lesion,axis0_+4mm,canvas_level0,0.2896476686000824,0.9574575424194336,20170404CH_SC_M05
lesion,axis0_+4mm,output_logits,0.269305944442749,0.9630553722381592,20170404CH_SC_M05
lesion,axis0_+4mm,query_mask_embedding,0.005245894659310579,0.9999862909317017,20170404CH_SC_M05
lesion,axis0_+6mm,input,0.14083315432071686,0.9900333881378174,20170404CH_SC_M05
lesion,axis0_+6mm,encoder_level0,0.2403603047132492,0.9709212779998779,20170404CH_SC_M05
lesion,axis0_+6mm,encoder_level1,0.362250417470932,0.9329321384429932,20170404CH_SC_M05
lesion,axis0_+6mm,encoder_level2,0.39526647329330444,0.9185724854469299,20170404CH_SC_M05
lesion,axis0_+6mm,encoder_level3,0.34795281291007996,0.9375869035720825,20170404CH_SC_M05
lesion,axis0_+6mm,encoder_level4,0.21526630222797394,0.9767529964447021,20170404CH_SC_M05
lesion,axis0_+6mm,canvas_level4,0.21526630222797394,0.9767529964447021,20170404CH_SC_M05
lesion,axis0_+6mm,canvas_level3,0.33372706174850464,0.9432140588760376,20170404CH_SC_M05
lesion,axis0_+6mm,canvas_level2,0.3849450945854187,0.9231246113777161,20170404CH_SC_M05
lesion,axis0_+6mm,canvas_level1,0.35813653469085693,0.9342300891876221,20170404CH_SC_M05
lesion,axis0_+6mm,canvas_level0,0.3900223970413208,0.9216548204421997,20170404CH_SC_M05
lesion,axis0_+6mm,output_logits,0.38033396005630493,0.924849271774292,20170404CH_SC_M05
lesion,axis0_+6mm,query_mask_embedding,0.005963016301393509,0.9999821782112122,20170404CH_SC_M05
lesion,axis1_+1mm,input,1.90344610473403e-06,0.9999999403953552,20170404CH_SC_M05
lesion,axis1_+1mm,encoder_level0,1.893935950647574e-05,1.0,20170404CH_SC_M05
lesion,axis1_+1mm,encoder_level1,0.2254210263490677,0.9742804765701294,20170404CH_SC_M05
lesion,axis1_+1mm,encoder_level2,0.2224178910255432,0.9749646186828613,20170404CH_SC_M05
lesion,axis1_+1mm,encoder_level3,0.22065764665603638,0.9753710627555847,20170404CH_SC_M05
lesion,axis1_+1mm,encoder_level4,0.15602847933769226,0.9881011247634888,20170404CH_SC_M05
lesion,axis1_+1mm,canvas_level4,0.15602847933769226,0.9881011247634888,20170404CH_SC_M05
lesion,axis1_+1mm,canvas_level3,0.2863040566444397,0.9581941366195679,20170404CH_SC_M05
lesion,axis1_+1mm,canvas_level2,0.2992393970489502,0.954345166683197,20170404CH_SC_M05
lesion,axis1_+1mm,canvas_level1,0.24346138536930084,0.9699257016181946,20170404CH_SC_M05
lesion,axis1_+1mm,canvas_level0,0.20017974078655243,0.9798945188522339,20170404CH_SC_M05
lesion,axis1_+1mm,output_logits,0.10504849255084991,0.9944719076156616,20170404CH_SC_M05
lesion,axis1_+1mm,query_mask_embedding,0.006165565922856331,0.9999815821647644,20170404CH_SC_M05
lesion,axis1_+2mm,input,1.90344610473403e-06,0.9999999403953552,20170404CH_SC_M05
lesion,axis1_+2mm,encoder_level0,0.04993032291531563,0.9987527132034302,20170404CH_SC_M05
lesion,axis1_+2mm,encoder_level1,0.13107910752296448,0.9913883209228516,20170404CH_SC_M05
lesion,axis1_+2mm,encoder_level2,0.23956090211868286,0.9708923697471619,20170404CH_SC_M05
lesion,axis1_+2mm,encoder_level3,0.2178294062614441,0.976024866104126,20170404CH_SC_M05
lesion,axis1_+2mm,encoder_level4,0.1841326653957367,0.9831569194793701,20170404CH_SC_M05
lesion,axis1_+2mm,canvas_level4,0.1841326653957367,0.9831569194793701,20170404CH_SC_M05
lesion,axis1_+2mm,canvas_level3,0.3041830360889435,0.9528501033782959,20170404CH_SC_M05
lesion,axis1_+2mm,canvas_level2,0.342838853597641,0.9395629167556763,20170404CH_SC_M05
lesion,axis1_+2mm,canvas_level1,0.25074347853660583,0.9681589603424072,20170404CH_SC_M05
lesion,axis1_+2mm,canvas_level0,0.22995921969413757,0.9733622074127197,20170404CH_SC_M05
lesion,axis1_+2mm,output_logits,0.14400100708007812,0.9895825386047363,20170404CH_SC_M05
lesion,axis1_+2mm,query_mask_embedding,0.010298365727066994,0.9999490976333618,20170404CH_SC_M05
lesion,axis1_+4mm,input,1.90344610473403e-06,0.9999999403953552,20170404CH_SC_M05
lesion,axis1_+4mm,encoder_level0,0.12230301648378372,0.9924927353858948,20170404CH_SC_M05
lesion,axis1_+4mm,encoder_level1,0.26508432626724243,0.9642354249954224,20170404CH_SC_M05
lesion,axis1_+4mm,encoder_level2,0.3092697560787201,0.9512152075767517,20170404CH_SC_M05
lesion,axis1_+4mm,encoder_level3,0.2687258720397949,0.9632858633995056,20170404CH_SC_M05
lesion,axis1_+4mm,encoder_level4,0.17183007299900055,0.9851699471473694,20170404CH_SC_M05
lesion,axis1_+4mm,canvas_level4,0.17183007299900055,0.9851699471473694,20170404CH_SC_M05
lesion,axis1_+4mm,canvas_level3,0.36058321595191956,0.9330644607543945,20170404CH_SC_M05
lesion,axis1_+4mm,canvas_level2,0.3755987882614136,0.9277874231338501,20170404CH_SC_M05
lesion,axis1_+4mm,canvas_level1,0.31063249707221985,0.9505999088287354,20170404CH_SC_M05
lesion,axis1_+4mm,canvas_level0,0.3424926996231079,0.9398415684700012,20170404CH_SC_M05
lesion,axis1_+4mm,output_logits,0.291166216135025,0.9567179083824158,20170404CH_SC_M05
lesion,axis1_+4mm,query_mask_embedding,0.014359605498611927,0.9998995661735535,20170404CH_SC_M05
lesion,axis1_+6mm,input,0.2378026396036148,0.9713135957717896,20170404CH_SC_M05
lesion,axis1_+6mm,encoder_level0,0.3430584669113159,0.940100908279419,20170404CH_SC_M05
lesion,axis1_+6mm,encoder_level1,0.4181423783302307,0.9090425968170166,20170404CH_SC_M05
lesion,axis1_+6mm,encoder_level2,0.44519028067588806,0.8954898118972778,20170404CH_SC_M05
lesion,axis1_+6mm,encoder_level3,0.4024721384048462,0.9155204892158508,20170404CH_SC_M05
lesion,axis1_+6mm,encoder_level4,0.2360750287771225,0.972122311592102,20170404CH_SC_M05
lesion,axis1_+6mm,canvas_level4,0.2360750287771225,0.972122311592102,20170404CH_SC_M05
lesion,axis1_+6mm,canvas_level3,0.44692444801330566,0.895836353302002,20170404CH_SC_M05
lesion,axis1_+6mm,canvas_level2,0.47364914417266846,0.8816038370132446,20170404CH_SC_M05
lesion,axis1_+6mm,canvas_level1,0.4328007698059082,0.9025135040283203,20170404CH_SC_M05
lesion,axis1_+6mm,canvas_level0,0.46573975682258606,0.8870015740394592,20170404CH_SC_M05
lesion,axis1_+6mm,output_logits,0.42072057723999023,0.9071915745735168,20170404CH_SC_M05
lesion,axis1_+6mm,query_mask_embedding,0.004840308800339699,0.9999889135360718,20170404CH_SC_M05
lesion,axis2_+1mm,input,0.153879776597023,0.9884346723556519,20170404CH_SC_M05
lesion,axis2_+1mm,encoder_level0,0.43675848841667175,0.8998413681983948,20170404CH_SC_M05
lesion,axis2_+1mm,encoder_level1,0.21243299543857574,0.9772129654884338,20170404CH_SC_M05
lesion,axis2_+1mm,encoder_level2,0.24321791529655457,0.9700398445129395,20170404CH_SC_M05
lesion,axis2_+1mm,encoder_level3,0.21213313937187195,0.9773608446121216,20170404CH_SC_M05
lesion,axis2_+1mm,encoder_level4,0.31368014216423035,0.9502907395362854,20170404CH_SC_M05
lesion,axis2_+1mm,canvas_level4,0.31368014216423035,0.9502907395362854,20170404CH_SC_M05
lesion,axis2_+1mm,canvas_level3,0.3254288136959076,0.9463294744491577,20170404CH_SC_M05
lesion,axis2_+1mm,canvas_level2,0.31797125935554504,0.9485666155815125,20170404CH_SC_M05
lesion,axis2_+1mm,canvas_level1,0.2440640777349472,0.9698687195777893,20170404CH_SC_M05
lesion,axis2_+1mm,canvas_level0,0.21709614992141724,0.9763028025627136,20170404CH_SC_M05
lesion,axis2_+1mm,output_logits,0.07103051990270615,0.9974746704101562,20170404CH_SC_M05
lesion,axis2_+1mm,query_mask_embedding,0.015757471323013306,0.9998898506164551,20170404CH_SC_M05
lesion,axis2_+2mm,input,2.37639346778451e-06,1.0,20170404CH_SC_M05
lesion,axis2_+2mm,encoder_level0,0.049930185079574585,0.9987527132034302,20170404CH_SC_M05
lesion,axis2_+2mm,encoder_level1,0.30420413613319397,0.9526098966598511,20170404CH_SC_M05
lesion,axis2_+2mm,encoder_level2,0.27848541736602783,0.960452139377594,20170404CH_SC_M05
lesion,axis2_+2mm,encoder_level3,0.18775659799575806,0.9822249412536621,20170404CH_SC_M05
lesion,axis2_+2mm,encoder_level4,0.1779041886329651,0.9840598106384277,20170404CH_SC_M05
lesion,axis2_+2mm,canvas_level4,0.1779041886329651,0.9840598106384277,20170404CH_SC_M05
lesion,axis2_+2mm,canvas_level3,0.2991065979003906,0.954404354095459,20170404CH_SC_M05
lesion,axis2_+2mm,canvas_level2,0.33946406841278076,0.940766453742981,20170404CH_SC_M05
lesion,axis2_+2mm,canvas_level1,0.28933700919151306,0.9572803378105164,20170404CH_SC_M05
lesion,axis2_+2mm,canvas_level0,0.20834164321422577,0.9781705141067505,20170404CH_SC_M05
lesion,axis2_+2mm,output_logits,0.1317269206047058,0.9913358688354492,20170404CH_SC_M05
lesion,axis2_+2mm,query_mask_embedding,0.017988041043281555,0.9998518228530884,20170404CH_SC_M05
lesion,axis2_+4mm,input,2.418946451143711e-06,1.0,20170404CH_SC_M05
lesion,axis2_+4mm,encoder_level0,0.12230296432971954,0.9924927949905396,20170404CH_SC_M05
lesion,axis2_+4mm,encoder_level1,0.2576228976249695,0.9662473201751709,20170404CH_SC_M05
lesion,axis2_+4mm,encoder_level2,0.3949527144432068,0.918702244758606,20170404CH_SC_M05
lesion,axis2_+4mm,encoder_level3,0.3588663935661316,0.9334243535995483,20170404CH_SC_M05
lesion,axis2_+4mm,encoder_level4,0.22349406778812408,0.9747484922409058,20170404CH_SC_M05
lesion,axis2_+4mm,canvas_level4,0.22349406778812408,0.9747484922409058,20170404CH_SC_M05
lesion,axis2_+4mm,canvas_level3,0.37052473425865173,0.9288282990455627,20170404CH_SC_M05
lesion,axis2_+4mm,canvas_level2,0.3934035301208496,0.9194287657737732,20170404CH_SC_M05
lesion,axis2_+4mm,canvas_level1,0.28468841314315796,0.9587398767471313,20170404CH_SC_M05
lesion,axis2_+4mm,canvas_level0,0.30475500226020813,0.952621340751648,20170404CH_SC_M05
lesion,axis2_+4mm,output_logits,0.27943989634513855,0.9601653814315796,20170404CH_SC_M05
lesion,axis2_+4mm,query_mask_embedding,0.004552165046334267,0.9999896287918091,20170404CH_SC_M05
lesion,axis2_+6mm,input,2.238534534626524e-06,1.0,20170404CH_SC_M05
lesion,axis2_+6mm,encoder_level0,0.1737614870071411,0.9847880005836487,20170404CH_SC_M05
lesion,axis2_+6mm,encoder_level1,0.45457789301872253,0.890709400177002,20170404CH_SC_M05
lesion,axis2_+6mm,encoder_level2,0.4533911347389221,0.8913714289665222,20170404CH_SC_M05
lesion,axis2_+6mm,encoder_level3,0.4913872182369232,0.8709439039230347,20170404CH_SC_M05
lesion,axis2_+6mm,encoder_level4,0.3448943793773651,0.9388073682785034,20170404CH_SC_M05
lesion,axis2_+6mm,canvas_level4,0.3448943793773651,0.9388073682785034,20170404CH_SC_M05
lesion,axis2_+6mm,canvas_level3,0.46592795848846436,0.88496994972229,20170404CH_SC_M05
lesion,axis2_+6mm,canvas_level2,0.4450867474079132,0.8960832357406616,20170404CH_SC_M05
lesion,axis2_+6mm,canvas_level1,0.3871736526489258,0.9222180843353271,20170404CH_SC_M05
lesion,axis2_+6mm,canvas_level0,0.3906533718109131,0.9211363792419434,20170404CH_SC_M05
lesion,axis2_+6mm,output_logits,0.39787569642066956,0.9174404144287109,20170404CH_SC_M05
lesion,axis2_+6mm,query_mask_embedding,0.016233235597610474,0.999881386756897,20170404CH_SC_M05
lesion,resampling_floor,input,1.9767626326938625e-06,1.0,20170405CH_SC_M16
lesion,resampling_floor,encoder_level0,1.8733955585048534e-05,1.0,20170405CH_SC_M16
lesion,resampling_floor,encoder_level1,1.9796168999164365e-05,1.0,20170405CH_SC_M16
lesion,resampling_floor,encoder_level2,2.224728996225167e-05,1.0,20170405CH_SC_M16
lesion,resampling_floor,encoder_level3,6.087811925681308e-07,1.0,20170405CH_SC_M16
lesion,resampling_floor,encoder_level4,4.552969585347455e-06,0.9999998807907104,20170405CH_SC_M16
lesion,resampling_floor,canvas_level4,4.552969585347455e-06,0.9999998807907104,20170405CH_SC_M16
lesion,resampling_floor,canvas_level3,7.187670416897163e-05,1.0,20170405CH_SC_M16
lesion,resampling_floor,canvas_level2,0.00015884012100286782,1.0,20170405CH_SC_M16
lesion,resampling_floor,canvas_level1,0.00016961463552433997,1.0,20170405CH_SC_M16
lesion,resampling_floor,canvas_level0,0.00022681461996398866,0.9999999403953552,20170405CH_SC_M16
lesion,resampling_floor,output_logits,6.852274964330718e-05,1.0,20170405CH_SC_M16
lesion,resampling_floor,query_mask_embedding,2.4420573936367873e-06,1.0000001192092896,20170405CH_SC_M16
lesion,axis0_+1mm,input,1.8146945421904093e-06,1.0,20170405CH_SC_M16
lesion,axis0_+1mm,encoder_level0,0.008912126533687115,0.9999659061431885,20170405CH_SC_M16
lesion,axis0_+1mm,encoder_level1,0.19419236481189728,0.9809651374816895,20170405CH_SC_M16
lesion,axis0_+1mm,encoder_level2,0.18845055997371674,0.9820828437805176,20170405CH_SC_M16
lesion,axis0_+1mm,encoder_level3,0.1751406490802765,0.9845438599586487,20170405CH_SC_M16
lesion,axis0_+1mm,encoder_level4,0.17571696639060974,0.984528660774231,20170405CH_SC_M16
lesion,axis0_+1mm,canvas_level4,0.17571696639060974,0.984528660774231,20170405CH_SC_M16
lesion,axis0_+1mm,canvas_level3,0.21551573276519775,0.9765005111694336,20170405CH_SC_M16
lesion,axis0_+1mm,canvas_level2,0.20969060063362122,0.9777708053588867,20170405CH_SC_M16
lesion,axis0_+1mm,canvas_level1,0.16318948566913605,0.9866068363189697,20170405CH_SC_M16
lesion,axis0_+1mm,canvas_level0,0.09615317732095718,0.9953848719596863,20170405CH_SC_M16
lesion,axis0_+1mm,output_logits,0.03374798595905304,0.9994334578514099,20170405CH_SC_M16
lesion,axis0_+1mm,query_mask_embedding,0.018045127391815186,0.9998405575752258,20170405CH_SC_M16
lesion,axis0_+2mm,input,1.9285344023955986e-06,1.0,20170405CH_SC_M16
lesion,axis0_+2mm,encoder_level0,0.04238327220082283,0.999134361743927,20170405CH_SC_M16
lesion,axis0_+2mm,encoder_level1,0.09732002764940262,0.9953799843788147,20170405CH_SC_M16
lesion,axis0_+2mm,encoder_level2,0.22981992363929749,0.9732458591461182,20170405CH_SC_M16
lesion,axis0_+2mm,encoder_level3,0.16737057268619537,0.98589688539505,20170405CH_SC_M16
lesion,axis0_+2mm,encoder_level4,0.19475135207176208,0.9808783531188965,20170405CH_SC_M16
lesion,axis0_+2mm,canvas_level4,0.19475135207176208,0.9808783531188965,20170405CH_SC_M16
lesion,axis0_+2mm,canvas_level3,0.23304933309555054,0.9725630283355713,20170405CH_SC_M16
lesion,axis0_+2mm,canvas_level2,0.25904467701911926,0.9658693075180054,20170405CH_SC_M16
lesion,axis0_+2mm,canvas_level1,0.15506577491760254,0.9879658818244934,20170405CH_SC_M16
lesion,axis0_+2mm,canvas_level0,0.13422586023807526,0.9910324811935425,20170405CH_SC_M16
lesion,axis0_+2mm,output_logits,0.04424289986491203,0.9990209341049194,20170405CH_SC_M16
lesion,axis0_+2mm,query_mask_embedding,0.012890989892184734,0.9999187588691711,20170405CH_SC_M16
lesion,axis0_+4mm,input,0.1011623740196228,0.9948700070381165,20170405CH_SC_M16
lesion,axis0_+4mm,encoder_level0,0.16570121049880981,0.9862927198410034,20170405CH_SC_M16
lesion,axis0_+4mm,encoder_level1,0.26313185691833496,0.9651476740837097,20170405CH_SC_M16
lesion,axis0_+4mm,encoder_level2,0.2956068217754364,0.9555848836898804,20170405CH_SC_M16
lesion,axis0_+4mm,encoder_level3,0.22459310293197632,0.9745509624481201,20170405CH_SC_M16
lesion,axis0_+4mm,encoder_level4,0.19574391841888428,0.9806565642356873,20170405CH_SC_M16
lesion,axis0_+4mm,canvas_level4,0.19574391841888428,0.9806565642356873,20170405CH_SC_M16
lesion,axis0_+4mm,canvas_level3,0.2816617786884308,0.959770679473877,20170405CH_SC_M16
lesion,axis0_+4mm,canvas_level2,0.30627191066741943,0.9522638916969299,20170405CH_SC_M16
lesion,axis0_+4mm,canvas_level1,0.27221691608428955,0.9624396562576294,20170405CH_SC_M16
lesion,axis0_+4mm,canvas_level0,0.2895859181880951,0.9574894905090332,20170405CH_SC_M16
lesion,axis0_+4mm,output_logits,0.27078965306282043,0.9626445174217224,20170405CH_SC_M16
lesion,axis0_+4mm,query_mask_embedding,0.00643607322126627,0.9999800324440002,20170405CH_SC_M16
lesion,axis0_+6mm,input,0.14288179576396942,0.989739716053009,20170405CH_SC_M16
lesion,axis0_+6mm,encoder_level0,0.231446772813797,0.9731066823005676,20170405CH_SC_M16
lesion,axis0_+6mm,encoder_level1,0.3611912131309509,0.933358907699585,20170405CH_SC_M16
lesion,axis0_+6mm,encoder_level2,0.3970259130001068,0.9178135395050049,20170405CH_SC_M16
lesion,axis0_+6mm,encoder_level3,0.3468259871006012,0.9380143880844116,20170405CH_SC_M16
lesion,axis0_+6mm,encoder_level4,0.21003365516662598,0.9778381586074829,20170405CH_SC_M16
lesion,axis0_+6mm,canvas_level4,0.21003365516662598,0.9778381586074829,20170405CH_SC_M16
lesion,axis0_+6mm,canvas_level3,0.3355177342891693,0.9425326585769653,20170405CH_SC_M16
lesion,axis0_+6mm,canvas_level2,0.38374751806259155,0.9235657453536987,20170405CH_SC_M16
lesion,axis0_+6mm,canvas_level1,0.35625454783439636,0.9349782466888428,20170405CH_SC_M16
lesion,axis0_+6mm,canvas_level0,0.3898397982120514,0.9218334555625916,20170405CH_SC_M16
lesion,axis0_+6mm,output_logits,0.38127243518829346,0.9244669675827026,20170405CH_SC_M16
lesion,axis0_+6mm,query_mask_embedding,0.012983737513422966,0.9999181628227234,20170405CH_SC_M16
lesion,axis1_+1mm,input,1.9767626326938625e-06,1.0,20170405CH_SC_M16
lesion,axis1_+1mm,encoder_level0,1.877888644230552e-05,1.0,20170405CH_SC_M16
lesion,axis1_+1mm,encoder_level1,0.2150692492723465,0.9766165614128113,20170405CH_SC_M16
lesion,axis1_+1mm,encoder_level2,0.2090802788734436,0.9779075980186462,20170405CH_SC_M16
lesion,axis1_+1mm,encoder_level3,0.20448273420333862,0.9788784980773926,20170405CH_SC_M16
lesion,axis1_+1mm,encoder_level4,0.15067733824253082,0.9888777136802673,20170405CH_SC_M16
lesion,axis1_+1mm,canvas_level4,0.15067733824253082,0.9888777136802673,20170405CH_SC_M16
lesion,axis1_+1mm,canvas_level3,0.27812597155570984,0.9605982303619385,20170405CH_SC_M16
lesion,axis1_+1mm,canvas_level2,0.2866124212741852,0.9581720232963562,20170405CH_SC_M16
lesion,axis1_+1mm,canvas_level1,0.2299567013978958,0.9732120037078857,20170405CH_SC_M16
lesion,axis1_+1mm,canvas_level0,0.1901901513338089,0.9818429946899414,20170405CH_SC_M16
lesion,axis1_+1mm,output_logits,0.10297179967164993,0.9946887493133545,20170405CH_SC_M16
lesion,axis1_+1mm,query_mask_embedding,0.005134498700499535,0.9999867677688599,20170405CH_SC_M16
lesion,axis1_+2mm,input,1.9767626326938625e-06,1.0,20170405CH_SC_M16
lesion,axis1_+2mm,encoder_level0,0.047551289200782776,0.9988687634468079,20170405CH_SC_M16
lesion,axis1_+2mm,encoder_level1,0.13123781979084015,0.9913680553436279,20170405CH_SC_M16
lesion,axis1_+2mm,encoder_level2,0.22611312568187714,0.9741203188896179,20170405CH_SC_M16
lesion,axis1_+2mm,encoder_level3,0.20488345623016357,0.9788097143173218,20170405CH_SC_M16
lesion,axis1_+2mm,encoder_level4,0.18416684865951538,0.9829681515693665,20170405CH_SC_M16
lesion,axis1_+2mm,canvas_level4,0.18416684865951538,0.9829681515693665,20170405CH_SC_M16
lesion,axis1_+2mm,canvas_level3,0.2958963215351105,0.9554333686828613,20170405CH_SC_M16
lesion,axis1_+2mm,canvas_level2,0.3239280581474304,0.9462172389030457,20170405CH_SC_M16
lesion,axis1_+2mm,canvas_level1,0.22426900267601013,0.9745965003967285,20170405CH_SC_M16
lesion,axis1_+2mm,canvas_level0,0.21290722489356995,0.9771609306335449,20170405CH_SC_M16
lesion,axis1_+2mm,output_logits,0.13888239860534668,0.9903163909912109,20170405CH_SC_M16
lesion,axis1_+2mm,query_mask_embedding,0.0064140427857637405,0.9999797344207764,20170405CH_SC_M16
lesion,axis1_+4mm,input,1.9767626326938625e-06,1.0,20170405CH_SC_M16
lesion,axis1_+4mm,encoder_level0,0.11647540330886841,0.9931936264038086,20170405CH_SC_M16
lesion,axis1_+4mm,encoder_level1,0.2638157606124878,0.9645830392837524,20170405CH_SC_M16
lesion,axis1_+4mm,encoder_level2,0.3071495294570923,0.9518918991088867,20170405CH_SC_M16
lesion,axis1_+4mm,encoder_level3,0.2540000379085541,0.9673073291778564,20170405CH_SC_M16
lesion,axis1_+4mm,encoder_level4,0.16494907438755035,0.9863167405128479,20170405CH_SC_M16
lesion,axis1_+4mm,canvas_level4,0.16494907438755035,0.9863167405128479,20170405CH_SC_M16
lesion,axis1_+4mm,canvas_level3,0.34776195883750916,0.9378452301025391,20170405CH_SC_M16
lesion,axis1_+4mm,canvas_level2,0.36248794198036194,0.9328415393829346,20170405CH_SC_M16
lesion,axis1_+4mm,canvas_level1,0.29055890440940857,0.956895112991333,20170405CH_SC_M16
lesion,axis1_+4mm,canvas_level0,0.32870402932167053,0.9446379542350769,20170405CH_SC_M16
lesion,axis1_+4mm,output_logits,0.2833947539329529,0.9590471982955933,20170405CH_SC_M16
lesion,axis1_+4mm,query_mask_embedding,0.007011453155428171,0.9999755620956421,20170405CH_SC_M16
lesion,axis1_+6mm,input,0.2233319729566574,0.9747424721717834,20170405CH_SC_M16
lesion,axis1_+6mm,encoder_level0,0.3278774619102478,0.9453743100166321,20170405CH_SC_M16
lesion,axis1_+6mm,encoder_level1,0.41742226481437683,0.9093832969665527,20170405CH_SC_M16
lesion,axis1_+6mm,encoder_level2,0.43497443199157715,0.9004727602005005,20170405CH_SC_M16
lesion,axis1_+6mm,encoder_level3,0.39552175998687744,0.9185771346092224,20170405CH_SC_M16
lesion,axis1_+6mm,encoder_level4,0.22717751562595367,0.9742954969406128,20170405CH_SC_M16
lesion,axis1_+6mm,canvas_level4,0.22717751562595367,0.9742954969406128,20170405CH_SC_M16
lesion,axis1_+6mm,canvas_level3,0.4286520183086395,0.9044617414474487,20170405CH_SC_M16
lesion,axis1_+6mm,canvas_level2,0.45458701252937317,0.8913199305534363,20170405CH_SC_M16
lesion,axis1_+6mm,canvas_level1,0.41326868534088135,0.9113389253616333,20170405CH_SC_M16
lesion,axis1_+6mm,canvas_level0,0.4534708261489868,0.8929169774055481,20170405CH_SC_M16
lesion,axis1_+6mm,output_logits,0.41296690702438354,0.9107521772384644,20170405CH_SC_M16
lesion,axis1_+6mm,query_mask_embedding,0.004905251320451498,0.99998939037323,20170405CH_SC_M16
lesion,axis2_+1mm,input,0.15732422471046448,0.9878717660903931,20170405CH_SC_M16
lesion,axis2_+1mm,encoder_level0,0.4452691674232483,0.8956433534622192,20170405CH_SC_M16
lesion,axis2_+1mm,encoder_level1,0.21314574778079987,0.9770563840866089,20170405CH_SC_M16
lesion,axis2_+1mm,encoder_level2,0.23756814002990723,0.971435546875,20170405CH_SC_M16
lesion,axis2_+1mm,encoder_level3,0.20636756718158722,0.9785842299461365,20170405CH_SC_M16
lesion,axis2_+1mm,encoder_level4,0.3098728060722351,0.9516838788986206,20170405CH_SC_M16
lesion,axis2_+1mm,canvas_level4,0.3098728060722351,0.9516838788986206,20170405CH_SC_M16
lesion,axis2_+1mm,canvas_level3,0.3150683641433716,0.9497777223587036,20170405CH_SC_M16
lesion,axis2_+1mm,canvas_level2,0.31060469150543213,0.9510096907615662,20170405CH_SC_M16
lesion,axis2_+1mm,canvas_level1,0.23887059092521667,0.9711765050888062,20170405CH_SC_M16
lesion,axis2_+1mm,canvas_level0,0.20755374431610107,0.978335976600647,20170405CH_SC_M16
lesion,axis2_+1mm,output_logits,0.06852123141288757,0.9976497292518616,20170405CH_SC_M16
lesion,axis2_+1mm,query_mask_embedding,0.013709774240851402,0.999910831451416,20170405CH_SC_M16
lesion,axis2_+2mm,input,2.4707603643037146e-06,1.0,20170405CH_SC_M16
lesion,axis2_+2mm,encoder_level0,0.04755111783742905,0.9988688230514526,20170405CH_SC_M16
lesion,axis2_+2mm,encoder_level1,0.302834689617157,0.9530460834503174,20170405CH_SC_M16
lesion,axis2_+2mm,encoder_level2,0.2702983021736145,0.9627880454063416,20170405CH_SC_M16
lesion,axis2_+2mm,encoder_level3,0.1868543028831482,0.9824001789093018,20170405CH_SC_M16
lesion,axis2_+2mm,encoder_level4,0.19688227772712708,0.9804601073265076,20170405CH_SC_M16
lesion,axis2_+2mm,canvas_level4,0.19688227772712708,0.9804601073265076,20170405CH_SC_M16
lesion,axis2_+2mm,canvas_level3,0.30856525897979736,0.9514778852462769,20170405CH_SC_M16
lesion,axis2_+2mm,canvas_level2,0.3356259763240814,0.942184567451477,20170405CH_SC_M16
lesion,axis2_+2mm,canvas_level1,0.27990391850471497,0.9600912928581238,20170405CH_SC_M16
lesion,axis2_+2mm,canvas_level0,0.1973206102848053,0.9804021120071411,20170405CH_SC_M16
lesion,axis2_+2mm,output_logits,0.12983736395835876,0.9915492534637451,20170405CH_SC_M16
lesion,axis2_+2mm,query_mask_embedding,0.013680036179721355,0.9999077320098877,20170405CH_SC_M16
lesion,axis2_+4mm,input,2.493759438948473e-06,1.0,20170405CH_SC_M16
lesion,axis2_+4mm,encoder_level0,0.11647534370422363,0.9931936264038086,20170405CH_SC_M16
lesion,axis2_+4mm,encoder_level1,0.25627222657203674,0.9666064977645874,20170405CH_SC_M16
lesion,axis2_+4mm,encoder_level2,0.38719645142555237,0.9219983816146851,20170405CH_SC_M16
lesion,axis2_+4mm,encoder_level3,0.35220953822135925,0.9359607696533203,20170405CH_SC_M16
lesion,axis2_+4mm,encoder_level4,0.23021277785301208,0.9731522798538208,20170405CH_SC_M16
lesion,axis2_+4mm,canvas_level4,0.23021277785301208,0.9731522798538208,20170405CH_SC_M16
lesion,axis2_+4mm,canvas_level3,0.3669726550579071,0.9302412867546082,20170405CH_SC_M16
lesion,axis2_+4mm,canvas_level2,0.38397374749183655,0.923376739025116,20170405CH_SC_M16
lesion,axis2_+4mm,canvas_level1,0.2724117338657379,0.9622744917869568,20170405CH_SC_M16
lesion,axis2_+4mm,canvas_level0,0.29404738545417786,0.9559127688407898,20170405CH_SC_M16
lesion,axis2_+4mm,output_logits,0.2717697322368622,0.9623699188232422,20170405CH_SC_M16
lesion,axis2_+4mm,query_mask_embedding,0.009492315351963043,0.999955952167511,20170405CH_SC_M16
lesion,axis2_+6mm,input,2.370798711126554e-06,1.0,20170405CH_SC_M16
lesion,axis2_+6mm,encoder_level0,0.16506099700927734,0.9862834811210632,20170405CH_SC_M16
lesion,axis2_+6mm,encoder_level1,0.45171114802360535,0.8921663761138916,20170405CH_SC_M16
lesion,axis2_+6mm,encoder_level2,0.44695591926574707,0.8946166038513184,20170405CH_SC_M16
lesion,axis2_+6mm,encoder_level3,0.48743459582328796,0.873161256313324,20170405CH_SC_M16
lesion,axis2_+6mm,encoder_level4,0.35727599263191223,0.9343128204345703,20170405CH_SC_M16
lesion,axis2_+6mm,canvas_level4,0.35727599263191223,0.9343128204345703,20170405CH_SC_M16
lesion,axis2_+6mm,canvas_level3,0.4667038321495056,0.8846704363822937,20170405CH_SC_M16
lesion,axis2_+6mm,canvas_level2,0.436398446559906,0.9002646207809448,20170405CH_SC_M16
lesion,axis2_+6mm,canvas_level1,0.37066295742988586,0.9289228916168213,20170405CH_SC_M16
lesion,axis2_+6mm,canvas_level0,0.38262107968330383,0.9243340492248535,20170405CH_SC_M16
lesion,axis2_+6mm,output_logits,0.39072662591934204,0.9205145835876465,20170405CH_SC_M16
lesion,axis2_+6mm,query_mask_embedding,0.010106943547725677,0.999950647354126,20170405CH_SC_M16
lesion,resampling_floor,input,1.8284155203218688e-06,1.0,20170628CH_Exp6_ZFPtm1a_M12
lesion,resampling_floor,encoder_level0,1.9264345610281453e-05,1.0,20170628CH_Exp6_ZFPtm1a_M12
lesion,resampling_floor,encoder_level1,2.084983316308353e-05,1.0,20170628CH_Exp6_ZFPtm1a_M12
lesion,resampling_floor,encoder_level2,2.2698985048918985e-05,1.0,20170628CH_Exp6_ZFPtm1a_M12
lesion,resampling_floor,encoder_level3,6.858192023173615e-07,0.9999998807907104,20170628CH_Exp6_ZFPtm1a_M12
lesion,resampling_floor,encoder_level4,4.369088401290355e-06,1.0000001192092896,20170628CH_Exp6_ZFPtm1a_M12
lesion,resampling_floor,canvas_level4,4.369088401290355e-06,1.0000001192092896,20170628CH_Exp6_ZFPtm1a_M12
lesion,resampling_floor,canvas_level3,7.10081949364394e-05,0.9999999403953552,20170628CH_Exp6_ZFPtm1a_M12
lesion,resampling_floor,canvas_level2,0.00016187451547011733,0.9999999403953552,20170628CH_Exp6_ZFPtm1a_M12
lesion,resampling_floor,canvas_level1,0.0001752572861732915,1.0,20170628CH_Exp6_ZFPtm1a_M12
lesion,resampling_floor,canvas_level0,0.00022727342729922384,1.0,20170628CH_Exp6_ZFPtm1a_M12
lesion,resampling_floor,output_logits,6.905430927872658e-05,1.0,20170628CH_Exp6_ZFPtm1a_M12
lesion,resampling_floor,query_mask_embedding,2.1353284864744637e-06,0.9999999403953552,20170628CH_Exp6_ZFPtm1a_M12
lesion,axis0_+1mm,input,1.6481091051900876e-06,0.9999999403953552,20170628CH_Exp6_ZFPtm1a_M12
lesion,axis0_+1mm,encoder_level0,0.008624151349067688,0.9999676942825317,20170628CH_Exp6_ZFPtm1a_M12
lesion,axis0_+1mm,encoder_level1,0.19579549133777618,0.9806457757949829,20170628CH_Exp6_ZFPtm1a_M12
lesion,axis0_+1mm,encoder_level2,0.1878405064344406,0.982199490070343,20170628CH_Exp6_ZFPtm1a_M12
lesion,axis0_+1mm,encoder_level3,0.17860442399978638,0.9839211702346802,20170628CH_Exp6_ZFPtm1a_M12
lesion,axis0_+1mm,encoder_level4,0.15925119817256927,0.9873917698860168,20170628CH_Exp6_ZFPtm1a_M12
lesion,axis0_+1mm,canvas_level4,0.15925119817256927,0.9873917698860168,20170628CH_Exp6_ZFPtm1a_M12
lesion,axis0_+1mm,canvas_level3,0.21517206728458405,0.976577639579773,20170628CH_Exp6_ZFPtm1a_M12
lesion,axis0_+1mm,canvas_level2,0.2126293182373047,0.9771367907524109,20170628CH_Exp6_ZFPtm1a_M12
lesion,axis0_+1mm,canvas_level1,0.17342409491539001,0.9848598837852478,20170628CH_Exp6_ZFPtm1a_M12
lesion,axis0_+1mm,canvas_level0,0.10491250455379486,0.9945043325424194,20170628CH_Exp6_ZFPtm1a_M12
lesion,axis0_+1mm,output_logits,0.03629178926348686,0.9993472099304199,20170628CH_Exp6_ZFPtm1a_M12
lesion,axis0_+1mm,query_mask_embedding,0.011221600696444511,0.9999392628669739,20170628CH_Exp6_ZFPtm1a_M12
lesion,axis0_+2mm,input,1.735829641802411e-06,1.0,20170628CH_Exp6_ZFPtm1a_M12
lesion,axis0_+2mm,encoder_level0,0.04243767634034157,0.9991288185119629,20170628CH_Exp6_ZFPtm1a_M12
lesion,axis0_+2mm,encoder_level1,0.09862137585878372,0.9952608346939087,20170628CH_Exp6_ZFPtm1a_M12
lesion,axis0_+2mm,encoder_level2,0.2304808795452118,0.9730944633483887,20170628CH_Exp6_ZFPtm1a_M12
lesion,axis0_+2mm,encoder_level3,0.16603629291057587,0.9861212968826294,20170628CH_Exp6_ZFPtm1a_M12
lesion,axis0_+2mm,encoder_level4,0.181351900100708,0.9834731817245483,20170628CH_Exp6_ZFPtm1a_M12
lesion,axis0_+2mm,canvas_level4,0.181351900100708,0.9834731817245483,20170628CH_Exp6_ZFPtm1a_M12
lesion,axis0_+2mm,canvas_level3,0.22315090894699097,0.9748343229293823,20170628CH_Exp6_ZFPtm1a_M12
lesion,axis0_+2mm,canvas_level2,0.2573065757751465,0.9663311839103699,20170628CH_Exp6_ZFPtm1a_M12
lesion,axis0_+2mm,canvas_level1,0.15955042839050293,0.9872444868087769,20170628CH_Exp6_ZFPtm1a_M12
lesion,axis0_+2mm,canvas_level0,0.1372901350259781,0.9906211495399475,20170628CH_Exp6_ZFPtm1a_M12
lesion,axis0_+2mm,output_logits,0.043963104486465454,0.9990427494049072,20170628CH_Exp6_ZFPtm1a_M12
lesion,axis0_+2mm,query_mask_embedding,0.020023521035909653,0.9998085498809814,20170628CH_Exp6_ZFPtm1a_M12
lesion,axis0_+4mm,input,0.09719817340373993,0.995265007019043,20170628CH_Exp6_ZFPtm1a_M12
lesion,axis0_+4mm,encoder_level0,0.16595858335494995,0.9862387180328369,20170628CH_Exp6_ZFPtm1a_M12
lesion,axis0_+4mm,encoder_level1,0.265025794506073,0.9646511673927307,20170628CH_Exp6_ZFPtm1a_M12
lesion,axis0_+4mm,encoder_level2,0.29492509365081787,0.9557809233665466,20170628CH_Exp6_ZFPtm1a_M12
lesion,axis0_+4mm,encoder_level3,0.225704163312912,0.9743035435676575,20170628CH_Exp6_ZFPtm1a_M12
lesion,axis0_+4mm,encoder_level4,0.1978181153535843,0.9802467226982117,20170628CH_Exp6_ZFPtm1a_M12
lesion,axis0_+4mm,canvas_level4,0.1978181153535843,0.9802467226982117,20170628CH_Exp6_ZFPtm1a_M12
lesion,axis0_+4mm,canvas_level3,0.28444090485572815,0.9589492678642273,20170628CH_Exp6_ZFPtm1a_M12
lesion,axis0_+4mm,canvas_level2,0.3086075186729431,0.9514979720115662,20170628CH_Exp6_ZFPtm1a_M12
lesion,axis0_+4mm,canvas_level1,0.2798233926296234,0.9602302312850952,20170628CH_Exp6_ZFPtm1a_M12
lesion,axis0_+4mm,canvas_level0,0.2931169867515564,0.956390380859375,20170628CH_Exp6_ZFPtm1a_M12
lesion,axis0_+4mm,output_logits,0.27486249804496765,0.9615142345428467,20170628CH_Exp6_ZFPtm1a_M12
lesion,axis0_+4mm,query_mask_embedding,0.017412861809134483,0.9998550415039062,20170628CH_Exp6_ZFPtm1a_M12
lesion,axis0_+6mm,input,0.13701853156089783,0.9905685186386108,20170628CH_Exp6_ZFPtm1a_M12
lesion,axis0_+6mm,encoder_level0,0.23196826875209808,0.972959578037262,20170628CH_Exp6_ZFPtm1a_M12
lesion,axis0_+6mm,encoder_level1,0.3633275032043457,0.9325661659240723,20170628CH_Exp6_ZFPtm1a_M12
lesion,axis0_+6mm,encoder_level2,0.3979560434818268,0.9174097776412964,20170628CH_Exp6_ZFPtm1a_M12
lesion,axis0_+6mm,encoder_level3,0.3494856059551239,0.9370185136795044,20170628CH_Exp6_ZFPtm1a_M12
lesion,axis0_+6mm,encoder_level4,0.21233481168746948,0.9773706197738647,20170628CH_Exp6_ZFPtm1a_M12
lesion,axis0_+6mm,canvas_level4,0.21233481168746948,0.9773706197738647,20170628CH_Exp6_ZFPtm1a_M12
lesion,axis0_+6mm,canvas_level3,0.3420144021511078,0.9401624202728271,20170628CH_Exp6_ZFPtm1a_M12
lesion,axis0_+6mm,canvas_level2,0.39344337582588196,0.9194852113723755,20170628CH_Exp6_ZFPtm1a_M12
lesion,axis0_+6mm,canvas_level1,0.3714839220046997,0.9290842413902283,20170628CH_Exp6_ZFPtm1a_M12
lesion,axis0_+6mm,canvas_level0,0.3997512459754944,0.9176574945449829,20170628CH_Exp6_ZFPtm1a_M12
lesion,axis0_+6mm,output_logits,0.3875494599342346,0.9218494892120361,20170628CH_Exp6_ZFPtm1a_M12
lesion,axis0_+6mm,query_mask_embedding,0.00988567154854536,0.9999529123306274,20170628CH_Exp6_ZFPtm1a_M12
lesion,axis1_+1mm,input,1.8284155203218688e-06,1.0,20170628CH_Exp6_ZFPtm1a_M12
lesion,axis1_+1mm,encoder_level0,1.9247927411925048e-05,1.0,20170628CH_Exp6_ZFPtm1a_M12
lesion,axis1_+1mm,encoder_level1,0.21360784769058228,0.9769347310066223,20170628CH_Exp6_ZFPtm1a_M12
lesion,axis1_+1mm,encoder_level2,0.20876695215702057,0.9779735803604126,20170628CH_Exp6_ZFPtm1a_M12
lesion,axis1_+1mm,encoder_level3,0.20109868049621582,0.9795761108398438,20170628CH_Exp6_ZFPtm1a_M12
lesion,axis1_+1mm,encoder_level4,0.1469738632440567,0.989506721496582,20170628CH_Exp6_ZFPtm1a_M12
lesion,axis1_+1mm,canvas_level4,0.1469738632440567,0.989506721496582,20170628CH_Exp6_ZFPtm1a_M12
lesion,axis1_+1mm,canvas_level3,0.27186068892478943,0.9623430371284485,20170628CH_Exp6_ZFPtm1a_M12
lesion,axis1_+1mm,canvas_level2,0.281220406293869,0.959729015827179,20170628CH_Exp6_ZFPtm1a_M12
lesion,axis1_+1mm,canvas_level1,0.23173046112060547,0.97278892993927,20170628CH_Exp6_ZFPtm1a_M12
lesion,axis1_+1mm,canvas_level0,0.1890217661857605,0.9820643663406372,20170628CH_Exp6_ZFPtm1a_M12
lesion,axis1_+1mm,output_logits,0.10116776078939438,0.9948742389678955,20170628CH_Exp6_ZFPtm1a_M12
lesion,axis1_+1mm,query_mask_embedding,0.004503490868955851,0.9999901652336121,20170628CH_Exp6_ZFPtm1a_M12
lesion,axis1_+2mm,input,1.8284155203218688e-06,1.0,20170628CH_Exp6_ZFPtm1a_M12
lesion,axis1_+2mm,encoder_level0,0.046384792774915695,0.998923659324646,20170628CH_Exp6_ZFPtm1a_M12
lesion,axis1_+2mm,encoder_level1,0.1322692632675171,0.9912324547767639,20170628CH_Exp6_ZFPtm1a_M12
lesion,axis1_+2mm,encoder_level2,0.22773578763008118,0.9737378358840942,20170628CH_Exp6_ZFPtm1a_M12
lesion,axis1_+2mm,encoder_level3,0.20484836399555206,0.9788171052932739,20170628CH_Exp6_ZFPtm1a_M12
lesion,axis1_+2mm,encoder_level4,0.18168379366397858,0.9835178852081299,20170628CH_Exp6_ZFPtm1a_M12
lesion,axis1_+2mm,canvas_level4,0.18168379366397858,0.9835178852081299,20170628CH_Exp6_ZFPtm1a_M12
lesion,axis1_+2mm,canvas_level3,0.2972922921180725,0.9548913240432739,20170628CH_Exp6_ZFPtm1a_M12
lesion,axis1_+2mm,canvas_level2,0.3319035768508911,0.9434190988540649,20170628CH_Exp6_ZFPtm1a_M12
lesion,axis1_+2mm,canvas_level1,0.24348479509353638,0.9699923992156982,20170628CH_Exp6_ZFPtm1a_M12
lesion,axis1_+2mm,canvas_level0,0.2239556461572647,0.9747199416160583,20170628CH_Exp6_ZFPtm1a_M12
lesion,axis1_+2mm,output_logits,0.1430003046989441,0.9897727370262146,20170628CH_Exp6_ZFPtm1a_M12
lesion,axis1_+2mm,query_mask_embedding,0.017962398007512093,0.9998486042022705,20170628CH_Exp6_ZFPtm1a_M12
lesion,axis1_+4mm,input,1.8284155203218688e-06,1.0,20170628CH_Exp6_ZFPtm1a_M12
lesion,axis1_+4mm,encoder_level0,0.11361786723136902,0.9935245513916016,20170628CH_Exp6_ZFPtm1a_M12
lesion,axis1_+4mm,encoder_level1,0.26494356989860535,0.9642754793167114,20170628CH_Exp6_ZFPtm1a_M12
lesion,axis1_+4mm,encoder_level2,0.30938011407852173,0.9511867761611938,20170628CH_Exp6_ZFPtm1a_M12
lesion,axis1_+4mm,encoder_level3,0.2527625262737274,0.9676343202590942,20170628CH_Exp6_ZFPtm1a_M12
lesion,axis1_+4mm,encoder_level4,0.17410056293010712,0.9847607016563416,20170628CH_Exp6_ZFPtm1a_M12
lesion,axis1_+4mm,canvas_level4,0.17410056293010712,0.9847607016563416,20170628CH_Exp6_ZFPtm1a_M12
lesion,axis1_+4mm,canvas_level3,0.36098426580429077,0.9327662587165833,20170628CH_Exp6_ZFPtm1a_M12
lesion,axis1_+4mm,canvas_level2,0.3723076283931732,0.9289234280586243,20170628CH_Exp6_ZFPtm1a_M12
lesion,axis1_+4mm,canvas_level1,0.29862290620803833,0.9544087648391724,20170628CH_Exp6_ZFPtm1a_M12
lesion,axis1_+4mm,canvas_level0,0.33448976278305054,0.942622184753418,20170628CH_Exp6_ZFPtm1a_M12
lesion,axis1_+4mm,output_logits,0.28765401244163513,0.9577710628509521,20170628CH_Exp6_ZFPtm1a_M12
lesion,axis1_+4mm,query_mask_embedding,0.006292865611612797,0.9999802112579346,20170628CH_Exp6_ZFPtm1a_M12
lesion,axis1_+6mm,input,0.29312238097190857,0.9560748934745789,20170628CH_Exp6_ZFPtm1a_M12
lesion,axis1_+6mm,encoder_level0,0.40677496790885925,0.9156469702720642,20170628CH_Exp6_ZFPtm1a_M12
lesion,axis1_+6mm,encoder_level1,0.4240676462650299,0.9064068794250488,20170628CH_Exp6_ZFPtm1a_M12
lesion,axis1_+6mm,encoder_level2,0.44417351484298706,0.8960286378860474,20170628CH_Exp6_ZFPtm1a_M12
lesion,axis1_+6mm,encoder_level3,0.39457619190216064,0.9189865589141846,20170628CH_Exp6_ZFPtm1a_M12
lesion,axis1_+6mm,encoder_level4,0.22778837382793427,0.9740820527076721,20170628CH_Exp6_ZFPtm1a_M12
lesion,axis1_+6mm,canvas_level4,0.22778837382793427,0.9740820527076721,20170628CH_Exp6_ZFPtm1a_M12
lesion,axis1_+6mm,canvas_level3,0.47520336508750916,0.8814815282821655,20170628CH_Exp6_ZFPtm1a_M12
lesion,axis1_+6mm,canvas_level2,0.48548728227615356,0.8751211762428284,20170628CH_Exp6_ZFPtm1a_M12
lesion,axis1_+6mm,canvas_level1,0.445905864238739,0.8962165117263794,20170628CH_Exp6_ZFPtm1a_M12
lesion,axis1_+6mm,canvas_level0,0.4791748523712158,0.8800849318504333,20170628CH_Exp6_ZFPtm1a_M12
lesion,axis1_+6mm,output_logits,0.42058345675468445,0.9072557687759399,20170628CH_Exp6_ZFPtm1a_M12
lesion,axis1_+6mm,query_mask_embedding,0.009871279820799828,0.9999533295631409,20170628CH_Exp6_ZFPtm1a_M12
lesion,axis2_+1mm,input,0.13627895712852478,0.9908967018127441,20170628CH_Exp6_ZFPtm1a_M12
lesion,axis2_+1mm,encoder_level0,0.4240114986896515,0.905927300453186,20170628CH_Exp6_ZFPtm1a_M12
lesion,axis2_+1mm,encoder_level1,0.21585851907730103,0.9764569997787476,20170628CH_Exp6_ZFPtm1a_M12
lesion,axis2_+1mm,encoder_level2,0.23107805848121643,0.9729862213134766,20170628CH_Exp6_ZFPtm1a_M12
lesion,axis2_+1mm,encoder_level3,0.2049858570098877,0.978868842124939,20170628CH_Exp6_ZFPtm1a_M12
lesion,axis2_+1mm,encoder_level4,0.3065178096294403,0.9525464773178101,20170628CH_Exp6_ZFPtm1a_M12
lesion,axis2_+1mm,canvas_level4,0.3065178096294403,0.9525464773178101,20170628CH_Exp6_ZFPtm1a_M12
lesion,axis2_+1mm,canvas_level3,0.3203270435333252,0.948083758354187,20170628CH_Exp6_ZFPtm1a_M12
lesion,axis2_+1mm,canvas_level2,0.3053046464920044,0.9527075886726379,20170628CH_Exp6_ZFPtm1a_M12
lesion,axis2_+1mm,canvas_level1,0.24256739020347595,0.9702904224395752,20170628CH_Exp6_ZFPtm1a_M12
lesion,axis2_+1mm,canvas_level0,0.20650245249271393,0.9785505533218384,20170628CH_Exp6_ZFPtm1a_M12
lesion,axis2_+1mm,output_logits,0.06750917434692383,0.9977484941482544,20170628CH_Exp6_ZFPtm1a_M12
lesion,axis2_+1mm,query_mask_embedding,0.024155640974640846,0.9997352361679077,20170628CH_Exp6_ZFPtm1a_M12
lesion,axis2_+2mm,input,2.0448978830245323e-06,1.0,20170628CH_Exp6_ZFPtm1a_M12
lesion,axis2_+2mm,encoder_level0,0.046384576708078384,0.998923659324646,20170628CH_Exp6_ZFPtm1a_M12
lesion,axis2_+2mm,encoder_level1,0.30620765686035156,0.9519670009613037,20170628CH_Exp6_ZFPtm1a_M12
lesion,axis2_+2mm,encoder_level2,0.2689167261123657,0.963175356388092,20170628CH_Exp6_ZFPtm1a_M12
lesion,axis2_+2mm,encoder_level3,0.18388250470161438,0.9829559922218323,20170628CH_Exp6_ZFPtm1a_M12
lesion,axis2_+2mm,encoder_level4,0.16685989499092102,0.9859929084777832,20170628CH_Exp6_ZFPtm1a_M12
lesion,axis2_+2mm,canvas_level4,0.16685989499092102,0.9859929084777832,20170628CH_Exp6_ZFPtm1a_M12
lesion,axis2_+2mm,canvas_level3,0.3097374141216278,0.9510579109191895,20170628CH_Exp6_ZFPtm1a_M12
lesion,axis2_+2mm,canvas_level2,0.3328581154346466,0.9431663751602173,20170628CH_Exp6_ZFPtm1a_M12
lesion,axis2_+2mm,canvas_level1,0.28472277522087097,0.9586661458015442,20170628CH_Exp6_ZFPtm1a_M12
lesion,axis2_+2mm,canvas_level0,0.19691292941570282,0.9804623126983643,20170628CH_Exp6_ZFPtm1a_M12
lesion,axis2_+2mm,output_logits,0.1270476132631302,0.9919283390045166,20170628CH_Exp6_ZFPtm1a_M12
lesion,axis2_+2mm,query_mask_embedding,0.011732806451618671,0.9999363422393799,20170628CH_Exp6_ZFPtm1a_M12
lesion,axis2_+4mm,input,2.2422841539082583e-06,1.0,20170628CH_Exp6_ZFPtm1a_M12
lesion,axis2_+4mm,encoder_level0,0.11361778527498245,0.9935245513916016,20170628CH_Exp6_ZFPtm1a_M12
lesion,axis2_+4mm,encoder_level1,0.25702181458473206,0.9664077162742615,20170628CH_Exp6_ZFPtm1a_M12
lesion,axis2_+4mm,encoder_level2,0.38465067744255066,0.9230626821517944,20170628CH_Exp6_ZFPtm1a_M12
lesion,axis2_+4mm,encoder_level3,0.3547973930835724,0.9349789023399353,20170628CH_Exp6_ZFPtm1a_M12
lesion,axis2_+4mm,encoder_level4,0.23125362396240234,0.972960352897644,20170628CH_Exp6_ZFPtm1a_M12
lesion,axis2_+4mm,canvas_level4,0.23125362396240234,0.972960352897644,20170628CH_Exp6_ZFPtm1a_M12
lesion,axis2_+4mm,canvas_level3,0.3772847056388855,0.9261105060577393,20170628CH_Exp6_ZFPtm1a_M12
lesion,axis2_+4mm,canvas_level2,0.3847537040710449,0.9230727553367615,20170628CH_Exp6_ZFPtm1a_M12
lesion,axis2_+4mm,canvas_level1,0.2744627594947815,0.9616862535476685,20170628CH_Exp6_ZFPtm1a_M12
lesion,axis2_+4mm,canvas_level0,0.29574039578437805,0.9553682804107666,20170628CH_Exp6_ZFPtm1a_M12
lesion,axis2_+4mm,output_logits,0.2736789584159851,0.9618661403656006,20170628CH_Exp6_ZFPtm1a_M12
lesion,axis2_+4mm,query_mask_embedding,0.016487712040543556,0.9998719096183777,20170628CH_Exp6_ZFPtm1a_M12
lesion,axis2_+6mm,input,2.0711256638605846e-06,0.9999999403953552,20170628CH_Exp6_ZFPtm1a_M12
lesion,axis2_+6mm,encoder_level0,0.16230955719947815,0.986739993095398,20170628CH_Exp6_ZFPtm1a_M12
lesion,axis2_+6mm,encoder_level1,0.4545323848724365,0.8907332420349121,20170628CH_Exp6_ZFPtm1a_M12
lesion,axis2_+6mm,encoder_level2,0.44430112838745117,0.8959296345710754,20170628CH_Exp6_ZFPtm1a_M12
lesion,axis2_+6mm,encoder_level3,0.48806384205818176,0.8728146553039551,20170628CH_Exp6_ZFPtm1a_M12
lesion,axis2_+6mm,encoder_level4,0.34983813762664795,0.9368699789047241,20170628CH_Exp6_ZFPtm1a_M12
lesion,axis2_+6mm,canvas_level4,0.34983813762664795,0.9368699789047241,20170628CH_Exp6_ZFPtm1a_M12
lesion,axis2_+6mm,canvas_level3,0.46894824504852295,0.883414626121521,20170628CH_Exp6_ZFPtm1a_M12
lesion,axis2_+6mm,canvas_level2,0.4303649067878723,0.9032131433486938,20170628CH_Exp6_ZFPtm1a_M12
lesion,axis2_+6mm,canvas_level1,0.37060675024986267,0.9289392232894897,20170628CH_Exp6_ZFPtm1a_M12
lesion,axis2_+6mm,canvas_level0,0.38258716464042664,0.9243030548095703,20170628CH_Exp6_ZFPtm1a_M12
lesion,axis2_+6mm,output_logits,0.3927484452724457,0.9196524620056152,20170628CH_Exp6_ZFPtm1a_M12
lesion,axis2_+6mm,query_mask_embedding,0.006931225303560495,0.9999774694442749,20170628CH_Exp6_ZFPtm1a_M12
lesion,resampling_floor,input,1.9325311768625397e-06,1.0,20170628CH_Exp6_ZFPtm1a_M14
lesion,resampling_floor,encoder_level0,1.885581878013909e-05,1.0,20170628CH_Exp6_ZFPtm1a_M14
lesion,resampling_floor,encoder_level1,2.082377795886714e-05,1.0,20170628CH_Exp6_ZFPtm1a_M14
lesion,resampling_floor,encoder_level2,2.2459822503151372e-05,1.0,20170628CH_Exp6_ZFPtm1a_M14
lesion,resampling_floor,encoder_level3,7.002532811384299e-07,1.0,20170628CH_Exp6_ZFPtm1a_M14
lesion,resampling_floor,encoder_level4,5.3591620599036105e-06,0.9999998807907104,20170628CH_Exp6_ZFPtm1a_M14
lesion,resampling_floor,canvas_level4,5.3591620599036105e-06,0.9999998807907104,20170628CH_Exp6_ZFPtm1a_M14
lesion,resampling_floor,canvas_level3,7.609139720443636e-05,1.0,20170628CH_Exp6_ZFPtm1a_M14
lesion,resampling_floor,canvas_level2,0.00016377877909690142,1.0,20170628CH_Exp6_ZFPtm1a_M14
lesion,resampling_floor,canvas_level1,0.00017858024511951953,1.0,20170628CH_Exp6_ZFPtm1a_M14
lesion,resampling_floor,canvas_level0,0.00022800466103944927,0.9999999403953552,20170628CH_Exp6_ZFPtm1a_M14
lesion,resampling_floor,output_logits,6.926547212060541e-05,0.9999998807907104,20170628CH_Exp6_ZFPtm1a_M14
lesion,resampling_floor,query_mask_embedding,7.609970680277911e-07,0.9999999403953552,20170628CH_Exp6_ZFPtm1a_M14
lesion,axis0_+1mm,input,1.8029693364951527e-06,0.9999999403953552,20170628CH_Exp6_ZFPtm1a_M14
lesion,axis0_+1mm,encoder_level0,0.008355652913451195,0.999969482421875,20170628CH_Exp6_ZFPtm1a_M14
lesion,axis0_+1mm,encoder_level1,0.20179224014282227,0.9794284105300903,20170628CH_Exp6_ZFPtm1a_M14
lesion,axis0_+1mm,encoder_level2,0.1890931874513626,0.9819598197937012,20170628CH_Exp6_ZFPtm1a_M14
lesion,axis0_+1mm,encoder_level3,0.16836059093475342,0.9857264161109924,20170628CH_Exp6_ZFPtm1a_M14
lesion,axis0_+1mm,encoder_level4,0.16215476393699646,0.9867810010910034,20170628CH_Exp6_ZFPtm1a_M14
lesion,axis0_+1mm,canvas_level4,0.16215476393699646,0.9867810010910034,20170628CH_Exp6_ZFPtm1a_M14
lesion,axis0_+1mm,canvas_level3,0.20706593990325928,0.9783298373222351,20170628CH_Exp6_ZFPtm1a_M14
lesion,axis0_+1mm,canvas_level2,0.20587559044361115,0.9785856008529663,20170628CH_Exp6_ZFPtm1a_M14
lesion,axis0_+1mm,canvas_level1,0.17252646386623383,0.9850156903266907,20170628CH_Exp6_ZFPtm1a_M14
lesion,axis0_+1mm,canvas_level0,0.09924453496932983,0.9950783848762512,20170628CH_Exp6_ZFPtm1a_M14
lesion,axis0_+1mm,output_logits,0.033189643174409866,0.9994491338729858,20170628CH_Exp6_ZFPtm1a_M14
lesion,axis0_+1mm,query_mask_embedding,0.003740384243428707,0.999993085861206,20170628CH_Exp6_ZFPtm1a_M14
lesion,axis0_+2mm,input,1.777272245817585e-06,1.0000001192092896,20170628CH_Exp6_ZFPtm1a_M14
lesion,axis0_+2mm,encoder_level0,0.04038878157734871,0.9992102980613708,20170628CH_Exp6_ZFPtm1a_M14
lesion,axis0_+2mm,encoder_level1,0.10034524649381638,0.9950908422470093,20170628CH_Exp6_ZFPtm1a_M14
lesion,axis0_+2mm,encoder_level2,0.2308296114206314,0.9730031490325928,20170628CH_Exp6_ZFPtm1a_M14
lesion,axis0_+2mm,encoder_level3,0.15784521400928497,0.9874662756919861,20170628CH_Exp6_ZFPtm1a_M14
lesion,axis0_+2mm,encoder_level4,0.18246032297611237,0.9832174777984619,20170628CH_Exp6_ZFPtm1a_M14
lesion,axis0_+2mm,canvas_level4,0.18246032297611237,0.9832174777984619,20170628CH_Exp6_ZFPtm1a_M14
lesion,axis0_+2mm,canvas_level3,0.22189341485500336,0.9751359820365906,20170628CH_Exp6_ZFPtm1a_M14
lesion,axis0_+2mm,canvas_level2,0.25621309876441956,0.9666305184364319,20170628CH_Exp6_ZFPtm1a_M14
lesion,axis0_+2mm,canvas_level1,0.16181661188602448,0.9868921041488647,20170628CH_Exp6_ZFPtm1a_M14
lesion,axis0_+2mm,canvas_level0,0.1357167363166809,0.9908322691917419,20170628CH_Exp6_ZFPtm1a_M14
lesion,axis0_+2mm,output_logits,0.04408879205584526,0.9990289211273193,20170628CH_Exp6_ZFPtm1a_M14
lesion,axis0_+2mm,query_mask_embedding,0.008078861981630325,0.999967634677887,20170628CH_Exp6_ZFPtm1a_M14
lesion,axis0_+4mm,input,0.09354358911514282,0.9956152439117432,20170628CH_Exp6_ZFPtm1a_M14
lesion,axis0_+4mm,encoder_level0,0.16383838653564453,0.9865819215774536,20170628CH_Exp6_ZFPtm1a_M14
lesion,axis0_+4mm,encoder_level1,0.2660776674747467,0.9643584489822388,20170628CH_Exp6_ZFPtm1a_M14
lesion,axis0_+4mm,encoder_level2,0.29442960023880005,0.9559343457221985,20170628CH_Exp6_ZFPtm1a_M14
lesion,axis0_+4mm,encoder_level3,0.2166053056716919,0.9763608574867249,20170628CH_Exp6_ZFPtm1a_M14
lesion,axis0_+4mm,encoder_level4,0.19607867300510406,0.9806175231933594,20170628CH_Exp6_ZFPtm1a_M14
lesion,axis0_+4mm,canvas_level4,0.19607867300510406,0.9806175231933594,20170628CH_Exp6_ZFPtm1a_M14
lesion,axis0_+4mm,canvas_level3,0.28036442399024963,0.9601510763168335,20170628CH_Exp6_ZFPtm1a_M14
lesion,axis0_+4mm,canvas_level2,0.3048761487007141,0.9527022838592529,20170628CH_Exp6_ZFPtm1a_M14
lesion,axis0_+4mm,canvas_level1,0.2747543454170227,0.9616908431053162,20170628CH_Exp6_ZFPtm1a_M14
lesion,axis0_+4mm,canvas_level0,0.2865942716598511,0.9583394527435303,20170628CH_Exp6_ZFPtm1a_M14
lesion,axis0_+4mm,output_logits,0.2726249396800995,0.9621216058731079,20170628CH_Exp6_ZFPtm1a_M14
lesion,axis0_+4mm,query_mask_embedding,0.008482194505631924,0.9999643564224243,20170628CH_Exp6_ZFPtm1a_M14
lesion,axis0_+6mm,input,0.1321382224559784,0.9912312626838684,20170628CH_Exp6_ZFPtm1a_M14
lesion,axis0_+6mm,encoder_level0,0.2292456477880478,0.9735822677612305,20170628CH_Exp6_ZFPtm1a_M14
lesion,axis0_+6mm,encoder_level1,0.3645975887775421,0.9320600032806396,20170628CH_Exp6_ZFPtm1a_M14
lesion,axis0_+6mm,encoder_level2,0.3985501229763031,0.917163074016571,20170628CH_Exp6_ZFPtm1a_M14
lesion,axis0_+6mm,encoder_level3,0.34608057141304016,0.9382743239402771,20170628CH_Exp6_ZFPtm1a_M14
lesion,axis0_+6mm,encoder_level4,0.21998056769371033,0.97588711977005,20170628CH_Exp6_ZFPtm1a_M14
lesion,axis0_+6mm,canvas_level4,0.21998056769371033,0.97588711977005,20170628CH_Exp6_ZFPtm1a_M14
lesion,axis0_+6mm,canvas_level3,0.34013664722442627,0.9408038854598999,20170628CH_Exp6_ZFPtm1a_M14
lesion,axis0_+6mm,canvas_level2,0.3911685049533844,0.9205154180526733,20170628CH_Exp6_ZFPtm1a_M14
lesion,axis0_+6mm,canvas_level1,0.36593249440193176,0.9313216209411621,20170628CH_Exp6_ZFPtm1a_M14
lesion,axis0_+6mm,canvas_level0,0.39133286476135254,0.9212268590927124,20170628CH_Exp6_ZFPtm1a_M14
lesion,axis0_+6mm,output_logits,0.3852315843105316,0.9228243827819824,20170628CH_Exp6_ZFPtm1a_M14
lesion,axis0_+6mm,query_mask_embedding,0.010658944956958294,0.9999440312385559,20170628CH_Exp6_ZFPtm1a_M14
lesion,axis1_+1mm,input,1.9325311768625397e-06,1.0,20170628CH_Exp6_ZFPtm1a_M14
lesion,axis1_+1mm,encoder_level0,1.8819739125319757e-05,1.0000001192092896,20170628CH_Exp6_ZFPtm1a_M14
lesion,axis1_+1mm,encoder_level1,0.21779970824718475,0.9760108590126038,20170628CH_Exp6_ZFPtm1a_M14
lesion,axis1_+1mm,encoder_level2,0.21785816550254822,0.9759925603866577,20170628CH_Exp6_ZFPtm1a_M14
lesion,axis1_+1mm,encoder_level3,0.20451468229293823,0.978873074054718,20170628CH_Exp6_ZFPtm1a_M14
lesion,axis1_+1mm,encoder_level4,0.15156088769435883,0.9887524843215942,20170628CH_Exp6_ZFPtm1a_M14
lesion,axis1_+1mm,canvas_level4,0.15156088769435883,0.9887524843215942,20170628CH_Exp6_ZFPtm1a_M14
lesion,axis1_+1mm,canvas_level3,0.28230419754981995,0.9593365788459778,20170628CH_Exp6_ZFPtm1a_M14
lesion,axis1_+1mm,canvas_level2,0.29657241702079773,0.9551366567611694,20170628CH_Exp6_ZFPtm1a_M14
lesion,axis1_+1mm,canvas_level1,0.24673591554164886,0.969100296497345,20170628CH_Exp6_ZFPtm1a_M14
lesion,axis1_+1mm,canvas_level0,0.2037649005651474,0.9791504144668579,20170628CH_Exp6_ZFPtm1a_M14
lesion,axis1_+1mm,output_logits,0.11052601039409637,0.9938775897026062,20170628CH_Exp6_ZFPtm1a_M14
lesion,axis1_+1mm,query_mask_embedding,0.0042106108739972115,0.9999911189079285,20170628CH_Exp6_ZFPtm1a_M14
lesion,axis1_+2mm,input,1.9325311768625397e-06,1.0,20170628CH_Exp6_ZFPtm1a_M14
lesion,axis1_+2mm,encoder_level0,0.04627364128828049,0.9989287853240967,20170628CH_Exp6_ZFPtm1a_M14
lesion,axis1_+2mm,encoder_level1,0.13417236506938934,0.9909780025482178,20170628CH_Exp6_ZFPtm1a_M14
lesion,axis1_+2mm,encoder_level2,0.23656339943408966,0.9716266393661499,20170628CH_Exp6_ZFPtm1a_M14
lesion,axis1_+2mm,encoder_level3,0.2066567838191986,0.9784405827522278,20170628CH_Exp6_ZFPtm1a_M14
lesion,axis1_+2mm,encoder_level4,0.17988815903663635,0.9838689565658569,20170628CH_Exp6_ZFPtm1a_M14
lesion,axis1_+2mm,canvas_level4,0.17988815903663635,0.9838689565658569,20170628CH_Exp6_ZFPtm1a_M14
lesion,axis1_+2mm,canvas_level3,0.30293041467666626,0.9531337022781372,20170628CH_Exp6_ZFPtm1a_M14
lesion,axis1_+2mm,canvas_level2,0.33782434463500977,0.941342830657959,20170628CH_Exp6_ZFPtm1a_M14
lesion,axis1_+2mm,canvas_level1,0.2473653256893158,0.969025731086731,20170628CH_Exp6_ZFPtm1a_M14
lesion,axis1_+2mm,canvas_level0,0.2309071272611618,0.9730967879295349,20170628CH_Exp6_ZFPtm1a_M14
lesion,axis1_+2mm,output_logits,0.14359523355960846,0.9896528720855713,20170628CH_Exp6_ZFPtm1a_M14
lesion,axis1_+2mm,query_mask_embedding,0.012330310419201851,0.9999250769615173,20170628CH_Exp6_ZFPtm1a_M14
lesion,axis1_+4mm,input,1.9325311768625397e-06,1.0,20170628CH_Exp6_ZFPtm1a_M14
lesion,axis1_+4mm,encoder_level0,0.11334560811519623,0.9935556650161743,20170628CH_Exp6_ZFPtm1a_M14
lesion,axis1_+4mm,encoder_level1,0.26761046051979065,0.9635396599769592,20170628CH_Exp6_ZFPtm1a_M14
lesion,axis1_+4mm,encoder_level2,0.31220126152038574,0.9502850770950317,20170628CH_Exp6_ZFPtm1a_M14
lesion,axis1_+4mm,encoder_level3,0.2564699351787567,0.9666329026222229,20170628CH_Exp6_ZFPtm1a_M14
lesion,axis1_+4mm,encoder_level4,0.1795957237482071,0.9837710857391357,20170628CH_Exp6_ZFPtm1a_M14
lesion,axis1_+4mm,canvas_level4,0.1795957237482071,0.9837710857391357,20170628CH_Exp6_ZFPtm1a_M14
lesion,axis1_+4mm,canvas_level3,0.36932289600372314,0.9295327663421631,20170628CH_Exp6_ZFPtm1a_M14
lesion,axis1_+4mm,canvas_level2,0.37676772475242615,0.9271917343139648,20170628CH_Exp6_ZFPtm1a_M14
lesion,axis1_+4mm,canvas_level1,0.3023785352706909,0.9532421827316284,20170628CH_Exp6_ZFPtm1a_M14
lesion,axis1_+4mm,canvas_level0,0.3352859318256378,0.9423591494560242,20170628CH_Exp6_ZFPtm1a_M14
lesion,axis1_+4mm,output_logits,0.2855726182460785,0.9583759307861328,20170628CH_Exp6_ZFPtm1a_M14
lesion,axis1_+4mm,query_mask_embedding,0.0067007699981331825,0.9999774694442749,20170628CH_Exp6_ZFPtm1a_M14
lesion,axis1_+6mm,input,0.34296420216560364,0.939348578453064,20170628CH_Exp6_ZFPtm1a_M14
lesion,axis1_+6mm,encoder_level0,0.4585025906562805,0.8924170136451721,20170628CH_Exp6_ZFPtm1a_M14
lesion,axis1_+6mm,encoder_level1,0.42993298172950745,0.903703510761261,20170628CH_Exp6_ZFPtm1a_M14
lesion,axis1_+6mm,encoder_level2,0.45338162779808044,0.8914497494697571,20170628CH_Exp6_ZFPtm1a_M14
lesion,axis1_+6mm,encoder_level3,0.39699018001556396,0.9179288148880005,20170628CH_Exp6_ZFPtm1a_M14
lesion,axis1_+6mm,encoder_level4,0.2401498556137085,0.9711146354675293,20170628CH_Exp6_ZFPtm1a_M14
lesion,axis1_+6mm,canvas_level4,0.2401498556137085,0.9711146354675293,20170628CH_Exp6_ZFPtm1a_M14
lesion,axis1_+6mm,canvas_level3,0.48779168725013733,0.8748387098312378,20170628CH_Exp6_ZFPtm1a_M14
lesion,axis1_+6mm,canvas_level2,0.49947601556777954,0.867538571357727,20170628CH_Exp6_ZFPtm1a_M14
lesion,axis1_+6mm,canvas_level1,0.4583638906478882,0.8901779651641846,20170628CH_Exp6_ZFPtm1a_M14
lesion,axis1_+6mm,canvas_level0,0.48860496282577515,0.8752346038818359,20170628CH_Exp6_ZFPtm1a_M14
lesion,axis1_+6mm,output_logits,0.417250394821167,0.9088103771209717,20170628CH_Exp6_ZFPtm1a_M14
lesion,axis1_+6mm,query_mask_embedding,0.010583530180156231,0.9999449253082275,20170628CH_Exp6_ZFPtm1a_M14
lesion,axis2_+1mm,input,0.14022330939769745,0.9903462529182434,20170628CH_Exp6_ZFPtm1a_M14
lesion,axis2_+1mm,encoder_level0,0.4317416846752167,0.9022225141525269,20170628CH_Exp6_ZFPtm1a_M14
lesion,axis2_+1mm,encoder_level1,0.21148629486560822,0.9774103164672852,20170628CH_Exp6_ZFPtm1a_M14
lesion,axis2_+1mm,encoder_level2,0.2249663770198822,0.9744185209274292,20170628CH_Exp6_ZFPtm1a_M14
lesion,axis2_+1mm,encoder_level3,0.1942049115896225,0.9810456037521362,20170628CH_Exp6_ZFPtm1a_M14
lesion,axis2_+1mm,encoder_level4,0.29356351494789124,0.9563784003257751,20170628CH_Exp6_ZFPtm1a_M14
lesion,axis2_+1mm,canvas_level4,0.29356351494789124,0.9563784003257751,20170628CH_Exp6_ZFPtm1a_M14
lesion,axis2_+1mm,canvas_level3,0.3098667562007904,0.951392650604248,20170628CH_Exp6_ZFPtm1a_M14
lesion,axis2_+1mm,canvas_level2,0.30047863721847534,0.9542669057846069,20170628CH_Exp6_ZFPtm1a_M14
lesion,axis2_+1mm,canvas_level1,0.24658989906311035,0.9693282246589661,20170628CH_Exp6_ZFPtm1a_M14
lesion,axis2_+1mm,canvas_level0,0.20981042087078094,0.9778552055358887,20170628CH_Exp6_ZFPtm1a_M14
lesion,axis2_+1mm,output_logits,0.0672779381275177,0.9977350234985352,20170628CH_Exp6_ZFPtm1a_M14
lesion,axis2_+1mm,query_mask_embedding,0.013849729672074318,0.9999077320098877,20170628CH_Exp6_ZFPtm1a_M14
lesion,axis2_+2mm,input,2.1351370378397405e-06,1.0,20170628CH_Exp6_ZFPtm1a_M14
lesion,axis2_+2mm,encoder_level0,0.046273428946733475,0.9989287853240967,20170628CH_Exp6_ZFPtm1a_M14
lesion,axis2_+2mm,encoder_level1,0.30321523547172546,0.9529231786727905,20170628CH_Exp6_ZFPtm1a_M14
lesion,axis2_+2mm,encoder_level2,0.2667486369609833,0.9637880921363831,20170628CH_Exp6_ZFPtm1a_M14
lesion,axis2_+2mm,encoder_level3,0.17936739325523376,0.9837936162948608,20170628CH_Exp6_ZFPtm1a_M14
lesion,axis2_+2mm,encoder_level4,0.17973238229751587,0.9837204217910767,20170628CH_Exp6_ZFPtm1a_M14
lesion,axis2_+2mm,canvas_level4,0.17973238229751587,0.9837204217910767,20170628CH_Exp6_ZFPtm1a_M14
lesion,axis2_+2mm,canvas_level3,0.3071536719799042,0.9518922567367554,20170628CH_Exp6_ZFPtm1a_M14
lesion,axis2_+2mm,canvas_level2,0.33138152956962585,0.9437525272369385,20170628CH_Exp6_ZFPtm1a_M14
lesion,axis2_+2mm,canvas_level1,0.2880004048347473,0.95771723985672,20170628CH_Exp6_ZFPtm1a_M14
lesion,axis2_+2mm,canvas_level0,0.20342932641506195,0.9791475534439087,20170628CH_Exp6_ZFPtm1a_M14
lesion,axis2_+2mm,output_logits,0.12482598423957825,0.9921873807907104,20170628CH_Exp6_ZFPtm1a_M14
lesion,axis2_+2mm,query_mask_embedding,0.006742780562490225,0.9999780058860779,20170628CH_Exp6_ZFPtm1a_M14
lesion,axis2_+4mm,input,2.30106343224179e-06,0.9999999403953552,20170628CH_Exp6_ZFPtm1a_M14
lesion,axis2_+4mm,encoder_level0,0.11334551870822906,0.9935556054115295,20170628CH_Exp6_ZFPtm1a_M14
lesion,axis2_+4mm,encoder_level1,0.25943878293037415,0.9657618403434753,20170628CH_Exp6_ZFPtm1a_M14
lesion,axis2_+4mm,encoder_level2,0.3801393508911133,0.9249308705329895,20170628CH_Exp6_ZFPtm1a_M14
lesion,axis2_+4mm,encoder_level3,0.3479442894458771,0.9375506043434143,20170628CH_Exp6_ZFPtm1a_M14
lesion,axis2_+4mm,encoder_level4,0.2321842610836029,0.9728479385375977,20170628CH_Exp6_ZFPtm1a_M14
lesion,axis2_+4mm,canvas_level4,0.2321842610836029,0.9728479385375977,20170628CH_Exp6_ZFPtm1a_M14
lesion,axis2_+4mm,canvas_level3,0.3728503882884979,0.9279045462608337,20170628CH_Exp6_ZFPtm1a_M14
lesion,axis2_+4mm,canvas_level2,0.37854519486427307,0.9256414175033569,20170628CH_Exp6_ZFPtm1a_M14
lesion,axis2_+4mm,canvas_level1,0.27149417996406555,0.9625218510627747,20170628CH_Exp6_ZFPtm1a_M14
lesion,axis2_+4mm,canvas_level0,0.2897123694419861,0.9572046995162964,20170628CH_Exp6_ZFPtm1a_M14
lesion,axis2_+4mm,output_logits,0.26826831698417664,0.9633706212043762,20170628CH_Exp6_ZFPtm1a_M14
lesion,axis2_+4mm,query_mask_embedding,0.019404767081141472,0.9998166561126709,20170628CH_Exp6_ZFPtm1a_M14
lesion,axis2_+6mm,input,2.1776597805001074e-06,1.0,20170628CH_Exp6_ZFPtm1a_M14
lesion,axis2_+6mm,encoder_level0,0.16146987676620483,0.9868777990341187,20170628CH_Exp6_ZFPtm1a_M14
lesion,axis2_+6mm,encoder_level1,0.4545581340789795,0.8907227516174316,20170628CH_Exp6_ZFPtm1a_M14
lesion,axis2_+6mm,encoder_level2,0.44102218747138977,0.8975589275360107,20170628CH_Exp6_ZFPtm1a_M14
lesion,axis2_+6mm,encoder_level3,0.4811021089553833,0.8766722679138184,20170628CH_Exp6_ZFPtm1a_M14
lesion,axis2_+6mm,encoder_level4,0.34291550517082214,0.9394476413726807,20170628CH_Exp6_ZFPtm1a_M14
lesion,axis2_+6mm,canvas_level4,0.34291550517082214,0.9394476413726807,20170628CH_Exp6_ZFPtm1a_M14
lesion,axis2_+6mm,canvas_level3,0.46226269006729126,0.8869125843048096,20170628CH_Exp6_ZFPtm1a_M14
lesion,axis2_+6mm,canvas_level2,0.4233410358428955,0.9065005779266357,20170628CH_Exp6_ZFPtm1a_M14
lesion,axis2_+6mm,canvas_level1,0.3680402338504791,0.9299304485321045,20170628CH_Exp6_ZFPtm1a_M14
lesion,axis2_+6mm,canvas_level0,0.37851566076278687,0.9259496927261353,20170628CH_Exp6_ZFPtm1a_M14
lesion,axis2_+6mm,output_logits,0.38814878463745117,0.9216112494468689,20170628CH_Exp6_ZFPtm1a_M14
lesion,axis2_+6mm,query_mask_embedding,0.005764237139374018,0.9999839067459106,20170628CH_Exp6_ZFPtm1a_M14
lesion,resampling_floor,input,1.9187882571714e-06,1.0,20170628CH_Exp6_ZFPtm1a_M18
lesion,resampling_floor,encoder_level0,1.9077260731137358e-05,0.9999999403953552,20170628CH_Exp6_ZFPtm1a_M18
lesion,resampling_floor,encoder_level1,2.1041574655100703e-05,1.0,20170628CH_Exp6_ZFPtm1a_M18
lesion,resampling_floor,encoder_level2,2.2821794118499383e-05,0.9999999403953552,20170628CH_Exp6_ZFPtm1a_M18
lesion,resampling_floor,encoder_level3,6.921521276126441e-07,1.0,20170628CH_Exp6_ZFPtm1a_M18
lesion,resampling_floor,encoder_level4,3.992914116679458e-06,1.0,20170628CH_Exp6_ZFPtm1a_M18
lesion,resampling_floor,canvas_level4,3.992914116679458e-06,1.0,20170628CH_Exp6_ZFPtm1a_M18
lesion,resampling_floor,canvas_level3,7.162962720030919e-05,1.0,20170628CH_Exp6_ZFPtm1a_M18
lesion,resampling_floor,canvas_level2,0.00016193593910429627,0.9999999403953552,20170628CH_Exp6_ZFPtm1a_M18
lesion,resampling_floor,canvas_level1,0.00017814752936828882,0.9999998807907104,20170628CH_Exp6_ZFPtm1a_M18
lesion,resampling_floor,canvas_level0,0.00022921896015759557,1.0,20170628CH_Exp6_ZFPtm1a_M18
lesion,resampling_floor,output_logits,6.935371493455023e-05,1.0,20170628CH_Exp6_ZFPtm1a_M18
lesion,resampling_floor,query_mask_embedding,1.961335101441364e-06,1.0000001192092896,20170628CH_Exp6_ZFPtm1a_M18
lesion,axis0_+1mm,input,1.769418190633587e-06,1.0,20170628CH_Exp6_ZFPtm1a_M18
lesion,axis0_+1mm,encoder_level0,0.00846738088876009,0.9999685883522034,20170628CH_Exp6_ZFPtm1a_M18
lesion,axis0_+1mm,encoder_level1,0.2038743644952774,0.9789971113204956,20170628CH_Exp6_ZFPtm1a_M18
lesion,axis0_+1mm,encoder_level2,0.18973518908023834,0.981836199760437,20170628CH_Exp6_ZFPtm1a_M18
lesion,axis0_+1mm,encoder_level3,0.17099906504154205,0.9852719902992249,20170628CH_Exp6_ZFPtm1a_M18
lesion,axis0_+1mm,encoder_level4,0.16083724796772003,0.9870967864990234,20170628CH_Exp6_ZFPtm1a_M18
lesion,axis0_+1mm,canvas_level4,0.16083724796772003,0.9870967864990234,20170628CH_Exp6_ZFPtm1a_M18
lesion,axis0_+1mm,canvas_level3,0.2080443650484085,0.9781213402748108,20170628CH_Exp6_ZFPtm1a_M18
lesion,axis0_+1mm,canvas_level2,0.20771297812461853,0.9782019853591919,20170628CH_Exp6_ZFPtm1a_M18
lesion,axis0_+1mm,canvas_level1,0.17420797049999237,0.9847220182418823,20170628CH_Exp6_ZFPtm1a_M18
lesion,axis0_+1mm,canvas_level0,0.09951146692037582,0.9950571060180664,20170628CH_Exp6_ZFPtm1a_M18
lesion,axis0_+1mm,output_logits,0.03610353544354439,0.9993482828140259,20170628CH_Exp6_ZFPtm1a_M18
lesion,axis0_+1mm,query_mask_embedding,0.00536893866956234,0.9999856352806091,20170628CH_Exp6_ZFPtm1a_M18
lesion,axis0_+2mm,input,1.8181649465986993e-06,1.0,20170628CH_Exp6_ZFPtm1a_M18
lesion,axis0_+2mm,encoder_level0,0.04108879715204239,0.9991822838783264,20170628CH_Exp6_ZFPtm1a_M18
lesion,axis0_+2mm,encoder_level1,0.09891869127750397,0.9952285885810852,20170628CH_Exp6_ZFPtm1a_M18
lesion,axis0_+2mm,encoder_level2,0.2312707006931305,0.9728958606719971,20170628CH_Exp6_ZFPtm1a_M18
lesion,axis0_+2mm,encoder_level3,0.16062350571155548,0.9870179891586304,20170628CH_Exp6_ZFPtm1a_M18
lesion,axis0_+2mm,encoder_level4,0.184235081076622,0.9829272627830505,20170628CH_Exp6_ZFPtm1a_M18
lesion,axis0_+2mm,canvas_level4,0.184235081076622,0.9829272627830505,20170628CH_Exp6_ZFPtm1a_M18
lesion,axis0_+2mm,canvas_level3,0.22122059762477875,0.975290834903717,20170628CH_Exp6_ZFPtm1a_M18
lesion,axis0_+2mm,canvas_level2,0.2589297592639923,0.9659067392349243,20170628CH_Exp6_ZFPtm1a_M18
lesion,axis0_+2mm,canvas_level1,0.163279190659523,0.986667275428772,20170628CH_Exp6_ZFPtm1a_M18
lesion,axis0_+2mm,canvas_level0,0.13897910714149475,0.9903972148895264,20170628CH_Exp6_ZFPtm1a_M18
lesion,axis0_+2mm,output_logits,0.04482866823673248,0.9990039467811584,20170628CH_Exp6_ZFPtm1a_M18
lesion,axis0_+2mm,query_mask_embedding,0.0029740503523498774,0.9999958872795105,20170628CH_Exp6_ZFPtm1a_M18
lesion,axis0_+4mm,input,0.09538128972053528,0.9954407811164856,20170628CH_Exp6_ZFPtm1a_M18
lesion,axis0_+4mm,encoder_level0,0.1678667664527893,0.9859070181846619,20170628CH_Exp6_ZFPtm1a_M18
lesion,axis0_+4mm,encoder_level1,0.2649916112422943,0.9646443128585815,20170628CH_Exp6_ZFPtm1a_M18
lesion,axis0_+4mm,encoder_level2,0.2935761511325836,0.9561810493469238,20170628CH_Exp6_ZFPtm1a_M18
lesion,axis0_+4mm,encoder_level3,0.21925659477710724,0.9757638573646545,20170628CH_Exp6_ZFPtm1a_M18
lesion,axis0_+4mm,encoder_level4,0.19141115248203278,0.9815102219581604,20170628CH_Exp6_ZFPtm1a_M18
lesion,axis0_+4mm,canvas_level4,0.19141115248203278,0.9815102219581604,20170628CH_Exp6_ZFPtm1a_M18
lesion,axis0_+4mm,canvas_level3,0.28057771921157837,0.9600950479507446,20170628CH_Exp6_ZFPtm1a_M18
lesion,axis0_+4mm,canvas_level2,0.3094067871570587,0.9512765407562256,20170628CH_Exp6_ZFPtm1a_M18
lesion,axis0_+4mm,canvas_level1,0.2787047028541565,0.9605822563171387,20170628CH_Exp6_ZFPtm1a_M18
lesion,axis0_+4mm,canvas_level0,0.2899429500102997,0.9573737978935242,20170628CH_Exp6_ZFPtm1a_M18
lesion,axis0_+4mm,output_logits,0.2718190848827362,0.9623484015464783,20170628CH_Exp6_ZFPtm1a_M18
lesion,axis0_+4mm,query_mask_embedding,0.003950117621570826,0.999992311000824,20170628CH_Exp6_ZFPtm1a_M18
lesion,axis0_+6mm,input,0.13491906225681305,0.9908566474914551,20170628CH_Exp6_ZFPtm1a_M18
lesion,axis0_+6mm,encoder_level0,0.2348974645137787,0.9722413420677185,20170628CH_Exp6_ZFPtm1a_M18
lesion,axis0_+6mm,encoder_level1,0.3635697066783905,0.932437539100647,20170628CH_Exp6_ZFPtm1a_M18
lesion,axis0_+6mm,encoder_level2,0.39978209137916565,0.9166293740272522,20170628CH_Exp6_ZFPtm1a_M18
lesion,axis0_+6mm,encoder_level3,0.3460123836994171,0.9383056163787842,20170628CH_Exp6_ZFPtm1a_M18
lesion,axis0_+6mm,encoder_level4,0.21045652031898499,0.9777292609214783,20170628CH_Exp6_ZFPtm1a_M18
lesion,axis0_+6mm,canvas_level4,0.21045652031898499,0.9777292609214783,20170628CH_Exp6_ZFPtm1a_M18
lesion,axis0_+6mm,canvas_level3,0.3414788246154785,0.9404143691062927,20170628CH_Exp6_ZFPtm1a_M18
lesion,axis0_+6mm,canvas_level2,0.39640769362449646,0.9182938933372498,20170628CH_Exp6_ZFPtm1a_M18
lesion,axis0_+6mm,canvas_level1,0.3693394958972931,0.9299864768981934,20170628CH_Exp6_ZFPtm1a_M18
lesion,axis0_+6mm,canvas_level0,0.39306896924972534,0.920477032661438,20170628CH_Exp6_ZFPtm1a_M18
lesion,axis0_+6mm,output_logits,0.3827260136604309,0.9238618612289429,20170628CH_Exp6_ZFPtm1a_M18
lesion,axis0_+6mm,query_mask_embedding,0.014340680092573166,0.9999011754989624,20170628CH_Exp6_ZFPtm1a_M18
lesion,axis1_+1mm,input,1.9187882571714e-06,1.0,20170628CH_Exp6_ZFPtm1a_M18
lesion,axis1_+1mm,encoder_level0,1.9069031623075716e-05,0.9999999403953552,20170628CH_Exp6_ZFPtm1a_M18
lesion,axis1_+1mm,encoder_level1,0.2164957970380783,0.9763002395629883,20170628CH_Exp6_ZFPtm1a_M18
lesion,axis1_+1mm,encoder_level2,0.21347197890281677,0.9769577980041504,20170628CH_Exp6_ZFPtm1a_M18
lesion,axis1_+1mm,encoder_level3,0.20313096046447754,0.9791632294654846,20170628CH_Exp6_ZFPtm1a_M18
lesion,axis1_+1mm,encoder_level4,0.14447283744812012,0.9899248480796814,20170628CH_Exp6_ZFPtm1a_M18
lesion,axis1_+1mm,canvas_level4,0.14447283744812012,0.9899248480796814,20170628CH_Exp6_ZFPtm1a_M18
lesion,axis1_+1mm,canvas_level3,0.27586355805397034,0.9612175226211548,20170628CH_Exp6_ZFPtm1a_M18
lesion,axis1_+1mm,canvas_level2,0.29013174772262573,0.9571180939674377,20170628CH_Exp6_ZFPtm1a_M18
lesion,axis1_+1mm,canvas_level1,0.23983292281627655,0.9708293676376343,20170628CH_Exp6_ZFPtm1a_M18
lesion,axis1_+1mm,canvas_level0,0.19398461282253265,0.9811104536056519,20170628CH_Exp6_ZFPtm1a_M18
lesion,axis1_+1mm,output_logits,0.10529521852731705,0.9944410920143127,20170628CH_Exp6_ZFPtm1a_M18
lesion,axis1_+1mm,query_mask_embedding,0.004677540622651577,0.9999892711639404,20170628CH_Exp6_ZFPtm1a_M18
lesion,axis1_+2mm,input,1.9187882571714e-06,1.0,20170628CH_Exp6_ZFPtm1a_M18
lesion,axis1_+2mm,encoder_level0,0.04866154119372368,0.99881511926651,20170628CH_Exp6_ZFPtm1a_M18
lesion,axis1_+2mm,encoder_level1,0.1338736116886139,0.9910179376602173,20170628CH_Exp6_ZFPtm1a_M18
lesion,axis1_+2mm,encoder_level2,0.2340976595878601,0.9722263216972351,20170628CH_Exp6_ZFPtm1a_M18
lesion,axis1_+2mm,encoder_level3,0.20535366237163544,0.9787160158157349,20170628CH_Exp6_ZFPtm1a_M18
lesion,axis1_+2mm,encoder_level4,0.16208238899707794,0.9870544672012329,20170628CH_Exp6_ZFPtm1a_M18
lesion,axis1_+2mm,canvas_level4,0.16208238899707794,0.9870544672012329,20170628CH_Exp6_ZFPtm1a_M18
lesion,axis1_+2mm,canvas_level3,0.2963869869709015,0.9551974534988403,20170628CH_Exp6_ZFPtm1a_M18
lesion,axis1_+2mm,canvas_level2,0.33401691913604736,0.9427194595336914,20170628CH_Exp6_ZFPtm1a_M18
lesion,axis1_+2mm,canvas_level1,0.2421623021364212,0.9703247547149658,20170628CH_Exp6_ZFPtm1a_M18
lesion,axis1_+2mm,canvas_level0,0.22217074036598206,0.9751245975494385,20170628CH_Exp6_ZFPtm1a_M18
lesion,axis1_+2mm,output_logits,0.13972832262516022,0.9902095198631287,20170628CH_Exp6_ZFPtm1a_M18
lesion,axis1_+2mm,query_mask_embedding,0.006449315696954727,0.9999796152114868,20170628CH_Exp6_ZFPtm1a_M18
lesion,axis1_+4mm,input,1.9187882571714e-06,1.0,20170628CH_Exp6_ZFPtm1a_M18
lesion,axis1_+4mm,encoder_level0,0.11919490993022919,0.9928708076477051,20170628CH_Exp6_ZFPtm1a_M18
lesion,axis1_+4mm,encoder_level1,0.2675352394580841,0.9635597467422485,20170628CH_Exp6_ZFPtm1a_M18
lesion,axis1_+4mm,encoder_level2,0.3099416494369507,0.9510224461555481,20170628CH_Exp6_ZFPtm1a_M18
lesion,axis1_+4mm,encoder_level3,0.2530458867549896,0.9675511717796326,20170628CH_Exp6_ZFPtm1a_M18
lesion,axis1_+4mm,encoder_level4,0.16503433883190155,0.9863640666007996,20170628CH_Exp6_ZFPtm1a_M18
lesion,axis1_+4mm,canvas_level4,0.16503433883190155,0.9863640666007996,20170628CH_Exp6_ZFPtm1a_M18
lesion,axis1_+4mm,canvas_level3,0.3663417398929596,0.9307531118392944,20170628CH_Exp6_ZFPtm1a_M18
lesion,axis1_+4mm,canvas_level2,0.37721341848373413,0.9270807504653931,20170628CH_Exp6_ZFPtm1a_M18
lesion,axis1_+4mm,canvas_level1,0.3020654320716858,0.9533390998840332,20170628CH_Exp6_ZFPtm1a_M18
lesion,axis1_+4mm,canvas_level0,0.3312312364578247,0.943757176399231,20170628CH_Exp6_ZFPtm1a_M18
lesion,axis1_+4mm,output_logits,0.2849092483520508,0.9586056470870972,20170628CH_Exp6_ZFPtm1a_M18
lesion,axis1_+4mm,query_mask_embedding,0.010828112252056599,0.9999417066574097,20170628CH_Exp6_ZFPtm1a_M18
lesion,axis1_+6mm,input,0.24935291707515717,0.9684126377105713,20170628CH_Exp6_ZFPtm1a_M18
lesion,axis1_+6mm,encoder_level0,0.36759015917778015,0.9311515688896179,20170628CH_Exp6_ZFPtm1a_M18
lesion,axis1_+6mm,encoder_level1,0.4239051938056946,0.9064474105834961,20170628CH_Exp6_ZFPtm1a_M18
lesion,axis1_+6mm,encoder_level2,0.4427553415298462,0.8967106342315674,20170628CH_Exp6_ZFPtm1a_M18
lesion,axis1_+6mm,encoder_level3,0.39588066935539246,0.9184084534645081,20170628CH_Exp6_ZFPtm1a_M18
lesion,axis1_+6mm,encoder_level4,0.22139383852481842,0.9754951596260071,20170628CH_Exp6_ZFPtm1a_M18
lesion,axis1_+6mm,canvas_level4,0.22139383852481842,0.9754951596260071,20170628CH_Exp6_ZFPtm1a_M18
lesion,axis1_+6mm,canvas_level3,0.47495540976524353,0.8816182017326355,20170628CH_Exp6_ZFPtm1a_M18
lesion,axis1_+6mm,canvas_level2,0.4830142855644226,0.8765628933906555,20170628CH_Exp6_ZFPtm1a_M18
lesion,axis1_+6mm,canvas_level1,0.44129806756973267,0.8984622955322266,20170628CH_Exp6_ZFPtm1a_M18
lesion,axis1_+6mm,canvas_level0,0.46662524342536926,0.8864181041717529,20170628CH_Exp6_ZFPtm1a_M18
lesion,axis1_+6mm,output_logits,0.4151088297367096,0.9097720980644226,20170628CH_Exp6_ZFPtm1a_M18
lesion,axis1_+6mm,query_mask_embedding,0.007938181050121784,0.9999685883522034,20170628CH_Exp6_ZFPtm1a_M18
lesion,axis2_+1mm,input,0.1505568027496338,0.9888613224029541,20170628CH_Exp6_ZFPtm1a_M18
lesion,axis2_+1mm,encoder_level0,0.4479406177997589,0.8942760229110718,20170628CH_Exp6_ZFPtm1a_M18
lesion,axis2_+1mm,encoder_level1,0.21744035184383392,0.9761003255844116,20170628CH_Exp6_ZFPtm1a_M18
lesion,axis2_+1mm,encoder_level2,0.23422235250473022,0.9722486734390259,20170628CH_Exp6_ZFPtm1a_M18
lesion,axis2_+1mm,encoder_level3,0.2024434357881546,0.9793986082077026,20170628CH_Exp6_ZFPtm1a_M18
lesion,axis2_+1mm,encoder_level4,0.30071693658828735,0.9545650482177734,20170628CH_Exp6_ZFPtm1a_M18
lesion,axis2_+1mm,canvas_level4,0.30071693658828735,0.9545650482177734,20170628CH_Exp6_ZFPtm1a_M18
lesion,axis2_+1mm,canvas_level3,0.32673436403274536,0.9458258152008057,20170628CH_Exp6_ZFPtm1a_M18
lesion,axis2_+1mm,canvas_level2,0.3155658543109894,0.9494007229804993,20170628CH_Exp6_ZFPtm1a_M18
lesion,axis2_+1mm,canvas_level1,0.25582724809646606,0.9669039845466614,20170628CH_Exp6_ZFPtm1a_M18
lesion,axis2_+1mm,canvas_level0,0.2211579531431198,0.9754058718681335,20170628CH_Exp6_ZFPtm1a_M18
lesion,axis2_+1mm,output_logits,0.07074254006147385,0.9975166320800781,20170628CH_Exp6_ZFPtm1a_M18
lesion,axis2_+1mm,query_mask_embedding,0.024729613214731216,0.9997249841690063,20170628CH_Exp6_ZFPtm1a_M18
lesion,axis2_+2mm,input,2.2583546979149105e-06,1.0,20170628CH_Exp6_ZFPtm1a_M18
lesion,axis2_+2mm,encoder_level0,0.048661358654499054,0.9988152980804443,20170628CH_Exp6_ZFPtm1a_M18
lesion,axis2_+2mm,encoder_level1,0.31020864844322205,0.9506685733795166,20170628CH_Exp6_ZFPtm1a_M18
lesion,axis2_+2mm,encoder_level2,0.2731723189353943,0.9619870781898499,20170628CH_Exp6_ZFPtm1a_M18
lesion,axis2_+2mm,encoder_level3,0.17920967936515808,0.9838204383850098,20170628CH_Exp6_ZFPtm1a_M18
lesion,axis2_+2mm,encoder_level4,0.1811082810163498,0.9834932088851929,20170628CH_Exp6_ZFPtm1a_M18
lesion,axis2_+2mm,canvas_level4,0.1811082810163498,0.9834932088851929,20170628CH_Exp6_ZFPtm1a_M18
lesion,axis2_+2mm,canvas_level3,0.30801621079444885,0.9515854120254517,20170628CH_Exp6_ZFPtm1a_M18
lesion,axis2_+2mm,canvas_level2,0.3380112051963806,0.941371500492096,20170628CH_Exp6_ZFPtm1a_M18
lesion,axis2_+2mm,canvas_level1,0.29164114594459534,0.9565896391868591,20170628CH_Exp6_ZFPtm1a_M18
lesion,axis2_+2mm,canvas_level0,0.2039380967617035,0.9790511727333069,20170628CH_Exp6_ZFPtm1a_M18
lesion,axis2_+2mm,output_logits,0.12637045979499817,0.9920043349266052,20170628CH_Exp6_ZFPtm1a_M18
lesion,axis2_+2mm,query_mask_embedding,0.014927143231034279,0.9998936057090759,20170628CH_Exp6_ZFPtm1a_M18
lesion,axis2_+4mm,input,2.4193350327550434e-06,1.0,20170628CH_Exp6_ZFPtm1a_M18
lesion,axis2_+4mm,encoder_level0,0.11919483542442322,0.9928708076477051,20170628CH_Exp6_ZFPtm1a_M18
lesion,axis2_+4mm,encoder_level1,0.25947925448417664,0.9657508730888367,20170628CH_Exp6_ZFPtm1a_M18
lesion,axis2_+4mm,encoder_level2,0.3868775963783264,0.9221355319023132,20170628CH_Exp6_ZFPtm1a_M18
lesion,axis2_+4mm,encoder_level3,0.3497805893421173,0.936867356300354,20170628CH_Exp6_ZFPtm1a_M18
lesion,axis2_+4mm,encoder_level4,0.22636130452156067,0.9740920066833496,20170628CH_Exp6_ZFPtm1a_M18
lesion,axis2_+4mm,canvas_level4,0.22636130452156067,0.9740920066833496,20170628CH_Exp6_ZFPtm1a_M18
lesion,axis2_+4mm,canvas_level3,0.3767130374908447,0.9263379573822021,20170628CH_Exp6_ZFPtm1a_M18
lesion,axis2_+4mm,canvas_level2,0.3867660462856293,0.9222483038902283,20170628CH_Exp6_ZFPtm1a_M18
lesion,axis2_+4mm,canvas_level1,0.27629902958869934,0.9611716270446777,20170628CH_Exp6_ZFPtm1a_M18
lesion,axis2_+4mm,canvas_level0,0.29308968782424927,0.9561983346939087,20170628CH_Exp6_ZFPtm1a_M18
lesion,axis2_+4mm,output_logits,0.2696520984172821,0.9629698991775513,20170628CH_Exp6_ZFPtm1a_M18
lesion,axis2_+4mm,query_mask_embedding,0.014924535527825356,0.9998916387557983,20170628CH_Exp6_ZFPtm1a_M18
lesion,axis2_+6mm,input,2.223468072770629e-06,1.0,20170628CH_Exp6_ZFPtm1a_M18
lesion,axis2_+6mm,encoder_level0,0.16901016235351562,0.9856142997741699,20170628CH_Exp6_ZFPtm1a_M18
lesion,axis2_+6mm,encoder_level1,0.45974987745285034,0.8880605697631836,20170628CH_Exp6_ZFPtm1a_M18
lesion,axis2_+6mm,encoder_level2,0.4459149241447449,0.8951435089111328,20170628CH_Exp6_ZFPtm1a_M18
lesion,axis2_+6mm,encoder_level3,0.48242390155792236,0.8759435415267944,20170628CH_Exp6_ZFPtm1a_M18
lesion,axis2_+6mm,encoder_level4,0.34713882207870483,0.9379975199699402,20170628CH_Exp6_ZFPtm1a_M18
lesion,axis2_+6mm,canvas_level4,0.34713882207870483,0.9379975199699402,20170628CH_Exp6_ZFPtm1a_M18
lesion,axis2_+6mm,canvas_level3,0.47289541363716125,0.8813140392303467,20170628CH_Exp6_ZFPtm1a_M18
lesion,axis2_+6mm,canvas_level2,0.4350230097770691,0.9009826183319092,20170628CH_Exp6_ZFPtm1a_M18
lesion,axis2_+6mm,canvas_level1,0.3774062395095825,0.926200270652771,20170628CH_Exp6_ZFPtm1a_M18
lesion,axis2_+6mm,canvas_level0,0.38277193903923035,0.9242616891860962,20170628CH_Exp6_ZFPtm1a_M18
lesion,axis2_+6mm,output_logits,0.3890790343284607,0.9212476015090942,20170628CH_Exp6_ZFPtm1a_M18
lesion,axis2_+6mm,query_mask_embedding,0.0099185761064291,0.9999520182609558,20170628CH_Exp6_ZFPtm1a_M18
lesion,resampling_floor,input,1.990621740333154e-06,0.9999998807907104,20170628CH_Exp6_ZFPtm1a_M21
lesion,resampling_floor,encoder_level0,1.9945979147451e-05,1.0,20170628CH_Exp6_ZFPtm1a_M21
lesion,resampling_floor,encoder_level1,2.046064764726907e-05,1.0,20170628CH_Exp6_ZFPtm1a_M21
lesion,resampling_floor,encoder_level2,2.2718304535374045e-05,1.0,20170628CH_Exp6_ZFPtm1a_M21
lesion,resampling_floor,encoder_level3,7.102294716787583e-07,0.9999999403953552,20170628CH_Exp6_ZFPtm1a_M21
lesion,resampling_floor,encoder_level4,4.85442569697625e-06,0.9999998807907104,20170628CH_Exp6_ZFPtm1a_M21
lesion,resampling_floor,canvas_level4,4.85442569697625e-06,0.9999998807907104,20170628CH_Exp6_ZFPtm1a_M21
lesion,resampling_floor,canvas_level3,7.421882037306204e-05,0.9999998807907104,20170628CH_Exp6_ZFPtm1a_M21
lesion,resampling_floor,canvas_level2,0.00016434589633718133,1.0,20170628CH_Exp6_ZFPtm1a_M21
lesion,resampling_floor,canvas_level1,0.0001785359636414796,1.0,20170628CH_Exp6_ZFPtm1a_M21
lesion,resampling_floor,canvas_level0,0.00022910066763870418,0.9999998807907104,20170628CH_Exp6_ZFPtm1a_M21
lesion,resampling_floor,output_logits,6.928302173037082e-05,1.0,20170628CH_Exp6_ZFPtm1a_M21
lesion,resampling_floor,query_mask_embedding,1.5858286133152433e-06,0.9999999403953552,20170628CH_Exp6_ZFPtm1a_M21
lesion,axis0_+1mm,input,1.828746235332801e-06,0.9999998807907104,20170628CH_Exp6_ZFPtm1a_M21
lesion,axis0_+1mm,encoder_level0,0.00837709940969944,0.9999693632125854,20170628CH_Exp6_ZFPtm1a_M21
lesion,axis0_+1mm,encoder_level1,0.20442628860473633,0.9788819551467896,20170628CH_Exp6_ZFPtm1a_M21
lesion,axis0_+1mm,encoder_level2,0.19259293377399445,0.9812796115875244,20170628CH_Exp6_ZFPtm1a_M21
lesion,axis0_+1mm,encoder_level3,0.17399387061595917,0.9847478270530701,20170628CH_Exp6_ZFPtm1a_M21
lesion,axis0_+1mm,encoder_level4,0.16052524745464325,0.9871007204055786,20170628CH_Exp6_ZFPtm1a_M21
lesion,axis0_+1mm,canvas_level4,0.16052524745464325,0.9871007204055786,20170628CH_Exp6_ZFPtm1a_M21
lesion,axis0_+1mm,canvas_level3,0.2163027822971344,0.976330578327179,20170628CH_Exp6_ZFPtm1a_M21
lesion,axis0_+1mm,canvas_level2,0.21085350215435028,0.9775254726409912,20170628CH_Exp6_ZFPtm1a_M21
lesion,axis0_+1mm,canvas_level1,0.17278529703617096,0.9849679470062256,20170628CH_Exp6_ZFPtm1a_M21
lesion,axis0_+1mm,canvas_level0,0.09959091246128082,0.9950433969497681,20170628CH_Exp6_ZFPtm1a_M21
lesion,axis0_+1mm,output_logits,0.03456760570406914,0.999402642250061,20170628CH_Exp6_ZFPtm1a_M21
lesion,axis0_+1mm,query_mask_embedding,0.0025283880531787872,0.9999971985816956,20170628CH_Exp6_ZFPtm1a_M21
lesion,axis0_+2mm,input,1.8690033130042139e-06,0.9999998807907104,20170628CH_Exp6_ZFPtm1a_M21
lesion,axis0_+2mm,encoder_level0,0.040315933525562286,0.9992131590843201,20170628CH_Exp6_ZFPtm1a_M21
lesion,axis0_+2mm,encoder_level1,0.09902331233024597,0.9952183961868286,20170628CH_Exp6_ZFPtm1a_M21
lesion,axis0_+2mm,encoder_level2,0.233285054564476,0.9724171161651611,20170628CH_Exp6_ZFPtm1a_M21
lesion,axis0_+2mm,encoder_level3,0.1651710569858551,0.9862686395645142,20170628CH_Exp6_ZFPtm1a_M21
lesion,axis0_+2mm,encoder_level4,0.18632327020168304,0.9825412034988403,20170628CH_Exp6_ZFPtm1a_M21
lesion,axis0_+2mm,canvas_level4,0.18632327020168304,0.9825412034988403,20170628CH_Exp6_ZFPtm1a_M21
lesion,axis0_+2mm,canvas_level3,0.23276515305042267,0.9726327657699585,20170628CH_Exp6_ZFPtm1a_M21
lesion,axis0_+2mm,canvas_level2,0.26444581151008606,0.9644070863723755,20170628CH_Exp6_ZFPtm1a_M21
lesion,axis0_+2mm,canvas_level1,0.16514597833156586,0.9863385558128357,20170628CH_Exp6_ZFPtm1a_M21
lesion,axis0_+2mm,canvas_level0,0.14285385608673096,0.989847719669342,20170628CH_Exp6_ZFPtm1a_M21
lesion,axis0_+2mm,output_logits,0.04609587788581848,0.9989557266235352,20170628CH_Exp6_ZFPtm1a_M21
lesion,axis0_+2mm,query_mask_embedding,0.0051137665286660194,0.9999879002571106,20170628CH_Exp6_ZFPtm1a_M21
lesion,axis0_+4mm,input,0.0948762446641922,0.9954890012741089,20170628CH_Exp6_ZFPtm1a_M21
lesion,axis0_+4mm,encoder_level0,0.16409587860107422,0.9865393042564392,20170628CH_Exp6_ZFPtm1a_M21
lesion,axis0_+4mm,encoder_level1,0.2648380696773529,0.9646878242492676,20170628CH_Exp6_ZFPtm1a_M21
lesion,axis0_+4mm,encoder_level2,0.2932193875312805,0.9562933444976807,20170628CH_Exp6_ZFPtm1a_M21
lesion,axis0_+4mm,encoder_level3,0.2234521061182022,0.9748072624206543,20170628CH_Exp6_ZFPtm1a_M21
lesion,axis0_+4mm,encoder_level4,0.1994478702545166,0.9799185395240784,20170628CH_Exp6_ZFPtm1a_M21
lesion,axis0_+4mm,canvas_level4,0.1994478702545166,0.9799185395240784,20170628CH_Exp6_ZFPtm1a_M21
lesion,axis0_+4mm,canvas_level3,0.29368722438812256,0.9562406539916992,20170628CH_Exp6_ZFPtm1a_M21
lesion,axis0_+4mm,canvas_level2,0.31233811378479004,0.9502761960029602,20170628CH_Exp6_ZFPtm1a_M21
lesion,axis0_+4mm,canvas_level1,0.2827766239643097,0.9593968987464905,20170628CH_Exp6_ZFPtm1a_M21
lesion,axis0_+4mm,canvas_level0,0.29364484548568726,0.9562594294548035,20170628CH_Exp6_ZFPtm1a_M21
lesion,axis0_+4mm,output_logits,0.27340972423553467,0.9618984460830688,20170628CH_Exp6_ZFPtm1a_M21
lesion,axis0_+4mm,query_mask_embedding,0.0034310254268348217,0.9999940395355225,20170628CH_Exp6_ZFPtm1a_M21
lesion,axis0_+6mm,input,0.1339559406042099,0.9909871816635132,20170628CH_Exp6_ZFPtm1a_M21
lesion,axis0_+6mm,encoder_level0,0.22965840995311737,0.9734855890274048,20170628CH_Exp6_ZFPtm1a_M21
lesion,axis0_+6mm,encoder_level1,0.36304569244384766,0.932641863822937,20170628CH_Exp6_ZFPtm1a_M21
lesion,axis0_+6mm,encoder_level2,0.3996509313583374,0.9166812896728516,20170628CH_Exp6_ZFPtm1a_M21
lesion,axis0_+6mm,encoder_level3,0.3478200137615204,0.9376314878463745,20170628CH_Exp6_ZFPtm1a_M21
lesion,axis0_+6mm,encoder_level4,0.21458443999290466,0.9769896268844604,20170628CH_Exp6_ZFPtm1a_M21
lesion,axis0_+6mm,canvas_level4,0.21458443999290466,0.9769896268844604,20170628CH_Exp6_ZFPtm1a_M21
lesion,axis0_+6mm,canvas_level3,0.3487599492073059,0.9377361536026001,20170628CH_Exp6_ZFPtm1a_M21
lesion,axis0_+6mm,canvas_level2,0.39760464429855347,0.9177380204200745,20170628CH_Exp6_ZFPtm1a_M21
lesion,axis0_+6mm,canvas_level1,0.37267109751701355,0.9286301136016846,20170628CH_Exp6_ZFPtm1a_M21
lesion,axis0_+6mm,canvas_level0,0.3965558707714081,0.9190372228622437,20170628CH_Exp6_ZFPtm1a_M21
lesion,axis0_+6mm,output_logits,0.3853718042373657,0.9227617979049683,20170628CH_Exp6_ZFPtm1a_M21
lesion,axis0_+6mm,query_mask_embedding,0.011834007687866688,0.9999312162399292,20170628CH_Exp6_ZFPtm1a_M21
lesion,axis1_+1mm,input,1.990621740333154e-06,0.9999998807907104,20170628CH_Exp6_ZFPtm1a_M21
lesion,axis1_+1mm,encoder_level0,1.994124977500178e-05,1.0,20170628CH_Exp6_ZFPtm1a_M21
lesion,axis1_+1mm,encoder_level1,0.2146378755569458,0.9767093658447266,20170628CH_Exp6_ZFPtm1a_M21
lesion,axis1_+1mm,encoder_level2,0.20909589529037476,0.9779021739959717,20170628CH_Exp6_ZFPtm1a_M21
lesion,axis1_+1mm,encoder_level3,0.19882027804851532,0.9800435304641724,20170628CH_Exp6_ZFPtm1a_M21
lesion,axis1_+1mm,encoder_level4,0.1490895301103592,0.989150881767273,20170628CH_Exp6_ZFPtm1a_M21
lesion,axis1_+1mm,canvas_level4,0.1490895301103592,0.989150881767273,20170628CH_Exp6_ZFPtm1a_M21
lesion,axis1_+1mm,canvas_level3,0.27643218636512756,0.9610454440116882,20170628CH_Exp6_ZFPtm1a_M21
lesion,axis1_+1mm,canvas_level2,0.2872951328754425,0.9579740762710571,20170628CH_Exp6_ZFPtm1a_M21
lesion,axis1_+1mm,canvas_level1,0.2388051599264145,0.9710817337036133,20170628CH_Exp6_ZFPtm1a_M21
lesion,axis1_+1mm,canvas_level0,0.19418098032474518,0.9810762405395508,20170628CH_Exp6_ZFPtm1a_M21
lesion,axis1_+1mm,output_logits,0.10365809500217438,0.9946178793907166,20170628CH_Exp6_ZFPtm1a_M21
lesion,axis1_+1mm,query_mask_embedding,0.005805323366075754,0.9999841451644897,20170628CH_Exp6_ZFPtm1a_M21
lesion,axis1_+2mm,input,1.990621740333154e-06,0.9999998807907104,20170628CH_Exp6_ZFPtm1a_M21
lesion,axis1_+2mm,encoder_level0,0.047407448291778564,0.9988756775856018,20170628CH_Exp6_ZFPtm1a_M21
lesion,axis1_+2mm,encoder_level1,0.13366788625717163,0.991045355796814,20170628CH_Exp6_ZFPtm1a_M21
lesion,axis1_+2mm,encoder_level2,0.22980785369873047,0.9732511639595032,20170628CH_Exp6_ZFPtm1a_M21
lesion,axis1_+2mm,encoder_level3,0.20064063370227814,0.9796870946884155,20170628CH_Exp6_ZFPtm1a_M21
lesion,axis1_+2mm,encoder_level4,0.17399950325489044,0.9849708080291748,20170628CH_Exp6_ZFPtm1a_M21
lesion,axis1_+2mm,canvas_level4,0.17399950325489044,0.9849708080291748,20170628CH_Exp6_ZFPtm1a_M21
lesion,axis1_+2mm,canvas_level3,0.29647257924079895,0.9551589488983154,20170628CH_Exp6_ZFPtm1a_M21
lesion,axis1_+2mm,canvas_level2,0.33395540714263916,0.9427441954612732,20170628CH_Exp6_ZFPtm1a_M21
lesion,axis1_+2mm,canvas_level1,0.24363203346729279,0.9699532389640808,20170628CH_Exp6_ZFPtm1a_M21
lesion,axis1_+2mm,canvas_level0,0.22451674938201904,0.9745961427688599,20170628CH_Exp6_ZFPtm1a_M21
lesion,axis1_+2mm,output_logits,0.14047659933567047,0.9901028871536255,20170628CH_Exp6_ZFPtm1a_M21
lesion,axis1_+2mm,query_mask_embedding,0.006693706382066011,0.9999781250953674,20170628CH_Exp6_ZFPtm1a_M21
lesion,axis1_+4mm,input,1.990621740333154e-06,0.9999998807907104,20170628CH_Exp6_ZFPtm1a_M21
lesion,axis1_+4mm,encoder_level0,0.11612305790185928,0.9932348132133484,20170628CH_Exp6_ZFPtm1a_M21
lesion,axis1_+4mm,encoder_level1,0.2670303285121918,0.9636996388435364,20170628CH_Exp6_ZFPtm1a_M21
lesion,axis1_+4mm,encoder_level2,0.30814415216445923,0.9515905976295471,20170628CH_Exp6_ZFPtm1a_M21
lesion,axis1_+4mm,encoder_level3,0.25030946731567383,0.9682764410972595,20170628CH_Exp6_ZFPtm1a_M21
lesion,axis1_+4mm,encoder_level4,0.16765227913856506,0.9859194755554199,20170628CH_Exp6_ZFPtm1a_M21
lesion,axis1_+4mm,canvas_level4,0.16765227913856506,0.9859194755554199,20170628CH_Exp6_ZFPtm1a_M21
lesion,axis1_+4mm,canvas_level3,0.3685094714164734,0.9298506379127502,20170628CH_Exp6_ZFPtm1a_M21
lesion,axis1_+4mm,canvas_level2,0.37975776195526123,0.926106333732605,20170628CH_Exp6_ZFPtm1a_M21
lesion,axis1_+4mm,canvas_level1,0.30179065465927124,0.9534252882003784,20170628CH_Exp6_ZFPtm1a_M21
lesion,axis1_+4mm,canvas_level0,0.3342374265193939,0.9427255392074585,20170628CH_Exp6_ZFPtm1a_M21
lesion,axis1_+4mm,output_logits,0.28521934151649475,0.9585195779800415,20170628CH_Exp6_ZFPtm1a_M21
lesion,axis1_+4mm,query_mask_embedding,0.008433712646365166,0.999964714050293,20170628CH_Exp6_ZFPtm1a_M21
lesion,axis1_+6mm,input,0.24560485780239105,0.9693700671195984,20170628CH_Exp6_ZFPtm1a_M21
lesion,axis1_+6mm,encoder_level0,0.3655683696269989,0.9319593906402588,20170628CH_Exp6_ZFPtm1a_M21
lesion,axis1_+6mm,encoder_level1,0.42105087637901306,0.90773606300354,20170628CH_Exp6_ZFPtm1a_M21
lesion,axis1_+6mm,encoder_level2,0.4389122426509857,0.8985856771469116,20170628CH_Exp6_ZFPtm1a_M21
lesion,axis1_+6mm,encoder_level3,0.39418891072273254,0.9191480875015259,20170628CH_Exp6_ZFPtm1a_M21
lesion,axis1_+6mm,encoder_level4,0.22677728533744812,0.9743441343307495,20170628CH_Exp6_ZFPtm1a_M21
lesion,axis1_+6mm,canvas_level4,0.22677728533744812,0.9743441343307495,20170628CH_Exp6_ZFPtm1a_M21
lesion,axis1_+6mm,canvas_level3,0.48334720730781555,0.8772170543670654,20170628CH_Exp6_ZFPtm1a_M21
lesion,axis1_+6mm,canvas_level2,0.4874515235424042,0.8741423487663269,20170628CH_Exp6_ZFPtm1a_M21
lesion,axis1_+6mm,canvas_level1,0.4448608160018921,0.8967105150222778,20170628CH_Exp6_ZFPtm1a_M21
lesion,axis1_+6mm,canvas_level0,0.47217267751693726,0.8836941719055176,20170628CH_Exp6_ZFPtm1a_M21
lesion,axis1_+6mm,output_logits,0.41780149936676025,0.9085577726364136,20170628CH_Exp6_ZFPtm1a_M21
lesion,axis1_+6mm,query_mask_embedding,0.014506385661661625,0.9998972415924072,20170628CH_Exp6_ZFPtm1a_M21
lesion,axis2_+1mm,input,0.15060576796531677,0.9888619184494019,20170628CH_Exp6_ZFPtm1a_M21
lesion,axis2_+1mm,encoder_level0,0.4438170790672302,0.8963766098022461,20170628CH_Exp6_ZFPtm1a_M21
lesion,axis2_+1mm,encoder_level1,0.21788929402828217,0.9760010242462158,20170628CH_Exp6_ZFPtm1a_M21
lesion,axis2_+1mm,encoder_level2,0.22695475816726685,0.9739532470703125,20170628CH_Exp6_ZFPtm1a_M21
lesion,axis2_+1mm,encoder_level3,0.20004598796367645,0.9798822402954102,20170628CH_Exp6_ZFPtm1a_M21
lesion,axis2_+1mm,encoder_level4,0.30481401085853577,0.9531591534614563,20170628CH_Exp6_ZFPtm1a_M21
lesion,axis2_+1mm,canvas_level4,0.30481401085853577,0.9531591534614563,20170628CH_Exp6_ZFPtm1a_M21
lesion,axis2_+1mm,canvas_level3,0.33049890398979187,0.9445492029190063,20170628CH_Exp6_ZFPtm1a_M21
lesion,axis2_+1mm,canvas_level2,0.3161523938179016,0.9492133259773254,20170628CH_Exp6_ZFPtm1a_M21
lesion,axis2_+1mm,canvas_level1,0.2587270736694336,0.9661577343940735,20170628CH_Exp6_ZFPtm1a_M21
lesion,axis2_+1mm,canvas_level0,0.22220955789089203,0.9751768112182617,20170628CH_Exp6_ZFPtm1a_M21
lesion,axis2_+1mm,output_logits,0.0709030032157898,0.9975056648254395,20170628CH_Exp6_ZFPtm1a_M21
lesion,axis2_+1mm,query_mask_embedding,0.02247433178126812,0.9997782111167908,20170628CH_Exp6_ZFPtm1a_M21
lesion,axis2_+2mm,input,2.243751168862218e-06,0.9999999403953552,20170628CH_Exp6_ZFPtm1a_M21
lesion,axis2_+2mm,encoder_level0,0.047407276928424835,0.9988756775856018,20170628CH_Exp6_ZFPtm1a_M21
lesion,axis2_+2mm,encoder_level1,0.31050294637680054,0.9505726099014282,20170628CH_Exp6_ZFPtm1a_M21
lesion,axis2_+2mm,encoder_level2,0.268210232257843,0.963377058506012,20170628CH_Exp6_ZFPtm1a_M21
lesion,axis2_+2mm,encoder_level3,0.18061909079551697,0.9835628271102905,20170628CH_Exp6_ZFPtm1a_M21
lesion,axis2_+2mm,encoder_level4,0.1816665381193161,0.9833811521530151,20170628CH_Exp6_ZFPtm1a_M21
lesion,axis2_+2mm,canvas_level4,0.1816665381193161,0.9833811521530151,20170628CH_Exp6_ZFPtm1a_M21
lesion,axis2_+2mm,canvas_level3,0.31239065527915955,0.950192928314209,20170628CH_Exp6_ZFPtm1a_M21
lesion,axis2_+2mm,canvas_level2,0.3369762599468231,0.941735029220581,20170628CH_Exp6_ZFPtm1a_M21
lesion,axis2_+2mm,canvas_level1,0.29102230072021484,0.9567869901657104,20170628CH_Exp6_ZFPtm1a_M21
lesion,axis2_+2mm,canvas_level0,0.20361195504665375,0.9791073799133301,20170628CH_Exp6_ZFPtm1a_M21
lesion,axis2_+2mm,output_logits,0.12475952506065369,0.9921880960464478,20170628CH_Exp6_ZFPtm1a_M21
lesion,axis2_+2mm,query_mask_embedding,0.005497851874679327,0.999984860420227,20170628CH_Exp6_ZFPtm1a_M21
lesion,axis2_+4mm,input,2.4431112706224667e-06,1.0,20170628CH_Exp6_ZFPtm1a_M21
lesion,axis2_+4mm,encoder_level0,0.11612299084663391,0.9932348728179932,20170628CH_Exp6_ZFPtm1a_M21
lesion,axis2_+4mm,encoder_level1,0.2590261399745941,0.9658725261688232,20170628CH_Exp6_ZFPtm1a_M21
lesion,axis2_+4mm,encoder_level2,0.38405507802963257,0.9233124256134033,20170628CH_Exp6_ZFPtm1a_M21
lesion,axis2_+4mm,encoder_level3,0.3516538143157959,0.9361591339111328,20170628CH_Exp6_ZFPtm1a_M21
lesion,axis2_+4mm,encoder_level4,0.22924266755580902,0.9734194278717041,20170628CH_Exp6_ZFPtm1a_M21
lesion,axis2_+4mm,canvas_level4,0.22924266755580902,0.9734194278717041,20170628CH_Exp6_ZFPtm1a_M21
lesion,axis2_+4mm,canvas_level3,0.38588109612464905,0.9225743412971497,20170628CH_Exp6_ZFPtm1a_M21
lesion,axis2_+4mm,canvas_level2,0.3917641341686249,0.9201341271400452,20170628CH_Exp6_ZFPtm1a_M21
lesion,axis2_+4mm,canvas_level1,0.2804635167121887,0.9599521160125732,20170628CH_Exp6_ZFPtm1a_M21
lesion,axis2_+4mm,canvas_level0,0.2953537106513977,0.955508828163147,20170628CH_Exp6_ZFPtm1a_M21
lesion,axis2_+4mm,output_logits,0.2701692283153534,0.9628402590751648,20170628CH_Exp6_ZFPtm1a_M21
lesion,axis2_+4mm,query_mask_embedding,0.014262810349464417,0.9999037981033325,20170628CH_Exp6_ZFPtm1a_M21
lesion,axis2_+6mm,input,2.2620968138653552e-06,0.9999999403953552,20170628CH_Exp6_ZFPtm1a_M21
lesion,axis2_+6mm,encoder_level0,0.16451089084148407,0.9863753914833069,20170628CH_Exp6_ZFPtm1a_M21
lesion,axis2_+6mm,encoder_level1,0.45895975828170776,0.8884658813476562,20170628CH_Exp6_ZFPtm1a_M21
lesion,axis2_+6mm,encoder_level2,0.4432666003704071,0.8964441418647766,20170628CH_Exp6_ZFPtm1a_M21
lesion,axis2_+6mm,encoder_level3,0.4845629036426544,0.8747607469558716,20170628CH_Exp6_ZFPtm1a_M21
lesion,axis2_+6mm,encoder_level4,0.3507581353187561,0.9365599155426025,20170628CH_Exp6_ZFPtm1a_M21
lesion,axis2_+6mm,canvas_level4,0.3507581353187561,0.9365599155426025,20170628CH_Exp6_ZFPtm1a_M21
lesion,axis2_+6mm,canvas_level3,0.47448137402534485,0.8804621696472168,20170628CH_Exp6_ZFPtm1a_M21
lesion,axis2_+6mm,canvas_level2,0.4344666600227356,0.9012399315834045,20170628CH_Exp6_ZFPtm1a_M21
lesion,axis2_+6mm,canvas_level1,0.3742845952510834,0.9274601936340332,20170628CH_Exp6_ZFPtm1a_M21
lesion,axis2_+6mm,canvas_level0,0.3827141523361206,0.9242599010467529,20170628CH_Exp6_ZFPtm1a_M21
lesion,axis2_+6mm,output_logits,0.38838130235671997,0.9215307831764221,20170628CH_Exp6_ZFPtm1a_M21
lesion,axis2_+6mm,query_mask_embedding,0.009024806320667267,0.9999602437019348,20170628CH_Exp6_ZFPtm1a_M21
lesion,resampling_floor,input,1.8596016388983116e-06,1.0,20170629CH_Exp6_ZFPtm1a_M23
lesion,resampling_floor,encoder_level0,1.9507868273649365e-05,1.0,20170629CH_Exp6_ZFPtm1a_M23
lesion,resampling_floor,encoder_level1,2.1104853658471256e-05,1.0,20170629CH_Exp6_ZFPtm1a_M23
lesion,resampling_floor,encoder_level2,2.4211984055000357e-05,1.0,20170629CH_Exp6_ZFPtm1a_M23
lesion,resampling_floor,encoder_level3,6.91168793309771e-07,1.0,20170629CH_Exp6_ZFPtm1a_M23
lesion,resampling_floor,encoder_level4,3.848090273095295e-06,0.9999998807907104,20170629CH_Exp6_ZFPtm1a_M23
lesion,resampling_floor,canvas_level4,3.848090273095295e-06,0.9999998807907104,20170629CH_Exp6_ZFPtm1a_M23
lesion,resampling_floor,canvas_level3,6.976145232329145e-05,1.0,20170629CH_Exp6_ZFPtm1a_M23
lesion,resampling_floor,canvas_level2,0.0001633868960198015,1.0,20170629CH_Exp6_ZFPtm1a_M23
lesion,resampling_floor,canvas_level1,0.00017767504323273897,1.0,20170629CH_Exp6_ZFPtm1a_M23
lesion,resampling_floor,canvas_level0,0.00022838565928395838,0.9999999403953552,20170629CH_Exp6_ZFPtm1a_M23
lesion,resampling_floor,output_logits,6.90302622388117e-05,0.9999998807907104,20170629CH_Exp6_ZFPtm1a_M23
lesion,resampling_floor,query_mask_embedding,1.3252716826173128e-06,1.0,20170629CH_Exp6_ZFPtm1a_M23
lesion,axis0_+1mm,input,1.6931892332650023e-06,1.0,20170629CH_Exp6_ZFPtm1a_M23
lesion,axis0_+1mm,encoder_level0,0.008396445773541927,0.9999692440032959,20170629CH_Exp6_ZFPtm1a_M23
lesion,axis0_+1mm,encoder_level1,0.20183975994586945,0.9794185757637024,20170629CH_Exp6_ZFPtm1a_M23
lesion,axis0_+1mm,encoder_level2,0.1890047937631607,0.9819763898849487,20170629CH_Exp6_ZFPtm1a_M23
lesion,axis0_+1mm,encoder_level3,0.1677142232656479,0.9858359694480896,20170629CH_Exp6_ZFPtm1a_M23
lesion,axis0_+1mm,encoder_level4,0.15817110240459442,0.9875357747077942,20170629CH_Exp6_ZFPtm1a_M23
lesion,axis0_+1mm,canvas_level4,0.15817110240459442,0.9875357747077942,20170629CH_Exp6_ZFPtm1a_M23
lesion,axis0_+1mm,canvas_level3,0.21209466457366943,0.9772557616233826,20170629CH_Exp6_ZFPtm1a_M23
lesion,axis0_+1mm,canvas_level2,0.21276988089084625,0.977117657661438,20170629CH_Exp6_ZFPtm1a_M23
lesion,axis0_+1mm,canvas_level1,0.17623455822467804,0.9843607544898987,20170629CH_Exp6_ZFPtm1a_M23
lesion,axis0_+1mm,canvas_level0,0.1060260683298111,0.9943852424621582,20170629CH_Exp6_ZFPtm1a_M23
lesion,axis0_+1mm,output_logits,0.036748211830854416,0.9993319511413574,20170629CH_Exp6_ZFPtm1a_M23
lesion,axis0_+1mm,query_mask_embedding,0.0148697504773736,0.9998917579650879,20170629CH_Exp6_ZFPtm1a_M23
lesion,axis0_+2mm,input,1.7696980876280577e-06,1.0,20170629CH_Exp6_ZFPtm1a_M23
lesion,axis0_+2mm,encoder_level0,0.040731340646743774,0.9991965293884277,20170629CH_Exp6_ZFPtm1a_M23
lesion,axis0_+2mm,encoder_level1,0.09996107965707779,0.99512779712677,20170629CH_Exp6_ZFPtm1a_M23
lesion,axis0_+2mm,encoder_level2,0.23045822978019714,0.9730916619300842,20170629CH_Exp6_ZFPtm1a_M23
lesion,axis0_+2mm,encoder_level3,0.15766333043575287,0.9874945878982544,20170629CH_Exp6_ZFPtm1a_M23
lesion,axis0_+2mm,encoder_level4,0.1785227507352829,0.9839881062507629,20170629CH_Exp6_ZFPtm1a_M23
lesion,axis0_+2mm,canvas_level4,0.1785227507352829,0.9839881062507629,20170629CH_Exp6_ZFPtm1a_M23
lesion,axis0_+2mm,canvas_level3,0.22069336473941803,0.9754070043563843,20170629CH_Exp6_ZFPtm1a_M23
lesion,axis0_+2mm,canvas_level2,0.2595977783203125,0.9657254815101624,20170629CH_Exp6_ZFPtm1a_M23
lesion,axis0_+2mm,canvas_level1,0.1626986712217331,0.9867488145828247,20170629CH_Exp6_ZFPtm1a_M23
lesion,axis0_+2mm,canvas_level0,0.13964538276195526,0.9902949333190918,20170629CH_Exp6_ZFPtm1a_M23
lesion,axis0_+2mm,output_logits,0.04421470686793327,0.9990248680114746,20170629CH_Exp6_ZFPtm1a_M23
lesion,axis0_+2mm,query_mask_embedding,0.004013092257082462,0.9999920129776001,20170629CH_Exp6_ZFPtm1a_M23
lesion,axis0_+4mm,input,0.09366560727357864,0.9956037998199463,20170629CH_Exp6_ZFPtm1a_M23
lesion,axis0_+4mm,encoder_level0,0.1644459366798401,0.9864816665649414,20170629CH_Exp6_ZFPtm1a_M23
lesion,axis0_+4mm,encoder_level1,0.26520368456840515,0.9645928144454956,20170629CH_Exp6_ZFPtm1a_M23
lesion,axis0_+4mm,encoder_level2,0.2936536371707916,0.9561590552330017,20170629CH_Exp6_ZFPtm1a_M23
lesion,axis0_+4mm,encoder_level3,0.21657709777355194,0.9763698577880859,20170629CH_Exp6_ZFPtm1a_M23
lesion,axis0_+4mm,encoder_level4,0.1929672658443451,0.9812114238739014,20170629CH_Exp6_ZFPtm1a_M23
lesion,axis0_+4mm,canvas_level4,0.1929672658443451,0.9812114238739014,20170629CH_Exp6_ZFPtm1a_M23
lesion,axis0_+4mm,canvas_level3,0.28275066614151,0.9594640135765076,20170629CH_Exp6_ZFPtm1a_M23
lesion,axis0_+4mm,canvas_level2,0.3094572126865387,0.9512473344802856,20170629CH_Exp6_ZFPtm1a_M23
lesion,axis0_+4mm,canvas_level1,0.2783265709877014,0.9606848955154419,20170629CH_Exp6_ZFPtm1a_M23
lesion,axis0_+4mm,canvas_level0,0.28956738114356995,0.9574730396270752,20170629CH_Exp6_ZFPtm1a_M23
lesion,axis0_+4mm,output_logits,0.2727142572402954,0.9621021747589111,20170629CH_Exp6_ZFPtm1a_M23
lesion,axis0_+4mm,query_mask_embedding,0.008127904497087002,0.9999675750732422,20170629CH_Exp6_ZFPtm1a_M23
lesion,axis0_+6mm,input,0.1324344277381897,0.9911918640136719,20170629CH_Exp6_ZFPtm1a_M23
lesion,axis0_+6mm,encoder_level0,0.2300904244184494,0.973385214805603,20170629CH_Exp6_ZFPtm1a_M23
lesion,axis0_+6mm,encoder_level1,0.36361443996429443,0.932432234287262,20170629CH_Exp6_ZFPtm1a_M23
lesion,axis0_+6mm,encoder_level2,0.3976505994796753,0.9175502061843872,20170629CH_Exp6_ZFPtm1a_M23
lesion,axis0_+6mm,encoder_level3,0.34536072611808777,0.9385441541671753,20170629CH_Exp6_ZFPtm1a_M23
lesion,axis0_+6mm,encoder_level4,0.21158725023269653,0.9775800704956055,20170629CH_Exp6_ZFPtm1a_M23
lesion,axis0_+6mm,canvas_level4,0.21158725023269653,0.9775800704956055,20170629CH_Exp6_ZFPtm1a_M23
lesion,axis0_+6mm,canvas_level3,0.3419383466243744,0.9402107000350952,20170629CH_Exp6_ZFPtm1a_M23
lesion,axis0_+6mm,canvas_level2,0.39447882771492004,0.9190993905067444,20170629CH_Exp6_ZFPtm1a_M23
lesion,axis0_+6mm,canvas_level1,0.36917638778686523,0.9300156235694885,20170629CH_Exp6_ZFPtm1a_M23
lesion,axis0_+6mm,canvas_level0,0.3933973014354706,0.9203509092330933,20170629CH_Exp6_ZFPtm1a_M23
lesion,axis0_+6mm,output_logits,0.3844377100467682,0.9231526851654053,20170629CH_Exp6_ZFPtm1a_M23
lesion,axis0_+6mm,query_mask_embedding,0.00862026959657669,0.9999634027481079,20170629CH_Exp6_ZFPtm1a_M23
lesion,axis1_+1mm,input,1.8596016388983116e-06,1.0,20170629CH_Exp6_ZFPtm1a_M23
lesion,axis1_+1mm,encoder_level0,1.9392758986214176e-05,1.0,20170629CH_Exp6_ZFPtm1a_M23
lesion,axis1_+1mm,encoder_level1,0.2148454338312149,0.9766629934310913,20170629CH_Exp6_ZFPtm1a_M23
lesion,axis1_+1mm,encoder_level2,0.21161848306655884,0.9773641228675842,20170629CH_Exp6_ZFPtm1a_M23
lesion,axis1_+1mm,encoder_level3,0.19668357074260712,0.9804738759994507,20170629CH_Exp6_ZFPtm1a_M23
lesion,axis1_+1mm,encoder_level4,0.13618604838848114,0.9909732341766357,20170629CH_Exp6_ZFPtm1a_M23
lesion,axis1_+1mm,canvas_level4,0.13618604838848114,0.9909732341766357,20170629CH_Exp6_ZFPtm1a_M23
lesion,axis1_+1mm,canvas_level3,0.27412182092666626,0.9617030620574951,20170629CH_Exp6_ZFPtm1a_M23
lesion,axis1_+1mm,canvas_level2,0.2878367304801941,0.9578030109405518,20170629CH_Exp6_ZFPtm1a_M23
lesion,axis1_+1mm,canvas_level1,0.23772655427455902,0.9713462591171265,20170629CH_Exp6_ZFPtm1a_M23
lesion,axis1_+1mm,canvas_level0,0.19293595850467682,0.9813116788864136,20170629CH_Exp6_ZFPtm1a_M23
lesion,axis1_+1mm,output_logits,0.10171274095773697,0.9948139190673828,20170629CH_Exp6_ZFPtm1a_M23
lesion,axis1_+1mm,query_mask_embedding,0.006336268037557602,0.9999800324440002,20170629CH_Exp6_ZFPtm1a_M23
lesion,axis1_+2mm,input,1.8596016388983116e-06,1.0,20170629CH_Exp6_ZFPtm1a_M23
lesion,axis1_+2mm,encoder_level0,0.04671435430645943,0.998908281326294,20170629CH_Exp6_ZFPtm1a_M23
lesion,axis1_+2mm,encoder_level1,0.1340273767709732,0.9909974932670593,20170629CH_Exp6_ZFPtm1a_M23
lesion,axis1_+2mm,encoder_level2,0.22985327243804932,0.9732385873794556,20170629CH_Exp6_ZFPtm1a_M23
lesion,axis1_+2mm,encoder_level3,0.20132622122764587,0.979548990726471,20170629CH_Exp6_ZFPtm1a_M23
lesion,axis1_+2mm,encoder_level4,0.16892758011817932,0.9858371019363403,20170629CH_Exp6_ZFPtm1a_M23
lesion,axis1_+2mm,canvas_level4,0.16892758011817932,0.9858371019363403,20170629CH_Exp6_ZFPtm1a_M23
lesion,axis1_+2mm,canvas_level3,0.3016205132007599,0.9535639882087708,20170629CH_Exp6_ZFPtm1a_M23
lesion,axis1_+2mm,canvas_level2,0.33951041102409363,0.9407793283462524,20170629CH_Exp6_ZFPtm1a_M23
lesion,axis1_+2mm,canvas_level1,0.2521940767765045,0.9678006768226624,20170629CH_Exp6_ZFPtm1a_M23
lesion,axis1_+2mm,canvas_level0,0.22982285916805267,0.9733713865280151,20170629CH_Exp6_ZFPtm1a_M23
lesion,axis1_+2mm,output_logits,0.14251598715782166,0.9898570775985718,20170629CH_Exp6_ZFPtm1a_M23
lesion,axis1_+2mm,query_mask_embedding,0.024726862087845802,0.9997073411941528,20170629CH_Exp6_ZFPtm1a_M23
lesion,axis1_+4mm,input,1.8596016388983116e-06,1.0,20170629CH_Exp6_ZFPtm1a_M23
lesion,axis1_+4mm,encoder_level0,0.11442528665065765,0.9934318661689758,20170629CH_Exp6_ZFPtm1a_M23
lesion,axis1_+4mm,encoder_level1,0.2671912908554077,0.9636555314064026,20170629CH_Exp6_ZFPtm1a_M23
lesion,axis1_+4mm,encoder_level2,0.30952656269073486,0.9511473178863525,20170629CH_Exp6_ZFPtm1a_M23
lesion,axis1_+4mm,encoder_level3,0.24845179915428162,0.9687490463256836,20170629CH_Exp6_ZFPtm1a_M23
lesion,axis1_+4mm,encoder_level4,0.16796599328517914,0.9858337044715881,20170629CH_Exp6_ZFPtm1a_M23
lesion,axis1_+4mm,canvas_level4,0.16796599328517914,0.9858337044715881,20170629CH_Exp6_ZFPtm1a_M23
lesion,axis1_+4mm,canvas_level3,0.36806297302246094,0.9300467371940613,20170629CH_Exp6_ZFPtm1a_M23
lesion,axis1_+4mm,canvas_level2,0.3797932267189026,0.9260194897651672,20170629CH_Exp6_ZFPtm1a_M23
lesion,axis1_+4mm,canvas_level1,0.3030904531478882,0.9530127048492432,20170629CH_Exp6_ZFPtm1a_M23
lesion,axis1_+4mm,canvas_level0,0.3338257074356079,0.9428591132164001,20170629CH_Exp6_ZFPtm1a_M23
lesion,axis1_+4mm,output_logits,0.28445005416870117,0.9587290287017822,20170629CH_Exp6_ZFPtm1a_M23
lesion,axis1_+4mm,query_mask_embedding,0.007894247770309448,0.9999688863754272,20170629CH_Exp6_ZFPtm1a_M23
lesion,axis1_+6mm,input,0.30604884028434753,0.9520158767700195,20170629CH_Exp6_ZFPtm1a_M23
lesion,axis1_+6mm,encoder_level0,0.41478225588798523,0.9123101234436035,20170629CH_Exp6_ZFPtm1a_M23
lesion,axis1_+6mm,encoder_level1,0.4252988398075104,0.9058181047439575,20170629CH_Exp6_ZFPtm1a_M23
lesion,axis1_+6mm,encoder_level2,0.4443140923976898,0.8959646821022034,20170629CH_Exp6_ZFPtm1a_M23
lesion,axis1_+6mm,encoder_level3,0.3933572769165039,0.9195016026496887,20170629CH_Exp6_ZFPtm1a_M23
lesion,axis1_+6mm,encoder_level4,0.22776608169078827,0.9740852117538452,20170629CH_Exp6_ZFPtm1a_M23
lesion,axis1_+6mm,canvas_level4,0.22776608169078827,0.9740852117538452,20170629CH_Exp6_ZFPtm1a_M23
lesion,axis1_+6mm,canvas_level3,0.4766102731227875,0.8807621002197266,20170629CH_Exp6_ZFPtm1a_M23
lesion,axis1_+6mm,canvas_level2,0.4901111125946045,0.87267005443573,20170629CH_Exp6_ZFPtm1a_M23
lesion,axis1_+6mm,canvas_level1,0.4489979147911072,0.8947449922561646,20170629CH_Exp6_ZFPtm1a_M23
lesion,axis1_+6mm,canvas_level0,0.47986143827438354,0.879798412322998,20170629CH_Exp6_ZFPtm1a_M23
lesion,axis1_+6mm,output_logits,0.41983920335769653,0.9076095819473267,20170629CH_Exp6_ZFPtm1a_M23
lesion,axis1_+6mm,query_mask_embedding,0.008660119958221912,0.9999632239341736,20170629CH_Exp6_ZFPtm1a_M23
lesion,axis2_+1mm,input,0.13982447981834412,0.9904173612594604,20170629CH_Exp6_ZFPtm1a_M23
lesion,axis2_+1mm,encoder_level0,0.43199577927589417,0.9021511077880859,20170629CH_Exp6_ZFPtm1a_M23
lesion,axis2_+1mm,encoder_level1,0.21356706321239471,0.9769589900970459,20170629CH_Exp6_ZFPtm1a_M23
lesion,axis2_+1mm,encoder_level2,0.22777177393436432,0.9737660884857178,20170629CH_Exp6_ZFPtm1a_M23
lesion,axis2_+1mm,encoder_level3,0.19845126569271088,0.9802049994468689,20170629CH_Exp6_ZFPtm1a_M23
lesion,axis2_+1mm,encoder_level4,0.3045676350593567,0.9531776905059814,20170629CH_Exp6_ZFPtm1a_M23
lesion,axis2_+1mm,canvas_level4,0.3045676350593567,0.9531776905059814,20170629CH_Exp6_ZFPtm1a_M23
lesion,axis2_+1mm,canvas_level3,0.32720816135406494,0.9457029104232788,20170629CH_Exp6_ZFPtm1a_M23
lesion,axis2_+1mm,canvas_level2,0.31033921241760254,0.9510870575904846,20170629CH_Exp6_ZFPtm1a_M23
lesion,axis2_+1mm,canvas_level1,0.25088760256767273,0.968191921710968,20170629CH_Exp6_ZFPtm1a_M23
lesion,axis2_+1mm,canvas_level0,0.21401573717594147,0.9769687652587891,20170629CH_Exp6_ZFPtm1a_M23
lesion,axis2_+1mm,output_logits,0.06712794303894043,0.9977933168411255,20170629CH_Exp6_ZFPtm1a_M23
lesion,axis2_+1mm,query_mask_embedding,0.031491171568632126,0.9995446801185608,20170629CH_Exp6_ZFPtm1a_M23
lesion,axis2_+2mm,input,2.0765012322954135e-06,1.0,20170629CH_Exp6_ZFPtm1a_M23
lesion,axis2_+2mm,encoder_level0,0.046714168041944504,0.9989083409309387,20170629CH_Exp6_ZFPtm1a_M23
lesion,axis2_+2mm,encoder_level1,0.3047682046890259,0.9524281024932861,20170629CH_Exp6_ZFPtm1a_M23
lesion,axis2_+2mm,encoder_level2,0.2679568827152252,0.9634478688240051,20170629CH_Exp6_ZFPtm1a_M23
lesion,axis2_+2mm,encoder_level3,0.17964383959770203,0.9837417602539062,20170629CH_Exp6_ZFPtm1a_M23
lesion,axis2_+2mm,encoder_level4,0.17673009634017944,0.9842674732208252,20170629CH_Exp6_ZFPtm1a_M23
lesion,axis2_+2mm,canvas_level4,0.17673009634017944,0.9842674732208252,20170629CH_Exp6_ZFPtm1a_M23
lesion,axis2_+2mm,canvas_level3,0.3118777871131897,0.9503525495529175,20170629CH_Exp6_ZFPtm1a_M23
lesion,axis2_+2mm,canvas_level2,0.3361430764198303,0.9420247673988342,20170629CH_Exp6_ZFPtm1a_M23
lesion,axis2_+2mm,canvas_level1,0.2894229590892792,0.9572654366493225,20170629CH_Exp6_ZFPtm1a_M23
lesion,axis2_+2mm,canvas_level0,0.20151251554489136,0.9795341491699219,20170629CH_Exp6_ZFPtm1a_M23
lesion,axis2_+2mm,output_logits,0.12448953092098236,0.9922689199447632,20170629CH_Exp6_ZFPtm1a_M23
lesion,axis2_+2mm,query_mask_embedding,0.02029225416481495,0.9998072385787964,20170629CH_Exp6_ZFPtm1a_M23
lesion,axis2_+4mm,input,2.328921254957095e-06,1.0,20170629CH_Exp6_ZFPtm1a_M23
lesion,axis2_+4mm,encoder_level0,0.11442521214485168,0.9934319853782654,20170629CH_Exp6_ZFPtm1a_M23
lesion,axis2_+4mm,encoder_level1,0.25905877351760864,0.9658638834953308,20170629CH_Exp6_ZFPtm1a_M23
lesion,axis2_+4mm,encoder_level2,0.3822006583213806,0.924080491065979,20170629CH_Exp6_ZFPtm1a_M23
lesion,axis2_+4mm,encoder_level3,0.3488365113735199,0.9372192621231079,20170629CH_Exp6_ZFPtm1a_M23
lesion,axis2_+4mm,encoder_level4,0.22921964526176453,0.9734411239624023,20170629CH_Exp6_ZFPtm1a_M23
lesion,axis2_+4mm,canvas_level4,0.22921964526176453,0.9734411239624023,20170629CH_Exp6_ZFPtm1a_M23
lesion,axis2_+4mm,canvas_level3,0.3767951428890228,0.9263076186180115,20170629CH_Exp6_ZFPtm1a_M23
lesion,axis2_+4mm,canvas_level2,0.38452839851379395,0.9231656789779663,20170629CH_Exp6_ZFPtm1a_M23
lesion,axis2_+4mm,canvas_level1,0.273093044757843,0.9620673060417175,20170629CH_Exp6_ZFPtm1a_M23
lesion,axis2_+4mm,canvas_level0,0.290382981300354,0.9570053815841675,20170629CH_Exp6_ZFPtm1a_M23
lesion,axis2_+4mm,output_logits,0.2682873606681824,0.9633464813232422,20170629CH_Exp6_ZFPtm1a_M23
lesion,axis2_+4mm,query_mask_embedding,0.004103739280253649,0.999991774559021,20170629CH_Exp6_ZFPtm1a_M23
lesion,axis2_+6mm,input,2.10631696972996e-06,1.0,20170629CH_Exp6_ZFPtm1a_M23
lesion,axis2_+6mm,encoder_level0,0.162820965051651,0.9866557121276855,20170629CH_Exp6_ZFPtm1a_M23
lesion,axis2_+6mm,encoder_level1,0.45519331097602844,0.8903971910476685,20170629CH_Exp6_ZFPtm1a_M23
lesion,axis2_+6mm,encoder_level2,0.4415246248245239,0.8972987532615662,20170629CH_Exp6_ZFPtm1a_M23
lesion,axis2_+6mm,encoder_level3,0.4816596806049347,0.8763666749000549,20170629CH_Exp6_ZFPtm1a_M23
lesion,axis2_+6mm,encoder_level4,0.3470146656036377,0.9379881620407104,20170629CH_Exp6_ZFPtm1a_M23
lesion,axis2_+6mm,canvas_level4,0.3470146656036377,0.9379881620407104,20170629CH_Exp6_ZFPtm1a_M23
lesion,axis2_+6mm,canvas_level3,0.4734151065349579,0.8810328841209412,20170629CH_Exp6_ZFPtm1a_M23
lesion,axis2_+6mm,canvas_level2,0.4328405559062958,0.9020724296569824,20170629CH_Exp6_ZFPtm1a_M23
lesion,axis2_+6mm,canvas_level1,0.37189918756484985,0.9283990859985352,20170629CH_Exp6_ZFPtm1a_M23
lesion,axis2_+6mm,canvas_level0,0.3803185224533081,0.9252266883850098,20170629CH_Exp6_ZFPtm1a_M23
lesion,axis2_+6mm,output_logits,0.38713520765304565,0.9220279455184937,20170629CH_Exp6_ZFPtm1a_M23
lesion,axis2_+6mm,query_mask_embedding,0.005839035380631685,0.999984622001648,20170629CH_Exp6_ZFPtm1a_M23
lesion,resampling_floor,input,1.9129952306684572e-06,1.0,20170629CH_Exp6_ZFPtm1a_M32
lesion,resampling_floor,encoder_level0,1.904311284306459e-05,1.0,20170629CH_Exp6_ZFPtm1a_M32
lesion,resampling_floor,encoder_level1,2.1595036741928197e-05,1.0,20170629CH_Exp6_ZFPtm1a_M32
lesion,resampling_floor,encoder_level2,2.2936195819056593e-05,0.9999999403953552,20170629CH_Exp6_ZFPtm1a_M32
lesion,resampling_floor,encoder_level3,6.865060981908755e-07,1.0,20170629CH_Exp6_ZFPtm1a_M32
lesion,resampling_floor,encoder_level4,4.662792434828589e-06,1.0,20170629CH_Exp6_ZFPtm1a_M32
lesion,resampling_floor,canvas_level4,4.662792434828589e-06,1.0,20170629CH_Exp6_ZFPtm1a_M32
lesion,resampling_floor,canvas_level3,7.43711570976302e-05,1.0,20170629CH_Exp6_ZFPtm1a_M32
lesion,resampling_floor,canvas_level2,0.00016522470104973763,0.9999999403953552,20170629CH_Exp6_ZFPtm1a_M32
lesion,resampling_floor,canvas_level1,0.0001811796973925084,1.0,20170629CH_Exp6_ZFPtm1a_M32
lesion,resampling_floor,canvas_level0,0.00022935186279937625,0.9999999403953552,20170629CH_Exp6_ZFPtm1a_M32
lesion,resampling_floor,output_logits,6.928187212906778e-05,1.0,20170629CH_Exp6_ZFPtm1a_M32
lesion,resampling_floor,query_mask_embedding,1.0479564025445143e-06,1.0,20170629CH_Exp6_ZFPtm1a_M32
lesion,axis0_+1mm,input,1.7843377690951456e-06,0.9999999403953552,20170629CH_Exp6_ZFPtm1a_M32
lesion,axis0_+1mm,encoder_level0,0.008301750756800175,0.9999698996543884,20170629CH_Exp6_ZFPtm1a_M32
lesion,axis0_+1mm,encoder_level1,0.20483580231666565,0.9787963628768921,20170629CH_Exp6_ZFPtm1a_M32
lesion,axis0_+1mm,encoder_level2,0.18989771604537964,0.9818042516708374,20170629CH_Exp6_ZFPtm1a_M32
lesion,axis0_+1mm,encoder_level3,0.17092448472976685,0.9852845668792725,20170629CH_Exp6_ZFPtm1a_M32
lesion,axis0_+1mm,encoder_level4,0.1602519452571869,0.9871543645858765,20170629CH_Exp6_ZFPtm1a_M32
lesion,axis0_+1mm,canvas_level4,0.1602519452571869,0.9871543645858765,20170629CH_Exp6_ZFPtm1a_M32
lesion,axis0_+1mm,canvas_level3,0.21403469145298004,0.9768275618553162,20170629CH_Exp6_ZFPtm1a_M32
lesion,axis0_+1mm,canvas_level2,0.2140311300754547,0.9768439531326294,20170629CH_Exp6_ZFPtm1a_M32
lesion,axis0_+1mm,canvas_level1,0.1810285896062851,0.9834952354431152,20170629CH_Exp6_ZFPtm1a_M32
lesion,axis0_+1mm,canvas_level0,0.11033184826374054,0.9939204454421997,20170629CH_Exp6_ZFPtm1a_M32
lesion,axis0_+1mm,output_logits,0.03716933727264404,0.9993177056312561,20170629CH_Exp6_ZFPtm1a_M32
lesion,axis0_+1mm,query_mask_embedding,0.01699802093207836,0.9998573064804077,20170629CH_Exp6_ZFPtm1a_M32
lesion,axis0_+2mm,input,1.8849478919946705e-06,1.0,20170629CH_Exp6_ZFPtm1a_M32
lesion,axis0_+2mm,encoder_level0,0.03987690806388855,0.9992300271987915,20170629CH_Exp6_ZFPtm1a_M32
lesion,axis0_+2mm,encoder_level1,0.09940354526042938,0.9951833486557007,20170629CH_Exp6_ZFPtm1a_M32
lesion,axis0_+2mm,encoder_level2,0.23203198611736298,0.9727175831794739,20170629CH_Exp6_ZFPtm1a_M32
lesion,axis0_+2mm,encoder_level3,0.16202601790428162,0.986789882183075,20170629CH_Exp6_ZFPtm1a_M32
lesion,axis0_+2mm,encoder_level4,0.18876712024211884,0.9820311069488525,20170629CH_Exp6_ZFPtm1a_M32
lesion,axis0_+2mm,canvas_level4,0.18876712024211884,0.9820311069488525,20170629CH_Exp6_ZFPtm1a_M32
lesion,axis0_+2mm,canvas_level3,0.22689244151115417,0.9739794135093689,20170629CH_Exp6_ZFPtm1a_M32
lesion,axis0_+2mm,canvas_level2,0.26189619302749634,0.9651073217391968,20170629CH_Exp6_ZFPtm1a_M32
lesion,axis0_+2mm,canvas_level1,0.16586123406887054,0.9862400889396667,20170629CH_Exp6_ZFPtm1a_M32
lesion,axis0_+2mm,canvas_level0,0.1411687284708023,0.9900802969932556,20170629CH_Exp6_ZFPtm1a_M32
lesion,axis0_+2mm,output_logits,0.04581837356090546,0.9989503622055054,20170629CH_Exp6_ZFPtm1a_M32
lesion,axis0_+2mm,query_mask_embedding,0.009394699707627296,0.9999563097953796,20170629CH_Exp6_ZFPtm1a_M32
lesion,axis0_+4mm,input,0.09344970434904099,0.9956238865852356,20170629CH_Exp6_ZFPtm1a_M32
lesion,axis0_+4mm,encoder_level0,0.162894144654274,0.9867355227470398,20170629CH_Exp6_ZFPtm1a_M32
lesion,axis0_+4mm,encoder_level1,0.2651837170124054,0.9645971059799194,20170629CH_Exp6_ZFPtm1a_M32
lesion,axis0_+4mm,encoder_level2,0.29391029477119446,0.9560851454734802,20170629CH_Exp6_ZFPtm1a_M32
lesion,axis0_+4mm,encoder_level3,0.219230055809021,0.9757716059684753,20170629CH_Exp6_ZFPtm1a_M32
lesion,axis0_+4mm,encoder_level4,0.1910162717103958,0.981597363948822,20170629CH_Exp6_ZFPtm1a_M32
lesion,axis0_+4mm,canvas_level4,0.1910162717103958,0.981597363948822,20170629CH_Exp6_ZFPtm1a_M32
lesion,axis0_+4mm,canvas_level3,0.28328055143356323,0.9592804312705994,20170629CH_Exp6_ZFPtm1a_M32
lesion,axis0_+4mm,canvas_level2,0.31009626388549805,0.9510575532913208,20170629CH_Exp6_ZFPtm1a_M32
lesion,axis0_+4mm,canvas_level1,0.28081315755844116,0.9599839448928833,20170629CH_Exp6_ZFPtm1a_M32
lesion,axis0_+4mm,canvas_level0,0.29018712043762207,0.9572967886924744,20170629CH_Exp6_ZFPtm1a_M32
lesion,axis0_+4mm,output_logits,0.27256137132644653,0.9621455669403076,20170629CH_Exp6_ZFPtm1a_M32
lesion,axis0_+4mm,query_mask_embedding,0.01193342823535204,0.9999299049377441,20170629CH_Exp6_ZFPtm1a_M32
lesion,axis0_+6mm,input,0.13206827640533447,0.9912405014038086,20170629CH_Exp6_ZFPtm1a_M32
lesion,axis0_+6mm,encoder_level0,0.22805681824684143,0.9738554954528809,20170629CH_Exp6_ZFPtm1a_M32
lesion,axis0_+6mm,encoder_level1,0.36363866925239563,0.9324190020561218,20170629CH_Exp6_ZFPtm1a_M32
lesion,axis0_+6mm,encoder_level2,0.39894771575927734,0.9169884324073792,20170629CH_Exp6_ZFPtm1a_M32
lesion,axis0_+6mm,encoder_level3,0.3461438715457916,0.9382585883140564,20170629CH_Exp6_ZFPtm1a_M32
lesion,axis0_+6mm,encoder_level4,0.2099999636411667,0.97786545753479,20170629CH_Exp6_ZFPtm1a_M32
lesion,axis0_+6mm,canvas_level4,0.2099999636411667,0.97786545753479,20170629CH_Exp6_ZFPtm1a_M32
lesion,axis0_+6mm,canvas_level3,0.33964142203330994,0.9409753084182739,20170629CH_Exp6_ZFPtm1a_M32
lesion,axis0_+6mm,canvas_level2,0.3972146213054657,0.917940616607666,20170629CH_Exp6_ZFPtm1a_M32
lesion,axis0_+6mm,canvas_level1,0.3739907443523407,0.9281939268112183,20170629CH_Exp6_ZFPtm1a_M32
lesion,axis0_+6mm,canvas_level0,0.3960137367248535,0.919303834438324,20170629CH_Exp6_ZFPtm1a_M32
lesion,axis0_+6mm,output_logits,0.38521599769592285,0.9228346347808838,20170629CH_Exp6_ZFPtm1a_M32
lesion,axis0_+6mm,query_mask_embedding,0.007463114336133003,0.9999724626541138,20170629CH_Exp6_ZFPtm1a_M32
lesion,axis1_+1mm,input,1.9129952306684572e-06,1.0,20170629CH_Exp6_ZFPtm1a_M32
lesion,axis1_+1mm,encoder_level0,1.9050850823987275e-05,1.0,20170629CH_Exp6_ZFPtm1a_M32
lesion,axis1_+1mm,encoder_level1,0.21435105800628662,0.9767700433731079,20170629CH_Exp6_ZFPtm1a_M32
lesion,axis1_+1mm,encoder_level2,0.2096107006072998,0.9777950048446655,20170629CH_Exp6_ZFPtm1a_M32
lesion,axis1_+1mm,encoder_level3,0.19377577304840088,0.9810521602630615,20170629CH_Exp6_ZFPtm1a_M32
lesion,axis1_+1mm,encoder_level4,0.13373447954654694,0.9912844896316528,20170629CH_Exp6_ZFPtm1a_M32
lesion,axis1_+1mm,canvas_level4,0.13373447954654694,0.9912844896316528,20170629CH_Exp6_ZFPtm1a_M32
lesion,axis1_+1mm,canvas_level3,0.26721498370170593,0.9636402130126953,20170629CH_Exp6_ZFPtm1a_M32
lesion,axis1_+1mm,canvas_level2,0.2853758931159973,0.9585466384887695,20170629CH_Exp6_ZFPtm1a_M32
lesion,axis1_+1mm,canvas_level1,0.2394123077392578,0.9709387421607971,20170629CH_Exp6_ZFPtm1a_M32
lesion,axis1_+1mm,canvas_level0,0.1920555830001831,0.9814814329147339,20170629CH_Exp6_ZFPtm1a_M32
lesion,axis1_+1mm,output_logits,0.09917467087507248,0.9950701594352722,20170629CH_Exp6_ZFPtm1a_M32
lesion,axis1_+1mm,query_mask_embedding,0.00578036904335022,0.9999833703041077,20170629CH_Exp6_ZFPtm1a_M32
lesion,axis1_+2mm,input,1.9129952306684572e-06,1.0,20170629CH_Exp6_ZFPtm1a_M32
lesion,axis1_+2mm,encoder_level0,0.046837061643600464,0.9989025592803955,20170629CH_Exp6_ZFPtm1a_M32
lesion,axis1_+2mm,encoder_level1,0.1340479701757431,0.9909943342208862,20170629CH_Exp6_ZFPtm1a_M32
lesion,axis1_+2mm,encoder_level2,0.22902347147464752,0.9734331369400024,20170629CH_Exp6_ZFPtm1a_M32
lesion,axis1_+2mm,encoder_level3,0.19807444512844086,0.9802082180976868,20170629CH_Exp6_ZFPtm1a_M32
lesion,axis1_+2mm,encoder_level4,0.17105600237846375,0.9853973388671875,20170629CH_Exp6_ZFPtm1a_M32
lesion,axis1_+2mm,canvas_level4,0.17105600237846375,0.9853973388671875,20170629CH_Exp6_ZFPtm1a_M32
lesion,axis1_+2mm,canvas_level3,0.29443246126174927,0.9558010101318359,20170629CH_Exp6_ZFPtm1a_M32
lesion,axis1_+2mm,canvas_level2,0.33082425594329834,0.9438694715499878,20170629CH_Exp6_ZFPtm1a_M32
lesion,axis1_+2mm,canvas_level1,0.24105341732501984,0.9706181287765503,20170629CH_Exp6_ZFPtm1a_M32
lesion,axis1_+2mm,canvas_level0,0.2226637750864029,0.9750068783760071,20170629CH_Exp6_ZFPtm1a_M32
lesion,axis1_+2mm,output_logits,0.13725008070468903,0.9905762672424316,20170629CH_Exp6_ZFPtm1a_M32
lesion,axis1_+2mm,query_mask_embedding,0.021419918164610863,0.999774694442749,20170629CH_Exp6_ZFPtm1a_M32
lesion,axis1_+4mm,input,1.9129952306684572e-06,1.0,20170629CH_Exp6_ZFPtm1a_M32
lesion,axis1_+4mm,encoder_level0,0.1147259846329689,0.9933972358703613,20170629CH_Exp6_ZFPtm1a_M32
lesion,axis1_+4mm,encoder_level1,0.26756203174591064,0.9635525941848755,20170629CH_Exp6_ZFPtm1a_M32
lesion,axis1_+4mm,encoder_level2,0.30809035897254944,0.9516043663024902,20170629CH_Exp6_ZFPtm1a_M32
lesion,axis1_+4mm,encoder_level3,0.2467019408941269,0.9691992402076721,20170629CH_Exp6_ZFPtm1a_M32
lesion,axis1_+4mm,encoder_level4,0.1670798659324646,0.9859867691993713,20170629CH_Exp6_ZFPtm1a_M32
lesion,axis1_+4mm,canvas_level4,0.1670798659324646,0.9859867691993713,20170629CH_Exp6_ZFPtm1a_M32
lesion,axis1_+4mm,canvas_level3,0.36010175943374634,0.9331026673316956,20170629CH_Exp6_ZFPtm1a_M32
lesion,axis1_+4mm,canvas_level2,0.37522685527801514,0.9278844594955444,20170629CH_Exp6_ZFPtm1a_M32
lesion,axis1_+4mm,canvas_level1,0.29980096220970154,0.9540541172027588,20170629CH_Exp6_ZFPtm1a_M32
lesion,axis1_+4mm,canvas_level0,0.3309079706668854,0.9438742995262146,20170629CH_Exp6_ZFPtm1a_M32
lesion,axis1_+4mm,output_logits,0.28092363476753235,0.959794282913208,20170629CH_Exp6_ZFPtm1a_M32
lesion,axis1_+4mm,query_mask_embedding,0.01057870127260685,0.9999451637268066,20170629CH_Exp6_ZFPtm1a_M32
lesion,axis1_+6mm,input,0.28190287947654724,0.9594428539276123,20170629CH_Exp6_ZFPtm1a_M32
lesion,axis1_+6mm,encoder_level0,0.3887343406677246,0.9230744242668152,20170629CH_Exp6_ZFPtm1a_M32
lesion,axis1_+6mm,encoder_level1,0.42055046558380127,0.907955527305603,20170629CH_Exp6_ZFPtm1a_M32
lesion,axis1_+6mm,encoder_level2,0.44206690788269043,0.897066056728363,20170629CH_Exp6_ZFPtm1a_M32
lesion,axis1_+6mm,encoder_level3,0.39250198006629944,0.919876217842102,20170629CH_Exp6_ZFPtm1a_M32
lesion,axis1_+6mm,encoder_level4,0.2330394834280014,0.9728955030441284,20170629CH_Exp6_ZFPtm1a_M32
lesion,axis1_+6mm,canvas_level4,0.2330394834280014,0.9728955030441284,20170629CH_Exp6_ZFPtm1a_M32
lesion,axis1_+6mm,canvas_level3,0.4669668972492218,0.885715126991272,20170629CH_Exp6_ZFPtm1a_M32
lesion,axis1_+6mm,canvas_level2,0.4845031797885895,0.8757918477058411,20170629CH_Exp6_ZFPtm1a_M32
lesion,axis1_+6mm,canvas_level1,0.44322723150253296,0.8975592851638794,20170629CH_Exp6_ZFPtm1a_M32
lesion,axis1_+6mm,canvas_level0,0.47250598669052124,0.8835504055023193,20170629CH_Exp6_ZFPtm1a_M32
lesion,axis1_+6mm,output_logits,0.4172482490539551,0.9088078737258911,20170629CH_Exp6_ZFPtm1a_M32
lesion,axis1_+6mm,query_mask_embedding,0.010450681671500206,0.9999470710754395,20170629CH_Exp6_ZFPtm1a_M32
lesion,axis2_+1mm,input,0.14768533408641815,0.9893094897270203,20170629CH_Exp6_ZFPtm1a_M32
lesion,axis2_+1mm,encoder_level0,0.4375717341899872,0.8994812965393066,20170629CH_Exp6_ZFPtm1a_M32
lesion,axis2_+1mm,encoder_level1,0.2184944897890091,0.9758651256561279,20170629CH_Exp6_ZFPtm1a_M32
lesion,axis2_+1mm,encoder_level2,0.22735793888568878,0.973857045173645,20170629CH_Exp6_ZFPtm1a_M32
lesion,axis2_+1mm,encoder_level3,0.20204633474349976,0.9794818758964539,20170629CH_Exp6_ZFPtm1a_M32
lesion,axis2_+1mm,encoder_level4,0.3016665577888489,0.9541250467300415,20170629CH_Exp6_ZFPtm1a_M32
lesion,axis2_+1mm,canvas_level4,0.3016665577888489,0.9541250467300415,20170629CH_Exp6_ZFPtm1a_M32
lesion,axis2_+1mm,canvas_level3,0.3217056095600128,0.9474824070930481,20170629CH_Exp6_ZFPtm1a_M32
lesion,axis2_+1mm,canvas_level2,0.31222113966941833,0.9504677653312683,20170629CH_Exp6_ZFPtm1a_M32
lesion,axis2_+1mm,canvas_level1,0.25928306579589844,0.9660278558731079,20170629CH_Exp6_ZFPtm1a_M32
lesion,axis2_+1mm,canvas_level0,0.22201871871948242,0.9752079248428345,20170629CH_Exp6_ZFPtm1a_M32
lesion,axis2_+1mm,output_logits,0.06661424040794373,0.9977928400039673,20170629CH_Exp6_ZFPtm1a_M32
lesion,axis2_+1mm,query_mask_embedding,0.02574899047613144,0.9996854066848755,20170629CH_Exp6_ZFPtm1a_M32
lesion,axis2_+2mm,input,2.1622633994411444e-06,0.9999999403953552,20170629CH_Exp6_ZFPtm1a_M32
lesion,axis2_+2mm,encoder_level0,0.04683690145611763,0.998902440071106,20170629CH_Exp6_ZFPtm1a_M32
lesion,axis2_+2mm,encoder_level1,0.31016847491264343,0.9506818652153015,20170629CH_Exp6_ZFPtm1a_M32
lesion,axis2_+2mm,encoder_level2,0.2697974145412445,0.9629333019256592,20170629CH_Exp6_ZFPtm1a_M32
lesion,axis2_+2mm,encoder_level3,0.17830602824687958,0.983984649181366,20170629CH_Exp6_ZFPtm1a_M32
lesion,axis2_+2mm,encoder_level4,0.18940609693527222,0.9818992614746094,20170629CH_Exp6_ZFPtm1a_M32
lesion,axis2_+2mm,canvas_level4,0.18940609693527222,0.9818992614746094,20170629CH_Exp6_ZFPtm1a_M32
lesion,axis2_+2mm,canvas_level3,0.30781033635139465,0.9516340494155884,20170629CH_Exp6_ZFPtm1a_M32
lesion,axis2_+2mm,canvas_level2,0.33607617020606995,0.9420832395553589,20170629CH_Exp6_ZFPtm1a_M32
lesion,axis2_+2mm,canvas_level1,0.2938193380832672,0.9559482336044312,20170629CH_Exp6_ZFPtm1a_M32
lesion,axis2_+2mm,canvas_level0,0.20533517003059387,0.9787477254867554,20170629CH_Exp6_ZFPtm1a_M32
lesion,axis2_+2mm,output_logits,0.1228492483496666,0.9924473762512207,20170629CH_Exp6_ZFPtm1a_M32
lesion,axis2_+2mm,query_mask_embedding,0.018013296648859978,0.9998425245285034,20170629CH_Exp6_ZFPtm1a_M32
lesion,axis2_+4mm,input,2.3382717699860223e-06,1.0,20170629CH_Exp6_ZFPtm1a_M32
lesion,axis2_+4mm,encoder_level0,0.11472592502832413,0.9933971166610718,20170629CH_Exp6_ZFPtm1a_M32
lesion,axis2_+4mm,encoder_level1,0.2594786584377289,0.965751051902771,20170629CH_Exp6_ZFPtm1a_M32
lesion,axis2_+4mm,encoder_level2,0.3847154974937439,0.9230363368988037,20170629CH_Exp6_ZFPtm1a_M32
lesion,axis2_+4mm,encoder_level3,0.3491489887237549,0.9371011257171631,20170629CH_Exp6_ZFPtm1a_M32
lesion,axis2_+4mm,encoder_level4,0.22657248377799988,0.9740642309188843,20170629CH_Exp6_ZFPtm1a_M32
lesion,axis2_+4mm,canvas_level4,0.22657248377799988,0.9740642309188843,20170629CH_Exp6_ZFPtm1a_M32
lesion,axis2_+4mm,canvas_level3,0.37303292751312256,0.927819013595581,20170629CH_Exp6_ZFPtm1a_M32
lesion,axis2_+4mm,canvas_level2,0.38687488436698914,0.922193169593811,20170629CH_Exp6_ZFPtm1a_M32
lesion,axis2_+4mm,canvas_level1,0.27592170238494873,0.9612613916397095,20170629CH_Exp6_ZFPtm1a_M32
lesion,axis2_+4mm,canvas_level0,0.290505051612854,0.9569697380065918,20170629CH_Exp6_ZFPtm1a_M32
lesion,axis2_+4mm,output_logits,0.2642529010772705,0.964475691318512,20170629CH_Exp6_ZFPtm1a_M32
lesion,axis2_+4mm,query_mask_embedding,0.015572221018373966,0.9998812675476074,20170629CH_Exp6_ZFPtm1a_M32
lesion,axis2_+6mm,input,2.216986331404769e-06,0.9999998807907104,20170629CH_Exp6_ZFPtm1a_M32
lesion,axis2_+6mm,encoder_level0,0.16264623403549194,0.9866845607757568,20170629CH_Exp6_ZFPtm1a_M32
lesion,axis2_+6mm,encoder_level1,0.4588634669780731,0.8885143995285034,20170629CH_Exp6_ZFPtm1a_M32
lesion,axis2_+6mm,encoder_level2,0.4421357214450836,0.8969907164573669,20170629CH_Exp6_ZFPtm1a_M32
lesion,axis2_+6mm,encoder_level3,0.48239555954933167,0.8759609460830688,20170629CH_Exp6_ZFPtm1a_M32
lesion,axis2_+6mm,encoder_level4,0.3453333079814911,0.9386550784111023,20170629CH_Exp6_ZFPtm1a_M32
lesion,axis2_+6mm,canvas_level4,0.3453333079814911,0.9386550784111023,20170629CH_Exp6_ZFPtm1a_M32
lesion,axis2_+6mm,canvas_level3,0.4668295085430145,0.8844509124755859,20170629CH_Exp6_ZFPtm1a_M32
lesion,axis2_+6mm,canvas_level2,0.43071088194847107,0.9030129909515381,20170629CH_Exp6_ZFPtm1a_M32
lesion,axis2_+6mm,canvas_level1,0.3733457028865814,0.9278234243392944,20170629CH_Exp6_ZFPtm1a_M32
lesion,axis2_+6mm,canvas_level0,0.37974292039871216,0.9254747629165649,20170629CH_Exp6_ZFPtm1a_M32
lesion,axis2_+6mm,output_logits,0.38298964500427246,0.9237552285194397,20170629CH_Exp6_ZFPtm1a_M32
lesion,axis2_+6mm,query_mask_embedding,0.011318763718008995,0.9999386668205261,20170629CH_Exp6_ZFPtm1a_M32
lesion,resampling_floor,input,1.7508957625977928e-06,1.0000001192092896,20170712CH_Exp7_ZFPtm1a_M06
lesion,resampling_floor,encoder_level0,1.942502240126487e-05,1.0,20170712CH_Exp7_ZFPtm1a_M06
lesion,resampling_floor,encoder_level1,1.9774957763729617e-05,1.0,20170712CH_Exp7_ZFPtm1a_M06
lesion,resampling_floor,encoder_level2,2.265203875140287e-05,1.0,20170712CH_Exp7_ZFPtm1a_M06
lesion,resampling_floor,encoder_level3,5.93691027006571e-07,1.0,20170712CH_Exp7_ZFPtm1a_M06
lesion,resampling_floor,encoder_level4,3.920585641026264e-06,1.0,20170712CH_Exp7_ZFPtm1a_M06
lesion,resampling_floor,canvas_level4,3.920585641026264e-06,1.0,20170712CH_Exp7_ZFPtm1a_M06
lesion,resampling_floor,canvas_level3,7.12169348844327e-05,1.0,20170712CH_Exp7_ZFPtm1a_M06
lesion,resampling_floor,canvas_level2,0.00016064093506429344,0.9999998807907104,20170712CH_Exp7_ZFPtm1a_M06
lesion,resampling_floor,canvas_level1,0.00017029423906933516,1.0,20170712CH_Exp7_ZFPtm1a_M06
lesion,resampling_floor,canvas_level0,0.0002269720280310139,0.9999999403953552,20170712CH_Exp7_ZFPtm1a_M06
lesion,resampling_floor,output_logits,6.855920219095424e-05,1.0,20170712CH_Exp7_ZFPtm1a_M06
lesion,resampling_floor,query_mask_embedding,1.6426720321760513e-06,1.0,20170712CH_Exp7_ZFPtm1a_M06
lesion,axis0_+1mm,input,1.6407631164838676e-06,1.0000001192092896,20170712CH_Exp7_ZFPtm1a_M06
lesion,axis0_+1mm,encoder_level0,0.008615991100668907,0.9999675750732422,20170712CH_Exp7_ZFPtm1a_M06
lesion,axis0_+1mm,encoder_level1,0.18708845973014832,0.9823448657989502,20170712CH_Exp7_ZFPtm1a_M06
lesion,axis0_+1mm,encoder_level2,0.18227586150169373,0.9832476377487183,20170712CH_Exp7_ZFPtm1a_M06
lesion,axis0_+1mm,encoder_level3,0.1673039048910141,0.9859053492546082,20170712CH_Exp7_ZFPtm1a_M06
lesion,axis0_+1mm,encoder_level4,0.16835102438926697,0.9858903884887695,20170712CH_Exp7_ZFPtm1a_M06
lesion,axis0_+1mm,canvas_level4,0.16835102438926697,0.9858903884887695,20170712CH_Exp7_ZFPtm1a_M06
lesion,axis0_+1mm,canvas_level3,0.2122192084789276,0.9772223830223083,20170712CH_Exp7_ZFPtm1a_M06
lesion,axis0_+1mm,canvas_level2,0.20569252967834473,0.9786168336868286,20170712CH_Exp7_ZFPtm1a_M06
lesion,axis0_+1mm,canvas_level1,0.15918074548244476,0.98725825548172,20170712CH_Exp7_ZFPtm1a_M06
lesion,axis0_+1mm,canvas_level0,0.09406990557909012,0.9955782294273376,20170712CH_Exp7_ZFPtm1a_M06
lesion,axis0_+1mm,output_logits,0.032069191336631775,0.9994856119155884,20170712CH_Exp7_ZFPtm1a_M06
lesion,axis0_+1mm,query_mask_embedding,0.006405002437531948,0.9999794960021973,20170712CH_Exp7_ZFPtm1a_M06
lesion,axis0_+2mm,input,1.6892032590476447e-06,1.0000001192092896,20170712CH_Exp7_ZFPtm1a_M06
lesion,axis0_+2mm,encoder_level0,0.04276662319898605,0.9991145133972168,20170712CH_Exp7_ZFPtm1a_M06
lesion,axis0_+2mm,encoder_level1,0.0993824228644371,0.995179295539856,20170712CH_Exp7_ZFPtm1a_M06
lesion,axis0_+2mm,encoder_level2,0.223855122923851,0.9746408462524414,20170712CH_Exp7_ZFPtm1a_M06
lesion,axis0_+2mm,encoder_level3,0.1582932323217392,0.9873934984207153,20170712CH_Exp7_ZFPtm1a_M06
lesion,axis0_+2mm,encoder_level4,0.18529050052165985,0.9827322959899902,20170712CH_Exp7_ZFPtm1a_M06
lesion,axis0_+2mm,canvas_level4,0.18529050052165985,0.9827322959899902,20170712CH_Exp7_ZFPtm1a_M06
lesion,axis0_+2mm,canvas_level3,0.23136208951473236,0.9729642868041992,20170712CH_Exp7_ZFPtm1a_M06
lesion,axis0_+2mm,canvas_level2,0.2572232186794281,0.9663540124893188,20170712CH_Exp7_ZFPtm1a_M06
lesion,axis0_+2mm,canvas_level1,0.1557375192642212,0.9878525137901306,20170712CH_Exp7_ZFPtm1a_M06
lesion,axis0_+2mm,canvas_level0,0.1345338225364685,0.9909799098968506,20170712CH_Exp7_ZFPtm1a_M06
lesion,axis0_+2mm,output_logits,0.04345449432730675,0.999062716960907,20170712CH_Exp7_ZFPtm1a_M06
lesion,axis0_+2mm,query_mask_embedding,0.02655109018087387,0.9996548295021057,20170712CH_Exp7_ZFPtm1a_M06
lesion,axis0_+4mm,input,0.0961642637848854,0.9953655004501343,20170712CH_Exp7_ZFPtm1a_M06
lesion,axis0_+4mm,encoder_level0,0.16248434782028198,0.9868144989013672,20170712CH_Exp7_ZFPtm1a_M06
lesion,axis0_+4mm,encoder_level1,0.26381129026412964,0.9649639129638672,20170712CH_Exp7_ZFPtm1a_M06
lesion,axis0_+4mm,encoder_level2,0.296135276556015,0.9554198980331421,20170712CH_Exp7_ZFPtm1a_M06
lesion,axis0_+4mm,encoder_level3,0.21767562627792358,0.9761328101158142,20170712CH_Exp7_ZFPtm1a_M06
lesion,axis0_+4mm,encoder_level4,0.19796018302440643,0.9802206754684448,20170712CH_Exp7_ZFPtm1a_M06
lesion,axis0_+4mm,canvas_level4,0.19796018302440643,0.9802206754684448,20170712CH_Exp7_ZFPtm1a_M06
lesion,axis0_+4mm,canvas_level3,0.28654202818870544,0.9583384394645691,20170712CH_Exp7_ZFPtm1a_M06
lesion,axis0_+4mm,canvas_level2,0.3090738356113434,0.9513775110244751,20170712CH_Exp7_ZFPtm1a_M06
lesion,axis0_+4mm,canvas_level1,0.27316999435424805,0.9621973037719727,20170712CH_Exp7_ZFPtm1a_M06
lesion,axis0_+4mm,canvas_level0,0.28886502981185913,0.9576783180236816,20170712CH_Exp7_ZFPtm1a_M06
lesion,axis0_+4mm,output_logits,0.27067264914512634,0.9626766443252563,20170712CH_Exp7_ZFPtm1a_M06
lesion,axis0_+4mm,query_mask_embedding,0.004891443066298962,0.9999881982803345,20170712CH_Exp7_ZFPtm1a_M06
lesion,axis0_+6mm,input,0.13570789992809296,0.9907488822937012,20170712CH_Exp7_ZFPtm1a_M06
lesion,axis0_+6mm,encoder_level0,0.22674287855625153,0.9741831421852112,20170712CH_Exp7_ZFPtm1a_M06
lesion,axis0_+6mm,encoder_level1,0.3615185618400574,0.9332269430160522,20170712CH_Exp7_ZFPtm1a_M06
lesion,axis0_+6mm,encoder_level2,0.39339330792427063,0.919373631477356,20170712CH_Exp7_ZFPtm1a_M06
lesion,axis0_+6mm,encoder_level3,0.34505629539489746,0.9386672377586365,20170712CH_Exp7_ZFPtm1a_M06
lesion,axis0_+6mm,encoder_level4,0.20928487181663513,0.9779861569404602,20170712CH_Exp7_ZFPtm1a_M06
lesion,axis0_+6mm,canvas_level4,0.20928487181663513,0.9779861569404602,20170712CH_Exp7_ZFPtm1a_M06
lesion,axis0_+6mm,canvas_level3,0.3462252914905548,0.9387518167495728,20170712CH_Exp7_ZFPtm1a_M06
lesion,axis0_+6mm,canvas_level2,0.38969677686691284,0.9210761785507202,20170712CH_Exp7_ZFPtm1a_M06
lesion,axis0_+6mm,canvas_level1,0.3637392520904541,0.9321067929267883,20170712CH_Exp7_ZFPtm1a_M06
lesion,axis0_+6mm,canvas_level0,0.3936668634414673,0.9202022552490234,20170712CH_Exp7_ZFPtm1a_M06
lesion,axis0_+6mm,output_logits,0.38208553194999695,0.9241277575492859,20170712CH_Exp7_ZFPtm1a_M06
lesion,axis0_+6mm,query_mask_embedding,0.0071741328574717045,0.9999744296073914,20170712CH_Exp7_ZFPtm1a_M06
lesion,axis1_+1mm,input,1.7508957625977928e-06,1.0000001192092896,20170712CH_Exp7_ZFPtm1a_M06
lesion,axis1_+1mm,encoder_level0,1.9438082745182328e-05,0.9999999403953552,20170712CH_Exp7_ZFPtm1a_M06
lesion,axis1_+1mm,encoder_level1,0.21448087692260742,0.976745069026947,20170712CH_Exp7_ZFPtm1a_M06
lesion,axis1_+1mm,encoder_level2,0.2066805362701416,0.9784146547317505,20170712CH_Exp7_ZFPtm1a_M06
lesion,axis1_+1mm,encoder_level3,0.20191630721092224,0.9794111251831055,20170712CH_Exp7_ZFPtm1a_M06
lesion,axis1_+1mm,encoder_level4,0.1480305790901184,0.9892022609710693,20170712CH_Exp7_ZFPtm1a_M06
lesion,axis1_+1mm,canvas_level4,0.1480305790901184,0.9892022609710693,20170712CH_Exp7_ZFPtm1a_M06
lesion,axis1_+1mm,canvas_level3,0.2865784466266632,0.9581326246261597,20170712CH_Exp7_ZFPtm1a_M06
lesion,axis1_+1mm,canvas_level2,0.2970811128616333,0.9550336003303528,20170712CH_Exp7_ZFPtm1a_M06
lesion,axis1_+1mm,canvas_level1,0.2400408387184143,0.9707836508750916,20170712CH_Exp7_ZFPtm1a_M06
lesion,axis1_+1mm,canvas_level0,0.19620956480503082,0.9806724786758423,20170712CH_Exp7_ZFPtm1a_M06
lesion,axis1_+1mm,output_logits,0.10568489879369736,0.9944079518318176,20170712CH_Exp7_ZFPtm1a_M06
lesion,axis1_+1mm,query_mask_embedding,0.0035048737190663815,0.9999945163726807,20170712CH_Exp7_ZFPtm1a_M06
lesion,axis1_+2mm,input,1.7508957625977928e-06,1.0000001192092896,20170712CH_Exp7_ZFPtm1a_M06
lesion,axis1_+2mm,encoder_level0,0.0463390089571476,0.9989257454872131,20170712CH_Exp7_ZFPtm1a_M06
lesion,axis1_+2mm,encoder_level1,0.13223591446876526,0.9912362694740295,20170712CH_Exp7_ZFPtm1a_M06
lesion,axis1_+2mm,encoder_level2,0.22525759041309357,0.9743219017982483,20170712CH_Exp7_ZFPtm1a_M06
lesion,axis1_+2mm,encoder_level3,0.20134127140045166,0.9795418977737427,20170712CH_Exp7_ZFPtm1a_M06
lesion,axis1_+2mm,encoder_level4,0.176630437374115,0.9844458103179932,20170712CH_Exp7_ZFPtm1a_M06
lesion,axis1_+2mm,canvas_level4,0.176630437374115,0.9844458103179932,20170712CH_Exp7_ZFPtm1a_M06
lesion,axis1_+2mm,canvas_level3,0.3069250285625458,0.95200115442276,20170712CH_Exp7_ZFPtm1a_M06
lesion,axis1_+2mm,canvas_level2,0.3417152464389801,0.9400036334991455,20170712CH_Exp7_ZFPtm1a_M06
lesion,axis1_+2mm,canvas_level1,0.24472245573997498,0.9696967601776123,20170712CH_Exp7_ZFPtm1a_M06
lesion,axis1_+2mm,canvas_level0,0.22405202686786652,0.9746999740600586,20170712CH_Exp7_ZFPtm1a_M06
lesion,axis1_+2mm,output_logits,0.1436387151479721,0.9896391034126282,20170712CH_Exp7_ZFPtm1a_M06
lesion,axis1_+2mm,query_mask_embedding,0.00604524789378047,0.9999818801879883,20170712CH_Exp7_ZFPtm1a_M06
lesion,axis1_+4mm,input,1.7508957625977928e-06,1.0000001192092896,20170712CH_Exp7_ZFPtm1a_M06
lesion,axis1_+4mm,encoder_level0,0.11350589990615845,0.9935373067855835,20170712CH_Exp7_ZFPtm1a_M06
lesion,axis1_+4mm,encoder_level1,0.26454949378967285,0.9643824696540833,20170712CH_Exp7_ZFPtm1a_M06
lesion,axis1_+4mm,encoder_level2,0.3070130944252014,0.9519309997558594,20170712CH_Exp7_ZFPtm1a_M06
lesion,axis1_+4mm,encoder_level3,0.2527752220630646,0.9676262736320496,20170712CH_Exp7_ZFPtm1a_M06
lesion,axis1_+4mm,encoder_level4,0.16624587774276733,0.9860854744911194,20170712CH_Exp7_ZFPtm1a_M06
lesion,axis1_+4mm,canvas_level4,0.16624587774276733,0.9860854744911194,20170712CH_Exp7_ZFPtm1a_M06
lesion,axis1_+4mm,canvas_level3,0.36814406514167786,0.9301857352256775,20170712CH_Exp7_ZFPtm1a_M06
lesion,axis1_+4mm,canvas_level2,0.38229477405548096,0.9251307249069214,20170712CH_Exp7_ZFPtm1a_M06
lesion,axis1_+4mm,canvas_level1,0.3032356798648834,0.9529757499694824,20170712CH_Exp7_ZFPtm1a_M06
lesion,axis1_+4mm,canvas_level0,0.3363396227359772,0.9419880509376526,20170712CH_Exp7_ZFPtm1a_M06
lesion,axis1_+4mm,output_logits,0.28519901633262634,0.9585497379302979,20170712CH_Exp7_ZFPtm1a_M06
lesion,axis1_+4mm,query_mask_embedding,0.012994908727705479,0.9999179840087891,20170712CH_Exp7_ZFPtm1a_M06
lesion,axis1_+6mm,input,0.16354699432849884,0.9865356087684631,20170712CH_Exp7_ZFPtm1a_M06
lesion,axis1_+6mm,encoder_level0,0.2903113067150116,0.9572489261627197,20170712CH_Exp7_ZFPtm1a_M06
lesion,axis1_+6mm,encoder_level1,0.4134741723537445,0.9111329317092896,20170712CH_Exp7_ZFPtm1a_M06
lesion,axis1_+6mm,encoder_level2,0.42968788743019104,0.9029903411865234,20170712CH_Exp7_ZFPtm1a_M06
lesion,axis1_+6mm,encoder_level3,0.3949195444583893,0.918836236000061,20170712CH_Exp7_ZFPtm1a_M06
lesion,axis1_+6mm,encoder_level4,0.2255779504776001,0.9746631979942322,20170712CH_Exp7_ZFPtm1a_M06
lesion,axis1_+6mm,canvas_level4,0.2255779504776001,0.9746631979942322,20170712CH_Exp7_ZFPtm1a_M06
lesion,axis1_+6mm,canvas_level3,0.44552353024482727,0.8965703248977661,20170712CH_Exp7_ZFPtm1a_M06
lesion,axis1_+6mm,canvas_level2,0.4623878598213196,0.887328028678894,20170712CH_Exp7_ZFPtm1a_M06
lesion,axis1_+6mm,canvas_level1,0.4165237843990326,0.9098789691925049,20170712CH_Exp7_ZFPtm1a_M06
lesion,axis1_+6mm,canvas_level0,0.4499970078468323,0.8945184350013733,20170712CH_Exp7_ZFPtm1a_M06
lesion,axis1_+6mm,output_logits,0.4092911183834076,0.9124058485031128,20170712CH_Exp7_ZFPtm1a_M06
lesion,axis1_+6mm,query_mask_embedding,0.010584678500890732,0.9999439716339111,20170712CH_Exp7_ZFPtm1a_M06
lesion,axis2_+1mm,input,0.13784000277519226,0.9906772375106812,20170712CH_Exp7_ZFPtm1a_M06
lesion,axis2_+1mm,encoder_level0,0.43138566613197327,0.9023820161819458,20170712CH_Exp7_ZFPtm1a_M06
lesion,axis2_+1mm,encoder_level1,0.21036745607852936,0.9776575565338135,20170712CH_Exp7_ZFPtm1a_M06
lesion,axis2_+1mm,encoder_level2,0.23447994887828827,0.9721775054931641,20170712CH_Exp7_ZFPtm1a_M06
lesion,axis2_+1mm,encoder_level3,0.20185641944408417,0.9795138835906982,20170712CH_Exp7_ZFPtm1a_M06
lesion,axis2_+1mm,encoder_level4,0.3093473017215729,0.9518551826477051,20170712CH_Exp7_ZFPtm1a_M06
lesion,axis2_+1mm,canvas_level4,0.3093473017215729,0.9518551826477051,20170712CH_Exp7_ZFPtm1a_M06
lesion,axis2_+1mm,canvas_level3,0.3307265341281891,0.9445586204528809,20170712CH_Exp7_ZFPtm1a_M06
lesion,axis2_+1mm,canvas_level2,0.32201746106147766,0.9473289847373962,20170712CH_Exp7_ZFPtm1a_M06
lesion,axis2_+1mm,canvas_level1,0.24812309443950653,0.9688766002655029,20170712CH_Exp7_ZFPtm1a_M06
lesion,axis2_+1mm,canvas_level0,0.21139848232269287,0.9775465130805969,20170712CH_Exp7_ZFPtm1a_M06
lesion,axis2_+1mm,output_logits,0.07408256083726883,0.9973351359367371,20170712CH_Exp7_ZFPtm1a_M06
lesion,axis2_+1mm,query_mask_embedding,0.04537510499358177,0.999036431312561,20170712CH_Exp7_ZFPtm1a_M06
lesion,axis2_+2mm,input,2.022877652052557e-06,1.0,20170712CH_Exp7_ZFPtm1a_M06
lesion,axis2_+2mm,encoder_level0,0.04633883759379387,0.9989258050918579,20170712CH_Exp7_ZFPtm1a_M06
lesion,axis2_+2mm,encoder_level1,0.29856905341148376,0.9543930292129517,20170712CH_Exp7_ZFPtm1a_M06
lesion,axis2_+2mm,encoder_level2,0.26791632175445557,0.9634507894515991,20170712CH_Exp7_ZFPtm1a_M06
lesion,axis2_+2mm,encoder_level3,0.18097218871116638,0.9834975004196167,20170712CH_Exp7_ZFPtm1a_M06
lesion,axis2_+2mm,encoder_level4,0.19805756211280823,0.9802454113960266,20170712CH_Exp7_ZFPtm1a_M06
lesion,axis2_+2mm,canvas_level4,0.19805756211280823,0.9802454113960266,20170712CH_Exp7_ZFPtm1a_M06
lesion,axis2_+2mm,canvas_level3,0.3241063952445984,0.9463743567466736,20170712CH_Exp7_ZFPtm1a_M06
lesion,axis2_+2mm,canvas_level2,0.3483930230140686,0.9376440048217773,20170712CH_Exp7_ZFPtm1a_M06
lesion,axis2_+2mm,canvas_level1,0.2897977828979492,0.9571682214736938,20170712CH_Exp7_ZFPtm1a_M06
lesion,axis2_+2mm,canvas_level0,0.20294420421123505,0.9792495965957642,20170712CH_Exp7_ZFPtm1a_M06
lesion,axis2_+2mm,output_logits,0.13151815533638,0.9914103746414185,20170712CH_Exp7_ZFPtm1a_M06
lesion,axis2_+2mm,query_mask_embedding,0.03445155918598175,0.9994291067123413,20170712CH_Exp7_ZFPtm1a_M06
lesion,axis2_+4mm,input,2.2356814497470623e-06,1.0,20170712CH_Exp7_ZFPtm1a_M06
lesion,axis2_+4mm,encoder_level0,0.11350581794977188,0.9935373663902283,20170712CH_Exp7_ZFPtm1a_M06
lesion,axis2_+4mm,encoder_level1,0.25680509209632874,0.9664653539657593,20170712CH_Exp7_ZFPtm1a_M06
lesion,axis2_+4mm,encoder_level2,0.38508716225624084,0.9228804111480713,20170712CH_Exp7_ZFPtm1a_M06
lesion,axis2_+4mm,encoder_level3,0.35097795724868774,0.9364216327667236,20170712CH_Exp7_ZFPtm1a_M06
lesion,axis2_+4mm,encoder_level4,0.22767136991024017,0.9737493991851807,20170712CH_Exp7_ZFPtm1a_M06
lesion,axis2_+4mm,canvas_level4,0.22767136991024017,0.9737493991851807,20170712CH_Exp7_ZFPtm1a_M06
lesion,axis2_+4mm,canvas_level3,0.3790798485279083,0.9253816604614258,20170712CH_Exp7_ZFPtm1a_M06
lesion,axis2_+4mm,canvas_level2,0.3861977458000183,0.9224640130996704,20170712CH_Exp7_ZFPtm1a_M06
lesion,axis2_+4mm,canvas_level1,0.2703492045402527,0.962837815284729,20170712CH_Exp7_ZFPtm1a_M06
lesion,axis2_+4mm,canvas_level0,0.2931113839149475,0.9561730027198792,20170712CH_Exp7_ZFPtm1a_M06
lesion,axis2_+4mm,output_logits,0.27322861552238464,0.9619983434677124,20170712CH_Exp7_ZFPtm1a_M06
lesion,axis2_+4mm,query_mask_embedding,0.021623751148581505,0.9997744560241699,20170712CH_Exp7_ZFPtm1a_M06
lesion,axis2_+6mm,input,1.9929798327211756e-06,1.0,20170712CH_Exp7_ZFPtm1a_M06
lesion,axis2_+6mm,encoder_level0,0.1618393212556839,0.9868172407150269,20170712CH_Exp7_ZFPtm1a_M06
lesion,axis2_+6mm,encoder_level1,0.449086993932724,0.8934890627861023,20170712CH_Exp7_ZFPtm1a_M06
lesion,axis2_+6mm,encoder_level2,0.44513893127441406,0.8955069780349731,20170712CH_Exp7_ZFPtm1a_M06
lesion,axis2_+6mm,encoder_level3,0.4846286475658417,0.8747262954711914,20170712CH_Exp7_ZFPtm1a_M06
lesion,axis2_+6mm,encoder_level4,0.35609447956085205,0.9348078966140747,20170712CH_Exp7_ZFPtm1a_M06
lesion,axis2_+6mm,canvas_level4,0.35609447956085205,0.9348078966140747,20170712CH_Exp7_ZFPtm1a_M06
lesion,axis2_+6mm,canvas_level3,0.48145201802253723,0.8767825365066528,20170712CH_Exp7_ZFPtm1a_M06
lesion,axis2_+6mm,canvas_level2,0.4404768943786621,0.8983384370803833,20170712CH_Exp7_ZFPtm1a_M06
lesion,axis2_+6mm,canvas_level1,0.36982959508895874,0.9292175769805908,20170712CH_Exp7_ZFPtm1a_M06
lesion,axis2_+6mm,canvas_level0,0.3833017647266388,0.9240288734436035,20170712CH_Exp7_ZFPtm1a_M06
lesion,axis2_+6mm,output_logits,0.39168581366539,0.9201111793518066,20170712CH_Exp7_ZFPtm1a_M06
lesion,axis2_+6mm,query_mask_embedding,0.030617229640483856,0.9995535612106323,20170712CH_Exp7_ZFPtm1a_M06
lesion,resampling_floor,input,1.818205532799766e-06,0.9999998807907104,20170713CH_Exp7_ZFPtm1a_M14
lesion,resampling_floor,encoder_level0,1.898829941637814e-05,1.0,20170713CH_Exp7_ZFPtm1a_M14
lesion,resampling_floor,encoder_level1,2.0592377040884458e-05,1.0,20170713CH_Exp7_ZFPtm1a_M14
lesion,resampling_floor,encoder_level2,2.2763728338759392e-05,0.9999999403953552,20170713CH_Exp7_ZFPtm1a_M14
lesion,resampling_floor,encoder_level3,6.245097097234975e-07,1.0,20170713CH_Exp7_ZFPtm1a_M14
lesion,resampling_floor,encoder_level4,5.260108991933521e-06,0.9999999403953552,20170713CH_Exp7_ZFPtm1a_M14
lesion,resampling_floor,canvas_level4,5.260108991933521e-06,0.9999999403953552,20170713CH_Exp7_ZFPtm1a_M14
lesion,resampling_floor,canvas_level3,7.524622924393043e-05,1.0000001192092896,20170713CH_Exp7_ZFPtm1a_M14
lesion,resampling_floor,canvas_level2,0.00016341946320608258,0.9999999403953552,20170713CH_Exp7_ZFPtm1a_M14
lesion,resampling_floor,canvas_level1,0.00017192945233546197,0.9999999403953552,20170713CH_Exp7_ZFPtm1a_M14
lesion,resampling_floor,canvas_level0,0.00022737152175977826,1.0,20170713CH_Exp7_ZFPtm1a_M14
lesion,resampling_floor,output_logits,6.880344881210476e-05,1.0,20170713CH_Exp7_ZFPtm1a_M14
lesion,resampling_floor,query_mask_embedding,1.8373182228970109e-06,1.0,20170713CH_Exp7_ZFPtm1a_M14
lesion,axis0_+1mm,input,1.6549239489904721e-06,1.0,20170713CH_Exp7_ZFPtm1a_M14
lesion,axis0_+1mm,encoder_level0,0.008502240292727947,0.9999682903289795,20170713CH_Exp7_ZFPtm1a_M14
lesion,axis0_+1mm,encoder_level1,0.1961340606212616,0.9805771112442017,20170713CH_Exp7_ZFPtm1a_M14
lesion,axis0_+1mm,encoder_level2,0.1839606761932373,0.982933759689331,20170713CH_Exp7_ZFPtm1a_M14
lesion,axis0_+1mm,encoder_level3,0.1645103245973587,0.9863754510879517,20170713CH_Exp7_ZFPtm1a_M14
lesion,axis0_+1mm,encoder_level4,0.1495571732521057,0.9887949228286743,20170713CH_Exp7_ZFPtm1a_M14
lesion,axis0_+1mm,canvas_level4,0.1495571732521057,0.9887949228286743,20170713CH_Exp7_ZFPtm1a_M14
lesion,axis0_+1mm,canvas_level3,0.21308676898479462,0.977035403251648,20170713CH_Exp7_ZFPtm1a_M14
lesion,axis0_+1mm,canvas_level2,0.20786377787590027,0.9781603813171387,20170713CH_Exp7_ZFPtm1a_M14
lesion,axis0_+1mm,canvas_level1,0.1649937778711319,0.9863055944442749,20170713CH_Exp7_ZFPtm1a_M14
lesion,axis0_+1mm,canvas_level0,0.095866359770298,0.9954085350036621,20170713CH_Exp7_ZFPtm1a_M14
lesion,axis0_+1mm,output_logits,0.03258431702852249,0.9994702935218811,20170713CH_Exp7_ZFPtm1a_M14
lesion,axis0_+1mm,query_mask_embedding,0.01179965678602457,0.999931275844574,20170713CH_Exp7_ZFPtm1a_M14
lesion,axis0_+2mm,input,1.684121230027813e-06,1.0,20170713CH_Exp7_ZFPtm1a_M14
lesion,axis0_+2mm,encoder_level0,0.04173870384693146,0.9991562962532043,20170713CH_Exp7_ZFPtm1a_M14
lesion,axis0_+2mm,encoder_level1,0.10016845166683197,0.9951040148735046,20170713CH_Exp7_ZFPtm1a_M14
lesion,axis0_+2mm,encoder_level2,0.2233404666185379,0.9747534990310669,20170713CH_Exp7_ZFPtm1a_M14
lesion,axis0_+2mm,encoder_level3,0.15824614465236664,0.9874018430709839,20170713CH_Exp7_ZFPtm1a_M14
lesion,axis0_+2mm,encoder_level4,0.17761613428592682,0.9841347336769104,20170713CH_Exp7_ZFPtm1a_M14
lesion,axis0_+2mm,canvas_level4,0.17761613428592682,0.9841347336769104,20170713CH_Exp7_ZFPtm1a_M14
lesion,axis0_+2mm,canvas_level3,0.2299920916557312,0.9733015298843384,20170713CH_Exp7_ZFPtm1a_M14
lesion,axis0_+2mm,canvas_level2,0.25863251090049744,0.9659786820411682,20170713CH_Exp7_ZFPtm1a_M14
lesion,axis0_+2mm,canvas_level1,0.15933723747730255,0.9872770309448242,20170713CH_Exp7_ZFPtm1a_M14
lesion,axis0_+2mm,canvas_level0,0.13686825335025787,0.9906662106513977,20170713CH_Exp7_ZFPtm1a_M14
lesion,axis0_+2mm,output_logits,0.04243409261107445,0.9991004467010498,20170713CH_Exp7_ZFPtm1a_M14
lesion,axis0_+2mm,query_mask_embedding,0.015146510675549507,0.9998884201049805,20170713CH_Exp7_ZFPtm1a_M14
lesion,axis0_+4mm,input,0.09490377455949783,0.9954863786697388,20170713CH_Exp7_ZFPtm1a_M14
lesion,axis0_+4mm,encoder_level0,0.1623281091451645,0.9868354797363281,20170713CH_Exp7_ZFPtm1a_M14
lesion,axis0_+4mm,encoder_level1,0.2650507688522339,0.9646314978599548,20170713CH_Exp7_ZFPtm1a_M14
lesion,axis0_+4mm,encoder_level2,0.29563388228416443,0.9555740356445312,20170713CH_Exp7_ZFPtm1a_M14
lesion,axis0_+4mm,encoder_level3,0.21441097557544708,0.9768539071083069,20170713CH_Exp7_ZFPtm1a_M14
lesion,axis0_+4mm,encoder_level4,0.18733437359333038,0.9823126792907715,20170713CH_Exp7_ZFPtm1a_M14
lesion,axis0_+4mm,canvas_level4,0.18733437359333038,0.9823126792907715,20170713CH_Exp7_ZFPtm1a_M14
lesion,axis0_+4mm,canvas_level3,0.28754040598869324,0.9580241441726685,20170713CH_Exp7_ZFPtm1a_M14
lesion,axis0_+4mm,canvas_level2,0.3143358528614044,0.9496162533760071,20170713CH_Exp7_ZFPtm1a_M14
lesion,axis0_+4mm,canvas_level1,0.2758897542953491,0.9613829851150513,20170713CH_Exp7_ZFPtm1a_M14
lesion,axis0_+4mm,canvas_level0,0.2890758812427521,0.9575996994972229,20170713CH_Exp7_ZFPtm1a_M14
lesion,axis0_+4mm,output_logits,0.27050670981407166,0.9627223014831543,20170713CH_Exp7_ZFPtm1a_M14
lesion,axis0_+4mm,query_mask_embedding,0.006628855597227812,0.9999780058860779,20170713CH_Exp7_ZFPtm1a_M14
lesion,axis0_+6mm,input,0.13378071784973145,0.9910109043121338,20170713CH_Exp7_ZFPtm1a_M14
lesion,axis0_+6mm,encoder_level0,0.2266274243593216,0.974199652671814,20170713CH_Exp7_ZFPtm1a_M14
lesion,axis0_+6mm,encoder_level1,0.3629739284515381,0.932672381401062,20170713CH_Exp7_ZFPtm1a_M14
lesion,axis0_+6mm,encoder_level2,0.39401042461395264,0.9191147685050964,20170713CH_Exp7_ZFPtm1a_M14
lesion,axis0_+6mm,encoder_level3,0.3439588248729706,0.9390673637390137,20170713CH_Exp7_ZFPtm1a_M14
lesion,axis0_+6mm,encoder_level4,0.21018734574317932,0.977868378162384,20170713CH_Exp7_ZFPtm1a_M14
lesion,axis0_+6mm,canvas_level4,0.21018734574317932,0.977868378162384,20170713CH_Exp7_ZFPtm1a_M14
lesion,axis0_+6mm,canvas_level3,0.3511083126068115,0.9369562864303589,20170713CH_Exp7_ZFPtm1a_M14
lesion,axis0_+6mm,canvas_level2,0.3938395380973816,0.919327974319458,20170713CH_Exp7_ZFPtm1a_M14
lesion,axis0_+6mm,canvas_level1,0.3640722334384918,0.9319669008255005,20170713CH_Exp7_ZFPtm1a_M14
lesion,axis0_+6mm,canvas_level0,0.39156603813171387,0.9210546612739563,20170713CH_Exp7_ZFPtm1a_M14
lesion,axis0_+6mm,output_logits,0.3803905248641968,0.9248278141021729,20170713CH_Exp7_ZFPtm1a_M14
lesion,axis0_+6mm,query_mask_embedding,0.009491203352808952,0.9999551177024841,20170713CH_Exp7_ZFPtm1a_M14
lesion,axis1_+1mm,input,1.818205532799766e-06,0.9999998807907104,20170713CH_Exp7_ZFPtm1a_M14
lesion,axis1_+1mm,encoder_level0,1.8945902411360294e-05,0.9999999403953552,20170713CH_Exp7_ZFPtm1a_M14
lesion,axis1_+1mm,encoder_level1,0.21520060300827026,0.976587176322937,20170713CH_Exp7_ZFPtm1a_M14
lesion,axis1_+1mm,encoder_level2,0.20972296595573425,0.9777693748474121,20170713CH_Exp7_ZFPtm1a_M14
lesion,axis1_+1mm,encoder_level3,0.20046427845954895,0.9797095656394958,20170713CH_Exp7_ZFPtm1a_M14
lesion,axis1_+1mm,encoder_level4,0.1403486728668213,0.9903395771980286,20170713CH_Exp7_ZFPtm1a_M14
lesion,axis1_+1mm,canvas_level4,0.1403486728668213,0.9903395771980286,20170713CH_Exp7_ZFPtm1a_M14
lesion,axis1_+1mm,canvas_level3,0.29652756452560425,0.9551246762275696,20170713CH_Exp7_ZFPtm1a_M14
lesion,axis1_+1mm,canvas_level2,0.3052958548069,0.9524602890014648,20170713CH_Exp7_ZFPtm1a_M14
lesion,axis1_+1mm,canvas_level1,0.24159345030784607,0.9703884124755859,20170713CH_Exp7_ZFPtm1a_M14
lesion,axis1_+1mm,canvas_level0,0.19638897478580475,0.9806315302848816,20170713CH_Exp7_ZFPtm1a_M14
lesion,axis1_+1mm,output_logits,0.10514622926712036,0.99446040391922,20170713CH_Exp7_ZFPtm1a_M14
lesion,axis1_+1mm,query_mask_embedding,0.015332096256315708,0.99988853931427,20170713CH_Exp7_ZFPtm1a_M14
lesion,axis1_+2mm,input,1.818205532799766e-06,0.9999998807907104,20170713CH_Exp7_ZFPtm1a_M14
lesion,axis1_+2mm,encoder_level0,0.046385008841753006,0.998923659324646,20170713CH_Exp7_ZFPtm1a_M14
lesion,axis1_+2mm,encoder_level1,0.13325689733028412,0.9911004900932312,20170713CH_Exp7_ZFPtm1a_M14
lesion,axis1_+2mm,encoder_level2,0.22661076486110687,0.9740040898323059,20170713CH_Exp7_ZFPtm1a_M14
lesion,axis1_+2mm,encoder_level3,0.20319218933582306,0.9791648387908936,20170713CH_Exp7_ZFPtm1a_M14
lesion,axis1_+2mm,encoder_level4,0.1670777052640915,0.9860702157020569,20170713CH_Exp7_ZFPtm1a_M14
lesion,axis1_+2mm,canvas_level4,0.1670777052640915,0.9860702157020569,20170713CH_Exp7_ZFPtm1a_M14
lesion,axis1_+2mm,canvas_level3,0.3202805519104004,0.9476487636566162,20170713CH_Exp7_ZFPtm1a_M14
lesion,axis1_+2mm,canvas_level2,0.34909695386886597,0.9373108148574829,20170713CH_Exp7_ZFPtm1a_M14
lesion,axis1_+2mm,canvas_level1,0.25070446729660034,0.9681682586669922,20170713CH_Exp7_ZFPtm1a_M14
lesion,axis1_+2mm,canvas_level0,0.22781476378440857,0.9738287925720215,20170713CH_Exp7_ZFPtm1a_M14
lesion,axis1_+2mm,output_logits,0.1428631842136383,0.9897862672805786,20170713CH_Exp7_ZFPtm1a_M14
lesion,axis1_+2mm,query_mask_embedding,0.01739882491528988,0.9998555183410645,20170713CH_Exp7_ZFPtm1a_M14
lesion,axis1_+4mm,input,1.818205532799766e-06,0.9999998807907104,20170713CH_Exp7_ZFPtm1a_M14
lesion,axis1_+4mm,encoder_level0,0.11361853778362274,0.993524432182312,20170713CH_Exp7_ZFPtm1a_M14
lesion,axis1_+4mm,encoder_level1,0.2659256160259247,0.9640046954154968,20170713CH_Exp7_ZFPtm1a_M14
lesion,axis1_+4mm,encoder_level2,0.30904778838157654,0.9512885212898254,20170713CH_Exp7_ZFPtm1a_M14
lesion,axis1_+4mm,encoder_level3,0.2523648738861084,0.9677262902259827,20170713CH_Exp7_ZFPtm1a_M14
lesion,axis1_+4mm,encoder_level4,0.15825869143009186,0.9874078035354614,20170713CH_Exp7_ZFPtm1a_M14
lesion,axis1_+4mm,canvas_level4,0.15825869143009186,0.9874078035354614,20170713CH_Exp7_ZFPtm1a_M14
lesion,axis1_+4mm,canvas_level3,0.38148435950279236,0.9249420166015625,20170713CH_Exp7_ZFPtm1a_M14
lesion,axis1_+4mm,canvas_level2,0.3933769762516022,0.9205624461174011,20170713CH_Exp7_ZFPtm1a_M14
lesion,axis1_+4mm,canvas_level1,0.3123725950717926,0.9500176906585693,20170713CH_Exp7_ZFPtm1a_M14
lesion,axis1_+4mm,canvas_level0,0.3406387269496918,0.9404367208480835,20170713CH_Exp7_ZFPtm1a_M14
lesion,axis1_+4mm,output_logits,0.2888990342617035,0.9574986100196838,20170713CH_Exp7_ZFPtm1a_M14
lesion,axis1_+4mm,query_mask_embedding,0.01933729089796543,0.9998213052749634,20170713CH_Exp7_ZFPtm1a_M14
lesion,axis1_+6mm,input,0.23629260063171387,0.9716819524765015,20170713CH_Exp7_ZFPtm1a_M14
lesion,axis1_+6mm,encoder_level0,0.3518750071525574,0.9370255470275879,20170713CH_Exp7_ZFPtm1a_M14
lesion,axis1_+6mm,encoder_level1,0.4204825758934021,0.9079981446266174,20170713CH_Exp7_ZFPtm1a_M14
lesion,axis1_+6mm,encoder_level2,0.4369444251060486,0.8995262384414673,20170713CH_Exp7_ZFPtm1a_M14
lesion,axis1_+6mm,encoder_level3,0.39463499188423157,0.9189562797546387,20170713CH_Exp7_ZFPtm1a_M14
lesion,axis1_+6mm,encoder_level4,0.2220853716135025,0.9755498170852661,20170713CH_Exp7_ZFPtm1a_M14
lesion,axis1_+6mm,canvas_level4,0.2220853716135025,0.9755498170852661,20170713CH_Exp7_ZFPtm1a_M14
lesion,axis1_+6mm,canvas_level3,0.4730358421802521,0.8829556703567505,20170713CH_Exp7_ZFPtm1a_M14
lesion,axis1_+6mm,canvas_level2,0.48832017183303833,0.8737382292747498,20170713CH_Exp7_ZFPtm1a_M14
lesion,axis1_+6mm,canvas_level1,0.44036707282066345,0.8988767266273499,20170713CH_Exp7_ZFPtm1a_M14
lesion,axis1_+6mm,canvas_level0,0.47013577818870544,0.8845566511154175,20170713CH_Exp7_ZFPtm1a_M14
lesion,axis1_+6mm,output_logits,0.4184649884700775,0.9082368016242981,20170713CH_Exp7_ZFPtm1a_M14
lesion,axis1_+6mm,query_mask_embedding,0.008480746299028397,0.9999639987945557,20170713CH_Exp7_ZFPtm1a_M14
lesion,axis2_+1mm,input,0.13632507622241974,0.9908813238143921,20170713CH_Exp7_ZFPtm1a_M14
lesion,axis2_+1mm,encoder_level0,0.4300707280635834,0.9030414819717407,20170713CH_Exp7_ZFPtm1a_M14
lesion,axis2_+1mm,encoder_level1,0.20994356274604797,0.9777470827102661,20170713CH_Exp7_ZFPtm1a_M14
lesion,axis2_+1mm,encoder_level2,0.2347078025341034,0.9721254110336304,20170713CH_Exp7_ZFPtm1a_M14
lesion,axis2_+1mm,encoder_level3,0.20160436630249023,0.9795688986778259,20170713CH_Exp7_ZFPtm1a_M14
lesion,axis2_+1mm,encoder_level4,0.30688944458961487,0.9525095820426941,20170713CH_Exp7_ZFPtm1a_M14
lesion,axis2_+1mm,canvas_level4,0.30688944458961487,0.9525095820426941,20170713CH_Exp7_ZFPtm1a_M14
lesion,axis2_+1mm,canvas_level3,0.3378598690032959,0.9420799612998962,20170713CH_Exp7_ZFPtm1a_M14
lesion,axis2_+1mm,canvas_level2,0.32315003871917725,0.9469913244247437,20170713CH_Exp7_ZFPtm1a_M14
lesion,axis2_+1mm,canvas_level1,0.24699385464191437,0.9691689610481262,20170713CH_Exp7_ZFPtm1a_M14
lesion,axis2_+1mm,canvas_level0,0.21175478398799896,0.9774696826934814,20170713CH_Exp7_ZFPtm1a_M14
lesion,axis2_+1mm,output_logits,0.07124781608581543,0.9975906014442444,20170713CH_Exp7_ZFPtm1a_M14
lesion,axis2_+1mm,query_mask_embedding,0.04142475128173828,0.9992427229881287,20170713CH_Exp7_ZFPtm1a_M14
lesion,axis2_+2mm,input,2.03332865567063e-06,0.9999999403953552,20170713CH_Exp7_ZFPtm1a_M14
lesion,axis2_+2mm,encoder_level0,0.04638483002781868,0.998923659324646,20170713CH_Exp7_ZFPtm1a_M14
lesion,axis2_+2mm,encoder_level1,0.3007778227329254,0.9536969661712646,20170713CH_Exp7_ZFPtm1a_M14
lesion,axis2_+2mm,encoder_level2,0.26962459087371826,0.9629769921302795,20170713CH_Exp7_ZFPtm1a_M14
lesion,axis2_+2mm,encoder_level3,0.18076324462890625,0.983536958694458,20170713CH_Exp7_ZFPtm1a_M14
lesion,axis2_+2mm,encoder_level4,0.18421685695648193,0.9828938245773315,20170713CH_Exp7_ZFPtm1a_M14
lesion,axis2_+2mm,canvas_level4,0.18421685695648193,0.9828938245773315,20170713CH_Exp7_ZFPtm1a_M14
lesion,axis2_+2mm,canvas_level3,0.323368638753891,0.9466535449028015,20170713CH_Exp7_ZFPtm1a_M14
lesion,axis2_+2mm,canvas_level2,0.3431004583835602,0.9396365880966187,20170713CH_Exp7_ZFPtm1a_M14
lesion,axis2_+2mm,canvas_level1,0.28144416213035583,0.9596363306045532,20170713CH_Exp7_ZFPtm1a_M14
lesion,axis2_+2mm,canvas_level0,0.1982370764017105,0.9802017211914062,20170713CH_Exp7_ZFPtm1a_M14
lesion,axis2_+2mm,output_logits,0.13002800941467285,0.9916270971298218,20170713CH_Exp7_ZFPtm1a_M14
lesion,axis2_+2mm,query_mask_embedding,0.029831035062670708,0.9995926022529602,20170713CH_Exp7_ZFPtm1a_M14
lesion,axis2_+4mm,input,2.260969722556183e-06,1.0,20170713CH_Exp7_ZFPtm1a_M14
lesion,axis2_+4mm,encoder_level0,0.11361847817897797,0.9935243725776672,20170713CH_Exp7_ZFPtm1a_M14
lesion,axis2_+4mm,encoder_level1,0.257999062538147,0.9661474227905273,20170713CH_Exp7_ZFPtm1a_M14
lesion,axis2_+4mm,encoder_level2,0.3858374059200287,0.9225669503211975,20170713CH_Exp7_ZFPtm1a_M14
lesion,axis2_+4mm,encoder_level3,0.350770503282547,0.9364959597587585,20170713CH_Exp7_ZFPtm1a_M14
lesion,axis2_+4mm,encoder_level4,0.22788727283477783,0.9737769365310669,20170713CH_Exp7_ZFPtm1a_M14
lesion,axis2_+4mm,canvas_level4,0.22788727283477783,0.9737769365310669,20170713CH_Exp7_ZFPtm1a_M14
lesion,axis2_+4mm,canvas_level3,0.3901403844356537,0.9208259582519531,20170713CH_Exp7_ZFPtm1a_M14
lesion,axis2_+4mm,canvas_level2,0.39253950119018555,0.919869065284729,20170713CH_Exp7_ZFPtm1a_M14
lesion,axis2_+4mm,canvas_level1,0.27362748980522156,0.9619272351264954,20170713CH_Exp7_ZFPtm1a_M14
lesion,axis2_+4mm,canvas_level0,0.29393088817596436,0.9559179544448853,20170713CH_Exp7_ZFPtm1a_M14
lesion,axis2_+4mm,output_logits,0.27526381611824036,0.9615058898925781,20170713CH_Exp7_ZFPtm1a_M14
lesion,axis2_+4mm,query_mask_embedding,0.03458603471517563,0.9994465112686157,20170713CH_Exp7_ZFPtm1a_M14
lesion,axis2_+6mm,input,2.034535782513558e-06,0.9999998807907104,20170713CH_Exp7_ZFPtm1a_M14
lesion,axis2_+6mm,encoder_level0,0.16215793788433075,0.9867649078369141,20170713CH_Exp7_ZFPtm1a_M14
lesion,axis2_+6mm,encoder_level1,0.4516181945800781,0.8922143578529358,20170713CH_Exp7_ZFPtm1a_M14
lesion,axis2_+6mm,encoder_level2,0.44613316655158997,0.8950183987617493,20170713CH_Exp7_ZFPtm1a_M14
lesion,axis2_+6mm,encoder_level3,0.482839971780777,0.8757166862487793,20170713CH_Exp7_ZFPtm1a_M14
lesion,axis2_+6mm,encoder_level4,0.35366976261138916,0.9355424046516418,20170713CH_Exp7_ZFPtm1a_M14
lesion,axis2_+6mm,canvas_level4,0.35366976261138916,0.9355424046516418,20170713CH_Exp7_ZFPtm1a_M14
lesion,axis2_+6mm,canvas_level3,0.48344147205352783,0.8757089376449585,20170713CH_Exp7_ZFPtm1a_M14
lesion,axis2_+6mm,canvas_level2,0.4376625418663025,0.8998438119888306,20170713CH_Exp7_ZFPtm1a_M14
lesion,axis2_+6mm,canvas_level1,0.3643832504749298,0.9313685297966003,20170713CH_Exp7_ZFPtm1a_M14
lesion,axis2_+6mm,canvas_level0,0.3808062970638275,0.9250327348709106,20170713CH_Exp7_ZFPtm1a_M14
lesion,axis2_+6mm,output_logits,0.3912372887134552,0.9203499555587769,20170713CH_Exp7_ZFPtm1a_M14
lesion,axis2_+6mm,query_mask_embedding,0.03476232662796974,0.9994475245475769,20170713CH_Exp7_ZFPtm1a_M14
lesion,resampling_floor,input,1.8605161358209443e-06,1.0,20170713CH_Exp7_ZFPtm1a_M24
lesion,resampling_floor,encoder_level0,1.894368870125618e-05,1.0,20170713CH_Exp7_ZFPtm1a_M24
lesion,resampling_floor,encoder_level1,2.040867184405215e-05,0.9999999403953552,20170713CH_Exp7_ZFPtm1a_M24
lesion,resampling_floor,encoder_level2,2.3006887204246596e-05,1.0,20170713CH_Exp7_ZFPtm1a_M24
lesion,resampling_floor,encoder_level3,6.522754461002478e-07,1.0,20170713CH_Exp7_ZFPtm1a_M24
lesion,resampling_floor,encoder_level4,3.935701897717081e-06,1.0,20170713CH_Exp7_ZFPtm1a_M24
lesion,resampling_floor,canvas_level4,3.935701897717081e-06,1.0,20170713CH_Exp7_ZFPtm1a_M24
lesion,resampling_floor,canvas_level3,6.690490408800542e-05,0.9999999403953552,20170713CH_Exp7_ZFPtm1a_M24
lesion,resampling_floor,canvas_level2,0.00015851827629376203,0.9999998807907104,20170713CH_Exp7_ZFPtm1a_M24
lesion,resampling_floor,canvas_level1,0.00017087605374399573,1.0,20170713CH_Exp7_ZFPtm1a_M24
lesion,resampling_floor,canvas_level0,0.00022565788822248578,0.9999999403953552,20170713CH_Exp7_ZFPtm1a_M24
lesion,resampling_floor,output_logits,6.874890823382884e-05,1.0,20170713CH_Exp7_ZFPtm1a_M24
lesion,resampling_floor,query_mask_embedding,1.1876854841830209e-06,1.0,20170713CH_Exp7_ZFPtm1a_M24
lesion,axis0_+1mm,input,1.6661342669976875e-06,1.0,20170713CH_Exp7_ZFPtm1a_M24
lesion,axis0_+1mm,encoder_level0,0.009178686887025833,0.9999637603759766,20170713CH_Exp7_ZFPtm1a_M24
lesion,axis0_+1mm,encoder_level1,0.19635167717933655,0.9805338382720947,20170713CH_Exp7_ZFPtm1a_M24
lesion,axis0_+1mm,encoder_level2,0.1885690987110138,0.9820603132247925,20170713CH_Exp7_ZFPtm1a_M24
lesion,axis0_+1mm,encoder_level3,0.17787332832813263,0.9840536117553711,20170713CH_Exp7_ZFPtm1a_M24
lesion,axis0_+1mm,encoder_level4,0.15606249868869781,0.9878336191177368,20170713CH_Exp7_ZFPtm1a_M24
lesion,axis0_+1mm,canvas_level4,0.15606249868869781,0.9878336191177368,20170713CH_Exp7_ZFPtm1a_M24
lesion,axis0_+1mm,canvas_level3,0.21120144426822662,0.9774430394172668,20170713CH_Exp7_ZFPtm1a_M24
lesion,axis0_+1mm,canvas_level2,0.21122662723064423,0.9774423837661743,20170713CH_Exp7_ZFPtm1a_M24
lesion,axis0_+1mm,canvas_level1,0.16808950901031494,0.9857855439186096,20170713CH_Exp7_ZFPtm1a_M24
lesion,axis0_+1mm,canvas_level0,0.10195355862379074,0.9948124885559082,20170713CH_Exp7_ZFPtm1a_M24
lesion,axis0_+1mm,output_logits,0.033747877925634384,0.999430775642395,20170713CH_Exp7_ZFPtm1a_M24
lesion,axis0_+1mm,query_mask_embedding,0.009051802568137646,0.9999600648880005,20170713CH_Exp7_ZFPtm1a_M24
lesion,axis0_+2mm,input,1.7270458556595258e-06,1.0,20170713CH_Exp7_ZFPtm1a_M24
lesion,axis0_+2mm,encoder_level0,0.044428009539842606,0.9990489482879639,20170713CH_Exp7_ZFPtm1a_M24
lesion,axis0_+2mm,encoder_level1,0.09828945994377136,0.9952919483184814,20170713CH_Exp7_ZFPtm1a_M24
lesion,axis0_+2mm,encoder_level2,0.22940875589847565,0.9733429551124573,20170713CH_Exp7_ZFPtm1a_M24
lesion,axis0_+2mm,encoder_level3,0.1676904559135437,0.9858411550521851,20170713CH_Exp7_ZFPtm1a_M24
lesion,axis0_+2mm,encoder_level4,0.17952904105186462,0.9837648868560791,20170713CH_Exp7_ZFPtm1a_M24
lesion,axis0_+2mm,canvas_level4,0.17952904105186462,0.9837648868560791,20170713CH_Exp7_ZFPtm1a_M24
lesion,axis0_+2mm,canvas_level3,0.2263936549425125,0.9741119146347046,20170713CH_Exp7_ZFPtm1a_M24
lesion,axis0_+2mm,canvas_level2,0.25637248158454895,0.966580867767334,20170713CH_Exp7_ZFPtm1a_M24
lesion,axis0_+2mm,canvas_level1,0.15691837668418884,0.9876537919044495,20170713CH_Exp7_ZFPtm1a_M24
lesion,axis0_+2mm,canvas_level0,0.13502594828605652,0.9909289479255676,20170713CH_Exp7_ZFPtm1a_M24
lesion,axis0_+2mm,output_logits,0.0432572178542614,0.9990639686584473,20170713CH_Exp7_ZFPtm1a_M24
lesion,axis0_+2mm,query_mask_embedding,0.009495561011135578,0.9999561905860901,20170713CH_Exp7_ZFPtm1a_M24
lesion,axis0_+4mm,input,0.10413938015699387,0.9945627450942993,20170713CH_Exp7_ZFPtm1a_M24
lesion,axis0_+4mm,encoder_level0,0.17055106163024902,0.9854773879051208,20170713CH_Exp7_ZFPtm1a_M24
lesion,axis0_+4mm,encoder_level1,0.26586756110191345,0.9644292593002319,20170713CH_Exp7_ZFPtm1a_M24
lesion,axis0_+4mm,encoder_level2,0.2984716594219208,0.9547114968299866,20170713CH_Exp7_ZFPtm1a_M24
lesion,axis0_+4mm,encoder_level3,0.22652125358581543,0.9741159081459045,20170713CH_Exp7_ZFPtm1a_M24
lesion,axis0_+4mm,encoder_level4,0.1885843276977539,0.9820830821990967,20170713CH_Exp7_ZFPtm1a_M24
lesion,axis0_+4mm,canvas_level4,0.1885843276977539,0.9820830821990967,20170713CH_Exp7_ZFPtm1a_M24
lesion,axis0_+4mm,canvas_level3,0.2791966199874878,0.9604974985122681,20170713CH_Exp7_ZFPtm1a_M24
lesion,axis0_+4mm,canvas_level2,0.30773788690567017,0.9517989158630371,20170713CH_Exp7_ZFPtm1a_M24
lesion,axis0_+4mm,canvas_level1,0.27549150586128235,0.9614759087562561,20170713CH_Exp7_ZFPtm1a_M24
lesion,axis0_+4mm,canvas_level0,0.2927657663822174,0.9565086960792542,20170713CH_Exp7_ZFPtm1a_M24
lesion,axis0_+4mm,output_logits,0.27150827646255493,0.9624457359313965,20170713CH_Exp7_ZFPtm1a_M24
lesion,axis0_+4mm,query_mask_embedding,0.005375503096729517,0.9999864101409912,20170713CH_Exp7_ZFPtm1a_M24
lesion,axis0_+6mm,input,0.14680546522140503,0.9891653656959534,20170713CH_Exp7_ZFPtm1a_M24
lesion,axis0_+6mm,encoder_level0,0.23805896937847137,0.9715343713760376,20170713CH_Exp7_ZFPtm1a_M24
lesion,axis0_+6mm,encoder_level1,0.36471813917160034,0.9320580363273621,20170713CH_Exp7_ZFPtm1a_M24
lesion,axis0_+6mm,encoder_level2,0.3984324038028717,0.917206883430481,20170713CH_Exp7_ZFPtm1a_M24
lesion,axis0_+6mm,encoder_level3,0.34927716851234436,0.9371025562286377,20170713CH_Exp7_ZFPtm1a_M24
lesion,axis0_+6mm,encoder_level4,0.21471524238586426,0.9769423007965088,20170713CH_Exp7_ZFPtm1a_M24
lesion,axis0_+6mm,canvas_level4,0.21471524238586426,0.9769423007965088,20170713CH_Exp7_ZFPtm1a_M24
lesion,axis0_+6mm,canvas_level3,0.33731403946876526,0.9419108033180237,20170713CH_Exp7_ZFPtm1a_M24
lesion,axis0_+6mm,canvas_level2,0.3855910897254944,0.922808825969696,20170713CH_Exp7_ZFPtm1a_M24
lesion,axis0_+6mm,canvas_level1,0.3622739613056183,0.9326544404029846,20170713CH_Exp7_ZFPtm1a_M24
lesion,axis0_+6mm,canvas_level0,0.3964063227176666,0.9190848469734192,20170713CH_Exp7_ZFPtm1a_M24
lesion,axis0_+6mm,output_logits,0.38337525725364685,0.9235939979553223,20170713CH_Exp7_ZFPtm1a_M24
lesion,axis0_+6mm,query_mask_embedding,0.006778900511562824,0.9999780654907227,20170713CH_Exp7_ZFPtm1a_M24
lesion,axis1_+1mm,input,1.8605161358209443e-06,1.0,20170713CH_Exp7_ZFPtm1a_M24
lesion,axis1_+1mm,encoder_level0,1.891891224659048e-05,1.0,20170713CH_Exp7_ZFPtm1a_M24
lesion,axis1_+1mm,encoder_level1,0.21741481125354767,0.9760962724685669,20170713CH_Exp7_ZFPtm1a_M24
lesion,axis1_+1mm,encoder_level2,0.21047084033489227,0.9776108860969543,20170713CH_Exp7_ZFPtm1a_M24
lesion,axis1_+1mm,encoder_level3,0.2064257115125656,0.9784670472145081,20170713CH_Exp7_ZFPtm1a_M24
lesion,axis1_+1mm,encoder_level4,0.15101218223571777,0.988765299320221,20170713CH_Exp7_ZFPtm1a_M24
lesion,axis1_+1mm,canvas_level4,0.15101218223571777,0.988765299320221,20170713CH_Exp7_ZFPtm1a_M24
lesion,axis1_+1mm,canvas_level3,0.27159231901168823,0.9624215364456177,20170713CH_Exp7_ZFPtm1a_M24
lesion,axis1_+1mm,canvas_level2,0.28607288002967834,0.9583091735839844,20170713CH_Exp7_ZFPtm1a_M24
lesion,axis1_+1mm,canvas_level1,0.23312747478485107,0.9724542498588562,20170713CH_Exp7_ZFPtm1a_M24
lesion,axis1_+1mm,canvas_level0,0.19025149941444397,0.9818365573883057,20170713CH_Exp7_ZFPtm1a_M24
lesion,axis1_+1mm,output_logits,0.09957315027713776,0.995031476020813,20170713CH_Exp7_ZFPtm1a_M24
lesion,axis1_+1mm,query_mask_embedding,0.002706532133743167,0.9999964237213135,20170713CH_Exp7_ZFPtm1a_M24
lesion,axis1_+2mm,input,1.8605161358209443e-06,1.0,20170713CH_Exp7_ZFPtm1a_M24
lesion,axis1_+2mm,encoder_level0,0.04751179367303848,0.9988707304000854,20170713CH_Exp7_ZFPtm1a_M24
lesion,axis1_+2mm,encoder_level1,0.13144806027412415,0.991341233253479,20170713CH_Exp7_ZFPtm1a_M24
lesion,axis1_+2mm,encoder_level2,0.22850999236106873,0.9735580682754517,20170713CH_Exp7_ZFPtm1a_M24
lesion,axis1_+2mm,encoder_level3,0.20753562450408936,0.9782493710517883,20170713CH_Exp7_ZFPtm1a_M24
lesion,axis1_+2mm,encoder_level4,0.16989532113075256,0.9856285452842712,20170713CH_Exp7_ZFPtm1a_M24
lesion,axis1_+2mm,canvas_level4,0.16989532113075256,0.9856285452842712,20170713CH_Exp7_ZFPtm1a_M24
lesion,axis1_+2mm,canvas_level3,0.2930670380592346,0.9562318325042725,20170713CH_Exp7_ZFPtm1a_M24
lesion,axis1_+2mm,canvas_level2,0.330267071723938,0.943992555141449,20170713CH_Exp7_ZFPtm1a_M24
lesion,axis1_+2mm,canvas_level1,0.2375372350215912,0.9714561104774475,20170713CH_Exp7_ZFPtm1a_M24
lesion,axis1_+2mm,canvas_level0,0.22012841701507568,0.9755861759185791,20170713CH_Exp7_ZFPtm1a_M24
lesion,axis1_+2mm,output_logits,0.1405206322669983,0.9901117086410522,20170713CH_Exp7_ZFPtm1a_M24
lesion,axis1_+2mm,query_mask_embedding,0.016293497756123543,0.9998717904090881,20170713CH_Exp7_ZFPtm1a_M24
lesion,axis1_+4mm,input,1.8605161358209443e-06,1.0,20170713CH_Exp7_ZFPtm1a_M24
lesion,axis1_+4mm,encoder_level0,0.1163785383105278,0.9932050704956055,20170713CH_Exp7_ZFPtm1a_M24
lesion,axis1_+4mm,encoder_level1,0.2639943063259125,0.9645351767539978,20170713CH_Exp7_ZFPtm1a_M24
lesion,axis1_+4mm,encoder_level2,0.31012794375419617,0.9509491920471191,20170713CH_Exp7_ZFPtm1a_M24
lesion,axis1_+4mm,encoder_level3,0.25892186164855957,0.9659982323646545,20170713CH_Exp7_ZFPtm1a_M24
lesion,axis1_+4mm,encoder_level4,0.16493195295333862,0.9863232970237732,20170713CH_Exp7_ZFPtm1a_M24
lesion,axis1_+4mm,canvas_level4,0.16493195295333862,0.9863232970237732,20170713CH_Exp7_ZFPtm1a_M24
lesion,axis1_+4mm,canvas_level3,0.35309305787086487,0.9358077645301819,20170713CH_Exp7_ZFPtm1a_M24
lesion,axis1_+4mm,canvas_level2,0.37195825576782227,0.9291471838951111,20170713CH_Exp7_ZFPtm1a_M24
lesion,axis1_+4mm,canvas_level1,0.3010762929916382,0.9536548256874084,20170713CH_Exp7_ZFPtm1a_M24
lesion,axis1_+4mm,canvas_level0,0.3389783501625061,0.9410665035247803,20170713CH_Exp7_ZFPtm1a_M24
lesion,axis1_+4mm,output_logits,0.2880982756614685,0.9576882719993591,20170713CH_Exp7_ZFPtm1a_M24
lesion,axis1_+4mm,query_mask_embedding,0.013497518375515938,0.999912679195404,20170713CH_Exp7_ZFPtm1a_M24
lesion,axis1_+6mm,input,0.24760840833187103,0.9688602089881897,20170713CH_Exp7_ZFPtm1a_M24
lesion,axis1_+6mm,encoder_level0,0.357300728559494,0.9350587129592896,20170713CH_Exp7_ZFPtm1a_M24
lesion,axis1_+6mm,encoder_level1,0.41730812191963196,0.9094488620758057,20170713CH_Exp7_ZFPtm1a_M24
lesion,axis1_+6mm,encoder_level2,0.4395696520805359,0.8982553482055664,20170713CH_Exp7_ZFPtm1a_M24
lesion,axis1_+6mm,encoder_level3,0.3969510793685913,0.9179613590240479,20170713CH_Exp7_ZFPtm1a_M24
lesion,axis1_+6mm,encoder_level4,0.23002026975154877,0.9736281633377075,20170713CH_Exp7_ZFPtm1a_M24
lesion,axis1_+6mm,canvas_level4,0.23002026975154877,0.9736281633377075,20170713CH_Exp7_ZFPtm1a_M24
lesion,axis1_+6mm,canvas_level3,0.43987810611724854,0.899165153503418,20170713CH_Exp7_ZFPtm1a_M24
lesion,axis1_+6mm,canvas_level2,0.463714599609375,0.8866775035858154,20170713CH_Exp7_ZFPtm1a_M24
lesion,axis1_+6mm,canvas_level1,0.42363959550857544,0.9067064523696899,20170713CH_Exp7_ZFPtm1a_M24
lesion,axis1_+6mm,canvas_level0,0.46455177664756775,0.8874762058258057,20170713CH_Exp7_ZFPtm1a_M24
lesion,axis1_+6mm,output_logits,0.41871902346611023,0.9081291556358337,20170713CH_Exp7_ZFPtm1a_M24
lesion,axis1_+6mm,query_mask_embedding,0.010841895826160908,0.9999424815177917,20170713CH_Exp7_ZFPtm1a_M24
lesion,axis2_+1mm,input,0.14215703308582306,0.9900774359703064,20170713CH_Exp7_ZFPtm1a_M24
lesion,axis2_+1mm,encoder_level0,0.4298270046710968,0.903139591217041,20170713CH_Exp7_ZFPtm1a_M24
lesion,axis2_+1mm,encoder_level1,0.21693472564220428,0.976218044757843,20170713CH_Exp7_ZFPtm1a_M24
lesion,axis2_+1mm,encoder_level2,0.23701593279838562,0.9715668559074402,20170713CH_Exp7_ZFPtm1a_M24
lesion,axis2_+1mm,encoder_level3,0.21016977727413177,0.977782666683197,20170713CH_Exp7_ZFPtm1a_M24
lesion,axis2_+1mm,encoder_level4,0.3124898672103882,0.9503812193870544,20170713CH_Exp7_ZFPtm1a_M24
lesion,axis2_+1mm,canvas_level4,0.3124898672103882,0.9503812193870544,20170713CH_Exp7_ZFPtm1a_M24
lesion,axis2_+1mm,canvas_level3,0.319581538438797,0.9482181072235107,20170713CH_Exp7_ZFPtm1a_M24
lesion,axis2_+1mm,canvas_level2,0.31044334173202515,0.9510226249694824,20170713CH_Exp7_ZFPtm1a_M24
lesion,axis2_+1mm,canvas_level1,0.2420240044593811,0.970394492149353,20170713CH_Exp7_ZFPtm1a_M24
lesion,axis2_+1mm,canvas_level0,0.2105179727077484,0.9777293801307678,20170713CH_Exp7_ZFPtm1a_M24
lesion,axis2_+1mm,output_logits,0.07004924863576889,0.9975478649139404,20170713CH_Exp7_ZFPtm1a_M24
lesion,axis2_+1mm,query_mask_embedding,0.023957323282957077,0.9997255802154541,20170713CH_Exp7_ZFPtm1a_M24
lesion,axis2_+2mm,input,2.1567857402260415e-06,0.9999999403953552,20170713CH_Exp7_ZFPtm1a_M24
lesion,axis2_+2mm,encoder_level0,0.04751160368323326,0.9988706111907959,20170713CH_Exp7_ZFPtm1a_M24
lesion,axis2_+2mm,encoder_level1,0.3063284754753113,0.9519283771514893,20170713CH_Exp7_ZFPtm1a_M24
lesion,axis2_+2mm,encoder_level2,0.27099958062171936,0.9625930190086365,20170713CH_Exp7_ZFPtm1a_M24
lesion,axis2_+2mm,encoder_level3,0.19189803302288055,0.9814289212226868,20170713CH_Exp7_ZFPtm1a_M24
lesion,axis2_+2mm,encoder_level4,0.18902350962162018,0.9819738864898682,20170713CH_Exp7_ZFPtm1a_M24
lesion,axis2_+2mm,canvas_level4,0.18902350962162018,0.9819738864898682,20170713CH_Exp7_ZFPtm1a_M24
lesion,axis2_+2mm,canvas_level3,0.3142922520637512,0.9495669603347778,20170713CH_Exp7_ZFPtm1a_M24
lesion,axis2_+2mm,canvas_level2,0.3373519778251648,0.9415928721427917,20170713CH_Exp7_ZFPtm1a_M24
lesion,axis2_+2mm,canvas_level1,0.2835046648979187,0.9590243101119995,20170713CH_Exp7_ZFPtm1a_M24
lesion,axis2_+2mm,canvas_level0,0.20187082886695862,0.9794813990592957,20170713CH_Exp7_ZFPtm1a_M24
lesion,axis2_+2mm,output_logits,0.13064822554588318,0.9914729595184326,20170713CH_Exp7_ZFPtm1a_M24
lesion,axis2_+2mm,query_mask_embedding,0.021009225398302078,0.9997844696044922,20170713CH_Exp7_ZFPtm1a_M24
lesion,axis2_+4mm,input,2.287432835146319e-06,1.0,20170713CH_Exp7_ZFPtm1a_M24
lesion,axis2_+4mm,encoder_level0,0.11637846380472183,0.9932049512863159,20170713CH_Exp7_ZFPtm1a_M24
lesion,axis2_+4mm,encoder_level1,0.25631183385849,0.9665961265563965,20170713CH_Exp7_ZFPtm1a_M24
lesion,axis2_+4mm,encoder_level2,0.3873198330402374,0.9219464659690857,20170713CH_Exp7_ZFPtm1a_M24
lesion,axis2_+4mm,encoder_level3,0.3581587076187134,0.9336919188499451,20170713CH_Exp7_ZFPtm1a_M24
lesion,axis2_+4mm,encoder_level4,0.2340773195028305,0.9723244905471802,20170713CH_Exp7_ZFPtm1a_M24
lesion,axis2_+4mm,canvas_level4,0.2340773195028305,0.9723244905471802,20170713CH_Exp7_ZFPtm1a_M24
lesion,axis2_+4mm,canvas_level3,0.3731882572174072,0.9277631044387817,20170713CH_Exp7_ZFPtm1a_M24
lesion,axis2_+4mm,canvas_level2,0.38793879747390747,0.9217501878738403,20170713CH_Exp7_ZFPtm1a_M24
lesion,axis2_+4mm,canvas_level1,0.27897658944129944,0.9604036808013916,20170713CH_Exp7_ZFPtm1a_M24
lesion,axis2_+4mm,canvas_level0,0.29962480068206787,0.9541857242584229,20170713CH_Exp7_ZFPtm1a_M24
lesion,axis2_+4mm,output_logits,0.2759569585323334,0.9611900448799133,20170713CH_Exp7_ZFPtm1a_M24
lesion,axis2_+4mm,query_mask_embedding,0.012405208311975002,0.9999254941940308,20170713CH_Exp7_ZFPtm1a_M24
lesion,axis2_+6mm,input,2.1322523480193922e-06,1.0,20170713CH_Exp7_ZFPtm1a_M24
lesion,axis2_+6mm,encoder_level0,0.1665288358926773,0.9860367774963379,20170713CH_Exp7_ZFPtm1a_M24
lesion,axis2_+6mm,encoder_level1,0.45464271306991577,0.8906772136688232,20170713CH_Exp7_ZFPtm1a_M24
lesion,axis2_+6mm,encoder_level2,0.4475216865539551,0.8943304419517517,20170713CH_Exp7_ZFPtm1a_M24
lesion,axis2_+6mm,encoder_level3,0.49037498235702515,0.8715155124664307,20170713CH_Exp7_ZFPtm1a_M24
lesion,axis2_+6mm,encoder_level4,0.36095836758613586,0.9326623678207397,20170713CH_Exp7_ZFPtm1a_M24
lesion,axis2_+6mm,canvas_level4,0.36095836758613586,0.9326623678207397,20170713CH_Exp7_ZFPtm1a_M24
lesion,axis2_+6mm,canvas_level3,0.4696226716041565,0.883043646812439,20170713CH_Exp7_ZFPtm1a_M24
lesion,axis2_+6mm,canvas_level2,0.43574875593185425,0.9006801247596741,20170713CH_Exp7_ZFPtm1a_M24
lesion,axis2_+6mm,canvas_level1,0.37640640139579773,0.9266598224639893,20170713CH_Exp7_ZFPtm1a_M24
lesion,axis2_+6mm,canvas_level0,0.3854306638240814,0.9231792092323303,20170713CH_Exp7_ZFPtm1a_M24
lesion,axis2_+6mm,output_logits,0.3937624394893646,0.9192127585411072,20170713CH_Exp7_ZFPtm1a_M24
lesion,axis2_+6mm,query_mask_embedding,0.01815829798579216,0.9998399019241333,20170713CH_Exp7_ZFPtm1a_M24
lesion,resampling_floor,input,1.7110121461882954e-06,1.0,20170714CH_Exp7_ZFPtm1a_M28
lesion,resampling_floor,encoder_level0,1.8536140487412922e-05,1.0,20170714CH_Exp7_ZFPtm1a_M28
lesion,resampling_floor,encoder_level1,1.9285173038952053e-05,1.0,20170714CH_Exp7_ZFPtm1a_M28
lesion,resampling_floor,encoder_level2,2.1909811039222404e-05,1.0,20170714CH_Exp7_ZFPtm1a_M28
lesion,resampling_floor,encoder_level3,5.720484637095069e-07,1.0,20170714CH_Exp7_ZFPtm1a_M28
lesion,resampling_floor,encoder_level4,4.752387212647591e-06,1.0,20170714CH_Exp7_ZFPtm1a_M28
lesion,resampling_floor,canvas_level4,4.752387212647591e-06,1.0,20170714CH_Exp7_ZFPtm1a_M28
lesion,resampling_floor,canvas_level3,7.245479355333373e-05,1.0,20170714CH_Exp7_ZFPtm1a_M28
lesion,resampling_floor,canvas_level2,0.00015970048843882978,1.0,20170714CH_Exp7_ZFPtm1a_M28
lesion,resampling_floor,canvas_level1,0.000169203442055732,1.0,20170714CH_Exp7_ZFPtm1a_M28
lesion,resampling_floor,canvas_level0,0.00022559057106263936,1.0,20170714CH_Exp7_ZFPtm1a_M28
lesion,resampling_floor,output_logits,6.826539902249351e-05,1.0,20170714CH_Exp7_ZFPtm1a_M28
lesion,resampling_floor,query_mask_embedding,2.420646069367649e-06,1.0,20170714CH_Exp7_ZFPtm1a_M28
lesion,axis0_+1mm,input,1.6037030263760244e-06,1.0,20170714CH_Exp7_ZFPtm1a_M28
lesion,axis0_+1mm,encoder_level0,0.008486333303153515,0.9999684691429138,20170714CH_Exp7_ZFPtm1a_M28
lesion,axis0_+1mm,encoder_level1,0.1868789792060852,0.9823853969573975,20170714CH_Exp7_ZFPtm1a_M28
lesion,axis0_+1mm,encoder_level2,0.1838146448135376,0.9829609394073486,20170714CH_Exp7_ZFPtm1a_M28
lesion,axis0_+1mm,encoder_level3,0.16505303978919983,0.9862847328186035,20170714CH_Exp7_ZFPtm1a_M28
lesion,axis0_+1mm,encoder_level4,0.15203037858009338,0.9884189367294312,20170714CH_Exp7_ZFPtm1a_M28
lesion,axis0_+1mm,canvas_level4,0.15203037858009338,0.9884189367294312,20170714CH_Exp7_ZFPtm1a_M28
lesion,axis0_+1mm,canvas_level3,0.21307723224163055,0.9770386815071106,20170714CH_Exp7_ZFPtm1a_M28
lesion,axis0_+1mm,canvas_level2,0.20410892367362976,0.9789512157440186,20170714CH_Exp7_ZFPtm1a_M28
lesion,axis0_+1mm,canvas_level1,0.15600571036338806,0.987764835357666,20170714CH_Exp7_ZFPtm1a_M28
lesion,axis0_+1mm,canvas_level0,0.08929017931222916,0.9960159063339233,20170714CH_Exp7_ZFPtm1a_M28
lesion,axis0_+1mm,output_logits,0.03159914165735245,0.999500572681427,20170714CH_Exp7_ZFPtm1a_M28
lesion,axis0_+1mm,query_mask_embedding,0.006564522627741098,0.9999784827232361,20170714CH_Exp7_ZFPtm1a_M28
lesion,axis0_+2mm,input,1.6304082919305074e-06,1.0,20170714CH_Exp7_ZFPtm1a_M28
lesion,axis0_+2mm,encoder_level0,0.042301155626773834,0.9991327524185181,20170714CH_Exp7_ZFPtm1a_M28
lesion,axis0_+2mm,encoder_level1,0.09968910366296768,0.9951499700546265,20170714CH_Exp7_ZFPtm1a_M28
lesion,axis0_+2mm,encoder_level2,0.22532306611537933,0.9742997884750366,20170714CH_Exp7_ZFPtm1a_M28
lesion,axis0_+2mm,encoder_level3,0.158293679356575,0.9873939752578735,20170714CH_Exp7_ZFPtm1a_M28
lesion,axis0_+2mm,encoder_level4,0.17910000681877136,0.9838386178016663,20170714CH_Exp7_ZFPtm1a_M28
lesion,axis0_+2mm,canvas_level4,0.17910000681877136,0.9838386178016663,20170714CH_Exp7_ZFPtm1a_M28
lesion,axis0_+2mm,canvas_level3,0.23222121596336365,0.9727582931518555,20170714CH_Exp7_ZFPtm1a_M28
lesion,axis0_+2mm,canvas_level2,0.2576310932636261,0.9662452936172485,20170714CH_Exp7_ZFPtm1a_M28
lesion,axis0_+2mm,canvas_level1,0.15584395825862885,0.9878333806991577,20170714CH_Exp7_ZFPtm1a_M28
lesion,axis0_+2mm,canvas_level0,0.13438516855239868,0.9909971356391907,20170714CH_Exp7_ZFPtm1a_M28
lesion,axis0_+2mm,output_logits,0.04315594583749771,0.9990684390068054,20170714CH_Exp7_ZFPtm1a_M28
lesion,axis0_+2mm,query_mask_embedding,0.01677742414176464,0.9998602867126465,20170714CH_Exp7_ZFPtm1a_M28
lesion,axis0_+4mm,input,0.09377974271774292,0.9955929517745972,20170714CH_Exp7_ZFPtm1a_M28
lesion,axis0_+4mm,encoder_level0,0.15998396277427673,0.9872166514396667,20170714CH_Exp7_ZFPtm1a_M28
lesion,axis0_+4mm,encoder_level1,0.26354873180389404,0.9650348424911499,20170714CH_Exp7_ZFPtm1a_M28
lesion,axis0_+4mm,encoder_level2,0.29679834842681885,0.9552250504493713,20170714CH_Exp7_ZFPtm1a_M28
lesion,axis0_+4mm,encoder_level3,0.21640954911708832,0.9764111042022705,20170714CH_Exp7_ZFPtm1a_M28
lesion,axis0_+4mm,encoder_level4,0.18574434518814087,0.9826229810714722,20170714CH_Exp7_ZFPtm1a_M28
lesion,axis0_+4mm,canvas_level4,0.18574434518814087,0.9826229810714722,20170714CH_Exp7_ZFPtm1a_M28
lesion,axis0_+4mm,canvas_level3,0.29091113805770874,0.9570316076278687,20170714CH_Exp7_ZFPtm1a_M28
lesion,axis0_+4mm,canvas_level2,0.3135232627391815,0.9499251842498779,20170714CH_Exp7_ZFPtm1a_M28
lesion,axis0_+4mm,canvas_level1,0.27561479806900024,0.9614875316619873,20170714CH_Exp7_ZFPtm1a_M28
lesion,axis0_+4mm,canvas_level0,0.2895669937133789,0.9574565291404724,20170714CH_Exp7_ZFPtm1a_M28
lesion,axis0_+4mm,output_logits,0.2705170810222626,0.9627208113670349,20170714CH_Exp7_ZFPtm1a_M28
lesion,axis0_+4mm,query_mask_embedding,0.00451443949714303,0.9999898076057434,20170714CH_Exp7_ZFPtm1a_M28
lesion,axis0_+6mm,input,0.13246293365955353,0.9911879301071167,20170714CH_Exp7_ZFPtm1a_M28
lesion,axis0_+6mm,encoder_level0,0.2232443243265152,0.9749761819839478,20170714CH_Exp7_ZFPtm1a_M28
lesion,axis0_+6mm,encoder_level1,0.36112087965011597,0.933375358581543,20170714CH_Exp7_ZFPtm1a_M28
lesion,axis0_+6mm,encoder_level2,0.39404061436653137,0.919098436832428,20170714CH_Exp7_ZFPtm1a_M28
lesion,axis0_+6mm,encoder_level3,0.34409189224243164,0.9390220046043396,20170714CH_Exp7_ZFPtm1a_M28
lesion,axis0_+6mm,encoder_level4,0.21212796866893768,0.9775736927986145,20170714CH_Exp7_ZFPtm1a_M28
lesion,axis0_+6mm,canvas_level4,0.21212796866893768,0.9775736927986145,20170714CH_Exp7_ZFPtm1a_M28
lesion,axis0_+6mm,canvas_level3,0.3509645164012909,0.9370119571685791,20170714CH_Exp7_ZFPtm1a_M28
lesion,axis0_+6mm,canvas_level2,0.3919393718242645,0.9201429486274719,20170714CH_Exp7_ZFPtm1a_M28
lesion,axis0_+6mm,canvas_level1,0.36337265372276306,0.9322888851165771,20170714CH_Exp7_ZFPtm1a_M28
lesion,axis0_+6mm,canvas_level0,0.39187273383140564,0.9209401607513428,20170714CH_Exp7_ZFPtm1a_M28
lesion,axis0_+6mm,output_logits,0.3808768689632416,0.9246293306350708,20170714CH_Exp7_ZFPtm1a_M28
lesion,axis0_+6mm,query_mask_embedding,0.009541167877614498,0.9999547600746155,20170714CH_Exp7_ZFPtm1a_M28
lesion,axis1_+1mm,input,1.7110121461882954e-06,1.0,20170714CH_Exp7_ZFPtm1a_M28
lesion,axis1_+1mm,encoder_level0,1.8532824469730258e-05,1.0,20170714CH_Exp7_ZFPtm1a_M28
lesion,axis1_+1mm,encoder_level1,0.21265143156051636,0.9771456718444824,20170714CH_Exp7_ZFPtm1a_M28
lesion,axis1_+1mm,encoder_level2,0.2084684818983078,0.9780382513999939,20170714CH_Exp7_ZFPtm1a_M28
lesion,axis1_+1mm,encoder_level3,0.19755399227142334,0.9802997708320618,20170714CH_Exp7_ZFPtm1a_M28
lesion,axis1_+1mm,encoder_level4,0.1508362591266632,0.9887539744377136,20170714CH_Exp7_ZFPtm1a_M28
lesion,axis1_+1mm,canvas_level4,0.1508362591266632,0.9887539744377136,20170714CH_Exp7_ZFPtm1a_M28
lesion,axis1_+1mm,canvas_level3,0.2878793179988861,0.9577521681785583,20170714CH_Exp7_ZFPtm1a_M28
lesion,axis1_+1mm,canvas_level2,0.30021414160728455,0.9540657997131348,20170714CH_Exp7_ZFPtm1a_M28
lesion,axis1_+1mm,canvas_level1,0.24034567177295685,0.970706582069397,20170714CH_Exp7_ZFPtm1a_M28
lesion,axis1_+1mm,canvas_level0,0.19630178809165955,0.9806535243988037,20170714CH_Exp7_ZFPtm1a_M28
lesion,axis1_+1mm,output_logits,0.10486435890197754,0.9944881200790405,20170714CH_Exp7_ZFPtm1a_M28
lesion,axis1_+1mm,query_mask_embedding,0.012147326022386551,0.9999263286590576,20170714CH_Exp7_ZFPtm1a_M28
lesion,axis1_+2mm,input,1.7110121461882954e-06,1.0,20170714CH_Exp7_ZFPtm1a_M28
lesion,axis1_+2mm,encoder_level0,0.04564742371439934,0.998957633972168,20170714CH_Exp7_ZFPtm1a_M28
lesion,axis1_+2mm,encoder_level1,0.13238541781902313,0.9912165403366089,20170714CH_Exp7_ZFPtm1a_M28
lesion,axis1_+2mm,encoder_level2,0.2254648208618164,0.9742696285247803,20170714CH_Exp7_ZFPtm1a_M28
lesion,axis1_+2mm,encoder_level3,0.19888246059417725,0.9800459146499634,20170714CH_Exp7_ZFPtm1a_M28
lesion,axis1_+2mm,encoder_level4,0.18219108879566193,0.9833924770355225,20170714CH_Exp7_ZFPtm1a_M28
lesion,axis1_+2mm,canvas_level4,0.18219108879566193,0.9833924770355225,20170714CH_Exp7_ZFPtm1a_M28
lesion,axis1_+2mm,canvas_level3,0.30991652607917786,0.9510880708694458,20170714CH_Exp7_ZFPtm1a_M28
lesion,axis1_+2mm,canvas_level2,0.3418803811073303,0.9399619698524475,20170714CH_Exp7_ZFPtm1a_M28
lesion,axis1_+2mm,canvas_level1,0.2414192408323288,0.9705196619033813,20170714CH_Exp7_ZFPtm1a_M28
lesion,axis1_+2mm,canvas_level0,0.22196629643440247,0.9751680493354797,20170714CH_Exp7_ZFPtm1a_M28
lesion,axis1_+2mm,output_logits,0.14045988023281097,0.9901053309440613,20170714CH_Exp7_ZFPtm1a_M28
lesion,axis1_+2mm,query_mask_embedding,0.01956373266875744,0.9998104572296143,20170714CH_Exp7_ZFPtm1a_M28
lesion,axis1_+4mm,input,1.7110121461882954e-06,1.0,20170714CH_Exp7_ZFPtm1a_M28
lesion,axis1_+4mm,encoder_level0,0.11181186139583588,0.9937293529510498,20170714CH_Exp7_ZFPtm1a_M28
lesion,axis1_+4mm,encoder_level1,0.2644626796245575,0.9644065499305725,20170714CH_Exp7_ZFPtm1a_M28
lesion,axis1_+4mm,encoder_level2,0.30845388770103455,0.9514768123626709,20170714CH_Exp7_ZFPtm1a_M28
lesion,axis1_+4mm,encoder_level3,0.2484263926744461,0.9687542915344238,20170714CH_Exp7_ZFPtm1a_M28
lesion,axis1_+4mm,encoder_level4,0.16578753292560577,0.9861749410629272,20170714CH_Exp7_ZFPtm1a_M28
lesion,axis1_+4mm,canvas_level4,0.16578753292560577,0.9861749410629272,20170714CH_Exp7_ZFPtm1a_M28
lesion,axis1_+4mm,canvas_level3,0.3679874837398529,0.9302993416786194,20170714CH_Exp7_ZFPtm1a_M28
lesion,axis1_+4mm,canvas_level2,0.3855430781841278,0.9237884879112244,20170714CH_Exp7_ZFPtm1a_M28
lesion,axis1_+4mm,canvas_level1,0.30341875553131104,0.9529064893722534,20170714CH_Exp7_ZFPtm1a_M28
lesion,axis1_+4mm,canvas_level0,0.3346966505050659,0.9425544738769531,20170714CH_Exp7_ZFPtm1a_M28
lesion,axis1_+4mm,output_logits,0.2834389805793762,0.9590597152709961,20170714CH_Exp7_ZFPtm1a_M28
lesion,axis1_+4mm,query_mask_embedding,0.009451476857066154,0.9999561309814453,20170714CH_Exp7_ZFPtm1a_M28
lesion,axis1_+6mm,input,0.1822337657213211,0.9832552075386047,20170714CH_Exp7_ZFPtm1a_M28
lesion,axis1_+6mm,encoder_level0,0.3131977915763855,0.9502015709877014,20170714CH_Exp7_ZFPtm1a_M28
lesion,axis1_+6mm,encoder_level1,0.41477280855178833,0.9105591773986816,20170714CH_Exp7_ZFPtm1a_M28
lesion,axis1_+6mm,encoder_level2,0.43129172921180725,0.9022325277328491,20170714CH_Exp7_ZFPtm1a_M28
lesion,axis1_+6mm,encoder_level3,0.39350268244743347,0.9194445610046387,20170714CH_Exp7_ZFPtm1a_M28
lesion,axis1_+6mm,encoder_level4,0.23631782829761505,0.972224771976471,20170714CH_Exp7_ZFPtm1a_M28
lesion,axis1_+6mm,canvas_level4,0.23631782829761505,0.972224771976471,20170714CH_Exp7_ZFPtm1a_M28
lesion,axis1_+6mm,canvas_level3,0.4553346633911133,0.8918473720550537,20170714CH_Exp7_ZFPtm1a_M28
lesion,axis1_+6mm,canvas_level2,0.47255846858024597,0.8820890188217163,20170714CH_Exp7_ZFPtm1a_M28
lesion,axis1_+6mm,canvas_level1,0.42580246925354004,0.9056732654571533,20170714CH_Exp7_ZFPtm1a_M28
lesion,axis1_+6mm,canvas_level0,0.45656082034111023,0.8913396596908569,20170714CH_Exp7_ZFPtm1a_M28
lesion,axis1_+6mm,output_logits,0.4113278388977051,0.9114874601364136,20170714CH_Exp7_ZFPtm1a_M28
lesion,axis1_+6mm,query_mask_embedding,0.00728871114552021,0.99997478723526,20170714CH_Exp7_ZFPtm1a_M28
lesion,axis2_+1mm,input,0.1350066065788269,0.9910385012626648,20170714CH_Exp7_ZFPtm1a_M28
lesion,axis2_+1mm,encoder_level0,0.4310532212257385,0.9025187492370605,20170714CH_Exp7_ZFPtm1a_M28
lesion,axis2_+1mm,encoder_level1,0.20806168019771576,0.9781546592712402,20170714CH_Exp7_ZFPtm1a_M28
lesion,axis2_+1mm,encoder_level2,0.23251739144325256,0.9726501703262329,20170714CH_Exp7_ZFPtm1a_M28
lesion,axis2_+1mm,encoder_level3,0.19579444825649261,0.9807311296463013,20170714CH_Exp7_ZFPtm1a_M28
lesion,axis2_+1mm,encoder_level4,0.3007066547870636,0.9542673230171204,20170714CH_Exp7_ZFPtm1a_M28
lesion,axis2_+1mm,canvas_level4,0.3007066547870636,0.9542673230171204,20170714CH_Exp7_ZFPtm1a_M28
lesion,axis2_+1mm,canvas_level3,0.3238547444343567,0.9468635320663452,20170714CH_Exp7_ZFPtm1a_M28
lesion,axis2_+1mm,canvas_level2,0.31154608726501465,0.9507701992988586,20170714CH_Exp7_ZFPtm1a_M28
lesion,axis2_+1mm,canvas_level1,0.2358352392911911,0.9719014167785645,20170714CH_Exp7_ZFPtm1a_M28
lesion,axis2_+1mm,canvas_level0,0.20370681583881378,0.9791421890258789,20170714CH_Exp7_ZFPtm1a_M28
lesion,axis2_+1mm,output_logits,0.06746506690979004,0.997740626335144,20170714CH_Exp7_ZFPtm1a_M28
lesion,axis2_+1mm,query_mask_embedding,0.02927374467253685,0.9995903372764587,20170714CH_Exp7_ZFPtm1a_M28
lesion,axis2_+2mm,input,1.9669002995215124e-06,1.0,20170714CH_Exp7_ZFPtm1a_M28
lesion,axis2_+2mm,encoder_level0,0.04564724117517471,0.9989575147628784,20170714CH_Exp7_ZFPtm1a_M28
lesion,axis2_+2mm,encoder_level1,0.2953191101551056,0.9554067850112915,20170714CH_Exp7_ZFPtm1a_M28
lesion,axis2_+2mm,encoder_level2,0.2653238773345947,0.9641672372817993,20170714CH_Exp7_ZFPtm1a_M28
lesion,axis2_+2mm,encoder_level3,0.17820049822330475,0.984002947807312,20170714CH_Exp7_ZFPtm1a_M28
lesion,axis2_+2mm,encoder_level4,0.17891860008239746,0.9838763475418091,20170714CH_Exp7_ZFPtm1a_M28
lesion,axis2_+2mm,canvas_level4,0.17891860008239746,0.9838763475418091,20170714CH_Exp7_ZFPtm1a_M28
lesion,axis2_+2mm,canvas_level3,0.316815584897995,0.9487561583518982,20170714CH_Exp7_ZFPtm1a_M28
lesion,axis2_+2mm,canvas_level2,0.33449986577033997,0.9426335096359253,20170714CH_Exp7_ZFPtm1a_M28
lesion,axis2_+2mm,canvas_level1,0.27292221784591675,0.9620805978775024,20170714CH_Exp7_ZFPtm1a_M28
lesion,axis2_+2mm,canvas_level0,0.19447332620620728,0.9809459447860718,20170714CH_Exp7_ZFPtm1a_M28
lesion,axis2_+2mm,output_logits,0.12862616777420044,0.9918417930603027,20170714CH_Exp7_ZFPtm1a_M28
lesion,axis2_+2mm,query_mask_embedding,0.04639263078570366,0.9989584684371948,20170714CH_Exp7_ZFPtm1a_M28
lesion,axis2_+4mm,input,2.1030218704254366e-06,1.0000001192092896,20170714CH_Exp7_ZFPtm1a_M28
lesion,axis2_+4mm,encoder_level0,0.11181178689002991,0.9937294125556946,20170714CH_Exp7_ZFPtm1a_M28
lesion,axis2_+4mm,encoder_level1,0.25663501024246216,0.966510534286499,20170714CH_Exp7_ZFPtm1a_M28
lesion,axis2_+4mm,encoder_level2,0.38238289952278137,0.9240040183067322,20170714CH_Exp7_ZFPtm1a_M28
lesion,axis2_+4mm,encoder_level3,0.3489033281803131,0.9371984004974365,20170714CH_Exp7_ZFPtm1a_M28
lesion,axis2_+4mm,encoder_level4,0.22077004611492157,0.9754638671875,20170714CH_Exp7_ZFPtm1a_M28
lesion,axis2_+4mm,canvas_level4,0.22077004611492157,0.9754638671875,20170714CH_Exp7_ZFPtm1a_M28
lesion,axis2_+4mm,canvas_level3,0.3778582215309143,0.9258682727813721,20170714CH_Exp7_ZFPtm1a_M28
lesion,axis2_+4mm,canvas_level2,0.3840579092502594,0.9234009385108948,20170714CH_Exp7_ZFPtm1a_M28
lesion,axis2_+4mm,canvas_level1,0.26920121908187866,0.9631756544113159,20170714CH_Exp7_ZFPtm1a_M28
lesion,axis2_+4mm,canvas_level0,0.29195451736450195,0.9565176963806152,20170714CH_Exp7_ZFPtm1a_M28
lesion,axis2_+4mm,output_logits,0.2722875475883484,0.9623212218284607,20170714CH_Exp7_ZFPtm1a_M28
lesion,axis2_+4mm,query_mask_embedding,0.037490587681531906,0.9993189573287964,20170714CH_Exp7_ZFPtm1a_M28
lesion,axis2_+6mm,input,1.942041080837953e-06,0.9999999403953552,20170714CH_Exp7_ZFPtm1a_M28
lesion,axis2_+6mm,encoder_level0,0.15965262055397034,0.9871734380722046,20170714CH_Exp7_ZFPtm1a_M28
lesion,axis2_+6mm,encoder_level1,0.4464608132839203,0.8948034048080444,20170714CH_Exp7_ZFPtm1a_M28
lesion,axis2_+6mm,encoder_level2,0.44421666860580444,0.895966112613678,20170714CH_Exp7_ZFPtm1a_M28
lesion,axis2_+6mm,encoder_level3,0.4807535707950592,0.876868486404419,20170714CH_Exp7_ZFPtm1a_M28
lesion,axis2_+6mm,encoder_level4,0.34513890743255615,0.9386355876922607,20170714CH_Exp7_ZFPtm1a_M28
lesion,axis2_+6mm,canvas_level4,0.34513890743255615,0.9386355876922607,20170714CH_Exp7_ZFPtm1a_M28
lesion,axis2_+6mm,canvas_level3,0.476528137922287,0.8793576955795288,20170714CH_Exp7_ZFPtm1a_M28
lesion,axis2_+6mm,canvas_level2,0.432833194732666,0.9020441770553589,20170714CH_Exp7_ZFPtm1a_M28
lesion,axis2_+6mm,canvas_level1,0.3596877157688141,0.9331551194190979,20170714CH_Exp7_ZFPtm1a_M28
lesion,axis2_+6mm,canvas_level0,0.3797336220741272,0.9254485368728638,20170714CH_Exp7_ZFPtm1a_M28
lesion,axis2_+6mm,output_logits,0.3905195891857147,0.9207705855369568,20170714CH_Exp7_ZFPtm1a_M28
lesion,axis2_+6mm,query_mask_embedding,0.06683047115802765,0.9978686571121216,20170714CH_Exp7_ZFPtm1a_M28
lesion,resampling_floor,input,1.8200217937192065e-06,1.0000001192092896,20170714CH_Exp7_ZFPtm1a_M29
lesion,resampling_floor,encoder_level0,1.873881592473481e-05,0.9999998807907104,20170714CH_Exp7_ZFPtm1a_M29
lesion,resampling_floor,encoder_level1,1.9736457034014165e-05,1.0,20170714CH_Exp7_ZFPtm1a_M29
lesion,resampling_floor,encoder_level2,2.1933194148004986e-05,1.0,20170714CH_Exp7_ZFPtm1a_M29
lesion,resampling_floor,encoder_level3,6.13689053352573e-07,1.0,20170714CH_Exp7_ZFPtm1a_M29
lesion,resampling_floor,encoder_level4,4.361410901765339e-06,1.0,20170714CH_Exp7_ZFPtm1a_M29
lesion,resampling_floor,canvas_level4,4.361410901765339e-06,1.0,20170714CH_Exp7_ZFPtm1a_M29
lesion,resampling_floor,canvas_level3,7.038789772195742e-05,0.9999999403953552,20170714CH_Exp7_ZFPtm1a_M29
lesion,resampling_floor,canvas_level2,0.00016002458869479597,1.0,20170714CH_Exp7_ZFPtm1a_M29
lesion,resampling_floor,canvas_level1,0.00017122208373621106,1.0,20170714CH_Exp7_ZFPtm1a_M29
lesion,resampling_floor,canvas_level0,0.0002276422455906868,0.9999998807907104,20170714CH_Exp7_ZFPtm1a_M29
lesion,resampling_floor,output_logits,6.899145955685526e-05,1.0,20170714CH_Exp7_ZFPtm1a_M29
lesion,resampling_floor,query_mask_embedding,1.1759327662730357e-06,1.0,20170714CH_Exp7_ZFPtm1a_M29
lesion,axis0_+1mm,input,1.7016509445966221e-06,1.0000001192092896,20170714CH_Exp7_ZFPtm1a_M29
lesion,axis0_+1mm,encoder_level0,0.008738279342651367,0.9999668002128601,20170714CH_Exp7_ZFPtm1a_M29
lesion,axis0_+1mm,encoder_level1,0.1915101259946823,0.9814919829368591,20170714CH_Exp7_ZFPtm1a_M29
lesion,axis0_+1mm,encoder_level2,0.18398232758045197,0.9829295873641968,20170714CH_Exp7_ZFPtm1a_M29
lesion,axis0_+1mm,encoder_level3,0.17214909195899963,0.9850711822509766,20170714CH_Exp7_ZFPtm1a_M29
lesion,axis0_+1mm,encoder_level4,0.1567521095275879,0.9877082109451294,20170714CH_Exp7_ZFPtm1a_M29
lesion,axis0_+1mm,canvas_level4,0.1567521095275879,0.9877082109451294,20170714CH_Exp7_ZFPtm1a_M29
lesion,axis0_+1mm,canvas_level3,0.21865880489349365,0.9758096933364868,20170714CH_Exp7_ZFPtm1a_M29
lesion,axis0_+1mm,canvas_level2,0.21237297356128693,0.9771971106529236,20170714CH_Exp7_ZFPtm1a_M29
lesion,axis0_+1mm,canvas_level1,0.16578735411167145,0.9861705303192139,20170714CH_Exp7_ZFPtm1a_M29
lesion,axis0_+1mm,canvas_level0,0.10126703232526779,0.9948822259902954,20170714CH_Exp7_ZFPtm1a_M29
lesion,axis0_+1mm,output_logits,0.03492368757724762,0.9993919730186462,20170714CH_Exp7_ZFPtm1a_M29
lesion,axis0_+1mm,query_mask_embedding,0.011801446788012981,0.9999322891235352,20170714CH_Exp7_ZFPtm1a_M29
lesion,axis0_+2mm,input,1.7365703115501674e-06,1.0000001192092896,20170714CH_Exp7_ZFPtm1a_M29
lesion,axis0_+2mm,encoder_level0,0.04343293234705925,0.9990874528884888,20170714CH_Exp7_ZFPtm1a_M29
lesion,axis0_+2mm,encoder_level1,0.09734360128641129,0.9953750371932983,20170714CH_Exp7_ZFPtm1a_M29
lesion,axis0_+2mm,encoder_level2,0.22554606199264526,0.9742494821548462,20170714CH_Exp7_ZFPtm1a_M29
lesion,axis0_+2mm,encoder_level3,0.16175799071788788,0.9868325591087341,20170714CH_Exp7_ZFPtm1a_M29
lesion,axis0_+2mm,encoder_level4,0.18057872354984283,0.9835808277130127,20170714CH_Exp7_ZFPtm1a_M29
lesion,axis0_+2mm,canvas_level4,0.18057872354984283,0.9835808277130127,20170714CH_Exp7_ZFPtm1a_M29
lesion,axis0_+2mm,canvas_level3,0.22873231768608093,0.9736129641532898,20170714CH_Exp7_ZFPtm1a_M29
lesion,axis0_+2mm,canvas_level2,0.25839853286743164,0.9660418033599854,20170714CH_Exp7_ZFPtm1a_M29
lesion,axis0_+2mm,canvas_level1,0.1588781327009201,0.987355649471283,20170714CH_Exp7_ZFPtm1a_M29
lesion,axis0_+2mm,canvas_level0,0.13640831410884857,0.9907494783401489,20170714CH_Exp7_ZFPtm1a_M29
lesion,axis0_+2mm,output_logits,0.04529064893722534,0.9989750385284424,20170714CH_Exp7_ZFPtm1a_M29
lesion,axis0_+2mm,query_mask_embedding,0.00647624209523201,0.9999796152114868,20170714CH_Exp7_ZFPtm1a_M29
lesion,axis0_+4mm,input,0.09934139251708984,0.9950534701347351,20170714CH_Exp7_ZFPtm1a_M29
lesion,axis0_+4mm,encoder_level0,0.16858240962028503,0.9857978224754333,20170714CH_Exp7_ZFPtm1a_M29
lesion,axis0_+4mm,encoder_level1,0.2630193531513214,0.9651699066162109,20170714CH_Exp7_ZFPtm1a_M29
lesion,axis0_+4mm,encoder_level2,0.29296714067459106,0.9563669562339783,20170714CH_Exp7_ZFPtm1a_M29
lesion,axis0_+4mm,encoder_level3,0.22007940709590912,0.9755895137786865,20170714CH_Exp7_ZFPtm1a_M29
lesion,axis0_+4mm,encoder_level4,0.1898917704820633,0.981823742389679,20170714CH_Exp7_ZFPtm1a_M29
lesion,axis0_+4mm,canvas_level4,0.1898917704820633,0.981823742389679,20170714CH_Exp7_ZFPtm1a_M29
lesion,axis0_+4mm,canvas_level3,0.28297463059425354,0.9594372510910034,20170714CH_Exp7_ZFPtm1a_M29
lesion,axis0_+4mm,canvas_level2,0.30714499950408936,0.951988935470581,20170714CH_Exp7_ZFPtm1a_M29
lesion,axis0_+4mm,canvas_level1,0.2747059762477875,0.9617193341255188,20170714CH_Exp7_ZFPtm1a_M29
lesion,axis0_+4mm,canvas_level0,0.29120445251464844,0.956990122795105,20170714CH_Exp7_ZFPtm1a_M29
lesion,axis0_+4mm,output_logits,0.2706432342529297,0.9626816511154175,20170714CH_Exp7_ZFPtm1a_M29
lesion,axis0_+4mm,query_mask_embedding,0.005137689411640167,0.9999868869781494,20170714CH_Exp7_ZFPtm1a_M29
lesion,axis0_+6mm,input,0.14014314115047455,0.9901313781738281,20170714CH_Exp7_ZFPtm1a_M29
lesion,axis0_+6mm,encoder_level0,0.23539723455905914,0.9721457362174988,20170714CH_Exp7_ZFPtm1a_M29
lesion,axis0_+6mm,encoder_level1,0.3607364296913147,0.9335119128227234,20170714CH_Exp7_ZFPtm1a_M29
lesion,axis0_+6mm,encoder_level2,0.394482284784317,0.9189069271087646,20170714CH_Exp7_ZFPtm1a_M29
lesion,axis0_+6mm,encoder_level3,0.34627920389175415,0.9382144212722778,20170714CH_Exp7_ZFPtm1a_M29
lesion,axis0_+6mm,encoder_level4,0.2127457857131958,0.9773525595664978,20170714CH_Exp7_ZFPtm1a_M29
lesion,axis0_+6mm,canvas_level4,0.2127457857131958,0.9773525595664978,20170714CH_Exp7_ZFPtm1a_M29
lesion,axis0_+6mm,canvas_level3,0.34353917837142944,0.9397261142730713,20170714CH_Exp7_ZFPtm1a_M29
lesion,axis0_+6mm,canvas_level2,0.3911476135253906,0.9205000400543213,20170714CH_Exp7_ZFPtm1a_M29
lesion,axis0_+6mm,canvas_level1,0.36709922552108765,0.9308198094367981,20170714CH_Exp7_ZFPtm1a_M29
lesion,axis0_+6mm,canvas_level0,0.396849125623703,0.9188931584358215,20170714CH_Exp7_ZFPtm1a_M29
lesion,axis0_+6mm,output_logits,0.3825538456439972,0.9239349365234375,20170714CH_Exp7_ZFPtm1a_M29
lesion,axis0_+6mm,query_mask_embedding,0.012747051194310188,0.9999194741249084,20170714CH_Exp7_ZFPtm1a_M29
lesion,axis1_+1mm,input,1.8200217937192065e-06,1.0000001192092896,20170714CH_Exp7_ZFPtm1a_M29
lesion,axis1_+1mm,encoder_level0,1.8723460016190074e-05,0.9999998807907104,20170714CH_Exp7_ZFPtm1a_M29
lesion,axis1_+1mm,encoder_level1,0.21712101995944977,0.976164698600769,20170714CH_Exp7_ZFPtm1a_M29
lesion,axis1_+1mm,encoder_level2,0.21143878996372223,0.9774009585380554,20170714CH_Exp7_ZFPtm1a_M29
lesion,axis1_+1mm,encoder_level3,0.20622241497039795,0.9785147905349731,20170714CH_Exp7_ZFPtm1a_M29
lesion,axis1_+1mm,encoder_level4,0.14653536677360535,0.9893836379051208,20170714CH_Exp7_ZFPtm1a_M29
lesion,axis1_+1mm,canvas_level4,0.14653536677360535,0.9893836379051208,20170714CH_Exp7_ZFPtm1a_M29
lesion,axis1_+1mm,canvas_level3,0.28558236360549927,0.9584164619445801,20170714CH_Exp7_ZFPtm1a_M29
lesion,axis1_+1mm,canvas_level2,0.29757797718048096,0.9548754692077637,20170714CH_Exp7_ZFPtm1a_M29
lesion,axis1_+1mm,canvas_level1,0.23989412188529968,0.9708166718482971,20170714CH_Exp7_ZFPtm1a_M29
lesion,axis1_+1mm,canvas_level0,0.19913062453269958,0.9800931215286255,20170714CH_Exp7_ZFPtm1a_M29
lesion,axis1_+1mm,output_logits,0.10750211775302887,0.9942057728767395,20170714CH_Exp7_ZFPtm1a_M29
lesion,axis1_+1mm,query_mask_embedding,0.005184976849704981,0.999987006187439,20170714CH_Exp7_ZFPtm1a_M29
lesion,axis1_+2mm,input,1.8200217937192065e-06,1.0000001192092896,20170714CH_Exp7_ZFPtm1a_M29
lesion,axis1_+2mm,encoder_level0,0.04837319254875183,0.9988293051719666,20170714CH_Exp7_ZFPtm1a_M29
lesion,axis1_+2mm,encoder_level1,0.13149844110012054,0.9913338422775269,20170714CH_Exp7_ZFPtm1a_M29
lesion,axis1_+2mm,encoder_level2,0.22880370914936066,0.9734925031661987,20170714CH_Exp7_ZFPtm1a_M29
lesion,axis1_+2mm,encoder_level3,0.20556789636611938,0.9786674380302429,20170714CH_Exp7_ZFPtm1a_M29
lesion,axis1_+2mm,encoder_level4,0.17830024659633636,0.984042763710022,20170714CH_Exp7_ZFPtm1a_M29
lesion,axis1_+2mm,canvas_level4,0.17830024659633636,0.984042763710022,20170714CH_Exp7_ZFPtm1a_M29
lesion,axis1_+2mm,canvas_level3,0.30318620800971985,0.9531501531600952,20170714CH_Exp7_ZFPtm1a_M29
lesion,axis1_+2mm,canvas_level2,0.34075844287872314,0.9403567314147949,20170714CH_Exp7_ZFPtm1a_M29
lesion,axis1_+2mm,canvas_level1,0.24475350975990295,0.9696916341781616,20170714CH_Exp7_ZFPtm1a_M29
lesion,axis1_+2mm,canvas_level0,0.22607207298278809,0.9742411375045776,20170714CH_Exp7_ZFPtm1a_M29
lesion,axis1_+2mm,output_logits,0.14419417083263397,0.9895740747451782,20170714CH_Exp7_ZFPtm1a_M29
lesion,axis1_+2mm,query_mask_embedding,0.008997704833745956,0.9999622106552124,20170714CH_Exp7_ZFPtm1a_M29
lesion,axis1_+4mm,input,1.8200217937192065e-06,1.0000001192092896,20170714CH_Exp7_ZFPtm1a_M29
lesion,axis1_+4mm,encoder_level0,0.11848869174718857,0.9929553866386414,20170714CH_Exp7_ZFPtm1a_M29
lesion,axis1_+4mm,encoder_level1,0.26411670446395874,0.9645009636878967,20170714CH_Exp7_ZFPtm1a_M29
lesion,axis1_+4mm,encoder_level2,0.30769217014312744,0.9517194628715515,20170714CH_Exp7_ZFPtm1a_M29
lesion,axis1_+4mm,encoder_level3,0.25609147548675537,0.9667416214942932,20170714CH_Exp7_ZFPtm1a_M29
lesion,axis1_+4mm,encoder_level4,0.1647324115037918,0.9863397479057312,20170714CH_Exp7_ZFPtm1a_M29
lesion,axis1_+4mm,canvas_level4,0.1647324115037918,0.9863397479057312,20170714CH_Exp7_ZFPtm1a_M29
lesion,axis1_+4mm,canvas_level3,0.3650873899459839,0.931388795375824,20170714CH_Exp7_ZFPtm1a_M29
lesion,axis1_+4mm,canvas_level2,0.37989649176597595,0.9260889291763306,20170714CH_Exp7_ZFPtm1a_M29
lesion,axis1_+4mm,canvas_level1,0.3050767779350281,0.9523871541023254,20170714CH_Exp7_ZFPtm1a_M29
lesion,axis1_+4mm,canvas_level0,0.339501291513443,0.9408648610115051,20170714CH_Exp7_ZFPtm1a_M29
lesion,axis1_+4mm,output_logits,0.28896114230155945,0.9573932886123657,20170714CH_Exp7_ZFPtm1a_M29
lesion,axis1_+4mm,query_mask_embedding,0.010479859076440334,0.9999452829360962,20170714CH_Exp7_ZFPtm1a_M29
lesion,axis1_+6mm,input,0.21177369356155396,0.9773188829421997,20170714CH_Exp7_ZFPtm1a_M29
lesion,axis1_+6mm,encoder_level0,0.34084030985832214,0.9408749341964722,20170714CH_Exp7_ZFPtm1a_M29
lesion,axis1_+6mm,encoder_level1,0.4193839132785797,0.9085177183151245,20170714CH_Exp7_ZFPtm1a_M29
lesion,axis1_+6mm,encoder_level2,0.4366850256919861,0.8996461033821106,20170714CH_Exp7_ZFPtm1a_M29
lesion,axis1_+6mm,encoder_level3,0.3961043953895569,0.9183217883110046,20170714CH_Exp7_ZFPtm1a_M29
lesion,axis1_+6mm,encoder_level4,0.23007327318191528,0.9737352728843689,20170714CH_Exp7_ZFPtm1a_M29
lesion,axis1_+6mm,canvas_level4,0.23007327318191528,0.9737352728843689,20170714CH_Exp7_ZFPtm1a_M29
lesion,axis1_+6mm,canvas_level3,0.4552743434906006,0.8918365240097046,20170714CH_Exp7_ZFPtm1a_M29
lesion,axis1_+6mm,canvas_level2,0.47434553503990173,0.8811904191970825,20170714CH_Exp7_ZFPtm1a_M29
lesion,axis1_+6mm,canvas_level1,0.43040674924850464,0.9035578370094299,20170714CH_Exp7_ZFPtm1a_M29
lesion,axis1_+6mm,canvas_level0,0.46398767828941345,0.8877046704292297,20170714CH_Exp7_ZFPtm1a_M29
lesion,axis1_+6mm,output_logits,0.41809365153312683,0.9084064364433289,20170714CH_Exp7_ZFPtm1a_M29
lesion,axis1_+6mm,query_mask_embedding,0.012285199016332626,0.9999245405197144,20170714CH_Exp7_ZFPtm1a_M29
lesion,axis2_+1mm,input,0.13796132802963257,0.9906569123268127,20170714CH_Exp7_ZFPtm1a_M29
lesion,axis2_+1mm,encoder_level0,0.42760413885116577,0.9041630029678345,20170714CH_Exp7_ZFPtm1a_M29
lesion,axis2_+1mm,encoder_level1,0.21032531559467316,0.9776701331138611,20170714CH_Exp7_ZFPtm1a_M29
lesion,axis2_+1mm,encoder_level2,0.23859606683254242,0.9711862802505493,20170714CH_Exp7_ZFPtm1a_M29
lesion,axis2_+1mm,encoder_level3,0.20206651091575623,0.9794687628746033,20170714CH_Exp7_ZFPtm1a_M29
lesion,axis2_+1mm,encoder_level4,0.31001341342926025,0.9513422250747681,20170714CH_Exp7_ZFPtm1a_M29
lesion,axis2_+1mm,canvas_level4,0.31001341342926025,0.9513422250747681,20170714CH_Exp7_ZFPtm1a_M29
lesion,axis2_+1mm,canvas_level3,0.33179807662963867,0.9441866874694824,20170714CH_Exp7_ZFPtm1a_M29
lesion,axis2_+1mm,canvas_level2,0.3219059407711029,0.9473304152488708,20170714CH_Exp7_ZFPtm1a_M29
lesion,axis2_+1mm,canvas_level1,0.24561195075511932,0.969507098197937,20170714CH_Exp7_ZFPtm1a_M29
lesion,axis2_+1mm,canvas_level0,0.21286089718341827,0.9772303104400635,20170714CH_Exp7_ZFPtm1a_M29
lesion,axis2_+1mm,output_logits,0.07512536644935608,0.9971973299980164,20170714CH_Exp7_ZFPtm1a_M29
lesion,axis2_+1mm,query_mask_embedding,0.024275153875350952,0.9997342824935913,20170714CH_Exp7_ZFPtm1a_M29
lesion,axis2_+2mm,input,2.1292955807439284e-06,1.0000001192092896,20170714CH_Exp7_ZFPtm1a_M29
lesion,axis2_+2mm,encoder_level0,0.0483730286359787,0.9988293647766113,20170714CH_Exp7_ZFPtm1a_M29
lesion,axis2_+2mm,encoder_level1,0.29977911710739136,0.9540144801139832,20170714CH_Exp7_ZFPtm1a_M29
lesion,axis2_+2mm,encoder_level2,0.270869642496109,0.9626278877258301,20170714CH_Exp7_ZFPtm1a_M29
lesion,axis2_+2mm,encoder_level3,0.18351182341575623,0.9830273389816284,20170714CH_Exp7_ZFPtm1a_M29
lesion,axis2_+2mm,encoder_level4,0.18410402536392212,0.9829840064048767,20170714CH_Exp7_ZFPtm1a_M29
lesion,axis2_+2mm,canvas_level4,0.18410402536392212,0.9829840064048767,20170714CH_Exp7_ZFPtm1a_M29
lesion,axis2_+2mm,canvas_level3,0.3075222373008728,0.9517837762832642,20170714CH_Exp7_ZFPtm1a_M29
lesion,axis2_+2mm,canvas_level2,0.3370814323425293,0.9416999816894531,20170714CH_Exp7_ZFPtm1a_M29
lesion,axis2_+2mm,canvas_level1,0.28072449564933777,0.9598445892333984,20170714CH_Exp7_ZFPtm1a_M29
lesion,axis2_+2mm,canvas_level0,0.2024935930967331,0.9793574810028076,20170714CH_Exp7_ZFPtm1a_M29
lesion,axis2_+2mm,output_logits,0.13254505395889282,0.9912446737289429,20170714CH_Exp7_ZFPtm1a_M29
lesion,axis2_+2mm,query_mask_embedding,0.023884834721684456,0.9997338056564331,20170714CH_Exp7_ZFPtm1a_M29
lesion,axis2_+4mm,input,2.344732820347417e-06,1.0000001192092896,20170714CH_Exp7_ZFPtm1a_M29
lesion,axis2_+4mm,encoder_level0,0.1184886246919632,0.9929554462432861,20170714CH_Exp7_ZFPtm1a_M29
lesion,axis2_+4mm,encoder_level1,0.25645655393600464,0.9665576815605164,20170714CH_Exp7_ZFPtm1a_M29
lesion,axis2_+4mm,encoder_level2,0.3863344192504883,0.9223588705062866,20170714CH_Exp7_ZFPtm1a_M29
lesion,axis2_+4mm,encoder_level3,0.35290253162384033,0.9356962442398071,20170714CH_Exp7_ZFPtm1a_M29
lesion,axis2_+4mm,encoder_level4,0.23016178607940674,0.9731565117835999,20170714CH_Exp7_ZFPtm1a_M29
lesion,axis2_+4mm,canvas_level4,0.23016178607940674,0.9731565117835999,20170714CH_Exp7_ZFPtm1a_M29
lesion,axis2_+4mm,canvas_level3,0.3766760230064392,0.9263520240783691,20170714CH_Exp7_ZFPtm1a_M29
lesion,axis2_+4mm,canvas_level2,0.38851869106292725,0.9214788675308228,20170714CH_Exp7_ZFPtm1a_M29
lesion,axis2_+4mm,canvas_level1,0.2756473422050476,0.9613419771194458,20170714CH_Exp7_ZFPtm1a_M29
lesion,axis2_+4mm,canvas_level0,0.29803237318992615,0.9546877145767212,20170714CH_Exp7_ZFPtm1a_M29
lesion,axis2_+4mm,output_logits,0.27627652883529663,0.9610939025878906,20170714CH_Exp7_ZFPtm1a_M29
lesion,axis2_+4mm,query_mask_embedding,0.006822522729635239,0.9999788403511047,20170714CH_Exp7_ZFPtm1a_M29
lesion,axis2_+6mm,input,2.070529262709897e-06,1.0,20170714CH_Exp7_ZFPtm1a_M29
lesion,axis2_+6mm,encoder_level0,0.1693592071533203,0.9855544567108154,20170714CH_Exp7_ZFPtm1a_M29
lesion,axis2_+6mm,encoder_level1,0.45018938183784485,0.8929338455200195,20170714CH_Exp7_ZFPtm1a_M29
lesion,axis2_+6mm,encoder_level2,0.44783303141593933,0.8941712379455566,20170714CH_Exp7_ZFPtm1a_M29
lesion,axis2_+6mm,encoder_level3,0.48649951815605164,0.8736849427223206,20170714CH_Exp7_ZFPtm1a_M29
lesion,axis2_+6mm,encoder_level4,0.35669630765914917,0.9343899488449097,20170714CH_Exp7_ZFPtm1a_M29
lesion,axis2_+6mm,canvas_level4,0.35669630765914917,0.9343899488449097,20170714CH_Exp7_ZFPtm1a_M29
lesion,axis2_+6mm,canvas_level3,0.47481173276901245,0.8803721070289612,20170714CH_Exp7_ZFPtm1a_M29
lesion,axis2_+6mm,canvas_level2,0.4403659701347351,0.898480236530304,20170714CH_Exp7_ZFPtm1a_M29
lesion,axis2_+6mm,canvas_level1,0.3733350336551666,0.9278653860092163,20170714CH_Exp7_ZFPtm1a_M29
lesion,axis2_+6mm,canvas_level0,0.3867552876472473,0.9226704835891724,20170714CH_Exp7_ZFPtm1a_M29
lesion,axis2_+6mm,output_logits,0.3956345319747925,0.9184256792068481,20170714CH_Exp7_ZFPtm1a_M29
lesion,axis2_+6mm,query_mask_embedding,0.02921147085726261,0.9996063709259033,20170714CH_Exp7_ZFPtm1a_M29
