domain,subject,native_coordinate_axis,candidate_factor_pixels,expected_level1_footprint_pixels,expert_best_residue,expert_max_alignment_fraction,prediction_best_residue,prediction_max_alignment_fraction,prediction_minus_expert_alignment,expert_transition_count,prediction_transition_count,condition
CAMRI,064,x,2,1.5999999403953562,0,0.50346511261616,1,0.5051978277734678,0.0017327151573077737,12698,12890,corrected_baseline
CAMRI,064,x,3,1.5999999403953562,2,0.3354071507323988,2,0.3456167571761055,0.01020960644370672,12698,12890,corrected_baseline
CAMRI,064,x,4,1.5999999403953562,0,0.25791463222554734,1,0.2630721489526765,0.005157516727129163,12698,12890,corrected_baseline
CAMRI,064,x,5,1.5999999403953562,4,0.21389195148842338,2,0.21140418929402638,-0.002487762194397003,12698,12890,corrected_baseline
CAMRI,064,x,6,1.5999999403953562,5,0.1803433611592377,5,0.19270752521334367,0.01236416405410598,12698,12890,corrected_baseline
CAMRI,064,x,7,1.5999999403953562,1,0.16711293117026305,1,0.1716834755624515,0.004570544392188458,12698,12890,corrected_baseline
CAMRI,064,x,8,1.5999999403953562,1,0.14789730666246653,1,0.15934833204034135,0.011451025377874818,12698,12890,corrected_baseline
CAMRI,064,y,2,2.4999999627470975,1,0.5084377397085145,1,0.5138215324927256,0.005383792784211083,7822,8248,corrected_baseline
CAMRI,064,y,3,2.4999999627470975,2,0.3394272564561493,2,0.3547526673132881,0.015325410857138788,7822,8248,corrected_baseline
CAMRI,064,y,4,2.4999999627470975,3,0.2550498593710049,3,0.2755819592628516,0.020532099891846733,7822,8248,corrected_baseline
CAMRI,064,y,5,2.4999999627470975,2,0.20646893377652775,3,0.23896702230843841,0.03249808853191066,7822,8248,corrected_baseline
CAMRI,064,y,6,2.4999999627470975,5,0.17847097928918434,5,0.19895732298739088,0.02048634369820654,7822,8248,corrected_baseline
CAMRI,064,y,7,2.4999999627470975,1,0.14727691127588852,3,0.17192046556741028,0.024643554291521763,7822,8248,corrected_baseline
CAMRI,064,y,8,2.4999999627470975,7,0.13244694451546918,7,0.15906886517943744,0.026621920663968263,7822,8248,corrected_baseline
CAMRI,064,x,2,1.5999999403953562,0,0.50346511261616,1,0.511160012574662,0.007694899958502033,12698,12724,level0
CAMRI,064,x,3,1.5999999403953562,2,0.3354071507323988,2,0.34721785602011945,0.011810705287720658,12698,12724,level0
CAMRI,064,x,4,1.5999999403953562,0,0.25791463222554734,1,0.2686262181703867,0.010711585944839341,12698,12724,level0
CAMRI,064,x,5,1.5999999403953562,4,0.21389195148842338,3,0.2121188305564288,-0.0017731209319945818,12698,12724,level0
CAMRI,064,x,6,1.5999999403953562,5,0.1803433611592377,5,0.19262810436969507,0.012284743210457388,12698,12724,level0
CAMRI,064,x,7,1.5999999403953562,1,0.16711293117026305,1,0.17250864508016348,0.005395713909900429,12698,12724,level0
CAMRI,064,x,8,1.5999999403953562,1,0.14789730666246653,1,0.1622131405218485,0.014315833859381955,12698,12724,level0
CAMRI,064,y,2,2.4999999627470975,1,0.5084377397085145,1,0.5140091696383087,0.005571429929794203,7822,7852,level0
CAMRI,064,y,3,2.4999999627470975,2,0.3394272564561493,2,0.34207845134997455,0.0026511948938252594,7822,7852,level0
CAMRI,064,y,4,2.4999999627470975,3,0.2550498593710049,1,0.2576413652572593,0.002591505886254397,7822,7852,level0
CAMRI,064,y,5,2.4999999627470975,2,0.20646893377652775,2,0.21281202241467143,0.0063430886381436735,7822,7852,level0
CAMRI,064,y,6,2.4999999627470975,5,0.17847097928918434,5,0.18504839531329598,0.006577416024111632,7822,7852,level0
CAMRI,064,y,7,2.4999999627470975,1,0.14727691127588852,0,0.14735099337748345,7.408210159493e-05,7822,7852,level0
CAMRI,064,y,8,2.4999999627470975,7,0.13244694451546918,7,0.13537952114111054,0.0029325766256413643,7822,7852,level0
CAMRI,007,x,2,3.1999998807907124,0,0.5756929637526652,1,0.5147664835164835,-0.060926480236181746,2814,2912,corrected_baseline
CAMRI,007,x,3,3.1999998807907124,0,0.34506041222459133,0,0.35027472527472525,0.005214313050133923,2814,2912,corrected_baseline
CAMRI,007,x,4,3.1999998807907124,2,0.3034825870646766,3,0.2706043956043956,-0.03287819146028104,2814,2912,corrected_baseline
CAMRI,007,x,5,3.1999998807907124,2,0.2085998578535892,1,0.20707417582417584,-0.001525682029413361,2814,2912,corrected_baseline
CAMRI,007,x,6,3.1999998807907124,0,0.19900497512437812,3,0.18853021978021978,-0.010474755344158343,2814,2912,corrected_baseline
CAMRI,007,x,7,3.1999998807907124,3,0.16062544420753375,5,0.15384615384615385,-0.006779290361379892,2814,2912,corrected_baseline
CAMRI,007,x,8,3.1999998807907124,6,0.15636105188343993,3,0.1404532967032967,-0.01590775518014323,2814,2912,corrected_baseline
CAMRI,007,y,2,4.999999925494195,0,0.556926528323051,1,0.511844331641286,-0.04508219668176505,3566,3546,corrected_baseline
CAMRI,007,y,3,4.999999925494195,1,0.339035333707235,1,0.34404963338973493,0.005014299682499945,3566,3546,corrected_baseline
CAMRI,007,y,4,4.999999925494195,0,0.3051037577117218,3,0.2701635645798082,-0.0349401931319136,3566,3546,corrected_baseline
CAMRI,007,y,5,4.999999925494195,0,0.2319125070106562,3,0.5033840947546532,0.271471587743997,3566,3546,corrected_baseline
CAMRI,007,y,6,4.999999925494195,2,0.18900729108244532,5,0.1754089114495206,-0.013598379632924734,3566,3546,corrected_baseline
CAMRI,007,y,7,4.999999925494195,6,0.16320807627593942,0,0.2131979695431472,0.04998989326720779,3566,3546,corrected_baseline
CAMRI,007,y,8,4.999999925494195,0,0.16881660123387549,4,0.1990975747320925,0.030280973498217012,3566,3546,corrected_baseline
CAMRI,007,x,2,3.1999998807907124,0,0.5756929637526652,1,0.5129958960328317,-0.06269706771983352,2814,2924,level0
CAMRI,007,x,3,3.1999998807907124,0,0.34506041222459133,0,0.3450752393980848,1.4827173493492385e-05,2814,2924,level0
CAMRI,007,x,4,3.1999998807907124,2,0.3034825870646766,3,0.25752393980848154,-0.045958647256195084,2814,2924,level0
CAMRI,007,x,5,3.1999998807907124,2,0.2085998578535892,4,0.21135430916552667,0.002754451311937467,2814,2924,level0
CAMRI,007,x,6,3.1999998807907124,0,0.19900497512437812,3,0.1826265389876881,-0.016378436136690017,2814,2924,level0
CAMRI,007,x,7,3.1999998807907124,3,0.16062544420753375,2,0.16108071135430915,0.0004552671467754066,2814,2924,level0
CAMRI,007,x,8,3.1999998807907124,6,0.15636105188343993,3,0.13611491108071136,-0.020246140802728574,2814,2924,level0
CAMRI,007,y,2,4.999999925494195,0,0.556926528323051,1,0.511601584606678,-0.04532494371637297,3566,3534,level0
CAMRI,007,y,3,4.999999925494195,1,0.339035333707235,1,0.367572156196944,0.028536822489709013,3566,3534,level0
CAMRI,007,y,4,4.999999925494195,0,0.3051037577117218,0,0.26796830786644027,-0.037135449845281554,3566,3534,level0
CAMRI,007,y,5,4.999999925494195,0,0.2319125070106562,3,0.45217883418222976,0.22026632717157357,3566,3534,level0
CAMRI,007,y,6,4.999999925494195,2,0.18900729108244532,4,0.19722693831352575,0.00821964723108043,3566,3534,level0
CAMRI,007,y,7,4.999999925494195,6,0.16320807627593942,0,0.22891907187323146,0.06571099559729204,3566,3534,level0
CAMRI,007,y,8,4.999999925494195,0,0.16881660123387549,4,0.2178834182229768,0.049066816989101314,3566,3534,level0
CAMRI,043,x,2,3.1999998807907124,0,0.5821508588498879,0,0.5,-0.08215085884988793,2678,2758,corrected_baseline
CAMRI,043,x,3,3.1999998807907124,0,0.35175504107542943,1,0.359680928208847,0.007925887133417575,2678,2758,corrected_baseline
CAMRI,043,x,4,3.1999998807907124,2,0.2983569828230022,2,0.2556200145032632,-0.042736968319739,2678,2758,corrected_baseline
CAMRI,043,x,5,3.1999998807907124,1,0.21135175504107542,0,0.22733865119651922,0.015986896155443797,2678,2758,corrected_baseline
CAMRI,043,x,6,3.1999998807907124,0,0.21135175504107542,1,0.18419144307469182,-0.027160311966383605,2678,2758,corrected_baseline
CAMRI,043,x,7,3.1999998807907124,3,0.15571321882001493,1,0.16134880348078318,0.005635584660768245,2678,2758,corrected_baseline
CAMRI,043,x,8,3.1999998807907124,2,0.16019417475728157,6,0.1363306744017404,-0.023863500355541162,2678,2758,corrected_baseline
CAMRI,043,y,2,4.999999925494195,0,0.5787146226415094,1,0.5284290738569754,-0.05028554878453406,3392,3412,corrected_baseline
CAMRI,043,y,3,4.999999925494195,1,0.33726415094339623,2,0.3798358733880422,0.042571722444645965,3392,3412,corrected_baseline
CAMRI,043,y,4,4.999999925494195,0,0.30395047169811323,0,0.26699882766705746,-0.036951644031055775,3392,3412,corrected_baseline
CAMRI,043,y,5,4.999999925494195,4,0.21226415094339623,3,0.5565650644783119,0.34430091353491565,3392,3412,corrected_baseline
CAMRI,043,y,6,4.999999925494195,2,0.2016509433962264,3,0.21834701055099648,0.016696067154770067,3392,3412,corrected_baseline
CAMRI,043,y,7,4.999999925494195,6,0.15566037735849056,0,0.21483001172332944,0.05916963436483888,3392,3412,corrected_baseline
CAMRI,043,y,8,4.999999925494195,6,0.15683962264150944,4,0.21629542790152403,0.059455805260014594,3392,3412,corrected_baseline
CAMRI,043,x,2,3.1999998807907124,0,0.5821508588498879,1,0.5246957766642806,-0.057455082185607353,2678,2794,level0
CAMRI,043,x,3,3.1999998807907124,0,0.35175504107542943,1,0.3611309949892627,0.00937595391383328,2678,2794,level0
CAMRI,043,x,4,3.1999998807907124,2,0.2983569828230022,1,0.27487473156764497,-0.023482251255357245,2678,2794,level0
CAMRI,043,x,5,3.1999998807907124,1,0.21135175504107542,0,0.22297780959198282,0.0116260545509074,2678,2794,level0
CAMRI,043,x,6,3.1999998807907124,0,0.21135175504107542,1,0.19398711524695778,-0.017364639794117648,2678,2794,level0
CAMRI,043,x,7,3.1999998807907124,3,0.15571321882001493,5,0.15855404438081602,0.0028408255608010913,2678,2794,level0
CAMRI,043,x,8,3.1999998807907124,2,0.16019417475728157,1,0.14137437365783823,-0.01881980109944334,2678,2794,level0
CAMRI,043,y,2,4.999999925494195,0,0.5787146226415094,1,0.5308641975308642,-0.04785042511064519,3392,3402,level0
CAMRI,043,y,3,4.999999925494195,1,0.33726415094339623,2,0.3838918283362728,0.04662767739287654,3392,3402,level0
CAMRI,043,y,4,4.999999925494195,0,0.30395047169811323,1,0.29188712522045857,-0.012063346477654668,3392,3402,level0
CAMRI,043,y,5,4.999999925494195,4,0.21226415094339623,3,0.46854791299235743,0.2562837620489612,3392,3402,level0
CAMRI,043,y,6,4.999999925494195,2,0.2016509433962264,5,0.2054673721340388,0.0038164287378123773,3392,3402,level0
CAMRI,043,y,7,4.999999925494195,6,0.15566037735849056,0,0.2072310405643739,0.05157066320588333,3392,3402,level0
CAMRI,043,y,8,4.999999925494195,6,0.15683962264150944,1,0.23427395649617871,0.07743433385466927,3392,3402,level0
CAMRI,078,x,2,1.5999999403953562,0,0.5036836935166994,1,0.5011264885741873,-0.0025572049425121035,12216,12428,corrected_baseline
CAMRI,078,x,3,1.5999999403953562,1,0.34372953503601833,1,0.3455101383971677,0.00178060336114938,12216,12428,corrected_baseline
CAMRI,078,x,4,1.5999999403953562,0,0.2687459070072037,3,0.26770196330865786,-0.001043943698545824,12216,12428,corrected_baseline
CAMRI,078,x,5,1.5999999403953562,2,0.24353307138179436,2,0.2397006758931445,-0.003832395488649859,12216,12428,corrected_baseline
CAMRI,078,x,6,1.5999999403953562,2,0.17927308447937132,1,0.1797553910524622,0.0004823065730908682,12216,12428,corrected_baseline
CAMRI,078,x,7,1.5999999403953562,0,0.16601178781925344,0,0.17476665593820406,0.008754868118950626,12216,12428,corrected_baseline
CAMRI,078,x,8,1.5999999403953562,3,0.13695153896529141,3,0.1467653685226907,0.00981382955739929,12216,12428,corrected_baseline
CAMRI,078,y,2,2.4999999627470975,0,0.5025013164823592,0,0.5007735946364105,-0.0017277218459487154,7596,7756,corrected_baseline
CAMRI,078,y,3,2.4999999627470975,1,0.3362295945234334,2,0.34128416709644144,0.005054572573008065,7596,7756,corrected_baseline
CAMRI,078,y,4,2.4999999627470975,2,0.2539494470774092,2,0.25244971634863334,-0.00149973072877585,7596,7756,corrected_baseline
CAMRI,078,y,5,2.4999999627470975,2,0.2095839915745129,3,0.22163486333161422,0.012050871757101317,7596,7756,corrected_baseline
CAMRI,078,y,6,2.4999999627470975,4,0.17772511848341233,2,0.17251160391954615,-0.005213514563866178,7596,7756,corrected_baseline
CAMRI,078,y,7,2.4999999627470975,3,0.15600315955766192,2,0.15471892728210418,-0.0012842322755577396,7596,7756,corrected_baseline
CAMRI,078,y,8,2.4999999627470975,1,0.12914691943127962,7,0.13357400722021662,0.004427087788936995,7596,7756,corrected_baseline
CAMRI,078,x,2,1.5999999403953562,0,0.5036836935166994,0,0.5002415070037031,-0.003442186512996326,12216,12422,level0
CAMRI,078,x,3,1.5999999403953562,1,0.34372953503601833,1,0.3458380293028498,0.002108494266831462,12216,12422,level0
CAMRI,078,x,4,1.5999999403953562,0,0.2687459070072037,3,0.26839478344872003,-0.00035112355848365695,12216,12422,level0
CAMRI,078,x,5,1.5999999403953562,2,0.24353307138179436,2,0.24070198035743037,-0.002831091024363991,12216,12422,level0
CAMRI,078,x,6,1.5999999403953562,2,0.17927308447937132,1,0.17766865239091933,-0.0016044320884519847,12216,12422,level0
CAMRI,078,x,7,1.5999999403953562,0,0.16601178781925344,0,0.17380454033166962,0.007792752512416179,12216,12422,level0
CAMRI,078,x,8,1.5999999403953562,3,0.13695153896529141,3,0.14506520689099983,0.008113667925708418,12216,12422,level0
CAMRI,078,y,2,2.4999999627470975,0,0.5025013164823592,1,0.5026943802925328,0.0001930638101735882,7596,7794,level0
CAMRI,078,y,3,2.4999999627470975,1,0.3362295945234334,2,0.3434693353861945,0.007239740862761135,7596,7794,level0
CAMRI,078,y,4,2.4999999627470975,2,0.2539494470774092,1,0.25493969720297666,0.0009902501255674712,7596,7794,level0
CAMRI,078,y,5,2.4999999627470975,2,0.2095839915745129,2,0.21939953810623555,0.009815546531722646,7596,7794,level0
CAMRI,078,y,6,2.4999999627470975,4,0.17772511848341233,5,0.17680266871952785,-0.0009224497638844753,7596,7794,level0
CAMRI,078,y,7,2.4999999627470975,3,0.15600315955766192,2,0.15383628432127278,-0.002166875236389143,7596,7794,level0
CAMRI,078,y,8,2.4999999627470975,1,0.12914691943127962,1,0.1361303566846292,0.0069834372533495725,7596,7794,level0
CAMRI,009,x,2,3.1999998807907124,0,0.5891472868217055,1,0.5073855243722304,-0.08176176244947508,2580,2708,corrected_baseline
CAMRI,009,x,3,3.1999998807907124,0,0.3581395348837209,0,0.3489660265878877,-0.009173508295833188,2580,2708,corrected_baseline
CAMRI,009,x,4,3.1999998807907124,2,0.30426356589147285,1,0.27511078286558344,-0.029152783025889417,2580,2708,corrected_baseline
CAMRI,009,x,5,3.1999998807907124,3,0.20852713178294574,1,0.21750369276218612,0.008976560979240378,2580,2708,corrected_baseline
CAMRI,009,x,6,3.1999998807907124,0,0.2116279069767442,3,0.1790989660265879,-0.03252894095015629,2580,2708,corrected_baseline
CAMRI,009,x,7,3.1999998807907124,1,0.15271317829457365,6,0.16285081240768096,0.010137634113107308,2580,2708,corrected_baseline
CAMRI,009,x,8,3.1999998807907124,2,0.16162790697674417,0,0.14364844903988183,-0.017979457936862342,2580,2708,corrected_baseline
CAMRI,009,y,2,4.999999925494195,0,0.596255119953189,1,0.5408878504672897,-0.05536726948589932,3418,3424,corrected_baseline
CAMRI,009,y,3,4.999999925494195,0,0.3557636044470451,2,0.3773364485981308,0.021572844151085735,3418,3424,corrected_baseline
CAMRI,009,y,4,4.999999925494195,0,0.320947922761849,3,0.29994158878504673,-0.021006333976802294,3418,3424,corrected_baseline
CAMRI,009,y,5,4.999999925494195,1,0.23434757167934464,3,0.5405957943925234,0.30624822271317875,3418,3424,corrected_baseline
CAMRI,009,y,6,4.999999925494195,0,0.2141603276770041,1,0.22108644859813084,0.006926120921126738,3418,3424,corrected_baseline
CAMRI,009,y,7,4.999999925494195,5,0.16881217086015213,4,0.20327102803738317,0.034458857177231045,3418,3424,corrected_baseline
CAMRI,009,y,8,4.999999925494195,0,0.19689877121123464,7,0.24591121495327103,0.04901244374203639,3418,3424,corrected_baseline
CAMRI,009,x,2,3.1999998807907124,0,0.5891472868217055,1,0.5129217516152189,-0.07622553520648656,2580,2786,level0
CAMRI,009,x,3,3.1999998807907124,0,0.3581395348837209,0,0.3488872936109117,-0.009252241272809214,2580,2786,level0
CAMRI,009,x,4,3.1999998807907124,2,0.30426356589147285,1,0.2699210337401292,-0.03434253215134364,2580,2786,level0
CAMRI,009,x,5,3.1999998807907124,3,0.20852713178294574,4,0.21643933955491745,0.007912207771971713,2580,2786,level0
CAMRI,009,x,6,3.1999998807907124,0,0.2116279069767442,1,0.17910983488872936,-0.03251807208801483,2580,2786,level0
CAMRI,009,x,7,3.1999998807907124,1,0.15271317829457365,6,0.15829145728643215,0.005578278991858504,2580,2786,level0
CAMRI,009,x,8,3.1999998807907124,2,0.16162790697674417,1,0.14788226848528357,-0.013745638491460599,2580,2786,level0
CAMRI,009,y,2,4.999999925494195,0,0.596255119953189,1,0.5277617119722383,-0.06849340798095072,3418,3458,level0
CAMRI,009,y,3,4.999999925494195,0,0.3557636044470451,2,0.38548293811451706,0.02971933366747198,3418,3458,level0
CAMRI,009,y,4,4.999999925494195,0,0.320947922761849,3,0.2874493927125506,-0.033498530049298425,3418,3458,level0
CAMRI,009,y,5,4.999999925494195,1,0.23434757167934464,3,0.45777906304222094,0.2234314913628763,3418,3458,level0
CAMRI,009,y,6,4.999999925494195,0,0.2141603276770041,1,0.197513013302487,-0.016647314374517108,3418,3458,level0
CAMRI,009,y,7,4.999999925494195,5,0.16881217086015213,0,0.20011567379988432,0.03130350293973219,3418,3458,level0
CAMRI,009,y,8,4.999999925494195,0,0.19689877121123464,7,0.2258530942741469,0.028954323062912263,3418,3458,level0
CAMRI,099,x,2,3.1999998807907124,0,0.5771979985704074,1,0.5181564245810056,-0.0590415739894018,2798,2864,corrected_baseline
CAMRI,099,x,3,3.1999998807907124,2,0.34774839170836314,1,0.35824022346368717,0.010491831755324033,2798,2864,corrected_baseline
CAMRI,099,x,4,3.1999998807907124,0,0.28984989278055756,3,0.26675977653631283,-0.02309011624424473,2798,2864,corrected_baseline
CAMRI,099,x,5,3.1999998807907124,0,0.21622587562544673,2,0.21717877094972068,0.0009528953242739502,2798,2864,corrected_baseline
CAMRI,099,x,6,3.1999998807907124,2,0.20836311651179415,1,0.18470670391061453,-0.02365641260117962,2798,2864,corrected_baseline
CAMRI,099,x,7,3.1999998807907124,4,0.1529664045746962,5,0.1564245810055866,0.003458176430890386,2798,2864,corrected_baseline
CAMRI,099,x,8,3.1999998807907124,0,0.14653323802716225,7,0.14106145251396648,-0.0054717855131957704,2798,2864,corrected_baseline
CAMRI,099,y,2,4.999999925494195,0,0.5454308093994779,0,0.521259842519685,-0.02417096687979281,3830,3810,corrected_baseline
CAMRI,099,y,3,4.999999925494195,1,0.3488250652741514,0,0.4272965879265092,0.0784715226523578,3830,3810,corrected_baseline
CAMRI,099,y,4,4.999999925494195,0,0.283289817232376,2,0.30288713910761156,0.01959732187523555,3830,3810,corrected_baseline
CAMRI,099,y,5,4.999999925494195,1,0.21775456919060052,3,0.5727034120734908,0.3549488428828903,3830,3810,corrected_baseline
CAMRI,099,y,6,4.999999925494195,4,0.20678851174934726,0,0.24645669291338582,0.03966818116403856,3830,3810,corrected_baseline
CAMRI,099,y,7,4.999999925494195,6,0.16736292428198432,1,0.2440944881889764,0.07673156390699207,3830,3810,corrected_baseline
CAMRI,099,y,8,4.999999925494195,4,0.16031331592689296,3,0.2220472440944882,0.06173392816759524,3830,3810,corrected_baseline
CAMRI,099,x,2,3.1999998807907124,0,0.5771979985704074,1,0.5224447513812155,-0.054753247189191945,2798,2896,level0
CAMRI,099,x,3,3.1999998807907124,2,0.34774839170836314,1,0.3615331491712707,0.013784757462907582,2798,2896,level0
CAMRI,099,x,4,3.1999998807907124,0,0.28984989278055756,3,0.2731353591160221,-0.016714533664535458,2798,2896,level0
CAMRI,099,x,5,3.1999998807907124,0,0.21622587562544673,1,0.21236187845303867,-0.003863997172408068,2798,2896,level0
CAMRI,099,x,6,3.1999998807907124,2,0.20836311651179415,1,0.19129834254143646,-0.01706477397035769,2798,2896,level0
CAMRI,099,x,7,3.1999998807907124,4,0.1529664045746962,5,0.15814917127071823,0.005182766696022023,2798,2896,level0
CAMRI,099,x,8,3.1999998807907124,0,0.14653323802716225,7,0.14502762430939226,-0.001505613717769999,2798,2896,level0
CAMRI,099,y,2,4.999999925494195,0,0.5454308093994779,0,0.5188976377952756,-0.02653317160420221,3830,3810,level0
CAMRI,099,y,3,4.999999925494195,1,0.3488250652741514,0,0.42020997375328084,0.07138490847912943,3830,3810,level0
CAMRI,099,y,4,4.999999925494195,0,0.283289817232376,3,0.30026246719160105,0.01697264995922504,3830,3810,level0
CAMRI,099,y,5,4.999999925494195,1,0.21775456919060052,3,0.458005249343832,0.2402506801532315,3830,3810,level0
CAMRI,099,y,6,4.999999925494195,4,0.20678851174934726,3,0.2183727034120735,0.011584191662726229,3830,3810,level0
CAMRI,099,y,7,4.999999925494195,6,0.16736292428198432,1,0.23097112860892388,0.06360820432693956,3830,3810,level0
CAMRI,099,y,8,4.999999925494195,4,0.16031331592689296,3,0.24908136482939633,0.08876804890250337,3830,3810,level0
Mouse,POLYIC_20190510_mouse34__E2_P1,x,2,3.1999998807907124,1,0.5078082929456113,0,0.5116710875331565,0.0038627945875452374,3714,3770,corrected_baseline
Mouse,POLYIC_20190510_mouse34__E2_P1,x,3,3.1999998807907124,2,0.3373721055465805,0,0.3440318302387268,0.006659724692146318,3714,3770,corrected_baseline
Mouse,POLYIC_20190510_mouse34__E2_P1,x,4,3.1999998807907124,3,0.2549811523963382,2,0.26604774535809017,0.011066592961751998,3714,3770,corrected_baseline
Mouse,POLYIC_20190510_mouse34__E2_P1,x,5,3.1999998807907124,2,0.20597738287560582,4,0.21379310344827587,0.007815720572670048,3714,3770,corrected_baseline
Mouse,POLYIC_20190510_mouse34__E2_P1,x,6,3.1999998807907124,1,0.1752827140549273,0,0.1870026525198939,0.011719938464966606,3714,3770,corrected_baseline
Mouse,POLYIC_20190510_mouse34__E2_P1,x,7,3.1999998807907124,6,0.16478190630048464,0,0.16763925729442972,0.0028573509939450736,3714,3770,corrected_baseline
Mouse,POLYIC_20190510_mouse34__E2_P1,x,8,3.1999998807907124,7,0.13597199784598815,6,0.1336870026525199,-0.0022849951934682533,3714,3770,corrected_baseline
Mouse,POLYIC_20190510_mouse34__E2_P1,y,2,4.999999925494195,1,0.503001200480192,0,0.5656262505002001,0.06262505002000807,4998,4998,corrected_baseline
Mouse,POLYIC_20190510_mouse34__E2_P1,y,3,4.999999925494195,2,0.33693477390956383,2,0.39695878351340536,0.06002400960384152,4998,4998,corrected_baseline
Mouse,POLYIC_20190510_mouse34__E2_P1,y,4,4.999999925494195,2,0.27450980392156865,0,0.30272108843537415,0.0282112845138055,4998,4998,corrected_baseline
Mouse,POLYIC_20190510_mouse34__E2_P1,y,5,4.999999925494195,1,0.22008803521408563,0,0.5056022408963585,0.2855142056822729,4998,4998,corrected_baseline
Mouse,POLYIC_20190510_mouse34__E2_P1,y,6,4.999999925494195,2,0.18007202881152462,2,0.24649859943977592,0.0664265706282513,4998,4998,corrected_baseline
Mouse,POLYIC_20190510_mouse34__E2_P1,y,7,4.999999925494195,0,0.16666666666666666,5,0.1908763505402161,0.024209683873549437,4998,4998,corrected_baseline
Mouse,POLYIC_20190510_mouse34__E2_P1,y,8,4.999999925494195,6,0.1404561824729892,4,0.19287715086034413,0.05242096838735494,4998,4998,corrected_baseline
Mouse,POLYIC_20190510_mouse34__E2_P1,x,2,3.1999998807907124,1,0.5078082929456113,1,0.508557457212714,0.0007491642671026977,3714,4090,level0
Mouse,POLYIC_20190510_mouse34__E2_P1,x,3,3.1999998807907124,2,0.3373721055465805,2,0.3425427872860636,0.005170681739483096,3714,4090,level0
Mouse,POLYIC_20190510_mouse34__E2_P1,x,4,3.1999998807907124,3,0.2549811523963382,1,0.26552567237163816,0.010544519975299982,3714,4090,level0
Mouse,POLYIC_20190510_mouse34__E2_P1,x,5,3.1999998807907124,2,0.20597738287560582,4,0.20953545232273837,0.0035580694471325502,3714,4090,level0
Mouse,POLYIC_20190510_mouse34__E2_P1,x,6,3.1999998807907124,1,0.1752827140549273,5,0.178239608801956,0.0029568947470287044,3714,4090,level0
Mouse,POLYIC_20190510_mouse34__E2_P1,x,7,3.1999998807907124,6,0.16478190630048464,0,0.15819070904645477,-0.0065911972540298736,3714,4090,level0
Mouse,POLYIC_20190510_mouse34__E2_P1,x,8,3.1999998807907124,7,0.13597199784598815,1,0.14034229828850855,0.004370300442520403,3714,4090,level0
Mouse,POLYIC_20190510_mouse34__E2_P1,y,2,4.999999925494195,1,0.503001200480192,0,0.5419937205651492,0.03899252008495713,4998,5096,level0
Mouse,POLYIC_20190510_mouse34__E2_P1,y,3,4.999999925494195,2,0.33693477390956383,2,0.40188383045525905,0.06494905654569522,4998,5096,level0
Mouse,POLYIC_20190510_mouse34__E2_P1,y,4,4.999999925494195,2,0.27450980392156865,0,0.28414442700156983,0.009634623080001181,4998,5096,level0
Mouse,POLYIC_20190510_mouse34__E2_P1,y,5,4.999999925494195,1,0.22008803521408563,0,0.5266875981161695,0.3065995629020839,4998,5096,level0
Mouse,POLYIC_20190510_mouse34__E2_P1,y,6,4.999999925494195,2,0.18007202881152462,2,0.22331240188383045,0.04324037307230583,4998,5096,level0
Mouse,POLYIC_20190510_mouse34__E2_P1,y,7,4.999999925494195,0,0.16666666666666666,5,0.17229199372056514,0.005625327053898482,4998,5096,level0
Mouse,POLYIC_20190510_mouse34__E2_P1,y,8,4.999999925494195,6,0.1404561824729892,4,0.1705259026687598,0.030069720195770616,4998,5096,level0
Mouse,POLYIC_20190510_mouse35__E3_P1,x,2,3.1999998807907124,1,0.5024403470715835,1,0.5056664867781975,0.0032261397066140063,3688,3706,corrected_baseline
Mouse,POLYIC_20190510_mouse35__E3_P1,x,3,3.1999998807907124,0,0.3405639913232104,2,0.33756071235833784,-0.003003278964872569,3688,3706,corrected_baseline
Mouse,POLYIC_20190510_mouse35__E3_P1,x,4,3.1999998807907124,0,0.25488069414316705,1,0.2703723691311387,0.01549167498797166,3688,3706,corrected_baseline
Mouse,POLYIC_20190510_mouse35__E3_P1,x,5,3.1999998807907124,4,0.20715835140997832,4,0.21019967620075553,0.0030413247907772056,3688,3706,corrected_baseline
Mouse,POLYIC_20190510_mouse35__E3_P1,x,6,3.1999998807907124,0,0.17814533622559653,5,0.1921208850512682,0.013975548825671674,3688,3706,corrected_baseline
Mouse,POLYIC_20190510_mouse35__E3_P1,x,7,3.1999998807907124,5,0.1531995661605206,5,0.14813815434430652,-0.005061411816214084,3688,3706,corrected_baseline
Mouse,POLYIC_20190510_mouse35__E3_P1,x,8,3.1999998807907124,0,0.13964208242950107,1,0.15407447382622774,0.014432391396726668,3688,3706,corrected_baseline
Mouse,POLYIC_20190510_mouse35__E3_P1,y,2,4.999999925494195,0,0.5201785021342646,0,0.5559495665878644,0.03577106445359979,5154,5076,corrected_baseline
Mouse,POLYIC_20190510_mouse35__E3_P1,y,3,4.999999925494195,0,0.3409002716336826,2,0.4369582348305753,0.09605796319689269,5154,5076,corrected_baseline
Mouse,POLYIC_20190510_mouse35__E3_P1,y,4,4.999999925494195,2,0.286767559177338,0,0.3219070133963751,0.035139454219037136,5154,5076,corrected_baseline
Mouse,POLYIC_20190510_mouse35__E3_P1,y,5,4.999999925494195,3,0.2173069460613116,0,0.5025610717100079,0.28525412564869623,5154,5076,corrected_baseline
Mouse,POLYIC_20190510_mouse35__E3_P1,y,6,4.999999925494195,2,0.17889018238261545,2,0.2712765957446808,0.09238641336206538,5154,5076,corrected_baseline
Mouse,POLYIC_20190510_mouse35__E3_P1,y,7,4.999999925494195,3,0.18257663950329842,5,0.2119779353821907,0.029401295878892286,5154,5076,corrected_baseline
Mouse,POLYIC_20190510_mouse35__E3_P1,y,8,4.999999925494195,6,0.16627861854870005,4,0.20252167060677698,0.03624305205807693,5154,5076,corrected_baseline
Mouse,POLYIC_20190510_mouse35__E3_P1,x,2,3.1999998807907124,1,0.5024403470715835,1,0.5027541311967952,0.000313784125211769,3688,3994,level0
Mouse,POLYIC_20190510_mouse35__E3_P1,x,3,3.1999998807907124,0,0.3405639913232104,1,0.3552829243865799,0.014718933063369466,3688,3994,level0
Mouse,POLYIC_20190510_mouse35__E3_P1,x,4,3.1999998807907124,0,0.25488069414316705,1,0.2561342013019529,0.0012535071587858604,3688,3994,level0
Mouse,POLYIC_20190510_mouse35__E3_P1,x,5,3.1999998807907124,4,0.20715835140997832,0,0.2128192288432649,0.005660877433286582,3688,3994,level0
Mouse,POLYIC_20190510_mouse35__E3_P1,x,6,3.1999998807907124,0,0.17814533622559653,5,0.18928392588883325,0.01113858966323672,3688,3994,level0
Mouse,POLYIC_20190510_mouse35__E3_P1,x,7,3.1999998807907124,5,0.1531995661605206,5,0.16374561842764146,0.010546052267120853,3688,3994,level0
Mouse,POLYIC_20190510_mouse35__E3_P1,x,8,3.1999998807907124,0,0.13964208242950107,1,0.1469704556835253,0.0073283732540242175,3688,3994,level0
Mouse,POLYIC_20190510_mouse35__E3_P1,y,2,4.999999925494195,0,0.5201785021342646,0,0.5443378119001919,0.024159309765927284,5154,5210,level0
Mouse,POLYIC_20190510_mouse35__E3_P1,y,3,4.999999925494195,0,0.3409002716336826,2,0.45777351247600767,0.11687324084232509,5154,5210,level0
Mouse,POLYIC_20190510_mouse35__E3_P1,y,4,4.999999925494195,2,0.286767559177338,0,0.3257197696737044,0.038952210496366435,5154,5210,level0
Mouse,POLYIC_20190510_mouse35__E3_P1,y,5,4.999999925494195,3,0.2173069460613116,2,0.5063339731285988,0.2890270270672872,5154,5210,level0
Mouse,POLYIC_20190510_mouse35__E3_P1,y,6,4.999999925494195,2,0.17889018238261545,2,0.27216890595009596,0.09327872356748051,5154,5210,level0
Mouse,POLYIC_20190510_mouse35__E3_P1,y,7,4.999999925494195,3,0.18257663950329842,5,0.20307101727447216,0.020494377771173744,5154,5210,level0
Mouse,POLYIC_20190510_mouse35__E3_P1,y,8,4.999999925494195,6,0.16627861854870005,4,0.1980806142034549,0.03180199565475486,5154,5210,level0
Mouse,POLYIC_20190510_mouse37__E2_P1,x,2,3.1999998807907124,1,0.5043037974683544,1,0.5065228299046663,0.0022190324363119407,3950,3986,corrected_baseline
Mouse,POLYIC_20190510_mouse37__E2_P1,x,3,3.1999998807907124,1,0.35037974683544304,2,0.34219769192172605,-0.008182054913716985,3950,3986,corrected_baseline
Mouse,POLYIC_20190510_mouse37__E2_P1,x,4,3.1999998807907124,3,0.2665822784810127,3,0.2558956347215253,-0.010686643759487358,3950,3986,corrected_baseline
Mouse,POLYIC_20190510_mouse37__E2_P1,x,5,3.1999998807907124,3,0.2078481012658228,3,0.21500250878073257,0.007154407514909783,3950,3986,corrected_baseline
Mouse,POLYIC_20190510_mouse37__E2_P1,x,6,3.1999998807907124,1,0.17873417721518986,5,0.17160060210737582,-0.007133575107814039,3950,3986,corrected_baseline
Mouse,POLYIC_20190510_mouse37__E2_P1,x,7,3.1999998807907124,2,0.149873417721519,6,0.1625689914701455,0.01269557374862651,3950,3986,corrected_baseline
Mouse,POLYIC_20190510_mouse37__E2_P1,x,8,3.1999998807907124,7,0.13341772151898734,3,0.13396889111891622,0.0005511695999288746,3950,3986,corrected_baseline
Mouse,POLYIC_20190510_mouse37__E2_P1,y,2,4.999999925494195,0,0.5316176470588235,0,0.5475839173736629,0.015966270314839326,5440,5422,corrected_baseline
Mouse,POLYIC_20190510_mouse37__E2_P1,y,3,4.999999925494195,1,0.346875,1,0.46182220582810773,0.11494720582810775,5440,5422,corrected_baseline
Mouse,POLYIC_20190510_mouse37__E2_P1,y,4,4.999999925494195,2,0.2884191176470588,2,0.32054592401327925,0.03212680636622045,5440,5422,corrected_baseline
Mouse,POLYIC_20190510_mouse37__E2_P1,y,5,4.999999925494195,1,0.22463235294117648,0,0.5068240501659904,0.28219169722481396,5440,5422,corrected_baseline
Mouse,POLYIC_20190510_mouse37__E2_P1,y,6,4.999999925494195,4,0.19522058823529412,4,0.27701954998155665,0.08179896174626253,5440,5422,corrected_baseline
Mouse,POLYIC_20190510_mouse37__E2_P1,y,7,4.999999925494195,5,0.17261029411764706,5,0.21062338620435264,0.038013092086705585,5440,5422,corrected_baseline
Mouse,POLYIC_20190510_mouse37__E2_P1,y,8,4.999999925494195,2,0.1670955882352941,2,0.21302102545186277,0.045925437216568665,5440,5422,corrected_baseline
Mouse,POLYIC_20190510_mouse37__E2_P1,x,2,3.1999998807907124,1,0.5043037974683544,0,0.5100961538461538,0.005792356377799401,3950,4160,level0
Mouse,POLYIC_20190510_mouse37__E2_P1,x,3,3.1999998807907124,1,0.35037974683544304,2,0.33798076923076925,-0.012398977604673789,3950,4160,level0
Mouse,POLYIC_20190510_mouse37__E2_P1,x,4,3.1999998807907124,3,0.2665822784810127,2,0.26466346153846154,-0.001918816942551138,3950,4160,level0
Mouse,POLYIC_20190510_mouse37__E2_P1,x,5,3.1999998807907124,3,0.2078481012658228,1,0.2074519230769231,-0.00039617818889969847,3950,4160,level0
Mouse,POLYIC_20190510_mouse37__E2_P1,x,6,3.1999998807907124,1,0.17873417721518986,5,0.17427884615384615,-0.004455331061343715,3950,4160,level0
Mouse,POLYIC_20190510_mouse37__E2_P1,x,7,3.1999998807907124,2,0.149873417721519,3,0.15721153846153846,0.007338120740019466,3950,4160,level0
Mouse,POLYIC_20190510_mouse37__E2_P1,x,8,3.1999998807907124,7,0.13341772151898734,1,0.14134615384615384,0.007928432327166501,3950,4160,level0
Mouse,POLYIC_20190510_mouse37__E2_P1,y,2,4.999999925494195,0,0.5316176470588235,0,0.5468233565919941,0.015205709533170575,5440,5446,level0
Mouse,POLYIC_20190510_mouse37__E2_P1,y,3,4.999999925494195,1,0.346875,1,0.4561145795078957,0.1092395795078957,5440,5446,level0
Mouse,POLYIC_20190510_mouse37__E2_P1,y,4,4.999999925494195,2,0.2884191176470588,2,0.3180315828130738,0.029612465166015012,5440,5446,level0
Mouse,POLYIC_20190510_mouse37__E2_P1,y,5,4.999999925494195,1,0.22463235294117648,0,0.5132207124495042,0.28858835950832773,5440,5446,level0
Mouse,POLYIC_20190510_mouse37__E2_P1,y,6,4.999999925494195,4,0.19522058823529412,4,0.2712082262210797,0.07598763798578559,5440,5446,level0
Mouse,POLYIC_20190510_mouse37__E2_P1,y,7,4.999999925494195,5,0.17261029411764706,5,0.21612192434814542,0.043511630230498366,5440,5446,level0
Mouse,POLYIC_20190510_mouse37__E2_P1,y,8,4.999999925494195,2,0.1670955882352941,2,0.210613294160852,0.0435177059255579,5440,5446,level0
Mouse,POLYIC_20190510_mouse38__E2_P1,x,2,3.1999998807907124,1,0.507635597682991,1,0.5060462670872765,-0.0015893305957145332,3798,3804,corrected_baseline
Mouse,POLYIC_20190510_mouse38__E2_P1,x,3,3.1999998807907124,2,0.34623486045286994,0,0.3462145110410095,-2.034941186046524e-05,3798,3804,corrected_baseline
Mouse,POLYIC_20190510_mouse38__E2_P1,x,4,3.1999998807907124,3,0.26408636124275936,2,0.26629863301787593,0.00221227177511657,3798,3804,corrected_baseline
Mouse,POLYIC_20190510_mouse38__E2_P1,x,5,3.1999998807907124,0,0.22195892575039494,3,0.2202944269190326,-0.0016644988313623543,3798,3804,corrected_baseline
Mouse,POLYIC_20190510_mouse38__E2_P1,x,6,3.1999998807907124,3,0.17719852553975776,3,0.1805993690851735,0.003400843545415727,3798,3804,corrected_baseline
Mouse,POLYIC_20190510_mouse38__E2_P1,x,7,3.1999998807907124,2,0.16192733017377567,1,0.1608832807570978,-0.001044049416677878,3798,3804,corrected_baseline
Mouse,POLYIC_20190510_mouse38__E2_P1,x,8,3.1999998807907124,6,0.13796735123749343,6,0.15063091482649843,0.012663563589005,3798,3804,corrected_baseline
Mouse,POLYIC_20190510_mouse38__E2_P1,y,2,4.999999925494195,1,0.5038080731150039,0,0.5548967100229534,0.051088636907949514,5252,5228,corrected_baseline
Mouse,POLYIC_20190510_mouse38__E2_P1,y,3,4.999999925494195,2,0.3526275704493526,0,0.4615531752104055,0.1089256047610529,5252,5228,corrected_baseline
Mouse,POLYIC_20190510_mouse38__E2_P1,y,4,4.999999925494195,3,0.2616146230007616,2,0.32804131599081865,0.06642669299005705,5252,5228,corrected_baseline
Mouse,POLYIC_20190510_mouse38__E2_P1,y,5,4.999999925494195,1,0.22867479055597867,0,0.5145371078806427,0.285862317324664,5252,5228,corrected_baseline
Mouse,POLYIC_20190510_mouse38__E2_P1,y,6,4.999999925494195,5,0.18697638994668697,0,0.24846977811782708,0.06149338817114011,5252,5228,corrected_baseline
Mouse,POLYIC_20190510_mouse38__E2_P1,y,7,4.999999925494195,3,0.17326732673267325,3,0.19338179035960215,0.020114463626928897,5252,5228,corrected_baseline
Mouse,POLYIC_20190510_mouse38__E2_P1,y,8,4.999999925494195,6,0.15651180502665651,6,0.18037490436113238,0.023863099334475862,5252,5228,corrected_baseline
Mouse,POLYIC_20190510_mouse38__E2_P1,x,2,3.1999998807907124,1,0.507635597682991,1,0.5108108108108108,0.003175213127819765,3798,4070,level0
Mouse,POLYIC_20190510_mouse38__E2_P1,x,3,3.1999998807907124,2,0.34623486045286994,0,0.3518427518427518,0.0056078913898818805,3798,4070,level0
Mouse,POLYIC_20190510_mouse38__E2_P1,x,4,3.1999998807907124,3,0.26408636124275936,1,0.2702702702702703,0.006183909027510925,3798,4070,level0
Mouse,POLYIC_20190510_mouse38__E2_P1,x,5,3.1999998807907124,0,0.22195892575039494,4,0.22088452088452087,-0.001074404865874068,3798,4070,level0
Mouse,POLYIC_20190510_mouse38__E2_P1,x,6,3.1999998807907124,3,0.17719852553975776,3,0.1810810810810811,0.0038825555413233293,3798,4070,level0
Mouse,POLYIC_20190510_mouse38__E2_P1,x,7,3.1999998807907124,2,0.16192733017377567,0,0.15872235872235874,-0.0032049714514169325,3798,4070,level0
Mouse,POLYIC_20190510_mouse38__E2_P1,x,8,3.1999998807907124,6,0.13796735123749343,5,0.13832923832923832,0.00036188709174489464,3798,4070,level0
Mouse,POLYIC_20190510_mouse38__E2_P1,y,2,4.999999925494195,1,0.5038080731150039,0,0.5423310554290053,0.03852298231400142,5252,5268,level0
Mouse,POLYIC_20190510_mouse38__E2_P1,y,3,4.999999925494195,2,0.3526275704493526,0,0.43470007593014426,0.08207250548079165,5252,5268,level0
Mouse,POLYIC_20190510_mouse38__E2_P1,y,4,4.999999925494195,3,0.2616146230007616,2,0.30732725892179197,0.045712635921030365,5252,5268,level0
Mouse,POLYIC_20190510_mouse38__E2_P1,y,5,4.999999925494195,1,0.22867479055597867,0,0.5075930144267274,0.27891822387074877,5252,5268,level0
Mouse,POLYIC_20190510_mouse38__E2_P1,y,6,4.999999925494195,5,0.18697638994668697,0,0.22873955960516326,0.04176316965847629,5252,5268,level0
Mouse,POLYIC_20190510_mouse38__E2_P1,y,7,4.999999925494195,3,0.17326732673267325,3,0.18090356871678057,0.0076362419841073115,5252,5268,level0
Mouse,POLYIC_20190510_mouse38__E2_P1,y,8,4.999999925494195,6,0.15651180502665651,7,0.1738800303720577,0.017368225345401195,5252,5268,level0
Mouse,POLYIC_20190510_mouse39__E4_P1,x,2,3.1999998807907124,0,0.502568053415511,0,0.5066564260112647,0.004088372595753675,3894,3906,corrected_baseline
Mouse,POLYIC_20190510_mouse39__E4_P1,x,3,3.1999998807907124,1,0.33846944016435543,2,0.3387096774193548,0.00024023725499938697,3894,3906,corrected_baseline
Mouse,POLYIC_20190510_mouse39__E4_P1,x,4,3.1999998807907124,2,0.26322547508988187,2,0.2708653353814644,0.007639860291582534,3894,3906,corrected_baseline
Mouse,POLYIC_20190510_mouse39__E4_P1,x,5,3.1999998807907124,2,0.21982537236774524,2,0.22452636968766002,0.004700997319914774,3894,3906,corrected_baseline
Mouse,POLYIC_20190510_mouse39__E4_P1,x,6,3.1999998807907124,4,0.1813045711350796,0,0.17665130568356374,-0.00465326545151587,3894,3906,corrected_baseline
Mouse,POLYIC_20190510_mouse39__E4_P1,x,7,3.1999998807907124,2,0.16718027734976887,1,0.16641065028161803,-0.000769627068150841,3894,3906,corrected_baseline
Mouse,POLYIC_20190510_mouse39__E4_P1,x,8,3.1999998807907124,6,0.14021571648690292,6,0.15488991295442908,0.014674196467526157,3894,3906,corrected_baseline
Mouse,POLYIC_20190510_mouse39__E4_P1,y,2,4.999999925494195,0,0.508808095952024,1,0.5755355129650507,0.06672741701302665,5336,5322,corrected_baseline
Mouse,POLYIC_20190510_mouse39__E4_P1,y,3,4.999999925494195,2,0.37275112443778113,0,0.44813979706877116,0.07538867263099003,5336,5322,corrected_baseline
Mouse,POLYIC_20190510_mouse39__E4_P1,y,4,4.999999925494195,2,0.2762368815592204,3,0.34479518977827883,0.06855830821905845,5336,5322,corrected_baseline
Mouse,POLYIC_20190510_mouse39__E4_P1,y,5,4.999999925494195,1,0.22563718140929534,2,0.5058248778654642,0.2801876964561688,5336,5322,corrected_baseline
Mouse,POLYIC_20190510_mouse39__E4_P1,y,6,4.999999925494195,5,0.1866566716641679,3,0.29819616685456596,0.11153949519039805,5336,5322,corrected_baseline
Mouse,POLYIC_20190510_mouse39__E4_P1,y,7,4.999999925494195,2,0.17916041979010494,0,0.20650131529500187,0.027340895504896934,5336,5322,corrected_baseline
Mouse,POLYIC_20190510_mouse39__E4_P1,y,8,4.999999925494195,6,0.15948275862068967,7,0.21984216459977451,0.060359405979084846,5336,5322,corrected_baseline
Mouse,POLYIC_20190510_mouse39__E4_P1,x,2,3.1999998807907124,0,0.502568053415511,0,0.5365087040618955,0.03394065064638452,3894,4136,level0
Mouse,POLYIC_20190510_mouse39__E4_P1,x,3,3.1999998807907124,1,0.33846944016435543,2,0.3522727272727273,0.013803287108371864,3894,4136,level0
Mouse,POLYIC_20190510_mouse39__E4_P1,x,4,3.1999998807907124,2,0.26322547508988187,2,0.2758704061895551,0.01264493109967324,3894,4136,level0
Mouse,POLYIC_20190510_mouse39__E4_P1,x,5,3.1999998807907124,2,0.21982537236774524,1,0.2279980657640232,0.008172693396277964,3894,4136,level0
Mouse,POLYIC_20190510_mouse39__E4_P1,x,6,3.1999998807907124,4,0.1813045711350796,2,0.19390715667311412,0.012602585538034505,3894,4136,level0
Mouse,POLYIC_20190510_mouse39__E4_P1,x,7,3.1999998807907124,2,0.16718027734976887,1,0.1702127659574468,0.0030324886076779356,3894,4136,level0
Mouse,POLYIC_20190510_mouse39__E4_P1,x,8,3.1999998807907124,6,0.14021571648690292,6,0.14410058027079303,0.003884863783890108,3894,4136,level0
Mouse,POLYIC_20190510_mouse39__E4_P1,y,2,4.999999925494195,0,0.508808095952024,1,0.5505299015897047,0.04172180563768069,5336,5284,level0
Mouse,POLYIC_20190510_mouse39__E4_P1,y,3,4.999999925494195,2,0.37275112443778113,0,0.4519303557910674,0.07917923135328625,5336,5284,level0
Mouse,POLYIC_20190510_mouse39__E4_P1,y,4,4.999999925494195,2,0.2762368815592204,3,0.32494322482967447,0.04870634327045409,5336,5284,level0
Mouse,POLYIC_20190510_mouse39__E4_P1,y,5,4.999999925494195,1,0.22563718140929534,0,0.5007570022710068,0.2751198208617115,5336,5284,level0
Mouse,POLYIC_20190510_mouse39__E4_P1,y,6,4.999999925494195,5,0.1866566716641679,3,0.27100681302043905,0.08435014135627114,5336,5284,level0
Mouse,POLYIC_20190510_mouse39__E4_P1,y,7,4.999999925494195,2,0.17916041979010494,3,0.21385314155942467,0.03469272176931973,5336,5284,level0
Mouse,POLYIC_20190510_mouse39__E4_P1,y,8,4.999999925494195,6,0.15948275862068967,7,0.21082513247539741,0.051342373854707746,5336,5284,level0
Mouse,POLYIC_20190510_mouse42__E2_P1,x,2,3.1999998807907124,0,0.5015440041173443,1,0.5099439061703213,0.008399902052976915,3886,3922,corrected_baseline
Mouse,POLYIC_20190510_mouse42__E2_P1,x,3,3.1999998807907124,0,0.34534225424601134,0,0.3490566037735849,0.003714349527573546,3886,3922,corrected_baseline
Mouse,POLYIC_20190510_mouse42__E2_P1,x,4,3.1999998807907124,3,0.2547606793618116,1,0.2623661397246303,0.007605460362818672,3886,3922,corrected_baseline
Mouse,POLYIC_20190510_mouse42__E2_P1,x,5,3.1999998807907124,4,0.21384457025218734,3,0.21978582355940846,0.005941253307221117,3886,3922,corrected_baseline
Mouse,POLYIC_20190510_mouse42__E2_P1,x,6,3.1999998807907124,0,0.1755018013381369,3,0.18026517083120858,0.004763369493071684,3886,3922,corrected_baseline
Mouse,POLYIC_20190510_mouse42__E2_P1,x,7,3.1999998807907124,3,0.15182707153885744,3,0.15272819989801123,0.0009011283591537911,3886,3922,corrected_baseline
Mouse,POLYIC_20190510_mouse42__E2_P1,x,8,3.1999998807907124,6,0.13535769428718478,5,0.1384497705252422,0.003092076238057434,3886,3922,corrected_baseline
Mouse,POLYIC_20190510_mouse42__E2_P1,y,2,4.999999925494195,0,0.5005818463925523,1,0.5068279360124853,0.006246089619933004,5156,5126,corrected_baseline
Mouse,POLYIC_20190510_mouse42__E2_P1,y,3,4.999999925494195,2,0.35550814584949575,2,0.3671478735856418,0.011639727736146077,5156,5126,corrected_baseline
Mouse,POLYIC_20190510_mouse42__E2_P1,y,4,4.999999925494195,3,0.2651280062063615,1,0.2941865001950839,0.0290584939887224,5156,5126,corrected_baseline
Mouse,POLYIC_20190510_mouse42__E2_P1,y,5,4.999999925494195,4,0.21683475562451512,0,0.5163870464299649,0.29955229080544976,5156,5126,corrected_baseline
Mouse,POLYIC_20190510_mouse42__E2_P1,y,6,4.999999925494195,5,0.18211792086889061,4,0.19547405384315256,0.013356132974261942,5156,5126,corrected_baseline
Mouse,POLYIC_20190510_mouse42__E2_P1,y,7,4.999999925494195,2,0.16252909231962762,0,0.17147873585641826,0.008949643536790647,5156,5126,corrected_baseline
Mouse,POLYIC_20190510_mouse42__E2_P1,y,8,4.999999925494195,7,0.15050426687354537,5,0.1607491221225127,0.010244855248967316,5156,5126,corrected_baseline
Mouse,POLYIC_20190510_mouse42__E2_P1,x,2,3.1999998807907124,0,0.5015440041173443,0,0.5109251510925151,0.009381146975170784,3886,4302,level0
Mouse,POLYIC_20190510_mouse42__E2_P1,x,3,3.1999998807907124,0,0.34534225424601134,2,0.34565318456531846,0.00031093031930712334,3886,4302,level0
Mouse,POLYIC_20190510_mouse42__E2_P1,x,4,3.1999998807907124,3,0.2547606793618116,0,0.2696420269642027,0.01488134760239107,3886,4302,level0
Mouse,POLYIC_20190510_mouse42__E2_P1,x,5,3.1999998807907124,4,0.21384457025218734,0,0.2110646211064621,-0.002779949145725241,3886,4302,level0
Mouse,POLYIC_20190510_mouse42__E2_P1,x,6,3.1999998807907124,0,0.1755018013381369,2,0.17619711761971177,0.0006953162815748759,3886,4302,level0
Mouse,POLYIC_20190510_mouse42__E2_P1,x,7,3.1999998807907124,3,0.15182707153885744,1,0.16108786610878661,0.009260794569929176,3886,4302,level0
Mouse,POLYIC_20190510_mouse42__E2_P1,x,8,3.1999998807907124,6,0.13535769428718478,4,0.13668061366806136,0.001322919380876586,3886,4302,level0
Mouse,POLYIC_20190510_mouse42__E2_P1,y,2,4.999999925494195,0,0.5005818463925523,0,0.5021293070073558,0.0015474606148034864,5156,5166,level0
Mouse,POLYIC_20190510_mouse42__E2_P1,y,3,4.999999925494195,2,0.35550814584949575,1,0.3710801393728223,0.015571993523326555,5156,5166,level0
Mouse,POLYIC_20190510_mouse42__E2_P1,y,4,4.999999925494195,3,0.2651280062063615,1,0.29113433991482773,0.026006333708466223,5156,5166,level0
Mouse,POLYIC_20190510_mouse42__E2_P1,y,5,4.999999925494195,4,0.21683475562451512,2,0.5207123499806426,0.3038775943561275,5156,5166,level0
Mouse,POLYIC_20190510_mouse42__E2_P1,y,6,4.999999925494195,5,0.18211792086889061,4,0.2121564072783585,0.03003848640946788,5156,5166,level0
Mouse,POLYIC_20190510_mouse42__E2_P1,y,7,4.999999925494195,2,0.16252909231962762,0,0.18118466898954705,0.018655576669919433,5156,5166,level0
Mouse,POLYIC_20190510_mouse42__E2_P1,y,8,4.999999925494195,7,0.15050426687354537,5,0.16744096012388696,0.016936693250341583,5156,5166,level0
Mouse,POLYIC_20190510_mouse43__E2_P1_1,x,2,3.1999998807907124,0,0.5107444359171144,1,0.501794687724336,-0.008949748192778384,2606,2786,corrected_baseline
Mouse,POLYIC_20190510_mouse43__E2_P1_1,x,3,3.1999998807907124,0,0.34804297774366844,2,0.354989231873654,0.006946254129985563,2606,2786,corrected_baseline
Mouse,POLYIC_20190510_mouse43__E2_P1_1,x,4,3.1999998807907124,0,0.2651573292402149,3,0.25771715721464467,-0.007440172025570235,2606,2786,corrected_baseline
Mouse,POLYIC_20190510_mouse43__E2_P1_1,x,5,3.1999998807907124,1,0.20683039140445125,2,0.208183776022972,0.0013533846185207477,2606,2786,corrected_baseline
Mouse,POLYIC_20190510_mouse43__E2_P1_1,x,6,3.1999998807907124,3,0.18457405986185726,5,0.17910983488872936,-0.005464224973127901,2606,2786,corrected_baseline
Mouse,POLYIC_20190510_mouse43__E2_P1_1,x,7,3.1999998807907124,1,0.15656178050652342,0,0.15721464465183058,0.0006528641453071582,2606,2786,corrected_baseline
Mouse,POLYIC_20190510_mouse43__E2_P1_1,x,8,3.1999998807907124,4,0.14044512663085187,3,0.1363962670495334,-0.004048859581318481,2606,2786,corrected_baseline
Mouse,POLYIC_20190510_mouse43__E2_P1_1,y,2,4.999999925494195,1,0.5104875283446711,0,0.5390399074609601,0.02855237911628894,3528,3458,corrected_baseline
Mouse,POLYIC_20190510_mouse43__E2_P1_1,y,3,4.999999925494195,1,0.3449546485260771,2,0.3892423366107577,0.04428768808468059,3528,3458,corrected_baseline
Mouse,POLYIC_20190510_mouse43__E2_P1_1,y,4,4.999999925494195,3,0.2593537414965986,0,0.32533256217466744,0.06597882067806882,3528,3458,corrected_baseline
Mouse,POLYIC_20190510_mouse43__E2_P1_1,y,5,4.999999925494195,2,0.20918367346938777,2,0.5066512434933488,0.297467570023961,3528,3458,corrected_baseline
Mouse,POLYIC_20190510_mouse43__E2_P1_1,y,6,4.999999925494195,1,0.18339002267573695,2,0.22296124927703875,0.0395712266013018,3528,3458,corrected_baseline
Mouse,POLYIC_20190510_mouse43__E2_P1_1,y,7,4.999999925494195,3,0.16780045351473924,1,0.18016194331983806,0.012361489805098824,3528,3458,corrected_baseline
Mouse,POLYIC_20190510_mouse43__E2_P1_1,y,8,4.999999925494195,3,0.15136054421768708,4,0.20763447079236552,0.056273926574678446,3528,3458,corrected_baseline
Mouse,POLYIC_20190510_mouse43__E2_P1_1,x,2,3.1999998807907124,0,0.5107444359171144,1,0.5203389830508475,0.009594547133733089,2606,2950,level0
Mouse,POLYIC_20190510_mouse43__E2_P1_1,x,3,3.1999998807907124,0,0.34804297774366844,1,0.34779661016949154,-0.0002463675741768978,2606,2950,level0
Mouse,POLYIC_20190510_mouse43__E2_P1_1,x,4,3.1999998807907124,0,0.2651573292402149,3,0.26949152542372884,0.004334196183513939,2606,2950,level0
Mouse,POLYIC_20190510_mouse43__E2_P1_1,x,5,3.1999998807907124,1,0.20683039140445125,0,0.22101694915254239,0.014186557748091133,2606,2950,level0
Mouse,POLYIC_20190510_mouse43__E2_P1_1,x,6,3.1999998807907124,3,0.18457405986185726,3,0.18237288135593221,-0.00220117850592505,2606,2950,level0
Mouse,POLYIC_20190510_mouse43__E2_P1_1,x,7,3.1999998807907124,1,0.15656178050652342,0,0.15423728813559323,-0.002324492370930187,2606,2950,level0
Mouse,POLYIC_20190510_mouse43__E2_P1_1,x,8,3.1999998807907124,4,0.14044512663085187,3,0.13966101694915253,-0.0007841096816993409,2606,2950,level0
Mouse,POLYIC_20190510_mouse43__E2_P1_1,y,2,4.999999925494195,1,0.5104875283446711,0,0.5277932184546971,0.017305690110025918,3528,3598,level0
Mouse,POLYIC_20190510_mouse43__E2_P1_1,y,3,4.999999925494195,1,0.3449546485260771,2,0.38382434685936634,0.03886969833328924,3528,3598,level0
Mouse,POLYIC_20190510_mouse43__E2_P1_1,y,4,4.999999925494195,3,0.2593537414965986,0,0.30211228460255696,0.042758543105958335,3528,3598,level0
Mouse,POLYIC_20190510_mouse43__E2_P1_1,y,5,4.999999925494195,2,0.20918367346938777,2,0.5136186770428015,0.30443500357341374,3528,3598,level0
Mouse,POLYIC_20190510_mouse43__E2_P1_1,y,6,4.999999925494195,1,0.18339002267573695,2,0.21011673151750973,0.02672670884177278,3528,3598,level0
Mouse,POLYIC_20190510_mouse43__E2_P1_1,y,7,4.999999925494195,3,0.16780045351473924,6,0.17148415786548082,0.0036837043507415845,3528,3598,level0
Mouse,POLYIC_20190510_mouse43__E2_P1_1,y,8,4.999999925494195,3,0.15136054421768708,4,0.19955530850472486,0.048194764287037783,3528,3598,level0
Mouse,POLYIC_20190510_mouse43__E9_P1,x,2,3.1999998807907124,0,0.5094195519348269,0,0.5310573731626363,0.02163782122780944,3928,4218,corrected_baseline
Mouse,POLYIC_20190510_mouse43__E9_P1,x,3,3.1999998807907124,2,0.33834012219959264,0,0.34471313418681837,0.00637301198722573,3928,4218,corrected_baseline
Mouse,POLYIC_20190510_mouse43__E9_P1,x,4,3.1999998807907124,2,0.265020366598778,2,0.2716927453769559,0.006672378778177945,3928,4218,corrected_baseline
Mouse,POLYIC_20190510_mouse43__E9_P1,x,5,3.1999998807907124,0,0.21308553971486763,4,0.2069701280227596,-0.006115411692108025,3928,4218,corrected_baseline
Mouse,POLYIC_20190510_mouse43__E9_P1,x,6,3.1999998807907124,2,0.17362525458248473,0,0.17804646752015174,0.004421212937667007,3928,4218,corrected_baseline
Mouse,POLYIC_20190510_mouse43__E9_P1,x,7,3.1999998807907124,4,0.15554989816700612,2,0.15173067804646753,-0.003819220120538591,3928,4218,corrected_baseline
Mouse,POLYIC_20190510_mouse43__E9_P1,x,8,3.1999998807907124,2,0.13365580448065173,6,0.1377430061640588,0.004087201683407066,3928,4218,corrected_baseline
Mouse,POLYIC_20190510_mouse43__E9_P1,y,2,4.999999925494195,0,0.5155291411042945,1,0.5390334572490706,0.023504316144776105,5216,5380,corrected_baseline
Mouse,POLYIC_20190510_mouse43__E9_P1,y,3,4.999999925494195,1,0.3462423312883436,2,0.3812267657992565,0.03498443451091293,5216,5380,corrected_baseline
Mouse,POLYIC_20190510_mouse43__E9_P1,y,4,4.999999925494195,2,0.26150306748466257,3,0.2795539033457249,0.01805083586106232,5216,5380,corrected_baseline
Mouse,POLYIC_20190510_mouse43__E9_P1,y,5,4.999999925494195,4,0.20648006134969324,0,0.5001858736059479,0.2937058122562547,5216,5380,corrected_baseline
Mouse,POLYIC_20190510_mouse43__E9_P1,y,6,4.999999925494195,4,0.18692484662576686,5,0.21765799256505577,0.030733145939288914,5216,5380,corrected_baseline
Mouse,POLYIC_20190510_mouse43__E9_P1,y,7,4.999999925494195,6,0.17043711656441718,4,0.17769516728624535,0.007258050721828169,5216,5380,corrected_baseline
Mouse,POLYIC_20190510_mouse43__E9_P1,y,8,4.999999925494195,0,0.1460889570552147,1,0.17862453531598513,0.032535578260770415,5216,5380,corrected_baseline
Mouse,POLYIC_20190510_mouse43__E9_P1,x,2,3.1999998807907124,0,0.5094195519348269,0,0.5009090909090909,-0.008510461025736049,3928,4400,level0
Mouse,POLYIC_20190510_mouse43__E9_P1,x,3,3.1999998807907124,2,0.33834012219959264,0,0.3563636363636364,0.01802351416404374,3928,4400,level0
Mouse,POLYIC_20190510_mouse43__E9_P1,x,4,3.1999998807907124,2,0.265020366598778,2,0.25977272727272727,-0.005247639326050713,3928,4400,level0
Mouse,POLYIC_20190510_mouse43__E9_P1,x,5,3.1999998807907124,0,0.21308553971486763,3,0.2131818181818182,9.627846695056674e-05,3928,4400,level0
Mouse,POLYIC_20190510_mouse43__E9_P1,x,6,3.1999998807907124,2,0.17362525458248473,3,0.18227272727272728,0.008647472690242547,3928,4400,level0
Mouse,POLYIC_20190510_mouse43__E9_P1,x,7,3.1999998807907124,4,0.15554989816700612,4,0.16045454545454546,0.004904647287539338,3928,4400,level0
Mouse,POLYIC_20190510_mouse43__E9_P1,x,8,3.1999998807907124,2,0.13365580448065173,1,0.14136363636363636,0.007707831882984628,3928,4400,level0
Mouse,POLYIC_20190510_mouse43__E9_P1,y,2,4.999999925494195,0,0.5155291411042945,1,0.534833091436865,0.019303950332570485,5216,5512,level0
Mouse,POLYIC_20190510_mouse43__E9_P1,y,3,4.999999925494195,1,0.3462423312883436,2,0.3737300435413643,0.027487712253020713,5216,5512,level0
Mouse,POLYIC_20190510_mouse43__E9_P1,y,4,4.999999925494195,2,0.26150306748466257,3,0.2795718432510885,0.01806877576642596,5216,5512,level0
Mouse,POLYIC_20190510_mouse43__E9_P1,y,5,4.999999925494195,4,0.20648006134969324,0,0.5018142235123367,0.2953341621626435,5216,5512,level0
Mouse,POLYIC_20190510_mouse43__E9_P1,y,6,4.999999925494195,4,0.18692484662576686,5,0.2227866473149492,0.03586180068918235,5216,5512,level0
Mouse,POLYIC_20190510_mouse43__E9_P1,y,7,4.999999925494195,6,0.17043711656441718,4,0.18759071117561685,0.01715359461119967,5216,5512,level0
Mouse,POLYIC_20190510_mouse43__E9_P1,y,8,4.999999925494195,0,0.1460889570552147,1,0.17144412191582004,0.025355164860605323,5216,5512,level0
Mouse,POLYIC_20190517_mouse33__E2_P1,x,2,3.1999998807907124,0,0.5048179871520343,0,0.5105207785376118,0.005702791385577499,3736,3802,corrected_baseline
Mouse,POLYIC_20190517_mouse33__E2_P1,x,3,3.1999998807907124,2,0.3476980728051392,2,0.34218832193582327,-0.0055097508693159325,3736,3802,corrected_baseline
Mouse,POLYIC_20190517_mouse33__E2_P1,x,4,3.1999998807907124,1,0.2639186295503212,2,0.26275644397685427,-0.0011621855734669229,3736,3802,corrected_baseline
Mouse,POLYIC_20190517_mouse33__E2_P1,x,5,3.1999998807907124,0,0.20985010706638116,0,0.21699105733824303,0.007140950271861873,3736,3802,corrected_baseline
Mouse,POLYIC_20190517_mouse33__E2_P1,x,6,3.1999998807907124,5,0.1838865096359743,0,0.18069437138348238,-0.0031921382524919273,3736,3802,corrected_baseline
Mouse,POLYIC_20190517_mouse33__E2_P1,x,7,3.1999998807907124,2,0.1664882226980728,3,0.15228826933193057,-0.014199953366142243,3736,3802,corrected_baseline
Mouse,POLYIC_20190517_mouse33__E2_P1,x,8,3.1999998807907124,5,0.14828693790149894,6,0.14176749079431877,-0.006519447107180165,3736,3802,corrected_baseline
Mouse,POLYIC_20190517_mouse33__E2_P1,y,2,4.999999925494195,1,0.5232198142414861,1,0.5482678084857922,0.025047994244306038,5168,5138,corrected_baseline
Mouse,POLYIC_20190517_mouse33__E2_P1,y,3,4.999999925494195,1,0.33920278637770895,2,0.4141689373297003,0.07496615095199133,5168,5138,corrected_baseline
Mouse,POLYIC_20190517_mouse33__E2_P1,y,4,4.999999925494195,3,0.27321981424148606,1,0.3145192681977423,0.04129945395625623,5168,5138,corrected_baseline
Mouse,POLYIC_20190517_mouse33__E2_P1,y,5,4.999999925494195,2,0.21729876160990713,2,0.5015570260801868,0.2842582644702797,5168,5138,corrected_baseline
Mouse,POLYIC_20190517_mouse33__E2_P1,y,6,4.999999925494195,5,0.19195046439628483,5,0.2615803814713896,0.0696299170751048,5168,5138,corrected_baseline
Mouse,POLYIC_20190517_mouse33__E2_P1,y,7,4.999999925494195,5,0.16137770897832818,4,0.18256130790190736,0.021183598923579183,5168,5138,corrected_baseline
Mouse,POLYIC_20190517_mouse33__E2_P1,y,8,4.999999925494195,7,0.14202786377708979,5,0.21778902296613467,0.07576115918904489,5168,5138,corrected_baseline
Mouse,POLYIC_20190517_mouse33__E2_P1,x,2,3.1999998807907124,0,0.5048179871520343,1,0.5050143266475645,0.0001963394955302178,3736,4188,level0
Mouse,POLYIC_20190517_mouse33__E2_P1,x,3,3.1999998807907124,2,0.3476980728051392,2,0.360792741165234,0.013094668360094819,3736,4188,level0
Mouse,POLYIC_20190517_mouse33__E2_P1,x,4,3.1999998807907124,1,0.2639186295503212,1,0.25477554918815665,-0.009143080362164546,3736,4188,level0
Mouse,POLYIC_20190517_mouse33__E2_P1,x,5,3.1999998807907124,0,0.20985010706638116,4,0.21370582617000955,0.003855719103628391,3736,4188,level0
Mouse,POLYIC_20190517_mouse33__E2_P1,x,6,3.1999998807907124,5,0.1838865096359743,5,0.19603629417382998,0.012149784537855673,3736,4188,level0
Mouse,POLYIC_20190517_mouse33__E2_P1,x,7,3.1999998807907124,2,0.1664882226980728,6,0.15472779369627507,-0.011760429001797745,3736,4188,level0
Mouse,POLYIC_20190517_mouse33__E2_P1,x,8,3.1999998807907124,5,0.14828693790149894,5,0.1466093600764088,-0.0016775778250901485,3736,4188,level0
Mouse,POLYIC_20190517_mouse33__E2_P1,y,2,4.999999925494195,1,0.5232198142414861,1,0.5565431164901664,0.0333233022486803,5168,5288,level0
Mouse,POLYIC_20190517_mouse33__E2_P1,y,3,4.999999925494195,1,0.33920278637770895,2,0.4300302571860817,0.09082747080837272,5168,5288,level0
Mouse,POLYIC_20190517_mouse33__E2_P1,y,4,4.999999925494195,3,0.27321981424148606,1,0.3315052950075643,0.05828548076607826,5168,5288,level0
Mouse,POLYIC_20190517_mouse33__E2_P1,y,5,4.999999925494195,2,0.21729876160990713,2,0.5153177004538578,0.2980189388439507,5168,5288,level0
Mouse,POLYIC_20190517_mouse33__E2_P1,y,6,4.999999925494195,5,0.19195046439628483,5,0.2728819969742814,0.08093153257799657,5168,5288,level0
Mouse,POLYIC_20190517_mouse33__E2_P1,y,7,4.999999925494195,5,0.16137770897832818,0,0.197428139183056,0.03605043020472781,5168,5288,level0
Mouse,POLYIC_20190517_mouse33__E2_P1,y,8,4.999999925494195,7,0.14202786377708979,5,0.22068835098335854,0.07866048720626875,5168,5288,level0
Mouse,POLYIC_20190517_mouse35__E2_P1,x,2,3.1999998807907124,1,0.5021063717746183,0,0.5075916230366492,0.005485251262030921,3798,3820,corrected_baseline
Mouse,POLYIC_20190517_mouse35__E2_P1,x,3,3.1999998807907124,0,0.3467614533965245,0,0.3390052356020942,-0.0077562177944302535,3798,3820,corrected_baseline
Mouse,POLYIC_20190517_mouse35__E2_P1,x,4,3.1999998807907124,0,0.2646129541864139,3,0.2649214659685864,0.00030851178217250474,3798,3820,corrected_baseline
Mouse,POLYIC_20190517_mouse35__E2_P1,x,5,3.1999998807907124,0,0.22933122696155872,0,0.2112565445026178,-0.01807468245894092,3798,3820,corrected_baseline
Mouse,POLYIC_20190517_mouse35__E2_P1,x,6,3.1999998807907124,0,0.17614533965244866,0,0.17617801047120418,3.267081875552025e-05,3798,3820,corrected_baseline
Mouse,POLYIC_20190517_mouse35__E2_P1,x,7,3.1999998807907124,6,0.16850974196945762,0,0.15837696335078533,-0.010132778618672289,3798,3820,corrected_baseline
Mouse,POLYIC_20190517_mouse35__E2_P1,x,8,3.1999998807907124,3,0.15297525013164823,3,0.14921465968586387,-0.003760590445784362,3798,3820,corrected_baseline
Mouse,POLYIC_20190517_mouse35__E2_P1,y,2,4.999999925494195,0,0.5039047247169075,0,0.5556203811746402,0.051715656457732684,5122,5142,corrected_baseline
Mouse,POLYIC_20190517_mouse35__E2_P1,y,3,4.999999925494195,2,0.36060132760640373,0,0.4130688448074679,0.052467517201064184,5122,5142,corrected_baseline
Mouse,POLYIC_20190517_mouse35__E2_P1,y,4,4.999999925494195,1,0.2672784068723155,0,0.27887981330221706,0.01160140642990154,5122,5142,corrected_baseline
Mouse,POLYIC_20190517_mouse35__E2_P1,y,5,4.999999925494195,3,0.23096446700507614,2,0.5077790742901594,0.27681460728508334,5122,5142,corrected_baseline
Mouse,POLYIC_20190517_mouse35__E2_P1,y,6,4.999999925494195,2,0.19621241702459977,0,0.22306495527032283,0.026852538245723062,5122,5142,corrected_baseline
Mouse,POLYIC_20190517_mouse35__E2_P1,y,7,4.999999925494195,5,0.15911753221397892,5,0.16258265266433294,0.00346512045035402,5122,5142,corrected_baseline
Mouse,POLYIC_20190517_mouse35__E2_P1,y,8,4.999999925494195,1,0.1491604841858649,4,0.1783352781019059,0.029174793916040997,5122,5142,corrected_baseline
Mouse,POLYIC_20190517_mouse35__E2_P1,x,2,3.1999998807907124,1,0.5021063717746183,1,0.500492368291482,-0.0016140034831362282,3798,4062,level0
Mouse,POLYIC_20190517_mouse35__E2_P1,x,3,3.1999998807907124,0,0.3467614533965245,2,0.3362875430822255,-0.010473910314298951,3798,4062,level0
Mouse,POLYIC_20190517_mouse35__E2_P1,x,4,3.1999998807907124,0,0.2646129541864139,3,0.25627769571639586,-0.008335258470018037,3798,4062,level0
Mouse,POLYIC_20190517_mouse35__E2_P1,x,5,3.1999998807907124,0,0.22933122696155872,0,0.21147218119153127,-0.01785904577002745,3798,4062,level0
Mouse,POLYIC_20190517_mouse35__E2_P1,x,6,3.1999998807907124,0,0.17614533965244866,2,0.1708517971442639,-0.0052935425081847565,3798,4062,level0
Mouse,POLYIC_20190517_mouse35__E2_P1,x,7,3.1999998807907124,6,0.16850974196945762,6,0.16789758739537175,-0.0006121545740858658,3798,4062,level0
Mouse,POLYIC_20190517_mouse35__E2_P1,x,8,3.1999998807907124,3,0.15297525013164823,3,0.14377154111275234,-0.00920370901889589,3798,4062,level0
Mouse,POLYIC_20190517_mouse35__E2_P1,y,2,4.999999925494195,0,0.5039047247169075,0,0.5618300153139357,0.05792529059702822,5122,5224,level0
Mouse,POLYIC_20190517_mouse35__E2_P1,y,3,4.999999925494195,2,0.36060132760640373,0,0.3807427258805513,0.02014139827414757,5122,5224,level0
Mouse,POLYIC_20190517_mouse35__E2_P1,y,4,4.999999925494195,1,0.2672784068723155,0,0.2986217457886677,0.03134333891635216,5122,5224,level0
Mouse,POLYIC_20190517_mouse35__E2_P1,y,5,4.999999925494195,3,0.23096446700507614,2,0.5074655436447167,0.27650107663964063,5122,5224,level0
Mouse,POLYIC_20190517_mouse35__E2_P1,y,6,4.999999925494195,2,0.19621241702459977,2,0.2392802450229709,0.04306782799837114,5122,5224,level0
Mouse,POLYIC_20190517_mouse35__E2_P1,y,7,4.999999925494195,5,0.15911753221397892,5,0.1669218989280245,0.00780436671404558,5122,5224,level0
Mouse,POLYIC_20190517_mouse35__E2_P1,y,8,4.999999925494195,1,0.1491604841858649,4,0.18108728943338437,0.03192680524751948,5122,5224,level0
Mouse,POLYIC_20190517_mouse36__E2_P1,x,2,3.1999998807907124,1,0.5120663650075414,1,0.5043950361944157,-0.007671328813125711,3978,3868,corrected_baseline
Mouse,POLYIC_20190517_mouse36__E2_P1,x,3,3.1999998807907124,1,0.3350930115635998,0,0.33996897621509825,0.004875964651498477,3978,3868,corrected_baseline
Mouse,POLYIC_20190517_mouse36__E2_P1,x,4,3.1999998807907124,3,0.2561588738059326,1,0.2624095139607032,0.006250640154770615,3978,3868,corrected_baseline
Mouse,POLYIC_20190517_mouse36__E2_P1,x,5,3.1999998807907124,2,0.20487682252388134,1,0.2094105480868666,0.004533725562985258,3978,3868,corrected_baseline
Mouse,POLYIC_20190517_mouse36__E2_P1,x,6,3.1999998807907124,1,0.1804927099044746,1,0.17399172699069287,-0.006500982913781733,3978,3868,corrected_baseline
Mouse,POLYIC_20190517_mouse36__E2_P1,x,7,3.1999998807907124,2,0.15434891905480141,3,0.15589451913133404,0.0015456000765326217,3978,3868,corrected_baseline
Mouse,POLYIC_20190517_mouse36__E2_P1,x,8,3.1999998807907124,3,0.13423831070889894,1,0.13676318510858324,0.002524874399684296,3978,3868,corrected_baseline
Mouse,POLYIC_20190517_mouse36__E2_P1,y,2,4.999999925494195,1,0.506872852233677,0,0.564825469888761,0.05795261765508408,5238,5214,corrected_baseline
Mouse,POLYIC_20190517_mouse36__E2_P1,y,3,4.999999925494195,0,0.34116074837724325,0,0.39796701189106254,0.05680626351381929,5238,5214,corrected_baseline
Mouse,POLYIC_20190517_mouse36__E2_P1,y,4,4.999999925494195,1,0.2733867888507064,2,0.28250863060989645,0.009121841759190064,5238,5214,corrected_baseline
Mouse,POLYIC_20190517_mouse36__E2_P1,y,5,4.999999925494195,3,0.23004963726613212,2,0.5017261219792866,0.2716764847131544,5238,5214,corrected_baseline
Mouse,POLYIC_20190517_mouse36__E2_P1,y,6,4.999999925494195,3,0.1928216876670485,2,0.23245109321058688,0.03962940554353839,5238,5214,corrected_baseline
Mouse,POLYIC_20190517_mouse36__E2_P1,y,7,4.999999925494195,6,0.16132111492936235,5,0.18085922516302264,0.019538110233660283,5238,5214,corrected_baseline
Mouse,POLYIC_20190517_mouse36__E2_P1,y,8,4.999999925494195,1,0.15578465063001146,6,0.167433831990794,0.011649181360782551,5238,5214,corrected_baseline
Mouse,POLYIC_20190517_mouse36__E2_P1,x,2,3.1999998807907124,1,0.5120663650075414,0,0.5054000981836033,-0.006666266823938116,3978,4074,level0
Mouse,POLYIC_20190517_mouse36__E2_P1,x,3,3.1999998807907124,1,0.3350930115635998,2,0.3490427098674521,0.013949698303852343,3978,4074,level0
Mouse,POLYIC_20190517_mouse36__E2_P1,x,4,3.1999998807907124,3,0.2561588738059326,2,0.2557682866961217,-0.0003905871098108804,3978,4074,level0
Mouse,POLYIC_20190517_mouse36__E2_P1,x,5,3.1999998807907124,2,0.20487682252388134,1,0.20790378006872853,0.003026957544847192,3978,4074,level0
Mouse,POLYIC_20190517_mouse36__E2_P1,x,6,3.1999998807907124,1,0.1804927099044746,2,0.18483063328424154,0.004337923379766934,3978,4074,level0
Mouse,POLYIC_20190517_mouse36__E2_P1,x,7,3.1999998807907124,2,0.15434891905480141,2,0.15095729013254786,-0.003391628922253559,3978,4074,level0
Mouse,POLYIC_20190517_mouse36__E2_P1,x,8,3.1999998807907124,3,0.13423831070889894,1,0.14334806087383406,0.009109750164935121,3978,4074,level0
Mouse,POLYIC_20190517_mouse36__E2_P1,y,2,4.999999925494195,1,0.506872852233677,0,0.5482321291314374,0.04135927689776042,5238,5204,level0
Mouse,POLYIC_20190517_mouse36__E2_P1,y,3,4.999999925494195,0,0.34116074837724325,2,0.37298232129131437,0.03182157291407112,5238,5204,level0
Mouse,POLYIC_20190517_mouse36__E2_P1,y,4,4.999999925494195,1,0.2733867888507064,0,0.28401229823212915,0.01062550938142276,5238,5204,level0
Mouse,POLYIC_20190517_mouse36__E2_P1,y,5,4.999999925494195,3,0.23004963726613212,0,0.5065334358186011,0.27648379855246896,5238,5204,level0
Mouse,POLYIC_20190517_mouse36__E2_P1,y,6,4.999999925494195,3,0.1928216876670485,2,0.23078401229823212,0.037962324631183625,5238,5204,level0
Mouse,POLYIC_20190517_mouse36__E2_P1,y,7,4.999999925494195,6,0.16132111492936235,5,0.18351268255188316,0.022191567622520808,5238,5204,level0
Mouse,POLYIC_20190517_mouse36__E2_P1,y,8,4.999999925494195,1,0.15578465063001146,4,0.17006149116064564,0.014276840530634188,5238,5204,level0
Mouse,POLYIC_20190517_mouse37__E3_P1,x,2,4.551111009385851,1,0.5032706459525756,1,0.5117056856187291,0.008435039666153443,7338,7176,corrected_baseline
Mouse,POLYIC_20190517_mouse37__E3_P1,x,3,4.551111009385851,0,0.34082856364131914,1,0.3366778149386845,-0.0041507487026346546,7338,7176,corrected_baseline
Mouse,POLYIC_20190517_mouse37__E3_P1,x,4,4.551111009385851,1,0.2583810302534751,3,0.25738573021181715,-0.0009953000416579316,7338,7176,corrected_baseline
Mouse,POLYIC_20190517_mouse37__E3_P1,x,5,4.551111009385851,3,0.2089125102207686,4,0.22547380156075808,0.016561291339989487,7338,7176,corrected_baseline
Mouse,POLYIC_20190517_mouse37__E3_P1,x,6,4.551111009385851,0,0.17416189697465248,5,0.18297101449275363,0.00880911751810115,7338,7176,corrected_baseline
Mouse,POLYIC_20190517_mouse37__E3_P1,x,7,4.551111009385851,2,0.15140365222131372,1,0.1516164994425864,0.00021284722127268285,7338,7176,corrected_baseline
Mouse,POLYIC_20190517_mouse37__E3_P1,x,8,4.551111009385851,1,0.1304170073589534,4,0.14088628762541805,0.010469280266464653,7338,7176,corrected_baseline
Mouse,POLYIC_20190517_mouse37__E3_P1,y,2,7.111111111111111,1,0.5104187537567622,0,0.6012568416784918,0.09083808792172965,9982,9866,corrected_baseline
Mouse,POLYIC_20190517_mouse37__E3_P1,y,3,7.111111111111111,2,0.3402123822881186,0,0.3396513277924184,-0.0005610544957002084,9982,9866,corrected_baseline
Mouse,POLYIC_20190517_mouse37__E3_P1,y,4,7.111111111111111,3,0.26006812262071727,0,0.329414149604703,0.06934602698398573,9982,9866,corrected_baseline
Mouse,POLYIC_20190517_mouse37__E3_P1,y,5,7.111111111111111,3,0.20196353436185133,1,0.2522805594972633,0.050317025135411975,9982,9866,corrected_baseline
Mouse,POLYIC_20190517_mouse37__E3_P1,y,6,7.111111111111111,5,0.17952314165497896,2,0.21214271234542875,0.032619570690449795,9982,9866,corrected_baseline
Mouse,POLYIC_20190517_mouse37__E3_P1,y,7,7.111111111111111,0,0.166800240432779,3,0.261504155686195,0.09470391525341601,9982,9866,corrected_baseline
Mouse,POLYIC_20190517_mouse37__E3_P1,y,8,7.111111111111111,2,0.1344419955920657,4,0.207277518751267,0.07283552315920128,9982,9866,corrected_baseline
Mouse,POLYIC_20190517_mouse37__E3_P1,x,2,4.551111009385851,1,0.5032706459525756,1,0.5064558629776021,0.003185217025026499,7338,7590,level0
Mouse,POLYIC_20190517_mouse37__E3_P1,x,3,4.551111009385851,0,0.34082856364131914,2,0.34440052700922263,0.0035719633679034968,7338,7590,level0
Mouse,POLYIC_20190517_mouse37__E3_P1,x,4,4.551111009385851,1,0.2583810302534751,3,0.2648221343873518,0.006441104133876718,7338,7590,level0
Mouse,POLYIC_20190517_mouse37__E3_P1,x,5,4.551111009385851,3,0.2089125102207686,3,0.20974967061923583,0.0008371603984672349,7338,7590,level0
Mouse,POLYIC_20190517_mouse37__E3_P1,x,6,4.551111009385851,0,0.17416189697465248,5,0.18458498023715414,0.010423083262501659,7338,7590,level0
Mouse,POLYIC_20190517_mouse37__E3_P1,x,7,4.551111009385851,2,0.15140365222131372,1,0.15177865612648223,0.00037500390516850834,7338,7590,level0
Mouse,POLYIC_20190517_mouse37__E3_P1,x,8,4.551111009385851,1,0.1304170073589534,3,0.15164690382081686,0.021229896461863462,7338,7590,level0
Mouse,POLYIC_20190517_mouse37__E3_P1,y,2,7.111111111111111,1,0.5104187537567622,0,0.5810403695521189,0.07062161579535675,9982,9958,level0
Mouse,POLYIC_20190517_mouse37__E3_P1,y,3,7.111111111111111,2,0.3402123822881186,0,0.35539264912633056,0.015180266838211942,9982,9958,level0
Mouse,POLYIC_20190517_mouse37__E3_P1,y,4,7.111111111111111,3,0.26006812262071727,0,0.30889736894958825,0.04882924632887098,9982,9958,level0
Mouse,POLYIC_20190517_mouse37__E3_P1,y,5,7.111111111111111,3,0.20196353436185133,1,0.25386623820044185,0.051902703838590525,9982,9958,level0
Mouse,POLYIC_20190517_mouse37__E3_P1,y,6,7.111111111111111,5,0.17952314165497896,0,0.21580638682466358,0.03628324516968462,9982,9958,level0
Mouse,POLYIC_20190517_mouse37__E3_P1,y,7,7.111111111111111,0,0.166800240432779,2,0.25858606145812413,0.09178582102534513,9982,9958,level0
Mouse,POLYIC_20190517_mouse37__E3_P1,y,8,7.111111111111111,2,0.1344419955920657,4,0.19763004619401486,0.06318805060194915,9982,9958,level0
Mouse,POLYIC_20190517_mouse38__E3_P1,x,2,3.1999998807907124,0,0.5015592515592515,0,0.5146596858638743,0.013100434304622821,3848,3820,corrected_baseline
Mouse,POLYIC_20190517_mouse38__E3_P1,x,3,3.1999998807907124,1,0.3562889812889813,0,0.343717277486911,-0.012571703802070289,3848,3820,corrected_baseline
Mouse,POLYIC_20190517_mouse38__E3_P1,x,4,3.1999998807907124,0,0.2609147609147609,2,0.2698952879581152,0.00898052704335428,3848,3820,corrected_baseline
Mouse,POLYIC_20190517_mouse38__E3_P1,x,5,3.1999998807907124,3,0.20816008316008316,2,0.20706806282722512,-0.0010920203328580458,3848,3820,corrected_baseline
Mouse,POLYIC_20190517_mouse38__E3_P1,x,6,3.1999998807907124,4,0.1800935550935551,4,0.17486910994764399,-0.005224445145911111,3848,3820,corrected_baseline
Mouse,POLYIC_20190517_mouse38__E3_P1,x,7,3.1999998807907124,1,0.15592515592515593,1,0.168848167539267,0.01292301161411108,3848,3820,corrected_baseline
Mouse,POLYIC_20190517_mouse38__E3_P1,x,8,3.1999998807907124,4,0.13695426195426194,6,0.14214659685863873,0.005192334904376789,3848,3820,corrected_baseline
Mouse,POLYIC_20190517_mouse38__E3_P1,y,2,4.999999925494195,0,0.5026197604790419,0,0.5849340866290019,0.08231432614996004,5344,5310,corrected_baseline
Mouse,POLYIC_20190517_mouse38__E3_P1,y,3,4.999999925494195,1,0.3405688622754491,1,0.4133709981167608,0.07280213584131173,5344,5310,corrected_baseline
Mouse,POLYIC_20190517_mouse38__E3_P1,y,4,4.999999925494195,3,0.25729790419161674,2,0.31657250470809795,0.0592746005164812,5344,5310,corrected_baseline
Mouse,POLYIC_20190517_mouse38__E3_P1,y,5,4.999999925494195,4,0.2249251497005988,2,0.5009416195856874,0.2760164698850886,5344,5310,corrected_baseline
Mouse,POLYIC_20190517_mouse38__E3_P1,y,6,4.999999925494195,4,0.1846931137724551,4,0.268361581920904,0.08366846814844889,5344,5310,corrected_baseline
Mouse,POLYIC_20190517_mouse38__E3_P1,y,7,4.999999925494195,5,0.15793413173652696,4,0.16365348399246704,0.0057193522559400856,5344,5310,corrected_baseline
Mouse,POLYIC_20190517_mouse38__E3_P1,y,8,4.999999925494195,2,0.1349176646706587,2,0.2224105461393597,0.08749288146870102,5344,5310,corrected_baseline
Mouse,POLYIC_20190517_mouse38__E3_P1,x,2,3.1999998807907124,0,0.5015592515592515,1,0.5093549975381585,0.007795745978906976,3848,4062,level0
Mouse,POLYIC_20190517_mouse38__E3_P1,x,3,3.1999998807907124,1,0.3562889812889813,2,0.34219596258000984,-0.01409301870897145,3848,4062,level0
Mouse,POLYIC_20190517_mouse38__E3_P1,x,4,3.1999998807907124,0,0.2609147609147609,3,0.2570162481536189,-0.0038985127611420034,3848,4062,level0
Mouse,POLYIC_20190517_mouse38__E3_P1,x,5,3.1999998807907124,3,0.20816008316008316,2,0.22008862629246675,0.01192854313238359,3848,4062,level0
Mouse,POLYIC_20190517_mouse38__E3_P1,x,6,3.1999998807907124,4,0.1800935550935551,5,0.172575086164451,-0.0075184689291041,3848,4062,level0
Mouse,POLYIC_20190517_mouse38__E3_P1,x,7,3.1999998807907124,1,0.15592515592515593,0,0.15558838010832102,-0.00033677581683491664,3848,4062,level0
Mouse,POLYIC_20190517_mouse38__E3_P1,x,8,3.1999998807907124,4,0.13695426195426194,3,0.1358936484490399,-0.0010606135052220467,3848,4062,level0
Mouse,POLYIC_20190517_mouse38__E3_P1,y,2,4.999999925494195,0,0.5026197604790419,0,0.5910108168593808,0.08839105638033895,5344,5362,level0
Mouse,POLYIC_20190517_mouse38__E3_P1,y,3,4.999999925494195,1,0.3405688622754491,1,0.391644908616188,0.05107604634073892,5344,5362,level0
Mouse,POLYIC_20190517_mouse38__E3_P1,y,4,4.999999925494195,3,0.25729790419161674,0,0.29559865721745615,0.03830075302583941,5344,5362,level0
Mouse,POLYIC_20190517_mouse38__E3_P1,y,5,4.999999925494195,4,0.2249251497005988,0,0.5095113763521074,0.2845862266515086,5344,5362,level0
Mouse,POLYIC_20190517_mouse38__E3_P1,y,6,4.999999925494195,4,0.1846931137724551,4,0.2517717269675494,0.06707861319509431,5344,5362,level0
Mouse,POLYIC_20190517_mouse38__E3_P1,y,7,4.999999925494195,5,0.15793413173652696,2,0.16822081312942933,0.01028668139290237,5344,5362,level0
Mouse,POLYIC_20190517_mouse38__E3_P1,y,8,4.999999925494195,2,0.1349176646706587,2,0.20234986945169714,0.06743220478103845,5344,5362,level0
Mouse,POLYIC_20190517_mouse39__E12_P1,x,2,4.551111009385851,1,0.5019701660568534,0,0.5028628685943315,0.000892702537478085,7106,6986,corrected_baseline
Mouse,POLYIC_20190517_mouse39__E12_P1,x,3,4.551111009385851,2,0.3401350971010414,1,0.33867735470941884,-0.0014577423916225518,7106,6986,corrected_baseline
Mouse,POLYIC_20190517_mouse39__E12_P1,x,4,4.551111009385851,1,0.25499577821559244,0,0.26538791869453193,0.010392140478939493,7106,6986,corrected_baseline
Mouse,POLYIC_20190517_mouse39__E12_P1,x,5,4.551111009385851,1,0.20757106670419365,2,0.21256799312911537,0.0049969264249217216,7106,6986,corrected_baseline
Mouse,POLYIC_20190517_mouse39__E12_P1,x,6,4.551111009385851,5,0.17703349282296652,5,0.17649584884053823,-0.0005376439824282819,7106,6986,corrected_baseline
Mouse,POLYIC_20190517_mouse39__E12_P1,x,7,4.551111009385851,6,0.1556431184914157,5,0.15559690810191812,-4.621038949759182e-05,7106,6986,corrected_baseline
Mouse,POLYIC_20190517_mouse39__E12_P1,x,8,4.551111009385851,1,0.13129749507458485,4,0.1367019753793301,0.005404480304745246,7106,6986,corrected_baseline
Mouse,POLYIC_20190517_mouse39__E12_P1,y,2,7.111111111111111,0,0.5028682646998566,1,0.5475849365534179,0.04471667185356132,9762,9772,corrected_baseline
Mouse,POLYIC_20190517_mouse39__E12_P1,y,3,7.111111111111111,0,0.3363040360581848,1,0.40411379451494067,0.06780975845675585,9762,9772,corrected_baseline
Mouse,POLYIC_20190517_mouse39__E12_P1,y,4,7.111111111111111,2,0.26070477361196476,3,0.30761358984854686,0.04690881623658211,9762,9772,corrected_baseline
Mouse,POLYIC_20190517_mouse39__E12_P1,y,5,7.111111111111111,0,0.20610530628969473,4,0.25266066311911584,0.04655535682942111,9762,9772,corrected_baseline
Mouse,POLYIC_20190517_mouse39__E12_P1,y,6,7.111111111111111,0,0.1753738987912313,1,0.23086369218174377,0.055489793390512465,9762,9772,corrected_baseline
Mouse,POLYIC_20190517_mouse39__E12_P1,y,7,7.111111111111111,5,0.16267158369186643,3,0.306385591485878,0.14371400779401158,9762,9772,corrected_baseline
Mouse,POLYIC_20190517_mouse39__E12_P1,y,8,7.111111111111111,2,0.1322474902683876,3,0.16854277527629963,0.036295285007912015,9762,9772,corrected_baseline
Mouse,POLYIC_20190517_mouse39__E12_P1,x,2,4.551111009385851,1,0.5019701660568534,1,0.5131578947368421,0.01118772867998874,7106,7448,level0
Mouse,POLYIC_20190517_mouse39__E12_P1,x,3,4.551111009385851,2,0.3401350971010414,0,0.33686895810955964,-0.0032661389914817596,7106,7448,level0
Mouse,POLYIC_20190517_mouse39__E12_P1,x,4,4.551111009385851,1,0.25499577821559244,3,0.25899570354457574,0.0039999253289833,7106,7448,level0
Mouse,POLYIC_20190517_mouse39__E12_P1,x,5,4.551111009385851,1,0.20757106670419365,1,0.21307733619763694,0.005506269493443294,7106,7448,level0
Mouse,POLYIC_20190517_mouse39__E12_P1,x,6,4.551111009385851,5,0.17703349282296652,1,0.17575187969924813,-0.0012816131237183837,7106,7448,level0
Mouse,POLYIC_20190517_mouse39__E12_P1,x,7,4.551111009385851,6,0.1556431184914157,6,0.155343716433942,-0.0002994020574737244,7106,7448,level0
Mouse,POLYIC_20190517_mouse39__E12_P1,x,8,4.551111009385851,1,0.13129749507458485,4,0.13292158968850698,0.001624094613922128,7106,7448,level0
Mouse,POLYIC_20190517_mouse39__E12_P1,y,2,7.111111111111111,0,0.5028682646998566,1,0.546846295162278,0.043978030462421436,9762,9798,level0
Mouse,POLYIC_20190517_mouse39__E12_P1,y,3,7.111111111111111,0,0.3363040360581848,1,0.377730149010002,0.041426112951817196,9762,9798,level0
Mouse,POLYIC_20190517_mouse39__E12_P1,y,4,7.111111111111111,2,0.26070477361196476,3,0.30689936721779953,0.04619459360583478,9762,9798,level0
Mouse,POLYIC_20190517_mouse39__E12_P1,y,5,7.111111111111111,0,0.20610530628969473,0,0.26811594202898553,0.062010635739290804,9762,9798,level0
Mouse,POLYIC_20190517_mouse39__E12_P1,y,6,7.111111111111111,0,0.1753738987912313,3,0.2430087773014901,0.06763487851025879,9762,9798,level0
Mouse,POLYIC_20190517_mouse39__E12_P1,y,7,7.111111111111111,5,0.16267158369186643,3,0.29444784649928557,0.13177626280741914,9762,9798,level0
Mouse,POLYIC_20190517_mouse39__E12_P1,y,8,7.111111111111111,2,0.1322474902683876,4,0.1697285160236783,0.03748102575529069,9762,9798,level0
Mouse,POLYIC_20190517_mouse42__E4_P1,x,2,3.1999998807907124,0,0.5065856129685917,0,0.5065656565656566,-1.9956402935172868e-05,3948,3960,corrected_baseline
Mouse,POLYIC_20190517_mouse42__E4_P1,x,3,3.1999998807907124,2,0.3497973657548126,0,0.3595959595959596,0.009798593841147007,3948,3960,corrected_baseline
Mouse,POLYIC_20190517_mouse42__E4_P1,x,4,3.1999998807907124,2,0.2689969604863222,2,0.2628787878787879,-0.0061181726075343335,3948,3960,corrected_baseline
Mouse,POLYIC_20190517_mouse42__E4_P1,x,5,3.1999998807907124,1,0.21707193515704154,2,0.21641414141414142,-0.0006577937429001202,3948,3960,corrected_baseline
Mouse,POLYIC_20190517_mouse42__E4_P1,x,6,3.1999998807907124,2,0.17806484295845998,3,0.18156565656565657,0.00350081360719659,3948,3960,corrected_baseline
Mouse,POLYIC_20190517_mouse42__E4_P1,x,7,3.1999998807907124,4,0.16286727456940223,5,0.16414141414141414,0.0012741395720119175,3948,3960,corrected_baseline
Mouse,POLYIC_20190517_mouse42__E4_P1,x,8,3.1999998807907124,2,0.14209726443768997,2,0.14393939393939395,0.0018421295017039818,3948,3960,corrected_baseline
Mouse,POLYIC_20190517_mouse42__E4_P1,y,2,4.999999925494195,1,0.5041698256254739,1,0.5144817073170732,0.010311881691599356,5276,5248,corrected_baseline
Mouse,POLYIC_20190517_mouse42__E4_P1,y,3,4.999999925494195,1,0.34268385140257773,2,0.40491615853658536,0.062232307134007625,5276,5248,corrected_baseline
Mouse,POLYIC_20190517_mouse42__E4_P1,y,4,4.999999925494195,2,0.260235026535254,3,0.30297256097560976,0.04273753444035577,5276,5248,corrected_baseline
Mouse,POLYIC_20190517_mouse42__E4_P1,y,5,4.999999925494195,1,0.2196739954510993,0,0.5133384146341463,0.293664419183047,5276,5248,corrected_baseline
Mouse,POLYIC_20190517_mouse42__E4_P1,y,6,4.999999925494195,5,0.18423047763457165,2,0.21646341463414634,0.03223293699957469,5276,5248,corrected_baseline
Mouse,POLYIC_20190517_mouse42__E4_P1,y,7,4.999999925494195,1,0.15902198635329795,1,0.1875,0.02847801364670205,5276,5248,corrected_baseline
Mouse,POLYIC_20190517_mouse42__E4_P1,y,8,4.999999925494195,3,0.15428354814253223,4,0.17492378048780488,0.020640232345272652,5276,5248,corrected_baseline
Mouse,POLYIC_20190517_mouse42__E4_P1,x,2,3.1999998807907124,0,0.5065856129685917,1,0.5159961221522055,0.009410509183613747,3948,4126,level0
Mouse,POLYIC_20190517_mouse42__E4_P1,x,3,3.1999998807907124,2,0.3497973657548126,2,0.34924866698982066,-0.0005486987649919173,3948,4126,level0
Mouse,POLYIC_20190517_mouse42__E4_P1,x,4,3.1999998807907124,2,0.2689969604863222,1,0.2687833252544838,-0.00021363523183842714,3948,4126,level0
Mouse,POLYIC_20190517_mouse42__E4_P1,x,5,3.1999998807907124,1,0.21707193515704154,1,0.21037324285021813,-0.006698692306823406,3948,4126,level0
Mouse,POLYIC_20190517_mouse42__E4_P1,x,6,3.1999998807907124,2,0.17806484295845998,5,0.1786233640329617,0.0005585210745017166,3948,4126,level0
Mouse,POLYIC_20190517_mouse42__E4_P1,x,7,3.1999998807907124,4,0.16286727456940223,6,0.16335433834222007,0.0004870637728178473,3948,4126,level0
Mouse,POLYIC_20190517_mouse42__E4_P1,x,8,3.1999998807907124,2,0.14209726443768997,1,0.14760058167716916,0.005503317239479194,3948,4126,level0
Mouse,POLYIC_20190517_mouse42__E4_P1,y,2,4.999999925494195,1,0.5041698256254739,0,0.5059160305343512,0.0017462049088773357,5276,5240,level0
Mouse,POLYIC_20190517_mouse42__E4_P1,y,3,4.999999925494195,1,0.34268385140257773,2,0.4112595419847328,0.06857569058215507,5276,5240,level0
Mouse,POLYIC_20190517_mouse42__E4_P1,y,4,4.999999925494195,2,0.260235026535254,3,0.2879770992366412,0.027742072701387233,5276,5240,level0
Mouse,POLYIC_20190517_mouse42__E4_P1,y,5,4.999999925494195,1,0.2196739954510993,0,0.5129770992366413,0.2933031037855419,5276,5240,level0
Mouse,POLYIC_20190517_mouse42__E4_P1,y,6,4.999999925494195,5,0.18423047763457165,2,0.2267175572519084,0.04248707961733675,5276,5240,level0
Mouse,POLYIC_20190517_mouse42__E4_P1,y,7,4.999999925494195,1,0.15902198635329795,1,0.19885496183206106,0.039832975478763105,5276,5240,level0
Mouse,POLYIC_20190517_mouse42__E4_P1,y,8,4.999999925494195,3,0.15428354814253223,4,0.18549618320610686,0.031212635063574634,5276,5240,level0
Mouse,POLYIC_20190517_mouse43__E3_P1,x,2,3.1999998807907124,1,0.5002492522432702,1,0.5243718592964824,0.02412260705321223,4012,3980,corrected_baseline
Mouse,POLYIC_20190517_mouse43__E3_P1,x,3,3.1999998807907124,1,0.3397308075772682,1,0.3454773869346734,0.0057465793574051904,4012,3980,corrected_baseline
Mouse,POLYIC_20190517_mouse43__E3_P1,x,4,3.1999998807907124,1,0.2522432701894317,1,0.27638190954773867,0.024138639358306957,4012,3980,corrected_baseline
Mouse,POLYIC_20190517_mouse43__E3_P1,x,5,3.1999998807907124,0,0.20787637088733799,0,0.21482412060301506,0.006947749715677076,4012,3980,corrected_baseline
Mouse,POLYIC_20190517_mouse43__E3_P1,x,6,3.1999998807907124,1,0.1747258225324028,1,0.19497487437185929,0.020249051839456494,4012,3980,corrected_baseline
Mouse,POLYIC_20190517_mouse43__E3_P1,x,7,3.1999998807907124,6,0.14930209371884348,4,0.15552763819095478,0.006225544472111294,4012,3980,corrected_baseline
Mouse,POLYIC_20190517_mouse43__E3_P1,x,8,3.1999998807907124,7,0.13409770687936193,1,0.15477386934673368,0.02067616246737175,4012,3980,corrected_baseline
Mouse,POLYIC_20190517_mouse43__E3_P1,y,2,4.999999925494195,1,0.511693700490381,0,0.5476100151745068,0.035916314684125816,5302,5272,corrected_baseline
Mouse,POLYIC_20190517_mouse43__E3_P1,y,3,4.999999925494195,2,0.3360995850622407,0,0.37708649468892264,0.040986909626681944,5302,5272,corrected_baseline
Mouse,POLYIC_20190517_mouse43__E3_P1,y,4,4.999999925494195,1,0.2819690682761222,2,0.2926783004552352,0.01070923217911296,5302,5272,corrected_baseline
Mouse,POLYIC_20190517_mouse43__E3_P1,y,5,4.999999925494195,4,0.21067521689928329,0,0.5407814871016692,0.3301062702023859,5302,5272,corrected_baseline
Mouse,POLYIC_20190517_mouse43__E3_P1,y,6,4.999999925494195,3,0.17691437193511883,2,0.20447647951441578,0.027562107579296946,5302,5272,corrected_baseline
Mouse,POLYIC_20190517_mouse43__E3_P1,y,7,4.999999925494195,5,0.17597133157299133,3,0.17317905918057663,-0.0027922723924146964,5302,5272,corrected_baseline
Mouse,POLYIC_20190517_mouse43__E3_P1,y,8,4.999999925494195,1,0.16125990192380235,4,0.15876327769347495,-0.002496624230327399,5302,5272,corrected_baseline
Mouse,POLYIC_20190517_mouse43__E3_P1,x,2,3.1999998807907124,1,0.5002492522432702,1,0.5002320185614849,-1.723368178530027e-05,4012,4310,level0
Mouse,POLYIC_20190517_mouse43__E3_P1,x,3,3.1999998807907124,1,0.3397308075772682,1,0.35638051044083524,0.01664970286356704,4012,4310,level0
Mouse,POLYIC_20190517_mouse43__E3_P1,x,4,3.1999998807907124,1,0.2522432701894317,1,0.26241299303944315,0.010169722850011442,4012,4310,level0
Mouse,POLYIC_20190517_mouse43__E3_P1,x,5,3.1999998807907124,0,0.20787637088733799,4,0.20580046403712296,-0.0020759068502150257,4012,4310,level0
Mouse,POLYIC_20190517_mouse43__E3_P1,x,6,3.1999998807907124,1,0.1747258225324028,1,0.18167053364269142,0.006944711110288632,4012,4310,level0
Mouse,POLYIC_20190517_mouse43__E3_P1,x,7,3.1999998807907124,6,0.14930209371884348,5,0.15823665893271463,0.008934565213871148,4012,4310,level0
Mouse,POLYIC_20190517_mouse43__E3_P1,x,8,3.1999998807907124,7,0.13409770687936193,1,0.13967517401392113,0.0055774671345592,4012,4310,level0
Mouse,POLYIC_20190517_mouse43__E3_P1,y,2,4.999999925494195,1,0.511693700490381,0,0.5407821229050279,0.02908842241464693,5302,5370,level0
Mouse,POLYIC_20190517_mouse43__E3_P1,y,3,4.999999925494195,2,0.3360995850622407,0,0.351024208566108,0.014924623503867307,5302,5370,level0
Mouse,POLYIC_20190517_mouse43__E3_P1,y,4,4.999999925494195,1,0.2819690682761222,2,0.27690875232774675,-0.005060315948375471,5302,5370,level0
Mouse,POLYIC_20190517_mouse43__E3_P1,y,5,4.999999925494195,4,0.21067521689928329,0,0.517877094972067,0.30720187807278376,5302,5370,level0
Mouse,POLYIC_20190517_mouse43__E3_P1,y,6,4.999999925494195,3,0.17691437193511883,2,0.22532588454376165,0.04841151260864282,5302,5370,level0
Mouse,POLYIC_20190517_mouse43__E3_P1,y,7,4.999999925494195,5,0.17597133157299133,5,0.16629422718808193,-0.009677104384909402,5302,5370,level0
Mouse,POLYIC_20190517_mouse43__E3_P1,y,8,4.999999925494195,1,0.16125990192380235,4,0.15437616387337058,-0.00688373805043177,5302,5370,level0
Mouse,POLYIC_20190524_polyic___E3_P1,x,2,3.1999998807907124,1,0.5081632653061224,1,0.5106666666666667,0.0025034013605442773,3920,3750,corrected_baseline
Mouse,POLYIC_20190524_polyic___E3_P1,x,3,3.1999998807907124,1,0.35153061224489796,2,0.34453333333333336,-0.006997278911564597,3920,3750,corrected_baseline
Mouse,POLYIC_20190524_polyic___E3_P1,x,4,3.1999998807907124,3,0.2627551020408163,2,0.2618666666666667,-0.0008884353741496209,3920,3750,corrected_baseline
Mouse,POLYIC_20190524_polyic___E3_P1,x,5,3.1999998807907124,4,0.21887755102040815,2,0.20773333333333333,-0.011144217687074826,3920,3750,corrected_baseline
Mouse,POLYIC_20190524_polyic___E3_P1,x,6,3.1999998807907124,1,0.18418367346938774,5,0.18186666666666668,-0.0023170068027210666,3920,3750,corrected_baseline
Mouse,POLYIC_20190524_polyic___E3_P1,x,7,3.1999998807907124,6,0.16096938775510203,6,0.168,0.007030612244897982,3920,3750,corrected_baseline
Mouse,POLYIC_20190524_polyic___E3_P1,x,8,3.1999998807907124,3,0.14923469387755103,2,0.14506666666666668,-0.004168027210884356,3920,3750,corrected_baseline
Mouse,POLYIC_20190524_polyic___E3_P1,y,2,4.999999925494195,1,0.503731343283582,0,0.5028868360277137,-0.0008445072558683764,5360,5196,corrected_baseline
Mouse,POLYIC_20190524_polyic___E3_P1,y,3,4.999999925494195,2,0.35261194029850745,2,0.37355658198614317,0.020944641687635712,5360,5196,corrected_baseline
Mouse,POLYIC_20190524_polyic___E3_P1,y,4,4.999999925494195,3,0.26026119402985076,0,0.2821401077752117,0.02187891374536094,5360,5196,corrected_baseline
Mouse,POLYIC_20190524_polyic___E3_P1,y,5,4.999999925494195,4,0.23041044776119404,0,0.5429176289453426,0.31250718118414855,5360,5196,corrected_baseline
Mouse,POLYIC_20190524_polyic___E3_P1,y,6,4.999999925494195,2,0.18078358208955222,2,0.1903387220939184,0.009555140004366164,5360,5196,corrected_baseline
Mouse,POLYIC_20190524_polyic___E3_P1,y,7,4.999999925494195,3,0.15951492537313433,3,0.18648960739030024,0.026974682017165907,5360,5196,corrected_baseline
Mouse,POLYIC_20190524_polyic___E3_P1,y,8,4.999999925494195,0,0.13936567164179103,2,0.1926481909160893,0.05328251927429828,5360,5196,corrected_baseline
Mouse,POLYIC_20190524_polyic___E3_P1,x,2,3.1999998807907124,1,0.5081632653061224,0,0.5009842519685039,-0.007179013337618501,3920,4064,level0
Mouse,POLYIC_20190524_polyic___E3_P1,x,3,3.1999998807907124,1,0.35153061224489796,1,0.3380905511811024,-0.013440061063795583,3920,4064,level0
Mouse,POLYIC_20190524_polyic___E3_P1,x,4,3.1999998807907124,3,0.2627551020408163,2,0.25713582677165353,-0.005619275269162782,3920,4064,level0
Mouse,POLYIC_20190524_polyic___E3_P1,x,5,3.1999998807907124,4,0.21887755102040815,4,0.21358267716535434,-0.005294873855053811,3920,4064,level0
Mouse,POLYIC_20190524_polyic___E3_P1,x,6,3.1999998807907124,1,0.18418367346938774,1,0.17396653543307086,-0.01021713803631688,3920,4064,level0
Mouse,POLYIC_20190524_polyic___E3_P1,x,7,3.1999998807907124,6,0.16096938775510203,3,0.15059055118110237,-0.010378836573999656,3920,4064,level0
Mouse,POLYIC_20190524_polyic___E3_P1,x,8,3.1999998807907124,3,0.14923469387755103,3,0.1468996062992126,-0.002335087578338446,3920,4064,level0
Mouse,POLYIC_20190524_polyic___E3_P1,y,2,4.999999925494195,1,0.503731343283582,1,0.5015048908954101,-0.0022264523881719844,5360,5316,level0
Mouse,POLYIC_20190524_polyic___E3_P1,y,3,4.999999925494195,2,0.35261194029850745,2,0.3860045146726862,0.03339257437417875,5360,5316,level0
Mouse,POLYIC_20190524_polyic___E3_P1,y,4,4.999999925494195,3,0.26026119402985076,0,0.2840481565086531,0.023786962478802354,5360,5316,level0
Mouse,POLYIC_20190524_polyic___E3_P1,y,5,4.999999925494195,4,0.23041044776119404,0,0.531038374717833,0.300627926956639,5360,5316,level0
Mouse,POLYIC_20190524_polyic___E3_P1,y,6,4.999999925494195,2,0.18078358208955222,5,0.19977426636568849,0.01899068427613626,5360,5316,level0
Mouse,POLYIC_20190524_polyic___E3_P1,y,7,4.999999925494195,3,0.15951492537313433,3,0.17193378480060195,0.012418859427467621,5360,5316,level0
Mouse,POLYIC_20190524_polyic___E3_P1,y,8,4.999999925494195,0,0.13936567164179103,2,0.1911211437170805,0.051755472075289466,5360,5316,level0
Mouse,POLYIC_20190524_polyic___E3_P1_1,x,2,3.1999998807907124,0,0.5056352459016393,1,0.5138308977035491,0.008195651801909731,3904,3832,corrected_baseline
Mouse,POLYIC_20190524_polyic___E3_P1_1,x,3,3.1999998807907124,1,0.34298155737704916,2,0.36221294363256784,0.01923138625551868,3904,3832,corrected_baseline
Mouse,POLYIC_20190524_polyic___E3_P1_1,x,4,3.1999998807907124,0,0.2640881147540984,3,0.26670146137787054,0.0026133466237721614,3904,3832,corrected_baseline
Mouse,POLYIC_20190524_polyic___E3_P1_1,x,5,3.1999998807907124,0,0.2177254098360656,0,0.2056367432150313,-0.012088666621034277,3904,3832,corrected_baseline
Mouse,POLYIC_20190524_polyic___E3_P1_1,x,6,3.1999998807907124,4,0.17366803278688525,5,0.18945720250521922,0.015789169718333967,3904,3832,corrected_baseline
Mouse,POLYIC_20190524_polyic___E3_P1_1,x,7,3.1999998807907124,6,0.15394467213114754,0,0.15762004175365343,0.003675369622505892,3904,3832,corrected_baseline
Mouse,POLYIC_20190524_polyic___E3_P1_1,x,8,3.1999998807907124,0,0.13550204918032788,3,0.13517745302713988,-0.0003245961531880004,3904,3832,corrected_baseline
Mouse,POLYIC_20190524_polyic___E3_P1_1,y,2,4.999999925494195,0,0.500367107195301,1,0.5077634011090573,0.007396293913756291,5448,5410,corrected_baseline
Mouse,POLYIC_20190524_polyic___E3_P1_1,y,3,4.999999925494195,2,0.3474669603524229,0,0.4081330868761553,0.06066612652373238,5448,5410,corrected_baseline
Mouse,POLYIC_20190524_polyic___E3_P1_1,y,4,4.999999925494195,1,0.2630323054331865,2,0.2744916820702403,0.011459376637053764,5448,5410,corrected_baseline
Mouse,POLYIC_20190524_polyic___E3_P1_1,y,5,4.999999925494195,1,0.23348017621145375,0,0.5404805914972274,0.3070004152857736,5448,5410,corrected_baseline
Mouse,POLYIC_20190524_polyic___E3_P1_1,y,6,4.999999925494195,5,0.1762114537444934,3,0.2199630314232902,0.04375157767879681,5448,5410,corrected_baseline
Mouse,POLYIC_20190524_polyic___E3_P1_1,y,7,4.999999925494195,1,0.1683186490455213,0,0.19500924214417745,0.02669059309865615,5448,5410,corrected_baseline
Mouse,POLYIC_20190524_polyic___E3_P1_1,y,8,4.999999925494195,4,0.14684287812041116,4,0.18853974121996303,0.04169686309955187,5448,5410,corrected_baseline
Mouse,POLYIC_20190524_polyic___E3_P1_1,x,2,3.1999998807907124,0,0.5056352459016393,0,0.5042521260630315,-0.001383119838607838,3904,3998,level0
Mouse,POLYIC_20190524_polyic___E3_P1_1,x,3,3.1999998807907124,1,0.34298155737704916,2,0.3384192096048024,-0.004562347772246789,3904,3998,level0
Mouse,POLYIC_20190524_polyic___E3_P1_1,x,4,3.1999998807907124,0,0.2640881147540984,3,0.2553776888444222,-0.00871042590967619,3904,3998,level0
Mouse,POLYIC_20190524_polyic___E3_P1_1,x,5,3.1999998807907124,0,0.2177254098360656,3,0.21010505252626313,-0.007620357309802456,3904,3998,level0
Mouse,POLYIC_20190524_polyic___E3_P1_1,x,6,3.1999998807907124,4,0.17366803278688525,0,0.17083541770885444,-0.0028326150780308146,3904,3998,level0
Mouse,POLYIC_20190524_polyic___E3_P1_1,x,7,3.1999998807907124,6,0.15394467213114754,0,0.14882441220610304,-0.005120259925044501,3904,3998,level0
Mouse,POLYIC_20190524_polyic___E3_P1_1,x,8,3.1999998807907124,0,0.13550204918032788,7,0.1375687843921961,0.0020667352118682314,3904,3998,level0
Mouse,POLYIC_20190524_polyic___E3_P1_1,y,2,4.999999925494195,0,0.500367107195301,1,0.5141158989598811,0.013748791764580104,5448,5384,level0
Mouse,POLYIC_20190524_polyic___E3_P1_1,y,3,4.999999925494195,2,0.3474669603524229,0,0.3922734026745914,0.04480644232216846,5448,5384,level0
Mouse,POLYIC_20190524_polyic___E3_P1_1,y,4,4.999999925494195,1,0.2630323054331865,2,0.2854754829123328,0.022443177479146315,5448,5384,level0
Mouse,POLYIC_20190524_polyic___E3_P1_1,y,5,4.999999925494195,1,0.23348017621145375,0,0.5364041604754829,0.3029239842640291,5448,5384,level0
Mouse,POLYIC_20190524_polyic___E3_P1_1,y,6,4.999999925494195,5,0.1762114537444934,3,0.21433878157503714,0.038127327830543734,5448,5384,level0
Mouse,POLYIC_20190524_polyic___E3_P1_1,y,7,4.999999925494195,1,0.1683186490455213,0,0.18313521545319464,0.014816566407673343,5448,5384,level0
Mouse,POLYIC_20190524_polyic___E3_P1_1,y,8,4.999999925494195,4,0.14684287812041116,4,0.17273402674591382,0.025891148625502652,5448,5384,level0
Mouse,POLYIC_20190524_polyic___E3_P1_10,x,2,3.1999998807907124,1,0.5010498687664042,0,0.5034537725823592,0.002403903815955011,3810,3764,corrected_baseline
Mouse,POLYIC_20190524_polyic___E3_P1_10,x,3,3.1999998807907124,0,0.33569553805774277,1,0.3344845908607864,-0.0012109471969563579,3810,3764,corrected_baseline
Mouse,POLYIC_20190524_polyic___E3_P1_10,x,4,3.1999998807907124,2,0.2572178477690289,2,0.2537194473963868,-0.0034984003726420965,3810,3764,corrected_baseline
Mouse,POLYIC_20190524_polyic___E3_P1_10,x,5,3.1999998807907124,0,0.21338582677165355,1,0.21785334750265675,0.004467520731003205,3810,3764,corrected_baseline
Mouse,POLYIC_20190524_polyic___E3_P1_10,x,6,3.1999998807907124,3,0.17821522309711285,1,0.1785334750265675,0.00031825192945464376,3810,3764,corrected_baseline
Mouse,POLYIC_20190524_polyic___E3_P1_10,x,7,3.1999998807907124,5,0.15616797900262466,6,0.16976620616365568,0.013598227161031012,3810,3764,corrected_baseline
Mouse,POLYIC_20190524_polyic___E3_P1_10,x,8,3.1999998807907124,2,0.13622047244094487,2,0.1416046758767269,0.005384203435782026,3810,3764,corrected_baseline
Mouse,POLYIC_20190524_polyic___E3_P1_10,y,2,4.999999925494195,1,0.509430403621275,0,0.5656892612338157,0.05625885761254068,5302,5252,corrected_baseline
Mouse,POLYIC_20190524_polyic___E3_P1_10,y,3,4.999999925494195,1,0.34156921916258015,0,0.36785986290936784,0.02629064374678769,5302,5252,corrected_baseline
Mouse,POLYIC_20190524_polyic___E3_P1_10,y,4,4.999999925494195,3,0.2708411920030177,2,0.3015993907083016,0.0307581987052839,5302,5252,corrected_baseline
Mouse,POLYIC_20190524_polyic___E3_P1_10,y,5,4.999999925494195,1,0.24801961523953225,0,0.5327494287890328,0.2847298135495005,5302,5252,corrected_baseline
Mouse,POLYIC_20190524_polyic___E3_P1_10,y,6,4.999999925494195,1,0.19294605809128632,0,0.2145849200304646,0.021638861939178272,5302,5252,corrected_baseline
Mouse,POLYIC_20190524_polyic___E3_P1_10,y,7,4.999999925494195,0,0.17370803470388532,6,0.1667936024371668,-0.006914432266718534,5302,5252,corrected_baseline
Mouse,POLYIC_20190524_polyic___E3_P1_10,y,8,4.999999925494195,3,0.15937382119954735,4,0.21191926884996193,0.05254544765041458,5302,5252,corrected_baseline
Mouse,POLYIC_20190524_polyic___E3_P1_10,x,2,3.1999998807907124,1,0.5010498687664042,0,0.5045569620253164,0.003507093258912186,3810,3950,level0
Mouse,POLYIC_20190524_polyic___E3_P1_10,x,3,3.1999998807907124,0,0.33569553805774277,1,0.3382278481012658,0.002532310043523056,3810,3950,level0
Mouse,POLYIC_20190524_polyic___E3_P1_10,x,4,3.1999998807907124,2,0.2572178477690289,3,0.26151898734177215,0.004301139572743251,3810,3950,level0
Mouse,POLYIC_20190524_polyic___E3_P1_10,x,5,3.1999998807907124,0,0.21338582677165355,2,0.20455696202531645,-0.008828864746337095,3810,3950,level0
Mouse,POLYIC_20190524_polyic___E3_P1_10,x,6,3.1999998807907124,3,0.17821522309711285,1,0.17746835443037975,-0.000746868666733097,3810,3950,level0
Mouse,POLYIC_20190524_polyic___E3_P1_10,x,7,3.1999998807907124,5,0.15616797900262466,6,0.16962025316455695,0.013452274161932287,3810,3950,level0
Mouse,POLYIC_20190524_polyic___E3_P1_10,x,8,3.1999998807907124,2,0.13622047244094487,0,0.13822784810126582,0.0020073756603209425,3810,3950,level0
Mouse,POLYIC_20190524_polyic___E3_P1_10,y,2,4.999999925494195,1,0.509430403621275,0,0.5636810279667422,0.054250624345467235,5302,5292,level0
Mouse,POLYIC_20190524_polyic___E3_P1_10,y,3,4.999999925494195,1,0.34156921916258015,0,0.4021164021164021,0.06054718295382194,5302,5292,level0
Mouse,POLYIC_20190524_polyic___E3_P1_10,y,4,4.999999925494195,3,0.2708411920030177,2,0.32464096749811033,0.05379977549509263,5302,5292,level0
Mouse,POLYIC_20190524_polyic___E3_P1_10,y,5,4.999999925494195,1,0.24801961523953225,0,0.5530990173847317,0.3050794021451994,5302,5292,level0
Mouse,POLYIC_20190524_polyic___E3_P1_10,y,6,4.999999925494195,1,0.19294605809128632,0,0.24055177626606197,0.04760571817477566,5302,5292,level0
Mouse,POLYIC_20190524_polyic___E3_P1_10,y,7,4.999999925494195,0,0.17370803470388532,6,0.1883975812547241,0.014689546550838789,5302,5292,level0
Mouse,POLYIC_20190524_polyic___E3_P1_10,y,8,4.999999925494195,3,0.15937382119954735,4,0.18121693121693122,0.02184311001738387,5302,5292,level0
Mouse,POLYIC_20190524_polyic___E3_P1_12,x,2,3.1999998807907124,0,0.51,0,0.5066404328578455,-0.0033595671421544626,4100,4066,corrected_baseline
Mouse,POLYIC_20190524_polyic___E3_P1_12,x,3,3.1999998807907124,0,0.34170731707317076,0,0.3366945400885391,-0.0050127769846316506,4100,4066,corrected_baseline
Mouse,POLYIC_20190524_polyic___E3_P1_12,x,4,3.1999998807907124,0,0.2624390243902439,0,0.2538121003443187,-0.008626924045925188,4100,4066,corrected_baseline
Mouse,POLYIC_20190524_polyic___E3_P1_12,x,5,3.1999998807907124,2,0.2070731707317073,1,0.21126414166256763,0.004190970930860322,4100,4066,corrected_baseline
Mouse,POLYIC_20190524_polyic___E3_P1_12,x,6,3.1999998807907124,4,0.18390243902439024,3,0.1810132808657157,-0.0028891581586745485,4100,4066,corrected_baseline
Mouse,POLYIC_20190524_polyic___E3_P1_12,x,7,3.1999998807907124,2,0.1575609756097561,2,0.16527299557304476,0.007712019963288658,4100,4066,corrected_baseline
Mouse,POLYIC_20190524_polyic___E3_P1_12,x,8,3.1999998807907124,6,0.14097560975609755,6,0.14535169699950812,0.00437608724341057,4100,4066,corrected_baseline
Mouse,POLYIC_20190524_polyic___E3_P1_12,y,2,4.999999925494195,1,0.5184418517124577,0,0.523001508295626,0.004559656583168259,5314,5304,corrected_baseline
Mouse,POLYIC_20190524_polyic___E3_P1_12,y,3,4.999999925494195,1,0.3438088069251035,2,0.3891402714932127,0.04533146456810916,5314,5304,corrected_baseline
Mouse,POLYIC_20190524_polyic___E3_P1_12,y,4,4.999999925494195,3,0.27342867896123446,0,0.30335595776772245,0.02992727880648799,5314,5304,corrected_baseline
Mouse,POLYIC_20190524_polyic___E3_P1_12,y,5,4.999999925494195,4,0.2160331200602183,0,0.5441176470588235,0.3280845269986052,5314,5304,corrected_baseline
Mouse,POLYIC_20190524_polyic___E3_P1_12,y,6,4.999999925494195,1,0.1868648852088822,2,0.1996606334841629,0.01279574827528071,5314,5304,corrected_baseline
Mouse,POLYIC_20190524_polyic___E3_P1_12,y,7,4.999999925494195,5,0.15995483628152052,4,0.16138763197586728,0.0014327956943467612,5314,5304,corrected_baseline
Mouse,POLYIC_20190524_polyic___E3_P1_12,y,8,4.999999925494195,3,0.1575084681972149,2,0.16157616892911011,0.0040677007318952185,5314,5304,corrected_baseline
Mouse,POLYIC_20190524_polyic___E3_P1_12,x,2,3.1999998807907124,0,0.51,1,0.5246168137482582,0.014616813748258184,4100,4306,level0
Mouse,POLYIC_20190524_polyic___E3_P1_12,x,3,3.1999998807907124,0,0.34170731707317076,0,0.3615884811890385,0.019881164115867767,4100,4306,level0
Mouse,POLYIC_20190524_polyic___E3_P1_12,x,4,3.1999998807907124,0,0.2624390243902439,1,0.2707849512308407,0.008345926840596762,4100,4306,level0
Mouse,POLYIC_20190524_polyic___E3_P1_12,x,5,3.1999998807907124,2,0.2070731707317073,2,0.21086855550394798,0.003795384772240673,4100,4306,level0
Mouse,POLYIC_20190524_polyic___E3_P1_12,x,6,3.1999998807907124,4,0.18390243902439024,3,0.19252206223873664,0.008619623214346395,4100,4306,level0
Mouse,POLYIC_20190524_polyic___E3_P1_12,x,7,3.1999998807907124,2,0.1575609756097561,3,0.15768694844403158,0.000125972834275484,4100,4306,level0
Mouse,POLYIC_20190524_polyic___E3_P1_12,x,8,3.1999998807907124,6,0.14097560975609755,5,0.14700418021365536,0.006028570457557808,4100,4306,level0
Mouse,POLYIC_20190524_polyic___E3_P1_12,y,2,4.999999925494195,1,0.5184418517124577,0,0.529333838001514,0.010891986289056299,5314,5284,level0
Mouse,POLYIC_20190524_polyic___E3_P1_12,y,3,4.999999925494195,1,0.3438088069251035,2,0.3766086298258895,0.03279982290078598,5314,5284,level0
Mouse,POLYIC_20190524_polyic___E3_P1_12,y,4,4.999999925494195,3,0.27342867896123446,0,0.3109386828160485,0.03751000385481401,5314,5284,level0
Mouse,POLYIC_20190524_polyic___E3_P1_12,y,5,4.999999925494195,4,0.2160331200602183,0,0.5539364118092355,0.3379032917490172,5314,5284,level0
Mouse,POLYIC_20190524_polyic___E3_P1_12,y,6,4.999999925494195,1,0.1868648852088822,2,0.20249810749432248,0.015633222285440285,5314,5284,level0
Mouse,POLYIC_20190524_polyic___E3_P1_12,y,7,4.999999925494195,5,0.15995483628152052,0,0.16559424678274035,0.005639410501219827,5314,5284,level0
Mouse,POLYIC_20190524_polyic___E3_P1_12,y,8,4.999999925494195,3,0.1575084681972149,4,0.16010598031794096,0.0025975121207260643,5314,5284,level0
Mouse,POLYIC_20190524_polyic___E3_P1_13,x,2,3.1999998807907124,1,0.5054715997915581,0,0.5005277044854881,-0.004943895306069979,3838,3790,corrected_baseline
Mouse,POLYIC_20190524_polyic___E3_P1_13,x,3,3.1999998807907124,0,0.33949973944762896,2,0.3467018469656992,0.0072021075180702665,3838,3790,corrected_baseline
Mouse,POLYIC_20190524_polyic___E3_P1_13,x,4,3.1999998807907124,1,0.26341844710786866,0,0.2596306068601583,-0.003787840247710339,3838,3790,corrected_baseline
Mouse,POLYIC_20190524_polyic___E3_P1_13,x,5,3.1999998807907124,1,0.20557582073996875,3,0.22058047493403693,0.015004654194068184,3838,3790,corrected_baseline
Mouse,POLYIC_20190524_polyic___E3_P1_13,x,6,3.1999998807907124,1,0.1818655549765503,2,0.18944591029023747,0.00758035531368717,3838,3790,corrected_baseline
Mouse,POLYIC_20190524_polyic___E3_P1_13,x,7,3.1999998807907124,2,0.14903595622720167,1,0.1546174142480211,0.005581458020819441,3838,3790,corrected_baseline
Mouse,POLYIC_20190524_polyic___E3_P1_13,x,8,3.1999998807907124,5,0.151902032308494,5,0.14327176781002637,-0.008630264498467627,3838,3790,corrected_baseline
Mouse,POLYIC_20190524_polyic___E3_P1_13,y,2,4.999999925494195,0,0.505135032331685,0,0.5059845559845559,0.0008495236528709427,5258,5180,corrected_baseline
Mouse,POLYIC_20190524_polyic___E3_P1_13,y,3,4.999999925494195,1,0.34480791175351844,1,0.3750965250965251,0.030288613343006643,5258,5180,corrected_baseline
Mouse,POLYIC_20190524_polyic___E3_P1_13,y,4,4.999999925494195,2,0.2613160897679726,1,0.2754826254826255,0.014166535714652873,5258,5180,corrected_baseline
Mouse,POLYIC_20190524_polyic___E3_P1_13,y,5,4.999999925494195,1,0.2213769494104222,0,0.5310810810810811,0.3097041316706589,5258,5180,corrected_baseline
Mouse,POLYIC_20190524_polyic___E3_P1_13,y,6,4.999999925494195,1,0.17459109927729174,4,0.1972972972972973,0.022706198020005564,5258,5180,corrected_baseline
Mouse,POLYIC_20190524_polyic___E3_P1_13,y,7,4.999999925494195,1,0.16165842525675161,1,0.18803088803088802,0.026372462774136407,5258,5180,corrected_baseline
Mouse,POLYIC_20190524_polyic___E3_P1_13,y,8,4.999999925494195,6,0.1409281095473564,7,0.19613899613899613,0.055210886591639724,5258,5180,corrected_baseline
Mouse,POLYIC_20190524_polyic___E3_P1_13,x,2,3.1999998807907124,1,0.5054715997915581,0,0.5136054421768708,0.008133842385312673,3838,4116,level0
Mouse,POLYIC_20190524_polyic___E3_P1_13,x,3,3.1999998807907124,0,0.33949973944762896,2,0.34062196307094267,0.0011222236233137117,3838,4116,level0
Mouse,POLYIC_20190524_polyic___E3_P1_13,x,4,3.1999998807907124,1,0.26341844710786866,1,0.2657920310981535,0.0023735839902848666,3838,4116,level0
Mouse,POLYIC_20190524_polyic___E3_P1_13,x,5,3.1999998807907124,1,0.20557582073996875,3,0.22206025267249757,0.016484431932528826,3838,4116,level0
Mouse,POLYIC_20190524_polyic___E3_P1_13,x,6,3.1999998807907124,1,0.1818655549765503,2,0.18828960155490768,0.006424046578357379,3838,4116,level0
Mouse,POLYIC_20190524_polyic___E3_P1_13,x,7,3.1999998807907124,2,0.14903595622720167,5,0.15913508260447035,0.010099126377268675,3838,4116,level0
Mouse,POLYIC_20190524_polyic___E3_P1_13,x,8,3.1999998807907124,5,0.151902032308494,5,0.13678328474246843,-0.015118747566025575,3838,4116,level0
Mouse,POLYIC_20190524_polyic___E3_P1_13,y,2,4.999999925494195,0,0.505135032331685,1,0.5051943055021162,5.927317043119551e-05,5258,5198,level0
Mouse,POLYIC_20190524_polyic___E3_P1_13,y,3,4.999999925494195,1,0.34480791175351844,1,0.40631011927664484,0.061502207523126406,5258,5198,level0
Mouse,POLYIC_20190524_polyic___E3_P1_13,y,4,4.999999925494195,2,0.2613160897679726,1,0.299730665640631,0.038414575872658396,5258,5198,level0
Mouse,POLYIC_20190524_polyic___E3_P1_13,y,5,4.999999925494195,1,0.2213769494104222,0,0.525971527510581,0.3045945781001588,5258,5198,level0
Mouse,POLYIC_20190524_polyic___E3_P1_13,y,6,4.999999925494195,1,0.17459109927729174,4,0.2058484032320123,0.03125730395472057,5258,5198,level0
Mouse,POLYIC_20190524_polyic___E3_P1_13,y,7,4.999999925494195,1,0.16165842525675161,1,0.18141592920353983,0.019757503946788213,5258,5198,level0
Mouse,POLYIC_20190524_polyic___E3_P1_13,y,8,4.999999925494195,6,0.1409281095473564,4,0.1794921123509042,0.0385640028035478,5258,5198,level0
Mouse,POLYIC_20190524_polyic___E3_P1_3,x,2,3.1999998807907124,1,0.5077279752704791,0,0.5005136106831022,-0.007214364587376898,3882,3894,corrected_baseline
Mouse,POLYIC_20190524_polyic___E3_P1_3,x,3,3.1999998807907124,1,0.3387429160226687,2,0.3415511042629687,0.0028081882402999914,3882,3894,corrected_baseline
Mouse,POLYIC_20190524_polyic___E3_P1_3,x,4,3.1999998807907124,1,0.2679031427099433,0,0.2532100667693888,-0.014693075940554523,3882,3894,corrected_baseline
Mouse,POLYIC_20190524_polyic___E3_P1_3,x,5,3.1999998807907124,1,0.21148892323544566,1,0.22213662044170518,0.010647697206259521,3882,3894,corrected_baseline
Mouse,POLYIC_20190524_polyic___E3_P1_3,x,6,3.1999998807907124,3,0.18160741885625967,2,0.18438623523369285,0.0027788163774331853,3882,3894,corrected_baseline
Mouse,POLYIC_20190524_polyic___E3_P1_3,x,7,3.1999998807907124,3,0.1602266872746007,0,0.1517719568567026,-0.008454730417898099,3882,3894,corrected_baseline
Mouse,POLYIC_20190524_polyic___E3_P1_3,x,8,3.1999998807907124,1,0.15687789799072643,0,0.14201335387776065,-0.014864544112965783,3882,3894,corrected_baseline
Mouse,POLYIC_20190524_polyic___E3_P1_3,y,2,4.999999925494195,0,0.5135083713850838,1,0.5186843129622422,0.005175941577158394,5256,5138,corrected_baseline
Mouse,POLYIC_20190524_polyic___E3_P1_3,y,3,4.999999925494195,1,0.3504566210045662,0,0.3843908135461269,0.033934192541560715,5256,5138,corrected_baseline
Mouse,POLYIC_20190524_polyic___E3_P1_3,y,4,4.999999925494195,0,0.2671232876712329,3,0.2709225379525107,0.0037992502812778106,5256,5138,corrected_baseline
Mouse,POLYIC_20190524_polyic___E3_P1_3,y,5,4.999999925494195,4,0.2146118721461187,0,0.5280264694433632,0.31341459729724447,5256,5138,corrected_baseline
Mouse,POLYIC_20190524_polyic___E3_P1_3,y,6,4.999999925494195,1,0.1767503805175038,3,0.20611132736473337,0.029360946847229563,5256,5138,corrected_baseline
Mouse,POLYIC_20190524_polyic___E3_P1_3,y,7,4.999999925494195,5,0.16419330289193304,2,0.16270922537952512,-0.001484077512407922,5256,5138,corrected_baseline
Mouse,POLYIC_20190524_polyic___E3_P1_3,y,8,4.999999925494195,0,0.14098173515981735,7,0.18664850136239783,0.04566676620258048,5256,5138,corrected_baseline
Mouse,POLYIC_20190524_polyic___E3_P1_3,x,2,3.1999998807907124,1,0.5077279752704791,0,0.512874531835206,0.005146556564726956,3882,4272,level0
Mouse,POLYIC_20190524_polyic___E3_P1_3,x,3,3.1999998807907124,1,0.3387429160226687,1,0.3441011235955056,0.005358207572836893,3882,4272,level0
Mouse,POLYIC_20190524_polyic___E3_P1_3,x,4,3.1999998807907124,1,0.2679031427099433,0,0.26989700374531833,0.001993861035375022,3882,4272,level0
Mouse,POLYIC_20190524_polyic___E3_P1_3,x,5,3.1999998807907124,1,0.21148892323544566,4,0.21395131086142322,0.002462387625977558,3882,4272,level0
Mouse,POLYIC_20190524_polyic___E3_P1_3,x,6,3.1999998807907124,3,0.18160741885625967,4,0.1781367041198502,-0.003470714736409475,3882,4272,level0
Mouse,POLYIC_20190524_polyic___E3_P1_3,x,7,3.1999998807907124,3,0.1602266872746007,0,0.15215355805243447,-0.008073129222166242,3882,4272,level0
Mouse,POLYIC_20190524_polyic___E3_P1_3,x,8,3.1999998807907124,1,0.15687789799072643,0,0.14606741573033707,-0.010810482260389359,3882,4272,level0
Mouse,POLYIC_20190524_polyic___E3_P1_3,y,2,4.999999925494195,0,0.5135083713850838,1,0.5170519136036378,0.003543542218554019,5256,5278,level0
Mouse,POLYIC_20190524_polyic___E3_P1_3,y,3,4.999999925494195,1,0.3504566210045662,2,0.34520651762031074,-0.005250103384255467,5256,5278,level0
Mouse,POLYIC_20190524_polyic___E3_P1_3,y,4,4.999999925494195,0,0.2671232876712329,1,0.2660098522167488,-0.001113435454484113,5256,5278,level0
Mouse,POLYIC_20190524_polyic___E3_P1_3,y,5,4.999999925494195,4,0.2146118721461187,2,0.5009473285335354,0.2863354563874167,5256,5278,level0
Mouse,POLYIC_20190524_polyic___E3_P1_3,y,6,4.999999925494195,1,0.1767503805175038,5,0.18719211822660098,0.010441737709097176,5256,5278,level0
Mouse,POLYIC_20190524_polyic___E3_P1_3,y,7,4.999999925494195,5,0.16419330289193304,4,0.16843501326259946,0.004241710370666424,5256,5278,level0
Mouse,POLYIC_20190524_polyic___E3_P1_3,y,8,4.999999925494195,0,0.14098173515981735,7,0.15630920803334597,0.01532747287352862,5256,5278,level0
Mouse,POLYIC_20190524_polyic___E3_P1_4,x,2,3.1999998807907124,1,0.5077962577962578,0,0.5079030558482613,0.00010679805200353165,3848,3796,corrected_baseline
Mouse,POLYIC_20190524_polyic___E3_P1_4,x,3,3.1999998807907124,2,0.34303534303534305,2,0.35458377239199157,0.011548429356648515,3848,3796,corrected_baseline
Mouse,POLYIC_20190524_polyic___E3_P1_4,x,4,3.1999998807907124,3,0.2642931392931393,0,0.26211801896733405,-0.0021751203258052465,3848,3796,corrected_baseline
Mouse,POLYIC_20190524_polyic___E3_P1_4,x,5,3.1999998807907124,3,0.20686070686070687,1,0.2168071654373024,0.00994645857659554,3848,3796,corrected_baseline
Mouse,POLYIC_20190524_polyic___E3_P1_4,x,6,3.1999998807907124,1,0.17515592515592515,5,0.17887249736564806,0.003716572209722907,3848,3796,corrected_baseline
Mouse,POLYIC_20190524_polyic___E3_P1_4,x,7,3.1999998807907124,0,0.1541060291060291,6,0.15727081138040042,0.0031647822743713083,3848,3796,corrected_baseline
Mouse,POLYIC_20190524_polyic___E3_P1_4,x,8,3.1999998807907124,7,0.1340956340956341,0,0.1332982086406744,-0.0007974254549596993,3848,3796,corrected_baseline
Mouse,POLYIC_20190524_polyic___E3_P1_4,y,2,4.999999925494195,1,0.53196261682243,0,0.5296546546546547,-0.0023079621677752904,5350,5328,corrected_baseline
Mouse,POLYIC_20190524_polyic___E3_P1_4,y,3,4.999999925494195,1,0.3579439252336449,0,0.4359984984984985,0.0780545732648536,5350,5328,corrected_baseline
Mouse,POLYIC_20190524_polyic___E3_P1_4,y,4,4.999999925494195,3,0.26822429906542056,2,0.32075825825825827,0.05253395919283771,5350,5328,corrected_baseline
Mouse,POLYIC_20190524_polyic___E3_P1_4,y,5,4.999999925494195,1,0.23476635514018693,0,0.5279654654654654,0.29319911032527846,5350,5328,corrected_baseline
Mouse,POLYIC_20190524_polyic___E3_P1_4,y,6,4.999999925494195,5,0.19850467289719625,3,0.2195945945945946,0.021089921697398345,5350,5328,corrected_baseline
Mouse,POLYIC_20190524_polyic___E3_P1_4,y,7,4.999999925494195,0,0.16149532710280373,6,0.2087087087087087,0.047213381605904964,5350,5328,corrected_baseline
Mouse,POLYIC_20190524_polyic___E3_P1_4,y,8,4.999999925494195,3,0.1560747663551402,4,0.18412162162162163,0.02804685526648143,5350,5328,corrected_baseline
Mouse,POLYIC_20190524_polyic___E3_P1_4,x,2,3.1999998807907124,1,0.5077962577962578,0,0.5368207211782631,0.02902446338200526,3848,3938,level0
Mouse,POLYIC_20190524_polyic___E3_P1_4,x,3,3.1999998807907124,2,0.34303534303534305,2,0.3517013712544439,0.008666028219100841,3848,3938,level0
Mouse,POLYIC_20190524_polyic___E3_P1_4,x,4,3.1999998807907124,3,0.2642931392931393,0,0.28745556119857796,0.023162421905438657,3848,3938,level0
Mouse,POLYIC_20190524_polyic___E3_P1_4,x,5,3.1999998807907124,3,0.20686070686070687,4,0.20949720670391062,0.0026364998432037434,3848,3938,level0
Mouse,POLYIC_20190524_polyic___E3_P1_4,x,6,3.1999998807907124,1,0.17515592515592515,2,0.1904520060944642,0.015296080938539042,3848,3938,level0
Mouse,POLYIC_20190524_polyic___E3_P1_4,x,7,3.1999998807907124,0,0.1541060291060291,1,0.1589639410868461,0.0048579119808170035,3848,3938,level0
Mouse,POLYIC_20190524_polyic___E3_P1_4,x,8,3.1999998807907124,7,0.1340956340956341,0,0.1467750126968004,0.012679378601166302,3848,3938,level0
Mouse,POLYIC_20190524_polyic___E3_P1_4,y,2,4.999999925494195,1,0.53196261682243,0,0.5215759849906192,-0.010386631831810766,5350,5330,level0
Mouse,POLYIC_20190524_polyic___E3_P1_4,y,3,4.999999925494195,1,0.3579439252336449,0,0.4527204502814259,0.094776525047781,5350,5330,level0
Mouse,POLYIC_20190524_polyic___E3_P1_4,y,4,4.999999925494195,3,0.26822429906542056,2,0.3196998123827392,0.051475513317318644,5350,5330,level0
Mouse,POLYIC_20190524_polyic___E3_P1_4,y,5,4.999999925494195,1,0.23476635514018693,0,0.5155722326454034,0.28080587750521646,5350,5330,level0
Mouse,POLYIC_20190524_polyic___E3_P1_4,y,6,4.999999925494195,5,0.19850467289719625,3,0.23377110694183864,0.035266434044642386,5350,5330,level0
Mouse,POLYIC_20190524_polyic___E3_P1_4,y,7,4.999999925494195,0,0.16149532710280373,6,0.19455909943714822,0.03306377233434449,5350,5330,level0
Mouse,POLYIC_20190524_polyic___E3_P1_4,y,8,4.999999925494195,3,0.1560747663551402,7,0.17204502814258912,0.015970261787448925,5350,5330,level0
Mouse,POLYIC_20190524_polyic___E3_P1_5,x,2,3.1999998807907124,1,0.5010515247108307,0,0.5203919491525424,0.01934042444171169,3804,3776,corrected_baseline
Mouse,POLYIC_20190524_polyic___E3_P1_5,x,3,3.1999998807907124,2,0.3441114616193481,0,0.3453389830508475,0.001227521431499401,3804,3776,corrected_baseline
Mouse,POLYIC_20190524_polyic___E3_P1_5,x,4,3.1999998807907124,1,0.2542060988433228,2,0.2632415254237288,0.009035426580406014,3804,3776,corrected_baseline
Mouse,POLYIC_20190524_polyic___E3_P1_5,x,5,3.1999998807907124,4,0.20425867507886436,3,0.2190148305084746,0.01475615542961023,3804,3776,corrected_baseline
Mouse,POLYIC_20190524_polyic___E3_P1_5,x,6,3.1999998807907124,2,0.17928496319663512,0,0.1795550847457627,0.0002701215491275888,3804,3776,corrected_baseline
Mouse,POLYIC_20190524_polyic___E3_P1_5,x,7,3.1999998807907124,5,0.16035751840168244,5,0.1559851694915254,-0.004372348910157031,3804,3776,corrected_baseline
Mouse,POLYIC_20190524_polyic___E3_P1_5,x,8,3.1999998807907124,0,0.13801261829652997,2,0.13983050847457626,0.0018178901780462886,3804,3776,corrected_baseline
Mouse,POLYIC_20190524_polyic___E3_P1_5,y,2,4.999999925494195,0,0.5039277297721917,0,0.5658623417721519,0.0619346119999602,5092,5056,corrected_baseline
Mouse,POLYIC_20190524_polyic___E3_P1_5,y,3,4.999999925494195,1,0.3375883739198743,2,0.3692642405063291,0.031675866586454826,5092,5056,corrected_baseline
Mouse,POLYIC_20190524_polyic___E3_P1_5,y,4,4.999999925494195,2,0.25216025137470544,2,0.2893591772151899,0.037198925840484454,5092,5056,corrected_baseline
Mouse,POLYIC_20190524_polyic___E3_P1_5,y,5,4.999999925494195,2,0.21602513747054203,0,0.539754746835443,0.32372960936490097,5092,5056,corrected_baseline
Mouse,POLYIC_20190524_polyic___E3_P1_5,y,6,4.999999925494195,4,0.19265514532600156,4,0.23635284810126583,0.043697702775264274,5092,5056,corrected_baseline
Mouse,POLYIC_20190524_polyic___E3_P1_5,y,7,4.999999925494195,3,0.1624116260801257,2,0.1687104430379747,0.006298816957849007,5092,5056,corrected_baseline
Mouse,POLYIC_20190524_polyic___E3_P1_5,y,8,4.999999925494195,2,0.1357030636292223,2,0.19837816455696203,0.06267510092773973,5092,5056,corrected_baseline
Mouse,POLYIC_20190524_polyic___E3_P1_5,x,2,3.1999998807907124,1,0.5010515247108307,0,0.5075604838709677,0.006508959160137051,3804,3968,level0
Mouse,POLYIC_20190524_polyic___E3_P1_5,x,3,3.1999998807907124,2,0.3441114616193481,2,0.34400201612903225,-0.00010944549031582929,3804,3968,level0
Mouse,POLYIC_20190524_polyic___E3_P1_5,x,4,3.1999998807907124,1,0.2542060988433228,0,0.2628528225806452,0.008646723737322393,3804,3968,level0
Mouse,POLYIC_20190524_polyic___E3_P1_5,x,5,3.1999998807907124,4,0.20425867507886436,0,0.21849798387096775,0.014239308792103389,3804,3968,level0
Mouse,POLYIC_20190524_polyic___E3_P1_5,x,6,3.1999998807907124,2,0.17928496319663512,2,0.18296370967741934,0.0036787464807842285,3804,3968,level0
Mouse,POLYIC_20190524_polyic___E3_P1_5,x,7,3.1999998807907124,5,0.16035751840168244,5,0.16053427419354838,0.0001767557918659346,3804,3968,level0
Mouse,POLYIC_20190524_polyic___E3_P1_5,x,8,3.1999998807907124,0,0.13801261829652997,4,0.1376008064516129,-0.0004118118449170649,3804,3968,level0
Mouse,POLYIC_20190524_polyic___E3_P1_5,y,2,4.999999925494195,0,0.5039277297721917,0,0.5604223699648025,0.05649464019261086,5092,5114,level0
Mouse,POLYIC_20190524_polyic___E3_P1_5,y,3,4.999999925494195,1,0.3375883739198743,2,0.38834571763785686,0.05075734371798257,5092,5114,level0
Mouse,POLYIC_20190524_polyic___E3_P1_5,y,4,4.999999925494195,2,0.25216025137470544,0,0.2931169339069222,0.04095668253221674,5092,5114,level0
Mouse,POLYIC_20190524_polyic___E3_P1_5,y,5,4.999999925494195,2,0.21602513747054203,0,0.5389127884239343,0.3228876509533923,5092,5114,level0
Mouse,POLYIC_20190524_polyic___E3_P1_5,y,6,4.999999925494195,4,0.19265514532600156,4,0.2254595228783731,0.03280437755237153,5092,5114,level0
Mouse,POLYIC_20190524_polyic___E3_P1_5,y,7,4.999999925494195,3,0.1624116260801257,3,0.17207665232694563,0.009665026246819947,5092,5114,level0
Mouse,POLYIC_20190524_polyic___E3_P1_5,y,8,4.999999925494195,2,0.1357030636292223,2,0.17892061008994917,0.04321754646072687,5092,5114,level0
Mouse,POLYIC_20190524_polyic___E3_P1_6,x,2,3.1999998807907124,1,0.5166912125675013,0,0.5108161258603736,-0.0058750867071276636,4074,4068,corrected_baseline
Mouse,POLYIC_20190524_polyic___E3_P1_6,x,3,3.1999998807907124,1,0.34658811978399606,1,0.3367748279252704,-0.009813291858725648,4074,4068,corrected_baseline
Mouse,POLYIC_20190524_polyic___E3_P1_6,x,4,3.1999998807907124,3,0.27319587628865977,0,0.2581120943952802,-0.015083781893379555,4074,4068,corrected_baseline
Mouse,POLYIC_20190524_polyic___E3_P1_6,x,5,3.1999998807907124,4,0.20814923907707414,1,0.21042281219272368,0.0022735731156495465,4074,4068,corrected_baseline
Mouse,POLYIC_20190524_polyic___E3_P1_6,x,6,3.1999998807907124,4,0.18458517427589594,4,0.1747787610619469,-0.009806413213949039,4074,4068,corrected_baseline
Mouse,POLYIC_20190524_polyic___E3_P1_6,x,7,3.1999998807907124,3,0.16200294550810015,1,0.1597836774827925,-0.0022192680253076413,4074,4068,corrected_baseline
Mouse,POLYIC_20190524_polyic___E3_P1_6,x,8,3.1999998807907124,3,0.14261168384879724,4,0.13938053097345132,-0.0032311528753459218,4074,4068,corrected_baseline
Mouse,POLYIC_20190524_polyic___E3_P1_6,y,2,4.999999925494195,0,0.501679104477612,1,0.5041322314049587,0.0024531269273466716,5360,5324,corrected_baseline
Mouse,POLYIC_20190524_polyic___E3_P1_6,y,3,4.999999925494195,1,0.34496268656716417,1,0.37753568745304283,0.03257300088587867,5360,5324,corrected_baseline
Mouse,POLYIC_20190524_polyic___E3_P1_6,y,4,4.999999925494195,2,0.2666044776119403,0,0.29526671675432004,0.028662239142379753,5360,5324,corrected_baseline
Mouse,POLYIC_20190524_polyic___E3_P1_6,y,5,4.999999925494195,3,0.23152985074626867,2,0.5007513148009016,0.269221464054633,5360,5324,corrected_baseline
Mouse,POLYIC_20190524_polyic___E3_P1_6,y,6,4.999999925494195,1,0.18488805970149252,1,0.2231404958677686,0.03825243616627608,5360,5324,corrected_baseline
Mouse,POLYIC_20190524_polyic___E3_P1_6,y,7,4.999999925494195,6,0.16138059701492538,5,0.17693463561232156,0.01555403859739618,5360,5324,corrected_baseline
Mouse,POLYIC_20190524_polyic___E3_P1_6,y,8,4.999999925494195,1,0.141044776119403,1,0.19759579263711496,0.056551016517711966,5360,5324,corrected_baseline
Mouse,POLYIC_20190524_polyic___E3_P1_6,x,2,3.1999998807907124,1,0.5166912125675013,0,0.5002377555872562,-0.01645345698024503,4074,4206,level0
Mouse,POLYIC_20190524_polyic___E3_P1_6,x,3,3.1999998807907124,1,0.34658811978399606,2,0.33761293390394675,-0.008975185880049308,4074,4206,level0
Mouse,POLYIC_20190524_polyic___E3_P1_6,x,4,3.1999998807907124,3,0.27319587628865977,3,0.25677603423680456,-0.016419842051855205,4074,4206,level0
Mouse,POLYIC_20190524_polyic___E3_P1_6,x,5,3.1999998807907124,4,0.20814923907707414,0,0.21588207322872088,0.007732834151646745,4074,4206,level0
Mouse,POLYIC_20190524_polyic___E3_P1_6,x,6,3.1999998807907124,4,0.18458517427589594,4,0.17142177841179268,-0.013163395864103256,4074,4206,level0
Mouse,POLYIC_20190524_polyic___E3_P1_6,x,7,3.1999998807907124,3,0.16200294550810015,4,0.16072277698525916,-0.001280168522840991,4074,4206,level0
Mouse,POLYIC_20190524_polyic___E3_P1_6,x,8,3.1999998807907124,3,0.14261168384879724,4,0.1326676176890157,-0.00994406615978155,4074,4206,level0
Mouse,POLYIC_20190524_polyic___E3_P1_6,y,2,4.999999925494195,0,0.501679104477612,1,0.5197761194029851,0.01809701492537308,5360,5360,level0
Mouse,POLYIC_20190524_polyic___E3_P1_6,y,3,4.999999925494195,1,0.34496268656716417,1,0.37705223880597016,0.032089552238805996,5360,5360,level0
Mouse,POLYIC_20190524_polyic___E3_P1_6,y,4,4.999999925494195,2,0.2666044776119403,0,0.2880597014925373,0.021455223880597007,5360,5360,level0
Mouse,POLYIC_20190524_polyic___E3_P1_6,y,5,4.999999925494195,3,0.23152985074626867,0,0.5059701492537313,0.27444029850746265,5360,5360,level0
Mouse,POLYIC_20190524_polyic___E3_P1_6,y,6,4.999999925494195,1,0.18488805970149252,1,0.2291044776119403,0.04421641791044778,5360,5360,level0
Mouse,POLYIC_20190524_polyic___E3_P1_6,y,7,4.999999925494195,6,0.16138059701492538,5,0.1789179104477612,0.01753731343283582,5360,5360,level0
Mouse,POLYIC_20190524_polyic___E3_P1_6,y,8,4.999999925494195,1,0.141044776119403,1,0.20373134328358208,0.06268656716417909,5360,5360,level0
Mouse,POLYIC_20190524_polyic___E3_P1_7,x,2,3.1999998807907124,1,0.5029348986125933,0,0.5041482300884956,0.0012133314759023017,3748,3616,corrected_baseline
Mouse,POLYIC_20190524_polyic___E3_P1_7,x,3,3.1999998807907124,1,0.34071504802561364,2,0.35370575221238937,0.012990704186775726,3748,3616,corrected_baseline
Mouse,POLYIC_20190524_polyic___E3_P1_7,x,4,3.1999998807907124,2,0.2646744930629669,2,0.27323008849557523,0.00855559543260831,3748,3616,corrected_baseline
Mouse,POLYIC_20190524_polyic___E3_P1_7,x,5,3.1999998807907124,4,0.21398078975453574,4,0.21543141592920353,0.0014506261746677906,3748,3616,corrected_baseline
Mouse,POLYIC_20190524_polyic___E3_P1_7,x,6,3.1999998807907124,1,0.18223052294557096,2,0.1827986725663717,0.0005681496208007342,3748,3616,corrected_baseline
Mouse,POLYIC_20190524_polyic___E3_P1_7,x,7,3.1999998807907124,4,0.1523479188900747,5,0.1590154867256637,0.006667567835589,3748,3616,corrected_baseline
Mouse,POLYIC_20190524_polyic___E3_P1_7,x,8,3.1999998807907124,6,0.14461045891141944,6,0.15127212389380532,0.006661664982385879,3748,3616,corrected_baseline
Mouse,POLYIC_20190524_polyic___E3_P1_7,y,2,4.999999925494195,1,0.5100760456273764,0,0.5150993883792049,0.0050233427518284746,5260,5232,corrected_baseline
Mouse,POLYIC_20190524_polyic___E3_P1_7,y,3,4.999999925494195,1,0.34942965779467683,1,0.3388761467889908,-0.010553511005686023,5260,5232,corrected_baseline
Mouse,POLYIC_20190524_polyic___E3_P1_7,y,4,4.999999925494195,3,0.2661596958174905,0,0.2786697247706422,0.01251002895315173,5260,5232,corrected_baseline
Mouse,POLYIC_20190524_polyic___E3_P1_7,y,5,4.999999925494195,1,0.23840304182509506,2,0.5005733944954128,0.26217035267031774,5260,5232,corrected_baseline
Mouse,POLYIC_20190524_polyic___E3_P1_7,y,6,4.999999925494195,1,0.18136882129277568,2,0.20240825688073394,0.02103943558795826,5260,5232,corrected_baseline
Mouse,POLYIC_20190524_polyic___E3_P1_7,y,7,4.999999925494195,3,0.170532319391635,2,0.17603211009174313,0.0054997907001081425,5260,5232,corrected_baseline
Mouse,POLYIC_20190524_polyic___E3_P1_7,y,8,4.999999925494195,3,0.13745247148288972,4,0.253631498470948,0.11617902698805829,5260,5232,corrected_baseline
Mouse,POLYIC_20190524_polyic___E3_P1_7,x,2,3.1999998807907124,1,0.5029348986125933,1,0.5130276185513288,0.010092719938735506,3748,3838,level0
Mouse,POLYIC_20190524_polyic___E3_P1_7,x,3,3.1999998807907124,1,0.34071504802561364,1,0.3418447107868682,0.0011296627612545351,3748,3838,level0
Mouse,POLYIC_20190524_polyic___E3_P1_7,x,4,3.1999998807907124,2,0.2646744930629669,3,0.2628973423658155,-0.0017771506971513973,3748,3838,level0
Mouse,POLYIC_20190524_polyic___E3_P1_7,x,5,3.1999998807907124,4,0.21398078975453574,3,0.21651902032308493,0.0025382305685491824,3748,3838,level0
Mouse,POLYIC_20190524_polyic___E3_P1_7,x,6,3.1999998807907124,1,0.18223052294557096,1,0.19020323084940072,0.007972707903829757,3748,3838,level0
Mouse,POLYIC_20190524_polyic___E3_P1_7,x,7,3.1999998807907124,4,0.1523479188900747,2,0.15138092756644086,-0.0009669913236338423,3748,3838,level0
Mouse,POLYIC_20190524_polyic___E3_P1_7,x,8,3.1999998807907124,6,0.14461045891141944,6,0.13366336633663367,-0.010947092574785766,3748,3838,level0
Mouse,POLYIC_20190524_polyic___E3_P1_7,y,2,4.999999925494195,1,0.5100760456273764,0,0.5095310712924133,-0.0005449743349631442,5260,5246,level0
Mouse,POLYIC_20190524_polyic___E3_P1_7,y,3,4.999999925494195,1,0.34942965779467683,1,0.35322150209683567,0.003791844302158842,5260,5246,level0
Mouse,POLYIC_20190524_polyic___E3_P1_7,y,4,4.999999925494195,3,0.2661596958174905,0,0.2628669462447579,-0.0032927495727325673,5260,5246,level0
Mouse,POLYIC_20190524_polyic___E3_P1_7,y,5,4.999999925494195,1,0.23840304182509506,0,0.5017155928326343,0.26331255100753925,5260,5246,level0
Mouse,POLYIC_20190524_polyic___E3_P1_7,y,6,4.999999925494195,1,0.18136882129277568,1,0.189668318719024,0.008299497426248331,5260,5246,level0
Mouse,POLYIC_20190524_polyic___E3_P1_7,y,7,4.999999925494195,3,0.170532319391635,2,0.17403736179946627,0.0035050424078312825,5260,5246,level0
Mouse,POLYIC_20190524_polyic___E3_P1_7,y,8,4.999999925494195,3,0.13745247148288972,4,0.23961113229126954,0.10215866080837982,5260,5246,level0
Mouse,POLYIC_20190524_polyic___E3_P1_9,x,2,3.1999998807907124,0,0.5025667351129364,1,0.5141435306443164,0.011576795531380024,3896,3818,corrected_baseline
Mouse,POLYIC_20190524_polyic___E3_P1_9,x,3,3.1999998807907124,1,0.34856262833675566,2,0.3394447354635935,-0.00911789287316217,3896,3818,corrected_baseline
Mouse,POLYIC_20190524_polyic___E3_P1_9,x,4,3.1999998807907124,3,0.2612936344969199,1,0.2676794133053955,0.006385778808475628,3896,3818,corrected_baseline
Mouse,POLYIC_20190524_polyic___E3_P1_9,x,5,3.1999998807907124,3,0.20867556468172485,0,0.22341540073336827,0.014739836051643418,3896,3818,corrected_baseline
Mouse,POLYIC_20190524_polyic___E3_P1_9,x,6,3.1999998807907124,1,0.17838809034907596,3,0.17836563645887898,-2.24538901969773e-05,3896,3818,corrected_baseline
Mouse,POLYIC_20190524_polyic___E3_P1_9,x,7,3.1999998807907124,1,0.1629876796714579,0,0.15845992666317443,-0.0045277530082834805,3896,3818,corrected_baseline
Mouse,POLYIC_20190524_polyic___E3_P1_9,x,8,3.1999998807907124,4,0.14656057494866528,5,0.14457831325301204,-0.0019822616956532424,3896,3818,corrected_baseline
Mouse,POLYIC_20190524_polyic___E3_P1_9,y,2,4.999999925494195,0,0.5021945866861741,0,0.5748425342719525,0.07264794758577842,5468,5398,corrected_baseline
Mouse,POLYIC_20190524_polyic___E3_P1_9,y,3,4.999999925494195,1,0.33522311631309437,2,0.3527232308262319,0.017500114513137544,5468,5398,corrected_baseline
Mouse,POLYIC_20190524_polyic___E3_P1_9,y,4,4.999999925494195,2,0.25786393562545723,0,0.3038162282326788,0.045952292607221557,5468,5398,corrected_baseline
Mouse,POLYIC_20190524_polyic___E3_P1_9,y,5,4.999999925494195,3,0.22275054864667154,0,0.5192663949610967,0.2965158463144252,5468,5398,corrected_baseline
Mouse,POLYIC_20190524_polyic___E3_P1_9,y,6,4.999999925494195,3,0.18013899049012436,2,0.22248981104112633,0.04235082055100198,5468,5398,corrected_baseline
Mouse,POLYIC_20190524_polyic___E3_P1_9,y,7,4.999999925494195,3,0.1616678858814923,5,0.18395702111893295,0.022289135237440638,5468,5398,corrected_baseline
Mouse,POLYIC_20190524_polyic___E3_P1_9,y,8,4.999999925494195,6,0.13533284564740308,6,0.21470915153760653,0.07937630589020345,5468,5398,corrected_baseline
Mouse,POLYIC_20190524_polyic___E3_P1_9,x,2,3.1999998807907124,0,0.5025667351129364,1,0.5022889114954222,-0.0002778236175141613,3896,3932,level0
Mouse,POLYIC_20190524_polyic___E3_P1_9,x,3,3.1999998807907124,1,0.34856262833675566,1,0.34486266531027465,-0.0036999630264810124,3896,3932,level0
Mouse,POLYIC_20190524_polyic___E3_P1_9,x,4,3.1999998807907124,3,0.2612936344969199,0,0.2568667344862665,-0.0044269000106533785,3896,3932,level0
Mouse,POLYIC_20190524_polyic___E3_P1_9,x,5,3.1999998807907124,3,0.20867556468172485,0,0.2105798575788403,0.0019042928971154394,3896,3932,level0
Mouse,POLYIC_20190524_polyic___E3_P1_9,x,6,3.1999998807907124,1,0.17838809034907596,3,0.17675483214649035,-0.0016332582025856135,3896,3932,level0
Mouse,POLYIC_20190524_polyic___E3_P1_9,x,7,3.1999998807907124,1,0.1629876796714579,0,0.15869786368260427,-0.00428981598885364,3896,3932,level0
Mouse,POLYIC_20190524_polyic___E3_P1_9,x,8,3.1999998807907124,4,0.14656057494866528,5,0.14369277721261445,-0.0028677977360508367,3896,3932,level0
Mouse,POLYIC_20190524_polyic___E3_P1_9,y,2,4.999999925494195,0,0.5021945866861741,0,0.5750555967383247,0.07286101005215062,5468,5396,level0
Mouse,POLYIC_20190524_polyic___E3_P1_9,y,3,4.999999925494195,1,0.33522311631309437,0,0.35285396590066714,0.017630849587572772,5468,5396,level0
Mouse,POLYIC_20190524_polyic___E3_P1_9,y,4,4.999999925494195,2,0.25786393562545723,0,0.301704966641957,0.043841031016499776,5468,5396,level0
Mouse,POLYIC_20190524_polyic___E3_P1_9,y,5,4.999999925494195,3,0.22275054864667154,0,0.5159377316530763,0.2931871830064048,5468,5396,level0
Mouse,POLYIC_20190524_polyic___E3_P1_9,y,6,4.999999925494195,3,0.18013899049012436,2,0.21793921423276502,0.037800223742640665,5468,5396,level0
Mouse,POLYIC_20190524_polyic___E3_P1_9,y,7,4.999999925494195,3,0.1616678858814923,5,0.18383988139362492,0.022171995512132614,5468,5396,level0
Mouse,POLYIC_20190524_polyic___E3_P1_9,y,8,4.999999925494195,6,0.13533284564740308,6,0.20441067457375833,0.06907782892635525,5468,5396,level0
Mouse,POLYIC_20190524_polyic___E4_P1_1,x,2,3.1999998807907124,0,0.5064234326824255,0,0.5089473684210526,0.002523935738627081,3892,3800,corrected_baseline
Mouse,POLYIC_20190524_polyic___E4_P1_1,x,3,3.1999998807907124,0,0.3368448098663926,0,0.3402631578947368,0.0034183480283442313,3892,3800,corrected_baseline
Mouse,POLYIC_20190524_polyic___E4_P1_1,x,4,3.1999998807907124,2,0.2541109969167523,0,0.25552631578947366,0.0014153188727213384,3892,3800,corrected_baseline
Mouse,POLYIC_20190524_polyic___E4_P1_1,x,5,3.1999998807907124,4,0.20760534429599178,1,0.2163157894736842,0.008710445177692427,3892,3800,corrected_baseline
Mouse,POLYIC_20190524_polyic___E4_P1_1,x,6,3.1999998807907124,4,0.17343268242548818,4,0.1718421052631579,-0.00159057716233027,3892,3800,corrected_baseline
Mouse,POLYIC_20190524_polyic___E4_P1_1,x,7,3.1999998807907124,2,0.16495375128468653,2,0.15210526315789474,-0.01284848812679179,3892,3800,corrected_baseline
Mouse,POLYIC_20190524_polyic___E4_P1_1,x,8,3.1999998807907124,4,0.13540596094552929,5,0.13921052631578948,0.0038045653702601934,3892,3800,corrected_baseline
Mouse,POLYIC_20190524_polyic___E4_P1_1,y,2,4.999999925494195,0,0.5078277886497065,1,0.511049723756906,0.0032219351071995916,5110,5068,corrected_baseline
Mouse,POLYIC_20190524_polyic___E4_P1_1,y,3,4.999999925494195,2,0.35342465753424657,1,0.4084451460142068,0.05502048847996022,5110,5068,corrected_baseline
Mouse,POLYIC_20190524_polyic___E4_P1_1,y,4,4.999999925494195,2,0.2694716242661448,1,0.2857142857142857,0.016242661448140905,5110,5068,corrected_baseline
Mouse,POLYIC_20190524_polyic___E4_P1_1,y,5,4.999999925494195,1,0.21859099804305285,0,0.5353196527229677,0.31672865467991485,5110,5068,corrected_baseline
Mouse,POLYIC_20190524_polyic___E4_P1_1,y,6,4.999999925494195,2,0.18454011741682974,1,0.2069850039463299,0.022444886529500163,5110,5068,corrected_baseline
Mouse,POLYIC_20190524_polyic___E4_P1_1,y,7,4.999999925494195,6,0.16105675146771037,1,0.1681136543014996,0.007056902833789236,5110,5068,corrected_baseline
Mouse,POLYIC_20190524_polyic___E4_P1_1,y,8,4.999999925494195,3,0.13933463796477494,7,0.1781767955801105,0.03884215761533555,5110,5068,corrected_baseline
Mouse,POLYIC_20190524_polyic___E4_P1_1,x,2,3.1999998807907124,0,0.5064234326824255,0,0.5246882793017457,0.018264846619320152,3892,4010,level0
Mouse,POLYIC_20190524_polyic___E4_P1_1,x,3,3.1999998807907124,0,0.3368448098663926,2,0.3344139650872818,-0.002430844779110819,3892,4010,level0
Mouse,POLYIC_20190524_polyic___E4_P1_1,x,4,3.1999998807907124,2,0.2541109969167523,0,0.2802992518703242,0.026188254953571855,3892,4010,level0
Mouse,POLYIC_20190524_polyic___E4_P1_1,x,5,3.1999998807907124,4,0.20760534429599178,2,0.21645885286783043,0.008853508571838642,3892,4010,level0
Mouse,POLYIC_20190524_polyic___E4_P1_1,x,6,3.1999998807907124,4,0.17343268242548818,4,0.1800498753117207,0.006617192886232526,3892,4010,level0
Mouse,POLYIC_20190524_polyic___E4_P1_1,x,7,3.1999998807907124,2,0.16495375128468653,1,0.14987531172069826,-0.015078439563988272,3892,4010,level0
Mouse,POLYIC_20190524_polyic___E4_P1_1,x,8,3.1999998807907124,4,0.13540596094552929,4,0.15586034912718205,0.020454388181652766,3892,4010,level0
Mouse,POLYIC_20190524_polyic___E4_P1_1,y,2,4.999999925494195,0,0.5078277886497065,0,0.5166862976050255,0.008858508955319033,5110,5094,level0
Mouse,POLYIC_20190524_polyic___E4_P1_1,y,3,4.999999925494195,2,0.35342465753424657,1,0.41028661170003927,0.056861954165792705,5110,5094,level0
Mouse,POLYIC_20190524_polyic___E4_P1_1,y,4,4.999999925494195,2,0.2694716242661448,1,0.2834707499018453,0.013999125635700493,5110,5094,level0
Mouse,POLYIC_20190524_polyic___E4_P1_1,y,5,4.999999925494195,1,0.21859099804305285,0,0.5314095013741656,0.31281850333111283,5110,5094,level0
Mouse,POLYIC_20190524_polyic___E4_P1_1,y,6,4.999999925494195,2,0.18454011741682974,4,0.20749901845308205,0.02295890103625231,5110,5094,level0
Mouse,POLYIC_20190524_polyic___E4_P1_1,y,7,4.999999925494195,6,0.16105675146771037,5,0.16038476639183352,-0.0006719850758768464,5110,5094,level0
Mouse,POLYIC_20190524_polyic___E4_P1_1,y,8,4.999999925494195,3,0.13933463796477494,4,0.18413820180604634,0.044803563841271404,5110,5094,level0
Mouse,POLYIC_20190524_polyic___E4_P1_7,x,2,3.1999998807907124,0,0.5020833333333333,1,0.5050026329647183,0.0029192996313849306,3840,3798,corrected_baseline
Mouse,POLYIC_20190524_polyic___E4_P1_7,x,3,3.1999998807907124,2,0.34375,2,0.3591363875724065,0.015386387572406512,3840,3798,corrected_baseline
Mouse,POLYIC_20190524_polyic___E4_P1_7,x,4,3.1999998807907124,1,0.2708333333333333,0,0.25566087414428645,-0.01517245918904686,3840,3798,corrected_baseline
Mouse,POLYIC_20190524_polyic___E4_P1_7,x,5,3.1999998807907124,1,0.21510416666666668,2,0.22880463401790416,0.013700467351237477,3840,3798,corrected_baseline
Mouse,POLYIC_20190524_polyic___E4_P1_7,x,6,3.1999998807907124,5,0.18359375,5,0.20063191153238547,0.017038161532385465,3840,3798,corrected_baseline
Mouse,POLYIC_20190524_polyic___E4_P1_7,x,7,3.1999998807907124,3,0.15729166666666666,3,0.15666140073723012,-0.0006302659294365465,3840,3798,corrected_baseline
Mouse,POLYIC_20190524_polyic___E4_P1_7,x,8,3.1999998807907124,1,0.15494791666666666,1,0.14533965244865718,-0.009608264218009477,3840,3798,corrected_baseline
Mouse,POLYIC_20190524_polyic___E4_P1_7,y,2,4.999999925494195,0,0.5034220532319391,0,0.5308641975308642,0.02744214429892511,5260,5184,corrected_baseline
Mouse,POLYIC_20190524_polyic___E4_P1_7,y,3,4.999999925494195,2,0.33897338403041827,2,0.3794367283950617,0.04046334436464344,5260,5184,corrected_baseline
Mouse,POLYIC_20190524_polyic___E4_P1_7,y,4,4.999999925494195,2,0.2581749049429658,0,0.30343364197530864,0.045258737032342844,5260,5184,corrected_baseline
Mouse,POLYIC_20190524_polyic___E4_P1_7,y,5,4.999999925494195,3,0.22167300380228136,0,0.5102237654320988,0.2885507616298174,5260,5184,corrected_baseline
Mouse,POLYIC_20190524_polyic___E4_P1_7,y,6,4.999999925494195,4,0.17338403041825096,2,0.21315586419753085,0.0397718337792799,5260,5184,corrected_baseline
Mouse,POLYIC_20190524_polyic___E4_P1_7,y,7,4.999999925494195,3,0.16197718631178706,2,0.18383487654320987,0.02185769023142281,5260,5184,corrected_baseline
Mouse,POLYIC_20190524_polyic___E4_P1_7,y,8,4.999999925494195,6,0.13155893536121674,6,0.20119598765432098,0.06963705229310424,5260,5184,corrected_baseline
Mouse,POLYIC_20190524_polyic___E4_P1_7,x,2,3.1999998807907124,0,0.5020833333333333,1,0.5100502512562815,0.007966917922948125,3840,3980,level0
Mouse,POLYIC_20190524_polyic___E4_P1_7,x,3,3.1999998807907124,2,0.34375,2,0.34949748743718595,0.00574748743718595,3840,3980,level0
Mouse,POLYIC_20190524_polyic___E4_P1_7,x,4,3.1999998807907124,1,0.2708333333333333,3,0.2552763819095477,-0.015556951423785603,3840,3980,level0
Mouse,POLYIC_20190524_polyic___E4_P1_7,x,5,3.1999998807907124,1,0.21510416666666668,1,0.21457286432160805,-0.0005313023450586318,3840,3980,level0
Mouse,POLYIC_20190524_polyic___E4_P1_7,x,6,3.1999998807907124,5,0.18359375,5,0.18190954773869347,-0.0016842022613065277,3840,3980,level0
Mouse,POLYIC_20190524_polyic___E4_P1_7,x,7,3.1999998807907124,3,0.15729166666666666,1,0.157286432160804,-5.234505862650174e-06,3840,3980,level0
Mouse,POLYIC_20190524_polyic___E4_P1_7,x,8,3.1999998807907124,1,0.15494791666666666,1,0.13592964824120604,-0.019018268425460616,3840,3980,level0
Mouse,POLYIC_20190524_polyic___E4_P1_7,y,2,4.999999925494195,0,0.5034220532319391,0,0.526295731707317,0.022873678475377912,5260,5248,level0
Mouse,POLYIC_20190524_polyic___E4_P1_7,y,3,4.999999925494195,2,0.33897338403041827,2,0.3991996951219512,0.060226311091532925,5260,5248,level0
Mouse,POLYIC_20190524_polyic___E4_P1_7,y,4,4.999999925494195,2,0.2581749049429658,0,0.3086890243902439,0.05051411944727813,5260,5248,level0
Mouse,POLYIC_20190524_polyic___E4_P1_7,y,5,4.999999925494195,3,0.22167300380228136,0,0.506859756097561,0.28518675229527957,5260,5248,level0
Mouse,POLYIC_20190524_polyic___E4_P1_7,y,6,4.999999925494195,4,0.17338403041825096,2,0.22351371951219512,0.05012968909394416,5260,5248,level0
Mouse,POLYIC_20190524_polyic___E4_P1_7,y,7,4.999999925494195,3,0.16197718631178706,5,0.18559451219512196,0.0236173258833349,5260,5248,level0
Mouse,POLYIC_20190524_polyic___E4_P1_7,y,8,4.999999925494195,6,0.13155893536121674,1,0.19645579268292682,0.06489685732171008,5260,5248,level0
Mouse,POLYIC_20190524_polyic___E4_P1_9,x,2,3.1999998807907124,1,0.5056762092793682,1,0.5100985221674876,0.004422312888119451,4052,4060,corrected_baseline
Mouse,POLYIC_20190524_polyic___E4_P1_9,x,3,3.1999998807907124,2,0.3487166831194472,1,0.34261083743842363,-0.0061058456810235695,4052,4060,corrected_baseline
Mouse,POLYIC_20190524_polyic___E4_P1_9,x,4,3.1999998807907124,2,0.26678183613030604,1,0.27364532019704435,0.006863484066738312,4052,4060,corrected_baseline
Mouse,POLYIC_20190524_polyic___E4_P1_9,x,5,3.1999998807907124,0,0.2087857847976308,3,0.22339901477832513,0.014613229980694337,4052,4060,corrected_baseline
Mouse,POLYIC_20190524_polyic___E4_P1_9,x,6,3.1999998807907124,1,0.17522211253701875,1,0.1852216748768473,0.009999562339828544,4052,4060,corrected_baseline
Mouse,POLYIC_20190524_polyic___E4_P1_9,x,7,3.1999998807907124,1,0.162142152023692,0,0.1605911330049261,-0.0015510190187658923,4052,4060,corrected_baseline
Mouse,POLYIC_20190524_polyic___E4_P1_9,x,8,3.1999998807907124,6,0.1386969397828233,5,0.14876847290640394,0.01007153312358064,4052,4060,corrected_baseline
Mouse,POLYIC_20190524_polyic___E4_P1_9,y,2,4.999999925494195,1,0.5078154075176777,0,0.5017149390243902,-0.006100468493287492,5374,5248,corrected_baseline
Mouse,POLYIC_20190524_polyic___E4_P1_9,y,3,4.999999925494195,2,0.3496464458503908,0,0.3938643292682927,0.04421788341790189,5374,5248,corrected_baseline
Mouse,POLYIC_20190524_polyic___E4_P1_9,y,4,4.999999925494195,1,0.2610718273167101,2,0.2930640243902439,0.031992197073533846,5374,5248,corrected_baseline
Mouse,POLYIC_20190524_polyic___E4_P1_9,y,5,4.999999925494195,1,0.21771492370673615,0,0.506859756097561,0.2891448323908248,5374,5248,corrected_baseline
Mouse,POLYIC_20190524_polyic___E4_P1_9,y,6,4.999999925494195,5,0.19036099739486417,3,0.21703506097560976,0.02667406358074559,5374,5248,corrected_baseline
Mouse,POLYIC_20190524_polyic___E4_P1_9,y,7,4.999999925494195,5,0.16524004465947154,6,0.1676829268292683,0.0024428821697967673,5374,5248,corrected_baseline
Mouse,POLYIC_20190524_polyic___E4_P1_9,y,8,4.999999925494195,1,0.14923706736136955,7,0.1916920731707317,0.04245500580936215,5374,5248,corrected_baseline
Mouse,POLYIC_20190524_polyic___E4_P1_9,x,2,3.1999998807907124,1,0.5056762092793682,0,0.5207652823145124,0.015089073035144174,4052,4286,level0
Mouse,POLYIC_20190524_polyic___E4_P1_9,x,3,3.1999998807907124,2,0.3487166831194472,1,0.34134391040597295,-0.0073727727134742516,4052,4286,level0
Mouse,POLYIC_20190524_polyic___E4_P1_9,x,4,3.1999998807907124,2,0.26678183613030604,2,0.2645823611759216,-0.0021994749543844394,4052,4286,level0
Mouse,POLYIC_20190524_polyic___E4_P1_9,x,5,3.1999998807907124,0,0.2087857847976308,2,0.21208586094260382,0.0033000761449730187,4052,4286,level0
Mouse,POLYIC_20190524_polyic___E4_P1_9,x,6,3.1999998807907124,1,0.17522211253701875,0,0.18362109192720485,0.008398979390186107,4052,4286,level0
Mouse,POLYIC_20190524_polyic___E4_P1_9,x,7,3.1999998807907124,1,0.162142152023692,1,0.1581894540363976,-0.003952697987294418,4052,4286,level0
Mouse,POLYIC_20190524_polyic___E4_P1_9,x,8,3.1999998807907124,6,0.1386969397828233,5,0.1434904339710686,0.00479349418824529,4052,4286,level0
Mouse,POLYIC_20190524_polyic___E4_P1_9,y,2,4.999999925494195,1,0.5078154075176777,1,0.5110362888140666,0.0032208812963888667,5374,5346,level0
Mouse,POLYIC_20190524_polyic___E4_P1_9,y,3,4.999999925494195,2,0.3496464458503908,0,0.3954358398802843,0.045789394029893515,5374,5346,level0
Mouse,POLYIC_20190524_polyic___E4_P1_9,y,4,4.999999925494195,1,0.2610718273167101,3,0.2740366629255518,0.012964835608841707,5374,5346,level0
Mouse,POLYIC_20190524_polyic___E4_P1_9,y,5,4.999999925494195,1,0.21771492370673615,0,0.5054246165357277,0.2877096928289915,5374,5346,level0
Mouse,POLYIC_20190524_polyic___E4_P1_9,y,6,4.999999925494195,5,0.19036099739486417,3,0.22334455667789002,0.03298355928302585,5374,5346,level0
Mouse,POLYIC_20190524_polyic___E4_P1_9,y,7,4.999999925494195,5,0.16524004465947154,3,0.1724653946876169,0.007225350028145366,5374,5346,level0
Mouse,POLYIC_20190524_polyic___E4_P1_9,y,8,4.999999925494195,1,0.14923706736136955,7,0.19678264122708566,0.04754557386571612,5374,5346,level0
Mouse,POLYIC_20190524_polyic___E8_P1_1,x,2,3.1999998807907124,1,0.5163348647269015,1,0.5038422131147541,-0.01249265161214741,3918,3904,corrected_baseline
Mouse,POLYIC_20190524_polyic___E8_P1_1,x,3,3.1999998807907124,2,0.3486472690148035,2,0.3432377049180328,-0.00540956409677068,3918,3904,corrected_baseline
Mouse,POLYIC_20190524_polyic___E8_P1_1,x,4,3.1999998807907124,3,0.2713118938233793,3,0.25947745901639346,-0.011834434806985816,3918,3904,corrected_baseline
Mouse,POLYIC_20190524_polyic___E8_P1_1,x,5,3.1999998807907124,1,0.21720265441551811,1,0.20901639344262296,-0.008186260972895154,3918,3904,corrected_baseline
Mouse,POLYIC_20190524_polyic___E8_P1_1,x,6,3.1999998807907124,2,0.17432363450740174,4,0.17955942622950818,0.005235791722106448,3918,3904,corrected_baseline
Mouse,POLYIC_20190524_polyic___E8_P1_1,x,7,3.1999998807907124,4,0.16207248596222562,4,0.16342213114754098,0.0013496451853153568,3918,3904,corrected_baseline
Mouse,POLYIC_20190524_polyic___E8_P1_1,x,8,3.1999998807907124,1,0.1383358856559469,1,0.13447745901639344,-0.003858426639553464,3918,3904,corrected_baseline
Mouse,POLYIC_20190524_polyic___E8_P1_1,y,2,4.999999925494195,1,0.5020415738678545,0,0.5735955056179776,0.07155393175012303,5388,5340,corrected_baseline
Mouse,POLYIC_20190524_polyic___E8_P1_1,y,3,4.999999925494195,1,0.3437268002969562,2,0.3676029962546816,0.023876195957725443,5388,5340,corrected_baseline
Mouse,POLYIC_20190524_polyic___E8_P1_1,y,4,4.999999925494195,2,0.2615070527097253,0,0.29850187265917605,0.03699481994945075,5388,5340,corrected_baseline
Mouse,POLYIC_20190524_polyic___E8_P1_1,y,5,4.999999925494195,1,0.21492204899777284,0,0.545692883895131,0.3307708348973582,5388,5340,corrected_baseline
Mouse,POLYIC_20190524_polyic___E8_P1_1,y,6,4.999999925494195,4,0.1789161098737936,4,0.22322097378277153,0.04430486390897792,5388,5340,corrected_baseline
Mouse,POLYIC_20190524_polyic___E8_P1_1,y,7,4.999999925494195,1,0.16165553080920564,0,0.1546816479400749,-0.006973882869130726,5388,5340,corrected_baseline
Mouse,POLYIC_20190524_polyic___E8_P1_1,y,8,4.999999925494195,5,0.1471789161098738,2,0.21217228464419477,0.06499336853432097,5388,5340,corrected_baseline
Mouse,POLYIC_20190524_polyic___E8_P1_1,x,2,3.1999998807907124,1,0.5163348647269015,0,0.5065032516258129,-0.009831613101088599,3918,3998,level0
Mouse,POLYIC_20190524_polyic___E8_P1_1,x,3,3.1999998807907124,2,0.3486472690148035,0,0.33766883441720863,-0.010978434597594844,3918,3998,level0
Mouse,POLYIC_20190524_polyic___E8_P1_1,x,4,3.1999998807907124,3,0.2713118938233793,0,0.2563781890945473,-0.014933704728831987,3918,3998,level0
Mouse,POLYIC_20190524_polyic___E8_P1_1,x,5,3.1999998807907124,1,0.21720265441551811,4,0.20835417708854428,-0.00884847732697383,3918,3998,level0
Mouse,POLYIC_20190524_polyic___E8_P1_1,x,6,3.1999998807907124,2,0.17432363450740174,3,0.18809404702351176,0.013770412516110025,3918,3998,level0
Mouse,POLYIC_20190524_polyic___E8_P1_1,x,7,3.1999998807907124,4,0.16207248596222562,4,0.16108054027013508,-0.0009919456920905456,3918,3998,level0
Mouse,POLYIC_20190524_polyic___E8_P1_1,x,8,3.1999998807907124,1,0.1383358856559469,2,0.14157078539269635,0.0032348997367494525,3918,3998,level0
Mouse,POLYIC_20190524_polyic___E8_P1_1,y,2,4.999999925494195,1,0.5020415738678545,0,0.5756615728661946,0.07361999899834004,5388,5366,level0
Mouse,POLYIC_20190524_polyic___E8_P1_1,y,3,4.999999925494195,1,0.3437268002969562,2,0.3637718971300783,0.02004509683312211,5388,5366,level0
Mouse,POLYIC_20190524_polyic___E8_P1_1,y,4,4.999999925494195,2,0.2615070527097253,0,0.2944465150950429,0.032939462385317586,5388,5366,level0
Mouse,POLYIC_20190524_polyic___E8_P1_1,y,5,4.999999925494195,1,0.21492204899777284,0,0.5296310100633619,0.31470896106558904,5388,5366,level0
Mouse,POLYIC_20190524_polyic___E8_P1_1,y,6,4.999999925494195,4,0.1789161098737936,4,0.23052553112187849,0.051609421248084875,5388,5366,level0
Mouse,POLYIC_20190524_polyic___E8_P1_1,y,7,4.999999925494195,1,0.16165553080920564,2,0.15598210957882966,-0.00567342123037598,5388,5366,level0
Mouse,POLYIC_20190524_polyic___E8_P1_1,y,8,4.999999925494195,5,0.1471789161098738,2,0.21133060007454343,0.06415168396466964,5388,5366,level0
Mouse,POLYIC_20190524_polyic___E9_P1_1,x,2,3.1999998807907124,1,0.5105871029836381,0,0.5137481910274964,0.0031610880438582845,4156,4146,corrected_baseline
Mouse,POLYIC_20190524_polyic___E9_P1_1,x,3,3.1999998807907124,0,0.33926852743022134,0,0.34611673902556683,0.006848211595345488,4156,4146,corrected_baseline
Mouse,POLYIC_20190524_polyic___E9_P1_1,x,4,3.1999998807907124,3,0.27237728585178056,2,0.2742402315484805,0.0018629456966999247,4156,4146,corrected_baseline
Mouse,POLYIC_20190524_polyic___E9_P1_1,x,5,3.1999998807907124,0,0.2071703561116458,4,0.20791123974915582,0.0007408836375100147,4156,4146,corrected_baseline
Mouse,POLYIC_20190524_polyic___E9_P1_1,x,6,3.1999998807907124,3,0.1823869104908566,0,0.17848528702363725,-0.0039016234672193395,4156,4146,corrected_baseline
Mouse,POLYIC_20190524_polyic___E9_P1_1,x,7,3.1999998807907124,6,0.15664100096246392,4,0.16353111432706222,0.006890113364598299,4156,4146,corrected_baseline
Mouse,POLYIC_20190524_polyic___E9_P1_1,x,8,3.1999998807907124,7,0.1373917228103946,2,0.1464061746261457,0.009014451815751084,4156,4146,corrected_baseline
Mouse,POLYIC_20190524_polyic___E9_P1_1,y,2,4.999999925494195,1,0.5015015015015015,1,0.5016936394429808,0.00019213794147932006,5328,5314,corrected_baseline
Mouse,POLYIC_20190524_polyic___E9_P1_1,y,3,4.999999925494195,2,0.35960960960960964,1,0.38746706812194204,0.0278574585123324,5328,5314,corrected_baseline
Mouse,POLYIC_20190524_polyic___E9_P1_1,y,4,4.999999925494195,2,0.26745495495495497,1,0.2850959729017689,0.01764101794681394,5328,5314,corrected_baseline
Mouse,POLYIC_20190524_polyic___E9_P1_1,y,5,4.999999925494195,4,0.2147147147147147,0,0.5114791117802032,0.2967643970654885,5328,5314,corrected_baseline
Mouse,POLYIC_20190524_polyic___E9_P1_1,y,6,4.999999925494195,2,0.18693693693693694,4,0.19909672563041023,0.012159788693473284,5328,5314,corrected_baseline
Mouse,POLYIC_20190524_polyic___E9_P1_1,y,7,4.999999925494195,5,0.1614114114114114,5,0.1624012043658261,0.0009897929544147033,5328,5314,corrected_baseline
Mouse,POLYIC_20190524_polyic___E9_P1_1,y,8,4.999999925494195,2,0.14451951951951952,2,0.1560030109145653,0.011483491395045786,5328,5314,corrected_baseline
Mouse,POLYIC_20190524_polyic___E9_P1_1,x,2,3.1999998807907124,1,0.5105871029836381,1,0.5023706896551724,-0.008216413328465677,4156,4640,level0
Mouse,POLYIC_20190524_polyic___E9_P1_1,x,3,3.1999998807907124,0,0.33926852743022134,0,0.33814655172413793,-0.0011219757060834112,4156,4640,level0
Mouse,POLYIC_20190524_polyic___E9_P1_1,x,4,3.1999998807907124,3,0.27237728585178056,1,0.25581896551724137,-0.01655832033453919,4156,4640,level0
Mouse,POLYIC_20190524_polyic___E9_P1_1,x,5,3.1999998807907124,0,0.2071703561116458,3,0.20560344827586208,-0.0015669078357837263,4156,4640,level0
Mouse,POLYIC_20190524_polyic___E9_P1_1,x,6,3.1999998807907124,3,0.1823869104908566,3,0.17327586206896553,-0.00911104842189106,4156,4640,level0
Mouse,POLYIC_20190524_polyic___E9_P1_1,x,7,3.1999998807907124,6,0.15664100096246392,5,0.15237068965517242,-0.004270311307291497,4156,4640,level0
Mouse,POLYIC_20190524_polyic___E9_P1_1,x,8,3.1999998807907124,7,0.1373917228103946,1,0.14525862068965517,0.007866897879260565,4156,4640,level0
Mouse,POLYIC_20190524_polyic___E9_P1_1,y,2,4.999999925494195,1,0.5015015015015015,1,0.5010741138560687,-0.0004273876454328196,5328,5586,level0
Mouse,POLYIC_20190524_polyic___E9_P1_1,y,3,4.999999925494195,2,0.35960960960960964,1,0.3820264948084497,0.022416885198840053,5328,5586,level0
Mouse,POLYIC_20190524_polyic___E9_P1_1,y,4,4.999999925494195,2,0.26745495495495497,1,0.2773003938417472,0.009845438886792235,5328,5586,level0
Mouse,POLYIC_20190524_polyic___E9_P1_1,y,5,4.999999925494195,4,0.2147147147147147,0,0.5204081632653061,0.30569344855059144,5328,5586,level0
Mouse,POLYIC_20190524_polyic___E9_P1_1,y,6,4.999999925494195,2,0.18693693693693694,4,0.20103831006086645,0.014101373123929506,5328,5586,level0
Mouse,POLYIC_20190524_polyic___E9_P1_1,y,7,4.999999925494195,5,0.1614114114114114,5,0.1673827425707125,0.0059713311593010965,5328,5586,level0
Mouse,POLYIC_20190524_polyic___E9_P1_1,y,8,4.999999925494195,2,0.14451951951951952,2,0.1548514142499105,0.010331894730390978,5328,5586,level0
Mouse,POLYIC_20190531_polyic_m__E3_P1,x,2,3.1999998807907124,0,0.5022432701894317,1,0.5002498750624688,-0.001993395126962949,4012,4002,corrected_baseline
Mouse,POLYIC_20190531_polyic_m__E3_P1,x,3,3.1999998807907124,2,0.3392323030907278,2,0.3373313343328336,-0.0019009687578942502,4012,4002,corrected_baseline
Mouse,POLYIC_20190531_polyic_m__E3_P1,x,4,3.1999998807907124,0,0.26046859421734797,0,0.26061969015492253,0.00015109593757456352,4012,4002,corrected_baseline
Mouse,POLYIC_20190531_polyic_m__E3_P1,x,5,3.1999998807907124,4,0.21360917248255235,4,0.2181409295352324,0.004531757052680052,4012,4002,corrected_baseline
Mouse,POLYIC_20190531_polyic_m__E3_P1,x,6,3.1999998807907124,2,0.1702392821535394,5,0.1854072963518241,0.015168014198284702,4012,4002,corrected_baseline
Mouse,POLYIC_20190531_polyic_m__E3_P1,x,7,3.1999998807907124,6,0.15628115653040878,6,0.15417291354322837,-0.002108242987180403,4012,4002,corrected_baseline
Mouse,POLYIC_20190531_polyic_m__E3_P1,x,8,3.1999998807907124,0,0.13584247258225324,3,0.14217891054472764,0.006336437962474406,4012,4002,corrected_baseline
Mouse,POLYIC_20190531_polyic_m__E3_P1,y,2,4.999999925494195,0,0.5239073589839373,1,0.5474203338391502,0.023512974855212976,5354,5272,corrected_baseline
Mouse,POLYIC_20190531_polyic_m__E3_P1,y,3,4.999999925494195,2,0.3866268210683601,1,0.40819423368740515,0.021567412619045045,5354,5272,corrected_baseline
Mouse,POLYIC_20190531_polyic_m__E3_P1,y,4,4.999999925494195,2,0.2803511393350766,1,0.3139226100151745,0.033571470680097915,5354,5272,corrected_baseline
Mouse,POLYIC_20190531_polyic_m__E3_P1,y,5,4.999999925494195,1,0.24785207321628688,0,0.5257966616084977,0.2779445883922108,5354,5272,corrected_baseline
Mouse,POLYIC_20190531_polyic_m__E3_P1,y,6,4.999999925494195,2,0.22039596563317146,1,0.22230652503793627,0.0019105594047648111,5354,5272,corrected_baseline
Mouse,POLYIC_20190531_polyic_m__E3_P1,y,7,4.999999925494195,2,0.15988046320508031,2,0.1678679817905918,0.0079875185855115,5354,5272,corrected_baseline
Mouse,POLYIC_20190531_polyic_m__E3_P1,y,8,4.999999925494195,6,0.14475158759805754,7,0.17849013657056145,0.03373854897250392,5354,5272,corrected_baseline
Mouse,POLYIC_20190531_polyic_m__E3_P1,x,2,3.1999998807907124,0,0.5022432701894317,0,0.5061728395061729,0.003929569316741155,4012,4212,level0
Mouse,POLYIC_20190531_polyic_m__E3_P1,x,3,3.1999998807907124,2,0.3392323030907278,0,0.34852801519468185,0.009295712103954024,4012,4212,level0
Mouse,POLYIC_20190531_polyic_m__E3_P1,x,4,3.1999998807907124,0,0.26046859421734797,0,0.2613960113960114,0.0009274171786634033,4012,4212,level0
Mouse,POLYIC_20190531_polyic_m__E3_P1,x,5,3.1999998807907124,4,0.21360917248255235,3,0.20916429249762583,-0.004444879984926514,4012,4212,level0
Mouse,POLYIC_20190531_polyic_m__E3_P1,x,6,3.1999998807907124,2,0.1702392821535394,0,0.1761633428300095,0.005924060676470111,4012,4212,level0
Mouse,POLYIC_20190531_polyic_m__E3_P1,x,7,3.1999998807907124,6,0.15628115653040878,5,0.15550807217473883,-0.0007730843556699452,4012,4212,level0
Mouse,POLYIC_20190531_polyic_m__E3_P1,x,8,3.1999998807907124,0,0.13584247258225324,0,0.14078822412155745,0.004945751539304211,4012,4212,level0
Mouse,POLYIC_20190531_polyic_m__E3_P1,y,2,4.999999925494195,0,0.5239073589839373,1,0.5409090909090909,0.01700173192515364,5354,5280,level0
Mouse,POLYIC_20190531_polyic_m__E3_P1,y,3,4.999999925494195,2,0.3866268210683601,1,0.4231060606060606,0.03647923953770049,5354,5280,level0
Mouse,POLYIC_20190531_polyic_m__E3_P1,y,4,4.999999925494195,2,0.2803511393350766,1,0.31212121212121213,0.03177007278613553,5354,5280,level0
Mouse,POLYIC_20190531_polyic_m__E3_P1,y,5,4.999999925494195,1,0.24785207321628688,0,0.5098484848484849,0.261996411632198,5354,5280,level0
Mouse,POLYIC_20190531_polyic_m__E3_P1,y,6,4.999999925494195,2,0.22039596563317146,1,0.2265151515151515,0.006119185881980044,5354,5280,level0
Mouse,POLYIC_20190531_polyic_m__E3_P1,y,7,4.999999925494195,2,0.15988046320508031,1,0.16458333333333333,0.004702870128253017,5354,5280,level0
Mouse,POLYIC_20190531_polyic_m__E3_P1,y,8,4.999999925494195,6,0.14475158759805754,1,0.1625,0.01774841240194247,5354,5280,level0
Mouse,POLYIC_20190531_polyic_m__E3_P1_1,x,2,3.1999998807907124,0,0.5079324462640737,1,0.5264121338912134,0.018479687627139696,3908,3824,corrected_baseline
Mouse,POLYIC_20190531_polyic_m__E3_P1_1,x,3,3.1999998807907124,2,0.33853633572159675,1,0.3381276150627615,-0.00040872065883523767,3908,3824,corrected_baseline
Mouse,POLYIC_20190531_polyic_m__E3_P1_1,x,4,3.1999998807907124,0,0.25972364380757423,3,0.2696129707112971,0.00988932690372285,3908,3824,corrected_baseline
Mouse,POLYIC_20190531_polyic_m__E3_P1_1,x,5,3.1999998807907124,1,0.21494370522006143,0,0.22698744769874477,0.01204374247868334,3908,3824,corrected_baseline
Mouse,POLYIC_20190531_polyic_m__E3_P1_1,x,6,3.1999998807907124,2,0.18142272262026612,1,0.1856694560669456,0.004246733446679474,3908,3824,corrected_baseline
Mouse,POLYIC_20190531_polyic_m__E3_P1_1,x,7,3.1999998807907124,6,0.1535312180143296,0,0.16527196652719664,0.01174074851286705,3908,3824,corrected_baseline
Mouse,POLYIC_20190531_polyic_m__E3_P1_1,x,8,3.1999998807907124,4,0.1379222108495394,1,0.13964435146443516,0.0017221406148957563,3908,3824,corrected_baseline
Mouse,POLYIC_20190531_polyic_m__E3_P1_1,y,2,4.999999925494195,1,0.5001888217522659,1,0.5071761055081458,0.0069872837558799805,5296,5156,corrected_baseline
Mouse,POLYIC_20190531_polyic_m__E3_P1_1,y,3,4.999999925494195,1,0.341012084592145,2,0.41175329712955777,0.07074121253741278,5296,5156,corrected_baseline
Mouse,POLYIC_20190531_polyic_m__E3_P1_1,y,4,4.999999925494195,2,0.2556646525679758,0,0.2814197051978278,0.02575505262985195,5296,5156,corrected_baseline
Mouse,POLYIC_20190531_polyic_m__E3_P1_1,y,5,4.999999925494195,3,0.2252643504531722,0,0.5096974398758728,0.2844330894227006,5296,5156,corrected_baseline
Mouse,POLYIC_20190531_polyic_m__E3_P1_1,y,6,4.999999925494195,3,0.17862537764350453,2,0.2191621411947246,0.04053676355122007,5296,5156,corrected_baseline
Mouse,POLYIC_20190531_polyic_m__E3_P1_1,y,7,4.999999925494195,6,0.1618202416918429,5,0.19937936384794414,0.03755912215610124,5296,5156,corrected_baseline
Mouse,POLYIC_20190531_polyic_m__E3_P1_1,y,8,4.999999925494195,1,0.13991691842900303,1,0.20539177657098526,0.06547485814198223,5296,5156,corrected_baseline
Mouse,POLYIC_20190531_polyic_m__E3_P1_1,x,2,3.1999998807907124,0,0.5079324462640737,1,0.5111959287531807,0.003263482489106906,3908,3930,level0
Mouse,POLYIC_20190531_polyic_m__E3_P1_1,x,3,3.1999998807907124,2,0.33853633572159675,2,0.3371501272264631,-0.0013862084951336562,3908,3930,level0
Mouse,POLYIC_20190531_polyic_m__E3_P1_1,x,4,3.1999998807907124,0,0.25972364380757423,1,0.26106870229007634,0.001345058482502104,3908,3930,level0
Mouse,POLYIC_20190531_polyic_m__E3_P1_1,x,5,3.1999998807907124,1,0.21494370522006143,0,0.21323155216284986,-0.0017121530572115629,3908,3930,level0
Mouse,POLYIC_20190531_polyic_m__E3_P1_1,x,6,3.1999998807907124,2,0.18142272262026612,5,0.17531806615776083,-0.006104656462505298,3908,3930,level0
Mouse,POLYIC_20190531_polyic_m__E3_P1_1,x,7,3.1999998807907124,6,0.1535312180143296,6,0.1544529262086514,0.000921708194321802,3908,3930,level0
Mouse,POLYIC_20190531_polyic_m__E3_P1_1,x,8,3.1999998807907124,4,0.1379222108495394,1,0.14045801526717558,0.0025358044176361783,3908,3930,level0
Mouse,POLYIC_20190531_polyic_m__E3_P1_1,y,2,4.999999925494195,1,0.5001888217522659,1,0.5017482517482518,0.001559429995985906,5296,5148,level0
Mouse,POLYIC_20190531_polyic_m__E3_P1_1,y,3,4.999999925494195,1,0.341012084592145,2,0.44036519036519034,0.09935310577304535,5296,5148,level0
Mouse,POLYIC_20190531_polyic_m__E3_P1_1,y,4,4.999999925494195,2,0.2556646525679758,0,0.2940947940947941,0.038430141526818284,5296,5148,level0
Mouse,POLYIC_20190531_polyic_m__E3_P1_1,y,5,4.999999925494195,3,0.2252643504531722,0,0.5184537684537684,0.2931894180005963,5296,5148,level0
Mouse,POLYIC_20190531_polyic_m__E3_P1_1,y,6,4.999999925494195,3,0.17862537764350453,2,0.23601398601398602,0.057388608370481486,5296,5148,level0
Mouse,POLYIC_20190531_polyic_m__E3_P1_1,y,7,4.999999925494195,6,0.1618202416918429,5,0.20512820512820512,0.04330796343636223,5296,5148,level0
Mouse,POLYIC_20190531_polyic_m__E3_P1_1,y,8,4.999999925494195,1,0.13991691842900303,1,0.18997668997668998,0.050059771547686954,5296,5148,level0
Mouse,POLYIC_20190531_polyic_m__E3_P1_10,x,2,3.1999998807907124,1,0.5193778684344722,1,0.5126484254001032,-0.006729443034368954,3922,3874,corrected_baseline
Mouse,POLYIC_20190531_polyic_m__E3_P1_10,x,3,3.1999998807907124,2,0.33656297807241203,1,0.35054207537429016,0.01397909730187813,3922,3874,corrected_baseline
Mouse,POLYIC_20190531_polyic_m__E3_P1_10,x,4,3.1999998807907124,1,0.26466088730239673,3,0.25993804852865254,-0.004722838773744187,3922,3874,corrected_baseline
Mouse,POLYIC_20190531_polyic_m__E3_P1_10,x,5,3.1999998807907124,3,0.21137174910759818,1,0.2219927723283428,0.010621023220744624,3922,3874,corrected_baseline
Mouse,POLYIC_20190531_polyic_m__E3_P1_10,x,6,3.1999998807907124,5,0.17771545130035696,5,0.1853381517811048,0.0076227004807478405,3922,3874,corrected_baseline
Mouse,POLYIC_20190531_polyic_m__E3_P1_10,x,7,3.1999998807907124,4,0.15655277919428862,6,0.1584925141972122,0.001939735002923576,3922,3874,corrected_baseline
Mouse,POLYIC_20190531_polyic_m__E3_P1_10,x,8,3.1999998807907124,1,0.15451300356960734,1,0.13861641713990708,-0.015896586429700266,3922,3874,corrected_baseline
Mouse,POLYIC_20190531_polyic_m__E3_P1_10,y,2,4.999999925494195,1,0.5097498160412067,0,0.541993281075028,0.03224346503382125,5436,5358,corrected_baseline
Mouse,POLYIC_20190531_polyic_m__E3_P1_10,y,3,4.999999925494195,2,0.35356880058866813,2,0.3805524449421426,0.026983644353474445,5436,5358,corrected_baseline
Mouse,POLYIC_20190531_polyic_m__E3_P1_10,y,4,4.999999925494195,3,0.2619573215599706,0,0.2930197835013065,0.031062461941335884,5436,5358,corrected_baseline
Mouse,POLYIC_20190531_polyic_m__E3_P1_10,y,5,4.999999925494195,1,0.23252391464311994,0,0.5431131019036954,0.3105891872605755,5436,5358,corrected_baseline
Mouse,POLYIC_20190531_polyic_m__E3_P1_10,y,6,4.999999925494195,2,0.18267108167770418,2,0.23478910041060097,0.05211801873289679,5436,5358,corrected_baseline
Mouse,POLYIC_20190531_polyic_m__E3_P1_10,y,7,4.999999925494195,2,0.16740250183958794,1,0.17226577081000374,0.004863268970415807,5436,5358,corrected_baseline
Mouse,POLYIC_20190531_polyic_m__E3_P1_10,y,8,4.999999925494195,6,0.14643119941133187,4,0.19858156028368795,0.05215036087235608,5436,5358,corrected_baseline
Mouse,POLYIC_20190531_polyic_m__E3_P1_10,x,2,3.1999998807907124,1,0.5193778684344722,0,0.503996003996004,-0.015381864438468229,3922,4004,level0
Mouse,POLYIC_20190531_polyic_m__E3_P1_10,x,3,3.1999998807907124,2,0.33656297807241203,0,0.3419080919080919,0.005345113835679871,3922,4004,level0
Mouse,POLYIC_20190531_polyic_m__E3_P1_10,x,4,3.1999998807907124,1,0.26466088730239673,2,0.2524975024975025,-0.012163384804894206,3922,4004,level0
Mouse,POLYIC_20190531_polyic_m__E3_P1_10,x,5,3.1999998807907124,3,0.21137174910759818,2,0.2072927072927073,-0.0040790418148908825,3922,4004,level0
Mouse,POLYIC_20190531_polyic_m__E3_P1_10,x,6,3.1999998807907124,5,0.17771545130035696,3,0.17232767232767232,-0.005387778972684637,3922,4004,level0
Mouse,POLYIC_20190531_polyic_m__E3_P1_10,x,7,3.1999998807907124,4,0.15655277919428862,5,0.1555944055944056,-0.0009583735998830167,3922,4004,level0
Mouse,POLYIC_20190531_polyic_m__E3_P1_10,x,8,3.1999998807907124,1,0.15451300356960734,1,0.13736263736263737,-0.01715036620696997,3922,4004,level0
Mouse,POLYIC_20190531_polyic_m__E3_P1_10,y,2,4.999999925494195,1,0.5097498160412067,0,0.5333333333333333,0.0235835172921266,5436,5400,level0
Mouse,POLYIC_20190531_polyic_m__E3_P1_10,y,3,4.999999925494195,2,0.35356880058866813,2,0.3825925925925926,0.029023792003924465,5436,5400,level0
Mouse,POLYIC_20190531_polyic_m__E3_P1_10,y,4,4.999999925494195,3,0.2619573215599706,0,0.2796296296296296,0.017672308069659026,5436,5400,level0
Mouse,POLYIC_20190531_polyic_m__E3_P1_10,y,5,4.999999925494195,1,0.23252391464311994,0,0.5385185185185185,0.30599460387539856,5436,5400,level0
Mouse,POLYIC_20190531_polyic_m__E3_P1_10,y,6,4.999999925494195,2,0.18267108167770418,2,0.21666666666666667,0.03399558498896249,5436,5400,level0
Mouse,POLYIC_20190531_polyic_m__E3_P1_10,y,7,4.999999925494195,2,0.16740250183958794,1,0.16148148148148148,-0.00592102035810646,5436,5400,level0
Mouse,POLYIC_20190531_polyic_m__E3_P1_10,y,8,4.999999925494195,6,0.14643119941133187,4,0.18851851851851853,0.04208731910718666,5436,5400,level0
Mouse,POLYIC_20190531_polyic_m__E3_P1_11,x,2,3.1999998807907124,1,0.5098984771573604,1,0.5173665111456713,0.007468033988310974,3940,3858,corrected_baseline
Mouse,POLYIC_20190531_polyic_m__E3_P1_11,x,3,3.1999998807907124,2,0.3411167512690355,0,0.3462934162778642,0.005176665008828685,3940,3858,corrected_baseline
Mouse,POLYIC_20190531_polyic_m__E3_P1_11,x,4,3.1999998807907124,1,0.25583756345177666,1,0.25894245723172626,0.0031048937799496024,3940,3858,corrected_baseline
Mouse,POLYIC_20190531_polyic_m__E3_P1_11,x,5,3.1999998807907124,3,0.22538071065989848,4,0.21099015033696217,-0.014390560322936313,3940,3858,corrected_baseline
Mouse,POLYIC_20190531_polyic_m__E3_P1_11,x,6,3.1999998807907124,5,0.1736040609137056,3,0.1871435977190254,0.013539536805319802,3940,3858,corrected_baseline
Mouse,POLYIC_20190531_polyic_m__E3_P1_11,x,7,3.1999998807907124,4,0.1565989847715736,4,0.1612234318299637,0.004624447058390102,3940,3858,corrected_baseline
Mouse,POLYIC_20190531_polyic_m__E3_P1_11,x,8,3.1999998807907124,1,0.13857868020304567,1,0.14644893727319855,0.007870257070152875,3940,3858,corrected_baseline
Mouse,POLYIC_20190531_polyic_m__E3_P1_11,y,2,4.999999925494195,0,0.5110560426991994,0,0.5334622823984526,0.02240623969925326,5246,5170,corrected_baseline
Mouse,POLYIC_20190531_polyic_m__E3_P1_11,y,3,4.999999925494195,1,0.34235608082348457,2,0.4025145067698259,0.060158425946341354,5246,5170,corrected_baseline
Mouse,POLYIC_20190531_polyic_m__E3_P1_11,y,4,4.999999925494195,2,0.28764773160503243,0,0.28433268858800775,-0.003315043017024677,5246,5170,corrected_baseline
Mouse,POLYIC_20190531_polyic_m__E3_P1_11,y,5,4.999999925494195,3,0.22683949675943577,0,0.5313346228239846,0.3044951260645488,5246,5170,corrected_baseline
Mouse,POLYIC_20190531_polyic_m__E3_P1_11,y,6,4.999999925494195,4,0.189668318719024,2,0.22340425531914893,0.033735936600124916,5246,5170,corrected_baseline
Mouse,POLYIC_20190531_polyic_m__E3_P1_11,y,7,4.999999925494195,6,0.16908120472741137,5,0.1862669245647969,0.017185719837385538,5246,5170,corrected_baseline
Mouse,POLYIC_20190531_polyic_m__E3_P1_11,y,8,4.999999925494195,6,0.1479222264582539,6,0.16866537717601549,0.020743150717761588,5246,5170,corrected_baseline
Mouse,POLYIC_20190531_polyic_m__E3_P1_11,x,2,3.1999998807907124,1,0.5098984771573604,0,0.5005,-0.009398477157360419,3940,4000,level0
Mouse,POLYIC_20190531_polyic_m__E3_P1_11,x,3,3.1999998807907124,2,0.3411167512690355,1,0.3475,0.006383248730964464,3940,4000,level0
Mouse,POLYIC_20190531_polyic_m__E3_P1_11,x,4,3.1999998807907124,1,0.25583756345177666,0,0.2655,0.009662436548223352,3940,4000,level0
Mouse,POLYIC_20190531_polyic_m__E3_P1_11,x,5,3.1999998807907124,3,0.22538071065989848,4,0.2105,-0.014880710659898488,3940,4000,level0
Mouse,POLYIC_20190531_polyic_m__E3_P1_11,x,6,3.1999998807907124,5,0.1736040609137056,4,0.18425,0.01064593908629441,3940,4000,level0
Mouse,POLYIC_20190531_polyic_m__E3_P1_11,x,7,3.1999998807907124,4,0.1565989847715736,4,0.15025,-0.0063489847715736125,3940,4000,level0
Mouse,POLYIC_20190531_polyic_m__E3_P1_11,x,8,3.1999998807907124,1,0.13857868020304567,0,0.14525,0.006671319796954317,3940,4000,level0
Mouse,POLYIC_20190531_polyic_m__E3_P1_11,y,2,4.999999925494195,0,0.5110560426991994,0,0.5362824990298797,0.025226456330680325,5246,5154,level0
Mouse,POLYIC_20190531_polyic_m__E3_P1_11,y,3,4.999999925494195,1,0.34235608082348457,2,0.4175397749320916,0.07518369410860704,5246,5154,level0
Mouse,POLYIC_20190531_polyic_m__E3_P1_11,y,4,4.999999925494195,2,0.28764773160503243,0,0.2964687621265037,0.008821030521471263,5246,5154,level0
Mouse,POLYIC_20190531_polyic_m__E3_P1_11,y,5,4.999999925494195,3,0.22683949675943577,0,0.5162980209545984,0.28945852419516266,5246,5154,level0
Mouse,POLYIC_20190531_polyic_m__E3_P1_11,y,6,4.999999925494195,4,0.189668318719024,2,0.23438106325184324,0.04471274453281923,5246,5154,level0
Mouse,POLYIC_20190531_polyic_m__E3_P1_11,y,7,4.999999925494195,6,0.16908120472741137,5,0.1850989522700815,0.01601774754267013,5246,5154,level0
Mouse,POLYIC_20190531_polyic_m__E3_P1_11,y,8,4.999999925494195,6,0.1479222264582539,4,0.1742336049670159,0.026311378508762,5246,5154,level0
Mouse,POLYIC_20190531_polyic_m__E3_P1_12,x,2,3.1999998807907124,0,0.5078369905956113,0,0.5073956682514528,-0.00044132234415850125,3828,3786,corrected_baseline
Mouse,POLYIC_20190531_polyic_m__E3_P1_12,x,3,3.1999998807907124,2,0.35919540229885055,1,0.34548335974643424,-0.013712042552416315,3828,3786,corrected_baseline
Mouse,POLYIC_20190531_polyic_m__E3_P1_12,x,4,3.1999998807907124,2,0.2664576802507837,2,0.2606973058637084,-0.005760374387075329,3828,3786,corrected_baseline
Mouse,POLYIC_20190531_polyic_m__E3_P1_12,x,5,3.1999998807907124,1,0.2283176593521421,1,0.21183306920232436,-0.016484590149817735,3828,3786,corrected_baseline
Mouse,POLYIC_20190531_polyic_m__E3_P1_12,x,6,3.1999998807907124,2,0.1896551724137931,1,0.17670364500792393,-0.012951527405869162,3828,3786,corrected_baseline
Mouse,POLYIC_20190531_polyic_m__E3_P1_12,x,7,3.1999998807907124,6,0.1669278996865204,6,0.16032752245113577,-0.006600377235384619,3828,3786,corrected_baseline
Mouse,POLYIC_20190531_polyic_m__E3_P1_12,x,8,3.1999998807907124,2,0.14237199582027169,2,0.13655573164289486,-0.005816264177376823,3828,3786,corrected_baseline
Mouse,POLYIC_20190531_polyic_m__E3_P1_12,y,2,4.999999925494195,1,0.5143513203214696,0,0.5383247728170684,0.02397345249559879,5226,5062,corrected_baseline
Mouse,POLYIC_20190531_polyic_m__E3_P1_12,y,3,4.999999925494195,1,0.3383084577114428,2,0.3984591070723034,0.06015064936086062,5226,5062,corrected_baseline
Mouse,POLYIC_20190531_polyic_m__E3_P1_12,y,4,4.999999925494195,1,0.26865671641791045,0,0.2840774397471355,0.015420723329225061,5226,5062,corrected_baseline
Mouse,POLYIC_20190531_polyic_m__E3_P1_12,y,5,4.999999925494195,3,0.2265595101415997,0,0.5023706045041486,0.2758110943625489,5226,5062,corrected_baseline
Mouse,POLYIC_20190531_polyic_m__E3_P1_12,y,6,4.999999925494195,3,0.17661691542288557,2,0.23824575266693007,0.0616288372440445,5226,5062,corrected_baseline
Mouse,POLYIC_20190531_polyic_m__E3_P1_12,y,7,4.999999925494195,5,0.16628396479142749,5,0.19300671671276176,0.026722751921334276,5226,5062,corrected_baseline
Mouse,POLYIC_20190531_polyic_m__E3_P1_12,y,8,4.999999925494195,1,0.16111748947569843,6,0.16732516791781904,0.006207678442120612,5226,5062,corrected_baseline
Mouse,POLYIC_20190531_polyic_m__E3_P1_12,x,2,3.1999998807907124,0,0.5078369905956113,0,0.5012671059300557,-0.006569884665555525,3828,3946,level0
Mouse,POLYIC_20190531_polyic_m__E3_P1_12,x,3,3.1999998807907124,2,0.35919540229885055,0,0.3380638621388748,-0.02113154015997576,3828,3946,level0
Mouse,POLYIC_20190531_polyic_m__E3_P1_12,x,4,3.1999998807907124,2,0.2664576802507837,0,0.26964014191586416,0.0031824616650804605,3828,3946,level0
Mouse,POLYIC_20190531_polyic_m__E3_P1_12,x,5,3.1999998807907124,1,0.2283176593521421,0,0.20451089711099849,-0.023806762241143614,3828,3946,level0
Mouse,POLYIC_20190531_polyic_m__E3_P1_12,x,6,3.1999998807907124,2,0.1896551724137931,0,0.17916877850988341,-0.01048639390390968,3828,3946,level0
Mouse,POLYIC_20190531_polyic_m__E3_P1_12,x,7,3.1999998807907124,6,0.1669278996865204,5,0.1690319310694374,0.00210403138291701,3828,3946,level0
Mouse,POLYIC_20190531_polyic_m__E3_P1_12,x,8,3.1999998807907124,2,0.14237199582027169,0,0.15331981753674606,0.010947821716474376,3828,3946,level0
Mouse,POLYIC_20190531_polyic_m__E3_P1_12,y,2,4.999999925494195,1,0.5143513203214696,0,0.5430172068827531,0.02866588656128355,5226,4998,level0
Mouse,POLYIC_20190531_polyic_m__E3_P1_12,y,3,4.999999925494195,1,0.3383084577114428,2,0.41156462585034015,0.07325616813889735,5226,4998,level0
Mouse,POLYIC_20190531_polyic_m__E3_P1_12,y,4,4.999999925494195,1,0.26865671641791045,0,0.29451780712284914,0.025861090704938694,5226,4998,level0
Mouse,POLYIC_20190531_polyic_m__E3_P1_12,y,5,4.999999925494195,3,0.2265595101415997,0,0.5026010404161665,0.2760415302745668,5226,4998,level0
Mouse,POLYIC_20190531_polyic_m__E3_P1_12,y,6,4.999999925494195,3,0.17661691542288557,2,0.24109643857543017,0.0644795231525446,5226,4998,level0
Mouse,POLYIC_20190531_polyic_m__E3_P1_12,y,7,4.999999925494195,5,0.16628396479142749,5,0.17727090836334533,0.010986943571917845,5226,4998,level0
Mouse,POLYIC_20190531_polyic_m__E3_P1_12,y,8,4.999999925494195,1,0.16111748947569843,4,0.17406962785114047,0.01295213837544204,5226,4998,level0
Mouse,POLYIC_20190531_polyic_m__E3_P1_13,x,2,3.1999998807907124,0,0.5105833763551885,1,0.5018392012611665,-0.008744175094021922,3874,3806,corrected_baseline
Mouse,POLYIC_20190531_polyic_m__E3_P1_13,x,3,3.1999998807907124,2,0.3477026329375323,1,0.3515501839201261,0.003847550982593817,3874,3806,corrected_baseline
Mouse,POLYIC_20190531_polyic_m__E3_P1_13,x,4,3.1999998807907124,0,0.27284460505937014,0,0.2588018917498686,-0.01404271330950152,3874,3806,corrected_baseline
Mouse,POLYIC_20190531_polyic_m__E3_P1_13,x,5,3.1999998807907124,0,0.2080536912751678,1,0.21492380451918025,0.00687011324401246,3874,3806,corrected_baseline
Mouse,POLYIC_20190531_polyic_m__E3_P1_13,x,6,3.1999998807907124,2,0.18172431595250388,1,0.17787703625853915,-0.003847279693964728,3874,3806,corrected_baseline
Mouse,POLYIC_20190531_polyic_m__E3_P1_13,x,7,3.1999998807907124,0,0.15049044914816728,5,0.15501839201261167,0.004527942864444384,3874,3806,corrected_baseline
Mouse,POLYIC_20190531_polyic_m__E3_P1_13,x,8,3.1999998807907124,4,0.14248838409912234,4,0.1347871781397793,-0.007701205959343038,3874,3806,corrected_baseline
Mouse,POLYIC_20190531_polyic_m__E3_P1_13,y,2,4.999999925494195,0,0.5110619469026548,1,0.5656451002648506,0.05458315336219577,5424,5286,corrected_baseline
Mouse,POLYIC_20190531_polyic_m__E3_P1_13,y,3,4.999999925494195,2,0.33775811209439527,1,0.38251986379114644,0.04476175169675117,5424,5286,corrected_baseline
Mouse,POLYIC_20190531_polyic_m__E3_P1_13,y,4,4.999999925494195,2,0.28078908554572274,1,0.2903897086643965,0.009600623118673768,5424,5286,corrected_baseline
Mouse,POLYIC_20190531_polyic_m__E3_P1_13,y,5,4.999999925494195,3,0.22842920353982302,0,0.5077563374952705,0.2793271339554475,5424,5286,corrected_baseline
Mouse,POLYIC_20190531_polyic_m__E3_P1_13,y,6,4.999999925494195,2,0.17699115044247787,1,0.24877033673855467,0.0717791862960768,5424,5286,corrected_baseline
Mouse,POLYIC_20190531_polyic_m__E3_P1_13,y,7,4.999999925494195,0,0.17699115044247787,5,0.17517972001513432,-0.0018114304273435522,5424,5286,corrected_baseline
Mouse,POLYIC_20190531_polyic_m__E3_P1_13,y,8,4.999999925494195,2,0.16500737463126844,1,0.2574725690503216,0.09246519441905318,5424,5286,corrected_baseline
Mouse,POLYIC_20190531_polyic_m__E3_P1_13,x,2,3.1999998807907124,0,0.5105833763551885,0,0.5009950248756219,-0.009588351479566604,3874,4020,level0
Mouse,POLYIC_20190531_polyic_m__E3_P1_13,x,3,3.1999998807907124,2,0.3477026329375323,0,0.3492537313432836,0.0015510984057512944,3874,4020,level0
Mouse,POLYIC_20190531_polyic_m__E3_P1_13,x,4,3.1999998807907124,0,0.27284460505937014,0,0.2544776119402985,-0.01836699311907164,3874,4020,level0
Mouse,POLYIC_20190531_polyic_m__E3_P1_13,x,5,3.1999998807907124,0,0.2080536912751678,2,0.21840796019900496,0.010354268923837173,3874,4020,level0
Mouse,POLYIC_20190531_polyic_m__E3_P1_13,x,6,3.1999998807907124,2,0.18172431595250388,0,0.19502487562189055,0.013300559669386675,3874,4020,level0
Mouse,POLYIC_20190531_polyic_m__E3_P1_13,x,7,3.1999998807907124,0,0.15049044914816728,1,0.1517412935323383,0.0012508443841710293,3874,4020,level0
Mouse,POLYIC_20190531_polyic_m__E3_P1_13,x,8,3.1999998807907124,4,0.14248838409912234,1,0.1455223880597015,0.0030340039605791513,3874,4020,level0
Mouse,POLYIC_20190531_polyic_m__E3_P1_13,y,2,4.999999925494195,0,0.5110619469026548,1,0.5697061039939714,0.05864415709131654,5424,5308,level0
Mouse,POLYIC_20190531_polyic_m__E3_P1_13,y,3,4.999999925494195,2,0.33775811209439527,2,0.38715146948003015,0.049393357385634884,5424,5308,level0
Mouse,POLYIC_20190531_polyic_m__E3_P1_13,y,4,4.999999925494195,2,0.28078908554572274,3,0.30519969856819895,0.024410613022476213,5424,5308,level0
Mouse,POLYIC_20190531_polyic_m__E3_P1_13,y,5,4.999999925494195,3,0.22842920353982302,0,0.5194046721929163,0.2909754686530933,5424,5308,level0
Mouse,POLYIC_20190531_polyic_m__E3_P1_13,y,6,4.999999925494195,2,0.17699115044247787,5,0.23040693293142425,0.05341578248894638,5424,5308,level0
Mouse,POLYIC_20190531_polyic_m__E3_P1_13,y,7,4.999999925494195,0,0.17699115044247787,4,0.16955538809344387,-0.007435762349034009,5424,5308,level0
Mouse,POLYIC_20190531_polyic_m__E3_P1_13,y,8,4.999999925494195,2,0.16500737463126844,1,0.22305953278070836,0.058052158149439925,5424,5308,level0
Mouse,POLYIC_20190531_polyic_m__E3_P1_2,x,2,3.1999998807907124,0,0.5022556390977444,1,0.5043769309989702,0.002121291901225786,3990,3884,corrected_baseline
Mouse,POLYIC_20190531_polyic_m__E3_P1_2,x,3,3.1999998807907124,1,0.34135338345864663,1,0.3434603501544799,0.002106966695833268,3990,3884,corrected_baseline
Mouse,POLYIC_20190531_polyic_m__E3_P1_2,x,4,3.1999998807907124,0,0.2578947368421053,0,0.26081359423274975,0.002918857390644458,3990,3884,corrected_baseline
Mouse,POLYIC_20190531_polyic_m__E3_P1_2,x,5,3.1999998807907124,4,0.20551378446115287,4,0.21086508753862,0.005351303077467118,3990,3884,corrected_baseline
Mouse,POLYIC_20190531_polyic_m__E3_P1_2,x,6,3.1999998807907124,2,0.1736842105263158,1,0.17893923789907312,0.0052550273727573205,3990,3884,corrected_baseline
Mouse,POLYIC_20190531_polyic_m__E3_P1_2,x,7,3.1999998807907124,4,0.1656641604010025,4,0.1560247167868177,-0.009639443614184812,3990,3884,corrected_baseline
Mouse,POLYIC_20190531_polyic_m__E3_P1_2,x,8,3.1999998807907124,1,0.13583959899749373,1,0.13903192584963955,0.0031923268521458215,3990,3884,corrected_baseline
Mouse,POLYIC_20190531_polyic_m__E3_P1_2,y,2,4.999999925494195,1,0.5236051502145923,0,0.5412761355443403,0.01767098532974798,5592,5548,corrected_baseline
Mouse,POLYIC_20190531_polyic_m__E3_P1_2,y,3,4.999999925494195,2,0.3376251788268956,0,0.45187454938716654,0.11424937056027096,5592,5548,corrected_baseline
Mouse,POLYIC_20190531_polyic_m__E3_P1_2,y,4,4.999999925494195,3,0.27968526466380544,2,0.32588320115356884,0.04619793648976339,5592,5548,corrected_baseline
Mouse,POLYIC_20190531_polyic_m__E3_P1_2,y,5,4.999999925494195,1,0.23533619456366237,0,0.5677721701514059,0.3324359755877435,5592,5548,corrected_baseline
Mouse,POLYIC_20190531_polyic_m__E3_P1_2,y,6,4.999999925494195,1,0.18723175965665237,0,0.25648882480173035,0.06925706514507798,5592,5548,corrected_baseline
Mouse,POLYIC_20190531_polyic_m__E3_P1_2,y,7,4.999999925494195,0,0.1680972818311874,6,0.21160778658976206,0.04351050475857465,5592,5548,corrected_baseline
Mouse,POLYIC_20190531_polyic_m__E3_P1_2,y,8,4.999999925494195,3,0.155758226037196,4,0.18961788031723142,0.03385965428003543,5592,5548,corrected_baseline
Mouse,POLYIC_20190531_polyic_m__E3_P1_2,x,2,3.1999998807907124,0,0.5022556390977444,1,0.5066798614547254,0.0044242223569810335,3990,4042,level0
Mouse,POLYIC_20190531_polyic_m__E3_P1_2,x,3,3.1999998807907124,1,0.34135338345864663,0,0.3589807026224641,0.01762731916381749,3990,4042,level0
Mouse,POLYIC_20190531_polyic_m__E3_P1_2,x,4,3.1999998807907124,0,0.2578947368421053,3,0.26298861949529934,0.005093882653194048,3990,4042,level0
Mouse,POLYIC_20190531_polyic_m__E3_P1_2,x,5,3.1999998807907124,4,0.20551378446115287,3,0.21499257793171697,0.0094787934705641,3990,4042,level0
Mouse,POLYIC_20190531_polyic_m__E3_P1_2,x,6,3.1999998807907124,2,0.1736842105263158,3,0.18703612073231074,0.013351910205994938,3990,4042,level0
Mouse,POLYIC_20190531_polyic_m__E3_P1_2,x,7,3.1999998807907124,4,0.1656641604010025,5,0.161058881741712,-0.0046052786592905015,3990,4042,level0
Mouse,POLYIC_20190531_polyic_m__E3_P1_2,x,8,3.1999998807907124,1,0.13583959899749373,1,0.13582384957941612,-1.5749418077609656e-05,3990,4042,level0
Mouse,POLYIC_20190531_polyic_m__E3_P1_2,y,2,4.999999925494195,1,0.5236051502145923,0,0.5303354746609564,0.006730324446364122,5592,5604,level0
Mouse,POLYIC_20190531_polyic_m__E3_P1_2,y,3,4.999999925494195,2,0.3376251788268956,0,0.45057102069950034,0.11294584187260476,5592,5604,level0
Mouse,POLYIC_20190531_polyic_m__E3_P1_2,y,4,4.999999925494195,3,0.27968526466380544,2,0.3228051391862955,0.043119874522490054,5592,5604,level0
Mouse,POLYIC_20190531_polyic_m__E3_P1_2,y,5,4.999999925494195,1,0.23533619456366237,0,0.5590649536045682,0.3237287590409058,5592,5604,level0
Mouse,POLYIC_20190531_polyic_m__E3_P1_2,y,6,4.999999925494195,1,0.18723175965665237,0,0.2523197715917202,0.06508801193506783,5592,5604,level0
Mouse,POLYIC_20190531_polyic_m__E3_P1_2,y,7,4.999999925494195,0,0.1680972818311874,6,0.20021413276231265,0.032116850931125235,5592,5604,level0
Mouse,POLYIC_20190531_polyic_m__E3_P1_2,y,8,4.999999925494195,3,0.155758226037196,4,0.17969307637401855,0.02393485033682255,5592,5604,level0
Mouse,POLYIC_20190531_polyic_m__E3_P1_3,x,2,3.1999998807907124,0,0.503227408142999,1,0.5091370558375634,0.005909647694564368,4028,3940,corrected_baseline
Mouse,POLYIC_20190531_polyic_m__E3_P1_3,x,3,3.1999998807907124,2,0.3361469712015889,0,0.350253807106599,0.014106835905010107,4028,3940,corrected_baseline
Mouse,POLYIC_20190531_polyic_m__E3_P1_3,x,4,3.1999998807907124,0,0.2557100297914598,1,0.2583756345177665,0.002665604726306725,4028,3940,corrected_baseline
Mouse,POLYIC_20190531_polyic_m__E3_P1_3,x,5,3.1999998807907124,2,0.21027805362462762,2,0.23045685279187816,0.020178799167250544,4028,3940,corrected_baseline
Mouse,POLYIC_20190531_polyic_m__E3_P1_3,x,6,3.1999998807907124,2,0.17254220456802383,0,0.1766497461928934,0.004107541624869565,4028,3940,corrected_baseline
Mouse,POLYIC_20190531_polyic_m__E3_P1_3,x,7,3.1999998807907124,2,0.15615690168818272,2,0.15761421319796953,0.0014573115097868128,4028,3940,corrected_baseline
Mouse,POLYIC_20190531_polyic_m__E3_P1_3,x,8,3.1999998807907124,4,0.1355511420059583,5,0.14111675126903553,0.005565609263077226,4028,3940,corrected_baseline
Mouse,POLYIC_20190531_polyic_m__E3_P1_3,y,2,4.999999925494195,0,0.5130450987700336,1,0.5165967188096147,0.0035516200395810937,5366,5242,corrected_baseline
Mouse,POLYIC_20190531_polyic_m__E3_P1_3,y,3,4.999999925494195,2,0.3529631010063362,1,0.34662342617321634,-0.006339674833119868,5366,5242,corrected_baseline
Mouse,POLYIC_20190531_polyic_m__E3_P1_3,y,4,4.999999925494195,2,0.26071561684681327,1,0.267836703548264,0.0071210867014507295,5366,5242,corrected_baseline
Mouse,POLYIC_20190531_polyic_m__E3_P1_3,y,5,4.999999925494195,1,0.21561684681326873,0,0.5225104921785578,0.30689364536528907,5366,5242,corrected_baseline
Mouse,POLYIC_20190531_polyic_m__E3_P1_3,y,6,4.999999925494195,2,0.18468132687290348,3,0.17645936665394887,-0.008221960218954605,5366,5242,corrected_baseline
Mouse,POLYIC_20190531_polyic_m__E3_P1_3,y,7,4.999999925494195,0,0.15747297800969065,0,0.1810377718428081,0.023564793833117437,5366,5242,corrected_baseline
Mouse,POLYIC_20190531_polyic_m__E3_P1_3,y,8,4.999999925494195,2,0.13753261274692508,1,0.15204120564669973,0.014508592899774658,5366,5242,corrected_baseline
Mouse,POLYIC_20190531_polyic_m__E3_P1_3,x,2,3.1999998807907124,0,0.503227408142999,1,0.5110789980732178,0.007851589930218728,4028,4152,level0
Mouse,POLYIC_20190531_polyic_m__E3_P1_3,x,3,3.1999998807907124,2,0.3361469712015889,1,0.3598265895953757,0.02367961839378685,4028,4152,level0
Mouse,POLYIC_20190531_polyic_m__E3_P1_3,x,4,3.1999998807907124,0,0.2557100297914598,1,0.25698458574181116,0.0012745559503513637,4028,4152,level0
Mouse,POLYIC_20190531_polyic_m__E3_P1_3,x,5,3.1999998807907124,2,0.21027805362462762,3,0.20905587668593448,-0.0012221769386931425,4028,4152,level0
Mouse,POLYIC_20190531_polyic_m__E3_P1_3,x,6,3.1999998807907124,2,0.17254220456802383,1,0.19123314065510597,0.01869093608708214,4028,4152,level0
Mouse,POLYIC_20190531_polyic_m__E3_P1_3,x,7,3.1999998807907124,2,0.15615690168818272,1,0.16209055876685935,0.00593365707867663,4028,4152,level0
Mouse,POLYIC_20190531_polyic_m__E3_P1_3,x,8,3.1999998807907124,4,0.1355511420059583,5,0.13776493256262043,0.0022137905566621263,4028,4152,level0
Mouse,POLYIC_20190531_polyic_m__E3_P1_3,y,2,4.999999925494195,0,0.5130450987700336,1,0.5185746777862017,0.005529579016168129,5366,5276,level0
Mouse,POLYIC_20190531_polyic_m__E3_P1_3,y,3,4.999999925494195,2,0.3529631010063362,2,0.34438968915845336,-0.00857341184788285,5366,5276,level0
Mouse,POLYIC_20190531_polyic_m__E3_P1_3,y,4,4.999999925494195,2,0.26071561684681327,3,0.26194086429112967,0.0012252474443164019,5366,5276,level0
Mouse,POLYIC_20190531_polyic_m__E3_P1_3,y,5,4.999999925494195,1,0.21561684681326873,0,0.5121304018195603,0.2965135550062915,5366,5276,level0
Mouse,POLYIC_20190531_polyic_m__E3_P1_3,y,6,4.999999925494195,2,0.18468132687290348,3,0.19181197877179681,0.0071306518988933365,5366,5276,level0
Mouse,POLYIC_20190531_polyic_m__E3_P1_3,y,7,4.999999925494195,0,0.15747297800969065,0,0.19143290371493557,0.03395992570524492,5366,5276,level0
Mouse,POLYIC_20190531_polyic_m__E3_P1_3,y,8,4.999999925494195,2,0.13753261274692508,4,0.14272175890826383,0.0051891461613387535,5366,5276,level0
Mouse,POLYIC_20190531_polyic_m__E3_P1_4,x,2,3.1999998807907124,1,0.5054095826893354,1,0.5007767995857069,-0.004632783103628579,3882,3862,corrected_baseline
Mouse,POLYIC_20190531_polyic_m__E3_P1_4,x,3,3.1999998807907124,2,0.3369397217928903,0,0.33972035214914553,0.0027806303562552537,3882,3862,corrected_baseline
Mouse,POLYIC_20190531_polyic_m__E3_P1_4,x,4,3.1999998807907124,3,0.25579598145285937,1,0.25582599689280167,3.001543994229916e-05,3882,3862,corrected_baseline
Mouse,POLYIC_20190531_polyic_m__E3_P1_4,x,5,3.1999998807907124,3,0.21973209685729006,3,0.21258415328845157,-0.007147943568838494,3882,3862,corrected_baseline
Mouse,POLYIC_20190531_polyic_m__E3_P1_4,x,6,3.1999998807907124,1,0.17877382792375066,1,0.1835836354220611,0.004809807498310448,3882,3862,corrected_baseline
Mouse,POLYIC_20190531_polyic_m__E3_P1_4,x,7,3.1999998807907124,6,0.15224111282843894,3,0.15458311755567064,0.0023420047272317,3882,3862,corrected_baseline
Mouse,POLYIC_20190531_polyic_m__E3_P1_4,x,8,3.1999998807907124,5,0.13730036063884596,4,0.13930605903676851,0.0020056983979225562,3882,3862,corrected_baseline
Mouse,POLYIC_20190531_polyic_m__E3_P1_4,y,2,4.999999925494195,0,0.5138248847926268,0,0.558869093725794,0.045044208933167185,5208,5164,corrected_baseline
Mouse,POLYIC_20190531_polyic_m__E3_P1_4,y,3,4.999999925494195,0,0.35599078341013823,1,0.3936870642912471,0.03769628088110888,5208,5164,corrected_baseline
Mouse,POLYIC_20190531_polyic_m__E3_P1_4,y,4,4.999999925494195,0,0.2588325652841782,0,0.30886909372579396,0.05003652844161577,5208,5164,corrected_baseline
Mouse,POLYIC_20190531_polyic_m__E3_P1_4,y,5,4.999999925494195,3,0.22407834101382487,0,0.534856700232378,0.3107783592185531,5208,5164,corrected_baseline
Mouse,POLYIC_20190531_polyic_m__E3_P1_4,y,6,4.999999925494195,0,0.18740399385560677,4,0.2405112316034082,0.053107237747801433,5208,5164,corrected_baseline
Mouse,POLYIC_20190531_polyic_m__E3_P1_4,y,7,4.999999925494195,6,0.17857142857142858,6,0.1698295894655306,-0.008741839105897986,5208,5164,corrected_baseline
Mouse,POLYIC_20190531_polyic_m__E3_P1_4,y,8,4.999999925494195,0,0.16378648233486942,0,0.2056545313710302,0.04186804903616079,5208,5164,corrected_baseline
Mouse,POLYIC_20190531_polyic_m__E3_P1_4,x,2,3.1999998807907124,1,0.5054095826893354,1,0.5155096011816839,0.010100018492348428,3882,4062,level0
Mouse,POLYIC_20190531_polyic_m__E3_P1_4,x,3,3.1999998807907124,2,0.3369397217928903,1,0.34219596258000984,0.005256240787119559,3882,4062,level0
Mouse,POLYIC_20190531_polyic_m__E3_P1_4,x,4,3.1999998807907124,3,0.25579598145285937,3,0.25824716888232396,0.0024511874294645963,3882,4062,level0
Mouse,POLYIC_20190531_polyic_m__E3_P1_4,x,5,3.1999998807907124,3,0.21973209685729006,3,0.21664204825209257,-0.0030900486051974874,3882,4062,level0
Mouse,POLYIC_20190531_polyic_m__E3_P1_4,x,6,3.1999998807907124,1,0.17877382792375066,1,0.18783850320039389,0.00906467527664323,3882,4062,level0
Mouse,POLYIC_20190531_polyic_m__E3_P1_4,x,7,3.1999998807907124,6,0.15224111282843894,0,0.15460364352535697,0.002362530696918025,3882,4062,level0
Mouse,POLYIC_20190531_polyic_m__E3_P1_4,x,8,3.1999998807907124,5,0.13730036063884596,3,0.14254062038404727,0.0052402597452013144,3882,4062,level0
Mouse,POLYIC_20190531_polyic_m__E3_P1_4,y,2,4.999999925494195,0,0.5138248847926268,0,0.5701219512195121,0.05629706642688537,5208,5248,level0
Mouse,POLYIC_20190531_polyic_m__E3_P1_4,y,3,4.999999925494195,0,0.35599078341013823,1,0.3879573170731707,0.03196653366303248,5208,5248,level0
Mouse,POLYIC_20190531_polyic_m__E3_P1_4,y,4,4.999999925494195,0,0.2588325652841782,0,0.3010670731707317,0.04223450788655353,5208,5248,level0
Mouse,POLYIC_20190531_polyic_m__E3_P1_4,y,5,4.999999925494195,3,0.22407834101382487,0,0.5080030487804879,0.283924707766663,5208,5248,level0
Mouse,POLYIC_20190531_polyic_m__E3_P1_4,y,6,4.999999925494195,0,0.18740399385560677,4,0.23342225609756098,0.04601826224195421,5208,5248,level0
Mouse,POLYIC_20190531_polyic_m__E3_P1_4,y,7,4.999999925494195,6,0.17857142857142858,6,0.16253810975609756,-0.016033318815331016,5208,5248,level0
Mouse,POLYIC_20190531_polyic_m__E3_P1_4,y,8,4.999999925494195,0,0.16378648233486942,0,0.19188262195121952,0.028096139616350102,5208,5248,level0
Mouse,POLYIC_20190531_polyic_m__E3_P1_5,x,2,3.1999998807907124,0,0.5074626865671642,1,0.5196993260756869,0.012236639508522718,3886,3858,corrected_baseline
Mouse,POLYIC_20190531_polyic_m__E3_P1_5,x,3,3.1999998807907124,0,0.34071024189397836,2,0.34136858475894244,0.0006583428649640788,3886,3858,corrected_baseline
Mouse,POLYIC_20190531_polyic_m__E3_P1_5,x,4,3.1999998807907124,0,0.26479670612454964,1,0.2716433385173665,0.006846632392816854,3886,3858,corrected_baseline
Mouse,POLYIC_20190531_polyic_m__E3_P1_5,x,5,3.1999998807907124,1,0.20972722593926918,0,0.2195438050803525,0.009816579141083331,3886,3858,corrected_baseline
Mouse,POLYIC_20190531_polyic_m__E3_P1_5,x,6,3.1999998807907124,0,0.1770458054554812,5,0.18506998444790046,0.00802417899241925,3886,3858,corrected_baseline
Mouse,POLYIC_20190531_polyic_m__E3_P1_5,x,7,3.1999998807907124,1,0.15208440555841482,0,0.15215137376879212,6.69682103772995e-05,3886,3858,corrected_baseline
Mouse,POLYIC_20190531_polyic_m__E3_P1_5,x,8,3.1999998807907124,5,0.13612969634585692,5,0.14048729911871435,0.004357602772857433,3886,3858,corrected_baseline
Mouse,POLYIC_20190531_polyic_m__E3_P1_5,y,2,4.999999925494195,0,0.5187861271676301,0,0.5166788856304986,-0.002107241537131488,5536,5456,corrected_baseline
Mouse,POLYIC_20190531_polyic_m__E3_P1_5,y,3,4.999999925494195,1,0.375,0,0.39644428152492667,0.021444281524926667,5536,5456,corrected_baseline
Mouse,POLYIC_20190531_polyic_m__E3_P1_5,y,4,4.999999925494195,2,0.2714956647398844,3,0.2844574780058651,0.012961813265980726,5536,5456,corrected_baseline
Mouse,POLYIC_20190531_polyic_m__E3_P1_5,y,5,4.999999925494195,3,0.22597543352601157,0,0.5155791788856305,0.28960374535961897,5536,5456,corrected_baseline
Mouse,POLYIC_20190531_polyic_m__E3_P1_5,y,6,4.999999925494195,4,0.20429913294797689,0,0.20161290322580644,-0.0026862297221704468,5536,5456,corrected_baseline
Mouse,POLYIC_20190531_polyic_m__E3_P1_5,y,7,4.999999925494195,3,0.17521676300578035,0,0.17925219941348974,0.004035436407709397,5536,5456,corrected_baseline
Mouse,POLYIC_20190531_polyic_m__E3_P1_5,y,8,4.999999925494195,6,0.14920520231213874,4,0.20271260997067447,0.05350740765853573,5536,5456,corrected_baseline
Mouse,POLYIC_20190531_polyic_m__E3_P1_5,x,2,3.1999998807907124,0,0.5074626865671642,0,0.5030120481927711,-0.004450638374393079,3886,3984,level0
Mouse,POLYIC_20190531_polyic_m__E3_P1_5,x,3,3.1999998807907124,0,0.34071024189397836,2,0.3416164658634538,0.0009062239694754282,3886,3984,level0
Mouse,POLYIC_20190531_polyic_m__E3_P1_5,x,4,3.1999998807907124,0,0.26479670612454964,2,0.2592871485943775,-0.005509557530172127,3886,3984,level0
Mouse,POLYIC_20190531_polyic_m__E3_P1_5,x,5,3.1999998807907124,1,0.20972722593926918,1,0.2090863453815261,-0.0006408805577430843,3886,3984,level0
Mouse,POLYIC_20190531_polyic_m__E3_P1_5,x,6,3.1999998807907124,0,0.1770458054554812,5,0.17193775100401607,-0.005108054451465144,3886,3984,level0
Mouse,POLYIC_20190531_polyic_m__E3_P1_5,x,7,3.1999998807907124,1,0.15208440555841482,1,0.15060240963855423,-0.0014819959198605903,3886,3984,level0
Mouse,POLYIC_20190531_polyic_m__E3_P1_5,x,8,3.1999998807907124,5,0.13612969634585692,4,0.13579317269076305,-0.0003365236550938733,3886,3984,level0
Mouse,POLYIC_20190531_polyic_m__E3_P1_5,y,2,4.999999925494195,0,0.5187861271676301,1,0.5012806439809733,-0.01750548318665679,5536,5466,level0
Mouse,POLYIC_20190531_polyic_m__E3_P1_5,y,3,4.999999925494195,1,0.375,0,0.393889498719356,0.018889498719356024,5536,5466,level0
Mouse,POLYIC_20190531_polyic_m__E3_P1_5,y,4,4.999999925494195,2,0.2714956647398844,3,0.2879619465788511,0.0164662818389667,5536,5466,level0
Mouse,POLYIC_20190531_polyic_m__E3_P1_5,y,5,4.999999925494195,3,0.22597543352601157,0,0.5009147457006952,0.2749393121746836,5536,5466,level0
Mouse,POLYIC_20190531_polyic_m__E3_P1_5,y,6,4.999999925494195,4,0.20429913294797689,3,0.21002561287961946,0.005726479931642575,5536,5466,level0
Mouse,POLYIC_20190531_polyic_m__E3_P1_5,y,7,4.999999925494195,3,0.17521676300578035,0,0.18477863154043175,0.009561868534651408,5536,5466,level0
Mouse,POLYIC_20190531_polyic_m__E3_P1_5,y,8,4.999999925494195,6,0.14920520231213874,4,0.2030735455543359,0.053868343242197164,5536,5466,level0
Mouse,POLYIC_20190531_polyic_m__E3_P1_6,x,2,3.1999998807907124,1,0.5158610271903323,0,0.506439979392066,-0.009421047798266358,3972,3882,corrected_baseline
Mouse,POLYIC_20190531_polyic_m__E3_P1_6,x,3,3.1999998807907124,1,0.3406344410876133,0,0.3371973209685729,-0.0034371201190404044,3972,3882,corrected_baseline
Mouse,POLYIC_20190531_polyic_m__E3_P1_6,x,4,3.1999998807907124,3,0.26560926485397784,2,0.26816074188562594,0.0025514770316480972,3972,3882,corrected_baseline
Mouse,POLYIC_20190531_polyic_m__E3_P1_6,x,5,3.1999998807907124,3,0.21676737160120846,2,0.20736733642452343,-0.009400035176685029,3972,3882,corrected_baseline
Mouse,POLYIC_20190531_polyic_m__E3_P1_6,x,6,3.1999998807907124,1,0.18126888217522658,0,0.17387944358578053,-0.007389438589446046,3972,3882,corrected_baseline
Mouse,POLYIC_20190531_polyic_m__E3_P1_6,x,7,3.1999998807907124,0,0.15055387713997986,6,0.1620298815043792,0.011476004364399328,3972,3882,corrected_baseline
Mouse,POLYIC_20190531_polyic_m__E3_P1_6,x,8,3.1999998807907124,3,0.1351963746223565,6,0.13936115404430705,0.004164779421950537,3972,3882,corrected_baseline
Mouse,POLYIC_20190531_polyic_m__E3_P1_6,y,2,4.999999925494195,0,0.5073394495412844,0,0.5751781027371579,0.06783865319587346,5450,5334,corrected_baseline
Mouse,POLYIC_20190531_polyic_m__E3_P1_6,y,3,4.999999925494195,2,0.35376146788990825,0,0.380389951256093,0.02662848336618473,5450,5334,corrected_baseline
Mouse,POLYIC_20190531_polyic_m__E3_P1_6,y,4,4.999999925494195,2,0.275045871559633,2,0.29396325459317585,0.018917383033542845,5450,5334,corrected_baseline
Mouse,POLYIC_20190531_polyic_m__E3_P1_6,y,5,4.999999925494195,3,0.2111926605504587,0,0.5260592425946756,0.3148665820442169,5450,5334,corrected_baseline
Mouse,POLYIC_20190531_polyic_m__E3_P1_6,y,6,4.999999925494195,2,0.18972477064220183,0,0.2268466441694788,0.03712187352727697,5450,5334,corrected_baseline
Mouse,POLYIC_20190531_polyic_m__E3_P1_6,y,7,4.999999925494195,0,0.16862385321100917,2,0.16535433070866143,-0.0032695225023477437,5450,5334,corrected_baseline
Mouse,POLYIC_20190531_polyic_m__E3_P1_6,y,8,4.999999925494195,3,0.14825688073394497,6,0.19516310461192352,0.04690622387797855,5450,5334,corrected_baseline
Mouse,POLYIC_20190531_polyic_m__E3_P1_6,x,2,3.1999998807907124,1,0.5158610271903323,1,0.5032483758120939,-0.012612651378238415,3972,4002,level0
Mouse,POLYIC_20190531_polyic_m__E3_P1_6,x,3,3.1999998807907124,1,0.3406344410876133,2,0.3408295852073963,0.00019514411978299728,3972,4002,level0
Mouse,POLYIC_20190531_polyic_m__E3_P1_6,x,4,3.1999998807907124,3,0.26560926485397784,1,0.25862068965517243,-0.0069885751988054134,3972,4002,level0
Mouse,POLYIC_20190531_polyic_m__E3_P1_6,x,5,3.1999998807907124,3,0.21676737160120846,2,0.22038980509745126,0.003622433496242805,3972,4002,level0
Mouse,POLYIC_20190531_polyic_m__E3_P1_6,x,6,3.1999998807907124,1,0.18126888217522658,0,0.1771614192903548,-0.004107462884871765,3972,4002,level0
Mouse,POLYIC_20190531_polyic_m__E3_P1_6,x,7,3.1999998807907124,0,0.15055387713997986,0,0.14942528735632185,-0.0011285897836580128,3972,4002,level0
Mouse,POLYIC_20190531_polyic_m__E3_P1_6,x,8,3.1999998807907124,3,0.1351963746223565,5,0.13268365817091454,-0.0025127164514419653,3972,4002,level0
Mouse,POLYIC_20190531_polyic_m__E3_P1_6,y,2,4.999999925494195,0,0.5073394495412844,0,0.5656108597285068,0.05827141018722237,5450,5304,level0
Mouse,POLYIC_20190531_polyic_m__E3_P1_6,y,3,4.999999925494195,2,0.35376146788990825,0,0.37952488687782804,0.025763418987919784,5450,5304,level0
Mouse,POLYIC_20190531_polyic_m__E3_P1_6,y,4,4.999999925494195,2,0.275045871559633,2,0.2939291101055807,0.0188832385459477,5450,5304,level0
Mouse,POLYIC_20190531_polyic_m__E3_P1_6,y,5,4.999999925494195,3,0.2111926605504587,0,0.5314856711915535,0.32029301064109483,5450,5304,level0
Mouse,POLYIC_20190531_polyic_m__E3_P1_6,y,6,4.999999925494195,2,0.18972477064220183,0,0.22699849170437406,0.03727372106217222,5450,5304,level0
Mouse,POLYIC_20190531_polyic_m__E3_P1_6,y,7,4.999999925494195,0,0.16862385321100917,6,0.1600678733031674,-0.008555979907841765,5450,5304,level0
Mouse,POLYIC_20190531_polyic_m__E3_P1_6,y,8,4.999999925494195,3,0.14825688073394497,6,0.18552036199095023,0.037263481257005265,5450,5304,level0
Mouse,POLYIC_20190531_polyic_m__E3_P1_7,x,2,3.1999998807907124,0,0.5070316423907584,1,0.5074588477366255,0.0004272053458671543,3982,3888,corrected_baseline
Mouse,POLYIC_20190531_polyic_m__E3_P1_7,x,3,3.1999998807907124,1,0.35233550979407335,0,0.341820987654321,-0.010514522139752347,3982,3888,corrected_baseline
Mouse,POLYIC_20190531_polyic_m__E3_P1_7,x,4,3.1999998807907124,0,0.2614264188849824,1,0.25565843621399176,-0.005767982670990657,3982,3888,corrected_baseline
Mouse,POLYIC_20190531_polyic_m__E3_P1_7,x,5,3.1999998807907124,0,0.22174786539427424,4,0.21064814814814814,-0.0110997172461261,3982,3888,corrected_baseline
Mouse,POLYIC_20190531_polyic_m__E3_P1_7,x,6,3.1999998807907124,4,0.1860873932697137,4,0.17669753086419754,-0.009389862405516175,3982,3888,corrected_baseline
Mouse,POLYIC_20190531_polyic_m__E3_P1_7,x,7,3.1999998807907124,6,0.15067805123053743,5,0.165380658436214,0.014702607205676566,3982,3888,corrected_baseline
Mouse,POLYIC_20190531_polyic_m__E3_P1_7,x,8,3.1999998807907124,0,0.13636363636363635,3,0.13708847736625515,0.0007248410026187979,3982,3888,corrected_baseline
Mouse,POLYIC_20190531_polyic_m__E3_P1_7,y,2,4.999999925494195,0,0.511333585190782,0,0.5635285112897053,0.05219492609892329,5294,5226,corrected_baseline
Mouse,POLYIC_20190531_polyic_m__E3_P1_7,y,3,4.999999925494195,0,0.3486966377030601,0,0.3649062380405664,0.01620960033750629,5294,5226,corrected_baseline
Mouse,POLYIC_20190531_polyic_m__E3_P1_7,y,4,4.999999925494195,2,0.2612391386475255,0,0.2939150401836969,0.03267590153617139,5294,5226,corrected_baseline
Mouse,POLYIC_20190531_polyic_m__E3_P1_7,y,5,4.999999925494195,3,0.2162825840574235,0,0.5149253731343284,0.2986427890769049,5294,5226,corrected_baseline
Mouse,POLYIC_20190531_polyic_m__E3_P1_7,y,6,4.999999925494195,2,0.18511522478277295,2,0.23555300420972064,0.05043777942694769,5294,5226,corrected_baseline
Mouse,POLYIC_20190531_polyic_m__E3_P1_7,y,7,4.999999925494195,6,0.17151492255383452,5,0.18694986605434366,0.01543494350050914,5294,5226,corrected_baseline
Mouse,POLYIC_20190531_polyic_m__E3_P1_7,y,8,4.999999925494195,0,0.13808084624102757,4,0.1863758132414849,0.04829496700045732,5294,5226,corrected_baseline
Mouse,POLYIC_20190531_polyic_m__E3_P1_7,x,2,3.1999998807907124,0,0.5070316423907584,1,0.5149110149110149,0.0078793725202565,3982,4158,level0
Mouse,POLYIC_20190531_polyic_m__E3_P1_7,x,3,3.1999998807907124,1,0.35233550979407335,1,0.3451178451178451,-0.007217664676228253,3982,4158,level0
Mouse,POLYIC_20190531_polyic_m__E3_P1_7,x,4,3.1999998807907124,0,0.2614264188849824,3,0.2607022607022607,-0.0007241581827217014,3982,4158,level0
Mouse,POLYIC_20190531_polyic_m__E3_P1_7,x,5,3.1999998807907124,0,0.22174786539427424,3,0.20274170274170275,-0.01900616265257149,3982,4158,level0
Mouse,POLYIC_20190531_polyic_m__E3_P1_7,x,6,3.1999998807907124,4,0.1860873932697137,5,0.18013468013468015,-0.005952713135033566,3982,4158,level0
Mouse,POLYIC_20190531_polyic_m__E3_P1_7,x,7,3.1999998807907124,6,0.15067805123053743,5,0.15175565175565175,0.001077600525114325,3982,4158,level0
Mouse,POLYIC_20190531_polyic_m__E3_P1_7,x,8,3.1999998807907124,0,0.13636363636363635,1,0.14285714285714285,0.006493506493506496,3982,4158,level0
Mouse,POLYIC_20190531_polyic_m__E3_P1_7,y,2,4.999999925494195,0,0.511333585190782,0,0.569762996941896,0.058429411751114047,5294,5232,level0
Mouse,POLYIC_20190531_polyic_m__E3_P1_7,y,3,4.999999925494195,0,0.3486966377030601,0,0.3690749235474006,0.020378285844340538,5294,5232,level0
Mouse,POLYIC_20190531_polyic_m__E3_P1_7,y,4,4.999999925494195,2,0.2612391386475255,2,0.2897553516819572,0.028516213034431692,5294,5232,level0
Mouse,POLYIC_20190531_polyic_m__E3_P1_7,y,5,4.999999925494195,3,0.2162825840574235,0,0.5181574923547401,0.30187490829731656,5294,5232,level0
Mouse,POLYIC_20190531_polyic_m__E3_P1_7,y,6,4.999999925494195,2,0.18511522478277295,2,0.23184250764525993,0.04672728286248698,5294,5232,level0
Mouse,POLYIC_20190531_polyic_m__E3_P1_7,y,7,4.999999925494195,6,0.17151492255383452,5,0.19246941896024464,0.020954496406410117,5294,5232,level0
Mouse,POLYIC_20190531_polyic_m__E3_P1_7,y,8,4.999999925494195,0,0.13808084624102757,4,0.16953363914373087,0.03145279290270331,5294,5232,level0
Mouse,POLYIC_20190531_polyic_m__E3_P1_8,x,2,3.1999998807907124,1,0.5015690376569037,1,0.5037194473963869,0.0021504097394831057,3824,3764,corrected_baseline
Mouse,POLYIC_20190531_polyic_m__E3_P1_8,x,3,3.1999998807907124,1,0.34989539748953974,0,0.33926673751328373,-0.010628659976256005,3824,3764,corrected_baseline
Mouse,POLYIC_20190531_polyic_m__E3_P1_8,x,4,3.1999998807907124,3,0.2549686192468619,1,0.2635494155154091,0.008580796268547186,3824,3764,corrected_baseline
Mouse,POLYIC_20190531_polyic_m__E3_P1_8,x,5,3.1999998807907124,0,0.20894351464435146,1,0.20988310308182784,0.0009395884374763797,3824,3764,corrected_baseline
Mouse,POLYIC_20190531_polyic_m__E3_P1_8,x,6,3.1999998807907124,4,0.1846234309623431,4,0.17720510095642933,-0.00741833000591377,3824,3764,corrected_baseline
Mouse,POLYIC_20190531_polyic_m__E3_P1_8,x,7,3.1999998807907124,4,0.15298117154811716,3,0.15860786397449522,0.0056266924263780604,3824,3764,corrected_baseline
Mouse,POLYIC_20190531_polyic_m__E3_P1_8,x,8,3.1999998807907124,1,0.13127615062761505,1,0.15621679064824653,0.024940640020631483,3824,3764,corrected_baseline
Mouse,POLYIC_20190531_polyic_m__E3_P1_8,y,2,4.999999925494195,1,0.5205893464299207,0,0.5124031007751938,-0.00818624565472692,5294,5160,corrected_baseline
Mouse,POLYIC_20190531_polyic_m__E3_P1_8,y,3,4.999999925494195,2,0.37117491499811106,0,0.42616279069767443,0.05498787569956337,5294,5160,corrected_baseline
Mouse,POLYIC_20190531_polyic_m__E3_P1_8,y,4,4.999999925494195,1,0.2788061956932376,2,0.29593023255813955,0.017124036864901937,5294,5160,corrected_baseline
Mouse,POLYIC_20190531_polyic_m__E3_P1_8,y,5,4.999999925494195,4,0.24348318851530035,0,0.5131782945736434,0.269695106058343,5294,5160,corrected_baseline
Mouse,POLYIC_20190531_polyic_m__E3_P1_8,y,6,4.999999925494195,5,0.21609369097091047,3,0.2310077519379845,0.014914060967074039,5294,5160,corrected_baseline
Mouse,POLYIC_20190531_polyic_m__E3_P1_8,y,7,4.999999925494195,5,0.18945976577257273,6,0.19980620155038759,0.010346435777814855,5294,5160,corrected_baseline
Mouse,POLYIC_20190531_polyic_m__E3_P1_8,y,8,4.999999925494195,1,0.1752927842840952,4,0.1930232558139535,0.017730471529858294,5294,5160,corrected_baseline
Mouse,POLYIC_20190531_polyic_m__E3_P1_8,x,2,3.1999998807907124,1,0.5015690376569037,1,0.5027610441767069,0.0011920065198031127,3824,3984,level0
Mouse,POLYIC_20190531_polyic_m__E3_P1_8,x,3,3.1999998807907124,1,0.34989539748953974,0,0.3381024096385542,-0.011792987850985537,3824,3984,level0
Mouse,POLYIC_20190531_polyic_m__E3_P1_8,x,4,3.1999998807907124,3,0.2549686192468619,1,0.25778112449799195,0.0028125052511300264,3824,3984,level0
Mouse,POLYIC_20190531_polyic_m__E3_P1_8,x,5,3.1999998807907124,0,0.20894351464435146,1,0.21310240963855423,0.004158894994202772,3824,3984,level0
Mouse,POLYIC_20190531_polyic_m__E3_P1_8,x,6,3.1999998807907124,4,0.1846234309623431,5,0.18247991967871485,-0.0021435112836282466,3824,3984,level0
Mouse,POLYIC_20190531_polyic_m__E3_P1_8,x,7,3.1999998807907124,4,0.15298117154811716,4,0.15235943775100402,-0.0006217337971131387,3824,3984,level0
Mouse,POLYIC_20190531_polyic_m__E3_P1_8,x,8,3.1999998807907124,1,0.13127615062761505,1,0.15135542168674698,0.02007927105913193,3824,3984,level0
Mouse,POLYIC_20190531_polyic_m__E3_P1_8,y,2,4.999999925494195,1,0.5205893464299207,1,0.510840108401084,-0.00974923802883676,5294,5166,level0
Mouse,POLYIC_20190531_polyic_m__E3_P1_8,y,3,4.999999925494195,2,0.37117491499811106,0,0.42953929539295393,0.058364380394842874,5294,5166,level0
Mouse,POLYIC_20190531_polyic_m__E3_P1_8,y,4,4.999999925494195,1,0.2788061956932376,3,0.30255516840882696,0.023748972715589345,5294,5166,level0
Mouse,POLYIC_20190531_polyic_m__E3_P1_8,y,5,4.999999925494195,4,0.24348318851530035,2,0.5071622144792877,0.2636790259639873,5294,5166,level0
Mouse,POLYIC_20190531_polyic_m__E3_P1_8,y,6,4.999999925494195,5,0.21609369097091047,3,0.25261324041811845,0.03651954944720798,5294,5166,level0
Mouse,POLYIC_20190531_polyic_m__E3_P1_8,y,7,4.999999925494195,5,0.18945976577257273,0,0.17615176151761516,-0.013308004254957567,5294,5166,level0
Mouse,POLYIC_20190531_polyic_m__E3_P1_8,y,8,4.999999925494195,1,0.1752927842840952,7,0.20615563298490128,0.030862848700806078,5294,5166,level0
Mouse,POLYIC_20190531_polyic_m__E3_P1_9,x,2,3.1999998807907124,0,0.5100603621730382,0,0.5022443890274314,-0.00781597314560678,3976,4010,corrected_baseline
Mouse,POLYIC_20190531_polyic_m__E3_P1_9,x,3,3.1999998807907124,0,0.3460764587525151,0,0.3473815461346633,0.00130508738214824,3976,4010,corrected_baseline
Mouse,POLYIC_20190531_polyic_m__E3_P1_9,x,4,3.1999998807907124,2,0.2620724346076459,0,0.256359102244389,-0.005713332363256884,3976,4010,corrected_baseline
Mouse,POLYIC_20190531_polyic_m__E3_P1_9,x,5,3.1999998807907124,0,0.20573440643863178,2,0.2139650872817955,0.008230680843163724,3976,4010,corrected_baseline
Mouse,POLYIC_20190531_polyic_m__E3_P1_9,x,6,3.1999998807907124,3,0.17706237424547283,1,0.17755610972568578,0.0004937354802129479,3976,4010,corrected_baseline
Mouse,POLYIC_20190531_polyic_m__E3_P1_9,x,7,3.1999998807907124,0,0.1511569416498994,1,0.1543640897755611,0.0032071481256616963,3976,4010,corrected_baseline
Mouse,POLYIC_20190531_polyic_m__E3_P1_9,x,8,3.1999998807907124,2,0.13329979879275655,4,0.1339152119700748,0.0006154131773182525,3976,4010,corrected_baseline
Mouse,POLYIC_20190531_polyic_m__E3_P1_9,y,2,4.999999925494195,1,0.5290676416819012,0,0.5354128440366972,0.006345202354795965,5470,5450,corrected_baseline
Mouse,POLYIC_20190531_polyic_m__E3_P1_9,y,3,4.999999925494195,2,0.34552102376599636,2,0.37119266055045874,0.02567163678446238,5470,5450,corrected_baseline
Mouse,POLYIC_20190531_polyic_m__E3_P1_9,y,4,4.999999925494195,1,0.2817184643510055,0,0.2878899082568807,0.006171443905875207,5470,5450,corrected_baseline
Mouse,POLYIC_20190531_polyic_m__E3_P1_9,y,5,4.999999925494195,1,0.21809872029250457,0,0.5097247706422018,0.29162605034969724,5470,5450,corrected_baseline
Mouse,POLYIC_20190531_polyic_m__E3_P1_9,y,6,4.999999925494195,5,0.18775137111517368,2,0.20403669724770643,0.01628532613253275,5470,5450,corrected_baseline
Mouse,POLYIC_20190531_polyic_m__E3_P1_9,y,7,4.999999925494195,6,0.17824497257769653,6,0.18275229357798164,0.004507321000285114,5470,5450,corrected_baseline
Mouse,POLYIC_20190531_polyic_m__E3_P1_9,y,8,4.999999925494195,1,0.16526508226691042,1,0.19853211009174312,0.03326702782483271,5470,5450,corrected_baseline
Mouse,POLYIC_20190531_polyic_m__E3_P1_9,x,2,3.1999998807907124,0,0.5100603621730382,1,0.5016883743367101,-0.008371987836328088,3976,4146,level0
Mouse,POLYIC_20190531_polyic_m__E3_P1_9,x,3,3.1999998807907124,0,0.3460764587525151,1,0.3555233960443801,0.00944693729186502,3976,4146,level0
Mouse,POLYIC_20190531_polyic_m__E3_P1_9,x,4,3.1999998807907124,2,0.2620724346076459,2,0.2583212735166425,-0.0037511610910033744,3976,4146,level0
Mouse,POLYIC_20190531_polyic_m__E3_P1_9,x,5,3.1999998807907124,0,0.20573440643863178,0,0.20694645441389292,0.0012120479752611435,3976,4146,level0
Mouse,POLYIC_20190531_polyic_m__E3_P1_9,x,6,3.1999998807907124,3,0.17706237424547283,1,0.1847563917028461,0.007694017457373276,3976,4146,level0
Mouse,POLYIC_20190531_polyic_m__E3_P1_9,x,7,3.1999998807907124,0,0.1511569416498994,1,0.15050651230101303,-0.0006504293488863722,3976,4146,level0
Mouse,POLYIC_20190531_polyic_m__E3_P1_9,x,8,3.1999998807907124,2,0.13329979879275655,6,0.13579353593825375,0.0024937371454971935,3976,4146,level0
Mouse,POLYIC_20190531_polyic_m__E3_P1_9,y,2,4.999999925494195,1,0.5290676416819012,0,0.5319148936170213,0.002847251935120032,5470,5452,level0
Mouse,POLYIC_20190531_polyic_m__E3_P1_9,y,3,4.999999925494195,2,0.34552102376599636,2,0.3650036683785767,0.019482644612580313,5470,5452,level0
Mouse,POLYIC_20190531_polyic_m__E3_P1_9,y,4,4.999999925494195,1,0.2817184643510055,0,0.27292736610418195,-0.008791098246823559,5470,5452,level0
Mouse,POLYIC_20190531_polyic_m__E3_P1_9,y,5,4.999999925494195,1,0.21809872029250457,0,0.5242112986060161,0.3061125783135116,5470,5452,level0
Mouse,POLYIC_20190531_polyic_m__E3_P1_9,y,6,4.999999925494195,5,0.18775137111517368,0,0.19992663242846662,0.01217526131329294,5470,5452,level0
Mouse,POLYIC_20190531_polyic_m__E3_P1_9,y,7,4.999999925494195,6,0.17824497257769653,6,0.18250183418928834,0.004256861611591806,5470,5452,level0
Mouse,POLYIC_20190531_polyic_m__E3_P1_9,y,8,4.999999925494195,1,0.16526508226691042,1,0.18910491562729273,0.023839833360382312,5470,5452,level0
Mouse,POLYIC_20190531_polyic_m__E5_P1_11,x,2,3.1999998807907124,0,0.5007285089849441,0,0.5041564792176039,0.0034279702326597272,4118,4090,corrected_baseline
Mouse,POLYIC_20190531_polyic_m__E5_P1_11,x,3,3.1999998807907124,1,0.3411850412821758,0,0.3515892420537897,0.010404200771613914,4118,4090,corrected_baseline
Mouse,POLYIC_20190531_polyic_m__E5_P1_11,x,4,3.1999998807907124,0,0.26372025254978143,0,0.26381418092909537,9.39283793139345e-05,4118,4090,corrected_baseline
Mouse,POLYIC_20190531_polyic_m__E5_P1_11,x,5,3.1999998807907124,1,0.21345313258863527,1,0.20855745721271393,-0.004895675375921338,4118,4090,corrected_baseline
Mouse,POLYIC_20190531_polyic_m__E5_P1_11,x,6,3.1999998807907124,4,0.1804273919378339,0,0.18190709046454767,0.0014796985267137852,4118,4090,corrected_baseline
Mouse,POLYIC_20190531_polyic_m__E5_P1_11,x,7,3.1999998807907124,2,0.14764448761534726,1,0.1528117359413203,0.0051672483259730395,4118,4090,corrected_baseline
Mouse,POLYIC_20190531_polyic_m__E5_P1_11,x,8,3.1999998807907124,5,0.14133074307916466,4,0.1371638141809291,-0.004166928898235556,4118,4090,corrected_baseline
Mouse,POLYIC_20190531_polyic_m__E5_P1_11,y,2,4.999999925494195,0,0.5095799557848194,1,0.5448199853049228,0.03524002952010341,5428,5444,corrected_baseline
Mouse,POLYIC_20190531_polyic_m__E5_P1_11,y,3,4.999999925494195,1,0.3496683861459101,1,0.38684790595150625,0.03717951980559614,5428,5444,corrected_baseline
Mouse,POLYIC_20190531_polyic_m__E5_P1_11,y,4,4.999999925494195,2,0.25957995578481946,1,0.27590007347538575,0.016320117690566294,5428,5444,corrected_baseline
Mouse,POLYIC_20190531_polyic_m__E5_P1_11,y,5,4.999999925494195,0,0.21573323507737657,0,0.5415135929463629,0.32578035786898635,5428,5444,corrected_baseline
Mouse,POLYIC_20190531_polyic_m__E5_P1_11,y,6,4.999999925494195,0,0.18625644804716285,1,0.230712711241734,0.04445626319457116,5428,5444,corrected_baseline
Mouse,POLYIC_20190531_polyic_m__E5_P1_11,y,7,4.999999925494195,6,0.18533529845246868,3,0.17413666421748714,-0.011198634234981547,5428,5444,corrected_baseline
Mouse,POLYIC_20190531_polyic_m__E5_P1_11,y,8,4.999999925494195,1,0.13872512896094324,1,0.19103600293901543,0.052310873978072187,5428,5444,corrected_baseline
Mouse,POLYIC_20190531_polyic_m__E5_P1_11,x,2,3.1999998807907124,0,0.5007285089849441,0,0.5042755344418052,0.0035470254568610304,4118,4210,level0
Mouse,POLYIC_20190531_polyic_m__E5_P1_11,x,3,3.1999998807907124,1,0.3411850412821758,2,0.34370546318289785,0.0025204219007220474,4118,4210,level0
Mouse,POLYIC_20190531_polyic_m__E5_P1_11,x,4,3.1999998807907124,0,0.26372025254978143,3,0.25843230403800477,-0.005287948511776663,4118,4210,level0
Mouse,POLYIC_20190531_polyic_m__E5_P1_11,x,5,3.1999998807907124,1,0.21345313258863527,2,0.21021377672209027,-0.0032393558665450017,4118,4210,level0
Mouse,POLYIC_20190531_polyic_m__E5_P1_11,x,6,3.1999998807907124,4,0.1804273919378339,2,0.17743467933491686,-0.0029927126029170303,4118,4210,level0
Mouse,POLYIC_20190531_polyic_m__E5_P1_11,x,7,3.1999998807907124,2,0.14764448761534726,1,0.16175771971496436,0.014113232099617096,4118,4210,level0
Mouse,POLYIC_20190531_polyic_m__E5_P1_11,x,8,3.1999998807907124,5,0.14133074307916466,4,0.13657957244655583,-0.0047511706326088254,4118,4210,level0
Mouse,POLYIC_20190531_polyic_m__E5_P1_11,y,2,4.999999925494195,0,0.5095799557848194,1,0.5451719092904169,0.03559195350559752,5428,5468,level0
Mouse,POLYIC_20190531_polyic_m__E5_P1_11,y,3,4.999999925494195,1,0.3496683861459101,1,0.39081931236283834,0.04115092621692823,5428,5468,level0
Mouse,POLYIC_20190531_polyic_m__E5_P1_11,y,4,4.999999925494195,2,0.25957995578481946,3,0.2748719824433065,0.015292026658487057,5428,5468,level0
Mouse,POLYIC_20190531_polyic_m__E5_P1_11,y,5,4.999999925494195,0,0.21573323507737657,0,0.5276152158010241,0.31188198072364753,5428,5468,level0
Mouse,POLYIC_20190531_polyic_m__E5_P1_11,y,6,4.999999925494195,0,0.18625644804716285,1,0.23134601316752013,0.04508956512035728,5428,5468,level0
Mouse,POLYIC_20190531_polyic_m__E5_P1_11,y,7,4.999999925494195,6,0.18533529845246868,6,0.17538405267008048,-0.009951245782388207,5428,5468,level0
Mouse,POLYIC_20190531_polyic_m__E5_P1_11,y,8,4.999999925494195,1,0.13872512896094324,1,0.18397951719092903,0.04525438822998579,5428,5468,level0
Mouse,POLYIC_20190612_polyic___E10_P1_1,x,2,3.1999998807907124,1,0.5062562562562563,1,0.512654958677686,0.006398702421429703,3996,3872,corrected_baseline
Mouse,POLYIC_20190612_polyic___E10_P1_1,x,3,3.1999998807907124,0,0.33933933933933935,2,0.33961776859504134,0.00027842925570198407,3996,3872,corrected_baseline
Mouse,POLYIC_20190612_polyic___E10_P1_1,x,4,3.1999998807907124,0,0.262012012012012,3,0.26394628099173556,0.0019342689797235413,3996,3872,corrected_baseline
Mouse,POLYIC_20190612_polyic___E10_P1_1,x,5,3.1999998807907124,4,0.22372372372372373,3,0.21539256198347106,-0.008331161740252668,3996,3872,corrected_baseline
Mouse,POLYIC_20190612_polyic___E10_P1_1,x,6,3.1999998807907124,3,0.17617617617617617,5,0.17613636363636365,-3.981253981252819e-05,3996,3872,corrected_baseline
Mouse,POLYIC_20190612_polyic___E10_P1_1,x,7,3.1999998807907124,3,0.15340340340340342,5,0.15728305785123967,0.0038796544478362505,3996,3872,corrected_baseline
Mouse,POLYIC_20190612_polyic___E10_P1_1,x,8,3.1999998807907124,0,0.13963963963963963,7,0.1399793388429752,0.00033969920333556947,3996,3872,corrected_baseline
Mouse,POLYIC_20190612_polyic___E10_P1_1,y,2,4.999999925494195,1,0.507415647015202,0,0.577325364213672,0.06990971719846995,5394,5354,corrected_baseline
Mouse,POLYIC_20190612_polyic___E10_P1_1,y,3,4.999999925494195,2,0.3485354097144976,0,0.441725812476653,0.0931904027621554,5394,5354,corrected_baseline
Mouse,POLYIC_20190612_polyic___E10_P1_1,y,4,4.999999925494195,2,0.25695216907675195,2,0.365334329473291,0.10838216039653903,5394,5354,corrected_baseline
Mouse,POLYIC_20190612_polyic___E10_P1_1,y,5,4.999999925494195,1,0.2278457545420838,0,0.5864774000747105,0.3586316455326267,5394,5354,corrected_baseline
Mouse,POLYIC_20190612_polyic___E10_P1_1,y,6,4.999999925494195,1,0.19577308120133483,0,0.2867015315651849,0.09092845036385008,5394,5354,corrected_baseline
Mouse,POLYIC_20190612_polyic___E10_P1_1,y,7,4.999999925494195,3,0.1692621431219874,6,0.1942472917444901,0.0249851486225027,5394,5354,corrected_baseline
Mouse,POLYIC_20190612_polyic___E10_P1_1,y,8,4.999999925494195,6,0.14015572858731926,6,0.20937616735151288,0.06922043876419362,5394,5354,corrected_baseline
Mouse,POLYIC_20190612_polyic___E10_P1_1,x,2,3.1999998807907124,1,0.5062562562562563,0,0.5063788027477919,0.00012254649153564667,3996,4076,level0
Mouse,POLYIC_20190612_polyic___E10_P1_1,x,3,3.1999998807907124,0,0.33933933933933935,2,0.34298331697742884,0.0036439776380894906,3996,4076,level0
Mouse,POLYIC_20190612_polyic___E10_P1_1,x,4,3.1999998807907124,0,0.262012012012012,2,0.2595682041216879,-0.0024438078903241123,3996,4076,level0
Mouse,POLYIC_20190612_polyic___E10_P1_1,x,5,3.1999998807907124,4,0.22372372372372373,0,0.2176153091265947,-0.006108414597129019,3996,4076,level0
Mouse,POLYIC_20190612_polyic___E10_P1_1,x,6,3.1999998807907124,3,0.17617617617617617,4,0.1783611383709519,0.002184962194775736,3996,4076,level0
Mouse,POLYIC_20190612_polyic___E10_P1_1,x,7,3.1999998807907124,3,0.15340340340340342,5,0.1597154072620216,0.006312003858618187,3996,4076,level0
Mouse,POLYIC_20190612_polyic___E10_P1_1,x,8,3.1999998807907124,0,0.13963963963963963,1,0.13984298331697742,0.00020334367733779168,3996,4076,level0
Mouse,POLYIC_20190612_polyic___E10_P1_1,y,2,4.999999925494195,1,0.507415647015202,0,0.5779850746268657,0.07056942761166363,5394,5360,level0
Mouse,POLYIC_20190612_polyic___E10_P1_1,y,3,4.999999925494195,2,0.3485354097144976,0,0.44738805970149254,0.09885264998699494,5394,5360,level0
Mouse,POLYIC_20190612_polyic___E10_P1_1,y,4,4.999999925494195,2,0.25695216907675195,2,0.3664179104477612,0.10946574137100923,5394,5360,level0
Mouse,POLYIC_20190612_polyic___E10_P1_1,y,5,4.999999925494195,1,0.2278457545420838,0,0.5759328358208955,0.3480870812788117,5394,5360,level0
Mouse,POLYIC_20190612_polyic___E10_P1_1,y,6,4.999999925494195,1,0.19577308120133483,0,0.28582089552238804,0.09004781432105322,5394,5360,level0
Mouse,POLYIC_20190612_polyic___E10_P1_1,y,7,4.999999925494195,3,0.1692621431219874,6,0.1921641791044776,0.022902035982490215,5394,5360,level0
Mouse,POLYIC_20190612_polyic___E10_P1_1,y,8,4.999999925494195,6,0.14015572858731926,6,0.21287313432835822,0.07271740574103897,5394,5360,level0
Mouse,POLYIC_20190612_polyic___E12_P1,x,2,3.1999998807907124,0,0.5002565418163161,1,0.5015633142261594,0.0013067724098433375,3898,3838,corrected_baseline
Mouse,POLYIC_20190612_polyic___E12_P1,x,3,3.1999998807907124,0,0.35146228835300153,2,0.3460135487232934,-0.005448739629708155,3898,3838,corrected_baseline
Mouse,POLYIC_20190612_polyic___E12_P1,x,4,3.1999998807907124,2,0.25705489994869163,1,0.25534132360604483,-0.0017135763426467943,3898,3838,corrected_baseline
Mouse,POLYIC_20190612_polyic___E12_P1,x,5,3.1999998807907124,4,0.2047203694202155,3,0.20844189682126107,0.003721527401045588,3898,3838,corrected_baseline
Mouse,POLYIC_20190612_polyic___E12_P1,x,6,3.1999998807907124,3,0.18086198050282196,4,0.1782178217821782,-0.0026441587206437467,3898,3838,corrected_baseline
Mouse,POLYIC_20190612_polyic___E12_P1,x,7,3.1999998807907124,5,0.15700359158542843,4,0.16023970818134445,0.003236116595916022,3898,3838,corrected_baseline
Mouse,POLYIC_20190612_polyic___E12_P1,x,8,3.1999998807907124,1,0.13648024628014366,1,0.14799374674309537,0.011513500462951715,3898,3838,corrected_baseline
Mouse,POLYIC_20190612_polyic___E12_P1,y,2,4.999999925494195,0,0.5229021619640895,1,0.5177711958533876,-0.005130966110701851,5458,5402,corrected_baseline
Mouse,POLYIC_20190612_polyic___E12_P1,y,3,4.999999925494195,0,0.3525100769512642,2,0.40114772306553126,0.048637646114267075,5458,5402,corrected_baseline
Mouse,POLYIC_20190612_polyic___E12_P1,y,4,4.999999925494195,0,0.2790399413704654,3,0.289707515734913,0.010667574364447596,5458,5402,corrected_baseline
Mouse,POLYIC_20190612_polyic___E12_P1,y,5,4.999999925494195,1,0.22224257969952363,0,0.5516475379489079,0.3294049582493842,5458,5402,corrected_baseline
Mouse,POLYIC_20190612_polyic___E12_P1,y,6,4.999999925494195,0,0.20245511176255038,5,0.21455016660496112,0.012095054842410746,5458,5402,corrected_baseline
Mouse,POLYIC_20190612_polyic___E12_P1,y,7,4.999999925494195,5,0.1656284353242946,4,0.2104776008885598,0.044849165564265187,5458,5402,corrected_baseline
Mouse,POLYIC_20190612_polyic___E12_P1,y,8,4.999999925494195,0,0.15665078783437156,6,0.21084783413550537,0.05419704630113381,5458,5402,corrected_baseline
Mouse,POLYIC_20190612_polyic___E12_P1,x,2,3.1999998807907124,0,0.5002565418163161,0,0.5184094256259205,0.018152883809604448,3898,4074,level0
Mouse,POLYIC_20190612_polyic___E12_P1,x,3,3.1999998807907124,0,0.35146228835300153,0,0.34658811978399606,-0.004874168569005466,3898,4074,level0
Mouse,POLYIC_20190612_polyic___E12_P1,x,4,3.1999998807907124,2,0.25705489994869163,0,0.2690230731467845,0.011968173198092846,3898,4074,level0
Mouse,POLYIC_20190612_polyic___E12_P1,x,5,3.1999998807907124,4,0.2047203694202155,2,0.2110947471772214,0.006374377757005917,3898,4074,level0
Mouse,POLYIC_20190612_polyic___E12_P1,x,6,3.1999998807907124,3,0.18086198050282196,4,0.18433971526755033,0.003477734764728374,3898,4074,level0
Mouse,POLYIC_20190612_polyic___E12_P1,x,7,3.1999998807907124,5,0.15700359158542843,4,0.16887579774177713,0.011872206156348708,3898,4074,level0
Mouse,POLYIC_20190612_polyic___E12_P1,x,8,3.1999998807907124,1,0.13648024628014366,0,0.14555719194894454,0.009076945668800879,3898,4074,level0
Mouse,POLYIC_20190612_polyic___E12_P1,y,2,4.999999925494195,0,0.5229021619640895,0,0.5070110701107011,-0.01589109185338833,5458,5420,level0
Mouse,POLYIC_20190612_polyic___E12_P1,y,3,4.999999925494195,0,0.3525100769512642,2,0.414760147601476,0.06225007065021182,5458,5420,level0
Mouse,POLYIC_20190612_polyic___E12_P1,y,4,4.999999925494195,0,0.2790399413704654,3,0.2859778597785978,0.006937918408132404,5458,5420,level0
Mouse,POLYIC_20190612_polyic___E12_P1,y,5,4.999999925494195,1,0.22224257969952363,0,0.5381918819188192,0.3159493022192955,5458,5420,level0
Mouse,POLYIC_20190612_polyic___E12_P1,y,6,4.999999925494195,0,0.20245511176255038,2,0.21088560885608856,0.008430497093538186,5458,5420,level0
Mouse,POLYIC_20190612_polyic___E12_P1,y,7,4.999999925494195,5,0.1656284353242946,4,0.196309963099631,0.030681527775336392,5458,5420,level0
Mouse,POLYIC_20190612_polyic___E12_P1,y,8,4.999999925494195,0,0.15665078783437156,6,0.20977859778597785,0.05312780995160629,5458,5420,level0
Mouse,POLYIC_20190612_polyic___E3_P1,x,2,3.1999998807907124,1,0.5082914572864322,0,0.5040302267002519,-0.004261230586180331,3980,3970,corrected_baseline
Mouse,POLYIC_20190612_polyic___E3_P1,x,3,3.1999998807907124,2,0.335929648241206,2,0.35188916876574305,0.01595952052453703,3980,3970,corrected_baseline
Mouse,POLYIC_20190612_polyic___E3_P1,x,4,3.1999998807907124,3,0.26105527638190956,2,0.2624685138539043,0.0014132374719947327,3980,3970,corrected_baseline
Mouse,POLYIC_20190612_polyic___E3_P1,x,5,3.1999998807907124,4,0.20778894472361809,0,0.21309823677581863,0.005309292052200543,3980,3970,corrected_baseline
Mouse,POLYIC_20190612_polyic___E3_P1,x,6,3.1999998807907124,5,0.17386934673366833,5,0.1778337531486146,0.0039644064149462754,3980,3970,corrected_baseline
Mouse,POLYIC_20190612_polyic___E3_P1,x,7,3.1999998807907124,2,0.1615577889447236,2,0.16171284634760705,0.00015505740288343506,3980,3970,corrected_baseline
Mouse,POLYIC_20190612_polyic___E3_P1,x,8,3.1999998807907124,3,0.13668341708542714,6,0.13879093198992443,0.0021075149044972874,3980,3970,corrected_baseline
Mouse,POLYIC_20190612_polyic___E3_P1,y,2,4.999999925494195,1,0.5107223476297968,1,0.5301136363636364,0.01939128873383955,5316,5280,corrected_baseline
Mouse,POLYIC_20190612_polyic___E3_P1,y,3,4.999999925494195,2,0.3686982693754703,1,0.43863636363636366,0.06993809426089337,5316,5280,corrected_baseline
Mouse,POLYIC_20190612_polyic___E3_P1,y,4,4.999999925494195,1,0.26072234762979685,1,0.3375,0.07677765237020318,5316,5280,corrected_baseline
Mouse,POLYIC_20190612_polyic___E3_P1,y,5,4.999999925494195,4,0.21557562076749437,0,0.565530303030303,0.3499546822628087,5316,5280,corrected_baseline
Mouse,POLYIC_20190612_polyic___E3_P1,y,6,4.999999925494195,5,0.1969525959367946,1,0.24356060606060606,0.046608010123811466,5316,5280,corrected_baseline
Mouse,POLYIC_20190612_polyic___E3_P1,y,7,4.999999925494195,3,0.16102332580887885,5,0.18428030303030302,0.02325697722142417,5316,5280,corrected_baseline
Mouse,POLYIC_20190612_polyic___E3_P1,y,8,4.999999925494195,7,0.145221971407073,1,0.1715909090909091,0.026368937683836108,5316,5280,corrected_baseline
Mouse,POLYIC_20190612_polyic___E3_P1,x,2,3.1999998807907124,1,0.5082914572864322,0,0.5160271976687713,0.00773574038233904,3980,4118,level0
Mouse,POLYIC_20190612_polyic___E3_P1,x,3,3.1999998807907124,2,0.335929648241206,2,0.347013113161729,0.011083464920522978,3980,4118,level0
Mouse,POLYIC_20190612_polyic___E3_P1,x,4,3.1999998807907124,3,0.26105527638190956,2,0.26711996114618747,0.006064684764277906,3980,4118,level0
Mouse,POLYIC_20190612_polyic___E3_P1,x,5,3.1999998807907124,4,0.20778894472361809,0,0.21491015055852355,0.00712120583490547,3980,4118,level0
Mouse,POLYIC_20190612_polyic___E3_P1,x,6,3.1999998807907124,5,0.17386934673366833,0,0.17994171928120448,0.006072372547536148,3980,4118,level0
Mouse,POLYIC_20190612_polyic___E3_P1,x,7,3.1999998807907124,2,0.1615577889447236,1,0.16051481301602719,-0.0010429759286964269,3980,4118,level0
Mouse,POLYIC_20190612_polyic___E3_P1,x,8,3.1999998807907124,3,0.13668341708542714,6,0.14691597863040312,0.010232561544975982,3980,4118,level0
Mouse,POLYIC_20190612_polyic___E3_P1,y,2,4.999999925494195,1,0.5107223476297968,1,0.5129721480351012,0.002249800405304314,5316,5242,level0
Mouse,POLYIC_20190612_polyic___E3_P1,y,3,4.999999925494195,2,0.3686982693754703,1,0.45650515070583747,0.08780688133036718,5316,5242,level0
Mouse,POLYIC_20190612_polyic___E3_P1,y,4,4.999999925494195,1,0.26072234762979685,1,0.33174360930942387,0.07102126167962702,5316,5242,level0
Mouse,POLYIC_20190612_polyic___E3_P1,y,5,4.999999925494195,4,0.21557562076749437,0,0.5516978252575353,0.33612220449004093,5316,5242,level0
Mouse,POLYIC_20190612_polyic___E3_P1,y,6,4.999999925494195,5,0.1969525959367946,1,0.24628004578405188,0.04932744984725729,5316,5242,level0
Mouse,POLYIC_20190612_polyic___E3_P1,y,7,4.999999925494195,3,0.16102332580887885,5,0.1816100724914155,0.020586746682536655,5316,5242,level0
Mouse,POLYIC_20190612_polyic___E3_P1,y,8,4.999999925494195,7,0.145221971407073,1,0.16825639069057613,0.023034419283503138,5316,5242,level0
Mouse,POLYIC_20190612_polyic___E3_P1_1,x,2,3.1999998807907124,0,0.5053763440860215,1,0.5140664961636828,0.008690152077661328,3906,3910,corrected_baseline
Mouse,POLYIC_20190612_polyic___E3_P1_1,x,3,3.1999998807907124,1,0.3420378904249872,0,0.33580562659846547,-0.006232263826521756,3906,3910,corrected_baseline
Mouse,POLYIC_20190612_polyic___E3_P1_1,x,4,3.1999998807907124,0,0.2721454173067076,1,0.26521739130434785,-0.006928026002359755,3906,3910,corrected_baseline
Mouse,POLYIC_20190612_polyic___E3_P1_1,x,5,3.1999998807907124,0,0.2078853046594982,0,0.2112531969309463,0.0033678922714480974,3906,3910,corrected_baseline
Mouse,POLYIC_20190612_polyic___E3_P1_1,x,6,3.1999998807907124,2,0.17665130568356374,1,0.1815856777493606,0.00493437206579686,3906,3910,corrected_baseline
Mouse,POLYIC_20190612_polyic___E3_P1_1,x,7,3.1999998807907124,0,0.1538658474142345,6,0.16291560102301791,0.009049753608783406,3906,3910,corrected_baseline
Mouse,POLYIC_20190612_polyic___E3_P1_1,x,8,3.1999998807907124,4,0.13645673323092677,1,0.14680306905370843,0.01034633582278166,3906,3910,corrected_baseline
Mouse,POLYIC_20190612_polyic___E3_P1_1,y,2,4.999999925494195,0,0.506632277081798,0,0.5169712793733682,0.010339002291570143,5428,5362,corrected_baseline
Mouse,POLYIC_20190612_polyic___E3_P1_1,y,3,4.999999925494195,0,0.34579955784819455,2,0.36572174561730697,0.01992218776911242,5428,5362,corrected_baseline
Mouse,POLYIC_20190612_polyic___E3_P1_1,y,4,4.999999925494195,2,0.26160648489314664,0,0.2864602760164118,0.024853791123265134,5428,5362,corrected_baseline
Mouse,POLYIC_20190612_polyic___E3_P1_1,y,5,4.999999925494195,3,0.22512896094325718,0,0.52088772845953,0.29575876751627284,5428,5362,corrected_baseline
Mouse,POLYIC_20190612_polyic___E3_P1_1,y,6,4.999999925494195,3,0.183861459100958,2,0.19526296158149944,0.011401502480541448,5428,5362,corrected_baseline
Mouse,POLYIC_20190612_polyic___E3_P1_1,y,7,4.999999925494195,1,0.1575165806927045,5,0.1876165609847072,0.030099980292002698,5428,5362,corrected_baseline
Mouse,POLYIC_20190612_polyic___E3_P1_1,y,8,4.999999925494195,2,0.1331982313927782,1,0.2154046997389034,0.08220646834612519,5428,5362,corrected_baseline
Mouse,POLYIC_20190612_polyic___E3_P1_1,x,2,3.1999998807907124,0,0.5053763440860215,0,0.5270203272186416,0.02164398313262006,3906,4034,level0
Mouse,POLYIC_20190612_polyic___E3_P1_1,x,3,3.1999998807907124,1,0.3420378904249872,1,0.3430837878036688,0.001045897378681604,3906,4034,level0
Mouse,POLYIC_20190612_polyic___E3_P1_1,x,4,3.1999998807907124,0,0.2721454173067076,0,0.2714427367377293,-0.00070268056897832,3906,4034,level0
Mouse,POLYIC_20190612_polyic___E3_P1_1,x,5,3.1999998807907124,0,0.2078853046594982,1,0.20823004462072384,0.00034473996122563744,3906,4034,level0
Mouse,POLYIC_20190612_polyic___E3_P1_1,x,6,3.1999998807907124,2,0.17665130568356374,4,0.18096182449181952,0.004310518808255781,3906,4034,level0
Mouse,POLYIC_20190612_polyic___E3_P1_1,x,7,3.1999998807907124,0,0.1538658474142345,1,0.15195835399107585,-0.0019074934231586571,3906,4034,level0
Mouse,POLYIC_20190612_polyic___E3_P1_1,x,8,3.1999998807907124,4,0.13645673323092677,2,0.1405552801189886,0.004098546888061827,3906,4034,level0
Mouse,POLYIC_20190612_polyic___E3_P1_1,y,2,4.999999925494195,0,0.506632277081798,0,0.5171776874769117,0.010545410395113697,5428,5414,level0
Mouse,POLYIC_20190612_polyic___E3_P1_1,y,3,4.999999925494195,0,0.34579955784819455,2,0.3788326560768378,0.033033098228643254,5428,5414,level0
Mouse,POLYIC_20190612_polyic___E3_P1_1,y,4,4.999999925494195,2,0.26160648489314664,0,0.2787218322866642,0.017115347393517555,5428,5414,level0
Mouse,POLYIC_20190612_polyic___E3_P1_1,y,5,4.999999925494195,3,0.22512896094325718,0,0.5155153306243073,0.29038636968105014,5428,5414,level0
Mouse,POLYIC_20190612_polyic___E3_P1_1,y,6,4.999999925494195,3,0.183861459100958,2,0.19597340229035834,0.012111943189400343,5428,5414,level0
Mouse,POLYIC_20190612_polyic___E3_P1_1,y,7,4.999999925494195,1,0.1575165806927045,5,0.18507572958995197,0.027559148897247476,5428,5414,level0
Mouse,POLYIC_20190612_polyic___E3_P1_1,y,8,4.999999925494195,2,0.1331982313927782,6,0.21462874030291837,0.08143050891014017,5428,5414,level0
Mouse,POLYIC_20190612_polyic___E3_P1_2,x,2,3.1999998807907124,1,0.5095311695002576,1,0.5117739403453689,0.002242770845111375,3882,3822,corrected_baseline
Mouse,POLYIC_20190612_polyic___E3_P1_2,x,3,3.1999998807907124,1,0.34028851107676455,1,0.33647305075876505,-0.0038154603179995084,3882,3822,corrected_baseline
Mouse,POLYIC_20190612_polyic___E3_P1_2,x,4,3.1999998807907124,3,0.2691911385883565,2,0.260858189429618,-0.0083329491587385,3882,3822,corrected_baseline
Mouse,POLYIC_20190612_polyic___E3_P1_2,x,5,3.1999998807907124,4,0.21432251416795467,3,0.2119309262166405,-0.002391587951314167,3882,3822,corrected_baseline
Mouse,POLYIC_20190612_polyic___E3_P1_2,x,6,3.1999998807907124,4,0.1736218444100979,5,0.18210361067503925,0.008481766264941348,3882,3822,corrected_baseline
Mouse,POLYIC_20190612_polyic___E3_P1_2,x,7,3.1999998807907124,6,0.157908294693457,4,0.15567765567765568,-0.002230639015801311,3882,3822,corrected_baseline
Mouse,POLYIC_20190612_polyic___E3_P1_2,x,8,3.1999998807907124,7,0.13523956723338484,2,0.13788592360020932,0.002646356366824476,3882,3822,corrected_baseline
Mouse,POLYIC_20190612_polyic___E3_P1_2,y,2,4.999999925494195,1,0.5003765060240963,1,0.5133384146341463,0.012961908610049977,5312,5248,corrected_baseline
Mouse,POLYIC_20190612_polyic___E3_P1_2,y,3,4.999999925494195,1,0.35033885542168675,0,0.4289253048780488,0.07858644945636206,5312,5248,corrected_baseline
Mouse,POLYIC_20190612_polyic___E3_P1_2,y,4,4.999999925494195,2,0.25432981927710846,2,0.28772865853658536,0.0333988392594769,5312,5248,corrected_baseline
Mouse,POLYIC_20190612_polyic___E3_P1_2,y,5,4.999999925494195,1,0.24021084337349397,0,0.5470655487804879,0.3068547054069939,5312,5248,corrected_baseline
Mouse,POLYIC_20190612_polyic___E3_P1_2,y,6,4.999999925494195,1,0.17789909638554216,3,0.22217987804878048,0.04428078166323832,5312,5248,corrected_baseline
Mouse,POLYIC_20190612_polyic___E3_P1_2,y,7,4.999999925494195,0,0.16453313253012047,0,0.19283536585365854,0.028302233323538067,5312,5248,corrected_baseline
Mouse,POLYIC_20190612_polyic___E3_P1_2,y,8,4.999999925494195,3,0.14966114457831325,1,0.17797256097560976,0.028311416397296507,5312,5248,corrected_baseline
Mouse,POLYIC_20190612_polyic___E3_P1_2,x,2,3.1999998807907124,1,0.5095311695002576,0,0.501961745953899,-0.007569423546358589,3882,4078,level0
Mouse,POLYIC_20190612_polyic___E3_P1_2,x,3,3.1999998807907124,1,0.34028851107676455,2,0.35311427170181464,0.012825760625050087,3882,4078,level0
Mouse,POLYIC_20190612_polyic___E3_P1_2,x,4,3.1999998807907124,3,0.2691911385883565,0,0.254291319274154,-0.014899819314202534,3882,4078,level0
Mouse,POLYIC_20190612_polyic___E3_P1_2,x,5,3.1999998807907124,4,0.21432251416795467,2,0.2126042177538009,-0.0017182964141537749,3882,4078,level0
Mouse,POLYIC_20190612_polyic___E3_P1_2,x,6,3.1999998807907124,4,0.1736218444100979,5,0.1782736635605689,0.004651819150470998,3882,4078,level0
Mouse,POLYIC_20190612_polyic___E3_P1_2,x,7,3.1999998807907124,6,0.157908294693457,4,0.16699362432564982,0.009085329632192829,3882,4078,level0
Mouse,POLYIC_20190612_polyic___E3_P1_2,x,8,3.1999998807907124,7,0.13523956723338484,1,0.1407552721922511,0.0055157049588662466,3882,4078,level0
Mouse,POLYIC_20190612_polyic___E3_P1_2,y,2,4.999999925494195,1,0.5003765060240963,1,0.5043893129770992,0.004012806953002879,5312,5240,level0
Mouse,POLYIC_20190612_polyic___E3_P1_2,y,3,4.999999925494195,1,0.35033885542168675,0,0.4349236641221374,0.08458480870045065,5312,5240,level0
Mouse,POLYIC_20190612_polyic___E3_P1_2,y,4,4.999999925494195,2,0.25432981927710846,2,0.2969465648854962,0.04261674560838774,5312,5240,level0
Mouse,POLYIC_20190612_polyic___E3_P1_2,y,5,4.999999925494195,1,0.24021084337349397,0,0.5395038167938931,0.2992929734203992,5312,5240,level0
Mouse,POLYIC_20190612_polyic___E3_P1_2,y,6,4.999999925494195,1,0.17789909638554216,3,0.21774809160305345,0.039848995217511285,5312,5240,level0
Mouse,POLYIC_20190612_polyic___E3_P1_2,y,7,4.999999925494195,0,0.16453313253012047,0,0.18129770992366412,0.016764577393543645,5312,5240,level0
Mouse,POLYIC_20190612_polyic___E3_P1_2,y,8,4.999999925494195,3,0.14966114457831325,4,0.16812977099236642,0.01846862641405317,5312,5240,level0
Mouse,POLYIC_20190612_polyic___E3_P1_3,x,2,3.1999998807907124,0,0.5095508518327311,1,0.5238469601677149,0.014296108334983848,3874,3816,corrected_baseline
Mouse,POLYIC_20190612_polyic___E3_P1_3,x,3,3.1999998807907124,2,0.3435725348477026,2,0.33831236897274636,-0.005260165874956257,3874,3816,corrected_baseline
Mouse,POLYIC_20190612_polyic___E3_P1_3,x,4,3.1999998807907124,2,0.2607124419204956,1,0.26808176100628933,0.007369319085793746,3874,3816,corrected_baseline
Mouse,POLYIC_20190612_polyic___E3_P1_3,x,5,3.1999998807907124,3,0.2106350025813113,0,0.21016771488469602,-0.00046728769661527614,3874,3816,corrected_baseline
Mouse,POLYIC_20190612_polyic___E3_P1_3,x,6,3.1999998807907124,5,0.18172431595250388,5,0.18920335429769392,0.007479038345190037,3874,3816,corrected_baseline
Mouse,POLYIC_20190612_polyic___E3_P1_3,x,7,3.1999998807907124,3,0.1590087764584409,4,0.17033542976939203,0.011326653310951146,3874,3816,corrected_baseline
Mouse,POLYIC_20190612_polyic___E3_P1_3,x,8,3.1999998807907124,2,0.14352090862157976,1,0.15539832285115304,0.01187741422957328,3874,3816,corrected_baseline
Mouse,POLYIC_20190612_polyic___E3_P1_3,y,2,4.999999925494195,0,0.5051078320090806,0,0.5568873668188736,0.051779534809793026,5286,5256,corrected_baseline
Mouse,POLYIC_20190612_polyic___E3_P1_3,y,3,4.999999925494195,0,0.34808929247067727,0,0.4549086757990868,0.10681938332840951,5286,5256,corrected_baseline
Mouse,POLYIC_20190612_polyic___E3_P1_3,y,4,4.999999925494195,2,0.2616345062429058,2,0.3365677321156773,0.07493322587277151,5286,5256,corrected_baseline
Mouse,POLYIC_20190612_polyic___E3_P1_3,y,5,4.999999925494195,4,0.2132046916382898,0,0.5319634703196348,0.31875877868134495,5286,5256,corrected_baseline
Mouse,POLYIC_20190612_polyic___E3_P1_3,y,6,4.999999925494195,4,0.17896329928111995,0,0.2638888888888889,0.08492558960776894,5286,5256,corrected_baseline
Mouse,POLYIC_20190612_polyic___E3_P1_3,y,7,4.999999925494195,3,0.18671963677639047,3,0.18683409436834095,0.00011445759195047311,5286,5256,corrected_baseline
Mouse,POLYIC_20190612_polyic___E3_P1_3,y,8,4.999999925494195,6,0.15966704502459325,6,0.21556316590563165,0.0558961208810384,5286,5256,corrected_baseline
Mouse,POLYIC_20190612_polyic___E3_P1_3,x,2,3.1999998807907124,0,0.5095508518327311,1,0.508390918065153,-0.0011599337675780585,3874,4052,level0
Mouse,POLYIC_20190612_polyic___E3_P1_3,x,3,3.1999998807907124,2,0.3435725348477026,0,0.35118460019743336,0.0076120653497307456,3874,4052,level0
Mouse,POLYIC_20190612_polyic___E3_P1_3,x,4,3.1999998807907124,2,0.2607124419204956,1,0.2662882527147088,0.00557581079421321,3874,4052,level0
Mouse,POLYIC_20190612_polyic___E3_P1_3,x,5,3.1999998807907124,3,0.2106350025813113,1,0.21890424481737414,0.008269242236062846,3874,4052,level0
Mouse,POLYIC_20190612_polyic___E3_P1_3,x,6,3.1999998807907124,5,0.18172431595250388,3,0.18756169792694966,0.005837381974445777,3874,4052,level0
Mouse,POLYIC_20190612_polyic___E3_P1_3,x,7,3.1999998807907124,3,0.1590087764584409,4,0.15177690029615004,-0.007231876162290846,3874,4052,level0
Mouse,POLYIC_20190612_polyic___E3_P1_3,x,8,3.1999998807907124,2,0.14352090862157976,1,0.15572556762092793,0.012204658999348167,3874,4052,level0
Mouse,POLYIC_20190612_polyic___E3_P1_3,y,2,4.999999925494195,0,0.5051078320090806,0,0.5514231499051233,0.04631531789604271,5286,5270,level0
Mouse,POLYIC_20190612_polyic___E3_P1_3,y,3,4.999999925494195,0,0.34808929247067727,0,0.43624288425047436,0.08815359177979709,5286,5270,level0
Mouse,POLYIC_20190612_polyic___E3_P1_3,y,4,4.999999925494195,2,0.2616345062429058,2,0.3144212523719165,0.052786746129010687,5286,5270,level0
Mouse,POLYIC_20190612_polyic___E3_P1_3,y,5,4.999999925494195,4,0.2132046916382898,0,0.5199240986717267,0.3067194070334369,5286,5270,level0
Mouse,POLYIC_20190612_polyic___E3_P1_3,y,6,4.999999925494195,4,0.17896329928111995,0,0.2500948766603416,0.07113157737922163,5286,5270,level0
Mouse,POLYIC_20190612_polyic___E3_P1_3,y,7,4.999999925494195,3,0.18671963677639047,3,0.17552182163187854,-0.01119781514451193,5286,5270,level0
Mouse,POLYIC_20190612_polyic___E3_P1_3,y,8,4.999999925494195,6,0.15966704502459325,6,0.19582542694497154,0.03615838192037829,5286,5270,level0
Mouse,POLYIC_20190612_polyic___E3_P1_4,x,2,3.1999998807907124,1,0.5167871900826446,0,0.524422268907563,0.007635078824918429,3872,3808,corrected_baseline
Mouse,POLYIC_20190612_polyic___E3_P1_4,x,3,3.1999998807907124,1,0.34581611570247933,0,0.3387605042016807,-0.007055611500798642,3872,3808,corrected_baseline
Mouse,POLYIC_20190612_polyic___E3_P1_4,x,4,3.1999998807907124,3,0.265754132231405,0,0.2773109243697479,0.01155679213834293,3872,3808,corrected_baseline
Mouse,POLYIC_20190612_polyic___E3_P1_4,x,5,3.1999998807907124,1,0.21074380165289255,1,0.23030462184873948,0.01956082019584693,3872,3808,corrected_baseline
Mouse,POLYIC_20190612_polyic___E3_P1_4,x,6,3.1999998807907124,3,0.1846590909090909,4,0.19353991596638656,0.00888082505729565,3872,3808,corrected_baseline
Mouse,POLYIC_20190612_polyic___E3_P1_4,x,7,3.1999998807907124,4,0.16451446280991736,3,0.16938025210084034,0.004865789290922989,3872,3808,corrected_baseline
Mouse,POLYIC_20190612_polyic___E3_P1_4,x,8,3.1999998807907124,7,0.14514462809917356,0,0.15414915966386555,0.009004531564691998,3872,3808,corrected_baseline
Mouse,POLYIC_20190612_polyic___E3_P1_4,y,2,4.999999925494195,1,0.5001888217522659,1,0.5539664378337147,0.05377761608144882,5296,5244,corrected_baseline
Mouse,POLYIC_20190612_polyic___E3_P1_4,y,3,4.999999925494195,0,0.35139728096676737,2,0.36079328756674295,0.009396006599975582,5296,5244,corrected_baseline
Mouse,POLYIC_20190612_polyic___E3_P1_4,y,4,4.999999925494195,2,0.2617069486404834,3,0.3016781083142639,0.03997115967378051,5296,5244,corrected_baseline
Mouse,POLYIC_20190612_polyic___E3_P1_4,y,5,4.999999925494195,3,0.21695619335347432,0,0.5249809305873379,0.30802473723386353,5296,5244,corrected_baseline
Mouse,POLYIC_20190612_polyic___E3_P1_4,y,6,4.999999925494195,0,0.19373111782477342,5,0.21033562166285277,0.01660450383807935,5296,5244,corrected_baseline
Mouse,POLYIC_20190612_polyic___E3_P1_4,y,7,4.999999925494195,6,0.16389728096676737,4,0.17620137299771166,0.012304092030944291,5296,5244,corrected_baseline
Mouse,POLYIC_20190612_polyic___E3_P1_4,y,8,4.999999925494195,1,0.15351208459214502,1,0.2143401983218917,0.06082811372974667,5296,5244,corrected_baseline
Mouse,POLYIC_20190612_polyic___E3_P1_4,x,2,3.1999998807907124,1,0.5167871900826446,0,0.5199700449326011,0.003182854849956507,3872,4006,level0
Mouse,POLYIC_20190612_polyic___E3_P1_4,x,3,3.1999998807907124,1,0.34581611570247933,1,0.36145781328007986,0.015641697577600533,3872,4006,level0
Mouse,POLYIC_20190612_polyic___E3_P1_4,x,4,3.1999998807907124,3,0.265754132231405,0,0.27159261108337496,0.005838478851969975,3872,4006,level0
Mouse,POLYIC_20190612_polyic___E3_P1_4,x,5,3.1999998807907124,1,0.21074380165289255,1,0.20693959061407888,-0.0038042110388136763,3872,4006,level0
Mouse,POLYIC_20190612_polyic___E3_P1_4,x,6,3.1999998807907124,3,0.1846590909090909,4,0.1982026959560659,0.013543605046974994,3872,4006,level0
Mouse,POLYIC_20190612_polyic___E3_P1_4,x,7,3.1999998807907124,4,0.16451446280991736,5,0.15351972041937095,-0.010994742390546403,3872,4006,level0
Mouse,POLYIC_20190612_polyic___E3_P1_4,x,8,3.1999998807907124,7,0.14514462809917356,0,0.15002496255616576,0.004880334456992208,3872,4006,level0
Mouse,POLYIC_20190612_polyic___E3_P1_4,y,2,4.999999925494195,1,0.5001888217522659,1,0.551769578313253,0.05158075656098715,5296,5312,level0
Mouse,POLYIC_20190612_polyic___E3_P1_4,y,3,4.999999925494195,0,0.35139728096676737,2,0.3979668674698795,0.04656958650311216,5296,5312,level0
Mouse,POLYIC_20190612_polyic___E3_P1_4,y,4,4.999999925494195,2,0.2617069486404834,3,0.31362951807228917,0.05192256943180579,5296,5312,level0
Mouse,POLYIC_20190612_polyic___E3_P1_4,y,5,4.999999925494195,3,0.21695619335347432,0,0.5412274096385542,0.3242712162850799,5296,5312,level0
Mouse,POLYIC_20190612_polyic___E3_P1_4,y,6,4.999999925494195,0,0.19373111782477342,5,0.2317394578313253,0.03800834000655187,5296,5312,level0
Mouse,POLYIC_20190612_polyic___E3_P1_4,y,7,4.999999925494195,6,0.16389728096676737,4,0.18298192771084337,0.019084646744076006,5296,5312,level0
Mouse,POLYIC_20190612_polyic___E3_P1_4,y,8,4.999999925494195,1,0.15351208459214502,1,0.19841867469879518,0.04490659010665016,5296,5312,level0
Mouse,POLYIC_20190614_polyic___E3_P1,x,2,3.1999998807907124,0,0.5055499495459133,0,0.5064432989690721,0.0008933494231588845,3964,3880,corrected_baseline
Mouse,POLYIC_20190614_polyic___E3_P1,x,3,3.1999998807907124,0,0.3360242179616549,2,0.34536082474226804,0.009336606780613155,3964,3880,corrected_baseline
Mouse,POLYIC_20190614_polyic___E3_P1,x,4,3.1999998807907124,0,0.2626135216952573,2,0.2533505154639175,-0.009263006231339799,3964,3880,corrected_baseline
Mouse,POLYIC_20190614_polyic___E3_P1,x,5,3.1999998807907124,4,0.21619576185671038,4,0.21649484536082475,0.0002990835041143669,3964,3880,corrected_baseline
Mouse,POLYIC_20190614_polyic___E3_P1,x,6,3.1999998807907124,1,0.17734611503531786,2,0.17860824742268042,0.0012621323873625578,3964,3880,corrected_baseline
Mouse,POLYIC_20190614_polyic___E3_P1,x,7,3.1999998807907124,6,0.16321897073662966,6,0.16804123711340208,0.0048222663767724105,3964,3880,corrected_baseline
Mouse,POLYIC_20190614_polyic___E3_P1,x,8,3.1999998807907124,4,0.13420787083753785,4,0.1420103092783505,0.007802438440812659,3964,3880,corrected_baseline
Mouse,POLYIC_20190614_polyic___E3_P1,y,2,4.999999925494195,0,0.5027462467960454,1,0.5229714709151537,0.02022522411910832,5462,5398,corrected_baseline
Mouse,POLYIC_20190614_polyic___E3_P1,y,3,4.999999925494195,2,0.34328084950567556,2,0.4216376435716932,0.07835679406601764,5462,5398,corrected_baseline
Mouse,POLYIC_20190614_polyic___E3_P1,y,4,4.999999925494195,2,0.25851336506774075,3,0.2841793256761764,0.025665960608435623,5462,5398,corrected_baseline
Mouse,POLYIC_20190614_polyic___E3_P1,y,5,4.999999925494195,3,0.2255584035151959,0,0.5414968506854391,0.31593844717024316,5462,5398,corrected_baseline
Mouse,POLYIC_20190614_polyic___E3_P1,y,6,4.999999925494195,2,0.17777370926400585,5,0.2198962578732864,0.04212254860928055,5462,5398,corrected_baseline
Mouse,POLYIC_20190614_polyic___E3_P1,y,7,4.999999925494195,0,0.18454778469425118,5,0.18080770655798445,-0.003740078136266728,5462,5398,corrected_baseline
Mouse,POLYIC_20190614_polyic___E3_P1,y,8,4.999999925494195,2,0.1508604906627609,1,0.21174509077436088,0.06088460011159999,5462,5398,corrected_baseline
Mouse,POLYIC_20190614_polyic___E3_P1,x,2,3.1999998807907124,0,0.5055499495459133,1,0.5069721115537849,0.0014221620078715969,3964,4016,level0
Mouse,POLYIC_20190614_polyic___E3_P1,x,3,3.1999998807907124,0,0.3360242179616549,0,0.35184262948207173,0.015818411520416853,3964,4016,level0
Mouse,POLYIC_20190614_polyic___E3_P1,x,4,3.1999998807907124,0,0.2626135216952573,3,0.2644422310756972,0.0018287093804398857,3964,4016,level0
Mouse,POLYIC_20190614_polyic___E3_P1,x,5,3.1999998807907124,4,0.21619576185671038,4,0.21588645418326693,-0.00030930767344344856,3964,4016,level0
Mouse,POLYIC_20190614_polyic___E3_P1,x,6,3.1999998807907124,1,0.17734611503531786,3,0.17928286852589642,0.0019367534905785633,3964,4016,level0
Mouse,POLYIC_20190614_polyic___E3_P1,x,7,3.1999998807907124,6,0.16321897073662966,5,0.162101593625498,-0.0011173771111316622,3964,4016,level0
Mouse,POLYIC_20190614_polyic___E3_P1,x,8,3.1999998807907124,4,0.13420787083753785,3,0.13919322709163345,0.004985356254095602,3964,4016,level0
Mouse,POLYIC_20190614_polyic___E3_P1,y,2,4.999999925494195,0,0.5027462467960454,1,0.5273264401772526,0.024580193381207205,5462,5416,level0
Mouse,POLYIC_20190614_polyic___E3_P1,y,3,4.999999925494195,2,0.34328084950567556,2,0.42522156573116693,0.08194071622549137,5462,5416,level0
Mouse,POLYIC_20190614_polyic___E3_P1,y,4,4.999999925494195,2,0.25851336506774075,3,0.2941285081240768,0.03561514305633606,5462,5416,level0
Mouse,POLYIC_20190614_polyic___E3_P1,y,5,4.999999925494195,3,0.2255584035151959,0,0.5197562776957164,0.2941978741805205,5462,5416,level0
Mouse,POLYIC_20190614_polyic___E3_P1,y,6,4.999999925494195,2,0.17777370926400585,5,0.2247045790251108,0.04693086976110494,5462,5416,level0
Mouse,POLYIC_20190614_polyic___E3_P1,y,7,4.999999925494195,0,0.18454778469425118,5,0.18076070901033972,-0.003787075683911456,5462,5416,level0
Mouse,POLYIC_20190614_polyic___E3_P1,y,8,4.999999925494195,2,0.1508604906627609,1,0.19903988183161003,0.048179391168849145,5462,5416,level0
Mouse,POLYIC_20190614_polyic___E3_P1_1,x,2,3.1999998807907124,0,0.5,0,0.5078201368523949,0.00782013685239491,4142,4092,corrected_baseline
Mouse,POLYIC_20190614_polyic___E3_P1_1,x,3,3.1999998807907124,0,0.34282955094157413,1,0.34946236559139787,0.006632814649823737,4142,4092,corrected_baseline
Mouse,POLYIC_20190614_polyic___E3_P1_1,x,4,3.1999998807907124,3,0.26050217286335103,0,0.26392961876832843,0.0034274459049773998,4142,4092,corrected_baseline
Mouse,POLYIC_20190614_polyic___E3_P1_1,x,5,3.1999998807907124,3,0.21173346209560598,3,0.20576735092864126,-0.005966111166964716,4142,4092,corrected_baseline
Mouse,POLYIC_20190614_polyic___E3_P1_1,x,6,3.1999998807907124,3,0.1731047802993723,4,0.18597262952101662,0.012867849221644329,4142,4092,corrected_baseline
Mouse,POLYIC_20190614_polyic___E3_P1_1,x,7,3.1999998807907124,1,0.1571704490584259,1,0.1627565982404692,0.00558614918204331,4142,4092,corrected_baseline
Mouse,POLYIC_20190614_polyic___E3_P1_1,x,8,3.1999998807907124,4,0.1417189763399324,4,0.1424731182795699,0.0007541419396374927,4142,4092,corrected_baseline
Mouse,POLYIC_20190614_polyic___E3_P1_1,y,2,4.999999925494195,0,0.515011119347665,1,0.5408618127786032,0.025850693430938265,5396,5384,corrected_baseline
Mouse,POLYIC_20190614_polyic___E3_P1_1,y,3,4.999999925494195,0,0.33821349147516677,2,0.3887444279346211,0.050530936459454334,5396,5384,corrected_baseline
Mouse,POLYIC_20190614_polyic___E3_P1_1,y,4,4.999999925494195,2,0.2629725722757598,3,0.29569093610698366,0.03271836383122384,5396,5384,corrected_baseline
Mouse,POLYIC_20190614_polyic___E3_P1_1,y,5,4.999999925494195,1,0.21830985915492956,0,0.5226597325408618,0.3043498733859323,5396,5384,corrected_baseline
Mouse,POLYIC_20190614_polyic___E3_P1_1,y,6,4.999999925494195,0,0.17920681986656783,5,0.20765230312035662,0.02844548325378879,5396,5384,corrected_baseline
Mouse,POLYIC_20190614_polyic___E3_P1_1,y,7,4.999999925494195,5,0.16215715344699777,4,0.18443536404160477,0.022278210594606995,5396,5384,corrected_baseline
Mouse,POLYIC_20190614_polyic___E3_P1_1,y,8,4.999999925494195,0,0.14733135656041513,1,0.1887072808320951,0.041375924271679965,5396,5384,corrected_baseline
Mouse,POLYIC_20190614_polyic___E3_P1_1,x,2,3.1999998807907124,0,0.5,0,0.5087885985748218,0.008788598574821838,4142,4210,level0
Mouse,POLYIC_20190614_polyic___E3_P1_1,x,3,3.1999998807907124,0,0.34282955094157413,1,0.36152019002375296,0.018690639082178828,4142,4210,level0
Mouse,POLYIC_20190614_polyic___E3_P1_1,x,4,3.1999998807907124,3,0.26050217286335103,2,0.2648456057007126,0.004343432837361549,4142,4210,level0
Mouse,POLYIC_20190614_polyic___E3_P1_1,x,5,3.1999998807907124,3,0.21173346209560598,1,0.20831353919239906,-0.003419922903206918,4142,4210,level0
Mouse,POLYIC_20190614_polyic___E3_P1_1,x,6,3.1999998807907124,3,0.1731047802993723,4,0.1876484560570071,0.014543675757634822,4142,4210,level0
Mouse,POLYIC_20190614_polyic___E3_P1_1,x,7,3.1999998807907124,1,0.1571704490584259,0,0.15676959619952494,-0.00040085285890095745,4142,4210,level0
Mouse,POLYIC_20190614_polyic___E3_P1_1,x,8,3.1999998807907124,4,0.1417189763399324,2,0.14394299287410928,0.0022240165341768647,4142,4210,level0
Mouse,POLYIC_20190614_polyic___E3_P1_1,y,2,4.999999925494195,0,0.515011119347665,1,0.5576139310855872,0.04260281173792224,5396,5398,level0
Mouse,POLYIC_20190614_polyic___E3_P1_1,y,3,4.999999925494195,0,0.33821349147516677,2,0.3934790663208596,0.05526557484569283,5396,5398,level0
Mouse,POLYIC_20190614_polyic___E3_P1_1,y,4,4.999999925494195,2,0.2629725722757598,3,0.30603927380511303,0.04306670152935321,5396,5398,level0
Mouse,POLYIC_20190614_polyic___E3_P1_1,y,5,4.999999925494195,1,0.21830985915492956,0,0.536494998147462,0.3181851389925325,5396,5398,level0
Mouse,POLYIC_20190614_polyic___E3_P1_1,y,6,4.999999925494195,0,0.17920681986656783,5,0.2160059281215265,0.03679910825495866,5396,5398,level0
Mouse,POLYIC_20190614_polyic___E3_P1_1,y,7,4.999999925494195,5,0.16215715344699777,4,0.1856243052982586,0.02346715185126083,5396,5398,level0
Mouse,POLYIC_20190614_polyic___E3_P1_1,y,8,4.999999925494195,0,0.14733135656041513,1,0.1778436457947388,0.03051228923432367,5396,5398,level0
Mouse,POLYIC_20190614_polyic___E3_P1_3,x,2,3.1999998807907124,0,0.5045982575024202,1,0.5033637674195098,-0.0012344900829103223,4132,4162,corrected_baseline
Mouse,POLYIC_20190614_polyic___E3_P1_3,x,3,3.1999998807907124,1,0.340513068731849,0,0.34478616049975974,0.004273091767910742,4132,4162,corrected_baseline
Mouse,POLYIC_20190614_polyic___E3_P1_3,x,4,3.1999998807907124,0,0.2596805421103582,3,0.270783277270543,0.01110273516018484,4132,4162,corrected_baseline
Mouse,POLYIC_20190614_polyic___E3_P1_3,x,5,3.1999998807907124,2,0.207405614714424,2,0.2102354637193657,0.0028298490049416813,4132,4162,corrected_baseline
Mouse,POLYIC_20190614_polyic___E3_P1_3,x,6,3.1999998807907124,1,0.1749757986447241,0,0.17515617491590582,0.00018037627118172583,4132,4162,corrected_baseline
Mouse,POLYIC_20190614_polyic___E3_P1_3,x,7,3.1999998807907124,0,0.14666021297192644,5,0.15377222489187892,0.007112011919952477,4132,4162,corrected_baseline
Mouse,POLYIC_20190614_polyic___E3_P1_3,x,8,3.1999998807907124,4,0.12996127783155856,3,0.14103796251802017,0.011076684686461613,4132,4162,corrected_baseline
Mouse,POLYIC_20190614_polyic___E3_P1_3,y,2,4.999999925494195,0,0.503968253968254,1,0.5075386355069732,0.0035703815387192472,5292,5306,corrected_baseline
Mouse,POLYIC_20190614_polyic___E3_P1_3,y,3,4.999999925494195,0,0.33843537414965985,2,0.3590275160196005,0.020592141869940628,5292,5306,corrected_baseline
Mouse,POLYIC_20190614_polyic___E3_P1_3,y,4,4.999999925494195,2,0.25321239606953894,3,0.26102525442894836,0.007812858359409425,5292,5306,corrected_baseline
Mouse,POLYIC_20190614_polyic___E3_P1_3,y,5,4.999999925494195,1,0.21863189720332576,0,0.5343007915567283,0.3156688943534025,5292,5306,corrected_baseline
Mouse,POLYIC_20190614_polyic___E3_P1_3,y,6,4.999999925494195,0,0.17970521541950113,0,0.18149264983038071,0.0017874344108795848,5292,5306,corrected_baseline
Mouse,POLYIC_20190614_polyic___E3_P1_3,y,7,4.999999925494195,3,0.15684051398337112,3,0.1752732755371278,0.01843276155375667,5292,5306,corrected_baseline
Mouse,POLYIC_20190614_polyic___E3_P1_3,y,8,4.999999925494195,4,0.13624338624338625,6,0.14455333584621183,0.008309949602825578,5292,5306,corrected_baseline
Mouse,POLYIC_20190614_polyic___E3_P1_3,x,2,3.1999998807907124,0,0.5045982575024202,1,0.5113216266173752,0.00672336911495508,4132,4328,level0
Mouse,POLYIC_20190614_polyic___E3_P1_3,x,3,3.1999998807907124,1,0.340513068731849,1,0.3505083179297597,0.009995249197910727,4132,4328,level0
Mouse,POLYIC_20190614_polyic___E3_P1_3,x,4,3.1999998807907124,0,0.2596805421103582,3,0.26455637707948243,0.004875834969124249,4132,4328,level0
Mouse,POLYIC_20190614_polyic___E3_P1_3,x,5,3.1999998807907124,2,0.207405614714424,2,0.21788354898336415,0.010477934268940142,4132,4328,level0
Mouse,POLYIC_20190614_polyic___E3_P1_3,x,6,3.1999998807907124,1,0.1749757986447241,1,0.19015711645101663,0.015181317806292532,4132,4328,level0
Mouse,POLYIC_20190614_polyic___E3_P1_3,x,7,3.1999998807907124,0,0.14666021297192644,0,0.15480591497227356,0.008145702000347116,4132,4328,level0
Mouse,POLYIC_20190614_polyic___E3_P1_3,x,8,3.1999998807907124,4,0.12996127783155856,7,0.13585951940850277,0.005898241576944213,4132,4328,level0
Mouse,POLYIC_20190614_polyic___E3_P1_3,y,2,4.999999925494195,0,0.503968253968254,1,0.5119137670196672,0.007945513051413222,5292,5288,level0
Mouse,POLYIC_20190614_polyic___E3_P1_3,y,3,4.999999925494195,0,0.33843537414965985,2,0.3789712556732224,0.04053588152356252,5292,5288,level0
Mouse,POLYIC_20190614_polyic___E3_P1_3,y,4,4.999999925494195,2,0.25321239606953894,3,0.2675869894099849,0.01437459334044594,5292,5288,level0
Mouse,POLYIC_20190614_polyic___E3_P1_3,y,5,4.999999925494195,1,0.21863189720332576,0,0.5245839636913767,0.30595206648805096,5292,5288,level0
Mouse,POLYIC_20190614_polyic___E3_P1_3,y,6,4.999999925494195,0,0.17970521541950113,2,0.19005295007564296,0.010347734656141833,5292,5288,level0
Mouse,POLYIC_20190614_polyic___E3_P1_3,y,7,4.999999925494195,3,0.15684051398337112,1,0.1707639939485628,0.013923479965191665,5292,5288,level0
Mouse,POLYIC_20190614_polyic___E3_P1_3,y,8,4.999999925494195,4,0.13624338624338625,3,0.13993948562783662,0.0036960993844503687,5292,5288,level0
Mouse,POLYIC_20190614_polyic___E3_P1_4,x,2,3.1999998807907124,1,0.502906976744186,1,0.5174618789965568,0.014554902252370772,4128,4066,corrected_baseline
Mouse,POLYIC_20190614_polyic___E3_P1_4,x,3,3.1999998807907124,2,0.34689922480620156,1,0.3462862764387605,-0.0006129483674410796,4128,4066,corrected_baseline
Mouse,POLYIC_20190614_polyic___E3_P1_4,x,4,3.1999998807907124,3,0.25775193798449614,3,0.2683226758484998,0.010570737864003643,4128,4066,corrected_baseline
Mouse,POLYIC_20190614_polyic___E3_P1_4,x,5,3.1999998807907124,4,0.20687984496124032,4,0.21298573536645352,0.006105890405213199,4128,4066,corrected_baseline
Mouse,POLYIC_20190614_polyic___E3_P1_4,x,6,3.1999998807907124,5,0.17829457364341086,5,0.1792916871618298,0.0009971135184189406,4128,4066,corrected_baseline
Mouse,POLYIC_20190614_polyic___E3_P1_4,x,7,3.1999998807907124,0,0.14898255813953487,6,0.15789473684210525,0.008912178702570384,4128,4066,corrected_baseline
Mouse,POLYIC_20190614_polyic___E3_P1_4,x,8,3.1999998807907124,3,0.13275193798449614,3,0.14289227742252827,0.010140339438032137,4128,4066,corrected_baseline
Mouse,POLYIC_20190614_polyic___E3_P1_4,y,2,4.999999925494195,1,0.50202131569276,1,0.5088365243004418,0.006815208607681811,5442,5432,corrected_baseline
Mouse,POLYIC_20190614_polyic___E3_P1_4,y,3,4.999999925494195,2,0.35887541345093715,2,0.39985272459499266,0.040977311144055506,5442,5432,corrected_baseline
Mouse,POLYIC_20190614_polyic___E3_P1_4,y,4,4.999999925494195,2,0.28114663726571115,3,0.31553755522827687,0.034390917962565715,5442,5432,corrected_baseline
Mouse,POLYIC_20190614_polyic___E3_P1_4,y,5,4.999999925494195,1,0.22528482175670708,0,0.5800810014727541,0.35479617971604704,5442,5432,corrected_baseline
Mouse,POLYIC_20190614_polyic___E3_P1_4,y,6,4.999999925494195,5,0.18779860345461227,5,0.22846097201767304,0.04066236856306077,5442,5432,corrected_baseline
Mouse,POLYIC_20190614_polyic___E3_P1_4,y,7,4.999999925494195,1,0.1585814038956266,1,0.17433726067746685,0.015755856781840244,5442,5432,corrected_baseline
Mouse,POLYIC_20190614_polyic___E3_P1_4,y,8,4.999999925494195,3,0.14792355751561925,6,0.1724963181148748,0.02457276059925556,5442,5432,corrected_baseline
Mouse,POLYIC_20190614_polyic___E3_P1_4,x,2,3.1999998807907124,1,0.502906976744186,1,0.5028585040495474,-4.847269463870152e-05,4128,4198,level0
Mouse,POLYIC_20190614_polyic___E3_P1_4,x,3,3.1999998807907124,2,0.34689922480620156,1,0.3427822772748928,-0.004116947531308757,4128,4198,level0
Mouse,POLYIC_20190614_polyic___E3_P1_4,x,4,3.1999998807907124,3,0.25775193798449614,2,0.2584564078132444,0.0007044698287482776,4128,4198,level0
Mouse,POLYIC_20190614_polyic___E3_P1_4,x,5,3.1999998807907124,4,0.20687984496124032,3,0.21843735111958076,0.011557506158340447,4128,4198,level0
Mouse,POLYIC_20190614_polyic___E3_P1_4,x,6,3.1999998807907124,5,0.17829457364341086,4,0.174130538351596,-0.00416403529181486,4128,4198,level0
Mouse,POLYIC_20190614_polyic___E3_P1_4,x,7,3.1999998807907124,0,0.14898255813953487,3,0.15388280133396856,0.00490024319443369,4128,4198,level0
Mouse,POLYIC_20190614_polyic___E3_P1_4,x,8,3.1999998807907124,3,0.13275193798449614,3,0.13863744640304906,0.005885508418552926,4128,4198,level0
Mouse,POLYIC_20190614_polyic___E3_P1_4,y,2,4.999999925494195,1,0.50202131569276,1,0.5103742126713597,0.008352896978599755,5442,5398,level0
Mouse,POLYIC_20190614_polyic___E3_P1_4,y,3,4.999999925494195,2,0.35887541345093715,2,0.41756206002223045,0.0586866465712933,5442,5398,level0
Mouse,POLYIC_20190614_polyic___E3_P1_4,y,4,4.999999925494195,2,0.28114663726571115,3,0.31437569470174137,0.03322905743603022,5442,5398,level0
Mouse,POLYIC_20190614_polyic___E3_P1_4,y,5,4.999999925494195,1,0.22528482175670708,0,0.5746572804742497,0.34937245871754263,5442,5398,level0
Mouse,POLYIC_20190614_polyic___E3_P1_4,y,6,4.999999925494195,5,0.18779860345461227,5,0.2324935161170804,0.04469491266246814,5442,5398,level0
Mouse,POLYIC_20190614_polyic___E3_P1_4,y,7,4.999999925494195,1,0.1585814038956266,1,0.19044090403853278,0.03185950014290617,5442,5398,level0
Mouse,POLYIC_20190614_polyic___E3_P1_4,y,8,4.999999925494195,3,0.14792355751561925,3,0.17450907743608743,0.026585519920468176,5442,5398,level0
Mouse,POLYIC_20190614_polyic___E3_P1_5,x,2,3.1999998807907124,1,0.50570835495589,0,0.5109660574412532,0.00525770248536328,3854,3830,corrected_baseline
Mouse,POLYIC_20190614_polyic___E3_P1_5,x,3,3.1999998807907124,1,0.33990659055526723,1,0.3483028720626632,0.008396281507395964,3854,3830,corrected_baseline
Mouse,POLYIC_20190614_polyic___E3_P1_5,x,4,3.1999998807907124,3,0.2597301504929943,0,0.2563968668407311,-0.003333283652263208,3854,3830,corrected_baseline
Mouse,POLYIC_20190614_polyic___E3_P1_5,x,5,3.1999998807907124,3,0.2075765438505449,4,0.2227154046997389,0.015138860849194025,3854,3830,corrected_baseline
Mouse,POLYIC_20190614_polyic___E3_P1_5,x,6,3.1999998807907124,3,0.17903476907109497,2,0.18120104438642298,0.002166275315328009,3854,3830,corrected_baseline
Mouse,POLYIC_20190614_polyic___E3_P1_5,x,7,3.1999998807907124,2,0.15568240788790866,2,0.16318537859007834,0.007502970702169681,3854,3830,corrected_baseline
Mouse,POLYIC_20190614_polyic___E3_P1_5,x,8,3.1999998807907124,6,0.1411520498183705,6,0.14908616187989557,0.007934112061525056,3854,3830,corrected_baseline
Mouse,POLYIC_20190614_polyic___E3_P1_5,y,2,4.999999925494195,0,0.5116848850358086,1,0.5215338118624858,0.009848926826677262,5306,5294,corrected_baseline
Mouse,POLYIC_20190614_polyic___E3_P1_5,y,3,4.999999925494195,2,0.3511119487372786,2,0.4263316962599169,0.07521974752263832,5306,5294,corrected_baseline
Mouse,POLYIC_20190614_polyic___E3_P1_5,y,4,4.999999925494195,2,0.28100263852242746,0,0.2765394786550812,-0.004463159867346245,5306,5294,corrected_baseline
Mouse,POLYIC_20190614_polyic___E3_P1_5,y,5,4.999999925494195,3,0.2161703731624576,0,0.5268228182848508,0.3106524451223932,5306,5294,corrected_baseline
Mouse,POLYIC_20190614_polyic___E3_P1_5,y,6,4.999999925494195,2,0.18620429702223898,5,0.2162825840574235,0.03007828703518453,5306,5294,corrected_baseline
Mouse,POLYIC_20190614_polyic___E3_P1_5,y,7,4.999999925494195,0,0.16528458349038824,1,0.18247072157159047,0.01718613808120223,5306,5294,corrected_baseline
Mouse,POLYIC_20190614_polyic___E3_P1_5,y,8,4.999999925494195,2,0.15981907274783264,1,0.1983377408386853,0.038518668090852665,5306,5294,corrected_baseline
Mouse,POLYIC_20190614_polyic___E3_P1_5,x,2,3.1999998807907124,1,0.50570835495589,0,0.5158567774936061,0.010148422537716195,3854,3910,level0
Mouse,POLYIC_20190614_polyic___E3_P1_5,x,3,3.1999998807907124,1,0.33990659055526723,2,0.3526854219948849,0.012778831439617666,3854,3910,level0
Mouse,POLYIC_20190614_polyic___E3_P1_5,x,4,3.1999998807907124,3,0.2597301504929943,2,0.2618925831202046,0.0021624326272102756,3854,3910,level0
Mouse,POLYIC_20190614_polyic___E3_P1_5,x,5,3.1999998807907124,3,0.2075765438505449,4,0.2074168797953964,-0.00015966405514847293,3854,3910,level0
Mouse,POLYIC_20190614_polyic___E3_P1_5,x,6,3.1999998807907124,3,0.17903476907109497,2,0.19539641943734015,0.01636165036624518,3854,3910,level0
Mouse,POLYIC_20190614_polyic___E3_P1_5,x,7,3.1999998807907124,2,0.15568240788790866,2,0.16649616368286446,0.010813755794955804,3854,3910,level0
Mouse,POLYIC_20190614_polyic___E3_P1_5,x,8,3.1999998807907124,6,0.1411520498183705,6,0.1526854219948849,0.0115333721765144,3854,3910,level0
Mouse,POLYIC_20190614_polyic___E3_P1_5,y,2,4.999999925494195,0,0.5116848850358086,1,0.5200226671703816,0.008337782134573035,5306,5294,level0
Mouse,POLYIC_20190614_polyic___E3_P1_5,y,3,4.999999925494195,2,0.3511119487372786,2,0.44068757083490745,0.08957562209762887,5306,5294,level0
Mouse,POLYIC_20190614_polyic___E3_P1_5,y,4,4.999999925494195,2,0.28100263852242746,0,0.2784284095202116,-0.0025742290022158776,5306,5294,level0
Mouse,POLYIC_20190614_polyic___E3_P1_5,y,5,4.999999925494195,3,0.2161703731624576,0,0.5198337740838685,0.303663400921411,5306,5294,level0
Mouse,POLYIC_20190614_polyic___E3_P1_5,y,6,4.999999925494195,2,0.18620429702223898,5,0.2242160936909709,0.03801179666873192,5306,5294,level0
Mouse,POLYIC_20190614_polyic___E3_P1_5,y,7,4.999999925494195,0,0.16528458349038824,1,0.19040423120513789,0.025119647714749643,5306,5294,level0
Mouse,POLYIC_20190614_polyic___E3_P1_5,y,8,4.999999925494195,2,0.15981907274783264,1,0.19361541367585947,0.03379634092802683,5306,5294,level0
Mouse,POLYIC_20190614_polyic___E3_P1_6,x,2,3.1999998807907124,1,0.512108980827447,0,0.5086690464048954,-0.003439934422551638,3964,3922,corrected_baseline
Mouse,POLYIC_20190614_polyic___E3_P1_6,x,3,3.1999998807907124,1,0.34006054490413723,1,0.3398776134625191,-0.00018293144161812824,3964,3922,corrected_baseline
Mouse,POLYIC_20190614_polyic___E3_P1_6,x,4,3.1999998807907124,3,0.26185671039354186,2,0.26925038245792965,0.007393672064387791,3964,3922,corrected_baseline
Mouse,POLYIC_20190614_polyic___E3_P1_6,x,5,3.1999998807907124,4,0.21115035317860747,2,0.21902090770015298,0.007870554521545503,3964,3922,corrected_baseline
Mouse,POLYIC_20190614_polyic___E3_P1_6,x,6,3.1999998807907124,1,0.1818869828456105,1,0.17312595614482407,-0.008761026700786434,3964,3922,corrected_baseline
Mouse,POLYIC_20190614_polyic___E3_P1_6,x,7,3.1999998807907124,4,0.1601917255297679,4,0.16496685364609892,0.004775128116331018,3964,3922,corrected_baseline
Mouse,POLYIC_20190614_polyic___E3_P1_6,x,8,3.1999998807907124,3,0.14278506559031282,2,0.13462519122896482,-0.00815987436134799,3964,3922,corrected_baseline
Mouse,POLYIC_20190614_polyic___E3_P1_6,y,2,4.999999925494195,1,0.5158124318429662,0,0.522927366104182,0.007114934261215788,5502,5452,corrected_baseline
Mouse,POLYIC_20190614_polyic___E3_P1_6,y,3,4.999999925494195,0,0.33933115230825156,1,0.3556493030080704,0.016318150699818845,5502,5452,corrected_baseline
Mouse,POLYIC_20190614_polyic___E3_P1_6,y,4,4.999999925494195,1,0.26990185387131954,0,0.2743947175348496,0.004492863663530078,5502,5452,corrected_baseline
Mouse,POLYIC_20190614_polyic___E3_P1_6,y,5,4.999999925494195,3,0.21901126862958925,0,0.5458547322083639,0.32684346357877464,5502,5452,corrected_baseline
Mouse,POLYIC_20190614_polyic___E3_P1_6,y,6,4.999999925494195,0,0.17884405670665213,4,0.20506236243580336,0.026218305729151237,5502,5452,corrected_baseline
Mouse,POLYIC_20190614_polyic___E3_P1_6,y,7,4.999999925494195,3,0.16266812068338785,1,0.17553191489361702,0.012863794210229179,5502,5452,corrected_baseline
Mouse,POLYIC_20190614_polyic___E3_P1_6,y,8,4.999999925494195,1,0.13776808433296983,3,0.20469552457813647,0.06692744024516664,5502,5452,corrected_baseline
Mouse,POLYIC_20190614_polyic___E3_P1_6,x,2,3.1999998807907124,1,0.512108980827447,0,0.5063819342169857,-0.005727046610461306,3964,4074,level0
Mouse,POLYIC_20190614_polyic___E3_P1_6,x,3,3.1999998807907124,1,0.34006054490413723,2,0.35125184094256257,0.011191296038425336,3964,4074,level0
Mouse,POLYIC_20190614_polyic___E3_P1_6,x,4,3.1999998807907124,3,0.26185671039354186,2,0.25969563082965147,-0.002161079563890389,3964,4074,level0
Mouse,POLYIC_20190614_polyic___E3_P1_6,x,5,3.1999998807907124,4,0.21115035317860747,3,0.21968581246931762,0.008535459290710146,3964,4074,level0
Mouse,POLYIC_20190614_polyic___E3_P1_6,x,6,3.1999998807907124,1,0.1818869828456105,2,0.1872852233676976,0.005398240522087094,3964,4074,level0
Mouse,POLYIC_20190614_polyic___E3_P1_6,x,7,3.1999998807907124,4,0.1601917255297679,3,0.15832106038291605,-0.0018706651468518576,3964,4074,level0
Mouse,POLYIC_20190614_polyic___E3_P1_6,x,8,3.1999998807907124,3,0.14278506559031282,2,0.14310260186548845,0.0003175362751756394,3964,4074,level0
Mouse,POLYIC_20190614_polyic___E3_P1_6,y,2,4.999999925494195,1,0.5158124318429662,0,0.5252727272727272,0.009460295429761012,5502,5500,level0
Mouse,POLYIC_20190614_polyic___E3_P1_6,y,3,4.999999925494195,0,0.33933115230825156,1,0.3572727272727273,0.017941574964475737,5502,5500,level0
Mouse,POLYIC_20190614_polyic___E3_P1_6,y,4,4.999999925494195,1,0.26990185387131954,0,0.26981818181818185,-8.367205313769555e-05,5502,5500,level0
Mouse,POLYIC_20190614_polyic___E3_P1_6,y,5,4.999999925494195,3,0.21901126862958925,0,0.5321818181818182,0.31317054955222895,5502,5500,level0
Mouse,POLYIC_20190614_polyic___E3_P1_6,y,6,4.999999925494195,0,0.17884405670665213,4,0.20454545454545456,0.02570139783880243,5502,5500,level0
Mouse,POLYIC_20190614_polyic___E3_P1_6,y,7,4.999999925494195,3,0.16266812068338785,1,0.18181818181818182,0.019150061134793978,5502,5500,level0
Mouse,POLYIC_20190614_polyic___E3_P1_6,y,8,4.999999925494195,1,0.13776808433296983,3,0.18745454545454546,0.049686461121575626,5502,5500,level0
Mouse,POLYIC_20190614_polyic___E4_P1_5,x,2,3.1999998807907124,0,0.5154845154845155,0,0.51066531234129,-0.004819203143225481,4004,3938,corrected_baseline
Mouse,POLYIC_20190614_polyic___E4_P1_5,x,3,3.1999998807907124,2,0.3421578421578422,0,0.3390045708481463,-0.003153271309695893,4004,3938,corrected_baseline
Mouse,POLYIC_20190614_polyic___E4_P1_5,x,4,3.1999998807907124,0,0.2624875124875125,2,0.2656170644997461,0.003129552012233583,4004,3938,corrected_baseline
Mouse,POLYIC_20190614_polyic___E4_P1_5,x,5,3.1999998807907124,2,0.2087912087912088,1,0.207465718638903,-0.0013254901523057916,4004,3938,corrected_baseline
Mouse,POLYIC_20190614_polyic___E4_P1_5,x,6,3.1999998807907124,2,0.18031968031968032,0,0.17369222955815133,-0.006627450761528986,4004,3938,corrected_baseline
Mouse,POLYIC_20190614_polyic___E4_P1_5,x,7,3.1999998807907124,5,0.1645854145854146,5,0.15667851701371255,-0.007906897571702043,4004,3938,corrected_baseline
Mouse,POLYIC_20190614_polyic___E4_P1_5,x,8,3.1999998807907124,0,0.13661338661338662,3,0.1399187404773997,0.0033053538640130664,4004,3938,corrected_baseline
Mouse,POLYIC_20190614_polyic___E4_P1_5,y,2,4.999999925494195,1,0.5223880597014925,0,0.5235338064998132,0.0011457467983206904,5360,5354,corrected_baseline
Mouse,POLYIC_20190614_polyic___E4_P1_5,y,3,4.999999925494195,2,0.35261194029850745,0,0.3983937243182667,0.04578178401975924,5360,5354,corrected_baseline
Mouse,POLYIC_20190614_polyic___E4_P1_5,y,4,4.999999925494195,1,0.27425373134328357,2,0.28427344041837876,0.010019709075095196,5360,5354,corrected_baseline
Mouse,POLYIC_20190614_polyic___E4_P1_5,y,5,4.999999925494195,1,0.22817164179104477,0,0.5552857676503549,0.3271141258593101,5360,5354,corrected_baseline
Mouse,POLYIC_20190614_polyic___E4_P1_5,y,6,4.999999925494195,1,0.17798507462686566,0,0.21273813970862906,0.0347530650817634,5360,5354,corrected_baseline
Mouse,POLYIC_20190614_polyic___E4_P1_5,y,7,4.999999925494195,6,0.1578358208955224,6,0.16884572282405677,0.011009901928534377,5360,5354,corrected_baseline
Mouse,POLYIC_20190614_polyic___E4_P1_5,y,8,4.999999925494195,1,0.14906716417910448,4,0.1806126260739634,0.031545461894858906,5360,5354,corrected_baseline
Mouse,POLYIC_20190614_polyic___E4_P1_5,x,2,3.1999998807907124,0,0.5154845154845155,0,0.5014866204162537,-0.013997895068261768,4004,4036,level0
Mouse,POLYIC_20190614_polyic___E4_P1_5,x,3,3.1999998807907124,2,0.3421578421578422,2,0.35777998017839446,0.01562213802055229,4004,4036,level0
Mouse,POLYIC_20190614_polyic___E4_P1_5,x,4,3.1999998807907124,0,0.2624875124875125,0,0.26189296333002976,-0.0005945491574827488,4004,4036,level0
Mouse,POLYIC_20190614_polyic___E4_P1_5,x,5,3.1999998807907124,2,0.2087912087912088,1,0.20961347869177405,0.0008222699005652478,4004,4036,level0
Mouse,POLYIC_20190614_polyic___E4_P1_5,x,6,3.1999998807907124,2,0.18031968031968032,5,0.18012884043607533,-0.00019083988360499293,4004,4036,level0
Mouse,POLYIC_20190614_polyic___E4_P1_5,x,7,3.1999998807907124,5,0.1645854145854146,0,0.15634291377601586,-0.008242500809398728,4004,4036,level0
Mouse,POLYIC_20190614_polyic___E4_P1_5,x,8,3.1999998807907124,0,0.13661338661338662,3,0.1365213082259663,-9.207838742031349e-05,4004,4036,level0
Mouse,POLYIC_20190614_polyic___E4_P1_5,y,2,4.999999925494195,1,0.5223880597014925,0,0.5158013544018059,-0.006586705299686635,5360,5316,level0
Mouse,POLYIC_20190614_polyic___E4_P1_5,y,3,4.999999925494195,2,0.35261194029850745,0,0.390142964635064,0.03753102433655653,5360,5316,level0
Mouse,POLYIC_20190614_polyic___E4_P1_5,y,4,4.999999925494195,1,0.27425373134328357,2,0.2770880361173815,0.0028343047740979066,5360,5316,level0
Mouse,POLYIC_20190614_polyic___E4_P1_5,y,5,4.999999925494195,1,0.22817164179104477,0,0.5378103837471784,0.3096387419561336,5360,5316,level0
Mouse,POLYIC_20190614_polyic___E4_P1_5,y,6,4.999999925494195,1,0.17798507462686566,0,0.2057938299473288,0.027808755320463147,5360,5316,level0
Mouse,POLYIC_20190614_polyic___E4_P1_5,y,7,4.999999925494195,6,0.1578358208955224,6,0.16685477802859291,0.009018957133070521,5360,5316,level0
Mouse,POLYIC_20190614_polyic___E4_P1_5,y,8,4.999999925494195,1,0.14906716417910448,1,0.1811512415349887,0.03208407735588423,5360,5316,level0
Mouse,POLYIC_20190618_mouse33__E3_P1,x,2,3.1999998807907124,1,0.5110087045570917,1,0.5139607032057911,0.0029519986486994387,3906,3868,corrected_baseline
Mouse,POLYIC_20190618_mouse33__E3_P1,x,3,3.1999998807907124,0,0.3420378904249872,0,0.35522233712512924,0.013184446700142016,3906,3868,corrected_baseline
Mouse,POLYIC_20190618_mouse33__E3_P1,x,4,3.1999998807907124,3,0.2631848438300051,3,0.26861427094105483,0.005429427111049712,3906,3868,corrected_baseline
Mouse,POLYIC_20190618_mouse33__E3_P1,x,5,3.1999998807907124,1,0.20378904249871993,1,0.21018614270941055,0.0063971002106906205,3906,3868,corrected_baseline
Mouse,POLYIC_20190618_mouse33__E3_P1,x,6,3.1999998807907124,3,0.17767537122375832,3,0.19260599793174768,0.014930626707989364,3906,3868,corrected_baseline
Mouse,POLYIC_20190618_mouse33__E3_P1,x,7,3.1999998807907124,1,0.15232974910394265,3,0.15641158221302998,0.0040818331090873294,3906,3868,corrected_baseline
Mouse,POLYIC_20190618_mouse33__E3_P1,x,8,3.1999998807907124,7,0.1390168970814132,7,0.14426059979317477,0.005243702711761555,3906,3868,corrected_baseline
Mouse,POLYIC_20190618_mouse33__E3_P1,y,2,4.999999925494195,1,0.5314711359404097,1,0.5075414781297134,-0.023929657810696336,5370,5304,corrected_baseline
Mouse,POLYIC_20190618_mouse33__E3_P1,y,3,4.999999925494195,2,0.35698324022346367,0,0.3832956259426848,0.02631238571922112,5370,5304,corrected_baseline
Mouse,POLYIC_20190618_mouse33__E3_P1,y,4,4.999999925494195,3,0.2783985102420857,2,0.2796003016591252,0.0012017914170395216,5370,5304,corrected_baseline
Mouse,POLYIC_20190618_mouse33__E3_P1,y,5,4.999999925494195,1,0.21787709497206703,0,0.5064102564102564,0.28853316143818936,5370,5304,corrected_baseline
Mouse,POLYIC_20190618_mouse33__E3_P1,y,6,4.999999925494195,5,0.20353817504655494,3,0.22021116138763197,0.01667298634107703,5370,5304,corrected_baseline
Mouse,POLYIC_20190618_mouse33__E3_P1,y,7,4.999999925494195,5,0.17076350093109868,6,0.1747737556561086,0.004010254725009904,5370,5304,corrected_baseline
Mouse,POLYIC_20190618_mouse33__E3_P1,y,8,4.999999925494195,1,0.14990689013035383,7,0.20795625942684767,0.05804936929649385,5370,5304,corrected_baseline
Mouse,POLYIC_20190618_mouse33__E3_P1,x,2,3.1999998807907124,1,0.5110087045570917,1,0.5104368932038835,-0.0005718113532081626,3906,4120,level0
Mouse,POLYIC_20190618_mouse33__E3_P1,x,3,3.1999998807907124,0,0.3420378904249872,2,0.3378640776699029,-0.004173812755084327,3906,4120,level0
Mouse,POLYIC_20190618_mouse33__E3_P1,x,4,3.1999998807907124,3,0.2631848438300051,1,0.25606796116504854,-0.007116882664956581,3906,4120,level0
Mouse,POLYIC_20190618_mouse33__E3_P1,x,5,3.1999998807907124,1,0.20378904249871993,2,0.2111650485436893,0.00737600604496938,3906,4120,level0
Mouse,POLYIC_20190618_mouse33__E3_P1,x,6,3.1999998807907124,3,0.17767537122375832,5,0.1837378640776699,0.006062492853911583,3906,4120,level0
Mouse,POLYIC_20190618_mouse33__E3_P1,x,7,3.1999998807907124,1,0.15232974910394265,1,0.15266990291262136,0.00034015380867871703,3906,4120,level0
Mouse,POLYIC_20190618_mouse33__E3_P1,x,8,3.1999998807907124,7,0.1390168970814132,7,0.14466019417475728,0.005643297093344074,3906,4120,level0
Mouse,POLYIC_20190618_mouse33__E3_P1,y,2,4.999999925494195,1,0.5314711359404097,1,0.5274745954083553,-0.003996540532054449,5370,5314,level0
Mouse,POLYIC_20190618_mouse33__E3_P1,y,3,4.999999925494195,2,0.35698324022346367,0,0.3737297704177644,0.016746530194300724,5370,5314,level0
Mouse,POLYIC_20190618_mouse33__E3_P1,y,4,4.999999925494195,3,0.2783985102420857,3,0.2783214151298457,-7.709511223996657e-05,5370,5314,level0
Mouse,POLYIC_20190618_mouse33__E3_P1,y,5,4.999999925494195,1,0.21787709497206703,0,0.5005645464809936,0.28268745150892655,5370,5314,level0
Mouse,POLYIC_20190618_mouse33__E3_P1,y,6,4.999999925494195,5,0.20353817504655494,3,0.22186676703048552,0.01832859198393058,5370,5314,level0
Mouse,POLYIC_20190618_mouse33__E3_P1,y,7,4.999999925494195,5,0.17076350093109868,2,0.17877305231464058,0.008009551383541896,5370,5314,level0
Mouse,POLYIC_20190618_mouse33__E3_P1,y,8,4.999999925494195,1,0.14990689013035383,7,0.20474219044034625,0.054835300309992424,5370,5314,level0
Mouse,POLYIC_20190618_mouse34__E3_P1,x,2,3.1999998807907124,0,0.5088311688311689,0,0.5002586652871185,-0.00857250354405037,3850,3866,corrected_baseline
Mouse,POLYIC_20190618_mouse34__E3_P1,x,3,3.1999998807907124,2,0.3509090909090909,2,0.33652353854112776,-0.014385552367963128,3850,3866,corrected_baseline
Mouse,POLYIC_20190618_mouse34__E3_P1,x,4,3.1999998807907124,0,0.2597402597402597,3,0.259958613554061,0.00021835381380130858,3850,3866,corrected_baseline
Mouse,POLYIC_20190618_mouse34__E3_P1,x,5,3.1999998807907124,3,0.21012987012987014,2,0.21132953957578893,0.0011996694459187884,3850,3866,corrected_baseline
Mouse,POLYIC_20190618_mouse34__E3_P1,x,6,3.1999998807907124,2,0.1787012987012987,3,0.18365235385411277,0.004951055152814077,3850,3866,corrected_baseline
Mouse,POLYIC_20190618_mouse34__E3_P1,x,7,3.1999998807907124,3,0.1561038961038961,0,0.16011381272633213,0.004009916622436022,3850,3866,corrected_baseline
Mouse,POLYIC_20190618_mouse34__E3_P1,x,8,3.1999998807907124,7,0.14493506493506494,6,0.13760993274702535,-0.007325132188039596,3850,3866,corrected_baseline
Mouse,POLYIC_20190618_mouse34__E3_P1,y,2,4.999999925494195,1,0.5001878287002254,0,0.5137683892870615,0.013580560586836099,5324,5302,corrected_baseline
Mouse,POLYIC_20190618_mouse34__E3_P1,y,3,4.999999925494195,0,0.34278737791134484,1,0.42832893247831005,0.08554155456696522,5324,5302,corrected_baseline
Mouse,POLYIC_20190618_mouse34__E3_P1,y,4,4.999999925494195,1,0.25563486100676186,0,0.2980007544322897,0.04236589342552782,5324,5302,corrected_baseline
Mouse,POLYIC_20190618_mouse34__E3_P1,y,5,4.999999925494195,3,0.22933884297520662,0,0.507167106752169,0.2778282637769624,5324,5302,corrected_baseline
Mouse,POLYIC_20190618_mouse34__E3_P1,y,6,4.999999925494195,3,0.17449286250939144,1,0.23047906450396077,0.05598620199456933,5324,5302,corrected_baseline
Mouse,POLYIC_20190618_mouse34__E3_P1,y,7,4.999999925494195,3,0.1626596543951916,2,0.1980384760467748,0.03537882165158321,5324,5302,corrected_baseline
Mouse,POLYIC_20190618_mouse34__E3_P1,y,8,4.999999925494195,2,0.14350112697220135,1,0.2259524707657488,0.08245134379354743,5324,5302,corrected_baseline
Mouse,POLYIC_20190618_mouse34__E3_P1,x,2,3.1999998807907124,0,0.5088311688311689,1,0.5027486256871564,-0.006082543144012464,3850,4002,level0
Mouse,POLYIC_20190618_mouse34__E3_P1,x,3,3.1999998807907124,2,0.3509090909090909,2,0.3553223388305847,0.004413247921493835,3850,4002,level0
Mouse,POLYIC_20190618_mouse34__E3_P1,x,4,3.1999998807907124,0,0.2597402597402597,3,0.25537231384307846,-0.004367945897181258,3850,4002,level0
Mouse,POLYIC_20190618_mouse34__E3_P1,x,5,3.1999998807907124,3,0.21012987012987014,0,0.212143928035982,0.0020140579061118657,3850,4002,level0
Mouse,POLYIC_20190618_mouse34__E3_P1,x,6,3.1999998807907124,2,0.1787012987012987,2,0.1839080459770115,0.0052067472757127975,3850,4002,level0
Mouse,POLYIC_20190618_mouse34__E3_P1,x,7,3.1999998807907124,3,0.1561038961038961,2,0.15717141429285358,0.001067518188957478,3850,4002,level0
Mouse,POLYIC_20190618_mouse34__E3_P1,x,8,3.1999998807907124,7,0.14493506493506494,4,0.14342828585707146,-0.0015067790779934864,3850,4002,level0
Mouse,POLYIC_20190618_mouse34__E3_P1,y,2,4.999999925494195,1,0.5001878287002254,1,0.5020545386626821,0.0018667099624567474,5324,5354,level0
Mouse,POLYIC_20190618_mouse34__E3_P1,y,3,4.999999925494195,0,0.34278737791134484,1,0.43481509152035863,0.0920277136090138,5324,5354,level0
Mouse,POLYIC_20190618_mouse34__E3_P1,y,4,4.999999925494195,1,0.25563486100676186,1,0.2988419872992155,0.04320712629245366,5324,5354,level0
Mouse,POLYIC_20190618_mouse34__E3_P1,y,5,4.999999925494195,3,0.22933884297520662,2,0.5050429585356743,0.27570411556046764,5324,5354,level0
Mouse,POLYIC_20190618_mouse34__E3_P1,y,6,4.999999925494195,3,0.17449286250939144,1,0.24766529697422487,0.07317243446483343,5324,5354,level0
Mouse,POLYIC_20190618_mouse34__E3_P1,y,7,4.999999925494195,3,0.1626596543951916,5,0.21180425849831902,0.04914460410312743,5324,5354,level0
Mouse,POLYIC_20190618_mouse34__E3_P1,y,8,4.999999925494195,2,0.14350112697220135,1,0.2323496451251401,0.08884851815293873,5324,5354,level0
Mouse,POLYIC_20190618_mouse35__E3_P1,x,2,3.1999998807907124,0,0.5,0,0.5147679324894515,0.014767932489451518,3844,3792,corrected_baseline
Mouse,POLYIC_20190618_mouse35__E3_P1,x,3,3.1999998807907124,0,0.34391259105098854,0,0.33939873417721517,-0.00451385687377337,3844,3792,corrected_baseline
Mouse,POLYIC_20190618_mouse35__E3_P1,x,4,3.1999998807907124,0,0.2575442247658689,2,0.26292194092827004,0.005377716162401125,3844,3792,corrected_baseline
Mouse,POLYIC_20190618_mouse35__E3_P1,x,5,3.1999998807907124,4,0.2187825182101977,4,0.21281645569620253,-0.005966062513995174,3844,3792,corrected_baseline
Mouse,POLYIC_20190618_mouse35__E3_P1,x,6,3.1999998807907124,3,0.17611862643080126,4,0.17985232067510548,0.0037336942443042254,3844,3792,corrected_baseline
Mouse,POLYIC_20190618_mouse35__E3_P1,x,7,3.1999998807907124,6,0.15218522372528617,0,0.1540084388185654,0.0018232150932792346,3844,3792,corrected_baseline
Mouse,POLYIC_20190618_mouse35__E3_P1,x,8,3.1999998807907124,0,0.136576482830385,2,0.15242616033755274,0.01584967750716773,3844,3792,corrected_baseline
Mouse,POLYIC_20190618_mouse35__E3_P1,y,2,4.999999925494195,1,0.5055028462998102,1,0.5657294832826748,0.06022663698286457,5270,5264,corrected_baseline
Mouse,POLYIC_20190618_mouse35__E3_P1,y,3,4.999999925494195,2,0.36736242884250475,0,0.3723404255319149,0.004977996689410125,5270,5264,corrected_baseline
Mouse,POLYIC_20190618_mouse35__E3_P1,y,4,4.999999925494195,1,0.2540796963946869,3,0.2908434650455927,0.036763768650905804,5270,5264,corrected_baseline
Mouse,POLYIC_20190618_mouse35__E3_P1,y,5,4.999999925494195,1,0.22618595825426946,0,0.5026595744680851,0.2764736162138156,5270,5264,corrected_baseline
Mouse,POLYIC_20190618_mouse35__E3_P1,y,6,4.999999925494195,2,0.18614800759013284,3,0.2507598784194529,0.06461187082932007,5270,5264,corrected_baseline
Mouse,POLYIC_20190618_mouse35__E3_P1,y,7,4.999999925494195,5,0.16091081593927894,0,0.1641337386018237,0.0032229226625447582,5270,5264,corrected_baseline
Mouse,POLYIC_20190618_mouse35__E3_P1,y,8,4.999999925494195,1,0.14705882352941177,7,0.23461246200607902,0.08755363847666725,5270,5264,corrected_baseline
Mouse,POLYIC_20190618_mouse35__E3_P1,x,2,3.1999998807907124,0,0.5,1,0.5056874381800198,0.0056874381800198215,3844,4044,level0
Mouse,POLYIC_20190618_mouse35__E3_P1,x,3,3.1999998807907124,0,0.34391259105098854,1,0.3486646884272997,0.00475209737631116,3844,4044,level0
Mouse,POLYIC_20190618_mouse35__E3_P1,x,4,3.1999998807907124,0,0.2575442247658689,1,0.25989119683481704,0.0023469720689481277,3844,4044,level0
Mouse,POLYIC_20190618_mouse35__E3_P1,x,5,3.1999998807907124,4,0.2187825182101977,0,0.22205736894164194,0.0032748507314442343,3844,4044,level0
Mouse,POLYIC_20190618_mouse35__E3_P1,x,6,3.1999998807907124,3,0.17611862643080126,1,0.18100890207715134,0.004890275646350084,3844,4044,level0
Mouse,POLYIC_20190618_mouse35__E3_P1,x,7,3.1999998807907124,6,0.15218522372528617,5,0.15306627101879328,0.0008810472935071034,3844,4044,level0
Mouse,POLYIC_20190618_mouse35__E3_P1,x,8,3.1999998807907124,0,0.136576482830385,1,0.14490603363006924,0.008329550799684227,3844,4044,level0
Mouse,POLYIC_20190618_mouse35__E3_P1,y,2,4.999999925494195,1,0.5055028462998102,1,0.5579601053820098,0.05245725908219956,5270,5314,level0
Mouse,POLYIC_20190618_mouse35__E3_P1,y,3,4.999999925494195,2,0.36736242884250475,1,0.39141889348889725,0.024056464646392495,5270,5314,level0
Mouse,POLYIC_20190618_mouse35__E3_P1,y,4,4.999999925494195,1,0.2540796963946869,1,0.2990214527662778,0.04494175637159087,5270,5314,level0
Mouse,POLYIC_20190618_mouse35__E3_P1,y,5,4.999999925494195,1,0.22618595825426946,0,0.5107263831388784,0.28454042488460896,5270,5314,level0
Mouse,POLYIC_20190618_mouse35__E3_P1,y,6,4.999999925494195,2,0.18614800759013284,1,0.2205494919081671,0.034401484318034276,5270,5314,level0
Mouse,POLYIC_20190618_mouse35__E3_P1,y,7,4.999999925494195,5,0.16091081593927894,2,0.16334211516748212,0.0024312992282031765,5270,5314,level0
Mouse,POLYIC_20190618_mouse35__E3_P1,y,8,4.999999925494195,1,0.14705882352941177,7,0.19683853970643583,0.049779716177024064,5270,5314,level0
Mouse,POLYIC_20190618_mouse36__E3_P1,x,2,3.1999998807907124,0,0.509682224428997,1,0.51225,0.0025677755710029615,4028,4000,corrected_baseline
Mouse,POLYIC_20190618_mouse36__E3_P1,x,3,3.1999998807907124,2,0.34756703078450846,1,0.3445,-0.0030670307845084843,4028,4000,corrected_baseline
Mouse,POLYIC_20190618_mouse36__E3_P1,x,4,3.1999998807907124,0,0.27209533267130087,3,0.264,-0.008095332671300859,4028,4000,corrected_baseline
Mouse,POLYIC_20190618_mouse36__E3_P1,x,5,3.1999998807907124,4,0.21002979145978154,0,0.2215,0.011470208540218463,4028,4000,corrected_baseline
Mouse,POLYIC_20190618_mouse36__E3_P1,x,6,3.1999998807907124,5,0.17576961271102284,1,0.1775,0.0017303872889771477,4028,4000,corrected_baseline
Mouse,POLYIC_20190618_mouse36__E3_P1,x,7,3.1999998807907124,0,0.16310824230387289,0,0.1585,-0.004608242303872884,4028,4000,corrected_baseline
Mouse,POLYIC_20190618_mouse36__E3_P1,x,8,3.1999998807907124,0,0.1422542204568024,3,0.13825,-0.0040042204568023765,4028,4000,corrected_baseline
Mouse,POLYIC_20190618_mouse36__E3_P1,y,2,4.999999925494195,1,0.5084714548802947,0,0.5787210172026926,0.07024956232239798,5430,5348,corrected_baseline
Mouse,POLYIC_20190618_mouse36__E3_P1,y,3,4.999999925494195,2,0.36482504604051563,0,0.41492146596858637,0.050096419928070735,5430,5348,corrected_baseline
Mouse,POLYIC_20190618_mouse36__E3_P1,y,4,4.999999925494195,1,0.26169429097605895,2,0.33694839192221393,0.07525410094615498,5430,5348,corrected_baseline
Mouse,POLYIC_20190618_mouse36__E3_P1,y,5,4.999999925494195,4,0.22136279926335176,0,0.5321615557217652,0.31079875645841337,5430,5348,corrected_baseline
Mouse,POLYIC_20190618_mouse36__E3_P1,y,6,4.999999925494195,5,0.19189686924493554,0,0.24775617053103965,0.05585930128610411,5430,5348,corrected_baseline
Mouse,POLYIC_20190618_mouse36__E3_P1,y,7,4.999999925494195,3,0.16335174953959483,6,0.17913238593866865,0.015780636399073816,5430,5348,corrected_baseline
Mouse,POLYIC_20190618_mouse36__E3_P1,y,8,4.999999925494195,1,0.13333333333333333,6,0.19053851907255048,0.05720518573921715,5430,5348,corrected_baseline
Mouse,POLYIC_20190618_mouse36__E3_P1,x,2,3.1999998807907124,0,0.509682224428997,1,0.5039849976558838,-0.00569722677311324,4028,4266,level0
Mouse,POLYIC_20190618_mouse36__E3_P1,x,3,3.1999998807907124,2,0.34756703078450846,2,0.33849038912330054,-0.009076641661207918,4028,4266,level0
Mouse,POLYIC_20190618_mouse36__E3_P1,x,4,3.1999998807907124,0,0.27209533267130087,3,0.2580872011251758,-0.014008131546125069,4028,4266,level0
Mouse,POLYIC_20190618_mouse36__E3_P1,x,5,3.1999998807907124,4,0.21002979145978154,0,0.20721987810595405,-0.0028099133538274923,4028,4266,level0
Mouse,POLYIC_20190618_mouse36__E3_P1,x,6,3.1999998807907124,5,0.17576961271102284,5,0.17604313173933428,0.0002735190283114364,4028,4266,level0
Mouse,POLYIC_20190618_mouse36__E3_P1,x,7,3.1999998807907124,0,0.16310824230387289,0,0.163384903891233,0.00027666158736011637,4028,4266,level0
Mouse,POLYIC_20190618_mouse36__E3_P1,x,8,3.1999998807907124,0,0.1422542204568024,1,0.14158462259728083,-0.000669597859521559,4028,4266,level0
Mouse,POLYIC_20190618_mouse36__E3_P1,y,2,4.999999925494195,1,0.5084714548802947,0,0.5799701046337817,0.07149864975348708,5430,5352,level0
Mouse,POLYIC_20190618_mouse36__E3_P1,y,3,4.999999925494195,2,0.36482504604051563,0,0.4413303437967115,0.07650529775619586,5430,5352,level0
Mouse,POLYIC_20190618_mouse36__E3_P1,y,4,4.999999925494195,1,0.26169429097605895,2,0.35351270553064273,0.09181841455458378,5430,5352,level0
Mouse,POLYIC_20190618_mouse36__E3_P1,y,5,4.999999925494195,4,0.22136279926335176,0,0.5493273542600897,0.32796455499673793,5430,5352,level0
Mouse,POLYIC_20190618_mouse36__E3_P1,y,6,4.999999925494195,5,0.19189686924493554,0,0.2701793721973094,0.07828250295237388,5430,5352,level0
Mouse,POLYIC_20190618_mouse36__E3_P1,y,7,4.999999925494195,3,0.16335174953959483,6,0.19020926756352766,0.026857518023932825,5430,5352,level0
Mouse,POLYIC_20190618_mouse36__E3_P1,y,8,4.999999925494195,1,0.13333333333333333,6,0.19413303437967114,0.060799701046337806,5430,5352,level0
Mouse,POLYIC_20190619_mouse38__E3_P1,x,2,3.1999998807907124,1,0.512874408828166,0,0.5007845188284519,-0.012089889999714165,3806,3824,corrected_baseline
Mouse,POLYIC_20190619_mouse38__E3_P1,x,3,3.1999998807907124,2,0.3399894902785076,1,0.3464958158995816,0.006506325621074005,3806,3824,corrected_baseline
Mouse,POLYIC_20190619_mouse38__E3_P1,x,4,3.1999998807907124,3,0.27167630057803466,3,0.2662133891213389,-0.0054629114566957515,3806,3824,corrected_baseline
Mouse,POLYIC_20190619_mouse38__E3_P1,x,5,3.1999998807907124,0,0.20861797162375198,4,0.21521966527196654,0.006601693648214557,3806,3824,corrected_baseline
Mouse,POLYIC_20190619_mouse38__E3_P1,x,6,3.1999998807907124,1,0.17840252233315818,1,0.1759937238493724,-0.002408798483785779,3806,3824,corrected_baseline
Mouse,POLYIC_20190619_mouse38__E3_P1,x,7,3.1999998807907124,0,0.15423016290068314,0,0.16030334728033474,0.006073184379651597,3806,3824,corrected_baseline
Mouse,POLYIC_20190619_mouse38__E3_P1,x,8,3.1999998807907124,7,0.1371518654755649,4,0.14670502092050208,0.009553155444937178,3806,3824,corrected_baseline
Mouse,POLYIC_20190619_mouse38__E3_P1,y,2,4.999999925494195,0,0.5113886847905952,1,0.5202451708766717,0.008856486086076476,5444,5384,corrected_baseline
Mouse,POLYIC_20190619_mouse38__E3_P1,y,3,4.999999925494195,0,0.35121234386480527,2,0.42477711738484397,0.0735647735200387,5444,5384,corrected_baseline
Mouse,POLYIC_20190619_mouse38__E3_P1,y,4,4.999999925494195,2,0.2613886847905951,3,0.31166419019316494,0.05027550540256981,5444,5384,corrected_baseline
Mouse,POLYIC_20190619_mouse38__E3_P1,y,5,4.999999925494195,3,0.22740631888317414,0,0.5362184249628529,0.30881210607967874,5444,5384,corrected_baseline
Mouse,POLYIC_20190619_mouse38__E3_P1,y,6,4.999999925494195,0,0.17946362968405585,5,0.22102526002971767,0.04156163034566182,5444,5384,corrected_baseline
Mouse,POLYIC_20190619_mouse38__E3_P1,y,7,4.999999925494195,5,0.1607274063188832,4,0.20765230312035662,0.04692489680147344,5444,5384,corrected_baseline
Mouse,POLYIC_20190619_mouse38__E3_P1,y,8,4.999999925494195,1,0.14695077149155034,6,0.1976225854383358,0.050671813946785466,5444,5384,corrected_baseline
Mouse,POLYIC_20190619_mouse38__E3_P1,x,2,3.1999998807907124,1,0.512874408828166,0,0.504356740133265,-0.008517668694901004,3806,3902,level0
Mouse,POLYIC_20190619_mouse38__E3_P1,x,3,3.1999998807907124,2,0.3399894902785076,2,0.34315735520246027,0.003167864923952657,3806,3902,level0
Mouse,POLYIC_20190619_mouse38__E3_P1,x,4,3.1999998807907124,3,0.27167630057803466,3,0.2693490517683239,-0.002327248809710747,3806,3902,level0
Mouse,POLYIC_20190619_mouse38__E3_P1,x,5,3.1999998807907124,0,0.20861797162375198,4,0.2096360840594567,0.00101811243570471,3806,3902,level0
Mouse,POLYIC_20190619_mouse38__E3_P1,x,6,3.1999998807907124,1,0.17840252233315818,1,0.1735007688364941,-0.00490175349666408,3806,3902,level0
Mouse,POLYIC_20190619_mouse38__E3_P1,x,7,3.1999998807907124,0,0.15423016290068314,5,0.16606868272680678,0.011838519826123634,3806,3902,level0
Mouse,POLYIC_20190619_mouse38__E3_P1,x,8,3.1999998807907124,7,0.1371518654755649,4,0.13762173244490006,0.00046986696933515315,3806,3902,level0
Mouse,POLYIC_20190619_mouse38__E3_P1,y,2,4.999999925494195,0,0.5113886847905952,1,0.5051584377302873,-0.006230247060307836,5444,5428,level0
Mouse,POLYIC_20190619_mouse38__E3_P1,y,3,4.999999925494195,0,0.35121234386480527,2,0.43680913780397934,0.08559679393917408,5444,5428,level0
Mouse,POLYIC_20190619_mouse38__E3_P1,y,4,4.999999925494195,2,0.2613886847905951,3,0.29679439941046426,0.03540571461986913,5444,5428,level0
Mouse,POLYIC_20190619_mouse38__E3_P1,y,5,4.999999925494195,3,0.22740631888317414,0,0.5198968312453942,0.29249051236222007,5444,5428,level0
Mouse,POLYIC_20190619_mouse38__E3_P1,y,6,4.999999925494195,0,0.17946362968405585,2,0.22236551215917466,0.04290188247511881,5444,5428,level0
Mouse,POLYIC_20190619_mouse38__E3_P1,y,7,4.999999925494195,5,0.1607274063188832,4,0.1982313927781872,0.037503986459304,5444,5428,level0
Mouse,POLYIC_20190619_mouse38__E3_P1,y,8,4.999999925494195,1,0.14695077149155034,6,0.1869933677229182,0.040042596231367855,5444,5428,level0
Mouse,POLYIC_20190619_mouse39__E3_P1,x,2,3.1999998807907124,0,0.5027610441767069,0,0.5065822784810127,0.0038212343043058095,3984,3950,corrected_baseline
Mouse,POLYIC_20190619_mouse39__E3_P1,x,3,3.1999998807907124,2,0.33559236947791166,1,0.3387341772151899,0.003141807737278235,3984,3950,corrected_baseline
Mouse,POLYIC_20190619_mouse39__E3_P1,x,4,3.1999998807907124,2,0.2592871485943775,2,0.2665822784810127,0.0072951298866351655,3984,3950,corrected_baseline
Mouse,POLYIC_20190619_mouse39__E3_P1,x,5,3.1999998807907124,2,0.2103413654618474,1,0.20936708860759493,-0.0009742768542524705,3984,3950,corrected_baseline
Mouse,POLYIC_20190619_mouse39__E3_P1,x,6,3.1999998807907124,2,0.17394578313253012,1,0.1739240506329114,-2.1732499618731804e-05,3984,3950,corrected_baseline
Mouse,POLYIC_20190619_mouse39__E3_P1,x,7,3.1999998807907124,2,0.15813253012048192,2,0.16582278481012658,0.007690254689644654,3984,3950,corrected_baseline
Mouse,POLYIC_20190619_mouse39__E3_P1,x,8,3.1999998807907124,6,0.13579317269076305,6,0.1362025316455696,0.0004093589548065657,3984,3950,corrected_baseline
Mouse,POLYIC_20190619_mouse39__E3_P1,y,2,4.999999925494195,1,0.5052727272727273,0,0.5151792245793709,0.009906497306643613,5500,5468,corrected_baseline
Mouse,POLYIC_20190619_mouse39__E3_P1,y,3,4.999999925494195,2,0.3507272727272727,1,0.4072787125091441,0.05655143978187138,5500,5468,corrected_baseline
Mouse,POLYIC_20190619_mouse39__E3_P1,y,4,4.999999925494195,2,0.2672727272727273,0,0.2918800292611558,0.02460730198842853,5500,5468,corrected_baseline
Mouse,POLYIC_20190619_mouse39__E3_P1,y,5,4.999999925494195,3,0.236,0,0.5179224579370885,0.2819224579370885,5500,5468,corrected_baseline
Mouse,POLYIC_20190619_mouse39__E3_P1,y,6,4.999999925494195,2,0.17745454545454545,1,0.2168983174835406,0.039443772028995155,5500,5468,corrected_baseline
Mouse,POLYIC_20190619_mouse39__E3_P1,y,7,4.999999925494195,3,0.1658181818181818,2,0.19440380395025603,0.028585622132074218,5500,5468,corrected_baseline
Mouse,POLYIC_20190619_mouse39__E3_P1,y,8,4.999999925494195,2,0.14254545454545456,6,0.19897585954645208,0.056430405000997524,5500,5468,corrected_baseline
Mouse,POLYIC_20190619_mouse39__E3_P1,x,2,3.1999998807907124,0,0.5027610441767069,0,0.5068459657701712,0.004084921593464297,3984,4090,level0
Mouse,POLYIC_20190619_mouse39__E3_P1,x,3,3.1999998807907124,2,0.33559236947791166,0,0.3466992665036675,0.011106897025755846,3984,4090,level0
Mouse,POLYIC_20190619_mouse39__E3_P1,x,4,3.1999998807907124,2,0.2592871485943775,2,0.2723716381418093,0.013084489547431799,3984,4090,level0
Mouse,POLYIC_20190619_mouse39__E3_P1,x,5,3.1999998807907124,2,0.2103413654618474,1,0.20537897310513448,-0.004962392356712919,3984,4090,level0
Mouse,POLYIC_20190619_mouse39__E3_P1,x,6,3.1999998807907124,2,0.17394578313253012,3,0.1743276283618582,0.0003818452293280761,3984,4090,level0
Mouse,POLYIC_20190619_mouse39__E3_P1,x,7,3.1999998807907124,2,0.15813253012048192,3,0.15647921760391198,-0.0016533125165699436,3984,4090,level0
Mouse,POLYIC_20190619_mouse39__E3_P1,x,8,3.1999998807907124,6,0.13579317269076305,6,0.14034229828850855,0.004549125597745507,3984,4090,level0
Mouse,POLYIC_20190619_mouse39__E3_P1,y,2,4.999999925494195,1,0.5052727272727273,0,0.5040014550745726,-0.0012712721981547048,5500,5498,level0
Mouse,POLYIC_20190619_mouse39__E3_P1,y,3,4.999999925494195,2,0.3507272727272727,1,0.41087668242997455,0.06014940970270183,5500,5498,level0
Mouse,POLYIC_20190619_mouse39__E3_P1,y,4,4.999999925494195,2,0.2672727272727273,0,0.29210622044379775,0.024833493171070475,5500,5498,level0
Mouse,POLYIC_20190619_mouse39__E3_P1,y,5,4.999999925494195,3,0.236,0,0.5020007275372863,0.2660007275372863,5500,5498,level0
Mouse,POLYIC_20190619_mouse39__E3_P1,y,6,4.999999925494195,2,0.17745454545454545,1,0.22680974899963624,0.04935520354509079,5500,5498,level0
Mouse,POLYIC_20190619_mouse39__E3_P1,y,7,4.999999925494195,3,0.1658181818181818,5,0.1842488177519098,0.018430635933727985,5500,5498,level0
Mouse,POLYIC_20190619_mouse39__E3_P1,y,8,4.999999925494195,2,0.14254545454545456,1,0.20425609312477264,0.06171063857931808,5500,5498,level0
Mouse,POLYIC_20190619_mouse42__E3_P1,x,2,3.1999998807907124,0,0.5025037556334502,1,0.5040567951318459,0.0015530394983956919,3994,3944,corrected_baseline
Mouse,POLYIC_20190619_mouse42__E3_P1,x,3,3.1999998807907124,1,0.33950926389584374,1,0.3481237322515213,0.008614468355677585,3994,3944,corrected_baseline
Mouse,POLYIC_20190619_mouse42__E3_P1,x,4,3.1999998807907124,2,0.2661492238357536,1,0.26217038539553755,-0.00397883844021607,3994,3944,corrected_baseline
Mouse,POLYIC_20190619_mouse42__E3_P1,x,5,3.1999998807907124,0,0.21932899349023535,0,0.2281947261663286,0.008865732676093252,3994,3944,corrected_baseline
Mouse,POLYIC_20190619_mouse42__E3_P1,x,6,3.1999998807907124,4,0.17050575863795694,4,0.17418864097363082,0.003682882335673876,3994,3944,corrected_baseline
Mouse,POLYIC_20190619_mouse42__E3_P1,x,7,3.1999998807907124,6,0.16099148723084628,4,0.16480730223123732,0.0038158150003910485,3994,3944,corrected_baseline
Mouse,POLYIC_20190619_mouse42__E3_P1,x,8,3.1999998807907124,2,0.1357035553329995,1,0.1386916835699797,0.00298812823698022,3994,3944,corrected_baseline
Mouse,POLYIC_20190619_mouse42__E3_P1,y,2,4.999999925494195,1,0.5154735272184937,0,0.5107886904761905,-0.004684836742303244,5364,5376,corrected_baseline
Mouse,POLYIC_20190619_mouse42__E3_P1,y,3,4.999999925494195,0,0.33687546607009694,0,0.45107886904761907,0.11420340297752213,5364,5376,corrected_baseline
Mouse,POLYIC_20190619_mouse42__E3_P1,y,4,4.999999925494195,3,0.26304996271439224,2,0.31640625,0.05335628728560776,5364,5376,corrected_baseline
Mouse,POLYIC_20190619_mouse42__E3_P1,y,5,4.999999925494195,1,0.22054436987322892,0,0.5314360119047619,0.31089164203153297,5364,5376,corrected_baseline
Mouse,POLYIC_20190619_mouse42__E3_P1,y,6,4.999999925494195,5,0.18586875466070096,3,0.23809523809523808,0.05222648343453712,5364,5376,corrected_baseline
Mouse,POLYIC_20190619_mouse42__E3_P1,y,7,4.999999925494195,0,0.15902311707680836,3,0.19215029761904762,0.03312718054223926,5364,5376,corrected_baseline
Mouse,POLYIC_20190619_mouse42__E3_P1,y,8,4.999999925494195,3,0.14410887397464578,7,0.1949404761904762,0.05083160221583041,5364,5376,corrected_baseline
Mouse,POLYIC_20190619_mouse42__E3_P1,x,2,3.1999998807907124,0,0.5025037556334502,0,0.5267639902676399,0.024260234634189692,3994,4110,level0
Mouse,POLYIC_20190619_mouse42__E3_P1,x,3,3.1999998807907124,1,0.33950926389584374,1,0.3416058394160584,0.0020965755202146386,3994,4110,level0
Mouse,POLYIC_20190619_mouse42__E3_P1,x,4,3.1999998807907124,2,0.2661492238357536,2,0.2708029197080292,0.004653695872275598,3994,4110,level0
Mouse,POLYIC_20190619_mouse42__E3_P1,x,5,3.1999998807907124,0,0.21932899349023535,1,0.21654501216545013,-0.0027839813247852174,3994,4110,level0
Mouse,POLYIC_20190619_mouse42__E3_P1,x,6,3.1999998807907124,4,0.17050575863795694,4,0.18637469586374697,0.015868937225790025,3994,4110,level0
Mouse,POLYIC_20190619_mouse42__E3_P1,x,7,3.1999998807907124,6,0.16099148723084628,5,0.17445255474452553,0.013461067513679259,3994,4110,level0
Mouse,POLYIC_20190619_mouse42__E3_P1,x,8,3.1999998807907124,2,0.1357035553329995,2,0.1440389294403893,0.008335374107389798,3994,4110,level0
Mouse,POLYIC_20190619_mouse42__E3_P1,y,2,4.999999925494195,1,0.5154735272184937,1,0.5120370370370371,-0.0034364901814566418,5364,5400,level0
Mouse,POLYIC_20190619_mouse42__E3_P1,y,3,4.999999925494195,0,0.33687546607009694,0,0.4483333333333333,0.11145786726323637,5364,5400,level0
Mouse,POLYIC_20190619_mouse42__E3_P1,y,4,4.999999925494195,3,0.26304996271439224,2,0.30833333333333335,0.04528337061894111,5364,5400,level0
Mouse,POLYIC_20190619_mouse42__E3_P1,y,5,4.999999925494195,1,0.22054436987322892,0,0.5170370370370371,0.2964926671638082,5364,5400,level0
Mouse,POLYIC_20190619_mouse42__E3_P1,y,6,4.999999925494195,5,0.18586875466070096,3,0.24222222222222223,0.056353467561521264,5364,5400,level0
Mouse,POLYIC_20190619_mouse42__E3_P1,y,7,4.999999925494195,0,0.15902311707680836,3,0.1925925925925926,0.033569475515784236,5364,5400,level0
Mouse,POLYIC_20190619_mouse42__E3_P1,y,8,4.999999925494195,3,0.14410887397464578,7,0.19166666666666668,0.0475577926920209,5364,5400,level0
Mouse,POLYIC_20190619_mouse43__E3_P1,x,2,3.1999998807907124,1,0.5088148873653281,0,0.5241975308641975,0.01538264349886942,4084,4050,corrected_baseline
Mouse,POLYIC_20190619_mouse43__E3_P1,x,3,3.1999998807907124,2,0.3396180215475024,2,0.3380246913580247,-0.0015933301894777152,4084,4050,corrected_baseline
Mouse,POLYIC_20190619_mouse43__E3_P1,x,4,3.1999998807907124,0,0.2615083251714006,0,0.27382716049382716,0.012318835322426558,4084,4050,corrected_baseline
Mouse,POLYIC_20190619_mouse43__E3_P1,x,5,3.1999998807907124,1,0.21449559255631734,4,0.21901234567901234,0.004516753122695005,4084,4050,corrected_baseline
Mouse,POLYIC_20190619_mouse43__E3_P1,x,6,3.1999998807907124,5,0.17580803134182174,0,0.1760493827160494,0.00024135137422764963,4084,4050,corrected_baseline
Mouse,POLYIC_20190619_mouse43__E3_P1,x,7,3.1999998807907124,0,0.15523996082272282,6,0.14962962962962964,-0.0056103311930931765,4084,4050,corrected_baseline
Mouse,POLYIC_20190619_mouse43__E3_P1,x,8,3.1999998807907124,7,0.13491674828599412,0,0.14123456790123456,0.006317819615240444,4084,4050,corrected_baseline
Mouse,POLYIC_20190619_mouse43__E3_P1,y,2,4.999999925494195,0,0.5091743119266054,0,0.5038270187523919,-0.005347293174213563,5232,5226,corrected_baseline
Mouse,POLYIC_20190619_mouse43__E3_P1,y,3,4.999999925494195,0,0.3388761467889908,0,0.42192881745120553,0.08305267066221472,5232,5226,corrected_baseline
Mouse,POLYIC_20190619_mouse43__E3_P1,y,4,4.999999925494195,2,0.2566896024464832,2,0.29468044393417525,0.03799084148769205,5232,5226,corrected_baseline
Mouse,POLYIC_20190619_mouse43__E3_P1,y,5,4.999999925494195,0,0.21521406727828746,0,0.5535782625334864,0.33836419525519895,5232,5226,corrected_baseline
Mouse,POLYIC_20190619_mouse43__E3_P1,y,6,4.999999925494195,4,0.1834862385321101,0,0.22407194795254498,0.04058570942043488,5232,5226,corrected_baseline
Mouse,POLYIC_20190619_mouse43__E3_P1,y,7,4.999999925494195,2,0.17392966360856268,3,0.18867202449292,0.01474236088435732,5232,5226,corrected_baseline
Mouse,POLYIC_20190619_mouse43__E3_P1,y,8,4.999999925494195,6,0.15347859327217125,6,0.17661691542288557,0.02313832215071432,5232,5226,corrected_baseline
Mouse,POLYIC_20190619_mouse43__E3_P1,x,2,3.1999998807907124,1,0.5088148873653281,1,0.5188724319159101,0.010057544550582054,4084,4186,level0
Mouse,POLYIC_20190619_mouse43__E3_P1,x,3,3.1999998807907124,2,0.3396180215475024,1,0.34997611084567604,0.010358089298173612,4084,4186,level0
Mouse,POLYIC_20190619_mouse43__E3_P1,x,4,3.1999998807907124,0,0.2615083251714006,3,0.26899187768752986,0.007483552516129255,4084,4186,level0
Mouse,POLYIC_20190619_mouse43__E3_P1,x,5,3.1999998807907124,1,0.21449559255631734,0,0.21285236502627808,-0.0016432275300392596,4084,4186,level0
Mouse,POLYIC_20190619_mouse43__E3_P1,x,6,3.1999998807907124,5,0.17580803134182174,1,0.18227424749163879,0.0064662161498170445,4084,4186,level0
Mouse,POLYIC_20190619_mouse43__E3_P1,x,7,3.1999998807907124,0,0.15523996082272282,6,0.14906832298136646,-0.006171637841356353,4084,4186,level0
Mouse,POLYIC_20190619_mouse43__E3_P1,x,8,3.1999998807907124,7,0.13491674828599412,7,0.1347348303870043,-0.00018191789898983068,4084,4186,level0
Mouse,POLYIC_20190619_mouse43__E3_P1,y,2,4.999999925494195,0,0.5091743119266054,0,0.5019215987701768,-0.007252713156428614,5232,5204,level0
Mouse,POLYIC_20190619_mouse43__E3_P1,y,3,4.999999925494195,0,0.3388761467889908,0,0.4208301306687164,0.08195398387972558,5232,5204,level0
Mouse,POLYIC_20190619_mouse43__E3_P1,y,4,4.999999925494195,2,0.2566896024464832,2,0.28305149884704073,0.026361896400557527,5232,5204,level0
Mouse,POLYIC_20190619_mouse43__E3_P1,y,5,4.999999925494195,0,0.21521406727828746,0,0.5422751729438893,0.3270611056656018,5232,5204,level0
Mouse,POLYIC_20190619_mouse43__E3_P1,y,6,4.999999925494195,4,0.1834862385321101,0,0.21867794004611837,0.03519170151400827,5232,5204,level0
Mouse,POLYIC_20190619_mouse43__E3_P1,y,7,4.999999925494195,2,0.17392966360856268,3,0.18639508070714836,0.012465417098585674,5232,5204,level0
Mouse,POLYIC_20190619_mouse43__E3_P1,y,8,4.999999925494195,6,0.15347859327217125,6,0.16544965411222137,0.011971060840050118,5232,5204,level0
Mouse,POLYIC_20190628_mouse33__E3_P1,x,2,3.1999998807907124,0,0.5121334681496461,0,0.5041601664066563,-0.007973301742989825,3956,3846,corrected_baseline
Mouse,POLYIC_20190628_mouse33__E3_P1,x,3,3.1999998807907124,2,0.35085945399393326,2,0.3377535101404056,-0.013105943853527646,3956,3846,corrected_baseline
Mouse,POLYIC_20190628_mouse33__E3_P1,x,4,3.1999998807907124,2,0.2616279069767442,3,0.26781071242849713,0.006182805451752926,3956,3846,corrected_baseline
Mouse,POLYIC_20190628_mouse33__E3_P1,x,5,3.1999998807907124,4,0.21081900910010112,3,0.2142485699427977,0.0034295608426965773,3956,3846,corrected_baseline
Mouse,POLYIC_20190628_mouse33__E3_P1,x,6,3.1999998807907124,5,0.17669362992922144,0,0.1765470618824753,-0.00014656804674614832,3956,3846,corrected_baseline
Mouse,POLYIC_20190628_mouse33__E3_P1,x,7,3.1999998807907124,0,0.15091001011122346,0,0.16614664586583464,0.015236635754611177,3956,3846,corrected_baseline
Mouse,POLYIC_20190628_mouse33__E3_P1,x,8,3.1999998807907124,6,0.13675429726996965,4,0.15132605304212168,0.014571755772152029,3956,3846,corrected_baseline
Mouse,POLYIC_20190628_mouse33__E3_P1,y,2,4.999999925494195,0,0.5018463810930576,1,0.5355405910961466,0.03369421000308903,5416,5346,corrected_baseline
Mouse,POLYIC_20190628_mouse33__E3_P1,y,3,4.999999925494195,1,0.33899556868537667,1,0.4160119715675271,0.07701640288215045,5416,5346,corrected_baseline
Mouse,POLYIC_20190628_mouse33__E3_P1,y,4,4.999999925494195,2,0.25406203840472674,1,0.3179947624392069,0.06393272403448014,5416,5346,corrected_baseline
Mouse,POLYIC_20190628_mouse33__E3_P1,y,5,4.999999925494195,3,0.22950516986706057,2,0.503741114852226,0.27423594498516535,5416,5346,corrected_baseline
Mouse,POLYIC_20190628_mouse33__E3_P1,y,6,4.999999925494195,2,0.18112998522895127,1,0.25944631500187054,0.07831632977291927,5416,5346,corrected_baseline
Mouse,POLYIC_20190628_mouse33__E3_P1,y,7,4.999999925494195,3,0.15528064992614476,5,0.18799102132435466,0.0327103713982099,5416,5346,corrected_baseline
Mouse,POLYIC_20190628_mouse33__E3_P1,y,8,4.999999925494195,2,0.14143279172821271,1,0.2558922558922559,0.11445946416404318,5416,5346,corrected_baseline
Mouse,POLYIC_20190628_mouse33__E3_P1,x,2,3.1999998807907124,0,0.5121334681496461,1,0.518406454866364,0.006272986716717943,3956,3966,level0
Mouse,POLYIC_20190628_mouse33__E3_P1,x,3,3.1999998807907124,2,0.35085945399393326,0,0.34089762985375693,-0.009961824140176323,3956,3966,level0
Mouse,POLYIC_20190628_mouse33__E3_P1,x,4,3.1999998807907124,2,0.2616279069767442,3,0.2682803832576904,0.0066524762809461735,3956,3966,level0
Mouse,POLYIC_20190628_mouse33__E3_P1,x,5,3.1999998807907124,4,0.21081900910010112,0,0.2054967221381745,-0.005322286961926631,3956,3966,level0
Mouse,POLYIC_20190628_mouse33__E3_P1,x,6,3.1999998807907124,5,0.17669362992922144,5,0.18330811901159857,0.006614489082377134,3956,3966,level0
Mouse,POLYIC_20190628_mouse33__E3_P1,x,7,3.1999998807907124,0,0.15091001011122346,0,0.1583459404942007,0.0074359303829772405,3956,3966,level0
Mouse,POLYIC_20190628_mouse33__E3_P1,x,8,3.1999998807907124,6,0.13675429726996965,4,0.14094805849722641,0.004193761227256759,3956,3966,level0
Mouse,POLYIC_20190628_mouse33__E3_P1,y,2,4.999999925494195,0,0.5018463810930576,1,0.5350294985250738,0.033183117432016185,5416,5424,level0
Mouse,POLYIC_20190628_mouse33__E3_P1,y,3,4.999999925494195,1,0.33899556868537667,1,0.40707964601769914,0.06808407733232247,5416,5424,level0
Mouse,POLYIC_20190628_mouse33__E3_P1,y,4,4.999999925494195,2,0.25406203840472674,1,0.3134218289085546,0.059359790503827836,5416,5424,level0
Mouse,POLYIC_20190628_mouse33__E3_P1,y,5,4.999999925494195,3,0.22950516986706057,2,0.5079277286135693,0.2784225587465087,5416,5424,level0
Mouse,POLYIC_20190628_mouse33__E3_P1,y,6,4.999999925494195,2,0.18112998522895127,1,0.25460914454277284,0.07347915931382157,5416,5424,level0
Mouse,POLYIC_20190628_mouse33__E3_P1,y,7,4.999999925494195,3,0.15528064992614476,5,0.19929941002949852,0.04401876010335376,5416,5424,level0
Mouse,POLYIC_20190628_mouse33__E3_P1,y,8,4.999999925494195,2,0.14143279172821271,1,0.24465339233038347,0.10322060060217075,5416,5424,level0
Mouse,POLYIC_20190628_mouse34__E6_P1,x,2,3.1999998807907124,0,0.5033197139938713,0,0.5103359173126615,0.00701620331879016,3916,3870,corrected_baseline
Mouse,POLYIC_20190628_mouse34__E6_P1,x,3,3.1999998807907124,2,0.3409090909090909,1,0.3459948320413437,0.005085741132252797,3916,3870,corrected_baseline
Mouse,POLYIC_20190628_mouse34__E6_P1,x,4,3.1999998807907124,2,0.26072522982635343,2,0.26744186046511625,0.006716630638762822,3916,3870,corrected_baseline
Mouse,POLYIC_20190628_mouse34__E6_P1,x,5,3.1999998807907124,0,0.21220633299284986,1,0.2131782945736434,0.0009719615807935456,3916,3870,corrected_baseline
Mouse,POLYIC_20190628_mouse34__E6_P1,x,6,3.1999998807907124,5,0.1764555669050051,4,0.19224806201550387,0.015792495110498767,3916,3870,corrected_baseline
Mouse,POLYIC_20190628_mouse34__E6_P1,x,7,3.1999998807907124,3,0.1511746680286006,3,0.15064599483204133,-0.0005286731965592761,3916,3870,corrected_baseline
Mouse,POLYIC_20190628_mouse34__E6_P1,x,8,3.1999998807907124,2,0.13789581205311544,0,0.1405684754521964,0.0026726633990809545,3916,3870,corrected_baseline
Mouse,POLYIC_20190628_mouse34__E6_P1,y,2,4.999999925494195,1,0.5059501673484567,0,0.5348089292470677,0.02885876189861103,5378,5286,corrected_baseline
Mouse,POLYIC_20190628_mouse34__E6_P1,y,3,4.999999925494195,2,0.3462253625883228,1,0.4194097616345062,0.0731843990461834,5378,5286,corrected_baseline
Mouse,POLYIC_20190628_mouse34__E6_P1,y,4,4.999999925494195,1,0.2612495351431759,0,0.3229284903518729,0.061678955208696984,5378,5286,corrected_baseline
Mouse,POLYIC_20190628_mouse34__E6_P1,y,5,4.999999925494195,1,0.21309036816660468,0,0.5588346575860764,0.3457442894194718,5378,5286,corrected_baseline
Mouse,POLYIC_20190628_mouse34__E6_P1,y,6,4.999999925494195,5,0.1911491260691707,4,0.2385546727203935,0.04740554665122279,5378,5286,corrected_baseline
Mouse,POLYIC_20190628_mouse34__E6_P1,y,7,4.999999925494195,3,0.17869096318333952,2,0.20998864926220204,0.03129768607886252,5378,5286,corrected_baseline
Mouse,POLYIC_20190628_mouse34__E6_P1,y,8,4.999999925494195,5,0.1569356638155448,3,0.20506999621642075,0.048134332400875945,5378,5286,corrected_baseline
Mouse,POLYIC_20190628_mouse34__E6_P1,x,2,3.1999998807907124,0,0.5033197139938713,0,0.5177234148776835,0.014403700883812154,3916,4006,level0
Mouse,POLYIC_20190628_mouse34__E6_P1,x,3,3.1999998807907124,2,0.3409090909090909,1,0.3612081877184224,0.020299096809331507,3916,4006,level0
Mouse,POLYIC_20190628_mouse34__E6_P1,x,4,3.1999998807907124,2,0.26072522982635343,2,0.26135796305541686,0.0006327332290634313,3916,4006,level0
Mouse,POLYIC_20190628_mouse34__E6_P1,x,5,3.1999998807907124,0,0.21220633299284986,0,0.21118322516225663,-0.0010231078305932284,3916,4006,level0
Mouse,POLYIC_20190628_mouse34__E6_P1,x,6,3.1999998807907124,5,0.1764555669050051,4,0.19895157264103844,0.02249600573603333,3916,4006,level0
Mouse,POLYIC_20190628_mouse34__E6_P1,x,7,3.1999998807907124,3,0.1511746680286006,3,0.1507738392411383,-0.00040082878746230954,3916,4006,level0
Mouse,POLYIC_20190628_mouse34__E6_P1,x,8,3.1999998807907124,2,0.13789581205311544,0,0.15202196704942586,0.014126154996310425,3916,4006,level0
Mouse,POLYIC_20190628_mouse34__E6_P1,y,2,4.999999925494195,1,0.5059501673484567,0,0.5186300338727888,0.012679866524332173,5378,5314,level0
Mouse,POLYIC_20190628_mouse34__E6_P1,y,3,4.999999925494195,2,0.3462253625883228,1,0.44222807677832143,0.09600271418999862,5378,5314,level0
Mouse,POLYIC_20190628_mouse34__E6_P1,y,4,4.999999925494195,1,0.2612495351431759,0,0.32310876928867144,0.061859234145495545,5378,5314,level0
Mouse,POLYIC_20190628_mouse34__E6_P1,y,5,4.999999925494195,1,0.21309036816660468,0,0.5513737297704178,0.3382833616038131,5378,5314,level0
Mouse,POLYIC_20190628_mouse34__E6_P1,y,6,4.999999925494195,5,0.1911491260691707,4,0.24369589762890478,0.052546771559734085,5378,5314,level0
Mouse,POLYIC_20190628_mouse34__E6_P1,y,7,4.999999925494195,3,0.17869096318333952,2,0.21114038389160708,0.03244942070826756,5378,5314,level0
Mouse,POLYIC_20190628_mouse34__E6_P1,y,8,4.999999925494195,5,0.1569356638155448,3,0.20229582235604066,0.045360158540495854,5378,5314,level0
Mouse,POLYIC_20190628_mouse35__E3_P1,x,2,3.1999998807907124,1,0.5177215189873418,0,0.5149518499746579,-0.0027696690126838286,3950,3946,corrected_baseline
Mouse,POLYIC_20190628_mouse35__E3_P1,x,3,3.1999998807907124,0,0.3473417721518987,0,0.3454130765331982,-0.0019286956187005155,3950,3946,corrected_baseline
Mouse,POLYIC_20190628_mouse35__E3_P1,x,4,3.1999998807907124,3,0.260253164556962,0,0.27546882919412063,0.015215664637158621,3950,3946,corrected_baseline
Mouse,POLYIC_20190628_mouse35__E3_P1,x,5,3.1999998807907124,1,0.20810126582278482,1,0.2141409021794222,0.006039636356637373,3950,3946,corrected_baseline
Mouse,POLYIC_20190628_mouse35__E3_P1,x,6,3.1999998807907124,1,0.1850632911392405,2,0.18373035985808414,-0.0013329312811563576,3950,3946,corrected_baseline
Mouse,POLYIC_20190628_mouse35__E3_P1,x,7,3.1999998807907124,1,0.1830379746835443,1,0.1594019260010137,-0.023636048682530608,3950,3946,corrected_baseline
Mouse,POLYIC_20190628_mouse35__E3_P1,x,8,3.1999998807907124,3,0.14405063291139242,4,0.1403953370501774,-0.003655295861215019,3950,3946,corrected_baseline
Mouse,POLYIC_20190628_mouse35__E3_P1,y,2,4.999999925494195,0,0.5054144884241971,0,0.5122595247076575,0.006845036283460337,5356,5302,corrected_baseline
Mouse,POLYIC_20190628_mouse35__E3_P1,y,3,4.999999925494195,1,0.3448469006721434,2,0.43568464730290457,0.09083774663076116,5356,5302,corrected_baseline
Mouse,POLYIC_20190628_mouse35__E3_P1,y,4,4.999999925494195,3,0.2626960418222554,3,0.3006412674462467,0.037945225623991274,5356,5302,corrected_baseline
Mouse,POLYIC_20190628_mouse35__E3_P1,y,5,4.999999925494195,1,0.21359223300970873,0,0.5160316861561675,0.3024394531464587,5356,5302,corrected_baseline
Mouse,POLYIC_20190628_mouse35__E3_P1,y,6,4.999999925494195,3,0.18241224794622854,2,0.23538287438702377,0.052970626440795227,5356,5302,corrected_baseline
Mouse,POLYIC_20190628_mouse35__E3_P1,y,7,4.999999925494195,0,0.16392830470500375,4,0.1854017351942663,0.021473430489262563,5356,5302,corrected_baseline
Mouse,POLYIC_20190628_mouse35__E3_P1,y,8,4.999999925494195,3,0.13872292755787902,4,0.17804602036967182,0.039323092811792804,5356,5302,corrected_baseline
Mouse,POLYIC_20190628_mouse35__E3_P1,x,2,3.1999998807907124,1,0.5177215189873418,1,0.5109756097560976,-0.006745909231244185,3950,4100,level0
Mouse,POLYIC_20190628_mouse35__E3_P1,x,3,3.1999998807907124,0,0.3473417721518987,0,0.3565853658536585,0.009243593701759811,3950,4100,level0
Mouse,POLYIC_20190628_mouse35__E3_P1,x,4,3.1999998807907124,3,0.260253164556962,1,0.2575609756097561,-0.002692188947205909,3950,4100,level0
Mouse,POLYIC_20190628_mouse35__E3_P1,x,5,3.1999998807907124,1,0.20810126582278482,1,0.22682926829268293,0.018728002469898114,3950,4100,level0
Mouse,POLYIC_20190628_mouse35__E3_P1,x,6,3.1999998807907124,1,0.1850632911392405,3,0.1797560975609756,-0.005307193578264896,3950,4100,level0
Mouse,POLYIC_20190628_mouse35__E3_P1,x,7,3.1999998807907124,1,0.1830379746835443,1,0.16560975609756098,-0.017428218585983313,3950,4100,level0
Mouse,POLYIC_20190628_mouse35__E3_P1,x,8,3.1999998807907124,3,0.14405063291139242,2,0.1448780487804878,0.000827415869095377,3950,4100,level0
Mouse,POLYIC_20190628_mouse35__E3_P1,y,2,4.999999925494195,0,0.5054144884241971,0,0.5143871449925261,0.008972656568329018,5356,5352,level0
Mouse,POLYIC_20190628_mouse35__E3_P1,y,3,4.999999925494195,1,0.3448469006721434,2,0.4553437967115097,0.1104968960393663,5356,5352,level0
Mouse,POLYIC_20190628_mouse35__E3_P1,y,4,4.999999925494195,3,0.2626960418222554,0,0.3068011958146487,0.04410515399239329,5356,5352,level0
Mouse,POLYIC_20190628_mouse35__E3_P1,y,5,4.999999925494195,1,0.21359223300970873,0,0.5128923766816144,0.2993001436719056,5356,5352,level0
Mouse,POLYIC_20190628_mouse35__E3_P1,y,6,4.999999925494195,3,0.18241224794622854,2,0.24869207772795215,0.06627982978172361,5356,5352,level0
Mouse,POLYIC_20190628_mouse35__E3_P1,y,7,4.999999925494195,0,0.16392830470500375,5,0.19095665171898354,0.027028347013979798,5356,5352,level0
Mouse,POLYIC_20190628_mouse35__E3_P1,y,8,4.999999925494195,3,0.13872292755787902,4,0.18404334828101646,0.04532042072313744,5356,5352,level0
Mouse,POLYIC_20190628_mouse36__E3_P1,x,2,3.1999998807907124,1,0.5142787996127783,0,0.5117302052785924,-0.002548594334185972,4132,4092,corrected_baseline
Mouse,POLYIC_20190628_mouse36__E3_P1,x,3,3.1999998807907124,2,0.3477734753146176,2,0.34359726295210163,-0.004176212362515974,4132,4092,corrected_baseline
Mouse,POLYIC_20190628_mouse36__E3_P1,x,4,3.1999998807907124,3,0.2633107454017425,2,0.2661290322580645,0.0028182868563220165,4132,4092,corrected_baseline
Mouse,POLYIC_20190628_mouse36__E3_P1,x,5,3.1999998807907124,0,0.20716360116166505,0,0.21236559139784947,0.005201990236184423,4132,4092,corrected_baseline
Mouse,POLYIC_20190628_mouse36__E3_P1,x,6,3.1999998807907124,5,0.18635043562439496,5,0.1744868035190616,-0.011863632105333366,4132,4092,corrected_baseline
Mouse,POLYIC_20190628_mouse36__E3_P1,x,7,3.1999998807907124,4,0.15246853823814133,5,0.1615347018572825,0.009066163619141171,4132,4092,corrected_baseline
Mouse,POLYIC_20190628_mouse36__E3_P1,x,8,3.1999998807907124,1,0.13649564375605033,2,0.14931573802541545,0.012820094269365118,4132,4092,corrected_baseline
Mouse,POLYIC_20190628_mouse36__E3_P1,y,2,4.999999925494195,0,0.5149388048956084,1,0.5497630331753555,0.03482422827974707,5556,5486,corrected_baseline
Mouse,POLYIC_20190628_mouse36__E3_P1,y,3,4.999999925494195,1,0.34485241180705545,2,0.3884433102442581,0.04359089843720265,5556,5486,corrected_baseline
Mouse,POLYIC_20190628_mouse36__E3_P1,y,4,4.999999925494195,2,0.2687185025197984,3,0.2869121399927087,0.018193637472910307,5556,5486,corrected_baseline
Mouse,POLYIC_20190628_mouse36__E3_P1,y,5,4.999999925494195,3,0.226601871850252,2,0.5049216186656945,0.2783197468154425,5556,5486,corrected_baseline
Mouse,POLYIC_20190628_mouse36__E3_P1,y,6,4.999999925494195,0,0.1783657307415407,1,0.2154575282537368,0.0370917975121961,5556,5486,corrected_baseline
Mouse,POLYIC_20190628_mouse36__E3_P1,y,7,4.999999925494195,3,0.1677465802735781,5,0.16769959897921982,-4.698129435828924e-05,5556,5486,corrected_baseline
Mouse,POLYIC_20190628_mouse36__E3_P1,y,8,4.999999925494195,1,0.1421886249100072,1,0.1966824644549763,0.054493839544969114,5556,5486,corrected_baseline
Mouse,POLYIC_20190628_mouse36__E3_P1,x,2,3.1999998807907124,1,0.5142787996127783,1,0.5050714615029968,-0.009207338109781582,4132,4338,level0
Mouse,POLYIC_20190628_mouse36__E3_P1,x,3,3.1999998807907124,2,0.3477734753146176,2,0.3453204241585984,-0.0024530511560191814,4132,4338,level0
Mouse,POLYIC_20190628_mouse36__E3_P1,x,4,3.1999998807907124,3,0.2633107454017425,3,0.25472568003688334,-0.008585065364859146,4132,4338,level0
Mouse,POLYIC_20190628_mouse36__E3_P1,x,5,3.1999998807907124,0,0.20716360116166505,1,0.20585523282618717,-0.001308368335477872,4132,4338,level0
Mouse,POLYIC_20190628_mouse36__E3_P1,x,6,3.1999998807907124,5,0.18635043562439496,5,0.18695251267865376,0.0006020770542587983,4132,4338,level0
Mouse,POLYIC_20190628_mouse36__E3_P1,x,7,3.1999998807907124,4,0.15246853823814133,4,0.15283540802213003,0.0003668697839886992,4132,4338,level0
Mouse,POLYIC_20190628_mouse36__E3_P1,x,8,3.1999998807907124,1,0.13649564375605033,2,0.13715998155832182,0.0006643378022714863,4132,4338,level0
Mouse,POLYIC_20190628_mouse36__E3_P1,y,2,4.999999925494195,0,0.5149388048956084,1,0.5418175235336713,0.026878718638062904,5556,5524,level0
Mouse,POLYIC_20190628_mouse36__E3_P1,y,3,4.999999925494195,1,0.34485241180705545,2,0.41926140477914553,0.07440899297209008,5556,5524,level0
Mouse,POLYIC_20190628_mouse36__E3_P1,y,4,4.999999925494195,2,0.2687185025197984,3,0.3003258508327299,0.031607348312931494,5556,5524,level0
Mouse,POLYIC_20190628_mouse36__E3_P1,y,5,4.999999925494195,3,0.226601871850252,0,0.5121288921071687,0.28552702025691673,5556,5524,level0
Mouse,POLYIC_20190628_mouse36__E3_P1,y,6,4.999999925494195,0,0.1783657307415407,5,0.22538015930485156,0.04701442856331087,5556,5524,level0
Mouse,POLYIC_20190628_mouse36__E3_P1,y,7,4.999999925494195,3,0.1677465802735781,4,0.17451122375090514,0.006764643477327026,5556,5524,level0
Mouse,POLYIC_20190628_mouse36__E3_P1,y,8,4.999999925494195,1,0.1421886249100072,3,0.16998551774076756,0.027796892830760367,5556,5524,level0
Mouse,POLYIC_20190629_polyic_mo__E3_P1,x,2,3.1999998807907124,1,0.5009940357852882,1,0.5223463687150838,0.021352332929795548,4024,3938,corrected_baseline
Mouse,POLYIC_20190629_polyic_mo__E3_P1,x,3,3.1999998807907124,2,0.3429423459244533,2,0.345860843067547,0.0029184971430937234,4024,3938,corrected_baseline
Mouse,POLYIC_20190629_polyic_mo__E3_P1,x,4,3.1999998807907124,3,0.26118290258449306,3,0.28288471305231083,0.021701810467817773,4024,3938,corrected_baseline
Mouse,POLYIC_20190629_polyic_mo__E3_P1,x,5,3.1999998807907124,2,0.20526838966202784,3,0.21584560690705942,0.010577217245031578,4024,3938,corrected_baseline
Mouse,POLYIC_20190629_polyic_mo__E3_P1,x,6,3.1999998807907124,3,0.18116302186878727,3,0.17546978161503302,-0.005693240253754256,4024,3938,corrected_baseline
Mouse,POLYIC_20190629_polyic_mo__E3_P1,x,7,3.1999998807907124,2,0.16451292246520874,1,0.15566277298120873,-0.008850149484000008,4024,3938,corrected_baseline
Mouse,POLYIC_20190629_polyic_mo__E3_P1,x,8,3.1999998807907124,7,0.13817097415506957,3,0.14195022854240733,0.003779254387337755,4024,3938,corrected_baseline
Mouse,POLYIC_20190629_polyic_mo__E3_P1,y,2,4.999999925494195,0,0.5070831819832909,1,0.5173992673992674,0.010316085415976506,5506,5460,corrected_baseline
Mouse,POLYIC_20190629_polyic_mo__E3_P1,y,3,4.999999925494195,1,0.3458045768252815,2,0.39798534798534796,0.052180771160066475,5506,5460,corrected_baseline
Mouse,POLYIC_20190629_polyic_mo__E3_P1,y,4,4.999999925494195,2,0.2586269524155467,3,0.30238095238095236,0.04375399996540569,5506,5460,corrected_baseline
Mouse,POLYIC_20190629_polyic_mo__E3_P1,y,5,4.999999925494195,3,0.21503814021067927,0,0.5228937728937729,0.3078556326830937,5506,5460,corrected_baseline
Mouse,POLYIC_20190629_polyic_mo__E3_P1,y,6,4.999999925494195,4,0.18779513258263714,2,0.20476190476190476,0.01696677217926762,5506,5460,corrected_baseline
Mouse,POLYIC_20190629_polyic_mo__E3_P1,y,7,4.999999925494195,0,0.15710134398837633,4,0.1824175824175824,0.025316238429206078,5506,5460,corrected_baseline
Mouse,POLYIC_20190629_polyic_mo__E3_P1,y,8,4.999999925494195,1,0.143116600072648,1,0.19395604395604396,0.05083944388339595,5506,5460,corrected_baseline
Mouse,POLYIC_20190629_polyic_mo__E3_P1,x,2,3.1999998807907124,1,0.5009940357852882,1,0.5088495575221239,0.00785552173683568,4024,4068,level0
Mouse,POLYIC_20190629_polyic_mo__E3_P1,x,3,3.1999998807907124,2,0.3429423459244533,1,0.3380039331366765,-0.004938412787776791,4024,4068,level0
Mouse,POLYIC_20190629_polyic_mo__E3_P1,x,4,3.1999998807907124,3,0.26118290258449306,3,0.2586037364798427,-0.0025791661046503656,4024,4068,level0
Mouse,POLYIC_20190629_polyic_mo__E3_P1,x,5,3.1999998807907124,2,0.20526838966202784,3,0.22566371681415928,0.020395327152131437,4024,4068,level0
Mouse,POLYIC_20190629_polyic_mo__E3_P1,x,6,3.1999998807907124,3,0.18116302186878727,3,0.17871189773844642,-0.002451124130340848,4024,4068,level0
Mouse,POLYIC_20190629_polyic_mo__E3_P1,x,7,3.1999998807907124,2,0.16451292246520874,2,0.1597836774827925,-0.004729244982416225,4024,4068,level0
Mouse,POLYIC_20190629_polyic_mo__E3_P1,x,8,3.1999998807907124,7,0.13817097415506957,5,0.140117994100295,0.00194701994522542,4024,4068,level0
Mouse,POLYIC_20190629_polyic_mo__E3_P1,y,2,4.999999925494195,0,0.5070831819832909,1,0.5130275229357798,0.005944340952488858,5506,5450,level0
Mouse,POLYIC_20190629_polyic_mo__E3_P1,y,3,4.999999925494195,1,0.3458045768252815,2,0.41376146788990825,0.06795689106462677,5506,5450,level0
Mouse,POLYIC_20190629_polyic_mo__E3_P1,y,4,4.999999925494195,2,0.2586269524155467,3,0.30477064220183486,0.04614368978628819,5506,5450,level0
Mouse,POLYIC_20190629_polyic_mo__E3_P1,y,5,4.999999925494195,3,0.21503814021067927,0,0.5168807339449542,0.3018425937342749,5506,5450,level0
Mouse,POLYIC_20190629_polyic_mo__E3_P1,y,6,4.999999925494195,4,0.18779513258263714,2,0.21174311926605505,0.02394798668341791,5506,5450,level0
Mouse,POLYIC_20190629_polyic_mo__E3_P1,y,7,4.999999925494195,0,0.15710134398837633,4,0.18330275229357798,0.02620140830520165,5506,5450,level0
Mouse,POLYIC_20190629_polyic_mo__E3_P1,y,8,4.999999925494195,1,0.143116600072648,1,0.18697247706422018,0.043855876991572174,5506,5450,level0
Mouse,POLYIC_20190629_polyic_mo__E3_P1_1,x,2,3.1999998807907124,1,0.5091302258529553,0,0.5102186311787072,0.00108840532575194,4162,4208,corrected_baseline
Mouse,POLYIC_20190629_polyic_mo__E3_P1_1,x,3,3.1999998807907124,1,0.3399807784718885,2,0.34909695817490494,0.009116179703016425,4162,4208,corrected_baseline
Mouse,POLYIC_20190629_polyic_mo__E3_P1_1,x,4,3.1999998807907124,3,0.2597308986064392,2,0.25879277566539927,-0.0009381229410399539,4162,4208,corrected_baseline
Mouse,POLYIC_20190629_polyic_mo__E3_P1_1,x,5,3.1999998807907124,4,0.2157616530514176,4,0.22124524714828897,0.00548359409687138,4162,4208,corrected_baseline
Mouse,POLYIC_20190629_polyic_mo__E3_P1_1,x,6,3.1999998807907124,5,0.17683805862566074,5,0.1751425855513308,-0.001695473074329934,4162,4208,corrected_baseline
Mouse,POLYIC_20190629_polyic_mo__E3_P1_1,x,7,3.1999998807907124,3,0.15233061028351755,2,0.15826996197718632,0.005939351693668771,4162,4208,corrected_baseline
Mouse,POLYIC_20190629_polyic_mo__E3_P1_1,x,8,3.1999998807907124,3,0.13142719846227774,2,0.13711977186311788,0.005692573400840145,4162,4208,corrected_baseline
Mouse,POLYIC_20190629_polyic_mo__E3_P1_1,y,2,4.999999925494195,1,0.5028538812785388,0,0.5223797090637822,0.019525827785243366,5256,5362,corrected_baseline
Mouse,POLYIC_20190629_polyic_mo__E3_P1_1,y,3,4.999999925494195,1,0.3369482496194825,1,0.3638567698619918,0.026908520242509282,5256,5362,corrected_baseline
Mouse,POLYIC_20190629_polyic_mo__E3_P1_1,y,4,4.999999925494195,2,0.2595129375951294,0,0.26258858634837745,0.0030756487532480614,5256,5362,corrected_baseline
Mouse,POLYIC_20190629_polyic_mo__E3_P1_1,y,5,4.999999925494195,3,0.2197488584474886,0,0.5333830660201417,0.31363420757265315,5256,5362,corrected_baseline
Mouse,POLYIC_20190629_polyic_mo__E3_P1_1,y,6,4.999999925494195,0,0.1754185692541857,4,0.20346885490488623,0.02805028565070053,5256,5362,corrected_baseline
Mouse,POLYIC_20190629_polyic_mo__E3_P1_1,y,7,4.999999925494195,6,0.14878234398782345,1,0.16989929130921297,0.021116947321389523,5256,5362,corrected_baseline
Mouse,POLYIC_20190629_polyic_mo__E3_P1_1,y,8,4.999999925494195,2,0.1430745814307458,0,0.1523685192092503,0.009293937778504485,5256,5362,corrected_baseline
Mouse,POLYIC_20190629_polyic_mo__E3_P1_1,x,2,3.1999998807907124,1,0.5091302258529553,0,0.5027112516945323,-0.006418974158422963,4162,4426,level0
Mouse,POLYIC_20190629_polyic_mo__E3_P1_1,x,3,3.1999998807907124,1,0.3399807784718885,2,0.3411658382286489,0.001185059756760365,4162,4426,level0
Mouse,POLYIC_20190629_polyic_mo__E3_P1_1,x,4,3.1999998807907124,3,0.2597308986064392,3,0.25643922277451425,-0.0032916758319249673,4162,4426,level0
Mouse,POLYIC_20190629_polyic_mo__E3_P1_1,x,5,3.1999998807907124,4,0.2157616530514176,4,0.21170356981473112,-0.004058083236686466,4162,4426,level0
Mouse,POLYIC_20190629_polyic_mo__E3_P1_1,x,6,3.1999998807907124,5,0.17683805862566074,5,0.17216448260280162,-0.004673576022859116,4162,4426,level0
Mouse,POLYIC_20190629_polyic_mo__E3_P1_1,x,7,3.1999998807907124,3,0.15233061028351755,2,0.1509263443289652,-0.0014042659545523417,4162,4426,level0
Mouse,POLYIC_20190629_polyic_mo__E3_P1_1,x,8,3.1999998807907124,3,0.13142719846227774,2,0.13533664708540444,0.003909448623126699,4162,4426,level0
Mouse,POLYIC_20190629_polyic_mo__E3_P1_1,y,2,4.999999925494195,1,0.5028538812785388,0,0.5317314746881878,0.028877593409649016,5256,5452,level0
Mouse,POLYIC_20190629_polyic_mo__E3_P1_1,y,3,4.999999925494195,1,0.3369482496194825,1,0.36298606016140866,0.026037810541926165,5256,5452,level0
Mouse,POLYIC_20190629_polyic_mo__E3_P1_1,y,4,4.999999925494195,2,0.2595129375951294,2,0.2753118121790169,0.015798874583887512,5256,5452,level0
Mouse,POLYIC_20190629_polyic_mo__E3_P1_1,y,5,4.999999925494195,3,0.2197488584474886,0,0.5104548789435069,0.29070602049601835,5256,5452,level0
Mouse,POLYIC_20190629_polyic_mo__E3_P1_1,y,6,4.999999925494195,0,0.1754185692541857,4,0.20121056493030082,0.02579199567611512,5256,5452,level0
Mouse,POLYIC_20190629_polyic_mo__E3_P1_1,y,7,4.999999925494195,6,0.14878234398782345,1,0.1913059427732942,0.04252359878547077,5256,5452,level0
Mouse,POLYIC_20190629_polyic_mo__E3_P1_1,y,8,4.999999925494195,2,0.1430745814307458,2,0.1471019809244314,0.004027399493685607,5256,5452,level0
Mouse,POLYIC_20190629_polyic_mo__E3_P1_2,x,2,3.1999998807907124,1,0.5052058684335069,0,0.5132434944237918,0.008037625990284902,4226,4304,corrected_baseline
Mouse,POLYIC_20190629_polyic_mo__E3_P1_2,x,3,3.1999998807907124,2,0.3454803596781827,2,0.3450278810408922,-0.00045247863729047655,4226,4304,corrected_baseline
Mouse,POLYIC_20190629_polyic_mo__E3_P1_2,x,4,3.1999998807907124,3,0.26100331282536676,3,0.26301115241635686,0.0020078395909901015,4226,4304,corrected_baseline
Mouse,POLYIC_20190629_polyic_mo__E3_P1_2,x,5,3.1999998807907124,4,0.2127307146237577,1,0.2142193308550186,0.0014886162312608975,4226,4304,corrected_baseline
Mouse,POLYIC_20190629_polyic_mo__E3_P1_2,x,6,3.1999998807907124,5,0.1767628963558921,0,0.1758828996282528,-0.0008799967276393039,4226,4304,corrected_baseline
Mouse,POLYIC_20190629_polyic_mo__E3_P1_2,x,7,3.1999998807907124,3,0.15380974917179366,0,0.15613382899628253,0.0023240798244888727,4226,4304,corrected_baseline
Mouse,POLYIC_20190629_polyic_mo__E3_P1_2,x,8,3.1999998807907124,0,0.13558920965451965,2,0.1366171003717472,0.0010278907172275586,4226,4304,corrected_baseline
Mouse,POLYIC_20190629_polyic_mo__E3_P1_2,y,2,4.999999925494195,1,0.5213000367242012,0,0.517929015733626,-0.00337102099057518,5446,5466,corrected_baseline
Mouse,POLYIC_20190629_polyic_mo__E3_P1_2,y,3,4.999999925494195,0,0.35310319500550863,2,0.3598609586534943,0.006757763647985693,5446,5466,corrected_baseline
Mouse,POLYIC_20190629_polyic_mo__E3_P1_2,y,4,4.999999925494195,3,0.2629452809401395,2,0.28357116721551406,0.02062588627537454,5446,5466,corrected_baseline
Mouse,POLYIC_20190629_polyic_mo__E3_P1_2,y,5,4.999999925494195,3,0.2219977965479251,0,0.535492133186974,0.3134943366390489,5446,5466,corrected_baseline
Mouse,POLYIC_20190629_polyic_mo__E3_P1_2,y,6,4.999999925494195,3,0.1872934263679765,2,0.18038785217709477,-0.006905574190881725,5446,5466,corrected_baseline
Mouse,POLYIC_20190629_polyic_mo__E3_P1_2,y,7,4.999999925494195,6,0.15662871832537642,1,0.1747164288327845,0.018087710507408067,5446,5466,corrected_baseline
Mouse,POLYIC_20190629_polyic_mo__E3_P1_2,y,8,4.999999925494195,5,0.15332354021300038,0,0.1491035492133187,-0.004219990999681678,5446,5466,corrected_baseline
Mouse,POLYIC_20190629_polyic_mo__E3_P1_2,x,2,3.1999998807907124,1,0.5052058684335069,0,0.5002246181491464,-0.004981250284360472,4226,4452,level0
Mouse,POLYIC_20190629_polyic_mo__E3_P1_2,x,3,3.1999998807907124,2,0.3454803596781827,2,0.3436657681940701,-0.0018145914841126154,4226,4452,level0
Mouse,POLYIC_20190629_polyic_mo__E3_P1_2,x,4,3.1999998807907124,3,0.26100331282536676,3,0.2553908355795148,-0.0056124772458519545,4226,4452,level0
Mouse,POLYIC_20190629_polyic_mo__E3_P1_2,x,5,3.1999998807907124,4,0.2127307146237577,1,0.2205750224618149,0.007844307838057202,4226,4452,level0
Mouse,POLYIC_20190629_polyic_mo__E3_P1_2,x,6,3.1999998807907124,5,0.1767628963558921,5,0.17857142857142858,0.0018085322155364791,4226,4452,level0
Mouse,POLYIC_20190629_polyic_mo__E3_P1_2,x,7,3.1999998807907124,3,0.15380974917179366,5,0.1540880503144654,0.0002783011426717441,4226,4452,level0
Mouse,POLYIC_20190629_polyic_mo__E3_P1_2,x,8,3.1999998807907124,0,0.13558920965451965,3,0.12982929020664868,-0.005759919447870965,4226,4452,level0
Mouse,POLYIC_20190629_polyic_mo__E3_P1_2,y,2,4.999999925494195,1,0.5213000367242012,0,0.5173598553345389,-0.003940181389662345,5446,5530,level0
Mouse,POLYIC_20190629_polyic_mo__E3_P1_2,y,3,4.999999925494195,0,0.35310319500550863,2,0.3631103074141049,0.010007112408596253,5446,5530,level0
Mouse,POLYIC_20190629_polyic_mo__E3_P1_2,y,4,4.999999925494195,3,0.2629452809401395,2,0.29041591320072335,0.027470632260583827,5446,5530,level0
Mouse,POLYIC_20190629_polyic_mo__E3_P1_2,y,5,4.999999925494195,3,0.2219977965479251,0,0.5274864376130199,0.3054886410650949,5446,5530,level0
Mouse,POLYIC_20190629_polyic_mo__E3_P1_2,y,6,4.999999925494195,3,0.1872934263679765,2,0.18824593128390596,0.0009525049159294641,5446,5530,level0
Mouse,POLYIC_20190629_polyic_mo__E3_P1_2,y,7,4.999999925494195,6,0.15662871832537642,2,0.17667269439421338,0.020043976068836955,5446,5530,level0
Mouse,POLYIC_20190629_polyic_mo__E3_P1_2,y,8,4.999999925494195,5,0.15332354021300038,2,0.15280289330922242,-0.0005206469037779549,5446,5530,level0
Mouse,POLYIC_20190629_polyic_mo__E3_P1_3,x,2,3.1999998807907124,1,0.501287332646756,0,0.5005165289256198,-0.0007708037211361374,3884,3872,corrected_baseline
Mouse,POLYIC_20190629_polyic_mo__E3_P1_3,x,3,3.1999998807907124,1,0.34629248197734297,2,0.35020661157024796,0.003914129592904991,3884,3872,corrected_baseline
Mouse,POLYIC_20190629_polyic_mo__E3_P1_3,x,4,3.1999998807907124,3,0.256951596292482,3,0.26420454545454547,0.007252949162063482,3884,3872,corrected_baseline
Mouse,POLYIC_20190629_polyic_mo__E3_P1_3,x,5,3.1999998807907124,1,0.20829042224510813,4,0.22133264462809918,0.013042222382991048,3884,3872,corrected_baseline
Mouse,POLYIC_20190629_polyic_mo__E3_P1_3,x,6,3.1999998807907124,1,0.174562306900103,2,0.17665289256198347,0.002090585661880473,3884,3872,corrected_baseline
Mouse,POLYIC_20190629_polyic_mo__E3_P1_3,x,7,3.1999998807907124,6,0.1560247167868177,6,0.17355371900826447,0.017529002221446766,3884,3872,corrected_baseline
Mouse,POLYIC_20190629_polyic_mo__E3_P1_3,x,8,3.1999998807907124,3,0.13851699279093718,3,0.1443698347107438,0.005852841919806617,3884,3872,corrected_baseline
Mouse,POLYIC_20190629_polyic_mo__E3_P1_3,y,2,4.999999925494195,0,0.5038574577516532,1,0.540929203539823,0.03707174578816974,5444,5424,corrected_baseline
Mouse,POLYIC_20190629_polyic_mo__E3_P1_3,y,3,4.999999925494195,0,0.35635562086700956,1,0.3687315634218289,0.01237594255481933,5444,5424,corrected_baseline
Mouse,POLYIC_20190629_polyic_mo__E3_P1_3,y,4,4.999999925494195,2,0.25991917707567963,1,0.27193952802359883,0.0120203509479192,5444,5424,corrected_baseline
Mouse,POLYIC_20190629_polyic_mo__E3_P1_3,y,5,4.999999925494195,3,0.21914033798677443,0,0.5237831858407079,0.3046428478539335,5444,5424,corrected_baseline
Mouse,POLYIC_20190629_polyic_mo__E3_P1_3,y,6,4.999999925494195,0,0.19948567229977957,1,0.21884218289085547,0.019356510591075904,5444,5424,corrected_baseline
Mouse,POLYIC_20190629_polyic_mo__E3_P1_3,y,7,4.999999925494195,3,0.16660543717854517,3,0.17975663716814158,0.013151199989596407,5444,5424,corrected_baseline
Mouse,POLYIC_20190629_polyic_mo__E3_P1_3,y,8,4.999999925494195,3,0.13739897134459955,1,0.1851032448377581,0.04770427349315856,5444,5424,corrected_baseline
Mouse,POLYIC_20190629_polyic_mo__E3_P1_3,x,2,3.1999998807907124,1,0.501287332646756,1,0.5111496531219029,0.009862320475146902,3884,4036,level0
Mouse,POLYIC_20190629_polyic_mo__E3_P1_3,x,3,3.1999998807907124,1,0.34629248197734297,1,0.34613478691774036,-0.00015769505960261387,3884,4036,level0
Mouse,POLYIC_20190629_polyic_mo__E3_P1_3,x,4,3.1999998807907124,3,0.256951596292482,3,0.2710604558969277,0.01410885960444569,3884,4036,level0
Mouse,POLYIC_20190629_polyic_mo__E3_P1_3,x,5,3.1999998807907124,1,0.20829042224510813,4,0.21010901883052527,0.001818596585417137,3884,4036,level0
Mouse,POLYIC_20190629_polyic_mo__E3_P1_3,x,6,3.1999998807907124,1,0.174562306900103,1,0.17517343904856295,0.000611132148459953,3884,4036,level0
Mouse,POLYIC_20190629_polyic_mo__E3_P1_3,x,7,3.1999998807907124,6,0.1560247167868177,5,0.15460852329038652,-0.001416193496431184,3884,4036,level0
Mouse,POLYIC_20190629_polyic_mo__E3_P1_3,x,8,3.1999998807907124,3,0.13851699279093718,3,0.13701684836471753,-0.0015001444262196517,3884,4036,level0
Mouse,POLYIC_20190629_polyic_mo__E3_P1_3,y,2,4.999999925494195,0,0.5038574577516532,1,0.5854326396495071,0.08157518189785384,5444,5478,level0
Mouse,POLYIC_20190629_polyic_mo__E3_P1_3,y,3,4.999999925494195,0,0.35635562086700956,1,0.38079591091639287,0.024440290049383306,5444,5478,level0
Mouse,POLYIC_20190629_polyic_mo__E3_P1_3,y,4,4.999999925494195,2,0.25991917707567963,1,0.30795910916392844,0.048039932088248805,5444,5478,level0
Mouse,POLYIC_20190629_polyic_mo__E3_P1_3,y,5,4.999999925494195,3,0.21914033798677443,2,0.5045637093829864,0.285423371396212,5444,5478,level0
Mouse,POLYIC_20190629_polyic_mo__E3_P1_3,y,6,4.999999925494195,0,0.19948567229977957,1,0.25319459656809057,0.053708924268311004,5444,5478,level0
Mouse,POLYIC_20190629_polyic_mo__E3_P1_3,y,7,4.999999925494195,3,0.16660543717854517,3,0.1836436655713764,0.01703822839283123,5444,5478,level0
Mouse,POLYIC_20190629_polyic_mo__E3_P1_3,y,8,4.999999925494195,3,0.13739897134459955,1,0.20646221248630886,0.06906324114170931,5444,5478,level0
Mouse,POLYIC_20190629_polyic_mo__E3_P1_5,x,2,3.1999998807907124,1,0.5054590570719603,0,0.5069169960474308,0.0014579389754705296,4030,4048,corrected_baseline
Mouse,POLYIC_20190629_polyic_mo__E3_P1_5,x,3,3.1999998807907124,1,0.3426799007444169,2,0.3441205533596838,0.0014406526152668797,4030,4048,corrected_baseline
Mouse,POLYIC_20190629_polyic_mo__E3_P1_5,x,4,3.1999998807907124,3,0.2669975186104218,2,0.25815217391304346,-0.008845344697378354,4030,4048,corrected_baseline
Mouse,POLYIC_20190629_polyic_mo__E3_P1_5,x,5,3.1999998807907124,2,0.21761786600496277,2,0.21739130434782608,-0.0002265616571366924,4030,4048,corrected_baseline
Mouse,POLYIC_20190629_polyic_mo__E3_P1_5,x,6,3.1999998807907124,4,0.17419354838709677,2,0.17292490118577075,-0.001268647201326023,4030,4048,corrected_baseline
Mouse,POLYIC_20190629_polyic_mo__E3_P1_5,x,7,3.1999998807907124,2,0.16476426799007443,2,0.15266798418972333,-0.012096283800351104,4030,4048,corrected_baseline
Mouse,POLYIC_20190629_polyic_mo__E3_P1_5,x,8,3.1999998807907124,3,0.1334987593052109,6,0.13809288537549408,0.004594126070283172,4030,4048,corrected_baseline
Mouse,POLYIC_20190629_polyic_mo__E3_P1_5,y,2,4.999999925494195,1,0.5090339233038348,1,0.5190107050572167,0.009976781753381903,5424,5418,corrected_baseline
Mouse,POLYIC_20190629_polyic_mo__E3_P1_5,y,3,4.999999925494195,0,0.34494837758112096,1,0.40605389442598744,0.06110551684486648,5424,5418,corrected_baseline
Mouse,POLYIC_20190629_polyic_mo__E3_P1_5,y,4,4.999999925494195,3,0.25995575221238937,1,0.2777777777777778,0.017822025565388422,5424,5418,corrected_baseline
Mouse,POLYIC_20190629_polyic_mo__E3_P1_5,y,5,4.999999925494195,3,0.2206858407079646,0,0.5271317829457365,0.3064459422377719,5424,5418,corrected_baseline
Mouse,POLYIC_20190629_polyic_mo__E3_P1_5,y,6,4.999999925494195,3,0.18215339233038347,1,0.2334809892949428,0.051327596964559324,5424,5418,corrected_baseline
Mouse,POLYIC_20190629_polyic_mo__E3_P1_5,y,7,4.999999925494195,3,0.18067846607669616,3,0.19952011812476927,0.018841652048073115,5424,5418,corrected_baseline
Mouse,POLYIC_20190629_polyic_mo__E3_P1_5,y,8,4.999999925494195,5,0.14233038348082597,6,0.18124769287559986,0.03891730939477389,5424,5418,corrected_baseline
Mouse,POLYIC_20190629_polyic_mo__E3_P1_5,x,2,3.1999998807907124,1,0.5054590570719603,1,0.5119105493437044,0.00645149227174413,4030,4114,level0
Mouse,POLYIC_20190629_polyic_mo__E3_P1_5,x,3,3.1999998807907124,1,0.3426799007444169,1,0.3356830335439961,-0.006996867200420809,4030,4114,level0
Mouse,POLYIC_20190629_polyic_mo__E3_P1_5,x,4,3.1999998807907124,3,0.2669975186104218,3,0.2605736509479825,-0.006423867662439298,4030,4114,level0
Mouse,POLYIC_20190629_polyic_mo__E3_P1_5,x,5,3.1999998807907124,2,0.21761786600496277,3,0.22119591638308217,0.003578050378119396,4030,4114,level0
Mouse,POLYIC_20190629_polyic_mo__E3_P1_5,x,6,3.1999998807907124,4,0.17419354838709677,3,0.1798736023334954,0.005680053946398617,4030,4114,level0
Mouse,POLYIC_20190629_polyic_mo__E3_P1_5,x,7,3.1999998807907124,2,0.16476426799007443,2,0.15629557608167233,-0.008468691908402104,4030,4114,level0
Mouse,POLYIC_20190629_polyic_mo__E3_P1_5,x,8,3.1999998807907124,3,0.1334987593052109,7,0.14122508507535245,0.00772632577014154,4030,4114,level0
Mouse,POLYIC_20190629_polyic_mo__E3_P1_5,y,2,4.999999925494195,1,0.5090339233038348,1,0.5446165191740413,0.03558259587020651,5424,5424,level0
Mouse,POLYIC_20190629_polyic_mo__E3_P1_5,y,3,4.999999925494195,0,0.34494837758112096,1,0.42035398230088494,0.07540560471976399,5424,5424,level0
Mouse,POLYIC_20190629_polyic_mo__E3_P1_5,y,4,4.999999925494195,3,0.25995575221238937,1,0.306047197640118,0.04609144542772864,5424,5424,level0
Mouse,POLYIC_20190629_polyic_mo__E3_P1_5,y,5,4.999999925494195,3,0.2206858407079646,2,0.5077433628318584,0.2870575221238938,5424,5424,level0
Mouse,POLYIC_20190629_polyic_mo__E3_P1_5,y,6,4.999999925494195,3,0.18215339233038347,1,0.2630899705014749,0.08093657817109146,5424,5424,level0
Mouse,POLYIC_20190629_polyic_mo__E3_P1_5,y,7,4.999999925494195,3,0.18067846607669616,3,0.19561209439528024,0.01493362831858408,5424,5424,level0
Mouse,POLYIC_20190629_polyic_mo__E3_P1_5,y,8,4.999999925494195,5,0.14233038348082597,1,0.19856194690265486,0.05623156342182889,5424,5424,level0
Mouse,POLYIC_20190629_polyic_mo__E4_P1_2,x,2,3.1999998807907124,0,0.505324298160697,0,0.50730282375852,0.0019785255978229666,4132,4108,corrected_baseline
Mouse,POLYIC_20190629_polyic_mo__E4_P1_2,x,3,3.1999998807907124,1,0.33736689254598257,2,0.34250243427458615,0.005135541728603588,4132,4108,corrected_baseline
Mouse,POLYIC_20190629_polyic_mo__E4_P1_2,x,4,3.1999998807907124,3,0.2584704743465634,0,0.2646056475170399,0.0061351731704765156,4132,4108,corrected_baseline
Mouse,POLYIC_20190629_polyic_mo__E4_P1_2,x,5,3.1999998807907124,1,0.20401742497579864,0,0.2088607594936709,0.00484333451787225,4132,4108,corrected_baseline
Mouse,POLYIC_20190629_polyic_mo__E4_P1_2,x,6,3.1999998807907124,2,0.17473378509196516,0,0.17380720545277506,-0.0009265796391901004,4132,4108,corrected_baseline
Mouse,POLYIC_20190629_polyic_mo__E4_P1_2,x,7,3.1999998807907124,3,0.15198451113262343,2,0.1655306718597858,0.01354616072716236,4132,4108,corrected_baseline
Mouse,POLYIC_20190629_polyic_mo__E4_P1_2,x,8,3.1999998807907124,7,0.13770571151984512,0,0.1428919182083739,0.005186206688528788,4132,4108,corrected_baseline
Mouse,POLYIC_20190629_polyic_mo__E4_P1_2,y,2,4.999999925494195,1,0.5151953690303908,0,0.5048930772018847,-0.01030229182850606,5528,5518,corrected_baseline
Mouse,POLYIC_20190629_polyic_mo__E4_P1_2,y,3,4.999999925494195,0,0.34876989869753977,2,0.36263138818412466,0.013861489486584888,5528,5518,corrected_baseline
Mouse,POLYIC_20190629_polyic_mo__E4_P1_2,y,4,4.999999925494195,1,0.26157742402315487,0,0.27310619789778906,0.01152877387463419,5528,5518,corrected_baseline
Mouse,POLYIC_20190629_polyic_mo__E4_P1_2,y,5,4.999999925494195,1,0.21164978292329956,0,0.5445813700616166,0.332931587138317,5528,5518,corrected_baseline
Mouse,POLYIC_20190629_polyic_mo__E4_P1_2,y,6,4.999999925494195,1,0.1935600578871201,1,0.19699166364624865,0.003431605759128542,5528,5518,corrected_baseline
Mouse,POLYIC_20190629_polyic_mo__E4_P1_2,y,7,4.999999925494195,3,0.17547033285094066,3,0.18050018122508155,0.005029848374140888,5528,5518,corrected_baseline
Mouse,POLYIC_20190629_polyic_mo__E4_P1_2,y,8,4.999999925494195,5,0.14272793053545585,6,0.1823124320405944,0.039584501505138564,5528,5518,corrected_baseline
Mouse,POLYIC_20190629_polyic_mo__E4_P1_2,x,2,3.1999998807907124,0,0.505324298160697,1,0.500943841434639,-0.004380456726058024,4132,4238,level0
Mouse,POLYIC_20190629_polyic_mo__E4_P1_2,x,3,3.1999998807907124,1,0.33736689254598257,2,0.3487494100991034,0.011382517553120808,4132,4238,level0
Mouse,POLYIC_20190629_polyic_mo__E4_P1_2,x,4,3.1999998807907124,3,0.2584704743465634,0,0.2602642756016989,0.0017938012551355076,4132,4238,level0
Mouse,POLYIC_20190629_polyic_mo__E4_P1_2,x,5,3.1999998807907124,1,0.20401742497579864,1,0.21283624351109015,0.008818818535291512,4132,4238,level0
Mouse,POLYIC_20190629_polyic_mo__E4_P1_2,x,6,3.1999998807907124,2,0.17473378509196516,3,0.17956583294006606,0.004832047848100901,4132,4238,level0
Mouse,POLYIC_20190629_polyic_mo__E4_P1_2,x,7,3.1999998807907124,3,0.15198451113262343,2,0.16304860783388392,0.01106409670126049,4132,4238,level0
Mouse,POLYIC_20190629_polyic_mo__E4_P1_2,x,8,3.1999998807907124,7,0.13770571151984512,0,0.13591316658801322,-0.0017925449318318964,4132,4238,level0
Mouse,POLYIC_20190629_polyic_mo__E4_P1_2,y,2,4.999999925494195,1,0.5151953690303908,1,0.5247829232995659,0.009587554269175125,5528,5528,level0
Mouse,POLYIC_20190629_polyic_mo__E4_P1_2,y,3,4.999999925494195,0,0.34876989869753977,1,0.3592619392185239,0.010492040520984125,5528,5528,level0
Mouse,POLYIC_20190629_polyic_mo__E4_P1_2,y,4,4.999999925494195,1,0.26157742402315487,3,0.26429088277858176,0.0027134587554268896,5528,5528,level0
Mouse,POLYIC_20190629_polyic_mo__E4_P1_2,y,5,4.999999925494195,1,0.21164978292329956,0,0.5347322720694645,0.32308248914616494,5528,5528,level0
Mouse,POLYIC_20190629_polyic_mo__E4_P1_2,y,6,4.999999925494195,1,0.1935600578871201,1,0.22431259044862517,0.030752532561505064,5528,5528,level0
Mouse,POLYIC_20190629_polyic_mo__E4_P1_2,y,7,4.999999925494195,3,0.17547033285094066,3,0.19301736613603473,0.017547033285094077,5528,5528,level0
Mouse,POLYIC_20190629_polyic_mo__E4_P1_2,y,8,4.999999925494195,5,0.14272793053545585,6,0.17510853835021709,0.032380607814761236,5528,5528,level0
Mouse,POLYIC_20190629_polyic_mo__E4_P1_4,x,2,3.1999998807907124,1,0.5048100048100048,0,0.515625,0.01081499518999518,4158,4160,corrected_baseline
Mouse,POLYIC_20190629_polyic_mo__E4_P1_4,x,3,3.1999998807907124,1,0.3354978354978355,0,0.3490384615384615,0.013540626040626003,4158,4160,corrected_baseline
Mouse,POLYIC_20190629_polyic_mo__E4_P1_4,x,4,3.1999998807907124,3,0.25901875901875904,2,0.26346153846153847,0.004442779442779432,4158,4160,corrected_baseline
Mouse,POLYIC_20190629_polyic_mo__E4_P1_4,x,5,3.1999998807907124,4,0.20514670514670516,0,0.21634615384615385,0.011199448699448694,4158,4160,corrected_baseline
Mouse,POLYIC_20190629_polyic_mo__E4_P1_4,x,6,3.1999998807907124,3,0.1738816738816739,4,0.18100961538461538,0.007127941502941493,4158,4160,corrected_baseline
Mouse,POLYIC_20190629_polyic_mo__E4_P1_4,x,7,3.1999998807907124,2,0.15488215488215487,1,0.1641826923076923,0.009300537425537436,4158,4160,corrected_baseline
Mouse,POLYIC_20190629_polyic_mo__E4_P1_4,x,8,3.1999998807907124,7,0.13732563732563732,6,0.14038461538461539,0.0030589780589780624,4158,4160,corrected_baseline
Mouse,POLYIC_20190629_polyic_mo__E4_P1_4,y,2,4.999999925494195,1,0.503302752293578,0,0.5072544642857143,0.003951711992136286,5450,5376,corrected_baseline
Mouse,POLYIC_20190629_polyic_mo__E4_P1_4,y,3,4.999999925494195,2,0.3774311926605505,1,0.3586309523809524,-0.01880024027959809,5450,5376,corrected_baseline
Mouse,POLYIC_20190629_polyic_mo__E4_P1_4,y,4,4.999999925494195,2,0.26238532110091745,1,0.265625,0.0032396788990825542,5450,5376,corrected_baseline
Mouse,POLYIC_20190629_polyic_mo__E4_P1_4,y,5,4.999999925494195,1,0.23577981651376148,0,0.5597098214285714,0.32393000491480994,5450,5376,corrected_baseline
Mouse,POLYIC_20190629_polyic_mo__E4_P1_4,y,6,4.999999925494195,2,0.19247706422018349,2,0.19196428571428573,-0.0005127785058977596,5450,5376,corrected_baseline
Mouse,POLYIC_20190629_polyic_mo__E4_P1_4,y,7,4.999999925494195,6,0.15614678899082568,0,0.17020089285714285,0.014054103866317169,5450,5376,corrected_baseline
Mouse,POLYIC_20190629_polyic_mo__E4_P1_4,y,8,4.999999925494195,2,0.138348623853211,2,0.17038690476190477,0.03203828090869376,5450,5376,corrected_baseline
Mouse,POLYIC_20190629_polyic_mo__E4_P1_4,x,2,3.1999998807907124,1,0.5048100048100048,0,0.5057524160147262,0.0009424112047213828,4158,4346,level0
Mouse,POLYIC_20190629_polyic_mo__E4_P1_4,x,3,3.1999998807907124,1,0.3354978354978355,0,0.34261389783709156,0.007116062339256046,4158,4346,level0
Mouse,POLYIC_20190629_polyic_mo__E4_P1_4,x,4,3.1999998807907124,3,0.25901875901875904,3,0.25885872066267834,-0.00016003835608069394,4158,4346,level0
Mouse,POLYIC_20190629_polyic_mo__E4_P1_4,x,5,3.1999998807907124,4,0.20514670514670516,2,0.2112287160607455,0.006082010914040342,4158,4346,level0
Mouse,POLYIC_20190629_polyic_mo__E4_P1_4,x,6,3.1999998807907124,3,0.1738816738816739,3,0.1728025770823746,-0.001079096799299295,4158,4346,level0
Mouse,POLYIC_20190629_polyic_mo__E4_P1_4,x,7,3.1999998807907124,2,0.15488215488215487,2,0.15416474919466175,-0.0007174056874931223,4158,4346,level0
Mouse,POLYIC_20190629_polyic_mo__E4_P1_4,x,8,3.1999998807907124,7,0.13732563732563732,3,0.13644730786930512,-0.0008783294563322053,4158,4346,level0
Mouse,POLYIC_20190629_polyic_mo__E4_P1_4,y,2,4.999999925494195,1,0.503302752293578,0,0.5050316809541558,0.0017289286605778331,5450,5366,level0
Mouse,POLYIC_20190629_polyic_mo__E4_P1_4,y,3,4.999999925494195,2,0.3774311926605505,1,0.3624673872530749,-0.01496380540747555,5450,5366,level0
Mouse,POLYIC_20190629_polyic_mo__E4_P1_4,y,4,4.999999925494195,2,0.26238532110091745,1,0.27431979127841966,0.01193447017750221,5450,5366,level0
Mouse,POLYIC_20190629_polyic_mo__E4_P1_4,y,5,4.999999925494195,1,0.23577981651376148,0,0.5413715989563921,0.30559178244263063,5450,5366,level0
Mouse,POLYIC_20190629_polyic_mo__E4_P1_4,y,6,4.999999925494195,2,0.19247706422018349,4,0.18952664927320165,-0.0029504149469818386,5450,5366,level0
Mouse,POLYIC_20190629_polyic_mo__E4_P1_4,y,7,4.999999925494195,6,0.15614678899082568,5,0.16175922474841595,0.005612435757590267,5450,5366,level0
Mouse,POLYIC_20190629_polyic_mo__E4_P1_4,y,8,4.999999925494195,2,0.138348623853211,2,0.15803205367126352,0.019683429818052517,5450,5366,level0
