task,transform,stage,relative_l2,cosine,subject
lesion,resampling_floor,input,1.8748411321212188e-06,1.0,20170222CH_Exp3_zfp_M03
lesion,resampling_floor,encoder_level0,1.8436099708196707e-05,1.0,20170222CH_Exp3_zfp_M03
lesion,resampling_floor,encoder_level1,1.970329503819812e-05,1.0,20170222CH_Exp3_zfp_M03
lesion,resampling_floor,encoder_level2,2.320995190530084e-05,0.9999998211860657,20170222CH_Exp3_zfp_M03
lesion,resampling_floor,encoder_level3,6.321469072645414e-07,1.0,20170222CH_Exp3_zfp_M03
lesion,resampling_floor,encoder_level4,4.187736067251535e-06,1.0,20170222CH_Exp3_zfp_M03
lesion,resampling_floor,canvas_level4,4.187736067251535e-06,1.0,20170222CH_Exp3_zfp_M03
lesion,resampling_floor,canvas_level3,6.741012475686148e-05,1.0,20170222CH_Exp3_zfp_M03
lesion,resampling_floor,canvas_level2,0.00015834126679692417,0.9999998807907104,20170222CH_Exp3_zfp_M03
lesion,resampling_floor,canvas_level1,0.00017023498367052525,1.0,20170222CH_Exp3_zfp_M03
lesion,resampling_floor,canvas_level0,0.00022646717843599617,0.9999998807907104,20170222CH_Exp3_zfp_M03
lesion,resampling_floor,output_logits,6.889166979817674e-05,1.0,20170222CH_Exp3_zfp_M03
lesion,resampling_floor,query_mask_embedding,1.0326764368073782e-06,0.9999999403953552,20170222CH_Exp3_zfp_M03
lesion,axis0_+5deg,input,0.13355621695518494,0.9913369417190552,20170222CH_Exp3_zfp_M03
lesion,axis0_+5deg,encoder_level0,0.3933401107788086,0.9206163883209229,20170222CH_Exp3_zfp_M03
lesion,axis0_+5deg,encoder_level1,0.2532457113265991,0.9674748182296753,20170222CH_Exp3_zfp_M03
lesion,axis0_+5deg,encoder_level2,0.2788761258125305,0.9603387117385864,20170222CH_Exp3_zfp_M03
lesion,axis0_+5deg,encoder_level3,0.23929759860038757,0.9709463119506836,20170222CH_Exp3_zfp_M03
lesion,axis0_+5deg,encoder_level4,0.18064889311790466,0.9836663007736206,20170222CH_Exp3_zfp_M03
lesion,axis0_+5deg,canvas_level4,0.18064889311790466,0.9836663007736206,20170222CH_Exp3_zfp_M03
lesion,axis0_+5deg,canvas_level3,0.30875641107559204,0.9511865377426147,20170222CH_Exp3_zfp_M03
lesion,axis0_+5deg,canvas_level2,0.3233301639556885,0.9462997913360596,20170222CH_Exp3_zfp_M03
lesion,axis0_+5deg,canvas_level1,0.2428218275308609,0.9700831174850464,20170222CH_Exp3_zfp_M03
lesion,axis0_+5deg,canvas_level0,0.2061031609773636,0.9785891175270081,20170222CH_Exp3_zfp_M03
lesion,axis0_+5deg,output_logits,0.08105839788913727,0.9967231750488281,20170222CH_Exp3_zfp_M03
lesion,axis0_+5deg,query_mask_embedding,0.03118598647415638,0.9995329976081848,20170222CH_Exp3_zfp_M03
lesion,axis0_+10deg,input,0.13506865501403809,0.9911438822746277,20170222CH_Exp3_zfp_M03
lesion,axis0_+10deg,encoder_level0,0.42191281914711,0.9075490236282349,20170222CH_Exp3_zfp_M03
lesion,axis0_+10deg,encoder_level1,0.26514938473701477,0.9642348885536194,20170222CH_Exp3_zfp_M03
lesion,axis0_+10deg,encoder_level2,0.31908443570137024,0.9477595090866089,20170222CH_Exp3_zfp_M03
lesion,axis0_+10deg,encoder_level3,0.2535647749900818,0.9673221111297607,20170222CH_Exp3_zfp_M03
lesion,axis0_+10deg,encoder_level4,0.2546064555644989,0.9673503041267395,20170222CH_Exp3_zfp_M03
lesion,axis0_+10deg,canvas_level4,0.2546064555644989,0.9673503041267395,20170222CH_Exp3_zfp_M03
lesion,axis0_+10deg,canvas_level3,0.36026903986930847,0.9328886270523071,20170222CH_Exp3_zfp_M03
lesion,axis0_+10deg,canvas_level2,0.3941875994205475,0.9195114374160767,20170222CH_Exp3_zfp_M03
lesion,axis0_+10deg,canvas_level1,0.2920067310333252,0.9565165638923645,20170222CH_Exp3_zfp_M03
lesion,axis0_+10deg,canvas_level0,0.2467769980430603,0.969246506690979,20170222CH_Exp3_zfp_M03
lesion,axis0_+10deg,output_logits,0.10057570040225983,0.9949591159820557,20170222CH_Exp3_zfp_M03
lesion,axis0_+10deg,query_mask_embedding,0.033143769949674606,0.9994752407073975,20170222CH_Exp3_zfp_M03
lesion,axis0_+20deg,input,0.13660071790218353,0.9909565448760986,20170222CH_Exp3_zfp_M03
lesion,axis0_+20deg,encoder_level0,0.49704238772392273,0.8678176999092102,20170222CH_Exp3_zfp_M03
lesion,axis0_+20deg,encoder_level1,0.3353947103023529,0.9420878887176514,20170222CH_Exp3_zfp_M03
lesion,axis0_+20deg,encoder_level2,0.386120468378067,0.922813355922699,20170222CH_Exp3_zfp_M03
lesion,axis0_+20deg,encoder_level3,0.275239497423172,0.9613851308822632,20170222CH_Exp3_zfp_M03
lesion,axis0_+20deg,encoder_level4,0.34842729568481445,0.9374706149101257,20170222CH_Exp3_zfp_M03
lesion,axis0_+20deg,canvas_level4,0.34842729568481445,0.9374706149101257,20170222CH_Exp3_zfp_M03
lesion,axis0_+20deg,canvas_level3,0.43394237756729126,0.901623010635376,20170222CH_Exp3_zfp_M03
lesion,axis0_+20deg,canvas_level2,0.48673903942108154,0.8756282329559326,20170222CH_Exp3_zfp_M03
lesion,axis0_+20deg,canvas_level1,0.3746834099292755,0.9275197982788086,20170222CH_Exp3_zfp_M03
lesion,axis0_+20deg,canvas_level0,0.3316759467124939,0.9439277052879333,20170222CH_Exp3_zfp_M03
lesion,axis0_+20deg,output_logits,0.1864994764328003,0.982527494430542,20170222CH_Exp3_zfp_M03
lesion,axis0_+20deg,query_mask_embedding,0.03599783778190613,0.999377429485321,20170222CH_Exp3_zfp_M03
lesion,axis0_+30deg,input,0.13875803351402283,0.9906678795814514,20170222CH_Exp3_zfp_M03
lesion,axis0_+30deg,encoder_level0,0.5627588629722595,0.8268946409225464,20170222CH_Exp3_zfp_M03
lesion,axis0_+30deg,encoder_level1,0.4007522165775299,0.9163978099822998,20170222CH_Exp3_zfp_M03
lesion,axis0_+30deg,encoder_level2,0.4572947919368744,0.8906910419464111,20170222CH_Exp3_zfp_M03
lesion,axis0_+30deg,encoder_level3,0.300981342792511,0.9536377191543579,20170222CH_Exp3_zfp_M03
lesion,axis0_+30deg,encoder_level4,0.4354545474052429,0.9002406597137451,20170222CH_Exp3_zfp_M03
lesion,axis0_+30deg,canvas_level4,0.4354545474052429,0.9002406597137451,20170222CH_Exp3_zfp_M03
lesion,axis0_+30deg,canvas_level3,0.5089383125305176,0.8632487058639526,20170222CH_Exp3_zfp_M03
lesion,axis0_+30deg,canvas_level2,0.5782392621040344,0.8213955163955688,20170222CH_Exp3_zfp_M03
lesion,axis0_+30deg,canvas_level1,0.46278586983680725,0.8877918124198914,20170222CH_Exp3_zfp_M03
lesion,axis0_+30deg,canvas_level0,0.4007352888584137,0.9174936413764954,20170222CH_Exp3_zfp_M03
lesion,axis0_+30deg,output_logits,0.2475730925798416,0.9694366455078125,20170222CH_Exp3_zfp_M03
lesion,axis0_+30deg,query_mask_embedding,0.07342696934938431,0.9974669218063354,20170222CH_Exp3_zfp_M03
lesion,axis1_+5deg,input,0.12916341423988342,0.9919115900993347,20170222CH_Exp3_zfp_M03
lesion,axis1_+5deg,encoder_level0,0.37796854972839355,0.926513671875,20170222CH_Exp3_zfp_M03
lesion,axis1_+5deg,encoder_level1,0.2369476556777954,0.971574604511261,20170222CH_Exp3_zfp_M03
lesion,axis1_+5deg,encoder_level2,0.2705629765987396,0.9627119302749634,20170222CH_Exp3_zfp_M03
lesion,axis1_+5deg,encoder_level3,0.2155235856771469,0.9764987230300903,20170222CH_Exp3_zfp_M03
lesion,axis1_+5deg,encoder_level4,0.18086126446723938,0.9837952256202698,20170222CH_Exp3_zfp_M03
lesion,axis1_+5deg,canvas_level4,0.18086126446723938,0.9837952256202698,20170222CH_Exp3_zfp_M03
lesion,axis1_+5deg,canvas_level3,0.2745693325996399,0.9615790247917175,20170222CH_Exp3_zfp_M03
lesion,axis1_+5deg,canvas_level2,0.30131542682647705,0.9535587430000305,20170222CH_Exp3_zfp_M03
lesion,axis1_+5deg,canvas_level1,0.22327403724193573,0.974796712398529,20170222CH_Exp3_zfp_M03
lesion,axis1_+5deg,canvas_level0,0.18152186274528503,0.9834415912628174,20170222CH_Exp3_zfp_M03
lesion,axis1_+5deg,output_logits,0.05879899114370346,0.9982699155807495,20170222CH_Exp3_zfp_M03
lesion,axis1_+5deg,query_mask_embedding,0.0180672574788332,0.9998423457145691,20170222CH_Exp3_zfp_M03
lesion,axis1_+10deg,input,0.12849153578281403,0.9920004606246948,20170222CH_Exp3_zfp_M03
lesion,axis1_+10deg,encoder_level0,0.4063054323196411,0.9140481948852539,20170222CH_Exp3_zfp_M03
lesion,axis1_+10deg,encoder_level1,0.26089027523994446,0.965380847454071,20170222CH_Exp3_zfp_M03
lesion,axis1_+10deg,encoder_level2,0.3174948990345001,0.9482839107513428,20170222CH_Exp3_zfp_M03
lesion,axis1_+10deg,encoder_level3,0.23230203986167908,0.972644031047821,20170222CH_Exp3_zfp_M03
lesion,axis1_+10deg,encoder_level4,0.26371002197265625,0.9650986790657043,20170222CH_Exp3_zfp_M03
lesion,axis1_+10deg,canvas_level4,0.26371002197265625,0.9650986790657043,20170222CH_Exp3_zfp_M03
lesion,axis1_+10deg,canvas_level3,0.3252767324447632,0.9456552267074585,20170222CH_Exp3_zfp_M03
lesion,axis1_+10deg,canvas_level2,0.36137962341308594,0.9326530694961548,20170222CH_Exp3_zfp_M03
lesion,axis1_+10deg,canvas_level1,0.2646735608577728,0.964410662651062,20170222CH_Exp3_zfp_M03
lesion,axis1_+10deg,canvas_level0,0.22406822443008423,0.9746735095977783,20170222CH_Exp3_zfp_M03
lesion,axis1_+10deg,output_logits,0.08737676590681076,0.9962118268013,20170222CH_Exp3_zfp_M03
lesion,axis1_+10deg,query_mask_embedding,0.03391468897461891,0.9994458556175232,20170222CH_Exp3_zfp_M03
lesion,axis1_+20deg,input,0.13025495409965515,0.9917874336242676,20170222CH_Exp3_zfp_M03
lesion,axis1_+20deg,encoder_level0,0.4906943440437317,0.8714722394943237,20170222CH_Exp3_zfp_M03
lesion,axis1_+20deg,encoder_level1,0.3413068354129791,0.9400148987770081,20170222CH_Exp3_zfp_M03
lesion,axis1_+20deg,encoder_level2,0.408817321062088,0.9131510257720947,20170222CH_Exp3_zfp_M03
lesion,axis1_+20deg,encoder_level3,0.2787516415119171,0.9603632688522339,20170222CH_Exp3_zfp_M03
lesion,axis1_+20deg,encoder_level4,0.3682565689086914,0.929902970790863,20170222CH_Exp3_zfp_M03
lesion,axis1_+20deg,canvas_level4,0.3682565689086914,0.929902970790863,20170222CH_Exp3_zfp_M03
lesion,axis1_+20deg,canvas_level3,0.40420782566070557,0.9149994850158691,20170222CH_Exp3_zfp_M03
lesion,axis1_+20deg,canvas_level2,0.45702308416366577,0.8906954526901245,20170222CH_Exp3_zfp_M03
lesion,axis1_+20deg,canvas_level1,0.35053756833076477,0.936818540096283,20170222CH_Exp3_zfp_M03
lesion,axis1_+20deg,canvas_level0,0.3152397871017456,0.9493052959442139,20170222CH_Exp3_zfp_M03
lesion,axis1_+20deg,output_logits,0.1852191835641861,0.9830712080001831,20170222CH_Exp3_zfp_M03
lesion,axis1_+20deg,query_mask_embedding,0.06290561705827713,0.9981211423873901,20170222CH_Exp3_zfp_M03
lesion,axis1_+30deg,input,0.13339181244373322,0.9913794994354248,20170222CH_Exp3_zfp_M03
lesion,axis1_+30deg,encoder_level0,0.5595898628234863,0.8305844664573669,20170222CH_Exp3_zfp_M03
lesion,axis1_+30deg,encoder_level1,0.4121008813381195,0.9115930795669556,20170222CH_Exp3_zfp_M03
lesion,axis1_+30deg,encoder_level2,0.48916274309158325,0.874415397644043,20170222CH_Exp3_zfp_M03
lesion,axis1_+30deg,encoder_level3,0.3299814462661743,0.9440011978149414,20170222CH_Exp3_zfp_M03
lesion,axis1_+30deg,encoder_level4,0.4591561555862427,0.8883687257766724,20170222CH_Exp3_zfp_M03
lesion,axis1_+30deg,canvas_level4,0.4591561555862427,0.8883687257766724,20170222CH_Exp3_zfp_M03
lesion,axis1_+30deg,canvas_level3,0.4833303391933441,0.8768607974052429,20170222CH_Exp3_zfp_M03
lesion,axis1_+30deg,canvas_level2,0.5476692318916321,0.8406397104263306,20170222CH_Exp3_zfp_M03
lesion,axis1_+30deg,canvas_level1,0.4323081970214844,0.9026563763618469,20170222CH_Exp3_zfp_M03
lesion,axis1_+30deg,canvas_level0,0.39720264077186584,0.9186803698539734,20170222CH_Exp3_zfp_M03
lesion,axis1_+30deg,output_logits,0.2569133937358856,0.9673250317573547,20170222CH_Exp3_zfp_M03
lesion,axis1_+30deg,query_mask_embedding,0.08718283474445343,0.9964406490325928,20170222CH_Exp3_zfp_M03
lesion,axis2_+5deg,input,0.10719776898622513,0.9944024085998535,20170222CH_Exp3_zfp_M03
lesion,axis2_+5deg,encoder_level0,0.33553045988082886,0.942937433719635,20170222CH_Exp3_zfp_M03
lesion,axis2_+5deg,encoder_level1,0.20448161661624908,0.9789167642593384,20170222CH_Exp3_zfp_M03
lesion,axis2_+5deg,encoder_level2,0.24008266627788544,0.9707837104797363,20170222CH_Exp3_zfp_M03
lesion,axis2_+5deg,encoder_level3,0.1947350949048996,0.980857253074646,20170222CH_Exp3_zfp_M03
lesion,axis2_+5deg,encoder_level4,0.1283942312002182,0.9917572736740112,20170222CH_Exp3_zfp_M03
lesion,axis2_+5deg,canvas_level4,0.1283942312002182,0.9917572736740112,20170222CH_Exp3_zfp_M03
lesion,axis2_+5deg,canvas_level3,0.24728025496006012,0.9689611196517944,20170222CH_Exp3_zfp_M03
lesion,axis2_+5deg,canvas_level2,0.28598296642303467,0.9582363963127136,20170222CH_Exp3_zfp_M03
lesion,axis2_+5deg,canvas_level1,0.2073923498392105,0.97826087474823,20170222CH_Exp3_zfp_M03
lesion,axis2_+5deg,canvas_level0,0.19391979277133942,0.9810569286346436,20170222CH_Exp3_zfp_M03
lesion,axis2_+5deg,output_logits,0.0886526107788086,0.9960654973983765,20170222CH_Exp3_zfp_M03
lesion,axis2_+5deg,query_mask_embedding,0.021461965516209602,0.9997753500938416,20170222CH_Exp3_zfp_M03
lesion,axis2_+10deg,input,0.10554060339927673,0.9945799112319946,20170222CH_Exp3_zfp_M03
lesion,axis2_+10deg,encoder_level0,0.3492332398891449,0.9378684759140015,20170222CH_Exp3_zfp_M03
lesion,axis2_+10deg,encoder_level1,0.2206564098596573,0.9753713607788086,20170222CH_Exp3_zfp_M03
lesion,axis2_+10deg,encoder_level2,0.2584460973739624,0.9660274386405945,20170222CH_Exp3_zfp_M03
lesion,axis2_+10deg,encoder_level3,0.21629567444324493,0.9763286113739014,20170222CH_Exp3_zfp_M03
lesion,axis2_+10deg,encoder_level4,0.1726849526166916,0.9850590229034424,20170222CH_Exp3_zfp_M03
lesion,axis2_+10deg,canvas_level4,0.1726849526166916,0.9850590229034424,20170222CH_Exp3_zfp_M03
lesion,axis2_+10deg,canvas_level3,0.287443608045578,0.9578067064285278,20170222CH_Exp3_zfp_M03
lesion,axis2_+10deg,canvas_level2,0.3210677206516266,0.9471258521080017,20170222CH_Exp3_zfp_M03
lesion,axis2_+10deg,canvas_level1,0.23236045241355896,0.9726361632347107,20170222CH_Exp3_zfp_M03
lesion,axis2_+10deg,canvas_level0,0.21814027428627014,0.9759585857391357,20170222CH_Exp3_zfp_M03
lesion,axis2_+10deg,output_logits,0.10101209580898285,0.9949222803115845,20170222CH_Exp3_zfp_M03
lesion,axis2_+10deg,query_mask_embedding,0.026841161772608757,0.999650239944458,20170222CH_Exp3_zfp_M03
lesion,axis2_+20deg,input,0.10428903996944427,0.9947188496589661,20170222CH_Exp3_zfp_M03
lesion,axis2_+20deg,encoder_level0,0.4109652042388916,0.9119836688041687,20170222CH_Exp3_zfp_M03
lesion,axis2_+20deg,encoder_level1,0.2844780385494232,0.9586836099624634,20170222CH_Exp3_zfp_M03
lesion,axis2_+20deg,encoder_level2,0.32791075110435486,0.9447311162948608,20170222CH_Exp3_zfp_M03
lesion,axis2_+20deg,encoder_level3,0.219904363155365,0.9755215048789978,20170222CH_Exp3_zfp_M03
lesion,axis2_+20deg,encoder_level4,0.23337960243225098,0.9723900556564331,20170222CH_Exp3_zfp_M03
lesion,axis2_+20deg,canvas_level4,0.23337960243225098,0.9723900556564331,20170222CH_Exp3_zfp_M03
lesion,axis2_+20deg,canvas_level3,0.3312036097049713,0.9437763094902039,20170222CH_Exp3_zfp_M03
lesion,axis2_+20deg,canvas_level2,0.39583534002304077,0.9188886880874634,20170222CH_Exp3_zfp_M03
lesion,axis2_+20deg,canvas_level1,0.3017493188381195,0.9535160660743713,20170222CH_Exp3_zfp_M03
lesion,axis2_+20deg,canvas_level0,0.3074362874031067,0.9518347978591919,20170222CH_Exp3_zfp_M03
lesion,axis2_+20deg,output_logits,0.17980720102787018,0.9838693737983704,20170222CH_Exp3_zfp_M03
lesion,axis2_+20deg,query_mask_embedding,0.03497253730893135,0.9994106292724609,20170222CH_Exp3_zfp_M03
lesion,axis2_+30deg,input,0.10703271627426147,0.9944311380386353,20170222CH_Exp3_zfp_M03
lesion,axis2_+30deg,encoder_level0,0.4760654866695404,0.8794100284576416,20170222CH_Exp3_zfp_M03
lesion,axis2_+30deg,encoder_level1,0.344735711812973,0.9387906789779663,20170222CH_Exp3_zfp_M03
lesion,axis2_+30deg,encoder_level2,0.3955019414424896,0.9187262654304504,20170222CH_Exp3_zfp_M03
lesion,axis2_+30deg,encoder_level3,0.2495947629213333,0.9683524966239929,20170222CH_Exp3_zfp_M03
lesion,axis2_+30deg,encoder_level4,0.28880733251571655,0.9574692249298096,20170222CH_Exp3_zfp_M03
lesion,axis2_+30deg,canvas_level4,0.28880733251571655,0.9574692249298096,20170222CH_Exp3_zfp_M03
lesion,axis2_+30deg,canvas_level3,0.3716866374015808,0.9289426207542419,20170222CH_Exp3_zfp_M03
lesion,axis2_+30deg,canvas_level2,0.4598686397075653,0.8896396160125732,20170222CH_Exp3_zfp_M03
lesion,axis2_+30deg,canvas_level1,0.3620535731315613,0.9326426386833191,20170222CH_Exp3_zfp_M03
lesion,axis2_+30deg,canvas_level0,0.378458708524704,0.9264630079269409,20170222CH_Exp3_zfp_M03
lesion,axis2_+30deg,output_logits,0.23781386017799377,0.9715280532836914,20170222CH_Exp3_zfp_M03
lesion,axis2_+30deg,query_mask_embedding,0.03167484328150749,0.9995180368423462,20170222CH_Exp3_zfp_M03
lesion,resampling_floor,input,1.8680318589758826e-06,1.0,20170222CH_Exp3_zfp_M08
lesion,resampling_floor,encoder_level0,1.9017003069166094e-05,1.0,20170222CH_Exp3_zfp_M08
lesion,resampling_floor,encoder_level1,1.984524897125084e-05,1.0,20170222CH_Exp3_zfp_M08
lesion,resampling_floor,encoder_level2,2.303004112036433e-05,1.0,20170222CH_Exp3_zfp_M08
lesion,resampling_floor,encoder_level3,6.134072236818611e-07,1.0,20170222CH_Exp3_zfp_M08
lesion,resampling_floor,encoder_level4,4.460875970835332e-06,0.9999999403953552,20170222CH_Exp3_zfp_M08
lesion,resampling_floor,canvas_level4,4.460875970835332e-06,0.9999999403953552,20170222CH_Exp3_zfp_M08
lesion,resampling_floor,canvas_level3,7.23830598872155e-05,1.0,20170222CH_Exp3_zfp_M08
lesion,resampling_floor,canvas_level2,0.00015997583977878094,1.0,20170222CH_Exp3_zfp_M08
lesion,resampling_floor,canvas_level1,0.00016952464648056775,1.0,20170222CH_Exp3_zfp_M08
lesion,resampling_floor,canvas_level0,0.00022620460367761552,0.9999998807907104,20170222CH_Exp3_zfp_M08
lesion,resampling_floor,output_logits,6.845260213594884e-05,1.0,20170222CH_Exp3_zfp_M08
lesion,resampling_floor,query_mask_embedding,3.3171709219459444e-06,1.0,20170222CH_Exp3_zfp_M08
lesion,axis0_+5deg,input,0.12471116334199905,0.9924395680427551,20170222CH_Exp3_zfp_M08
lesion,axis0_+5deg,encoder_level0,0.3874935805797577,0.9230244159698486,20170222CH_Exp3_zfp_M08
lesion,axis0_+5deg,encoder_level1,0.2524144649505615,0.9676852226257324,20170222CH_Exp3_zfp_M08
lesion,axis0_+5deg,encoder_level2,0.27437737584114075,0.9616355895996094,20170222CH_Exp3_zfp_M08
lesion,axis0_+5deg,encoder_level3,0.23064106702804565,0.973038911819458,20170222CH_Exp3_zfp_M08
lesion,axis0_+5deg,encoder_level4,0.16292758285999298,0.9868814945220947,20170222CH_Exp3_zfp_M08
lesion,axis0_+5deg,canvas_level4,0.16292758285999298,0.9868814945220947,20170222CH_Exp3_zfp_M08
lesion,axis0_+5deg,canvas_level3,0.30411991477012634,0.9526909589767456,20170222CH_Exp3_zfp_M08
lesion,axis0_+5deg,canvas_level2,0.3169710040092468,0.9484424591064453,20170222CH_Exp3_zfp_M08
lesion,axis0_+5deg,canvas_level1,0.24084608256816864,0.9705721139907837,20170222CH_Exp3_zfp_M08
lesion,axis0_+5deg,canvas_level0,0.2022344022989273,0.9793822765350342,20170222CH_Exp3_zfp_M08
lesion,axis0_+5deg,output_logits,0.07754756510257721,0.9969898462295532,20170222CH_Exp3_zfp_M08
lesion,axis0_+5deg,query_mask_embedding,0.007274254225194454,0.9999743103981018,20170222CH_Exp3_zfp_M08
lesion,axis0_+10deg,input,0.12836243212223053,0.9919897317886353,20170222CH_Exp3_zfp_M08
lesion,axis0_+10deg,encoder_level0,0.4217553734779358,0.9076036214828491,20170222CH_Exp3_zfp_M08
lesion,axis0_+10deg,encoder_level1,0.2626284956932068,0.9649246335029602,20170222CH_Exp3_zfp_M08
lesion,axis0_+10deg,encoder_level2,0.31756120920181274,0.9482733011245728,20170222CH_Exp3_zfp_M08
lesion,axis0_+10deg,encoder_level3,0.24449722468852997,0.9696530103683472,20170222CH_Exp3_zfp_M08
lesion,axis0_+10deg,encoder_level4,0.24210241436958313,0.9709423184394836,20170222CH_Exp3_zfp_M08
lesion,axis0_+10deg,canvas_level4,0.24210241436958313,0.9709423184394836,20170222CH_Exp3_zfp_M08
lesion,axis0_+10deg,canvas_level3,0.35914596915245056,0.9333229064941406,20170222CH_Exp3_zfp_M08
lesion,axis0_+10deg,canvas_level2,0.39602309465408325,0.9187260866165161,20170222CH_Exp3_zfp_M08
lesion,axis0_+10deg,canvas_level1,0.29430249333381653,0.9558254480361938,20170222CH_Exp3_zfp_M08
lesion,axis0_+10deg,canvas_level0,0.24701303243637085,0.9691824913024902,20170222CH_Exp3_zfp_M08
lesion,axis0_+10deg,output_logits,0.10085078328847885,0.9949022531509399,20170222CH_Exp3_zfp_M08
lesion,axis0_+10deg,query_mask_embedding,0.00975797139108181,0.99995356798172,20170222CH_Exp3_zfp_M08
lesion,axis0_+20deg,input,0.129762664437294,0.991823673248291,20170222CH_Exp3_zfp_M08
lesion,axis0_+20deg,encoder_level0,0.49860480427742004,0.8669033050537109,20170222CH_Exp3_zfp_M08
lesion,axis0_+20deg,encoder_level1,0.3342032730579376,0.9425121545791626,20170222CH_Exp3_zfp_M08
lesion,axis0_+20deg,encoder_level2,0.3861859440803528,0.9227926731109619,20170222CH_Exp3_zfp_M08
lesion,axis0_+20deg,encoder_level3,0.2678442597389221,0.9634711742401123,20170222CH_Exp3_zfp_M08
lesion,axis0_+20deg,encoder_level4,0.3388059437274933,0.9414283037185669,20170222CH_Exp3_zfp_M08
lesion,axis0_+20deg,canvas_level4,0.3388059437274933,0.9414283037185669,20170222CH_Exp3_zfp_M08
lesion,axis0_+20deg,canvas_level3,0.4489572048187256,0.8943608999252319,20170222CH_Exp3_zfp_M08
lesion,axis0_+20deg,canvas_level2,0.49804118275642395,0.8694933652877808,20170222CH_Exp3_zfp_M08
lesion,axis0_+20deg,canvas_level1,0.38748297095298767,0.9223331212997437,20170222CH_Exp3_zfp_M08
lesion,axis0_+20deg,canvas_level0,0.33628156781196594,0.9423540830612183,20170222CH_Exp3_zfp_M08
lesion,axis0_+20deg,output_logits,0.18902601301670074,0.9821208715438843,20170222CH_Exp3_zfp_M08
lesion,axis0_+20deg,query_mask_embedding,0.03095341846346855,0.9996006488800049,20170222CH_Exp3_zfp_M08
lesion,axis0_+30deg,input,0.13240961730480194,0.991496205329895,20170222CH_Exp3_zfp_M08
lesion,axis0_+30deg,encoder_level0,0.5638653635978699,0.826135516166687,20170222CH_Exp3_zfp_M08
lesion,axis0_+30deg,encoder_level1,0.3984433710575104,0.9173957109451294,20170222CH_Exp3_zfp_M08
lesion,axis0_+30deg,encoder_level2,0.4573861360549927,0.8906826972961426,20170222CH_Exp3_zfp_M08
lesion,axis0_+30deg,encoder_level3,0.2958481013774872,0.9552433490753174,20170222CH_Exp3_zfp_M08
lesion,axis0_+30deg,encoder_level4,0.4348280429840088,0.9005417823791504,20170222CH_Exp3_zfp_M08
lesion,axis0_+30deg,canvas_level4,0.4348280429840088,0.9005417823791504,20170222CH_Exp3_zfp_M08
lesion,axis0_+30deg,canvas_level3,0.5371734499931335,0.8470226526260376,20170222CH_Exp3_zfp_M08
lesion,axis0_+30deg,canvas_level2,0.597962498664856,0.8082808256149292,20170222CH_Exp3_zfp_M08
lesion,axis0_+30deg,canvas_level1,0.47927412390708923,0.879318356513977,20170222CH_Exp3_zfp_M08
lesion,axis0_+30deg,canvas_level0,0.40923482179641724,0.9139727354049683,20170222CH_Exp3_zfp_M08
lesion,axis0_+30deg,output_logits,0.2561284303665161,0.9679642915725708,20170222CH_Exp3_zfp_M08
lesion,axis0_+30deg,query_mask_embedding,0.08582139015197754,0.9968968629837036,20170222CH_Exp3_zfp_M08
lesion,axis1_+5deg,input,0.11984424293041229,0.9930331707000732,20170222CH_Exp3_zfp_M08
lesion,axis1_+5deg,encoder_level0,0.36978524923324585,0.9298191666603088,20170222CH_Exp3_zfp_M08
lesion,axis1_+5deg,encoder_level1,0.23771947622299194,0.9713764190673828,20170222CH_Exp3_zfp_M08
lesion,axis1_+5deg,encoder_level2,0.2671809792518616,0.9636569023132324,20170222CH_Exp3_zfp_M08
lesion,axis1_+5deg,encoder_level3,0.2073136866092682,0.9782747030258179,20170222CH_Exp3_zfp_M08
lesion,axis1_+5deg,encoder_level4,0.16954277455806732,0.9860391020774841,20170222CH_Exp3_zfp_M08
lesion,axis1_+5deg,canvas_level4,0.16954277455806732,0.9860391020774841,20170222CH_Exp3_zfp_M08
lesion,axis1_+5deg,canvas_level3,0.27601343393325806,0.9611767530441284,20170222CH_Exp3_zfp_M08
lesion,axis1_+5deg,canvas_level2,0.29954057931900024,0.9540978670120239,20170222CH_Exp3_zfp_M08
lesion,axis1_+5deg,canvas_level1,0.22341103851795197,0.9747583866119385,20170222CH_Exp3_zfp_M08
lesion,axis1_+5deg,canvas_level0,0.1811574399471283,0.9835062623023987,20170222CH_Exp3_zfp_M08
lesion,axis1_+5deg,output_logits,0.05705398693680763,0.9983818531036377,20170222CH_Exp3_zfp_M08
lesion,axis1_+5deg,query_mask_embedding,0.018919598311185837,0.9998408555984497,20170222CH_Exp3_zfp_M08
lesion,axis1_+10deg,input,0.12107351422309875,0.9928942322731018,20170222CH_Exp3_zfp_M08
lesion,axis1_+10deg,encoder_level0,0.4023533761501312,0.915825605392456,20170222CH_Exp3_zfp_M08
lesion,axis1_+10deg,encoder_level1,0.2613040506839752,0.9652642607688904,20170222CH_Exp3_zfp_M08
lesion,axis1_+10deg,encoder_level2,0.3139444589614868,0.9494636654853821,20170222CH_Exp3_zfp_M08
lesion,axis1_+10deg,encoder_level3,0.22328294813632965,0.9747536778450012,20170222CH_Exp3_zfp_M08
lesion,axis1_+10deg,encoder_level4,0.25673896074295044,0.967099666595459,20170222CH_Exp3_zfp_M08
lesion,axis1_+10deg,canvas_level4,0.25673896074295044,0.967099666595459,20170222CH_Exp3_zfp_M08
lesion,axis1_+10deg,canvas_level3,0.3249672055244446,0.9457373023033142,20170222CH_Exp3_zfp_M08
lesion,axis1_+10deg,canvas_level2,0.35633769631385803,0.9345219135284424,20170222CH_Exp3_zfp_M08
lesion,axis1_+10deg,canvas_level1,0.2593926191329956,0.9658292531967163,20170222CH_Exp3_zfp_M08
lesion,axis1_+10deg,canvas_level0,0.217972069978714,0.9760347604751587,20170222CH_Exp3_zfp_M08
lesion,axis1_+10deg,output_logits,0.08526840806007385,0.9963765144348145,20170222CH_Exp3_zfp_M08
lesion,axis1_+10deg,query_mask_embedding,0.013928961008787155,0.9999138116836548,20170222CH_Exp3_zfp_M08
lesion,axis1_+20deg,input,0.12305150181055069,0.9926652908325195,20170222CH_Exp3_zfp_M08
lesion,axis1_+20deg,encoder_level0,0.48890212178230286,0.8724658489227295,20170222CH_Exp3_zfp_M08
lesion,axis1_+20deg,encoder_level1,0.34103861451148987,0.9401199817657471,20170222CH_Exp3_zfp_M08
lesion,axis1_+20deg,encoder_level2,0.40631064772605896,0.9142913818359375,20170222CH_Exp3_zfp_M08
lesion,axis1_+20deg,encoder_level3,0.27188700437545776,0.9623291492462158,20170222CH_Exp3_zfp_M08
lesion,axis1_+20deg,encoder_level4,0.3709462583065033,0.9289731383323669,20170222CH_Exp3_zfp_M08
lesion,axis1_+20deg,canvas_level4,0.3709462583065033,0.9289731383323669,20170222CH_Exp3_zfp_M08
lesion,axis1_+20deg,canvas_level3,0.41356661915779114,0.9109103679656982,20170222CH_Exp3_zfp_M08
lesion,axis1_+20deg,canvas_level2,0.4568174481391907,0.8908112645149231,20170222CH_Exp3_zfp_M08
lesion,axis1_+20deg,canvas_level1,0.35001829266548157,0.9370253086090088,20170222CH_Exp3_zfp_M08
lesion,axis1_+20deg,canvas_level0,0.31366223096847534,0.9498236775398254,20170222CH_Exp3_zfp_M08
lesion,axis1_+20deg,output_logits,0.18159085512161255,0.9834109544754028,20170222CH_Exp3_zfp_M08
lesion,axis1_+20deg,query_mask_embedding,0.008267190307378769,0.9999685287475586,20170222CH_Exp3_zfp_M08
lesion,axis1_+30deg,input,0.12646016478538513,0.9922475218772888,20170222CH_Exp3_zfp_M08
lesion,axis1_+30deg,encoder_level0,0.5577621459960938,0.8317654132843018,20170222CH_Exp3_zfp_M08
lesion,axis1_+30deg,encoder_level1,0.41110551357269287,0.9120516180992126,20170222CH_Exp3_zfp_M08
lesion,axis1_+30deg,encoder_level2,0.4860159754753113,0.8761929869651794,20170222CH_Exp3_zfp_M08
lesion,axis1_+30deg,encoder_level3,0.32201606035232544,0.9467455744743347,20170222CH_Exp3_zfp_M08
lesion,axis1_+30deg,encoder_level4,0.46505066752433777,0.8852843046188354,20170222CH_Exp3_zfp_M08
lesion,axis1_+30deg,canvas_level4,0.46505066752433777,0.8852843046188354,20170222CH_Exp3_zfp_M08
lesion,axis1_+30deg,canvas_level3,0.49486348032951355,0.8708402514457703,20170222CH_Exp3_zfp_M08
lesion,axis1_+30deg,canvas_level2,0.5488741397857666,0.8398754000663757,20170222CH_Exp3_zfp_M08
lesion,axis1_+30deg,canvas_level1,0.4323675334453583,0.9026816487312317,20170222CH_Exp3_zfp_M08
lesion,axis1_+30deg,canvas_level0,0.394768089056015,0.919681191444397,20170222CH_Exp3_zfp_M08
lesion,axis1_+30deg,output_logits,0.2520526051521301,0.9681602120399475,20170222CH_Exp3_zfp_M08
lesion,axis1_+30deg,query_mask_embedding,0.04452862590551376,0.9991418123245239,20170222CH_Exp3_zfp_M08
lesion,axis2_+5deg,input,0.1031639501452446,0.9948096871376038,20170222CH_Exp3_zfp_M08
lesion,axis2_+5deg,encoder_level0,0.33799490332603455,0.9420936107635498,20170222CH_Exp3_zfp_M08
lesion,axis2_+5deg,encoder_level1,0.20515647530555725,0.978771448135376,20170222CH_Exp3_zfp_M08
lesion,axis2_+5deg,encoder_level2,0.23884932696819305,0.9710897207260132,20170222CH_Exp3_zfp_M08
lesion,axis2_+5deg,encoder_level3,0.19055421650409698,0.9816770553588867,20170222CH_Exp3_zfp_M08
lesion,axis2_+5deg,encoder_level4,0.10839352756738663,0.9941896200180054,20170222CH_Exp3_zfp_M08
lesion,axis2_+5deg,canvas_level4,0.10839352756738663,0.9941896200180054,20170222CH_Exp3_zfp_M08
lesion,axis2_+5deg,canvas_level3,0.2515375316143036,0.9678547382354736,20170222CH_Exp3_zfp_M08
lesion,axis2_+5deg,canvas_level2,0.28546351194381714,0.9583925604820251,20170222CH_Exp3_zfp_M08
lesion,axis2_+5deg,canvas_level1,0.2069970816373825,0.9783455729484558,20170222CH_Exp3_zfp_M08
lesion,axis2_+5deg,canvas_level0,0.1905098706483841,0.9817206859588623,20170222CH_Exp3_zfp_M08
lesion,axis2_+5deg,output_logits,0.08695127069950104,0.9962146282196045,20170222CH_Exp3_zfp_M08
lesion,axis2_+5deg,query_mask_embedding,0.013031212612986565,0.9999231100082397,20170222CH_Exp3_zfp_M08
lesion,axis2_+10deg,input,0.1016329675912857,0.9949661493301392,20170222CH_Exp3_zfp_M08
lesion,axis2_+10deg,encoder_level0,0.35180050134658813,0.9369269609451294,20170222CH_Exp3_zfp_M08
lesion,axis2_+10deg,encoder_level1,0.22049051523208618,0.9754068851470947,20170222CH_Exp3_zfp_M08
lesion,axis2_+10deg,encoder_level2,0.2559492290019989,0.9666919708251953,20170222CH_Exp3_zfp_M08
lesion,axis2_+10deg,encoder_level3,0.21104106307029724,0.9774783849716187,20170222CH_Exp3_zfp_M08
lesion,axis2_+10deg,encoder_level4,0.1569637507200241,0.9878547191619873,20170222CH_Exp3_zfp_M08
lesion,axis2_+10deg,canvas_level4,0.1569637507200241,0.9878547191619873,20170222CH_Exp3_zfp_M08
lesion,axis2_+10deg,canvas_level3,0.2951846718788147,0.9554665088653564,20170222CH_Exp3_zfp_M08
lesion,axis2_+10deg,canvas_level2,0.32450422644615173,0.9459468126296997,20170222CH_Exp3_zfp_M08
lesion,axis2_+10deg,canvas_level1,0.2352355271577835,0.9719440937042236,20170222CH_Exp3_zfp_M08
lesion,axis2_+10deg,canvas_level0,0.21702340245246887,0.9762091636657715,20170222CH_Exp3_zfp_M08
lesion,axis2_+10deg,output_logits,0.1005403995513916,0.9949469566345215,20170222CH_Exp3_zfp_M08
lesion,axis2_+10deg,query_mask_embedding,0.009247681125998497,0.9999617338180542,20170222CH_Exp3_zfp_M08
lesion,axis2_+20deg,input,0.10004867613315582,0.9951332807540894,20170222CH_Exp3_zfp_M08
lesion,axis2_+20deg,encoder_level0,0.41247543692588806,0.9113190174102783,20170222CH_Exp3_zfp_M08
lesion,axis2_+20deg,encoder_level1,0.284475177526474,0.9586849212646484,20170222CH_Exp3_zfp_M08
lesion,axis2_+20deg,encoder_level2,0.3250737488269806,0.9457091093063354,20170222CH_Exp3_zfp_M08
lesion,axis2_+20deg,encoder_level3,0.2126951813697815,0.9771186709403992,20170222CH_Exp3_zfp_M08
lesion,axis2_+20deg,encoder_level4,0.22833572328090668,0.9736655950546265,20170222CH_Exp3_zfp_M08
lesion,axis2_+20deg,canvas_level4,0.22833572328090668,0.9736655950546265,20170222CH_Exp3_zfp_M08
lesion,axis2_+20deg,canvas_level3,0.33907511830329895,0.9410045146942139,20170222CH_Exp3_zfp_M08
lesion,axis2_+20deg,canvas_level2,0.3995038568973541,0.917303204536438,20170222CH_Exp3_zfp_M08
lesion,axis2_+20deg,canvas_level1,0.3011767268180847,0.9536908268928528,20170222CH_Exp3_zfp_M08
lesion,axis2_+20deg,canvas_level0,0.3032490313053131,0.9531301259994507,20170222CH_Exp3_zfp_M08
lesion,axis2_+20deg,output_logits,0.17915929853916168,0.9839403629302979,20170222CH_Exp3_zfp_M08
lesion,axis2_+20deg,query_mask_embedding,0.01679934561252594,0.9998735189437866,20170222CH_Exp3_zfp_M08
lesion,axis2_+30deg,input,0.10253241658210754,0.9948826432228088,20170222CH_Exp3_zfp_M08
lesion,axis2_+30deg,encoder_level0,0.47775590419769287,0.8784926533699036,20170222CH_Exp3_zfp_M08
lesion,axis2_+30deg,encoder_level1,0.34480851888656616,0.9387657046318054,20170222CH_Exp3_zfp_M08
lesion,axis2_+30deg,encoder_level2,0.3930727541446686,0.9197587966918945,20170222CH_Exp3_zfp_M08
lesion,axis2_+30deg,encoder_level3,0.24398663640022278,0.9697794914245605,20170222CH_Exp3_zfp_M08
lesion,axis2_+30deg,encoder_level4,0.28299227356910706,0.9591425657272339,20170222CH_Exp3_zfp_M08
lesion,axis2_+30deg,canvas_level4,0.28299227356910706,0.9591425657272339,20170222CH_Exp3_zfp_M08
lesion,axis2_+30deg,canvas_level3,0.3849751949310303,0.9237281084060669,20170222CH_Exp3_zfp_M08
lesion,axis2_+30deg,canvas_level2,0.46588945388793945,0.8866243362426758,20170222CH_Exp3_zfp_M08
lesion,axis2_+30deg,canvas_level1,0.36220067739486694,0.9325915575027466,20170222CH_Exp3_zfp_M08
lesion,axis2_+30deg,canvas_level0,0.37246793508529663,0.9287834763526917,20170222CH_Exp3_zfp_M08
lesion,axis2_+30deg,output_logits,0.23769600689411163,0.9715771675109863,20170222CH_Exp3_zfp_M08
lesion,axis2_+30deg,query_mask_embedding,0.024751104414463043,0.999722421169281,20170222CH_Exp3_zfp_M08
lesion,resampling_floor,input,1.90344610473403e-06,0.9999999403953552,20170404CH_SC_M05
lesion,resampling_floor,encoder_level0,1.9032737327506766e-05,1.0,20170404CH_SC_M05
lesion,resampling_floor,encoder_level1,1.9871024051099084e-05,1.0,20170404CH_SC_M05
lesion,resampling_floor,encoder_level2,2.3036043785396032e-05,0.9999998807907104,20170404CH_SC_M05
lesion,resampling_floor,encoder_level3,6.718055374221876e-07,1.0,20170404CH_SC_M05
lesion,resampling_floor,encoder_level4,5.252523351373384e-06,0.9999999403953552,20170404CH_SC_M05
lesion,resampling_floor,canvas_level4,5.252523351373384e-06,0.9999999403953552,20170404CH_SC_M05
lesion,resampling_floor,canvas_level3,6.968627712922171e-05,1.0,20170404CH_SC_M05
lesion,resampling_floor,canvas_level2,0.00016258546384051442,1.0,20170404CH_SC_M05
lesion,resampling_floor,canvas_level1,0.0001743598550092429,1.0,20170404CH_SC_M05
lesion,resampling_floor,canvas_level0,0.00022983367671258748,0.9999999403953552,20170404CH_SC_M05
lesion,resampling_floor,output_logits,6.994334398768842e-05,1.0,20170404CH_SC_M05
lesion,resampling_floor,query_mask_embedding,5.559874693972233e-07,0.9999999403953552,20170404CH_SC_M05
lesion,axis0_+5deg,input,0.1377968192100525,0.9908261299133301,20170404CH_SC_M05
lesion,axis0_+5deg,encoder_level0,0.3940264880657196,0.9203591346740723,20170404CH_SC_M05
lesion,axis0_+5deg,encoder_level1,0.26205721497535706,0.9651204943656921,20170404CH_SC_M05
lesion,axis0_+5deg,encoder_level2,0.28937363624572754,0.9572256803512573,20170404CH_SC_M05
lesion,axis0_+5deg,encoder_level3,0.24798859655857086,0.9687638282775879,20170404CH_SC_M05
lesion,axis0_+5deg,encoder_level4,0.173192098736763,0.9852575063705444,20170404CH_SC_M05
lesion,axis0_+5deg,canvas_level4,0.173192098736763,0.9852575063705444,20170404CH_SC_M05
lesion,axis0_+5deg,canvas_level3,0.3076266348361969,0.9515637755393982,20170404CH_SC_M05
lesion,axis0_+5deg,canvas_level2,0.33023980259895325,0.9439278841018677,20170404CH_SC_M05
lesion,axis0_+5deg,canvas_level1,0.2562626600265503,0.9666318297386169,20170404CH_SC_M05
lesion,axis0_+5deg,canvas_level0,0.21817663311958313,0.9759845733642578,20170404CH_SC_M05
lesion,axis0_+5deg,output_logits,0.08854863047599792,0.996071994304657,20170404CH_SC_M05
lesion,axis0_+5deg,query_mask_embedding,0.011669815517961979,0.9999380111694336,20170404CH_SC_M05
lesion,axis0_+10deg,input,0.14121019840240479,0.990373969078064,20170404CH_SC_M05
lesion,axis0_+10deg,encoder_level0,0.4282275438308716,0.9046494960784912,20170404CH_SC_M05
lesion,axis0_+10deg,encoder_level1,0.2695143520832062,0.9630248546600342,20170404CH_SC_M05
lesion,axis0_+10deg,encoder_level2,0.3315960168838501,0.9434687495231628,20170404CH_SC_M05
lesion,axis0_+10deg,encoder_level3,0.26356789469718933,0.9646494388580322,20170404CH_SC_M05
lesion,axis0_+10deg,encoder_level4,0.2561666667461395,0.9673540592193604,20170404CH_SC_M05
lesion,axis0_+10deg,canvas_level4,0.2561666667461395,0.9673540592193604,20170404CH_SC_M05
lesion,axis0_+10deg,canvas_level3,0.3606657385826111,0.9327220916748047,20170404CH_SC_M05
lesion,axis0_+10deg,canvas_level2,0.4029760956764221,0.9157040119171143,20170404CH_SC_M05
lesion,axis0_+10deg,canvas_level1,0.30048415064811707,0.9538973569869995,20170404CH_SC_M05
lesion,axis0_+10deg,canvas_level0,0.2593804597854614,0.9659940004348755,20170404CH_SC_M05
lesion,axis0_+10deg,output_logits,0.10716135799884796,0.994247317314148,20170404CH_SC_M05
lesion,axis0_+10deg,query_mask_embedding,0.018495483323931694,0.999848484992981,20170404CH_SC_M05
lesion,axis0_+20deg,input,0.14233168959617615,0.9902384877204895,20170404CH_SC_M05
lesion,axis0_+20deg,encoder_level0,0.5050211548805237,0.8631684184074402,20170404CH_SC_M05
lesion,axis0_+20deg,encoder_level1,0.33991995453834534,0.9404652714729309,20170404CH_SC_M05
lesion,axis0_+20deg,encoder_level2,0.4003289043903351,0.9168002605438232,20170404CH_SC_M05
lesion,axis0_+20deg,encoder_level3,0.28689470887184143,0.9579799175262451,20170404CH_SC_M05
lesion,axis0_+20deg,encoder_level4,0.3519057333469391,0.9363499283790588,20170404CH_SC_M05
lesion,axis0_+20deg,canvas_level4,0.3519057333469391,0.9363499283790588,20170404CH_SC_M05
lesion,axis0_+20deg,canvas_level3,0.4388839900493622,0.8991079330444336,20170404CH_SC_M05
lesion,axis0_+20deg,canvas_level2,0.502954363822937,0.8668080568313599,20170404CH_SC_M05
lesion,axis0_+20deg,canvas_level1,0.39229124784469604,0.9203686714172363,20170404CH_SC_M05
lesion,axis0_+20deg,canvas_level0,0.34760743379592896,0.9383002519607544,20170404CH_SC_M05
lesion,axis0_+20deg,output_logits,0.19393441081047058,0.9810856580734253,20170404CH_SC_M05
lesion,axis0_+20deg,query_mask_embedding,0.022652190178632736,0.9997739195823669,20170404CH_SC_M05
lesion,axis0_+30deg,input,0.14521770179271698,0.9898409843444824,20170404CH_SC_M05
lesion,axis0_+30deg,encoder_level0,0.5716245770454407,0.8208551406860352,20170404CH_SC_M05
lesion,axis0_+30deg,encoder_level1,0.4046506881713867,0.9146862626075745,20170404CH_SC_M05
lesion,axis0_+30deg,encoder_level2,0.47302472591400146,0.8827020525932312,20170404CH_SC_M05
lesion,axis0_+30deg,encoder_level3,0.3138553202152252,0.9494906663894653,20170404CH_SC_M05
lesion,axis0_+30deg,encoder_level4,0.44536763429641724,0.8953481912612915,20170404CH_SC_M05
lesion,axis0_+30deg,canvas_level4,0.44536763429641724,0.8953481912612915,20170404CH_SC_M05
lesion,axis0_+30deg,canvas_level3,0.5190581679344177,0.8572012782096863,20170404CH_SC_M05
lesion,axis0_+30deg,canvas_level2,0.5950353145599365,0.8102681636810303,20170404CH_SC_M05
lesion,axis0_+30deg,canvas_level1,0.4713490903377533,0.883432924747467,20170404CH_SC_M05
lesion,axis0_+30deg,canvas_level0,0.41377559304237366,0.9118112325668335,20170404CH_SC_M05
lesion,axis0_+30deg,output_logits,0.25521320104599,0.9677155017852783,20170404CH_SC_M05
lesion,axis0_+30deg,query_mask_embedding,0.07118478417396545,0.9977642297744751,20170404CH_SC_M05
lesion,axis1_+5deg,input,0.13277944922447205,0.9914907217025757,20170404CH_SC_M05
lesion,axis1_+5deg,encoder_level0,0.3774354159832001,0.9267560839653015,20170404CH_SC_M05
lesion,axis1_+5deg,encoder_level1,0.24083591997623444,0.9706081748008728,20170404CH_SC_M05
lesion,axis1_+5deg,encoder_level2,0.27672693133354187,0.9609607458114624,20170404CH_SC_M05
lesion,axis1_+5deg,encoder_level3,0.22257302701473236,0.9749161601066589,20170404CH_SC_M05
lesion,axis1_+5deg,encoder_level4,0.18086747825145721,0.9838657379150391,20170404CH_SC_M05
lesion,axis1_+5deg,canvas_level4,0.18086747825145721,0.9838657379150391,20170404CH_SC_M05
lesion,axis1_+5deg,canvas_level3,0.27493664622306824,0.9614870548248291,20170404CH_SC_M05
lesion,axis1_+5deg,canvas_level2,0.3069417178630829,0.9517444372177124,20170404CH_SC_M05
lesion,axis1_+5deg,canvas_level1,0.23063024878501892,0.9730818271636963,20170404CH_SC_M05
lesion,axis1_+5deg,canvas_level0,0.18917612731456757,0.9820120334625244,20170404CH_SC_M05
lesion,axis1_+5deg,output_logits,0.05996279790997505,0.9982030391693115,20170404CH_SC_M05
lesion,axis1_+5deg,query_mask_embedding,0.01746581867337227,0.9998641610145569,20170404CH_SC_M05
lesion,axis1_+10deg,input,0.13396666944026947,0.99135422706604,20170404CH_SC_M05
lesion,axis1_+10deg,encoder_level0,0.4110407829284668,0.9119272232055664,20170404CH_SC_M05
lesion,axis1_+10deg,encoder_level1,0.26363298296928406,0.9646306037902832,20170404CH_SC_M05
lesion,axis1_+10deg,encoder_level2,0.32274311780929565,0.9465090036392212,20170404CH_SC_M05
lesion,axis1_+10deg,encoder_level3,0.23988734185695648,0.9708017110824585,20170404CH_SC_M05
lesion,axis1_+10deg,encoder_level4,0.26380905508995056,0.9650704264640808,20170404CH_SC_M05
lesion,axis1_+10deg,canvas_level4,0.26380905508995056,0.9650704264640808,20170404CH_SC_M05
lesion,axis1_+10deg,canvas_level3,0.32386186718940735,0.946120023727417,20170404CH_SC_M05
lesion,axis1_+10deg,canvas_level2,0.3664648234844208,0.9306386709213257,20170404CH_SC_M05
lesion,axis1_+10deg,canvas_level1,0.27222689986228943,0.962314784526825,20170404CH_SC_M05
lesion,axis1_+10deg,canvas_level0,0.23304224014282227,0.9725961685180664,20170404CH_SC_M05
lesion,axis1_+10deg,output_logits,0.08986294269561768,0.9959628582000732,20170404CH_SC_M05
lesion,axis1_+10deg,query_mask_embedding,0.014146958477795124,0.9999107718467712,20170404CH_SC_M05
lesion,axis1_+20deg,input,0.13553710281848907,0.9911612272262573,20170404CH_SC_M05
lesion,axis1_+20deg,encoder_level0,0.4968646764755249,0.8680002689361572,20170404CH_SC_M05
lesion,axis1_+20deg,encoder_level1,0.3434460461139679,0.939243733882904,20170404CH_SC_M05
lesion,axis1_+20deg,encoder_level2,0.41574111580848694,0.9101057052612305,20170404CH_SC_M05
lesion,axis1_+20deg,encoder_level3,0.2850307822227478,0.9585191607475281,20170404CH_SC_M05
lesion,axis1_+20deg,encoder_level4,0.35752856731414795,0.934203028678894,20170404CH_SC_M05
lesion,axis1_+20deg,canvas_level4,0.35752856731414795,0.934203028678894,20170404CH_SC_M05
lesion,axis1_+20deg,canvas_level3,0.3957539200782776,0.9186263680458069,20170404CH_SC_M05
lesion,axis1_+20deg,canvas_level2,0.4592931270599365,0.8895325660705566,20170404CH_SC_M05
lesion,axis1_+20deg,canvas_level1,0.3531705141067505,0.9357901811599731,20170404CH_SC_M05
lesion,axis1_+20deg,canvas_level0,0.3256085515022278,0.9458613395690918,20170404CH_SC_M05
lesion,axis1_+20deg,output_logits,0.1850898712873459,0.9828240275382996,20170404CH_SC_M05
lesion,axis1_+20deg,query_mask_embedding,0.016620052978396416,0.999877393245697,20170404CH_SC_M05
lesion,axis1_+30deg,input,0.13924387097358704,0.9906651973724365,20170404CH_SC_M05
lesion,axis1_+30deg,encoder_level0,0.5664542317390442,0.8261739611625671,20170404CH_SC_M05
lesion,axis1_+30deg,encoder_level1,0.4142208397388458,0.9106557369232178,20170404CH_SC_M05
lesion,axis1_+30deg,encoder_level2,0.4969082772731781,0.8703640103340149,20170404CH_SC_M05
lesion,axis1_+30deg,encoder_level3,0.3350682854652405,0.9422155022621155,20170404CH_SC_M05
lesion,axis1_+30deg,encoder_level4,0.44620490074157715,0.8949307799339294,20170404CH_SC_M05
lesion,axis1_+30deg,canvas_level4,0.44620490074157715,0.8949307799339294,20170404CH_SC_M05
lesion,axis1_+30deg,canvas_level3,0.47438254952430725,0.8816173672676086,20170404CH_SC_M05
lesion,axis1_+30deg,canvas_level2,0.5457583665847778,0.8418910503387451,20170404CH_SC_M05
lesion,axis1_+30deg,canvas_level1,0.4291504919528961,0.9040152430534363,20170404CH_SC_M05
lesion,axis1_+30deg,canvas_level0,0.4020855724811554,0.9165472388267517,20170404CH_SC_M05
lesion,axis1_+30deg,output_logits,0.2571336627006531,0.9667093753814697,20170404CH_SC_M05
lesion,axis1_+30deg,query_mask_embedding,0.03840328007936478,0.9993422031402588,20170404CH_SC_M05
lesion,axis2_+5deg,input,0.10711291432380676,0.9944165349006653,20170404CH_SC_M05
lesion,axis2_+5deg,encoder_level0,0.333874374628067,0.9435826539993286,20170404CH_SC_M05
lesion,axis2_+5deg,encoder_level1,0.20976169407367706,0.9777954816818237,20170404CH_SC_M05
lesion,axis2_+5deg,encoder_level2,0.24336883425712585,0.9699572920799255,20170404CH_SC_M05
lesion,axis2_+5deg,encoder_level3,0.2087174355983734,0.9779764413833618,20170404CH_SC_M05
lesion,axis2_+5deg,encoder_level4,0.12046606093645096,0.9928550720214844,20170404CH_SC_M05
lesion,axis2_+5deg,canvas_level4,0.12046606093645096,0.9928550720214844,20170404CH_SC_M05
lesion,axis2_+5deg,canvas_level3,0.24944134056568146,0.9683970212936401,20170404CH_SC_M05
lesion,axis2_+5deg,canvas_level2,0.2856041491031647,0.9583574533462524,20170404CH_SC_M05
lesion,axis2_+5deg,canvas_level1,0.21248476207256317,0.9771676063537598,20170404CH_SC_M05
lesion,axis2_+5deg,canvas_level0,0.19769170880317688,0.9802989363670349,20170404CH_SC_M05
lesion,axis2_+5deg,output_logits,0.08844828605651855,0.9960808753967285,20170404CH_SC_M05
lesion,axis2_+5deg,query_mask_embedding,0.003363437484949827,0.9999949932098389,20170404CH_SC_M05
lesion,axis2_+10deg,input,0.10584935545921326,0.9945526123046875,20170404CH_SC_M05
lesion,axis2_+10deg,encoder_level0,0.34843382239341736,0.9382149577140808,20170404CH_SC_M05
lesion,axis2_+10deg,encoder_level1,0.22423937916755676,0.9745525121688843,20170404CH_SC_M05
lesion,axis2_+10deg,encoder_level2,0.26005229353904724,0.9655952453613281,20170404CH_SC_M05
lesion,axis2_+10deg,encoder_level3,0.22156848013401031,0.9751482605934143,20170404CH_SC_M05
lesion,axis2_+10deg,encoder_level4,0.16360537707805634,0.9867784380912781,20170404CH_SC_M05
lesion,axis2_+10deg,canvas_level4,0.16360537707805634,0.9867784380912781,20170404CH_SC_M05
lesion,axis2_+10deg,canvas_level3,0.28048956394195557,0.9598698019981384,20170404CH_SC_M05
lesion,axis2_+10deg,canvas_level2,0.3194884955883026,0.9476760029792786,20170404CH_SC_M05
lesion,axis2_+10deg,canvas_level1,0.23773331940174103,0.9713373184204102,20170404CH_SC_M05
lesion,axis2_+10deg,canvas_level0,0.22292020916938782,0.9748868942260742,20170404CH_SC_M05
lesion,axis2_+10deg,output_logits,0.10340163111686707,0.9946483969688416,20170404CH_SC_M05
lesion,axis2_+10deg,query_mask_embedding,0.004530627280473709,0.9999905228614807,20170404CH_SC_M05
lesion,axis2_+20deg,input,0.10421101748943329,0.994732141494751,20170404CH_SC_M05
lesion,axis2_+20deg,encoder_level0,0.4087739586830139,0.9130116701126099,20170404CH_SC_M05
lesion,axis2_+20deg,encoder_level1,0.28699105978012085,0.9579344987869263,20170404CH_SC_M05
lesion,axis2_+20deg,encoder_level2,0.3271847069263458,0.9449812769889832,20170404CH_SC_M05
lesion,axis2_+20deg,encoder_level3,0.22550395131111145,0.9742432832717896,20170404CH_SC_M05
lesion,axis2_+20deg,encoder_level4,0.235421821475029,0.9720160365104675,20170404CH_SC_M05
lesion,axis2_+20deg,canvas_level4,0.235421821475029,0.9720160365104675,20170404CH_SC_M05
lesion,axis2_+20deg,canvas_level3,0.32631921768188477,0.9454846978187561,20170404CH_SC_M05
lesion,axis2_+20deg,canvas_level2,0.394302099943161,0.9195294380187988,20170404CH_SC_M05
lesion,axis2_+20deg,canvas_level1,0.3101455271244049,0.9508293867111206,20170404CH_SC_M05
lesion,axis2_+20deg,canvas_level0,0.31571564078330994,0.9491887092590332,20170404CH_SC_M05
lesion,axis2_+20deg,output_logits,0.18476462364196777,0.9828720092773438,20170404CH_SC_M05
lesion,axis2_+20deg,query_mask_embedding,0.01326820719987154,0.999919593334198,20170404CH_SC_M05
lesion,axis2_+30deg,input,0.10716397315263748,0.9944211840629578,20170404CH_SC_M05
lesion,axis2_+30deg,encoder_level0,0.4736703336238861,0.8807039260864258,20170404CH_SC_M05
lesion,axis2_+30deg,encoder_level1,0.3467307686805725,0.9380579590797424,20170404CH_SC_M05
lesion,axis2_+30deg,encoder_level2,0.39346086978912354,0.9195829629898071,20170404CH_SC_M05
lesion,axis2_+30deg,encoder_level3,0.25195106863975525,0.9677400588989258,20170404CH_SC_M05
lesion,axis2_+30deg,encoder_level4,0.2848281264305115,0.9585785865783691,20170404CH_SC_M05
lesion,axis2_+30deg,canvas_level4,0.2848281264305115,0.9585785865783691,20170404CH_SC_M05
lesion,axis2_+30deg,canvas_level3,0.36174923181533813,0.9328556656837463,20170404CH_SC_M05
lesion,axis2_+30deg,canvas_level2,0.45851361751556396,0.8903623223304749,20170404CH_SC_M05
lesion,axis2_+30deg,canvas_level1,0.3719605803489685,0.9288320541381836,20170404CH_SC_M05
lesion,axis2_+30deg,canvas_level0,0.38653960824012756,0.9233219623565674,20170404CH_SC_M05
lesion,axis2_+30deg,output_logits,0.24278464913368225,0.97023606300354,20170404CH_SC_M05
lesion,axis2_+30deg,query_mask_embedding,0.018329467624425888,0.9998459219932556,20170404CH_SC_M05
lesion,resampling_floor,input,1.9767626326938625e-06,1.0,20170405CH_SC_M16
lesion,resampling_floor,encoder_level0,1.8733955585048534e-05,1.0,20170405CH_SC_M16
lesion,resampling_floor,encoder_level1,1.9796168999164365e-05,1.0,20170405CH_SC_M16
lesion,resampling_floor,encoder_level2,2.224728996225167e-05,1.0,20170405CH_SC_M16
lesion,resampling_floor,encoder_level3,6.087811925681308e-07,1.0,20170405CH_SC_M16
lesion,resampling_floor,encoder_level4,4.552969585347455e-06,0.9999998807907104,20170405CH_SC_M16
lesion,resampling_floor,canvas_level4,4.552969585347455e-06,0.9999998807907104,20170405CH_SC_M16
lesion,resampling_floor,canvas_level3,7.187670416897163e-05,1.0,20170405CH_SC_M16
lesion,resampling_floor,canvas_level2,0.00015884012100286782,1.0,20170405CH_SC_M16
lesion,resampling_floor,canvas_level1,0.00016961463552433997,1.0,20170405CH_SC_M16
lesion,resampling_floor,canvas_level0,0.00022681461996398866,0.9999999403953552,20170405CH_SC_M16
lesion,resampling_floor,output_logits,6.852274964330718e-05,1.0,20170405CH_SC_M16
lesion,resampling_floor,query_mask_embedding,2.4420573936367873e-06,1.0000001192092896,20170405CH_SC_M16
lesion,axis0_+5deg,input,0.14163534343242645,0.9902716875076294,20170405CH_SC_M16
lesion,axis0_+5deg,encoder_level0,0.40365782380104065,0.916098415851593,20170405CH_SC_M16
lesion,axis0_+5deg,encoder_level1,0.25482338666915894,0.9670537710189819,20170405CH_SC_M16
lesion,axis0_+5deg,encoder_level2,0.2766048014163971,0.9609956741333008,20170405CH_SC_M16
lesion,axis0_+5deg,encoder_level3,0.23789598047733307,0.9712908267974854,20170405CH_SC_M16
lesion,axis0_+5deg,encoder_level4,0.18124088644981384,0.9836726188659668,20170405CH_SC_M16
lesion,axis0_+5deg,canvas_level4,0.18124088644981384,0.9836726188659668,20170405CH_SC_M16
lesion,axis0_+5deg,canvas_level3,0.30421239137649536,0.9526535272598267,20170405CH_SC_M16
lesion,axis0_+5deg,canvas_level2,0.3171423673629761,0.9483848810195923,20170405CH_SC_M16
lesion,axis0_+5deg,canvas_level1,0.24282538890838623,0.9700876474380493,20170405CH_SC_M16
lesion,axis0_+5deg,canvas_level0,0.20717255771160126,0.9783565402030945,20170405CH_SC_M16
lesion,axis0_+5deg,output_logits,0.08126790076494217,0.9966945648193359,20170405CH_SC_M16
lesion,axis0_+5deg,query_mask_embedding,0.010409494861960411,0.9999481439590454,20170405CH_SC_M16
lesion,axis0_+10deg,input,0.14265333116054535,0.9901421666145325,20170405CH_SC_M16
lesion,axis0_+10deg,encoder_level0,0.43093201518058777,0.9033169746398926,20170405CH_SC_M16
lesion,axis0_+10deg,encoder_level1,0.26676324009895325,0.9637864828109741,20170405CH_SC_M16
lesion,axis0_+10deg,encoder_level2,0.3191569745540619,0.9477418661117554,20170405CH_SC_M16
lesion,axis0_+10deg,encoder_level3,0.24885901808738708,0.9685426950454712,20170405CH_SC_M16
lesion,axis0_+10deg,encoder_level4,0.251487672328949,0.968479573726654,20170405CH_SC_M16
lesion,axis0_+10deg,canvas_level4,0.251487672328949,0.968479573726654,20170405CH_SC_M16
lesion,axis0_+10deg,canvas_level3,0.3536796569824219,0.935391902923584,20170405CH_SC_M16
lesion,axis0_+10deg,canvas_level2,0.3908054828643799,0.920900821685791,20170405CH_SC_M16
lesion,axis0_+10deg,canvas_level1,0.290741503238678,0.9569180011749268,20170405CH_SC_M16
lesion,axis0_+10deg,canvas_level0,0.24787528812885284,0.9689623117446899,20170405CH_SC_M16
lesion,axis0_+10deg,output_logits,0.10223076492547989,0.9947607517242432,20170405CH_SC_M16
lesion,axis0_+10deg,query_mask_embedding,0.011638377793133259,0.999936580657959,20170405CH_SC_M16
lesion,axis0_+20deg,input,0.1454153060913086,0.9897692203521729,20170405CH_SC_M16
lesion,axis0_+20deg,encoder_level0,0.5084916949272156,0.8611372709274292,20170405CH_SC_M16
lesion,axis0_+20deg,encoder_level1,0.33670955896377563,0.9416210651397705,20170405CH_SC_M16
lesion,axis0_+20deg,encoder_level2,0.38754910230636597,0.9222233891487122,20170405CH_SC_M16
lesion,axis0_+20deg,encoder_level3,0.27293047308921814,0.9620425701141357,20170405CH_SC_M16
lesion,axis0_+20deg,encoder_level4,0.34599533677101135,0.9386205673217773,20170405CH_SC_M16
lesion,axis0_+20deg,canvas_level4,0.34599533677101135,0.9386205673217773,20170405CH_SC_M16
lesion,axis0_+20deg,canvas_level3,0.4357977509498596,0.9006313681602478,20170405CH_SC_M16
lesion,axis0_+20deg,canvas_level2,0.49389809370040894,0.8717691898345947,20170405CH_SC_M16
lesion,axis0_+20deg,canvas_level1,0.38801032304763794,0.9221971035003662,20170405CH_SC_M16
lesion,axis0_+20deg,canvas_level0,0.33761388063430786,0.9418916702270508,20170405CH_SC_M16
lesion,axis0_+20deg,output_logits,0.18899118900299072,0.982010543346405,20170405CH_SC_M16
lesion,axis0_+20deg,query_mask_embedding,0.026139991357922554,0.9996764659881592,20170405CH_SC_M16
lesion,axis0_+30deg,input,0.14766377210617065,0.9894574284553528,20170405CH_SC_M16
lesion,axis0_+30deg,encoder_level0,0.5717935562133789,0.8206904530525208,20170405CH_SC_M16
lesion,axis0_+30deg,encoder_level1,0.4012417793273926,0.9161875247955322,20170405CH_SC_M16
lesion,axis0_+30deg,encoder_level2,0.4598563611507416,0.8894790410995483,20170405CH_SC_M16
lesion,axis0_+30deg,encoder_level3,0.3017157316207886,0.9534097909927368,20170405CH_SC_M16
lesion,axis0_+30deg,encoder_level4,0.438091903924942,0.8989778757095337,20170405CH_SC_M16
lesion,axis0_+30deg,canvas_level4,0.438091903924942,0.8989778757095337,20170405CH_SC_M16
lesion,axis0_+30deg,canvas_level3,0.5129026174545288,0.8608317375183105,20170405CH_SC_M16
lesion,axis0_+30deg,canvas_level2,0.5817521214485168,0.8192358613014221,20170405CH_SC_M16
lesion,axis0_+30deg,canvas_level1,0.46319642663002014,0.887679934501648,20170405CH_SC_M16
lesion,axis0_+30deg,canvas_level0,0.40096086263656616,0.9174370765686035,20170405CH_SC_M16
lesion,axis0_+30deg,output_logits,0.2452874779701233,0.9697988033294678,20170405CH_SC_M16
lesion,axis0_+30deg,query_mask_embedding,0.057653188705444336,0.9984669089317322,20170405CH_SC_M16
lesion,axis1_+5deg,input,0.1367630958557129,0.9909619092941284,20170405CH_SC_M16
lesion,axis1_+5deg,encoder_level0,0.3836154043674469,0.9242528676986694,20170405CH_SC_M16
lesion,axis1_+5deg,encoder_level1,0.23986397683620453,0.9708518981933594,20170405CH_SC_M16
lesion,axis1_+5deg,encoder_level2,0.2706321179866791,0.9626925587654114,20170405CH_SC_M16
lesion,axis1_+5deg,encoder_level3,0.21060796082019806,0.9775708913803101,20170405CH_SC_M16
lesion,axis1_+5deg,encoder_level4,0.1644378900527954,0.9868667125701904,20170405CH_SC_M16
lesion,axis1_+5deg,canvas_level4,0.1644378900527954,0.9868667125701904,20170405CH_SC_M16
lesion,axis1_+5deg,canvas_level3,0.263744980096817,0.9646294713020325,20170405CH_SC_M16
lesion,axis1_+5deg,canvas_level2,0.2943534851074219,0.9557050466537476,20170405CH_SC_M16
lesion,axis1_+5deg,canvas_level1,0.217770054936409,0.976033091545105,20170405CH_SC_M16
lesion,axis1_+5deg,canvas_level0,0.1799219846725464,0.9837279915809631,20170405CH_SC_M16
lesion,axis1_+5deg,output_logits,0.055496253073215485,0.9984593987464905,20170405CH_SC_M16
lesion,axis1_+5deg,query_mask_embedding,0.010268015787005424,0.9999499320983887,20170405CH_SC_M16
lesion,axis1_+10deg,input,0.13752864301204681,0.9908628463745117,20170405CH_SC_M16
lesion,axis1_+10deg,encoder_level0,0.41558241844177246,0.9099128246307373,20170405CH_SC_M16
lesion,axis1_+10deg,encoder_level1,0.26403194665908813,0.9645221829414368,20170405CH_SC_M16
lesion,axis1_+10deg,encoder_level2,0.3179214894771576,0.9481443762779236,20170405CH_SC_M16
lesion,axis1_+10deg,encoder_level3,0.2296006828546524,0.9732850790023804,20170405CH_SC_M16
lesion,axis1_+10deg,encoder_level4,0.2541539669036865,0.9680114388465881,20170405CH_SC_M16
lesion,axis1_+10deg,canvas_level4,0.2541539669036865,0.9680114388465881,20170405CH_SC_M16
lesion,axis1_+10deg,canvas_level3,0.31898754835128784,0.9477664232254028,20170405CH_SC_M16
lesion,axis1_+10deg,canvas_level2,0.3564183712005615,0.9344679117202759,20170405CH_SC_M16
lesion,axis1_+10deg,canvas_level1,0.2612188160419464,0.9653440713882446,20170405CH_SC_M16
lesion,axis1_+10deg,canvas_level0,0.22207319736480713,0.9751189947128296,20170405CH_SC_M16
lesion,axis1_+10deg,output_logits,0.08503124117851257,0.9963924288749695,20170405CH_SC_M16
lesion,axis1_+10deg,query_mask_embedding,0.02232786826789379,0.9997625350952148,20170405CH_SC_M16
lesion,axis1_+20deg,input,0.13911791145801544,0.9906644821166992,20170405CH_SC_M16
lesion,axis1_+20deg,encoder_level0,0.49946099519729614,0.8664580583572388,20170405CH_SC_M16
lesion,axis1_+20deg,encoder_level1,0.3458747863769531,0.9383618831634521,20170405CH_SC_M16
lesion,axis1_+20deg,encoder_level2,0.4114711284637451,0.9120221734046936,20170405CH_SC_M16
lesion,axis1_+20deg,encoder_level3,0.2773366868495941,0.9607728123664856,20170405CH_SC_M16
lesion,axis1_+20deg,encoder_level4,0.366879940032959,0.9305702447891235,20170405CH_SC_M16
lesion,axis1_+20deg,canvas_level4,0.366879940032959,0.9305702447891235,20170405CH_SC_M16
lesion,axis1_+20deg,canvas_level3,0.4017876088619232,0.9161182641983032,20170405CH_SC_M16
lesion,axis1_+20deg,canvas_level2,0.45142918825149536,0.8934241533279419,20170405CH_SC_M16
lesion,axis1_+20deg,canvas_level1,0.3410547375679016,0.9402608275413513,20170405CH_SC_M16
lesion,axis1_+20deg,canvas_level0,0.3112047016620636,0.9506133794784546,20170405CH_SC_M16
lesion,axis1_+20deg,output_logits,0.17839184403419495,0.9840058088302612,20170405CH_SC_M16
lesion,axis1_+20deg,query_mask_embedding,0.016004957258701324,0.9998779296875,20170405CH_SC_M16
lesion,axis1_+30deg,input,0.14327287673950195,0.9900836944580078,20170405CH_SC_M16
lesion,axis1_+30deg,encoder_level0,0.5698738098144531,0.8236364126205444,20170405CH_SC_M16
lesion,axis1_+30deg,encoder_level1,0.41570770740509033,0.9100013375282288,20170405CH_SC_M16
lesion,axis1_+30deg,encoder_level2,0.49279266595840454,0.8726085424423218,20170405CH_SC_M16
lesion,axis1_+30deg,encoder_level3,0.32834556698799133,0.9445748329162598,20170405CH_SC_M16
lesion,axis1_+30deg,encoder_level4,0.4625132381916046,0.8866141438484192,20170405CH_SC_M16
lesion,axis1_+30deg,canvas_level4,0.4625132381916046,0.8866141438484192,20170405CH_SC_M16
lesion,axis1_+30deg,canvas_level3,0.47692105174064636,0.8805277347564697,20170405CH_SC_M16
lesion,axis1_+30deg,canvas_level2,0.5401801466941833,0.845178484916687,20170405CH_SC_M16
lesion,axis1_+30deg,canvas_level1,0.42074742913246155,0.9079980254173279,20170405CH_SC_M16
lesion,axis1_+30deg,canvas_level0,0.39005783200263977,0.9216599464416504,20170405CH_SC_M16
lesion,axis1_+30deg,output_logits,0.2468457669019699,0.9692197442054749,20170405CH_SC_M16
lesion,axis1_+30deg,query_mask_embedding,0.0322294645011425,0.9995162487030029,20170405CH_SC_M16
lesion,axis2_+5deg,input,0.10840331017971039,0.9942823052406311,20170405CH_SC_M16
lesion,axis2_+5deg,encoder_level0,0.3344787061214447,0.9433931708335876,20170405CH_SC_M16
lesion,axis2_+5deg,encoder_level1,0.20493517816066742,0.9788204431533813,20170405CH_SC_M16
lesion,axis2_+5deg,encoder_level2,0.23675239086151123,0.9715976715087891,20170405CH_SC_M16
lesion,axis2_+5deg,encoder_level3,0.192737877368927,0.9812514185905457,20170405CH_SC_M16
lesion,axis2_+5deg,encoder_level4,0.12936283648014069,0.9916902780532837,20170405CH_SC_M16
lesion,axis2_+5deg,canvas_level4,0.12936283648014069,0.9916902780532837,20170405CH_SC_M16
lesion,axis2_+5deg,canvas_level3,0.24595606327056885,0.9692898988723755,20170405CH_SC_M16
lesion,axis2_+5deg,canvas_level2,0.28083303570747375,0.9597593545913696,20170405CH_SC_M16
lesion,axis2_+5deg,canvas_level1,0.20392167568206787,0.9789912700653076,20170405CH_SC_M16
lesion,axis2_+5deg,canvas_level0,0.18978257477283478,0.981857180595398,20170405CH_SC_M16
lesion,axis2_+5deg,output_logits,0.08707084506750107,0.9962025880813599,20170405CH_SC_M16
lesion,axis2_+5deg,query_mask_embedding,0.015518954023718834,0.9998833537101746,20170405CH_SC_M16
lesion,axis2_+10deg,input,0.10748592764139175,0.9943835139274597,20170405CH_SC_M16
lesion,axis2_+10deg,encoder_level0,0.3498481810092926,0.9377074837684631,20170405CH_SC_M16
lesion,axis2_+10deg,encoder_level1,0.22070345282554626,0.9753608107566833,20170405CH_SC_M16
lesion,axis2_+10deg,encoder_level2,0.25486335158348083,0.9669786095619202,20170405CH_SC_M16
lesion,axis2_+10deg,encoder_level3,0.21271830797195435,0.9771144390106201,20170405CH_SC_M16
lesion,axis2_+10deg,encoder_level4,0.16949999332427979,0.9858152270317078,20170405CH_SC_M16
lesion,axis2_+10deg,canvas_level4,0.16949999332427979,0.9858152270317078,20170405CH_SC_M16
lesion,axis2_+10deg,canvas_level3,0.2826136648654938,0.9592481851577759,20170405CH_SC_M16
lesion,axis2_+10deg,canvas_level2,0.315740704536438,0.9489114284515381,20170405CH_SC_M16
lesion,axis2_+10deg,canvas_level1,0.22873708605766296,0.9734950065612793,20170405CH_SC_M16
lesion,axis2_+10deg,canvas_level0,0.21461640298366547,0.9767336845397949,20170405CH_SC_M16
lesion,axis2_+10deg,output_logits,0.10018254071474075,0.994981050491333,20170405CH_SC_M16
lesion,axis2_+10deg,query_mask_embedding,0.012965155765414238,0.999919056892395,20170405CH_SC_M16
lesion,axis2_+20deg,input,0.10588851571083069,0.9945603609085083,20170405CH_SC_M16
lesion,axis2_+20deg,encoder_level0,0.40924498438835144,0.9128245711326599,20170405CH_SC_M16
lesion,axis2_+20deg,encoder_level1,0.28373801708221436,0.9589024782180786,20170405CH_SC_M16
lesion,axis2_+20deg,encoder_level2,0.3241482377052307,0.9460268020629883,20170405CH_SC_M16
lesion,axis2_+20deg,encoder_level3,0.21537338197231293,0.9765317440032959,20170405CH_SC_M16
lesion,axis2_+20deg,encoder_level4,0.23956933617591858,0.9709795713424683,20170405CH_SC_M16
lesion,axis2_+20deg,canvas_level4,0.23956933617591858,0.9709795713424683,20170405CH_SC_M16
lesion,axis2_+20deg,canvas_level3,0.3246018886566162,0.9460400342941284,20170405CH_SC_M16
lesion,axis2_+20deg,canvas_level2,0.38996127247810364,0.9212951064109802,20170405CH_SC_M16
lesion,axis2_+20deg,canvas_level1,0.2980957329273224,0.954649806022644,20170405CH_SC_M16
lesion,axis2_+20deg,canvas_level0,0.30311915278434753,0.9531773328781128,20170405CH_SC_M16
lesion,axis2_+20deg,output_logits,0.17837099730968475,0.9840489625930786,20170405CH_SC_M16
lesion,axis2_+20deg,query_mask_embedding,0.017684804275631905,0.9998504519462585,20170405CH_SC_M16
lesion,axis2_+30deg,input,0.10844020545482635,0.9942902326583862,20170405CH_SC_M16
lesion,axis2_+30deg,encoder_level0,0.47367310523986816,0.8807045817375183,20170405CH_SC_M16
lesion,axis2_+30deg,encoder_level1,0.34400856494903564,0.9390519857406616,20170405CH_SC_M16
lesion,axis2_+30deg,encoder_level2,0.39104926586151123,0.9206073880195618,20170405CH_SC_M16
lesion,axis2_+30deg,encoder_level3,0.24482864141464233,0.9695682525634766,20170405CH_SC_M16
lesion,axis2_+30deg,encoder_level4,0.2952164113521576,0.9554316997528076,20170405CH_SC_M16
lesion,axis2_+30deg,canvas_level4,0.2952164113521576,0.9554316997528076,20170405CH_SC_M16
lesion,axis2_+30deg,canvas_level3,0.36413297057151794,0.931899905204773,20170405CH_SC_M16
lesion,axis2_+30deg,canvas_level2,0.45362088084220886,0.8925856351852417,20170405CH_SC_M16
lesion,axis2_+30deg,canvas_level1,0.3574973940849304,0.9343503713607788,20170405CH_SC_M16
lesion,axis2_+30deg,canvas_level0,0.37226635217666626,0.9288694858551025,20170405CH_SC_M16
lesion,axis2_+30deg,output_logits,0.2363504320383072,0.9717973470687866,20170405CH_SC_M16
lesion,axis2_+30deg,query_mask_embedding,0.0191188994795084,0.9998261332511902,20170405CH_SC_M16
lesion,resampling_floor,input,1.8284155203218688e-06,1.0,20170628CH_Exp6_ZFPtm1a_M12
lesion,resampling_floor,encoder_level0,1.9264345610281453e-05,1.0,20170628CH_Exp6_ZFPtm1a_M12
lesion,resampling_floor,encoder_level1,2.084983316308353e-05,1.0,20170628CH_Exp6_ZFPtm1a_M12
lesion,resampling_floor,encoder_level2,2.2698985048918985e-05,1.0,20170628CH_Exp6_ZFPtm1a_M12
lesion,resampling_floor,encoder_level3,6.858192023173615e-07,0.9999998807907104,20170628CH_Exp6_ZFPtm1a_M12
lesion,resampling_floor,encoder_level4,4.369088401290355e-06,1.0000001192092896,20170628CH_Exp6_ZFPtm1a_M12
lesion,resampling_floor,canvas_level4,4.369088401290355e-06,1.0000001192092896,20170628CH_Exp6_ZFPtm1a_M12
lesion,resampling_floor,canvas_level3,7.10081949364394e-05,0.9999999403953552,20170628CH_Exp6_ZFPtm1a_M12
lesion,resampling_floor,canvas_level2,0.00016187451547011733,0.9999999403953552,20170628CH_Exp6_ZFPtm1a_M12
lesion,resampling_floor,canvas_level1,0.0001752572861732915,1.0,20170628CH_Exp6_ZFPtm1a_M12
lesion,resampling_floor,canvas_level0,0.00022727342729922384,1.0,20170628CH_Exp6_ZFPtm1a_M12
lesion,resampling_floor,output_logits,6.905430927872658e-05,1.0,20170628CH_Exp6_ZFPtm1a_M12
lesion,resampling_floor,query_mask_embedding,2.1353284864744637e-06,0.9999999403953552,20170628CH_Exp6_ZFPtm1a_M12
lesion,axis0_+5deg,input,0.12521377205848694,0.9923868775367737,20170628CH_Exp6_ZFPtm1a_M12
lesion,axis0_+5deg,encoder_level0,0.38728848099708557,0.923145592212677,20170628CH_Exp6_ZFPtm1a_M12
lesion,axis0_+5deg,encoder_level1,0.25651922821998596,0.9665972590446472,20170628CH_Exp6_ZFPtm1a_M12
lesion,axis0_+5deg,encoder_level2,0.27628982067108154,0.9610855579376221,20170628CH_Exp6_ZFPtm1a_M12
lesion,axis0_+5deg,encoder_level3,0.23575329780578613,0.9718129634857178,20170628CH_Exp6_ZFPtm1a_M12
lesion,axis0_+5deg,encoder_level4,0.1664472222328186,0.9864353537559509,20170628CH_Exp6_ZFPtm1a_M12
lesion,axis0_+5deg,canvas_level4,0.1664472222328186,0.9864353537559509,20170628CH_Exp6_ZFPtm1a_M12
lesion,axis0_+5deg,canvas_level3,0.30037763714790344,0.953910768032074,20170628CH_Exp6_ZFPtm1a_M12
lesion,axis0_+5deg,canvas_level2,0.31941160559654236,0.9476252794265747,20170628CH_Exp6_ZFPtm1a_M12
lesion,axis0_+5deg,canvas_level1,0.25296735763549805,0.9675030708312988,20170628CH_Exp6_ZFPtm1a_M12
lesion,axis0_+5deg,canvas_level0,0.2113293707370758,0.9774799942970276,20170628CH_Exp6_ZFPtm1a_M12
lesion,axis0_+5deg,output_logits,0.0827241763472557,0.9965729713439941,20170628CH_Exp6_ZFPtm1a_M12
lesion,axis0_+5deg,query_mask_embedding,0.010669803246855736,0.9999464750289917,20170628CH_Exp6_ZFPtm1a_M12
lesion,axis0_+10deg,input,0.1291283816099167,0.9919120073318481,20170628CH_Exp6_ZFPtm1a_M12
lesion,axis0_+10deg,encoder_level0,0.42301464080810547,0.9071138501167297,20170628CH_Exp6_ZFPtm1a_M12
lesion,axis0_+10deg,encoder_level1,0.26766231656074524,0.9635350704193115,20170628CH_Exp6_ZFPtm1a_M12
lesion,axis0_+10deg,encoder_level2,0.3139241337776184,0.949472963809967,20170628CH_Exp6_ZFPtm1a_M12
lesion,axis0_+10deg,encoder_level3,0.2506468594074249,0.968082845211029,20170628CH_Exp6_ZFPtm1a_M12
lesion,axis0_+10deg,encoder_level4,0.24961036443710327,0.9691287875175476,20170628CH_Exp6_ZFPtm1a_M12
lesion,axis0_+10deg,canvas_level4,0.24961036443710327,0.9691287875175476,20170628CH_Exp6_ZFPtm1a_M12
lesion,axis0_+10deg,canvas_level3,0.3535363972187042,0.9354279637336731,20170628CH_Exp6_ZFPtm1a_M12
lesion,axis0_+10deg,canvas_level2,0.3866112530231476,0.9226057529449463,20170628CH_Exp6_ZFPtm1a_M12
lesion,axis0_+10deg,canvas_level1,0.29321882128715515,0.9561609029769897,20170628CH_Exp6_ZFPtm1a_M12
lesion,axis0_+10deg,canvas_level0,0.24747653305530548,0.9690769910812378,20170628CH_Exp6_ZFPtm1a_M12
lesion,axis0_+10deg,output_logits,0.10102081298828125,0.9948890805244446,20170628CH_Exp6_ZFPtm1a_M12
lesion,axis0_+10deg,query_mask_embedding,0.01632842607796192,0.9998772144317627,20170628CH_Exp6_ZFPtm1a_M12
lesion,axis0_+20deg,input,0.1304386556148529,0.9917565584182739,20170628CH_Exp6_ZFPtm1a_M12
lesion,axis0_+20deg,encoder_level0,0.4976634979248047,0.8674532175064087,20170628CH_Exp6_ZFPtm1a_M12
lesion,axis0_+20deg,encoder_level1,0.33843937516212463,0.9410035610198975,20170628CH_Exp6_ZFPtm1a_M12
lesion,axis0_+20deg,encoder_level2,0.38471952080726624,0.9233721494674683,20170628CH_Exp6_ZFPtm1a_M12
lesion,axis0_+20deg,encoder_level3,0.27265891432762146,0.9621174335479736,20170628CH_Exp6_ZFPtm1a_M12
lesion,axis0_+20deg,encoder_level4,0.34640756249427795,0.9385539293289185,20170628CH_Exp6_ZFPtm1a_M12
lesion,axis0_+20deg,canvas_level4,0.34640756249427795,0.9385539293289185,20170628CH_Exp6_ZFPtm1a_M12
lesion,axis0_+20deg,canvas_level3,0.44133907556533813,0.8979108333587646,20170628CH_Exp6_ZFPtm1a_M12
lesion,axis0_+20deg,canvas_level2,0.48885059356689453,0.8746013641357422,20170628CH_Exp6_ZFPtm1a_M12
lesion,axis0_+20deg,canvas_level1,0.38316643238067627,0.9241933822631836,20170628CH_Exp6_ZFPtm1a_M12
lesion,axis0_+20deg,canvas_level0,0.33510252833366394,0.9427293539047241,20170628CH_Exp6_ZFPtm1a_M12
lesion,axis0_+20deg,output_logits,0.1895245909690857,0.9820917844772339,20170628CH_Exp6_ZFPtm1a_M12
lesion,axis0_+20deg,query_mask_embedding,0.04435380548238754,0.9991105794906616,20170628CH_Exp6_ZFPtm1a_M12
lesion,axis0_+30deg,input,0.13258963823318481,0.9914920330047607,20170628CH_Exp6_ZFPtm1a_M12
lesion,axis0_+30deg,encoder_level0,0.5643147230148315,0.8258196115493774,20170628CH_Exp6_ZFPtm1a_M12
lesion,axis0_+30deg,encoder_level1,0.4034060537815094,0.9152547121047974,20170628CH_Exp6_ZFPtm1a_M12
lesion,axis0_+30deg,encoder_level2,0.45664095878601074,0.8910022974014282,20170628CH_Exp6_ZFPtm1a_M12
lesion,axis0_+30deg,encoder_level3,0.3035537004470825,0.9528257250785828,20170628CH_Exp6_ZFPtm1a_M12
lesion,axis0_+30deg,encoder_level4,0.4415132403373718,0.8972902894020081,20170628CH_Exp6_ZFPtm1a_M12
lesion,axis0_+30deg,canvas_level4,0.4415132403373718,0.8972902894020081,20170628CH_Exp6_ZFPtm1a_M12
lesion,axis0_+30deg,canvas_level3,0.5363807678222656,0.8470866680145264,20170628CH_Exp6_ZFPtm1a_M12
lesion,axis0_+30deg,canvas_level2,0.5828615427017212,0.8185203671455383,20170628CH_Exp6_ZFPtm1a_M12
lesion,axis0_+30deg,canvas_level1,0.46477851271629333,0.8868637084960938,20170628CH_Exp6_ZFPtm1a_M12
lesion,axis0_+30deg,canvas_level0,0.4046376049518585,0.9158217906951904,20170628CH_Exp6_ZFPtm1a_M12
lesion,axis0_+30deg,output_logits,0.2550235092639923,0.9687027931213379,20170628CH_Exp6_ZFPtm1a_M12
lesion,axis0_+30deg,query_mask_embedding,0.10462910681962967,0.9951758980751038,20170628CH_Exp6_ZFPtm1a_M12
lesion,axis1_+5deg,input,0.1191193014383316,0.9931265115737915,20170628CH_Exp6_ZFPtm1a_M12
lesion,axis1_+5deg,encoder_level0,0.3680594265460968,0.9305398464202881,20170628CH_Exp6_ZFPtm1a_M12
lesion,axis1_+5deg,encoder_level1,0.2437926083803177,0.9698686003684998,20170628CH_Exp6_ZFPtm1a_M12
lesion,axis1_+5deg,encoder_level2,0.26976481080055237,0.9629408121109009,20170628CH_Exp6_ZFPtm1a_M12
lesion,axis1_+5deg,encoder_level3,0.21949833631515503,0.975612998008728,20170628CH_Exp6_ZFPtm1a_M12
lesion,axis1_+5deg,encoder_level4,0.188773512840271,0.9824821949005127,20170628CH_Exp6_ZFPtm1a_M12
lesion,axis1_+5deg,canvas_level4,0.188773512840271,0.9824821949005127,20170628CH_Exp6_ZFPtm1a_M12
lesion,axis1_+5deg,canvas_level3,0.27802956104278564,0.9605929851531982,20170628CH_Exp6_ZFPtm1a_M12
lesion,axis1_+5deg,canvas_level2,0.30355846881866455,0.9528372287750244,20170628CH_Exp6_ZFPtm1a_M12
lesion,axis1_+5deg,canvas_level1,0.23809193074703217,0.9713231325149536,20170628CH_Exp6_ZFPtm1a_M12
lesion,axis1_+5deg,canvas_level0,0.18719473481178284,0.9823834300041199,20170628CH_Exp6_ZFPtm1a_M12
lesion,axis1_+5deg,output_logits,0.05677235871553421,0.9983921051025391,20170628CH_Exp6_ZFPtm1a_M12
lesion,axis1_+5deg,query_mask_embedding,0.01701125130057335,0.9998663067817688,20170628CH_Exp6_ZFPtm1a_M12
lesion,axis1_+10deg,input,0.11995526403188705,0.9930408000946045,20170628CH_Exp6_ZFPtm1a_M12
lesion,axis1_+10deg,encoder_level0,0.4012452960014343,0.916309118270874,20170628CH_Exp6_ZFPtm1a_M12
lesion,axis1_+10deg,encoder_level1,0.2664417624473572,0.9638582468032837,20170628CH_Exp6_ZFPtm1a_M12
lesion,axis1_+10deg,encoder_level2,0.31521305441856384,0.9490336179733276,20170628CH_Exp6_ZFPtm1a_M12
lesion,axis1_+10deg,encoder_level3,0.23447680473327637,0.9721226096153259,20170628CH_Exp6_ZFPtm1a_M12
lesion,axis1_+10deg,encoder_level4,0.26230576634407043,0.9656308889389038,20170628CH_Exp6_ZFPtm1a_M12
lesion,axis1_+10deg,canvas_level4,0.26230576634407043,0.9656308889389038,20170628CH_Exp6_ZFPtm1a_M12
lesion,axis1_+10deg,canvas_level3,0.32409772276878357,0.946044385433197,20170628CH_Exp6_ZFPtm1a_M12
lesion,axis1_+10deg,canvas_level2,0.35930365324020386,0.9334139823913574,20170628CH_Exp6_ZFPtm1a_M12
lesion,axis1_+10deg,canvas_level1,0.27172908186912537,0.9624944925308228,20170628CH_Exp6_ZFPtm1a_M12
lesion,axis1_+10deg,canvas_level0,0.2249663919210434,0.9744748473167419,20170628CH_Exp6_ZFPtm1a_M12
lesion,axis1_+10deg,output_logits,0.08769870549440384,0.9961720705032349,20170628CH_Exp6_ZFPtm1a_M12
lesion,axis1_+10deg,query_mask_embedding,0.02108902670443058,0.9997941851615906,20170628CH_Exp6_ZFPtm1a_M12
lesion,axis1_+20deg,input,0.12165500968694687,0.9928499460220337,20170628CH_Exp6_ZFPtm1a_M12
lesion,axis1_+20deg,encoder_level0,0.48736464977264404,0.8733173608779907,20170628CH_Exp6_ZFPtm1a_M12
lesion,axis1_+20deg,encoder_level1,0.34613487124443054,0.9382621049880981,20170628CH_Exp6_ZFPtm1a_M12
lesion,axis1_+20deg,encoder_level2,0.4085474908351898,0.9132564067840576,20170628CH_Exp6_ZFPtm1a_M12
lesion,axis1_+20deg,encoder_level3,0.28290480375289917,0.9591488838195801,20170628CH_Exp6_ZFPtm1a_M12
lesion,axis1_+20deg,encoder_level4,0.36825525760650635,0.9300450682640076,20170628CH_Exp6_ZFPtm1a_M12
lesion,axis1_+20deg,canvas_level4,0.36825525760650635,0.9300450682640076,20170628CH_Exp6_ZFPtm1a_M12
lesion,axis1_+20deg,canvas_level3,0.41197773814201355,0.9116299152374268,20170628CH_Exp6_ZFPtm1a_M12
lesion,axis1_+20deg,canvas_level2,0.4637672007083893,0.8875576257705688,20170628CH_Exp6_ZFPtm1a_M12
lesion,axis1_+20deg,canvas_level1,0.36896973848342896,0.9299747347831726,20170628CH_Exp6_ZFPtm1a_M12
lesion,axis1_+20deg,canvas_level0,0.3242397904396057,0.9463678598403931,20170628CH_Exp6_ZFPtm1a_M12
lesion,axis1_+20deg,output_logits,0.18378299474716187,0.983137845993042,20170628CH_Exp6_ZFPtm1a_M12
lesion,axis1_+20deg,query_mask_embedding,0.02789551205933094,0.9996480345726013,20170628CH_Exp6_ZFPtm1a_M12
lesion,axis1_+30deg,input,0.12478719651699066,0.9924706816673279,20170628CH_Exp6_ZFPtm1a_M12
lesion,axis1_+30deg,encoder_level0,0.5573384165763855,0.8321009874343872,20170628CH_Exp6_ZFPtm1a_M12
lesion,axis1_+30deg,encoder_level1,0.41511979699134827,0.9102349281311035,20170628CH_Exp6_ZFPtm1a_M12
lesion,axis1_+30deg,encoder_level2,0.4858953654766083,0.8760876655578613,20170628CH_Exp6_ZFPtm1a_M12
lesion,axis1_+30deg,encoder_level3,0.3309614956378937,0.9436600804328918,20170628CH_Exp6_ZFPtm1a_M12
lesion,axis1_+30deg,encoder_level4,0.4548550546169281,0.8905689120292664,20170628CH_Exp6_ZFPtm1a_M12
lesion,axis1_+30deg,canvas_level4,0.4548550546169281,0.8905689120292664,20170628CH_Exp6_ZFPtm1a_M12
lesion,axis1_+30deg,canvas_level3,0.49146950244903564,0.8725699186325073,20170628CH_Exp6_ZFPtm1a_M12
lesion,axis1_+30deg,canvas_level2,0.5483747124671936,0.840740978717804,20170628CH_Exp6_ZFPtm1a_M12
lesion,axis1_+30deg,canvas_level1,0.442768931388855,0.8979736566543579,20170628CH_Exp6_ZFPtm1a_M12
lesion,axis1_+30deg,canvas_level0,0.40152502059936523,0.9169474840164185,20170628CH_Exp6_ZFPtm1a_M12
lesion,axis1_+30deg,output_logits,0.25505971908569336,0.9674685001373291,20170628CH_Exp6_ZFPtm1a_M12
lesion,axis1_+30deg,query_mask_embedding,0.05434413626790047,0.9986898899078369,20170628CH_Exp6_ZFPtm1a_M12
lesion,axis2_+5deg,input,0.10113806277513504,0.9950162172317505,20170628CH_Exp6_ZFPtm1a_M12
lesion,axis2_+5deg,encoder_level0,0.33207225799560547,0.9442318677902222,20170628CH_Exp6_ZFPtm1a_M12
lesion,axis2_+5deg,encoder_level1,0.20319560170173645,0.9791747331619263,20170628CH_Exp6_ZFPtm1a_M12
lesion,axis2_+5deg,encoder_level2,0.2376265674829483,0.9713889956474304,20170628CH_Exp6_ZFPtm1a_M12
lesion,axis2_+5deg,encoder_level3,0.19123314321041107,0.9815458059310913,20170628CH_Exp6_ZFPtm1a_M12
lesion,axis2_+5deg,encoder_level4,0.11136607080698013,0.9939250946044922,20170628CH_Exp6_ZFPtm1a_M12
lesion,axis2_+5deg,canvas_level4,0.11136607080698013,0.9939250946044922,20170628CH_Exp6_ZFPtm1a_M12
lesion,axis2_+5deg,canvas_level3,0.2416754812002182,0.9703981280326843,20170628CH_Exp6_ZFPtm1a_M12
lesion,axis2_+5deg,canvas_level2,0.2796233594417572,0.9601097702980042,20170628CH_Exp6_ZFPtm1a_M12
lesion,axis2_+5deg,canvas_level1,0.20857667922973633,0.9780130386352539,20170628CH_Exp6_ZFPtm1a_M12
lesion,axis2_+5deg,canvas_level0,0.19069461524486542,0.9816845655441284,20170628CH_Exp6_ZFPtm1a_M12
lesion,axis2_+5deg,output_logits,0.08992781490087509,0.9959495067596436,20170628CH_Exp6_ZFPtm1a_M12
lesion,axis2_+5deg,query_mask_embedding,0.012974423356354237,0.9999198913574219,20170628CH_Exp6_ZFPtm1a_M12
lesion,axis2_+10deg,input,0.10069089382886887,0.9950645565986633,20170628CH_Exp6_ZFPtm1a_M12
lesion,axis2_+10deg,encoder_level0,0.349348783493042,0.9378877878189087,20170628CH_Exp6_ZFPtm1a_M12
lesion,axis2_+10deg,encoder_level1,0.219404935836792,0.9756491780281067,20170628CH_Exp6_ZFPtm1a_M12
lesion,axis2_+10deg,encoder_level2,0.25392797589302063,0.9672263264656067,20170628CH_Exp6_ZFPtm1a_M12
lesion,axis2_+10deg,encoder_level3,0.2117716372013092,0.9773196578025818,20170628CH_Exp6_ZFPtm1a_M12
lesion,axis2_+10deg,encoder_level4,0.1640818864107132,0.9867308139801025,20170628CH_Exp6_ZFPtm1a_M12
lesion,axis2_+10deg,canvas_level4,0.1640818864107132,0.9867308139801025,20170628CH_Exp6_ZFPtm1a_M12
lesion,axis2_+10deg,canvas_level3,0.284803569316864,0.9585862755775452,20170628CH_Exp6_ZFPtm1a_M12
lesion,axis2_+10deg,canvas_level2,0.31694483757019043,0.9484894275665283,20170628CH_Exp6_ZFPtm1a_M12
lesion,axis2_+10deg,canvas_level1,0.2359546273946762,0.971778392791748,20170628CH_Exp6_ZFPtm1a_M12
lesion,axis2_+10deg,canvas_level0,0.21672557294368744,0.9762729406356812,20170628CH_Exp6_ZFPtm1a_M12
lesion,axis2_+10deg,output_logits,0.1028306633234024,0.994712769985199,20170628CH_Exp6_ZFPtm1a_M12
lesion,axis2_+10deg,query_mask_embedding,0.011961673386394978,0.9999312162399292,20170628CH_Exp6_ZFPtm1a_M12
lesion,axis2_+20deg,input,0.09941225498914719,0.9951987862586975,20170628CH_Exp6_ZFPtm1a_M12
lesion,axis2_+20deg,encoder_level0,0.41150280833244324,0.9117847681045532,20170628CH_Exp6_ZFPtm1a_M12
lesion,axis2_+20deg,encoder_level1,0.28245776891708374,0.959281325340271,20170628CH_Exp6_ZFPtm1a_M12
lesion,axis2_+20deg,encoder_level2,0.3239452838897705,0.9460887312889099,20170628CH_Exp6_ZFPtm1a_M12
lesion,axis2_+20deg,encoder_level3,0.21787554025650024,0.9759765863418579,20170628CH_Exp6_ZFPtm1a_M12
lesion,axis2_+20deg,encoder_level4,0.23206202685832977,0.9728567600250244,20170628CH_Exp6_ZFPtm1a_M12
lesion,axis2_+20deg,canvas_level4,0.23206202685832977,0.9728567600250244,20170628CH_Exp6_ZFPtm1a_M12
lesion,axis2_+20deg,canvas_level3,0.32980889081954956,0.9441596269607544,20170628CH_Exp6_ZFPtm1a_M12
lesion,axis2_+20deg,canvas_level2,0.39423683285713196,0.9194849729537964,20170628CH_Exp6_ZFPtm1a_M12
lesion,axis2_+20deg,canvas_level1,0.3045954406261444,0.9526221752166748,20170628CH_Exp6_ZFPtm1a_M12
lesion,axis2_+20deg,canvas_level0,0.3045639395713806,0.9527369737625122,20170628CH_Exp6_ZFPtm1a_M12
lesion,axis2_+20deg,output_logits,0.18059848248958588,0.9836828112602234,20170628CH_Exp6_ZFPtm1a_M12
lesion,axis2_+20deg,query_mask_embedding,0.023930547758936882,0.9997283220291138,20170628CH_Exp6_ZFPtm1a_M12
lesion,axis2_+30deg,input,0.10201320797204971,0.9949387311935425,20170628CH_Exp6_ZFPtm1a_M12
lesion,axis2_+30deg,encoder_level0,0.47673729062080383,0.8790479898452759,20170628CH_Exp6_ZFPtm1a_M12
lesion,axis2_+30deg,encoder_level1,0.34276506304740906,0.9395147562026978,20170628CH_Exp6_ZFPtm1a_M12
lesion,axis2_+30deg,encoder_level2,0.3914159834384918,0.920432984828949,20170628CH_Exp6_ZFPtm1a_M12
lesion,axis2_+30deg,encoder_level3,0.2472795993089676,0.9689454436302185,20170628CH_Exp6_ZFPtm1a_M12
lesion,axis2_+30deg,encoder_level4,0.2881802022457123,0.9575762748718262,20170628CH_Exp6_ZFPtm1a_M12
lesion,axis2_+30deg,canvas_level4,0.2881802022457123,0.9575762748718262,20170628CH_Exp6_ZFPtm1a_M12
lesion,axis2_+30deg,canvas_level3,0.3726396858692169,0.9283682107925415,20170628CH_Exp6_ZFPtm1a_M12
lesion,axis2_+30deg,canvas_level2,0.464020699262619,0.8874361515045166,20170628CH_Exp6_ZFPtm1a_M12
lesion,axis2_+30deg,canvas_level1,0.3721134662628174,0.9287829399108887,20170628CH_Exp6_ZFPtm1a_M12
lesion,axis2_+30deg,canvas_level0,0.37945321202278137,0.9260797500610352,20170628CH_Exp6_ZFPtm1a_M12
lesion,axis2_+30deg,output_logits,0.24075303971767426,0.9708206057548523,20170628CH_Exp6_ZFPtm1a_M12
lesion,axis2_+30deg,query_mask_embedding,0.03132939711213112,0.9995377659797668,20170628CH_Exp6_ZFPtm1a_M12
lesion,resampling_floor,input,1.9325311768625397e-06,1.0,20170628CH_Exp6_ZFPtm1a_M14
lesion,resampling_floor,encoder_level0,1.885581878013909e-05,1.0,20170628CH_Exp6_ZFPtm1a_M14
lesion,resampling_floor,encoder_level1,2.082377795886714e-05,1.0,20170628CH_Exp6_ZFPtm1a_M14
lesion,resampling_floor,encoder_level2,2.2459822503151372e-05,1.0,20170628CH_Exp6_ZFPtm1a_M14
lesion,resampling_floor,encoder_level3,7.002532811384299e-07,1.0,20170628CH_Exp6_ZFPtm1a_M14
lesion,resampling_floor,encoder_level4,5.3591620599036105e-06,0.9999998807907104,20170628CH_Exp6_ZFPtm1a_M14
lesion,resampling_floor,canvas_level4,5.3591620599036105e-06,0.9999998807907104,20170628CH_Exp6_ZFPtm1a_M14
lesion,resampling_floor,canvas_level3,7.609139720443636e-05,1.0,20170628CH_Exp6_ZFPtm1a_M14
lesion,resampling_floor,canvas_level2,0.00016377877909690142,1.0,20170628CH_Exp6_ZFPtm1a_M14
lesion,resampling_floor,canvas_level1,0.00017858024511951953,1.0,20170628CH_Exp6_ZFPtm1a_M14
lesion,resampling_floor,canvas_level0,0.00022800466103944927,0.9999999403953552,20170628CH_Exp6_ZFPtm1a_M14
lesion,resampling_floor,output_logits,6.926547212060541e-05,0.9999998807907104,20170628CH_Exp6_ZFPtm1a_M14
lesion,resampling_floor,query_mask_embedding,7.609970680277911e-07,0.9999999403953552,20170628CH_Exp6_ZFPtm1a_M14
lesion,axis0_+5deg,input,0.12852418422698975,0.9919743537902832,20170628CH_Exp6_ZFPtm1a_M14
lesion,axis0_+5deg,encoder_level0,0.39139240980148315,0.9215543866157532,20170628CH_Exp6_ZFPtm1a_M14
lesion,axis0_+5deg,encoder_level1,0.254610151052475,0.9671021103858948,20170628CH_Exp6_ZFPtm1a_M14
lesion,axis0_+5deg,encoder_level2,0.27732574939727783,0.9607831239700317,20170628CH_Exp6_ZFPtm1a_M14
lesion,axis0_+5deg,encoder_level3,0.22301030158996582,0.9748162031173706,20170628CH_Exp6_ZFPtm1a_M14
lesion,axis0_+5deg,encoder_level4,0.16280755400657654,0.9868955612182617,20170628CH_Exp6_ZFPtm1a_M14
lesion,axis0_+5deg,canvas_level4,0.16280755400657654,0.9868955612182617,20170628CH_Exp6_ZFPtm1a_M14
lesion,axis0_+5deg,canvas_level3,0.2930016815662384,0.9561943411827087,20170628CH_Exp6_ZFPtm1a_M14
lesion,axis0_+5deg,canvas_level2,0.31604206562042236,0.9487537741661072,20170628CH_Exp6_ZFPtm1a_M14
lesion,axis0_+5deg,canvas_level1,0.2520780861377716,0.9677323698997498,20170628CH_Exp6_ZFPtm1a_M14
lesion,axis0_+5deg,canvas_level0,0.21071220934391022,0.9776089787483215,20170628CH_Exp6_ZFPtm1a_M14
lesion,axis0_+5deg,output_logits,0.08095049113035202,0.9967183470726013,20170628CH_Exp6_ZFPtm1a_M14
lesion,axis0_+5deg,query_mask_embedding,0.011979528702795506,0.9999295473098755,20170628CH_Exp6_ZFPtm1a_M14
lesion,axis0_+10deg,input,0.13232804834842682,0.9914960265159607,20170628CH_Exp6_ZFPtm1a_M14
lesion,axis0_+10deg,encoder_level0,0.4268920421600342,0.905339241027832,20170628CH_Exp6_ZFPtm1a_M14
lesion,axis0_+10deg,encoder_level1,0.26697108149528503,0.963725209236145,20170628CH_Exp6_ZFPtm1a_M14
lesion,axis0_+10deg,encoder_level2,0.31282946467399597,0.9498370289802551,20170628CH_Exp6_ZFPtm1a_M14
lesion,axis0_+10deg,encoder_level3,0.2457493096590042,0.9693387746810913,20170628CH_Exp6_ZFPtm1a_M14
lesion,axis0_+10deg,encoder_level4,0.24003833532333374,0.9713058471679688,20170628CH_Exp6_ZFPtm1a_M14
lesion,axis0_+10deg,canvas_level4,0.24003833532333374,0.9713058471679688,20170628CH_Exp6_ZFPtm1a_M14
lesion,axis0_+10deg,canvas_level3,0.3546772301197052,0.9350018501281738,20170628CH_Exp6_ZFPtm1a_M14
lesion,axis0_+10deg,canvas_level2,0.38349294662475586,0.9239148497581482,20170628CH_Exp6_ZFPtm1a_M14
lesion,axis0_+10deg,canvas_level1,0.293920636177063,0.9559651017189026,20170628CH_Exp6_ZFPtm1a_M14
lesion,axis0_+10deg,canvas_level0,0.246951162815094,0.969197154045105,20170628CH_Exp6_ZFPtm1a_M14
lesion,axis0_+10deg,output_logits,0.10172386467456818,0.9948152899742126,20170628CH_Exp6_ZFPtm1a_M14
lesion,axis0_+10deg,query_mask_embedding,0.020705293864011765,0.9997923970222473,20170628CH_Exp6_ZFPtm1a_M14
lesion,axis0_+20deg,input,0.13309496641159058,0.991411030292511,20170628CH_Exp6_ZFPtm1a_M14
lesion,axis0_+20deg,encoder_level0,0.49867841601371765,0.8669067025184631,20170628CH_Exp6_ZFPtm1a_M14
lesion,axis0_+20deg,encoder_level1,0.3365333378314972,0.9416859149932861,20170628CH_Exp6_ZFPtm1a_M14
lesion,axis0_+20deg,encoder_level2,0.3824194073677063,0.9243491291999817,20170628CH_Exp6_ZFPtm1a_M14
lesion,axis0_+20deg,encoder_level3,0.26817241311073303,0.9633824825286865,20170628CH_Exp6_ZFPtm1a_M14
lesion,axis0_+20deg,encoder_level4,0.342638224363327,0.9396803379058838,20170628CH_Exp6_ZFPtm1a_M14
lesion,axis0_+20deg,canvas_level4,0.342638224363327,0.9396803379058838,20170628CH_Exp6_ZFPtm1a_M14
lesion,axis0_+20deg,canvas_level3,0.4439551830291748,0.8966639041900635,20170628CH_Exp6_ZFPtm1a_M14
lesion,axis0_+20deg,canvas_level2,0.48489126563072205,0.8767224550247192,20170628CH_Exp6_ZFPtm1a_M14
lesion,axis0_+20deg,canvas_level1,0.38126713037490845,0.925003170967102,20170628CH_Exp6_ZFPtm1a_M14
lesion,axis0_+20deg,canvas_level0,0.33321744203567505,0.9433690309524536,20170628CH_Exp6_ZFPtm1a_M14
lesion,axis0_+20deg,output_logits,0.1868182122707367,0.9824460744857788,20170628CH_Exp6_ZFPtm1a_M14
lesion,axis0_+20deg,query_mask_embedding,0.03113624081015587,0.9995356798171997,20170628CH_Exp6_ZFPtm1a_M14
lesion,axis0_+30deg,input,0.13607639074325562,0.9910321235656738,20170628CH_Exp6_ZFPtm1a_M14
lesion,axis0_+30deg,encoder_level0,0.5666711926460266,0.8241532444953918,20170628CH_Exp6_ZFPtm1a_M14
lesion,axis0_+30deg,encoder_level1,0.40079280734062195,0.9163885116577148,20170628CH_Exp6_ZFPtm1a_M14
lesion,axis0_+30deg,encoder_level2,0.4527405798435211,0.8929421901702881,20170628CH_Exp6_ZFPtm1a_M14
lesion,axis0_+30deg,encoder_level3,0.29374584555625916,0.955891489982605,20170628CH_Exp6_ZFPtm1a_M14
lesion,axis0_+30deg,encoder_level4,0.4297940135002136,0.9029458165168762,20170628CH_Exp6_ZFPtm1a_M14
lesion,axis0_+30deg,canvas_level4,0.4297940135002136,0.9029458165168762,20170628CH_Exp6_ZFPtm1a_M14
lesion,axis0_+30deg,canvas_level3,0.5285215377807617,0.8517051935195923,20170628CH_Exp6_ZFPtm1a_M14
lesion,axis0_+30deg,canvas_level2,0.5695305466651917,0.8270207643508911,20170628CH_Exp6_ZFPtm1a_M14
lesion,axis0_+30deg,canvas_level1,0.45047497749328613,0.8939182162284851,20170628CH_Exp6_ZFPtm1a_M14
lesion,axis0_+30deg,canvas_level0,0.39716801047325134,0.9188940525054932,20170628CH_Exp6_ZFPtm1a_M14
lesion,axis0_+30deg,output_logits,0.245749369263649,0.970400869846344,20170628CH_Exp6_ZFPtm1a_M14
lesion,axis0_+30deg,query_mask_embedding,0.09835480153560638,0.9955183267593384,20170628CH_Exp6_ZFPtm1a_M14
lesion,axis1_+5deg,input,0.12468138337135315,0.9924551248550415,20170628CH_Exp6_ZFPtm1a_M14
lesion,axis1_+5deg,encoder_level0,0.3786531090736389,0.9262489080429077,20170628CH_Exp6_ZFPtm1a_M14
lesion,axis1_+5deg,encoder_level1,0.24153117835521698,0.9704263210296631,20170628CH_Exp6_ZFPtm1a_M14
lesion,axis1_+5deg,encoder_level2,0.2693648934364319,0.9630479216575623,20170628CH_Exp6_ZFPtm1a_M14
lesion,axis1_+5deg,encoder_level3,0.21281616389751434,0.9770933985710144,20170628CH_Exp6_ZFPtm1a_M14
lesion,axis1_+5deg,encoder_level4,0.182494655251503,0.9833792448043823,20170628CH_Exp6_ZFPtm1a_M14
lesion,axis1_+5deg,canvas_level4,0.182494655251503,0.9833792448043823,20170628CH_Exp6_ZFPtm1a_M14
lesion,axis1_+5deg,canvas_level3,0.27532002329826355,0.9613718390464783,20170628CH_Exp6_ZFPtm1a_M14
lesion,axis1_+5deg,canvas_level2,0.30216220021247864,0.9532924890518188,20170628CH_Exp6_ZFPtm1a_M14
lesion,axis1_+5deg,canvas_level1,0.23937194049358368,0.9710354804992676,20170628CH_Exp6_ZFPtm1a_M14
lesion,axis1_+5deg,canvas_level0,0.18936215341091156,0.9819737076759338,20170628CH_Exp6_ZFPtm1a_M14
lesion,axis1_+5deg,output_logits,0.05534068122506142,0.9984678030014038,20170628CH_Exp6_ZFPtm1a_M14
lesion,axis1_+5deg,query_mask_embedding,0.011598283424973488,0.9999350309371948,20170628CH_Exp6_ZFPtm1a_M14
lesion,axis1_+10deg,input,0.12467501312494278,0.9924702644348145,20170628CH_Exp6_ZFPtm1a_M14
lesion,axis1_+10deg,encoder_level0,0.4077308773994446,0.9134573936462402,20170628CH_Exp6_ZFPtm1a_M14
lesion,axis1_+10deg,encoder_level1,0.2641938328742981,0.9644739031791687,20170628CH_Exp6_ZFPtm1a_M14
lesion,axis1_+10deg,encoder_level2,0.31094279885292053,0.9504480361938477,20170628CH_Exp6_ZFPtm1a_M14
lesion,axis1_+10deg,encoder_level3,0.22475524246692657,0.974416971206665,20170628CH_Exp6_ZFPtm1a_M14
lesion,axis1_+10deg,encoder_level4,0.25788095593452454,0.9665204286575317,20170628CH_Exp6_ZFPtm1a_M14
lesion,axis1_+10deg,canvas_level4,0.25788095593452454,0.9665204286575317,20170628CH_Exp6_ZFPtm1a_M14
lesion,axis1_+10deg,canvas_level3,0.321753591299057,0.9468574523925781,20170628CH_Exp6_ZFPtm1a_M14
lesion,axis1_+10deg,canvas_level2,0.3531763553619385,0.9357474446296692,20170628CH_Exp6_ZFPtm1a_M14
lesion,axis1_+10deg,canvas_level1,0.269332617521286,0.9631743431091309,20170628CH_Exp6_ZFPtm1a_M14
lesion,axis1_+10deg,canvas_level0,0.22065331041812897,0.9754422307014465,20170628CH_Exp6_ZFPtm1a_M14
lesion,axis1_+10deg,output_logits,0.08463698625564575,0.9964144229888916,20170628CH_Exp6_ZFPtm1a_M14
lesion,axis1_+10deg,query_mask_embedding,0.013222604058682919,0.999916136264801,20170628CH_Exp6_ZFPtm1a_M14
lesion,axis1_+20deg,input,0.12647485733032227,0.9922567009925842,20170628CH_Exp6_ZFPtm1a_M14
lesion,axis1_+20deg,encoder_level0,0.49281787872314453,0.8702429533004761,20170628CH_Exp6_ZFPtm1a_M14
lesion,axis1_+20deg,encoder_level1,0.3432979881763458,0.9393059015274048,20170628CH_Exp6_ZFPtm1a_M14
lesion,axis1_+20deg,encoder_level2,0.4022884666919708,0.9159983396530151,20170628CH_Exp6_ZFPtm1a_M14
lesion,axis1_+20deg,encoder_level3,0.2718256413936615,0.9623481631278992,20170628CH_Exp6_ZFPtm1a_M14
lesion,axis1_+20deg,encoder_level4,0.35742807388305664,0.9340342283248901,20170628CH_Exp6_ZFPtm1a_M14
lesion,axis1_+20deg,canvas_level4,0.35742807388305664,0.9340342283248901,20170628CH_Exp6_ZFPtm1a_M14
lesion,axis1_+20deg,canvas_level3,0.4054167866706848,0.9145543575286865,20170628CH_Exp6_ZFPtm1a_M14
lesion,axis1_+20deg,canvas_level2,0.4495406746864319,0.8945707082748413,20170628CH_Exp6_ZFPtm1a_M14
lesion,axis1_+20deg,canvas_level1,0.35901644825935364,0.9337868094444275,20170628CH_Exp6_ZFPtm1a_M14
lesion,axis1_+20deg,canvas_level0,0.31664735078811646,0.9488564133644104,20170628CH_Exp6_ZFPtm1a_M14
lesion,axis1_+20deg,output_logits,0.17991195619106293,0.9837108850479126,20170628CH_Exp6_ZFPtm1a_M14
lesion,axis1_+20deg,query_mask_embedding,0.00576760433614254,0.9999840259552002,20170628CH_Exp6_ZFPtm1a_M14
lesion,axis1_+30deg,input,0.12951916456222534,0.9918689727783203,20170628CH_Exp6_ZFPtm1a_M14
lesion,axis1_+30deg,encoder_level0,0.5622304081916809,0.8287402391433716,20170628CH_Exp6_ZFPtm1a_M14
lesion,axis1_+30deg,encoder_level1,0.41250014305114746,0.9114317297935486,20170628CH_Exp6_ZFPtm1a_M14
lesion,axis1_+30deg,encoder_level2,0.48011836409568787,0.8792255520820618,20170628CH_Exp6_ZFPtm1a_M14
lesion,axis1_+30deg,encoder_level3,0.31863176822662354,0.9478929042816162,20170628CH_Exp6_ZFPtm1a_M14
lesion,axis1_+30deg,encoder_level4,0.44796648621559143,0.8940680623054504,20170628CH_Exp6_ZFPtm1a_M14
lesion,axis1_+30deg,canvas_level4,0.44796648621559143,0.8940680623054504,20170628CH_Exp6_ZFPtm1a_M14
lesion,axis1_+30deg,canvas_level3,0.48496976494789124,0.8762037754058838,20170628CH_Exp6_ZFPtm1a_M14
lesion,axis1_+30deg,canvas_level2,0.5360184907913208,0.8482435941696167,20170628CH_Exp6_ZFPtm1a_M14
lesion,axis1_+30deg,canvas_level1,0.437096506357193,0.9007338285446167,20170628CH_Exp6_ZFPtm1a_M14
lesion,axis1_+30deg,canvas_level0,0.39489278197288513,0.9196814298629761,20170628CH_Exp6_ZFPtm1a_M14
lesion,axis1_+30deg,output_logits,0.24699488282203674,0.9690946340560913,20170628CH_Exp6_ZFPtm1a_M14
lesion,axis1_+30deg,query_mask_embedding,0.016552474349737167,0.9998720288276672,20170628CH_Exp6_ZFPtm1a_M14
lesion,axis2_+5deg,input,0.10496258735656738,0.9946356415748596,20170628CH_Exp6_ZFPtm1a_M14
lesion,axis2_+5deg,encoder_level0,0.3368735611438751,0.9426250457763672,20170628CH_Exp6_ZFPtm1a_M14
lesion,axis2_+5deg,encoder_level1,0.20855887234210968,0.9780406951904297,20170628CH_Exp6_ZFPtm1a_M14
lesion,axis2_+5deg,encoder_level2,0.24248725175857544,0.9701749682426453,20170628CH_Exp6_ZFPtm1a_M14
lesion,axis2_+5deg,encoder_level3,0.1901400238275528,0.9817570447921753,20170628CH_Exp6_ZFPtm1a_M14
lesion,axis2_+5deg,encoder_level4,0.12003658711910248,0.9928511381149292,20170628CH_Exp6_ZFPtm1a_M14
lesion,axis2_+5deg,canvas_level4,0.12003658711910248,0.9928511381149292,20170628CH_Exp6_ZFPtm1a_M14
lesion,axis2_+5deg,canvas_level3,0.24652355909347534,0.9691665768623352,20170628CH_Exp6_ZFPtm1a_M14
lesion,axis2_+5deg,canvas_level2,0.28589263558387756,0.9582658410072327,20170628CH_Exp6_ZFPtm1a_M14
lesion,axis2_+5deg,canvas_level1,0.2176504284143448,0.9760403037071228,20170628CH_Exp6_ZFPtm1a_M14
lesion,axis2_+5deg,canvas_level0,0.19649530947208405,0.9805440902709961,20170628CH_Exp6_ZFPtm1a_M14
lesion,axis2_+5deg,output_logits,0.0947343185544014,0.9955033659934998,20170628CH_Exp6_ZFPtm1a_M14
lesion,axis2_+5deg,query_mask_embedding,0.010507412254810333,0.9999455213546753,20170628CH_Exp6_ZFPtm1a_M14
lesion,axis2_+10deg,input,0.1055455133318901,0.9945781230926514,20170628CH_Exp6_ZFPtm1a_M14
lesion,axis2_+10deg,encoder_level0,0.3573524057865143,0.9349139928817749,20170628CH_Exp6_ZFPtm1a_M14
lesion,axis2_+10deg,encoder_level1,0.22384482622146606,0.9746371507644653,20170628CH_Exp6_ZFPtm1a_M14
lesion,axis2_+10deg,encoder_level2,0.2616042196750641,0.9651758074760437,20170628CH_Exp6_ZFPtm1a_M14
lesion,axis2_+10deg,encoder_level3,0.2122873216867447,0.9772112369537354,20170628CH_Exp6_ZFPtm1a_M14
lesion,axis2_+10deg,encoder_level4,0.16631968319416046,0.9862160682678223,20170628CH_Exp6_ZFPtm1a_M14
lesion,axis2_+10deg,canvas_level4,0.16631968319416046,0.9862160682678223,20170628CH_Exp6_ZFPtm1a_M14
lesion,axis2_+10deg,canvas_level3,0.2906494140625,0.9568318128585815,20170628CH_Exp6_ZFPtm1a_M14
lesion,axis2_+10deg,canvas_level2,0.3252679705619812,0.9456982016563416,20170628CH_Exp6_ZFPtm1a_M14
lesion,axis2_+10deg,canvas_level1,0.24401618540287018,0.969789981842041,20170628CH_Exp6_ZFPtm1a_M14
lesion,axis2_+10deg,canvas_level0,0.2223718911409378,0.9750086665153503,20170628CH_Exp6_ZFPtm1a_M14
lesion,axis2_+10deg,output_logits,0.10775265097618103,0.9941805005073547,20170628CH_Exp6_ZFPtm1a_M14
lesion,axis2_+10deg,query_mask_embedding,0.012150057591497898,0.9999271035194397,20170628CH_Exp6_ZFPtm1a_M14
lesion,axis2_+20deg,input,0.10401473194360733,0.9947452545166016,20170628CH_Exp6_ZFPtm1a_M14
lesion,axis2_+20deg,encoder_level0,0.4186595678329468,0.9085246920585632,20170628CH_Exp6_ZFPtm1a_M14
lesion,axis2_+20deg,encoder_level1,0.2866804003715515,0.9580295085906982,20170628CH_Exp6_ZFPtm1a_M14
lesion,axis2_+20deg,encoder_level2,0.32865896821022034,0.9444723725318909,20170628CH_Exp6_ZFPtm1a_M14
lesion,axis2_+20deg,encoder_level3,0.21769145131111145,0.9760187864303589,20170628CH_Exp6_ZFPtm1a_M14
lesion,axis2_+20deg,encoder_level4,0.23730117082595825,0.9714986681938171,20170628CH_Exp6_ZFPtm1a_M14
lesion,axis2_+20deg,canvas_level4,0.23730117082595825,0.9714986681938171,20170628CH_Exp6_ZFPtm1a_M14
lesion,axis2_+20deg,canvas_level3,0.3363434076309204,0.9418661594390869,20170628CH_Exp6_ZFPtm1a_M14
lesion,axis2_+20deg,canvas_level2,0.39760711789131165,0.918033242225647,20170628CH_Exp6_ZFPtm1a_M14
lesion,axis2_+20deg,canvas_level1,0.30940186977386475,0.9510631561279297,20170628CH_Exp6_ZFPtm1a_M14
lesion,axis2_+20deg,canvas_level0,0.30427467823028564,0.9528040885925293,20170628CH_Exp6_ZFPtm1a_M14
lesion,axis2_+20deg,output_logits,0.17923998832702637,0.9838576316833496,20170628CH_Exp6_ZFPtm1a_M14
lesion,axis2_+20deg,query_mask_embedding,0.01866179332137108,0.9998291730880737,20170628CH_Exp6_ZFPtm1a_M14
lesion,axis2_+30deg,input,0.10608282685279846,0.994529128074646,20170628CH_Exp6_ZFPtm1a_M14
lesion,axis2_+30deg,encoder_level0,0.48332470655441284,0.8754420876502991,20170628CH_Exp6_ZFPtm1a_M14
lesion,axis2_+30deg,encoder_level1,0.3467267155647278,0.9380718469619751,20170628CH_Exp6_ZFPtm1a_M14
lesion,axis2_+30deg,encoder_level2,0.3958856463432312,0.9185649752616882,20170628CH_Exp6_ZFPtm1a_M14
lesion,axis2_+30deg,encoder_level3,0.24586915969848633,0.9693030118942261,20170628CH_Exp6_ZFPtm1a_M14
lesion,axis2_+30deg,encoder_level4,0.2906259596347809,0.9568544626235962,20170628CH_Exp6_ZFPtm1a_M14
lesion,axis2_+30deg,canvas_level4,0.2906259596347809,0.9568544626235962,20170628CH_Exp6_ZFPtm1a_M14
lesion,axis2_+30deg,canvas_level3,0.37817102670669556,0.9261554479598999,20170628CH_Exp6_ZFPtm1a_M14
lesion,axis2_+30deg,canvas_level2,0.4660819172859192,0.8863226175308228,20170628CH_Exp6_ZFPtm1a_M14
lesion,axis2_+30deg,canvas_level1,0.37446126341819763,0.9277927875518799,20170628CH_Exp6_ZFPtm1a_M14
lesion,axis2_+30deg,canvas_level0,0.3749687373638153,0.9277692437171936,20170628CH_Exp6_ZFPtm1a_M14
lesion,axis2_+30deg,output_logits,0.2358558177947998,0.9718772172927856,20170628CH_Exp6_ZFPtm1a_M14
lesion,axis2_+30deg,query_mask_embedding,0.022117851302027702,0.9997596144676208,20170628CH_Exp6_ZFPtm1a_M14
lesion,resampling_floor,input,1.9187882571714e-06,1.0,20170628CH_Exp6_ZFPtm1a_M18
lesion,resampling_floor,encoder_level0,1.9077260731137358e-05,0.9999999403953552,20170628CH_Exp6_ZFPtm1a_M18
lesion,resampling_floor,encoder_level1,2.1041574655100703e-05,1.0,20170628CH_Exp6_ZFPtm1a_M18
lesion,resampling_floor,encoder_level2,2.2821794118499383e-05,0.9999999403953552,20170628CH_Exp6_ZFPtm1a_M18
lesion,resampling_floor,encoder_level3,6.921521276126441e-07,1.0,20170628CH_Exp6_ZFPtm1a_M18
lesion,resampling_floor,encoder_level4,3.992914116679458e-06,1.0,20170628CH_Exp6_ZFPtm1a_M18
lesion,resampling_floor,canvas_level4,3.992914116679458e-06,1.0,20170628CH_Exp6_ZFPtm1a_M18
lesion,resampling_floor,canvas_level3,7.162962720030919e-05,1.0,20170628CH_Exp6_ZFPtm1a_M18
lesion,resampling_floor,canvas_level2,0.00016193593910429627,0.9999999403953552,20170628CH_Exp6_ZFPtm1a_M18
lesion,resampling_floor,canvas_level1,0.00017814752936828882,0.9999998807907104,20170628CH_Exp6_ZFPtm1a_M18
lesion,resampling_floor,canvas_level0,0.00022921896015759557,1.0,20170628CH_Exp6_ZFPtm1a_M18
lesion,resampling_floor,output_logits,6.935371493455023e-05,1.0,20170628CH_Exp6_ZFPtm1a_M18
lesion,resampling_floor,query_mask_embedding,1.961335101441364e-06,1.0000001192092896,20170628CH_Exp6_ZFPtm1a_M18
lesion,axis0_+5deg,input,0.13285289704799652,0.9914171099662781,20170628CH_Exp6_ZFPtm1a_M18
lesion,axis0_+5deg,encoder_level0,0.39610737562179565,0.9194760322570801,20170628CH_Exp6_ZFPtm1a_M18
lesion,axis0_+5deg,encoder_level1,0.2580573260784149,0.9661843776702881,20170628CH_Exp6_ZFPtm1a_M18
lesion,axis0_+5deg,encoder_level2,0.27980732917785645,0.9600652456283569,20170628CH_Exp6_ZFPtm1a_M18
lesion,axis0_+5deg,encoder_level3,0.22917941212654114,0.9733843207359314,20170628CH_Exp6_ZFPtm1a_M18
lesion,axis0_+5deg,encoder_level4,0.158072367310524,0.9876883029937744,20170628CH_Exp6_ZFPtm1a_M18
lesion,axis0_+5deg,canvas_level4,0.158072367310524,0.9876883029937744,20170628CH_Exp6_ZFPtm1a_M18
lesion,axis0_+5deg,canvas_level3,0.30361294746398926,0.9529037475585938,20170628CH_Exp6_ZFPtm1a_M18
lesion,axis0_+5deg,canvas_level2,0.3241734206676483,0.9460170865058899,20170628CH_Exp6_ZFPtm1a_M18
lesion,axis0_+5deg,canvas_level1,0.2588958740234375,0.9659469127655029,20170628CH_Exp6_ZFPtm1a_M18
lesion,axis0_+5deg,canvas_level0,0.21640156209468842,0.976382851600647,20170628CH_Exp6_ZFPtm1a_M18
lesion,axis0_+5deg,output_logits,0.08478044718503952,0.9963998794555664,20170628CH_Exp6_ZFPtm1a_M18
lesion,axis0_+5deg,query_mask_embedding,0.009920266456902027,0.9999541640281677,20170628CH_Exp6_ZFPtm1a_M18
lesion,axis0_+10deg,input,0.13628867268562317,0.9909752607345581,20170628CH_Exp6_ZFPtm1a_M18
lesion,axis0_+10deg,encoder_level0,0.4301084280014038,0.903806209564209,20170628CH_Exp6_ZFPtm1a_M18
lesion,axis0_+10deg,encoder_level1,0.2691555619239807,0.9631157517433167,20170628CH_Exp6_ZFPtm1a_M18
lesion,axis0_+10deg,encoder_level2,0.3190826177597046,0.9477630853652954,20170628CH_Exp6_ZFPtm1a_M18
lesion,axis0_+10deg,encoder_level3,0.24590973556041718,0.9692971706390381,20170628CH_Exp6_ZFPtm1a_M18
lesion,axis0_+10deg,encoder_level4,0.23795011639595032,0.9720237255096436,20170628CH_Exp6_ZFPtm1a_M18
lesion,axis0_+10deg,canvas_level4,0.23795011639595032,0.9720237255096436,20170628CH_Exp6_ZFPtm1a_M18
lesion,axis0_+10deg,canvas_level3,0.3582472503185272,0.9336315989494324,20170628CH_Exp6_ZFPtm1a_M18
lesion,axis0_+10deg,canvas_level2,0.39189234375953674,0.9204249978065491,20170628CH_Exp6_ZFPtm1a_M18
lesion,axis0_+10deg,canvas_level1,0.30035918951034546,0.9539830088615417,20170628CH_Exp6_ZFPtm1a_M18
lesion,axis0_+10deg,canvas_level0,0.2521916925907135,0.9678739905357361,20170628CH_Exp6_ZFPtm1a_M18
lesion,axis0_+10deg,output_logits,0.10327883809804916,0.9946531057357788,20170628CH_Exp6_ZFPtm1a_M18
lesion,axis0_+10deg,query_mask_embedding,0.008169690147042274,0.9999697208404541,20170628CH_Exp6_ZFPtm1a_M18
lesion,axis0_+20deg,input,0.13762815296649933,0.9908073544502258,20170628CH_Exp6_ZFPtm1a_M18
lesion,axis0_+20deg,encoder_level0,0.505567193031311,0.8628934621810913,20170628CH_Exp6_ZFPtm1a_M18
lesion,axis0_+20deg,encoder_level1,0.3405139744281769,0.9402586221694946,20170628CH_Exp6_ZFPtm1a_M18
lesion,axis0_+20deg,encoder_level2,0.3897126019001007,0.9213379621505737,20170628CH_Exp6_ZFPtm1a_M18
lesion,axis0_+20deg,encoder_level3,0.2686280608177185,0.963254451751709,20170628CH_Exp6_ZFPtm1a_M18
lesion,axis0_+20deg,encoder_level4,0.34220635890960693,0.9401264786720276,20170628CH_Exp6_ZFPtm1a_M18
lesion,axis0_+20deg,canvas_level4,0.34220635890960693,0.9401264786720276,20170628CH_Exp6_ZFPtm1a_M18
lesion,axis0_+20deg,canvas_level3,0.4446822702884674,0.8962672352790833,20170628CH_Exp6_ZFPtm1a_M18
lesion,axis0_+20deg,canvas_level2,0.49223098158836365,0.872778058052063,20170628CH_Exp6_ZFPtm1a_M18
lesion,axis0_+20deg,canvas_level1,0.38751107454299927,0.9223823547363281,20170628CH_Exp6_ZFPtm1a_M18
lesion,axis0_+20deg,canvas_level0,0.33951056003570557,0.9412165880203247,20170628CH_Exp6_ZFPtm1a_M18
lesion,axis0_+20deg,output_logits,0.19154596328735352,0.9816049337387085,20170628CH_Exp6_ZFPtm1a_M18
lesion,axis0_+20deg,query_mask_embedding,0.03699164837598801,0.999389111995697,20170628CH_Exp6_ZFPtm1a_M18
lesion,axis0_+30deg,input,0.14109009504318237,0.9903470277786255,20170628CH_Exp6_ZFPtm1a_M18
lesion,axis0_+30deg,encoder_level0,0.5721710324287415,0.8203516006469727,20170628CH_Exp6_ZFPtm1a_M18
lesion,axis0_+30deg,encoder_level1,0.40532147884368896,0.9144231081008911,20170628CH_Exp6_ZFPtm1a_M18
lesion,axis0_+30deg,encoder_level2,0.46309494972229004,0.8878881931304932,20170628CH_Exp6_ZFPtm1a_M18
lesion,axis0_+30deg,encoder_level3,0.2986416816711426,0.9543821811676025,20170628CH_Exp6_ZFPtm1a_M18
lesion,axis0_+30deg,encoder_level4,0.4351855218410492,0.9003684520721436,20170628CH_Exp6_ZFPtm1a_M18
lesion,axis0_+30deg,canvas_level4,0.4351855218410492,0.9003684520721436,20170628CH_Exp6_ZFPtm1a_M18
lesion,axis0_+30deg,canvas_level3,0.529400110244751,0.8511854410171509,20170628CH_Exp6_ZFPtm1a_M18
lesion,axis0_+30deg,canvas_level2,0.5784058570861816,0.8214946985244751,20170628CH_Exp6_ZFPtm1a_M18
lesion,axis0_+30deg,canvas_level1,0.45815446972846985,0.8901311159133911,20170628CH_Exp6_ZFPtm1a_M18
lesion,axis0_+30deg,canvas_level0,0.4007723331451416,0.9174377918243408,20170628CH_Exp6_ZFPtm1a_M18
lesion,axis0_+30deg,output_logits,0.2499738484621048,0.9695285558700562,20170628CH_Exp6_ZFPtm1a_M18
lesion,axis0_+30deg,query_mask_embedding,0.09403295069932938,0.996116578578949,20170628CH_Exp6_ZFPtm1a_M18
lesion,axis1_+5deg,input,0.1307406723499298,0.9916962385177612,20170628CH_Exp6_ZFPtm1a_M18
lesion,axis1_+5deg,encoder_level0,0.3846237063407898,0.9238221645355225,20170628CH_Exp6_ZFPtm1a_M18
lesion,axis1_+5deg,encoder_level1,0.2451123297214508,0.969526469707489,20170628CH_Exp6_ZFPtm1a_M18
lesion,axis1_+5deg,encoder_level2,0.27246251702308655,0.9621737599372864,20170628CH_Exp6_ZFPtm1a_M18
lesion,axis1_+5deg,encoder_level3,0.21220363676548004,0.9772258400917053,20170628CH_Exp6_ZFPtm1a_M18
lesion,axis1_+5deg,encoder_level4,0.17185814678668976,0.9855172038078308,20170628CH_Exp6_ZFPtm1a_M18
lesion,axis1_+5deg,canvas_level4,0.17185814678668976,0.9855172038078308,20170628CH_Exp6_ZFPtm1a_M18
lesion,axis1_+5deg,canvas_level3,0.2746714949607849,0.9615744948387146,20170628CH_Exp6_ZFPtm1a_M18
lesion,axis1_+5deg,canvas_level2,0.30739662051200867,0.9516205787658691,20170628CH_Exp6_ZFPtm1a_M18
lesion,axis1_+5deg,canvas_level1,0.24210453033447266,0.9703583717346191,20170628CH_Exp6_ZFPtm1a_M18
lesion,axis1_+5deg,canvas_level0,0.194179967045784,0.9810434579849243,20170628CH_Exp6_ZFPtm1a_M18
lesion,axis1_+5deg,output_logits,0.05857034772634506,0.9982846975326538,20170628CH_Exp6_ZFPtm1a_M18
lesion,axis1_+5deg,query_mask_embedding,0.020982438698410988,0.9997944235801697,20170628CH_Exp6_ZFPtm1a_M18
lesion,axis1_+10deg,input,0.13219329714775085,0.991520881652832,20170628CH_Exp6_ZFPtm1a_M18
lesion,axis1_+10deg,encoder_level0,0.4186476469039917,0.9085004329681396,20170628CH_Exp6_ZFPtm1a_M18
lesion,axis1_+10deg,encoder_level1,0.2685103416442871,0.9632798433303833,20170628CH_Exp6_ZFPtm1a_M18
lesion,axis1_+10deg,encoder_level2,0.3175981044769287,0.9482550621032715,20170628CH_Exp6_ZFPtm1a_M18
lesion,axis1_+10deg,encoder_level3,0.22711898386478424,0.9738687872886658,20170628CH_Exp6_ZFPtm1a_M18
lesion,axis1_+10deg,encoder_level4,0.25425755977630615,0.9676818251609802,20170628CH_Exp6_ZFPtm1a_M18
lesion,axis1_+10deg,canvas_level4,0.25425755977630615,0.9676818251609802,20170628CH_Exp6_ZFPtm1a_M18
lesion,axis1_+10deg,canvas_level3,0.3239251375198364,0.9460998177528381,20170628CH_Exp6_ZFPtm1a_M18
lesion,axis1_+10deg,canvas_level2,0.3614734709262848,0.9326028823852539,20170628CH_Exp6_ZFPtm1a_M18
lesion,axis1_+10deg,canvas_level1,0.27699801325798035,0.9610223770141602,20170628CH_Exp6_ZFPtm1a_M18
lesion,axis1_+10deg,canvas_level0,0.2296062558889389,0.9734013080596924,20170628CH_Exp6_ZFPtm1a_M18
lesion,axis1_+10deg,output_logits,0.08654969185590744,0.9962524175643921,20170628CH_Exp6_ZFPtm1a_M18
lesion,axis1_+10deg,query_mask_embedding,0.01992485299706459,0.9998125433921814,20170628CH_Exp6_ZFPtm1a_M18
lesion,axis1_+20deg,input,0.13351020216941833,0.9913631677627563,20170628CH_Exp6_ZFPtm1a_M18
lesion,axis1_+20deg,encoder_level0,0.5028498768806458,0.8644947409629822,20170628CH_Exp6_ZFPtm1a_M18
lesion,axis1_+20deg,encoder_level1,0.3484926223754883,0.9374054670333862,20170628CH_Exp6_ZFPtm1a_M18
lesion,axis1_+20deg,encoder_level2,0.41032537817955017,0.9125446081161499,20170628CH_Exp6_ZFPtm1a_M18
lesion,axis1_+20deg,encoder_level3,0.2748681604862213,0.9614835977554321,20170628CH_Exp6_ZFPtm1a_M18
lesion,axis1_+20deg,encoder_level4,0.3510323166847229,0.9368284940719604,20170628CH_Exp6_ZFPtm1a_M18
lesion,axis1_+20deg,canvas_level4,0.3510323166847229,0.9368284940719604,20170628CH_Exp6_ZFPtm1a_M18
lesion,axis1_+20deg,canvas_level3,0.4123437702655792,0.9114896059036255,20170628CH_Exp6_ZFPtm1a_M18
lesion,axis1_+20deg,canvas_level2,0.45888203382492065,0.8898636102676392,20170628CH_Exp6_ZFPtm1a_M18
lesion,axis1_+20deg,canvas_level1,0.35999536514282227,0.9333204030990601,20170628CH_Exp6_ZFPtm1a_M18
lesion,axis1_+20deg,canvas_level0,0.3217146396636963,0.9471721053123474,20170628CH_Exp6_ZFPtm1a_M18
lesion,axis1_+20deg,output_logits,0.17955930531024933,0.983826756477356,20170628CH_Exp6_ZFPtm1a_M18
lesion,axis1_+20deg,query_mask_embedding,0.020983217284083366,0.9997957944869995,20170628CH_Exp6_ZFPtm1a_M18
lesion,axis1_+30deg,input,0.13766607642173767,0.9908031225204468,20170628CH_Exp6_ZFPtm1a_M18
lesion,axis1_+30deg,encoder_level0,0.5711069107055664,0.8226853013038635,20170628CH_Exp6_ZFPtm1a_M18
lesion,axis1_+30deg,encoder_level1,0.4173542857170105,0.9092615842819214,20170628CH_Exp6_ZFPtm1a_M18
lesion,axis1_+30deg,encoder_level2,0.4893065392971039,0.8744940757751465,20170628CH_Exp6_ZFPtm1a_M18
lesion,axis1_+30deg,encoder_level3,0.32479095458984375,0.945810079574585,20170628CH_Exp6_ZFPtm1a_M18
lesion,axis1_+30deg,encoder_level4,0.4490721821784973,0.8935107588768005,20170628CH_Exp6_ZFPtm1a_M18
lesion,axis1_+30deg,canvas_level4,0.4490721821784973,0.8935107588768005,20170628CH_Exp6_ZFPtm1a_M18
lesion,axis1_+30deg,canvas_level3,0.4903625249862671,0.8732572793960571,20170628CH_Exp6_ZFPtm1a_M18
lesion,axis1_+30deg,canvas_level2,0.5419963598251343,0.844477117061615,20170628CH_Exp6_ZFPtm1a_M18
lesion,axis1_+30deg,canvas_level1,0.4345225691795349,0.9017432928085327,20170628CH_Exp6_ZFPtm1a_M18
lesion,axis1_+30deg,canvas_level0,0.39680641889572144,0.9188439846038818,20170628CH_Exp6_ZFPtm1a_M18
lesion,axis1_+30deg,output_logits,0.24998930096626282,0.9685409069061279,20170628CH_Exp6_ZFPtm1a_M18
lesion,axis1_+30deg,query_mask_embedding,0.045277711004018784,0.9990647435188293,20170628CH_Exp6_ZFPtm1a_M18
lesion,axis2_+5deg,input,0.1047256588935852,0.9946494698524475,20170628CH_Exp6_ZFPtm1a_M18
lesion,axis2_+5deg,encoder_level0,0.338637113571167,0.941928505897522,20170628CH_Exp6_ZFPtm1a_M18
lesion,axis2_+5deg,encoder_level1,0.20779570937156677,0.9782050848007202,20170628CH_Exp6_ZFPtm1a_M18
lesion,axis2_+5deg,encoder_level2,0.24235093593597412,0.9702149033546448,20170628CH_Exp6_ZFPtm1a_M18
lesion,axis2_+5deg,encoder_level3,0.19243843853473663,0.9813091158866882,20170628CH_Exp6_ZFPtm1a_M18
lesion,axis2_+5deg,encoder_level4,0.10806059092283249,0.9942591190338135,20170628CH_Exp6_ZFPtm1a_M18
lesion,axis2_+5deg,canvas_level4,0.10806059092283249,0.9942591190338135,20170628CH_Exp6_ZFPtm1a_M18
lesion,axis2_+5deg,canvas_level3,0.24547621607780457,0.9694165587425232,20170628CH_Exp6_ZFPtm1a_M18
lesion,axis2_+5deg,canvas_level2,0.28719377517700195,0.9578816890716553,20170628CH_Exp6_ZFPtm1a_M18
lesion,axis2_+5deg,canvas_level1,0.21590015292167664,0.9764280319213867,20170628CH_Exp6_ZFPtm1a_M18
lesion,axis2_+5deg,canvas_level0,0.19672788679599762,0.9804967641830444,20170628CH_Exp6_ZFPtm1a_M18
lesion,axis2_+5deg,output_logits,0.0928400456905365,0.9956810474395752,20170628CH_Exp6_ZFPtm1a_M18
lesion,axis2_+5deg,query_mask_embedding,0.010012993589043617,0.9999525547027588,20170628CH_Exp6_ZFPtm1a_M18
lesion,axis2_+10deg,input,0.10399419814348221,0.9947265982627869,20170628CH_Exp6_ZFPtm1a_M18
lesion,axis2_+10deg,encoder_level0,0.3531343638896942,0.9365134239196777,20170628CH_Exp6_ZFPtm1a_M18
lesion,axis2_+10deg,encoder_level1,0.22294732928276062,0.9748439788818359,20170628CH_Exp6_ZFPtm1a_M18
lesion,axis2_+10deg,encoder_level2,0.25804996490478516,0.9661328196525574,20170628CH_Exp6_ZFPtm1a_M18
lesion,axis2_+10deg,encoder_level3,0.21179746091365814,0.977316677570343,20170628CH_Exp6_ZFPtm1a_M18
lesion,axis2_+10deg,encoder_level4,0.15726251900196075,0.9878466725349426,20170628CH_Exp6_ZFPtm1a_M18
lesion,axis2_+10deg,canvas_level4,0.15726251900196075,0.9878466725349426,20170628CH_Exp6_ZFPtm1a_M18
lesion,axis2_+10deg,canvas_level3,0.28276515007019043,0.9591979384422302,20170628CH_Exp6_ZFPtm1a_M18
lesion,axis2_+10deg,canvas_level2,0.32133594155311584,0.9470570683479309,20170628CH_Exp6_ZFPtm1a_M18
lesion,axis2_+10deg,canvas_level1,0.24008356034755707,0.9707678556442261,20170628CH_Exp6_ZFPtm1a_M18
lesion,axis2_+10deg,canvas_level0,0.21944700181484222,0.9756659269332886,20170628CH_Exp6_ZFPtm1a_M18
lesion,axis2_+10deg,output_logits,0.10262168198823929,0.9947472810745239,20170628CH_Exp6_ZFPtm1a_M18
lesion,axis2_+10deg,query_mask_embedding,0.017246684059500694,0.9998588562011719,20170628CH_Exp6_ZFPtm1a_M18
lesion,axis2_+20deg,input,0.10273513197898865,0.9948633313179016,20170628CH_Exp6_ZFPtm1a_M18
lesion,axis2_+20deg,encoder_level0,0.4134250283241272,0.9109561443328857,20170628CH_Exp6_ZFPtm1a_M18
lesion,axis2_+20deg,encoder_level1,0.28619933128356934,0.958172619342804,20170628CH_Exp6_ZFPtm1a_M18
lesion,axis2_+20deg,encoder_level2,0.3257414996623993,0.9454749822616577,20170628CH_Exp6_ZFPtm1a_M18
lesion,axis2_+20deg,encoder_level3,0.21520066261291504,0.9765706062316895,20170628CH_Exp6_ZFPtm1a_M18
lesion,axis2_+20deg,encoder_level4,0.2288471907377243,0.9735970497131348,20170628CH_Exp6_ZFPtm1a_M18
lesion,axis2_+20deg,canvas_level4,0.2288471907377243,0.9735970497131348,20170628CH_Exp6_ZFPtm1a_M18
lesion,axis2_+20deg,canvas_level3,0.33157405257225037,0.9435580372810364,20170628CH_Exp6_ZFPtm1a_M18
lesion,axis2_+20deg,canvas_level2,0.3986993134021759,0.9176216721534729,20170628CH_Exp6_ZFPtm1a_M18
lesion,axis2_+20deg,canvas_level1,0.3098229169845581,0.9509261250495911,20170628CH_Exp6_ZFPtm1a_M18
lesion,axis2_+20deg,canvas_level0,0.30685585737228394,0.9520037174224854,20170628CH_Exp6_ZFPtm1a_M18
lesion,axis2_+20deg,output_logits,0.18024739623069763,0.9837579131126404,20170628CH_Exp6_ZFPtm1a_M18
lesion,axis2_+20deg,query_mask_embedding,0.02647070214152336,0.9996684193611145,20170628CH_Exp6_ZFPtm1a_M18
lesion,axis2_+30deg,input,0.10481102019548416,0.9946475028991699,20170628CH_Exp6_ZFPtm1a_M18
lesion,axis2_+30deg,encoder_level0,0.47653505206108093,0.8791632056236267,20170628CH_Exp6_ZFPtm1a_M18
lesion,axis2_+30deg,encoder_level1,0.3465108871459961,0.9381480813026428,20170628CH_Exp6_ZFPtm1a_M18
lesion,axis2_+30deg,encoder_level2,0.39250487089157104,0.9199813604354858,20170628CH_Exp6_ZFPtm1a_M18
lesion,axis2_+30deg,encoder_level3,0.24581864476203918,0.969315767288208,20170628CH_Exp6_ZFPtm1a_M18
lesion,axis2_+30deg,encoder_level4,0.28799968957901,0.9576311111450195,20170628CH_Exp6_ZFPtm1a_M18
lesion,axis2_+30deg,canvas_level4,0.28799968957901,0.9576311111450195,20170628CH_Exp6_ZFPtm1a_M18
lesion,axis2_+30deg,canvas_level3,0.3759537637233734,0.9271721839904785,20170628CH_Exp6_ZFPtm1a_M18
lesion,axis2_+30deg,canvas_level2,0.46518808603286743,0.8869491815567017,20170628CH_Exp6_ZFPtm1a_M18
lesion,axis2_+30deg,canvas_level1,0.37179940938949585,0.9288833737373352,20170628CH_Exp6_ZFPtm1a_M18
lesion,axis2_+30deg,canvas_level0,0.37538081407546997,0.927674412727356,20170628CH_Exp6_ZFPtm1a_M18
lesion,axis2_+30deg,output_logits,0.23727314174175262,0.9715773463249207,20170628CH_Exp6_ZFPtm1a_M18
lesion,axis2_+30deg,query_mask_embedding,0.022145405411720276,0.9997642636299133,20170628CH_Exp6_ZFPtm1a_M18
lesion,resampling_floor,input,1.990621740333154e-06,0.9999998807907104,20170628CH_Exp6_ZFPtm1a_M21
lesion,resampling_floor,encoder_level0,1.9945979147451e-05,1.0,20170628CH_Exp6_ZFPtm1a_M21
lesion,resampling_floor,encoder_level1,2.046064764726907e-05,1.0,20170628CH_Exp6_ZFPtm1a_M21
lesion,resampling_floor,encoder_level2,2.2718304535374045e-05,1.0,20170628CH_Exp6_ZFPtm1a_M21
lesion,resampling_floor,encoder_level3,7.102294716787583e-07,0.9999999403953552,20170628CH_Exp6_ZFPtm1a_M21
lesion,resampling_floor,encoder_level4,4.85442569697625e-06,0.9999998807907104,20170628CH_Exp6_ZFPtm1a_M21
lesion,resampling_floor,canvas_level4,4.85442569697625e-06,0.9999998807907104,20170628CH_Exp6_ZFPtm1a_M21
lesion,resampling_floor,canvas_level3,7.421882037306204e-05,0.9999998807907104,20170628CH_Exp6_ZFPtm1a_M21
lesion,resampling_floor,canvas_level2,0.00016434589633718133,1.0,20170628CH_Exp6_ZFPtm1a_M21
lesion,resampling_floor,canvas_level1,0.0001785359636414796,1.0,20170628CH_Exp6_ZFPtm1a_M21
lesion,resampling_floor,canvas_level0,0.00022910066763870418,0.9999998807907104,20170628CH_Exp6_ZFPtm1a_M21
lesion,resampling_floor,output_logits,6.928302173037082e-05,1.0,20170628CH_Exp6_ZFPtm1a_M21
lesion,resampling_floor,query_mask_embedding,1.5858286133152433e-06,0.9999999403953552,20170628CH_Exp6_ZFPtm1a_M21
lesion,axis0_+5deg,input,0.13370926678180695,0.9913136959075928,20170628CH_Exp6_ZFPtm1a_M21
lesion,axis0_+5deg,encoder_level0,0.3939020037651062,0.9204308390617371,20170628CH_Exp6_ZFPtm1a_M21
lesion,axis0_+5deg,encoder_level1,0.2573997676372528,0.9663578271865845,20170628CH_Exp6_ZFPtm1a_M21
lesion,axis0_+5deg,encoder_level2,0.27492812275886536,0.9614778757095337,20170628CH_Exp6_ZFPtm1a_M21
lesion,axis0_+5deg,encoder_level3,0.2308402806520462,0.9729917049407959,20170628CH_Exp6_ZFPtm1a_M21
lesion,axis0_+5deg,encoder_level4,0.17138561606407166,0.9854611158370972,20170628CH_Exp6_ZFPtm1a_M21
lesion,axis0_+5deg,canvas_level4,0.17138561606407166,0.9854611158370972,20170628CH_Exp6_ZFPtm1a_M21
lesion,axis0_+5deg,canvas_level3,0.301967591047287,0.9534499645233154,20170628CH_Exp6_ZFPtm1a_M21
lesion,axis0_+5deg,canvas_level2,0.3197278082370758,0.9475225806236267,20170628CH_Exp6_ZFPtm1a_M21
lesion,axis0_+5deg,canvas_level1,0.25749602913856506,0.9663205146789551,20170628CH_Exp6_ZFPtm1a_M21
lesion,axis0_+5deg,canvas_level0,0.21466508507728577,0.9767698645591736,20170628CH_Exp6_ZFPtm1a_M21
lesion,axis0_+5deg,output_logits,0.08360186964273453,0.9965111613273621,20170628CH_Exp6_ZFPtm1a_M21
lesion,axis0_+5deg,query_mask_embedding,0.007281899452209473,0.9999738931655884,20170628CH_Exp6_ZFPtm1a_M21
lesion,axis0_+10deg,input,0.13768993318080902,0.9907942414283752,20170628CH_Exp6_ZFPtm1a_M21
lesion,axis0_+10deg,encoder_level0,0.4295138120651245,0.9040747880935669,20170628CH_Exp6_ZFPtm1a_M21
lesion,axis0_+10deg,encoder_level1,0.2694702446460724,0.9630252122879028,20170628CH_Exp6_ZFPtm1a_M21
lesion,axis0_+10deg,encoder_level2,0.3125964403152466,0.9499102234840393,20170628CH_Exp6_ZFPtm1a_M21
lesion,axis0_+10deg,encoder_level3,0.24652574956417084,0.9691410064697266,20170628CH_Exp6_ZFPtm1a_M21
lesion,axis0_+10deg,encoder_level4,0.25273066759109497,0.96823650598526,20170628CH_Exp6_ZFPtm1a_M21
lesion,axis0_+10deg,canvas_level4,0.25273066759109497,0.96823650598526,20170628CH_Exp6_ZFPtm1a_M21
lesion,axis0_+10deg,canvas_level3,0.3581506013870239,0.9336674213409424,20170628CH_Exp6_ZFPtm1a_M21
lesion,axis0_+10deg,canvas_level2,0.38847485184669495,0.9218382835388184,20170628CH_Exp6_ZFPtm1a_M21
lesion,axis0_+10deg,canvas_level1,0.2995814085006714,0.9542158842086792,20170628CH_Exp6_ZFPtm1a_M21
lesion,axis0_+10deg,canvas_level0,0.2510656416416168,0.9681815505027771,20170628CH_Exp6_ZFPtm1a_M21
lesion,axis0_+10deg,output_logits,0.10202378034591675,0.9947865009307861,20170628CH_Exp6_ZFPtm1a_M21
lesion,axis0_+10deg,query_mask_embedding,0.007303428836166859,0.9999735951423645,20170628CH_Exp6_ZFPtm1a_M21
lesion,axis0_+20deg,input,0.13963982462882996,0.990540623664856,20170628CH_Exp6_ZFPtm1a_M21
lesion,axis0_+20deg,encoder_level0,0.5042189359664917,0.8636941909790039,20170628CH_Exp6_ZFPtm1a_M21
lesion,axis0_+20deg,encoder_level1,0.3403414487838745,0.9403223991394043,20170628CH_Exp6_ZFPtm1a_M21
lesion,axis0_+20deg,encoder_level2,0.3838677406311035,0.9237523078918457,20170628CH_Exp6_ZFPtm1a_M21
lesion,axis0_+20deg,encoder_level3,0.266160249710083,0.9639359712600708,20170628CH_Exp6_ZFPtm1a_M21
lesion,axis0_+20deg,encoder_level4,0.3481294512748718,0.9379494190216064,20170628CH_Exp6_ZFPtm1a_M21
lesion,axis0_+20deg,canvas_level4,0.3481294512748718,0.9379494190216064,20170628CH_Exp6_ZFPtm1a_M21
lesion,axis0_+20deg,canvas_level3,0.4453563988208771,0.8959410786628723,20170628CH_Exp6_ZFPtm1a_M21
lesion,axis0_+20deg,canvas_level2,0.4904925227165222,0.8736628890037537,20170628CH_Exp6_ZFPtm1a_M21
lesion,axis0_+20deg,canvas_level1,0.3878175914287567,0.9222413301467896,20170628CH_Exp6_ZFPtm1a_M21
lesion,axis0_+20deg,canvas_level0,0.33821985125541687,0.9417041540145874,20170628CH_Exp6_ZFPtm1a_M21
lesion,axis0_+20deg,output_logits,0.1907106637954712,0.9818048477172852,20170628CH_Exp6_ZFPtm1a_M21
lesion,axis0_+20deg,query_mask_embedding,0.04001520201563835,0.9992915987968445,20170628CH_Exp6_ZFPtm1a_M21
lesion,axis0_+30deg,input,0.14186328649520874,0.990250289440155,20170628CH_Exp6_ZFPtm1a_M21
lesion,axis0_+30deg,encoder_level0,0.5692009925842285,0.8224332332611084,20170628CH_Exp6_ZFPtm1a_M21
lesion,axis0_+30deg,encoder_level1,0.4045402407646179,0.9147671461105347,20170628CH_Exp6_ZFPtm1a_M21
lesion,axis0_+30deg,encoder_level2,0.4570135772228241,0.8908883333206177,20170628CH_Exp6_ZFPtm1a_M21
lesion,axis0_+30deg,encoder_level3,0.298637330532074,0.9543817043304443,20170628CH_Exp6_ZFPtm1a_M21
lesion,axis0_+30deg,encoder_level4,0.4404314160346985,0.8977936506271362,20170628CH_Exp6_ZFPtm1a_M21
lesion,axis0_+30deg,canvas_level4,0.4404314160346985,0.8977936506271362,20170628CH_Exp6_ZFPtm1a_M21
lesion,axis0_+30deg,canvas_level3,0.5399242639541626,0.8451611995697021,20170628CH_Exp6_ZFPtm1a_M21
lesion,axis0_+30deg,canvas_level2,0.5843993425369263,0.817430317401886,20170628CH_Exp6_ZFPtm1a_M21
lesion,axis0_+30deg,canvas_level1,0.46504995226860046,0.886581540107727,20170628CH_Exp6_ZFPtm1a_M21
lesion,axis0_+30deg,canvas_level0,0.4028871953487396,0.9166144728660583,20170628CH_Exp6_ZFPtm1a_M21
lesion,axis0_+30deg,output_logits,0.25035518407821655,0.9694236516952515,20170628CH_Exp6_ZFPtm1a_M21
lesion,axis0_+30deg,query_mask_embedding,0.0895523801445961,0.996516227722168,20170628CH_Exp6_ZFPtm1a_M21
lesion,axis1_+5deg,input,0.13178345561027527,0.991578996181488,20170628CH_Exp6_ZFPtm1a_M21
lesion,axis1_+5deg,encoder_level0,0.3829400837421417,0.9245997667312622,20170628CH_Exp6_ZFPtm1a_M21
lesion,axis1_+5deg,encoder_level1,0.24590109288692474,0.969328761100769,20170628CH_Exp6_ZFPtm1a_M21
lesion,axis1_+5deg,encoder_level2,0.2682952582836151,0.9633496999740601,20170628CH_Exp6_ZFPtm1a_M21
lesion,axis1_+5deg,encoder_level3,0.21481268107891083,0.9766554832458496,20170628CH_Exp6_ZFPtm1a_M21
lesion,axis1_+5deg,encoder_level4,0.18137510120868683,0.983722448348999,20170628CH_Exp6_ZFPtm1a_M21
lesion,axis1_+5deg,canvas_level4,0.18137510120868683,0.983722448348999,20170628CH_Exp6_ZFPtm1a_M21
lesion,axis1_+5deg,canvas_level3,0.28001123666763306,0.960028886795044,20170628CH_Exp6_ZFPtm1a_M21
lesion,axis1_+5deg,canvas_level2,0.3053196370601654,0.9522981643676758,20170628CH_Exp6_ZFPtm1a_M21
lesion,axis1_+5deg,canvas_level1,0.24225036799907684,0.9703282713890076,20170628CH_Exp6_ZFPtm1a_M21
lesion,axis1_+5deg,canvas_level0,0.19331803917884827,0.9812056422233582,20170628CH_Exp6_ZFPtm1a_M21
lesion,axis1_+5deg,output_logits,0.05772356316447258,0.9983340501785278,20170628CH_Exp6_ZFPtm1a_M21
lesion,axis1_+5deg,query_mask_embedding,0.014821437187492847,0.9999006986618042,20170628CH_Exp6_ZFPtm1a_M21
lesion,axis1_+10deg,input,0.13364237546920776,0.9913437962532043,20170628CH_Exp6_ZFPtm1a_M21
lesion,axis1_+10deg,encoder_level0,0.4172995388507843,0.9091506004333496,20170628CH_Exp6_ZFPtm1a_M21
lesion,axis1_+10deg,encoder_level1,0.2697761356830597,0.9629265666007996,20170628CH_Exp6_ZFPtm1a_M21
lesion,axis1_+10deg,encoder_level2,0.3138374090194702,0.9494953155517578,20170628CH_Exp6_ZFPtm1a_M21
lesion,axis1_+10deg,encoder_level3,0.22950035333633423,0.9733101725578308,20170628CH_Exp6_ZFPtm1a_M21
lesion,axis1_+10deg,encoder_level4,0.2647468149662018,0.9647238254547119,20170628CH_Exp6_ZFPtm1a_M21
lesion,axis1_+10deg,canvas_level4,0.2647468149662018,0.9647238254547119,20170628CH_Exp6_ZFPtm1a_M21
lesion,axis1_+10deg,canvas_level3,0.3354506492614746,0.9420862793922424,20170628CH_Exp6_ZFPtm1a_M21
lesion,axis1_+10deg,canvas_level2,0.3677660822868347,0.9301828742027283,20170628CH_Exp6_ZFPtm1a_M21
lesion,axis1_+10deg,canvas_level1,0.2842576503753662,0.9589313268661499,20170628CH_Exp6_ZFPtm1a_M21
lesion,axis1_+10deg,canvas_level0,0.23488809168338776,0.9721558690071106,20170628CH_Exp6_ZFPtm1a_M21
lesion,axis1_+10deg,output_logits,0.08765356242656708,0.9961512684822083,20170628CH_Exp6_ZFPtm1a_M21
lesion,axis1_+10deg,query_mask_embedding,0.006882339250296354,0.9999780654907227,20170628CH_Exp6_ZFPtm1a_M21
lesion,axis1_+20deg,input,0.1347299963235855,0.9912092685699463,20170628CH_Exp6_ZFPtm1a_M21
lesion,axis1_+20deg,encoder_level0,0.501824676990509,0.865074872970581,20170628CH_Exp6_ZFPtm1a_M21
lesion,axis1_+20deg,encoder_level1,0.34869468212127686,0.9373282194137573,20170628CH_Exp6_ZFPtm1a_M21
lesion,axis1_+20deg,encoder_level2,0.4060424864292145,0.914360523223877,20170628CH_Exp6_ZFPtm1a_M21
lesion,axis1_+20deg,encoder_level3,0.27570289373397827,0.9612434506416321,20170628CH_Exp6_ZFPtm1a_M21
lesion,axis1_+20deg,encoder_level4,0.3573625385761261,0.9341990351676941,20170628CH_Exp6_ZFPtm1a_M21
lesion,axis1_+20deg,canvas_level4,0.3573625385761261,0.9341990351676941,20170628CH_Exp6_ZFPtm1a_M21
lesion,axis1_+20deg,canvas_level3,0.4220777750015259,0.907117486000061,20170628CH_Exp6_ZFPtm1a_M21
lesion,axis1_+20deg,canvas_level2,0.46506819128990173,0.8868700861930847,20170628CH_Exp6_ZFPtm1a_M21
lesion,axis1_+20deg,canvas_level1,0.3679632842540741,0.9303027987480164,20170628CH_Exp6_ZFPtm1a_M21
lesion,axis1_+20deg,canvas_level0,0.3261573612689972,0.9457006454467773,20170628CH_Exp6_ZFPtm1a_M21
lesion,axis1_+20deg,output_logits,0.1806589961051941,0.9835771918296814,20170628CH_Exp6_ZFPtm1a_M21
lesion,axis1_+20deg,query_mask_embedding,0.0070209563709795475,0.9999769926071167,20170628CH_Exp6_ZFPtm1a_M21
lesion,axis1_+30deg,input,0.13869395852088928,0.9906771183013916,20170628CH_Exp6_ZFPtm1a_M21
lesion,axis1_+30deg,encoder_level0,0.5710233449935913,0.8227481245994568,20170628CH_Exp6_ZFPtm1a_M21
lesion,axis1_+30deg,encoder_level1,0.4178851544857025,0.909014105796814,20170628CH_Exp6_ZFPtm1a_M21
lesion,axis1_+30deg,encoder_level2,0.4857669472694397,0.8762245774269104,20170628CH_Exp6_ZFPtm1a_M21
lesion,axis1_+30deg,encoder_level3,0.32654526829719543,0.9452042579650879,20170628CH_Exp6_ZFPtm1a_M21
lesion,axis1_+30deg,encoder_level4,0.4524509906768799,0.891791820526123,20170628CH_Exp6_ZFPtm1a_M21
lesion,axis1_+30deg,canvas_level4,0.4524509906768799,0.891791820526123,20170628CH_Exp6_ZFPtm1a_M21
lesion,axis1_+30deg,canvas_level3,0.4967590570449829,0.8697081804275513,20170628CH_Exp6_ZFPtm1a_M21
lesion,axis1_+30deg,canvas_level2,0.5501455068588257,0.8395642042160034,20170628CH_Exp6_ZFPtm1a_M21
lesion,axis1_+30deg,canvas_level1,0.4421550929546356,0.8981642723083496,20170628CH_Exp6_ZFPtm1a_M21
lesion,axis1_+30deg,canvas_level0,0.40020808577537537,0.9174917340278625,20170628CH_Exp6_ZFPtm1a_M21
lesion,axis1_+30deg,output_logits,0.2523592412471771,0.9680211544036865,20170628CH_Exp6_ZFPtm1a_M21
lesion,axis1_+30deg,query_mask_embedding,0.04488931968808174,0.9991292357444763,20170628CH_Exp6_ZFPtm1a_M21
lesion,axis2_+5deg,input,0.10737261176109314,0.9943840503692627,20170628CH_Exp6_ZFPtm1a_M21
lesion,axis2_+5deg,encoder_level0,0.3390270471572876,0.941821813583374,20170628CH_Exp6_ZFPtm1a_M21
lesion,axis2_+5deg,encoder_level1,0.20753923058509827,0.9782612323760986,20170628CH_Exp6_ZFPtm1a_M21
lesion,axis2_+5deg,encoder_level2,0.2415405511856079,0.970419704914093,20170628CH_Exp6_ZFPtm1a_M21
lesion,axis2_+5deg,encoder_level3,0.18969370424747467,0.9818433523178101,20170628CH_Exp6_ZFPtm1a_M21
lesion,axis2_+5deg,encoder_level4,0.11153331398963928,0.9938526749610901,20170628CH_Exp6_ZFPtm1a_M21
lesion,axis2_+5deg,canvas_level4,0.11153331398963928,0.9938526749610901,20170628CH_Exp6_ZFPtm1a_M21
lesion,axis2_+5deg,canvas_level3,0.24647775292396545,0.9691757559776306,20170628CH_Exp6_ZFPtm1a_M21
lesion,axis2_+5deg,canvas_level2,0.2856708765029907,0.9583306312561035,20170628CH_Exp6_ZFPtm1a_M21
lesion,axis2_+5deg,canvas_level1,0.21424143016338348,0.9767879247665405,20170628CH_Exp6_ZFPtm1a_M21
lesion,axis2_+5deg,canvas_level0,0.19469097256660461,0.9809080362319946,20170628CH_Exp6_ZFPtm1a_M21
lesion,axis2_+5deg,output_logits,0.09210659563541412,0.9957504272460938,20170628CH_Exp6_ZFPtm1a_M21
lesion,axis2_+5deg,query_mask_embedding,0.01521576289087534,0.999891459941864,20170628CH_Exp6_ZFPtm1a_M21
lesion,axis2_+10deg,input,0.10682754218578339,0.9944437742233276,20170628CH_Exp6_ZFPtm1a_M21
lesion,axis2_+10deg,encoder_level0,0.35400623083114624,0.9362235069274902,20170628CH_Exp6_ZFPtm1a_M21
lesion,axis2_+10deg,encoder_level1,0.22295460104942322,0.9748420715332031,20170628CH_Exp6_ZFPtm1a_M21
lesion,axis2_+10deg,encoder_level2,0.2571515738964081,0.9663738012313843,20170628CH_Exp6_ZFPtm1a_M21
lesion,axis2_+10deg,encoder_level3,0.21089480817317963,0.977510929107666,20170628CH_Exp6_ZFPtm1a_M21
lesion,axis2_+10deg,encoder_level4,0.15856820344924927,0.9875333905220032,20170628CH_Exp6_ZFPtm1a_M21
lesion,axis2_+10deg,canvas_level4,0.15856820344924927,0.9875333905220032,20170628CH_Exp6_ZFPtm1a_M21
lesion,axis2_+10deg,canvas_level3,0.2891559898853302,0.9572855234146118,20170628CH_Exp6_ZFPtm1a_M21
lesion,axis2_+10deg,canvas_level2,0.32359665632247925,0.9462701082229614,20170628CH_Exp6_ZFPtm1a_M21
lesion,axis2_+10deg,canvas_level1,0.2410886585712433,0.9705193042755127,20170628CH_Exp6_ZFPtm1a_M21
lesion,axis2_+10deg,canvas_level0,0.21950864791870117,0.9756594896316528,20170628CH_Exp6_ZFPtm1a_M21
lesion,axis2_+10deg,output_logits,0.10326226055622101,0.9946695566177368,20170628CH_Exp6_ZFPtm1a_M21
lesion,axis2_+10deg,query_mask_embedding,0.013980654068291187,0.999908447265625,20170628CH_Exp6_ZFPtm1a_M21
lesion,axis2_+20deg,input,0.1054595485329628,0.9945956468582153,20170628CH_Exp6_ZFPtm1a_M21
lesion,axis2_+20deg,encoder_level0,0.4142456352710724,0.9106119871139526,20170628CH_Exp6_ZFPtm1a_M21
lesion,axis2_+20deg,encoder_level1,0.28606730699539185,0.9582120776176453,20170628CH_Exp6_ZFPtm1a_M21
lesion,axis2_+20deg,encoder_level2,0.3244883120059967,0.945902943611145,20170628CH_Exp6_ZFPtm1a_M21
lesion,axis2_+20deg,encoder_level3,0.21663415431976318,0.9762535095214844,20170628CH_Exp6_ZFPtm1a_M21
lesion,axis2_+20deg,encoder_level4,0.23618246614933014,0.9717907905578613,20170628CH_Exp6_ZFPtm1a_M21
lesion,axis2_+20deg,canvas_level4,0.23618246614933014,0.9717907905578613,20170628CH_Exp6_ZFPtm1a_M21
lesion,axis2_+20deg,canvas_level3,0.3409304916858673,0.9402629733085632,20170628CH_Exp6_ZFPtm1a_M21
lesion,axis2_+20deg,canvas_level2,0.40245041251182556,0.9160377979278564,20170628CH_Exp6_ZFPtm1a_M21
lesion,axis2_+20deg,canvas_level1,0.3115100562572479,0.9504099488258362,20170628CH_Exp6_ZFPtm1a_M21
lesion,axis2_+20deg,canvas_level0,0.3052818477153778,0.9524990916252136,20170628CH_Exp6_ZFPtm1a_M21
lesion,axis2_+20deg,output_logits,0.17855264246463776,0.9840176105499268,20170628CH_Exp6_ZFPtm1a_M21
lesion,axis2_+20deg,query_mask_embedding,0.017408637329936028,0.9998562932014465,20170628CH_Exp6_ZFPtm1a_M21
lesion,axis2_+30deg,input,0.107306107878685,0.9943993091583252,20170628CH_Exp6_ZFPtm1a_M21
lesion,axis2_+30deg,encoder_level0,0.47778451442718506,0.8784860372543335,20170628CH_Exp6_ZFPtm1a_M21
lesion,axis2_+30deg,encoder_level1,0.34580743312835693,0.9384039640426636,20170628CH_Exp6_ZFPtm1a_M21
lesion,axis2_+30deg,encoder_level2,0.3913547098636627,0.9204514622688293,20170628CH_Exp6_ZFPtm1a_M21
lesion,axis2_+30deg,encoder_level3,0.24681515991687775,0.9690625071525574,20170628CH_Exp6_ZFPtm1a_M21
lesion,axis2_+30deg,encoder_level4,0.2935796082019806,0.9559423923492432,20170628CH_Exp6_ZFPtm1a_M21
lesion,axis2_+30deg,canvas_level4,0.2935796082019806,0.9559423923492432,20170628CH_Exp6_ZFPtm1a_M21
lesion,axis2_+30deg,canvas_level3,0.3858620226383209,0.9232003688812256,20170628CH_Exp6_ZFPtm1a_M21
lesion,axis2_+30deg,canvas_level2,0.47150444984436035,0.8838135600090027,20170628CH_Exp6_ZFPtm1a_M21
lesion,axis2_+30deg,canvas_level1,0.377179354429245,0.9268052577972412,20170628CH_Exp6_ZFPtm1a_M21
lesion,axis2_+30deg,canvas_level0,0.37826597690582275,0.9265289902687073,20170628CH_Exp6_ZFPtm1a_M21
lesion,axis2_+30deg,output_logits,0.2385266274213791,0.9713003039360046,20170628CH_Exp6_ZFPtm1a_M21
lesion,axis2_+30deg,query_mask_embedding,0.022118089720606804,0.9997704029083252,20170628CH_Exp6_ZFPtm1a_M21
lesion,resampling_floor,input,1.8596016388983116e-06,1.0,20170629CH_Exp6_ZFPtm1a_M23
lesion,resampling_floor,encoder_level0,1.9507868273649365e-05,1.0,20170629CH_Exp6_ZFPtm1a_M23
lesion,resampling_floor,encoder_level1,2.1104853658471256e-05,1.0,20170629CH_Exp6_ZFPtm1a_M23
lesion,resampling_floor,encoder_level2,2.4211984055000357e-05,1.0,20170629CH_Exp6_ZFPtm1a_M23
lesion,resampling_floor,encoder_level3,6.91168793309771e-07,1.0,20170629CH_Exp6_ZFPtm1a_M23
lesion,resampling_floor,encoder_level4,3.848090273095295e-06,0.9999998807907104,20170629CH_Exp6_ZFPtm1a_M23
lesion,resampling_floor,canvas_level4,3.848090273095295e-06,0.9999998807907104,20170629CH_Exp6_ZFPtm1a_M23
lesion,resampling_floor,canvas_level3,6.976145232329145e-05,1.0,20170629CH_Exp6_ZFPtm1a_M23
lesion,resampling_floor,canvas_level2,0.0001633868960198015,1.0,20170629CH_Exp6_ZFPtm1a_M23
lesion,resampling_floor,canvas_level1,0.00017767504323273897,1.0,20170629CH_Exp6_ZFPtm1a_M23
lesion,resampling_floor,canvas_level0,0.00022838565928395838,0.9999999403953552,20170629CH_Exp6_ZFPtm1a_M23
lesion,resampling_floor,output_logits,6.90302622388117e-05,0.9999998807907104,20170629CH_Exp6_ZFPtm1a_M23
lesion,resampling_floor,query_mask_embedding,1.3252716826173128e-06,1.0,20170629CH_Exp6_ZFPtm1a_M23
lesion,axis0_+5deg,input,0.12832283973693848,0.9920043349266052,20170629CH_Exp6_ZFPtm1a_M23
lesion,axis0_+5deg,encoder_level0,0.3915235996246338,0.9214309453964233,20170629CH_Exp6_ZFPtm1a_M23
lesion,axis0_+5deg,encoder_level1,0.2544371783733368,0.9671468734741211,20170629CH_Exp6_ZFPtm1a_M23
lesion,axis0_+5deg,encoder_level2,0.2764666676521301,0.9610323905944824,20170629CH_Exp6_ZFPtm1a_M23
lesion,axis0_+5deg,encoder_level3,0.2258123904466629,0.9741709232330322,20170629CH_Exp6_ZFPtm1a_M23
lesion,axis0_+5deg,encoder_level4,0.16186314821243286,0.9870771169662476,20170629CH_Exp6_ZFPtm1a_M23
lesion,axis0_+5deg,canvas_level4,0.16186314821243286,0.9870771169662476,20170629CH_Exp6_ZFPtm1a_M23
lesion,axis0_+5deg,canvas_level3,0.29971379041671753,0.9541273713111877,20170629CH_Exp6_ZFPtm1a_M23
lesion,axis0_+5deg,canvas_level2,0.3204670250415802,0.9472707509994507,20170629CH_Exp6_ZFPtm1a_M23
lesion,axis0_+5deg,canvas_level1,0.25432923436164856,0.9671509861946106,20170629CH_Exp6_ZFPtm1a_M23
lesion,axis0_+5deg,canvas_level0,0.211137056350708,0.9775242805480957,20170629CH_Exp6_ZFPtm1a_M23
lesion,axis0_+5deg,output_logits,0.08282571285963058,0.9965646266937256,20170629CH_Exp6_ZFPtm1a_M23
lesion,axis0_+5deg,query_mask_embedding,0.010195997543632984,0.9999511241912842,20170629CH_Exp6_ZFPtm1a_M23
lesion,axis0_+10deg,input,0.13213451206684113,0.9915304183959961,20170629CH_Exp6_ZFPtm1a_M23
lesion,axis0_+10deg,encoder_level0,0.4264236092567444,0.9056038856506348,20170629CH_Exp6_ZFPtm1a_M23
lesion,axis0_+10deg,encoder_level1,0.26701682806015015,0.9637109041213989,20170629CH_Exp6_ZFPtm1a_M23
lesion,axis0_+10deg,encoder_level2,0.31324049830436707,0.949703574180603,20170629CH_Exp6_ZFPtm1a_M23
lesion,axis0_+10deg,encoder_level3,0.24070410430431366,0.9706020355224609,20170629CH_Exp6_ZFPtm1a_M23
lesion,axis0_+10deg,encoder_level4,0.24156764149665833,0.971114993095398,20170629CH_Exp6_ZFPtm1a_M23
lesion,axis0_+10deg,canvas_level4,0.24156764149665833,0.971114993095398,20170629CH_Exp6_ZFPtm1a_M23
lesion,axis0_+10deg,canvas_level3,0.35477620363235474,0.9349614381790161,20170629CH_Exp6_ZFPtm1a_M23
lesion,axis0_+10deg,canvas_level2,0.3871799111366272,0.9223852157592773,20170629CH_Exp6_ZFPtm1a_M23
lesion,axis0_+10deg,canvas_level1,0.29510635137557983,0.9555791020393372,20170629CH_Exp6_ZFPtm1a_M23
lesion,axis0_+10deg,canvas_level0,0.2463637739419937,0.9693622589111328,20170629CH_Exp6_ZFPtm1a_M23
lesion,axis0_+10deg,output_logits,0.09842229634523392,0.9951457977294922,20170629CH_Exp6_ZFPtm1a_M23
lesion,axis0_+10deg,query_mask_embedding,0.01080199796706438,0.9999464750289917,20170629CH_Exp6_ZFPtm1a_M23
lesion,axis0_+20deg,input,0.1335296779870987,0.9913634061813354,20170629CH_Exp6_ZFPtm1a_M23
lesion,axis0_+20deg,encoder_level0,0.5017343163490295,0.8651217222213745,20170629CH_Exp6_ZFPtm1a_M23
lesion,axis0_+20deg,encoder_level1,0.3371392488479614,0.9414716958999634,20170629CH_Exp6_ZFPtm1a_M23
lesion,axis0_+20deg,encoder_level2,0.3839259147644043,0.9237268567085266,20170629CH_Exp6_ZFPtm1a_M23
lesion,axis0_+20deg,encoder_level3,0.263342022895813,0.9647093415260315,20170629CH_Exp6_ZFPtm1a_M23
lesion,axis0_+20deg,encoder_level4,0.33907708525657654,0.9411361217498779,20170629CH_Exp6_ZFPtm1a_M23
lesion,axis0_+20deg,canvas_level4,0.33907708525657654,0.9411361217498779,20170629CH_Exp6_ZFPtm1a_M23
lesion,axis0_+20deg,canvas_level3,0.44311851263046265,0.8970024585723877,20170629CH_Exp6_ZFPtm1a_M23
lesion,axis0_+20deg,canvas_level2,0.48840856552124023,0.8747494220733643,20170629CH_Exp6_ZFPtm1a_M23
lesion,axis0_+20deg,canvas_level1,0.38529813289642334,0.9232948422431946,20170629CH_Exp6_ZFPtm1a_M23
lesion,axis0_+20deg,canvas_level0,0.3357391953468323,0.9425448179244995,20170629CH_Exp6_ZFPtm1a_M23
lesion,axis0_+20deg,output_logits,0.18835479021072388,0.9822086095809937,20170629CH_Exp6_ZFPtm1a_M23
lesion,axis0_+20deg,query_mask_embedding,0.03601491451263428,0.9994033575057983,20170629CH_Exp6_ZFPtm1a_M23
lesion,axis0_+30deg,input,0.1355436146259308,0.9911085367202759,20170629CH_Exp6_ZFPtm1a_M23
lesion,axis0_+30deg,encoder_level0,0.5674121379852295,0.8236608505249023,20170629CH_Exp6_ZFPtm1a_M23
lesion,axis0_+30deg,encoder_level1,0.4023602306842804,0.9157184958457947,20170629CH_Exp6_ZFPtm1a_M23
lesion,axis0_+30deg,encoder_level2,0.4560290277004242,0.8913540840148926,20170629CH_Exp6_ZFPtm1a_M23
lesion,axis0_+30deg,encoder_level3,0.29218050837516785,0.9563714265823364,20170629CH_Exp6_ZFPtm1a_M23
lesion,axis0_+30deg,encoder_level4,0.4313569962978363,0.9021819829940796,20170629CH_Exp6_ZFPtm1a_M23
lesion,axis0_+30deg,canvas_level4,0.4313569962978363,0.9021819829940796,20170629CH_Exp6_ZFPtm1a_M23
lesion,axis0_+30deg,canvas_level3,0.5369914770126343,0.8468104600906372,20170629CH_Exp6_ZFPtm1a_M23
lesion,axis0_+30deg,canvas_level2,0.5793879628181458,0.8207782506942749,20170629CH_Exp6_ZFPtm1a_M23
lesion,axis0_+30deg,canvas_level1,0.45964786410331726,0.8894062042236328,20170629CH_Exp6_ZFPtm1a_M23
lesion,axis0_+30deg,canvas_level0,0.39961564540863037,0.9180017709732056,20170629CH_Exp6_ZFPtm1a_M23
lesion,axis0_+30deg,output_logits,0.24766522645950317,0.9700635671615601,20170629CH_Exp6_ZFPtm1a_M23
lesion,axis0_+30deg,query_mask_embedding,0.09382011741399765,0.9960716962814331,20170629CH_Exp6_ZFPtm1a_M23
lesion,axis1_+5deg,input,0.12226175516843796,0.9927558898925781,20170629CH_Exp6_ZFPtm1a_M23
lesion,axis1_+5deg,encoder_level0,0.3745947480201721,0.9279474020004272,20170629CH_Exp6_ZFPtm1a_M23
lesion,axis1_+5deg,encoder_level1,0.24286067485809326,0.9700958132743835,20170629CH_Exp6_ZFPtm1a_M23
lesion,axis1_+5deg,encoder_level2,0.26885509490966797,0.9631922841072083,20170629CH_Exp6_ZFPtm1a_M23
lesion,axis1_+5deg,encoder_level3,0.21088062226772308,0.977512001991272,20170629CH_Exp6_ZFPtm1a_M23
lesion,axis1_+5deg,encoder_level4,0.17518575489521027,0.9849770665168762,20170629CH_Exp6_ZFPtm1a_M23
lesion,axis1_+5deg,canvas_level4,0.17518575489521027,0.9849770665168762,20170629CH_Exp6_ZFPtm1a_M23
lesion,axis1_+5deg,canvas_level3,0.2763420045375824,0.961090087890625,20170629CH_Exp6_ZFPtm1a_M23
lesion,axis1_+5deg,canvas_level2,0.30388250946998596,0.9527408480644226,20170629CH_Exp6_ZFPtm1a_M23
lesion,axis1_+5deg,canvas_level1,0.24188247323036194,0.970406711101532,20170629CH_Exp6_ZFPtm1a_M23
lesion,axis1_+5deg,canvas_level0,0.19104811549186707,0.9816503524780273,20170629CH_Exp6_ZFPtm1a_M23
lesion,axis1_+5deg,output_logits,0.05760451406240463,0.998339831829071,20170629CH_Exp6_ZFPtm1a_M23
lesion,axis1_+5deg,query_mask_embedding,0.01255850214511156,0.9999266266822815,20170629CH_Exp6_ZFPtm1a_M23
lesion,axis1_+10deg,input,0.12370339035987854,0.9925961494445801,20170629CH_Exp6_ZFPtm1a_M23
lesion,axis1_+10deg,encoder_level0,0.40738484263420105,0.9136230945587158,20170629CH_Exp6_ZFPtm1a_M23
lesion,axis1_+10deg,encoder_level1,0.2654561400413513,0.9641276001930237,20170629CH_Exp6_ZFPtm1a_M23
lesion,axis1_+10deg,encoder_level2,0.31357571482658386,0.9495799541473389,20170629CH_Exp6_ZFPtm1a_M23
lesion,axis1_+10deg,encoder_level3,0.22401855885982513,0.9745862483978271,20170629CH_Exp6_ZFPtm1a_M23
lesion,axis1_+10deg,encoder_level4,0.26664432883262634,0.9642950296401978,20170629CH_Exp6_ZFPtm1a_M23
lesion,axis1_+10deg,canvas_level4,0.26664432883262634,0.9642950296401978,20170629CH_Exp6_ZFPtm1a_M23
lesion,axis1_+10deg,canvas_level3,0.32475021481513977,0.9458198547363281,20170629CH_Exp6_ZFPtm1a_M23
lesion,axis1_+10deg,canvas_level2,0.36078882217407227,0.9328640103340149,20170629CH_Exp6_ZFPtm1a_M23
lesion,axis1_+10deg,canvas_level1,0.2768436670303345,0.9610592722892761,20170629CH_Exp6_ZFPtm1a_M23
lesion,axis1_+10deg,canvas_level0,0.22748525440692902,0.9738954901695251,20170629CH_Exp6_ZFPtm1a_M23
lesion,axis1_+10deg,output_logits,0.08659056574106216,0.9962654709815979,20170629CH_Exp6_ZFPtm1a_M23
lesion,axis1_+10deg,query_mask_embedding,0.02137131430208683,0.9997866749763489,20170629CH_Exp6_ZFPtm1a_M23
lesion,axis1_+20deg,input,0.12583480775356293,0.9923431277275085,20170629CH_Exp6_ZFPtm1a_M23
lesion,axis1_+20deg,encoder_level0,0.4940050542354584,0.8695791363716125,20170629CH_Exp6_ZFPtm1a_M23
lesion,axis1_+20deg,encoder_level1,0.34577205777168274,0.938403844833374,20170629CH_Exp6_ZFPtm1a_M23
lesion,axis1_+20deg,encoder_level2,0.405632346868515,0.9145427346229553,20170629CH_Exp6_ZFPtm1a_M23
lesion,axis1_+20deg,encoder_level3,0.27204975485801697,0.9622839093208313,20170629CH_Exp6_ZFPtm1a_M23
lesion,axis1_+20deg,encoder_level4,0.3620898127555847,0.9324120879173279,20170629CH_Exp6_ZFPtm1a_M23
lesion,axis1_+20deg,canvas_level4,0.3620898127555847,0.9324120879173279,20170629CH_Exp6_ZFPtm1a_M23
lesion,axis1_+20deg,canvas_level3,0.4107474088668823,0.9121937155723572,20170629CH_Exp6_ZFPtm1a_M23
lesion,axis1_+20deg,canvas_level2,0.45701298117637634,0.8908743858337402,20170629CH_Exp6_ZFPtm1a_M23
lesion,axis1_+20deg,canvas_level1,0.36064663529396057,0.9331089854240417,20170629CH_Exp6_ZFPtm1a_M23
lesion,axis1_+20deg,canvas_level0,0.31921514868736267,0.9480276703834534,20170629CH_Exp6_ZFPtm1a_M23
lesion,axis1_+20deg,output_logits,0.1807553917169571,0.9836888313293457,20170629CH_Exp6_ZFPtm1a_M23
lesion,axis1_+20deg,query_mask_embedding,0.03041164204478264,0.9995763301849365,20170629CH_Exp6_ZFPtm1a_M23
lesion,axis1_+30deg,input,0.1293875277042389,0.9918967485427856,20170629CH_Exp6_ZFPtm1a_M23
lesion,axis1_+30deg,encoder_level0,0.5636652112007141,0.8278435468673706,20170629CH_Exp6_ZFPtm1a_M23
lesion,axis1_+30deg,encoder_level1,0.4144826829433441,0.9105413556098938,20170629CH_Exp6_ZFPtm1a_M23
lesion,axis1_+30deg,encoder_level2,0.48273107409477234,0.8778080940246582,20170629CH_Exp6_ZFPtm1a_M23
lesion,axis1_+30deg,encoder_level3,0.3187325596809387,0.9478574991226196,20170629CH_Exp6_ZFPtm1a_M23
lesion,axis1_+30deg,encoder_level4,0.4574306011199951,0.8892497420310974,20170629CH_Exp6_ZFPtm1a_M23
lesion,axis1_+30deg,canvas_level4,0.4574306011199951,0.8892497420310974,20170629CH_Exp6_ZFPtm1a_M23
lesion,axis1_+30deg,canvas_level3,0.4902844727039337,0.8732887506484985,20170629CH_Exp6_ZFPtm1a_M23
lesion,axis1_+30deg,canvas_level2,0.5433903336524963,0.8439604043960571,20170629CH_Exp6_ZFPtm1a_M23
lesion,axis1_+30deg,canvas_level1,0.4367963671684265,0.9007522463798523,20170629CH_Exp6_ZFPtm1a_M23
lesion,axis1_+30deg,canvas_level0,0.39582595229148865,0.919323205947876,20170629CH_Exp6_ZFPtm1a_M23
lesion,axis1_+30deg,output_logits,0.25032010674476624,0.9685533046722412,20170629CH_Exp6_ZFPtm1a_M23
lesion,axis1_+30deg,query_mask_embedding,0.0479096919298172,0.9989582300186157,20170629CH_Exp6_ZFPtm1a_M23
lesion,axis2_+5deg,input,0.10454914718866348,0.9946720600128174,20170629CH_Exp6_ZFPtm1a_M23
lesion,axis2_+5deg,encoder_level0,0.33807942271232605,0.9421325325965881,20170629CH_Exp6_ZFPtm1a_M23
lesion,axis2_+5deg,encoder_level1,0.20638051629066467,0.9785027503967285,20170629CH_Exp6_ZFPtm1a_M23
lesion,axis2_+5deg,encoder_level2,0.2405017912387848,0.970676064491272,20170629CH_Exp6_ZFPtm1a_M23
lesion,axis2_+5deg,encoder_level3,0.18860065937042236,0.982053816318512,20170629CH_Exp6_ZFPtm1a_M23
lesion,axis2_+5deg,encoder_level4,0.10830429941415787,0.9942321181297302,20170629CH_Exp6_ZFPtm1a_M23
lesion,axis2_+5deg,canvas_level4,0.10830429941415787,0.9942321181297302,20170629CH_Exp6_ZFPtm1a_M23
lesion,axis2_+5deg,canvas_level3,0.2449936866760254,0.9695479869842529,20170629CH_Exp6_ZFPtm1a_M23
lesion,axis2_+5deg,canvas_level2,0.2846755385398865,0.9586288928985596,20170629CH_Exp6_ZFPtm1a_M23
lesion,axis2_+5deg,canvas_level1,0.21455827355384827,0.9767264127731323,20170629CH_Exp6_ZFPtm1a_M23
lesion,axis2_+5deg,canvas_level0,0.19413650035858154,0.9810140132904053,20170629CH_Exp6_ZFPtm1a_M23
lesion,axis2_+5deg,output_logits,0.09086629003286362,0.9958633780479431,20170629CH_Exp6_ZFPtm1a_M23
lesion,axis2_+5deg,query_mask_embedding,0.014116919599473476,0.9999030232429504,20170629CH_Exp6_ZFPtm1a_M23
lesion,axis2_+10deg,input,0.10425499826669693,0.994706392288208,20170629CH_Exp6_ZFPtm1a_M23
lesion,axis2_+10deg,encoder_level0,0.3547917306423187,0.9358652830123901,20170629CH_Exp6_ZFPtm1a_M23
lesion,axis2_+10deg,encoder_level1,0.22226634621620178,0.974997878074646,20170629CH_Exp6_ZFPtm1a_M23
lesion,axis2_+10deg,encoder_level2,0.2552337348461151,0.9668810367584229,20170629CH_Exp6_ZFPtm1a_M23
lesion,axis2_+10deg,encoder_level3,0.20750822126865387,0.97823566198349,20170629CH_Exp6_ZFPtm1a_M23
lesion,axis2_+10deg,encoder_level4,0.15293771028518677,0.9885028004646301,20170629CH_Exp6_ZFPtm1a_M23
lesion,axis2_+10deg,canvas_level4,0.15293771028518677,0.9885028004646301,20170629CH_Exp6_ZFPtm1a_M23
lesion,axis2_+10deg,canvas_level3,0.28615930676460266,0.9581862688064575,20170629CH_Exp6_ZFPtm1a_M23
lesion,axis2_+10deg,canvas_level2,0.3198831081390381,0.9475258588790894,20170629CH_Exp6_ZFPtm1a_M23
lesion,axis2_+10deg,canvas_level1,0.23946592211723328,0.9709250926971436,20170629CH_Exp6_ZFPtm1a_M23
lesion,axis2_+10deg,canvas_level0,0.2174440622329712,0.9761114120483398,20170629CH_Exp6_ZFPtm1a_M23
lesion,axis2_+10deg,output_logits,0.10227374732494354,0.9947713613510132,20170629CH_Exp6_ZFPtm1a_M23
lesion,axis2_+10deg,query_mask_embedding,0.014528325758874416,0.9998975992202759,20170629CH_Exp6_ZFPtm1a_M23
lesion,axis2_+20deg,input,0.10274651646614075,0.9948691725730896,20170629CH_Exp6_ZFPtm1a_M23
lesion,axis2_+20deg,encoder_level0,0.41542840003967285,0.910015344619751,20170629CH_Exp6_ZFPtm1a_M23
lesion,axis2_+20deg,encoder_level1,0.28490060567855835,0.9585602283477783,20170629CH_Exp6_ZFPtm1a_M23
lesion,axis2_+20deg,encoder_level2,0.3243774473667145,0.9459440112113953,20170629CH_Exp6_ZFPtm1a_M23
lesion,axis2_+20deg,encoder_level3,0.2113841027021408,0.977403461933136,20170629CH_Exp6_ZFPtm1a_M23
lesion,axis2_+20deg,encoder_level4,0.2247413545846939,0.9745476841926575,20170629CH_Exp6_ZFPtm1a_M23
lesion,axis2_+20deg,canvas_level4,0.2247413545846939,0.9745476841926575,20170629CH_Exp6_ZFPtm1a_M23
lesion,axis2_+20deg,canvas_level3,0.33505767583847046,0.9423545002937317,20170629CH_Exp6_ZFPtm1a_M23
lesion,axis2_+20deg,canvas_level2,0.3969290852546692,0.9183728694915771,20170629CH_Exp6_ZFPtm1a_M23
lesion,axis2_+20deg,canvas_level1,0.30692511796951294,0.9518746137619019,20170629CH_Exp6_ZFPtm1a_M23
lesion,axis2_+20deg,canvas_level0,0.30273041129112244,0.9532970190048218,20170629CH_Exp6_ZFPtm1a_M23
lesion,axis2_+20deg,output_logits,0.1779274344444275,0.9841817021369934,20170629CH_Exp6_ZFPtm1a_M23
lesion,axis2_+20deg,query_mask_embedding,0.028310835361480713,0.9996150135993958,20170629CH_Exp6_ZFPtm1a_M23
lesion,axis2_+30deg,input,0.10471484065055847,0.9946666955947876,20170629CH_Exp6_ZFPtm1a_M23
lesion,axis2_+30deg,encoder_level0,0.479540079832077,0.8775230050086975,20170629CH_Exp6_ZFPtm1a_M23
lesion,axis2_+30deg,encoder_level1,0.34496021270751953,0.9387210607528687,20170629CH_Exp6_ZFPtm1a_M23
lesion,axis2_+30deg,encoder_level2,0.391370564699173,0.9204633235931396,20170629CH_Exp6_ZFPtm1a_M23
lesion,axis2_+30deg,encoder_level3,0.2417263686656952,0.9703450202941895,20170629CH_Exp6_ZFPtm1a_M23
lesion,axis2_+30deg,encoder_level4,0.2790481150150299,0.9602771401405334,20170629CH_Exp6_ZFPtm1a_M23
lesion,axis2_+30deg,canvas_level4,0.2790481150150299,0.9602771401405334,20170629CH_Exp6_ZFPtm1a_M23
lesion,axis2_+30deg,canvas_level3,0.37821337580680847,0.9262117743492126,20170629CH_Exp6_ZFPtm1a_M23
lesion,axis2_+30deg,canvas_level2,0.4665490388870239,0.8861708045005798,20170629CH_Exp6_ZFPtm1a_M23
lesion,axis2_+30deg,canvas_level1,0.3740881085395813,0.9279917478561401,20170629CH_Exp6_ZFPtm1a_M23
lesion,axis2_+30deg,canvas_level0,0.3755332827568054,0.9275918006896973,20170629CH_Exp6_ZFPtm1a_M23
lesion,axis2_+30deg,output_logits,0.23820342123508453,0.9714346528053284,20170629CH_Exp6_ZFPtm1a_M23
lesion,axis2_+30deg,query_mask_embedding,0.0340365394949913,0.9994442462921143,20170629CH_Exp6_ZFPtm1a_M23
lesion,resampling_floor,input,1.9129952306684572e-06,1.0,20170629CH_Exp6_ZFPtm1a_M32
lesion,resampling_floor,encoder_level0,1.904311284306459e-05,1.0,20170629CH_Exp6_ZFPtm1a_M32
lesion,resampling_floor,encoder_level1,2.1595036741928197e-05,1.0,20170629CH_Exp6_ZFPtm1a_M32
lesion,resampling_floor,encoder_level2,2.2936195819056593e-05,0.9999999403953552,20170629CH_Exp6_ZFPtm1a_M32
lesion,resampling_floor,encoder_level3,6.865060981908755e-07,1.0,20170629CH_Exp6_ZFPtm1a_M32
lesion,resampling_floor,encoder_level4,4.662792434828589e-06,1.0,20170629CH_Exp6_ZFPtm1a_M32
lesion,resampling_floor,canvas_level4,4.662792434828589e-06,1.0,20170629CH_Exp6_ZFPtm1a_M32
lesion,resampling_floor,canvas_level3,7.43711570976302e-05,1.0,20170629CH_Exp6_ZFPtm1a_M32
lesion,resampling_floor,canvas_level2,0.00016522470104973763,0.9999999403953552,20170629CH_Exp6_ZFPtm1a_M32
lesion,resampling_floor,canvas_level1,0.0001811796973925084,1.0,20170629CH_Exp6_ZFPtm1a_M32
lesion,resampling_floor,canvas_level0,0.00022935186279937625,0.9999999403953552,20170629CH_Exp6_ZFPtm1a_M32
lesion,resampling_floor,output_logits,6.928187212906778e-05,1.0,20170629CH_Exp6_ZFPtm1a_M32
lesion,resampling_floor,query_mask_embedding,1.0479564025445143e-06,1.0,20170629CH_Exp6_ZFPtm1a_M32
lesion,axis0_+5deg,input,0.13472960889339447,0.9911905527114868,20170629CH_Exp6_ZFPtm1a_M32
lesion,axis0_+5deg,encoder_level0,0.39678341150283813,0.9192321300506592,20170629CH_Exp6_ZFPtm1a_M32
lesion,axis0_+5deg,encoder_level1,0.25684329867362976,0.9665056467056274,20170629CH_Exp6_ZFPtm1a_M32
lesion,axis0_+5deg,encoder_level2,0.2749376595020294,0.9614772796630859,20170629CH_Exp6_ZFPtm1a_M32
lesion,axis0_+5deg,encoder_level3,0.22668355703353882,0.9739686250686646,20170629CH_Exp6_ZFPtm1a_M32
lesion,axis0_+5deg,encoder_level4,0.1558160036802292,0.987999677658081,20170629CH_Exp6_ZFPtm1a_M32
lesion,axis0_+5deg,canvas_level4,0.1558160036802292,0.987999677658081,20170629CH_Exp6_ZFPtm1a_M32
lesion,axis0_+5deg,canvas_level3,0.29919061064720154,0.9543021321296692,20170629CH_Exp6_ZFPtm1a_M32
lesion,axis0_+5deg,canvas_level2,0.3207205832004547,0.947182297706604,20170629CH_Exp6_ZFPtm1a_M32
lesion,axis0_+5deg,canvas_level1,0.25919416546821594,0.9658701419830322,20170629CH_Exp6_ZFPtm1a_M32
lesion,axis0_+5deg,canvas_level0,0.21610300242900848,0.9764502048492432,20170629CH_Exp6_ZFPtm1a_M32
lesion,axis0_+5deg,output_logits,0.08126315474510193,0.9966950416564941,20170629CH_Exp6_ZFPtm1a_M32
lesion,axis0_+5deg,query_mask_embedding,0.01932254619896412,0.9998193979263306,20170629CH_Exp6_ZFPtm1a_M32
lesion,axis0_+10deg,input,0.13679653406143188,0.9909255504608154,20170629CH_Exp6_ZFPtm1a_M32
lesion,axis0_+10deg,encoder_level0,0.4272008538246155,0.905210018157959,20170629CH_Exp6_ZFPtm1a_M32
lesion,axis0_+10deg,encoder_level1,0.2700524926185608,0.962861180305481,20170629CH_Exp6_ZFPtm1a_M32
lesion,axis0_+10deg,encoder_level2,0.31404802203178406,0.9494326710700989,20170629CH_Exp6_ZFPtm1a_M32
lesion,axis0_+10deg,encoder_level3,0.2417394369840622,0.9703454375267029,20170629CH_Exp6_ZFPtm1a_M32
lesion,axis0_+10deg,encoder_level4,0.24346135556697845,0.9704159498214722,20170629CH_Exp6_ZFPtm1a_M32
lesion,axis0_+10deg,canvas_level4,0.24346135556697845,0.9704159498214722,20170629CH_Exp6_ZFPtm1a_M32
lesion,axis0_+10deg,canvas_level3,0.3523867130279541,0.9358659982681274,20170629CH_Exp6_ZFPtm1a_M32
lesion,axis0_+10deg,canvas_level2,0.3872887194156647,0.9223516583442688,20170629CH_Exp6_ZFPtm1a_M32
lesion,axis0_+10deg,canvas_level1,0.29857179522514343,0.9545365571975708,20170629CH_Exp6_ZFPtm1a_M32
lesion,axis0_+10deg,canvas_level0,0.24886398017406464,0.9687321186065674,20170629CH_Exp6_ZFPtm1a_M32
lesion,axis0_+10deg,output_logits,0.0981224924325943,0.9951749444007874,20170629CH_Exp6_ZFPtm1a_M32
lesion,axis0_+10deg,query_mask_embedding,0.006579768378287554,0.9999791979789734,20170629CH_Exp6_ZFPtm1a_M32
lesion,axis0_+20deg,input,0.13831955194473267,0.9907349348068237,20170629CH_Exp6_ZFPtm1a_M32
lesion,axis0_+20deg,encoder_level0,0.5025643110275269,0.8646599054336548,20170629CH_Exp6_ZFPtm1a_M32
lesion,axis0_+20deg,encoder_level1,0.34018757939338684,0.9403802156448364,20170629CH_Exp6_ZFPtm1a_M32
lesion,axis0_+20deg,encoder_level2,0.38320788741111755,0.9239972233772278,20170629CH_Exp6_ZFPtm1a_M32
lesion,axis0_+20deg,encoder_level3,0.2619625926017761,0.9650837182998657,20170629CH_Exp6_ZFPtm1a_M32
lesion,axis0_+20deg,encoder_level4,0.3396680951118469,0.940807044506073,20170629CH_Exp6_ZFPtm1a_M32
lesion,axis0_+20deg,canvas_level4,0.3396680951118469,0.940807044506073,20170629CH_Exp6_ZFPtm1a_M32
lesion,axis0_+20deg,canvas_level3,0.4321398138999939,0.9022417068481445,20170629CH_Exp6_ZFPtm1a_M32
lesion,axis0_+20deg,canvas_level2,0.483831524848938,0.8773093819618225,20170629CH_Exp6_ZFPtm1a_M32
lesion,axis0_+20deg,canvas_level1,0.38496673107147217,0.9234533309936523,20170629CH_Exp6_ZFPtm1a_M32
lesion,axis0_+20deg,canvas_level0,0.33481910824775696,0.9428781270980835,20170629CH_Exp6_ZFPtm1a_M32
lesion,axis0_+20deg,output_logits,0.184054434299469,0.9829288721084595,20170629CH_Exp6_ZFPtm1a_M32
lesion,axis0_+20deg,query_mask_embedding,0.0156537052243948,0.9998835325241089,20170629CH_Exp6_ZFPtm1a_M32
lesion,axis0_+30deg,input,0.14094780385494232,0.9903891086578369,20170629CH_Exp6_ZFPtm1a_M32
lesion,axis0_+30deg,encoder_level0,0.5693602561950684,0.8223284482955933,20170629CH_Exp6_ZFPtm1a_M32
lesion,axis0_+30deg,encoder_level1,0.40441420674324036,0.9148288369178772,20170629CH_Exp6_ZFPtm1a_M32
lesion,axis0_+30deg,encoder_level2,0.4551587402820587,0.8917474150657654,20170629CH_Exp6_ZFPtm1a_M32
lesion,axis0_+30deg,encoder_level3,0.29157307744026184,0.9565575122833252,20170629CH_Exp6_ZFPtm1a_M32
lesion,axis0_+30deg,encoder_level4,0.42932814359664917,0.9031531810760498,20170629CH_Exp6_ZFPtm1a_M32
lesion,axis0_+30deg,canvas_level4,0.42932814359664917,0.9031531810760498,20170629CH_Exp6_ZFPtm1a_M32
lesion,axis0_+30deg,canvas_level3,0.5220139622688293,0.8555938601493835,20170629CH_Exp6_ZFPtm1a_M32
lesion,axis0_+30deg,canvas_level2,0.5753161907196045,0.8236557245254517,20170629CH_Exp6_ZFPtm1a_M32
lesion,axis0_+30deg,canvas_level1,0.46129414439201355,0.8885989189147949,20170629CH_Exp6_ZFPtm1a_M32
lesion,axis0_+30deg,canvas_level0,0.39846566319465637,0.9184765219688416,20170629CH_Exp6_ZFPtm1a_M32
lesion,axis0_+30deg,output_logits,0.24061384797096252,0.971113920211792,20170629CH_Exp6_ZFPtm1a_M32
lesion,axis0_+30deg,query_mask_embedding,0.07169543206691742,0.9975891709327698,20170629CH_Exp6_ZFPtm1a_M32
lesion,axis1_+5deg,input,0.13060599565505981,0.9917412996292114,20170629CH_Exp6_ZFPtm1a_M32
lesion,axis1_+5deg,encoder_level0,0.38287612795829773,0.9246265888214111,20170629CH_Exp6_ZFPtm1a_M32
lesion,axis1_+5deg,encoder_level1,0.24659308791160583,0.9691517353057861,20170629CH_Exp6_ZFPtm1a_M32
lesion,axis1_+5deg,encoder_level2,0.27077847719192505,0.96265709400177,20170629CH_Exp6_ZFPtm1a_M32
lesion,axis1_+5deg,encoder_level3,0.21219639480113983,0.9772275686264038,20170629CH_Exp6_ZFPtm1a_M32
lesion,axis1_+5deg,encoder_level4,0.17230424284934998,0.9854598641395569,20170629CH_Exp6_ZFPtm1a_M32
lesion,axis1_+5deg,canvas_level4,0.17230424284934998,0.9854598641395569,20170629CH_Exp6_ZFPtm1a_M32
lesion,axis1_+5deg,canvas_level3,0.26975175738334656,0.9629649519920349,20170629CH_Exp6_ZFPtm1a_M32
lesion,axis1_+5deg,canvas_level2,0.30289605259895325,0.9530630707740784,20170629CH_Exp6_ZFPtm1a_M32
lesion,axis1_+5deg,canvas_level1,0.24425454437732697,0.9698345065116882,20170629CH_Exp6_ZFPtm1a_M32
lesion,axis1_+5deg,canvas_level0,0.19371426105499268,0.9811307191848755,20170629CH_Exp6_ZFPtm1a_M32
lesion,axis1_+5deg,output_logits,0.05700116232037544,0.9983747005462646,20170629CH_Exp6_ZFPtm1a_M32
lesion,axis1_+5deg,query_mask_embedding,0.011688788421452045,0.999934196472168,20170629CH_Exp6_ZFPtm1a_M32
lesion,axis1_+10deg,input,0.13104934990406036,0.9916979670524597,20170629CH_Exp6_ZFPtm1a_M32
lesion,axis1_+10deg,encoder_level0,0.4127446711063385,0.9112681746482849,20170629CH_Exp6_ZFPtm1a_M32
lesion,axis1_+10deg,encoder_level1,0.27055713534355164,0.962706983089447,20170629CH_Exp6_ZFPtm1a_M32
lesion,axis1_+10deg,encoder_level2,0.3151136338710785,0.9490699172019958,20170629CH_Exp6_ZFPtm1a_M32
lesion,axis1_+10deg,encoder_level3,0.2274407148361206,0.9737945199012756,20170629CH_Exp6_ZFPtm1a_M32
lesion,axis1_+10deg,encoder_level4,0.25941070914268494,0.9663497805595398,20170629CH_Exp6_ZFPtm1a_M32
lesion,axis1_+10deg,canvas_level4,0.25941070914268494,0.9663497805595398,20170629CH_Exp6_ZFPtm1a_M32
lesion,axis1_+10deg,canvas_level3,0.32253551483154297,0.9465662837028503,20170629CH_Exp6_ZFPtm1a_M32
lesion,axis1_+10deg,canvas_level2,0.3620252311229706,0.9324105381965637,20170629CH_Exp6_ZFPtm1a_M32
lesion,axis1_+10deg,canvas_level1,0.28469815850257874,0.9587993621826172,20170629CH_Exp6_ZFPtm1a_M32
lesion,axis1_+10deg,canvas_level0,0.23303647339344025,0.9725920557975769,20170629CH_Exp6_ZFPtm1a_M32
lesion,axis1_+10deg,output_logits,0.08541517704725266,0.9963527917861938,20170629CH_Exp6_ZFPtm1a_M32
lesion,axis1_+10deg,query_mask_embedding,0.018250958994030952,0.9998392462730408,20170629CH_Exp6_ZFPtm1a_M32
lesion,axis1_+20deg,input,0.1327299028635025,0.9914899468421936,20170629CH_Exp6_ZFPtm1a_M32
lesion,axis1_+20deg,encoder_level0,0.499492883682251,0.8664265275001526,20170629CH_Exp6_ZFPtm1a_M32
lesion,axis1_+20deg,encoder_level1,0.35009676218032837,0.9368135929107666,20170629CH_Exp6_ZFPtm1a_M32
lesion,axis1_+20deg,encoder_level2,0.40656381845474243,0.9141266942024231,20170629CH_Exp6_ZFPtm1a_M32
lesion,axis1_+20deg,encoder_level3,0.27213039994239807,0.9622612595558167,20170629CH_Exp6_ZFPtm1a_M32
lesion,axis1_+20deg,encoder_level4,0.3632223308086395,0.9319607019424438,20170629CH_Exp6_ZFPtm1a_M32
lesion,axis1_+20deg,canvas_level4,0.3632223308086395,0.9319607019424438,20170629CH_Exp6_ZFPtm1a_M32
lesion,axis1_+20deg,canvas_level3,0.40639516711235046,0.9140296578407288,20170629CH_Exp6_ZFPtm1a_M32
lesion,axis1_+20deg,canvas_level2,0.45533353090286255,0.8916714191436768,20170629CH_Exp6_ZFPtm1a_M32
lesion,axis1_+20deg,canvas_level1,0.3641970455646515,0.9317566156387329,20170629CH_Exp6_ZFPtm1a_M32
lesion,axis1_+20deg,canvas_level0,0.32071781158447266,0.9475193023681641,20170629CH_Exp6_ZFPtm1a_M32
lesion,axis1_+20deg,output_logits,0.17936769127845764,0.9839186668395996,20170629CH_Exp6_ZFPtm1a_M32
lesion,axis1_+20deg,query_mask_embedding,0.03495490923523903,0.999419093132019,20170629CH_Exp6_ZFPtm1a_M32
lesion,axis1_+30deg,input,0.13612882792949677,0.9910411834716797,20170629CH_Exp6_ZFPtm1a_M32
lesion,axis1_+30deg,encoder_level0,0.5689924359321594,0.8241680860519409,20170629CH_Exp6_ZFPtm1a_M32
lesion,axis1_+30deg,encoder_level1,0.4187815189361572,0.9086174964904785,20170629CH_Exp6_ZFPtm1a_M32
lesion,axis1_+30deg,encoder_level2,0.4849493205547333,0.8766247630119324,20170629CH_Exp6_ZFPtm1a_M32
lesion,axis1_+30deg,encoder_level3,0.320215106010437,0.9473600387573242,20170629CH_Exp6_ZFPtm1a_M32
lesion,axis1_+30deg,encoder_level4,0.45522403717041016,0.890424907207489,20170629CH_Exp6_ZFPtm1a_M32
lesion,axis1_+30deg,canvas_level4,0.45522403717041016,0.890424907207489,20170629CH_Exp6_ZFPtm1a_M32
lesion,axis1_+30deg,canvas_level3,0.48514825105667114,0.8759955167770386,20170629CH_Exp6_ZFPtm1a_M32
lesion,axis1_+30deg,canvas_level2,0.5406268835067749,0.8455603122711182,20170629CH_Exp6_ZFPtm1a_M32
lesion,axis1_+30deg,canvas_level1,0.4388321340084076,0.8998849391937256,20170629CH_Exp6_ZFPtm1a_M32
lesion,axis1_+30deg,canvas_level0,0.395510196685791,0.9194561243057251,20170629CH_Exp6_ZFPtm1a_M32
lesion,axis1_+30deg,output_logits,0.24816632270812988,0.9690722227096558,20170629CH_Exp6_ZFPtm1a_M32
lesion,axis1_+30deg,query_mask_embedding,0.055041469633579254,0.9985703825950623,20170629CH_Exp6_ZFPtm1a_M32
lesion,axis2_+5deg,input,0.1072779968380928,0.9943966269493103,20170629CH_Exp6_ZFPtm1a_M32
lesion,axis2_+5deg,encoder_level0,0.33761802315711975,0.9423242807388306,20170629CH_Exp6_ZFPtm1a_M32
lesion,axis2_+5deg,encoder_level1,0.20745781064033508,0.9782742261886597,20170629CH_Exp6_ZFPtm1a_M32
lesion,axis2_+5deg,encoder_level2,0.2405218780040741,0.9706684350967407,20170629CH_Exp6_ZFPtm1a_M32
lesion,axis2_+5deg,encoder_level3,0.18642659485340118,0.9824689626693726,20170629CH_Exp6_ZFPtm1a_M32
lesion,axis2_+5deg,encoder_level4,0.11045291274785995,0.993945837020874,20170629CH_Exp6_ZFPtm1a_M32
lesion,axis2_+5deg,canvas_level4,0.11045291274785995,0.993945837020874,20170629CH_Exp6_ZFPtm1a_M32
lesion,axis2_+5deg,canvas_level3,0.23670771718025208,0.971617579460144,20170629CH_Exp6_ZFPtm1a_M32
lesion,axis2_+5deg,canvas_level2,0.2801227271556854,0.9599671363830566,20170629CH_Exp6_ZFPtm1a_M32
lesion,axis2_+5deg,canvas_level1,0.21253050863742828,0.9771677255630493,20170629CH_Exp6_ZFPtm1a_M32
lesion,axis2_+5deg,canvas_level0,0.19034355878829956,0.9817470908164978,20170629CH_Exp6_ZFPtm1a_M32
lesion,axis2_+5deg,output_logits,0.08647540956735611,0.9962543249130249,20170629CH_Exp6_ZFPtm1a_M32
lesion,axis2_+5deg,query_mask_embedding,0.010874712839722633,0.9999415874481201,20170629CH_Exp6_ZFPtm1a_M32
lesion,axis2_+10deg,input,0.10679519176483154,0.9944510459899902,20170629CH_Exp6_ZFPtm1a_M32
lesion,axis2_+10deg,encoder_level0,0.353195458650589,0.9364914298057556,20170629CH_Exp6_ZFPtm1a_M32
lesion,axis2_+10deg,encoder_level1,0.22319558262825012,0.9747850894927979,20170629CH_Exp6_ZFPtm1a_M32
lesion,axis2_+10deg,encoder_level2,0.2554831802845001,0.9668151140213013,20170629CH_Exp6_ZFPtm1a_M32
lesion,axis2_+10deg,encoder_level3,0.206598162651062,0.9784283638000488,20170629CH_Exp6_ZFPtm1a_M32
lesion,axis2_+10deg,encoder_level4,0.15786081552505493,0.9876579642295837,20170629CH_Exp6_ZFPtm1a_M32
lesion,axis2_+10deg,canvas_level4,0.15786081552505493,0.9876579642295837,20170629CH_Exp6_ZFPtm1a_M32
lesion,axis2_+10deg,canvas_level3,0.27816054224967957,0.9605345726013184,20170629CH_Exp6_ZFPtm1a_M32
lesion,axis2_+10deg,canvas_level2,0.31658777594566345,0.9486401677131653,20170629CH_Exp6_ZFPtm1a_M32
lesion,axis2_+10deg,canvas_level1,0.23889362812042236,0.9710676074028015,20170629CH_Exp6_ZFPtm1a_M32
lesion,axis2_+10deg,canvas_level0,0.21524064242839813,0.9765950441360474,20170629CH_Exp6_ZFPtm1a_M32
lesion,axis2_+10deg,output_logits,0.0972953587770462,0.9952653646469116,20170629CH_Exp6_ZFPtm1a_M32
lesion,axis2_+10deg,query_mask_embedding,0.012609121389687061,0.999921441078186,20170629CH_Exp6_ZFPtm1a_M32
lesion,axis2_+20deg,input,0.10493818670511246,0.9946540594100952,20170629CH_Exp6_ZFPtm1a_M32
lesion,axis2_+20deg,encoder_level0,0.41219228506088257,0.9115246534347534,20170629CH_Exp6_ZFPtm1a_M32
lesion,axis2_+20deg,encoder_level1,0.2855238616466522,0.9583747982978821,20170629CH_Exp6_ZFPtm1a_M32
lesion,axis2_+20deg,encoder_level2,0.323795884847641,0.9461426138877869,20170629CH_Exp6_ZFPtm1a_M32
lesion,axis2_+20deg,encoder_level3,0.21018323302268982,0.977662205696106,20170629CH_Exp6_ZFPtm1a_M32
lesion,axis2_+20deg,encoder_level4,0.2264096736907959,0.9741173982620239,20170629CH_Exp6_ZFPtm1a_M32
lesion,axis2_+20deg,canvas_level4,0.2264096736907959,0.9741173982620239,20170629CH_Exp6_ZFPtm1a_M32
lesion,axis2_+20deg,canvas_level3,0.32513245940208435,0.945784330368042,20170629CH_Exp6_ZFPtm1a_M32
lesion,axis2_+20deg,canvas_level2,0.39526236057281494,0.9191253185272217,20170629CH_Exp6_ZFPtm1a_M32
lesion,axis2_+20deg,canvas_level1,0.30977824330329895,0.9509849548339844,20170629CH_Exp6_ZFPtm1a_M32
lesion,axis2_+20deg,canvas_level0,0.30316871404647827,0.9531563520431519,20170629CH_Exp6_ZFPtm1a_M32
lesion,axis2_+20deg,output_logits,0.1752203106880188,0.984594464302063,20170629CH_Exp6_ZFPtm1a_M32
lesion,axis2_+20deg,query_mask_embedding,0.01573522761464119,0.9998779892921448,20170629CH_Exp6_ZFPtm1a_M32
lesion,axis2_+30deg,input,0.10690753161907196,0.994446337223053,20170629CH_Exp6_ZFPtm1a_M32
lesion,axis2_+30deg,encoder_level0,0.47646045684814453,0.8792027235031128,20170629CH_Exp6_ZFPtm1a_M32
lesion,axis2_+30deg,encoder_level1,0.3451278507709503,0.9386551976203918,20170629CH_Exp6_ZFPtm1a_M32
lesion,axis2_+30deg,encoder_level2,0.38979899883270264,0.9211117625236511,20170629CH_Exp6_ZFPtm1a_M32
lesion,axis2_+30deg,encoder_level3,0.24282227456569672,0.9700709581375122,20170629CH_Exp6_ZFPtm1a_M32
lesion,axis2_+30deg,encoder_level4,0.2797743082046509,0.9600800275802612,20170629CH_Exp6_ZFPtm1a_M32
lesion,axis2_+30deg,canvas_level4,0.2797743082046509,0.9600800275802612,20170629CH_Exp6_ZFPtm1a_M32
lesion,axis2_+30deg,canvas_level3,0.37538400292396545,0.9273940324783325,20170629CH_Exp6_ZFPtm1a_M32
lesion,axis2_+30deg,canvas_level2,0.4655970335006714,0.8868451118469238,20170629CH_Exp6_ZFPtm1a_M32
lesion,axis2_+30deg,canvas_level1,0.37507742643356323,0.9276736974716187,20170629CH_Exp6_ZFPtm1a_M32
lesion,axis2_+30deg,canvas_level0,0.37425053119659424,0.9280862808227539,20170629CH_Exp6_ZFPtm1a_M32
lesion,axis2_+30deg,output_logits,0.23578830063343048,0.9719499349594116,20170629CH_Exp6_ZFPtm1a_M32
lesion,axis2_+30deg,query_mask_embedding,0.030695443972945213,0.9995377063751221,20170629CH_Exp6_ZFPtm1a_M32
lesion,resampling_floor,input,1.7508957625977928e-06,1.0000001192092896,20170712CH_Exp7_ZFPtm1a_M06
lesion,resampling_floor,encoder_level0,1.942502240126487e-05,1.0,20170712CH_Exp7_ZFPtm1a_M06
lesion,resampling_floor,encoder_level1,1.9774957763729617e-05,1.0,20170712CH_Exp7_ZFPtm1a_M06
lesion,resampling_floor,encoder_level2,2.265203875140287e-05,1.0,20170712CH_Exp7_ZFPtm1a_M06
lesion,resampling_floor,encoder_level3,5.93691027006571e-07,1.0,20170712CH_Exp7_ZFPtm1a_M06
lesion,resampling_floor,encoder_level4,3.920585641026264e-06,1.0,20170712CH_Exp7_ZFPtm1a_M06
lesion,resampling_floor,canvas_level4,3.920585641026264e-06,1.0,20170712CH_Exp7_ZFPtm1a_M06
lesion,resampling_floor,canvas_level3,7.12169348844327e-05,1.0,20170712CH_Exp7_ZFPtm1a_M06
lesion,resampling_floor,canvas_level2,0.00016064093506429344,0.9999998807907104,20170712CH_Exp7_ZFPtm1a_M06
lesion,resampling_floor,canvas_level1,0.00017029423906933516,1.0,20170712CH_Exp7_ZFPtm1a_M06
lesion,resampling_floor,canvas_level0,0.0002269720280310139,0.9999999403953552,20170712CH_Exp7_ZFPtm1a_M06
lesion,resampling_floor,output_logits,6.855920219095424e-05,1.0,20170712CH_Exp7_ZFPtm1a_M06
lesion,resampling_floor,query_mask_embedding,1.6426720321760513e-06,1.0,20170712CH_Exp7_ZFPtm1a_M06
lesion,axis0_+5deg,input,0.1233181580901146,0.9926046133041382,20170712CH_Exp7_ZFPtm1a_M06
lesion,axis0_+5deg,encoder_level0,0.38767871260643005,0.922935426235199,20170712CH_Exp7_ZFPtm1a_M06
lesion,axis0_+5deg,encoder_level1,0.25372761487960815,0.9673414826393127,20170712CH_Exp7_ZFPtm1a_M06
lesion,axis0_+5deg,encoder_level2,0.2767567038536072,0.9609504342079163,20170712CH_Exp7_ZFPtm1a_M06
lesion,axis0_+5deg,encoder_level3,0.2322729229927063,0.9726506471633911,20170712CH_Exp7_ZFPtm1a_M06
lesion,axis0_+5deg,encoder_level4,0.1734878420829773,0.9851241111755371,20170712CH_Exp7_ZFPtm1a_M06
lesion,axis0_+5deg,canvas_level4,0.1734878420829773,0.9851241111755371,20170712CH_Exp7_ZFPtm1a_M06
lesion,axis0_+5deg,canvas_level3,0.3133058547973633,0.9497098326683044,20170712CH_Exp7_ZFPtm1a_M06
lesion,axis0_+5deg,canvas_level2,0.32839420437812805,0.9445591568946838,20170712CH_Exp7_ZFPtm1a_M06
lesion,axis0_+5deg,canvas_level1,0.25206151604652405,0.967726469039917,20170712CH_Exp7_ZFPtm1a_M06
lesion,axis0_+5deg,canvas_level0,0.20719033479690552,0.9783655405044556,20170712CH_Exp7_ZFPtm1a_M06
lesion,axis0_+5deg,output_logits,0.08125612139701843,0.9967041015625,20170712CH_Exp7_ZFPtm1a_M06
lesion,axis0_+5deg,query_mask_embedding,0.02277171052992344,0.9997541904449463,20170712CH_Exp7_ZFPtm1a_M06
lesion,axis0_+10deg,input,0.12751443684101105,0.9920992851257324,20170712CH_Exp7_ZFPtm1a_M06
lesion,axis0_+10deg,encoder_level0,0.4261178970336914,0.9055495262145996,20170712CH_Exp7_ZFPtm1a_M06
lesion,axis0_+10deg,encoder_level1,0.26439422369003296,0.964440107345581,20170712CH_Exp7_ZFPtm1a_M06
lesion,axis0_+10deg,encoder_level2,0.3185272514820099,0.9479489326477051,20170712CH_Exp7_ZFPtm1a_M06
lesion,axis0_+10deg,encoder_level3,0.2476256638765335,0.9688606262207031,20170712CH_Exp7_ZFPtm1a_M06
lesion,axis0_+10deg,encoder_level4,0.2536987066268921,0.9679179191589355,20170712CH_Exp7_ZFPtm1a_M06
lesion,axis0_+10deg,canvas_level4,0.2536987066268921,0.9679179191589355,20170712CH_Exp7_ZFPtm1a_M06
lesion,axis0_+10deg,canvas_level3,0.3684593737125397,0.9296916127204895,20170712CH_Exp7_ZFPtm1a_M06
lesion,axis0_+10deg,canvas_level2,0.4063342809677124,0.9142923355102539,20170712CH_Exp7_ZFPtm1a_M06
lesion,axis0_+10deg,canvas_level1,0.30842360854148865,0.9513975381851196,20170712CH_Exp7_ZFPtm1a_M06
lesion,axis0_+10deg,canvas_level0,0.25305667519569397,0.9676642417907715,20170712CH_Exp7_ZFPtm1a_M06
lesion,axis0_+10deg,output_logits,0.10495773702859879,0.9944837689399719,20170712CH_Exp7_ZFPtm1a_M06
lesion,axis0_+10deg,query_mask_embedding,0.01862563192844391,0.9998394846916199,20170712CH_Exp7_ZFPtm1a_M06
lesion,axis0_+20deg,input,0.1284874826669693,0.9919860363006592,20170712CH_Exp7_ZFPtm1a_M06
lesion,axis0_+20deg,encoder_level0,0.502589225769043,0.8645738363265991,20170712CH_Exp7_ZFPtm1a_M06
lesion,axis0_+20deg,encoder_level1,0.33587971329689026,0.9419180154800415,20170712CH_Exp7_ZFPtm1a_M06
lesion,axis0_+20deg,encoder_level2,0.3886309266090393,0.9217734336853027,20170712CH_Exp7_ZFPtm1a_M06
lesion,axis0_+20deg,encoder_level3,0.26951953768730164,0.9630036354064941,20170712CH_Exp7_ZFPtm1a_M06
lesion,axis0_+20deg,encoder_level4,0.35378268361091614,0.9359083771705627,20170712CH_Exp7_ZFPtm1a_M06
lesion,axis0_+20deg,canvas_level4,0.35378268361091614,0.9359083771705627,20170712CH_Exp7_ZFPtm1a_M06
lesion,axis0_+20deg,canvas_level3,0.4594103693962097,0.8890899419784546,20170712CH_Exp7_ZFPtm1a_M06
lesion,axis0_+20deg,canvas_level2,0.5104897618293762,0.8625513911247253,20170712CH_Exp7_ZFPtm1a_M06
lesion,axis0_+20deg,canvas_level1,0.4013669788837433,0.916497528553009,20170712CH_Exp7_ZFPtm1a_M06
lesion,axis0_+20deg,canvas_level0,0.3432844579219818,0.939896821975708,20170712CH_Exp7_ZFPtm1a_M06
lesion,axis0_+20deg,output_logits,0.19346736371517181,0.9815195798873901,20170712CH_Exp7_ZFPtm1a_M06
lesion,axis0_+20deg,query_mask_embedding,0.06692608445882797,0.9979366660118103,20170712CH_Exp7_ZFPtm1a_M06
lesion,axis0_+30deg,input,0.1317613571882248,0.9915820360183716,20170712CH_Exp7_ZFPtm1a_M06
lesion,axis0_+30deg,encoder_level0,0.5694912672042847,0.8223354816436768,20170712CH_Exp7_ZFPtm1a_M06
lesion,axis0_+30deg,encoder_level1,0.40135252475738525,0.9161485433578491,20170712CH_Exp7_ZFPtm1a_M06
lesion,axis0_+30deg,encoder_level2,0.4604116678237915,0.8891924023628235,20170712CH_Exp7_ZFPtm1a_M06
lesion,axis0_+30deg,encoder_level3,0.2992843687534332,0.9541765451431274,20170712CH_Exp7_ZFPtm1a_M06
lesion,axis0_+30deg,encoder_level4,0.4533606171607971,0.8913419842720032,20170712CH_Exp7_ZFPtm1a_M06
lesion,axis0_+30deg,canvas_level4,0.4533606171607971,0.8913419842720032,20170712CH_Exp7_ZFPtm1a_M06
lesion,axis0_+30deg,canvas_level3,0.5549889802932739,0.8362545967102051,20170712CH_Exp7_ZFPtm1a_M06
lesion,axis0_+30deg,canvas_level2,0.6076288819313049,0.8017397522926331,20170712CH_Exp7_ZFPtm1a_M06
lesion,axis0_+30deg,canvas_level1,0.4893990457057953,0.8739706873893738,20170712CH_Exp7_ZFPtm1a_M06
lesion,axis0_+30deg,canvas_level0,0.4137466251850128,0.9120195508003235,20170712CH_Exp7_ZFPtm1a_M06
lesion,axis0_+30deg,output_logits,0.25741544365882874,0.967814028263092,20170712CH_Exp7_ZFPtm1a_M06
lesion,axis0_+30deg,query_mask_embedding,0.10805398970842361,0.9947216510772705,20170712CH_Exp7_ZFPtm1a_M06
lesion,axis1_+5deg,input,0.11895397305488586,0.9931342601776123,20170712CH_Exp7_ZFPtm1a_M06
lesion,axis1_+5deg,encoder_level0,0.3705981969833374,0.9294263124465942,20170712CH_Exp7_ZFPtm1a_M06
lesion,axis1_+5deg,encoder_level1,0.2357473224401474,0.9718586206436157,20170712CH_Exp7_ZFPtm1a_M06
lesion,axis1_+5deg,encoder_level2,0.26681914925575256,0.9637581706047058,20170712CH_Exp7_ZFPtm1a_M06
lesion,axis1_+5deg,encoder_level3,0.2096511870622635,0.9777762293815613,20170712CH_Exp7_ZFPtm1a_M06
lesion,axis1_+5deg,encoder_level4,0.1787443906068802,0.9843515753746033,20170712CH_Exp7_ZFPtm1a_M06
lesion,axis1_+5deg,canvas_level4,0.1787443906068802,0.9843515753746033,20170712CH_Exp7_ZFPtm1a_M06
lesion,axis1_+5deg,canvas_level3,0.2770819067955017,0.960883378982544,20170712CH_Exp7_ZFPtm1a_M06
lesion,axis1_+5deg,canvas_level2,0.30059272050857544,0.953770637512207,20170712CH_Exp7_ZFPtm1a_M06
lesion,axis1_+5deg,canvas_level1,0.22197788953781128,0.9750833511352539,20170712CH_Exp7_ZFPtm1a_M06
lesion,axis1_+5deg,canvas_level0,0.17936724424362183,0.9838296175003052,20170712CH_Exp7_ZFPtm1a_M06
lesion,axis1_+5deg,output_logits,0.05738077685236931,0.9983543157577515,20170712CH_Exp7_ZFPtm1a_M06
lesion,axis1_+5deg,query_mask_embedding,0.017720330506563187,0.9998477697372437,20170712CH_Exp7_ZFPtm1a_M06
lesion,axis1_+10deg,input,0.1203460842370987,0.9929810762405396,20170712CH_Exp7_ZFPtm1a_M06
lesion,axis1_+10deg,encoder_level0,0.40373584628105164,0.9151872396469116,20170712CH_Exp7_ZFPtm1a_M06
lesion,axis1_+10deg,encoder_level1,0.2607518434524536,0.9654138088226318,20170712CH_Exp7_ZFPtm1a_M06
lesion,axis1_+10deg,encoder_level2,0.3138214349746704,0.9495064616203308,20170712CH_Exp7_ZFPtm1a_M06
lesion,axis1_+10deg,encoder_level3,0.22524650394916534,0.9743021130561829,20170712CH_Exp7_ZFPtm1a_M06
lesion,axis1_+10deg,encoder_level4,0.26425695419311523,0.9652162790298462,20170712CH_Exp7_ZFPtm1a_M06
lesion,axis1_+10deg,canvas_level4,0.26425695419311523,0.9652162790298462,20170712CH_Exp7_ZFPtm1a_M06
lesion,axis1_+10deg,canvas_level3,0.32760894298553467,0.9448307156562805,20170712CH_Exp7_ZFPtm1a_M06
lesion,axis1_+10deg,canvas_level2,0.3619128167629242,0.932396411895752,20170712CH_Exp7_ZFPtm1a_M06
lesion,axis1_+10deg,canvas_level1,0.26418834924697876,0.9645426869392395,20170712CH_Exp7_ZFPtm1a_M06
lesion,axis1_+10deg,canvas_level0,0.22014431655406952,0.9755541086196899,20170712CH_Exp7_ZFPtm1a_M06
lesion,axis1_+10deg,output_logits,0.08744467049837112,0.9961922764778137,20170712CH_Exp7_ZFPtm1a_M06
lesion,axis1_+10deg,query_mask_embedding,0.025650998577475548,0.9996819496154785,20170712CH_Exp7_ZFPtm1a_M06
lesion,axis1_+20deg,input,0.12167789041996002,0.9928328394889832,20170712CH_Exp7_ZFPtm1a_M06
lesion,axis1_+20deg,encoder_level0,0.49101635813713074,0.8713091611862183,20170712CH_Exp7_ZFPtm1a_M06
lesion,axis1_+20deg,encoder_level1,0.34076452255249023,0.9402163624763489,20170712CH_Exp7_ZFPtm1a_M06
lesion,axis1_+20deg,encoder_level2,0.4075031876564026,0.9137624502182007,20170712CH_Exp7_ZFPtm1a_M06
lesion,axis1_+20deg,encoder_level3,0.2738257646560669,0.9617797136306763,20170712CH_Exp7_ZFPtm1a_M06
lesion,axis1_+20deg,encoder_level4,0.3685356676578522,0.9301508665084839,20170712CH_Exp7_ZFPtm1a_M06
lesion,axis1_+20deg,canvas_level4,0.3685356676578522,0.9301508665084839,20170712CH_Exp7_ZFPtm1a_M06
lesion,axis1_+20deg,canvas_level3,0.41874435544013977,0.9086264371871948,20170712CH_Exp7_ZFPtm1a_M06
lesion,axis1_+20deg,canvas_level2,0.4663686454296112,0.8860530853271484,20170712CH_Exp7_ZFPtm1a_M06
lesion,axis1_+20deg,canvas_level1,0.3579861521720886,0.9340989589691162,20170712CH_Exp7_ZFPtm1a_M06
lesion,axis1_+20deg,canvas_level0,0.318629652261734,0.9481899738311768,20170712CH_Exp7_ZFPtm1a_M06
lesion,axis1_+20deg,output_logits,0.1841246634721756,0.9831973314285278,20170712CH_Exp7_ZFPtm1a_M06
lesion,axis1_+20deg,query_mask_embedding,0.053331974893808365,0.9986584782600403,20170712CH_Exp7_ZFPtm1a_M06
lesion,axis1_+30deg,input,0.1255170702934265,0.9923675060272217,20170712CH_Exp7_ZFPtm1a_M06
lesion,axis1_+30deg,encoder_level0,0.5615537762641907,0.8294218182563782,20170712CH_Exp7_ZFPtm1a_M06
lesion,axis1_+30deg,encoder_level1,0.4109193980693817,0.912126898765564,20170712CH_Exp7_ZFPtm1a_M06
lesion,axis1_+30deg,encoder_level2,0.48716089129447937,0.8755688071250916,20170712CH_Exp7_ZFPtm1a_M06
lesion,axis1_+30deg,encoder_level3,0.32335904240608215,0.9462895393371582,20170712CH_Exp7_ZFPtm1a_M06
lesion,axis1_+30deg,encoder_level4,0.4648539423942566,0.8854043483734131,20170712CH_Exp7_ZFPtm1a_M06
lesion,axis1_+30deg,canvas_level4,0.4648539423942566,0.8854043483734131,20170712CH_Exp7_ZFPtm1a_M06
lesion,axis1_+30deg,canvas_level3,0.5061417818069458,0.8645068407058716,20170712CH_Exp7_ZFPtm1a_M06
lesion,axis1_+30deg,canvas_level2,0.5639544129371643,0.8306654691696167,20170712CH_Exp7_ZFPtm1a_M06
lesion,axis1_+30deg,canvas_level1,0.447599321603775,0.8955327272415161,20170712CH_Exp7_ZFPtm1a_M06
lesion,axis1_+30deg,canvas_level0,0.4033924341201782,0.9160616397857666,20170712CH_Exp7_ZFPtm1a_M06
lesion,axis1_+30deg,output_logits,0.2585013508796692,0.9669638872146606,20170712CH_Exp7_ZFPtm1a_M06
lesion,axis1_+30deg,query_mask_embedding,0.089150570333004,0.9963396191596985,20170712CH_Exp7_ZFPtm1a_M06
lesion,axis2_+5deg,input,0.09957053512334824,0.9951584339141846,20170712CH_Exp7_ZFPtm1a_M06
lesion,axis2_+5deg,encoder_level0,0.3377510607242584,0.9421274065971375,20170712CH_Exp7_ZFPtm1a_M06
lesion,axis2_+5deg,encoder_level1,0.2023705691099167,0.9793475866317749,20170712CH_Exp7_ZFPtm1a_M06
lesion,axis2_+5deg,encoder_level2,0.23395249247550964,0.9722830057144165,20170712CH_Exp7_ZFPtm1a_M06
lesion,axis2_+5deg,encoder_level3,0.18711604177951813,0.9823384284973145,20170712CH_Exp7_ZFPtm1a_M06
lesion,axis2_+5deg,encoder_level4,0.12424047291278839,0.9923572540283203,20170712CH_Exp7_ZFPtm1a_M06
lesion,axis2_+5deg,canvas_level4,0.12424047291278839,0.9923572540283203,20170712CH_Exp7_ZFPtm1a_M06
lesion,axis2_+5deg,canvas_level3,0.24666038155555725,0.9691070318222046,20170712CH_Exp7_ZFPtm1a_M06
lesion,axis2_+5deg,canvas_level2,0.28352510929107666,0.9589719772338867,20170712CH_Exp7_ZFPtm1a_M06
lesion,axis2_+5deg,canvas_level1,0.20564258098602295,0.9786337018013,20170712CH_Exp7_ZFPtm1a_M06
lesion,axis2_+5deg,canvas_level0,0.19172076880931854,0.9814885854721069,20170712CH_Exp7_ZFPtm1a_M06
lesion,axis2_+5deg,output_logits,0.08625796437263489,0.9962766170501709,20170712CH_Exp7_ZFPtm1a_M06
lesion,axis2_+5deg,query_mask_embedding,0.0028226596768945456,0.9999960660934448,20170712CH_Exp7_ZFPtm1a_M06
lesion,axis2_+10deg,input,0.09731560945510864,0.9953784942626953,20170712CH_Exp7_ZFPtm1a_M06
lesion,axis2_+10deg,encoder_level0,0.34947770833969116,0.9377568960189819,20170712CH_Exp7_ZFPtm1a_M06
lesion,axis2_+10deg,encoder_level1,0.21780866384506226,0.9760071039199829,20170712CH_Exp7_ZFPtm1a_M06
lesion,axis2_+10deg,encoder_level2,0.2512243092060089,0.9679312109947205,20170712CH_Exp7_ZFPtm1a_M06
lesion,axis2_+10deg,encoder_level3,0.2058301717042923,0.9785884022712708,20170712CH_Exp7_ZFPtm1a_M06
lesion,axis2_+10deg,encoder_level4,0.16812996566295624,0.985948383808136,20170712CH_Exp7_ZFPtm1a_M06
lesion,axis2_+10deg,canvas_level4,0.16812996566295624,0.985948383808136,20170712CH_Exp7_ZFPtm1a_M06
lesion,axis2_+10deg,canvas_level3,0.28656527400016785,0.9580760598182678,20170712CH_Exp7_ZFPtm1a_M06
lesion,axis2_+10deg,canvas_level2,0.31931594014167786,0.9477254748344421,20170712CH_Exp7_ZFPtm1a_M06
lesion,axis2_+10deg,canvas_level1,0.2308221012353897,0.9730067849159241,20170712CH_Exp7_ZFPtm1a_M06
lesion,axis2_+10deg,canvas_level0,0.2151794731616974,0.9766121506690979,20170712CH_Exp7_ZFPtm1a_M06
lesion,axis2_+10deg,output_logits,0.0998164713382721,0.9950150847434998,20170712CH_Exp7_ZFPtm1a_M06
lesion,axis2_+10deg,query_mask_embedding,0.008857004344463348,0.9999617338180542,20170712CH_Exp7_ZFPtm1a_M06
lesion,axis2_+20deg,input,0.09589073061943054,0.9955210089683533,20170712CH_Exp7_ZFPtm1a_M06
lesion,axis2_+20deg,encoder_level0,0.41008493304252625,0.9123826026916504,20170712CH_Exp7_ZFPtm1a_M06
lesion,axis2_+20deg,encoder_level1,0.28159627318382263,0.9595348238945007,20170712CH_Exp7_ZFPtm1a_M06
lesion,axis2_+20deg,encoder_level2,0.32136937975883484,0.9469715356826782,20170712CH_Exp7_ZFPtm1a_M06
lesion,axis2_+20deg,encoder_level3,0.20990481972694397,0.9777218103408813,20170712CH_Exp7_ZFPtm1a_M06
lesion,axis2_+20deg,encoder_level4,0.23209774494171143,0.9727516770362854,20170712CH_Exp7_ZFPtm1a_M06
lesion,axis2_+20deg,canvas_level4,0.23209774494171143,0.9727516770362854,20170712CH_Exp7_ZFPtm1a_M06
lesion,axis2_+20deg,canvas_level3,0.3358137607574463,0.942180871963501,20170712CH_Exp7_ZFPtm1a_M06
lesion,axis2_+20deg,canvas_level2,0.3984137773513794,0.9177923202514648,20170712CH_Exp7_ZFPtm1a_M06
lesion,axis2_+20deg,canvas_level1,0.3009451627731323,0.9537745714187622,20170712CH_Exp7_ZFPtm1a_M06
lesion,axis2_+20deg,canvas_level0,0.3042510449886322,0.9528273344039917,20170712CH_Exp7_ZFPtm1a_M06
lesion,axis2_+20deg,output_logits,0.17812727391719818,0.9841223359107971,20170712CH_Exp7_ZFPtm1a_M06
lesion,axis2_+20deg,query_mask_embedding,0.02454264834523201,0.9997079968452454,20170712CH_Exp7_ZFPtm1a_M06
lesion,axis2_+30deg,input,0.09873664379119873,0.9952452182769775,20170712CH_Exp7_ZFPtm1a_M06
lesion,axis2_+30deg,encoder_level0,0.4760170876979828,0.8794360160827637,20170712CH_Exp7_ZFPtm1a_M06
lesion,axis2_+30deg,encoder_level1,0.3418223559856415,0.9398581385612488,20170712CH_Exp7_ZFPtm1a_M06
lesion,axis2_+30deg,encoder_level2,0.38920989632606506,0.921392023563385,20170712CH_Exp7_ZFPtm1a_M06
lesion,axis2_+30deg,encoder_level3,0.23996014893054962,0.9707844853401184,20170712CH_Exp7_ZFPtm1a_M06
lesion,axis2_+30deg,encoder_level4,0.28815704584121704,0.9576213359832764,20170712CH_Exp7_ZFPtm1a_M06
lesion,axis2_+30deg,canvas_level4,0.28815704584121704,0.9576213359832764,20170712CH_Exp7_ZFPtm1a_M06
lesion,axis2_+30deg,canvas_level3,0.37881946563720703,0.9262361526489258,20170712CH_Exp7_ZFPtm1a_M06
lesion,axis2_+30deg,canvas_level2,0.463360458612442,0.8878974914550781,20170712CH_Exp7_ZFPtm1a_M06
lesion,axis2_+30deg,canvas_level1,0.3605383634567261,0.9332231283187866,20170712CH_Exp7_ZFPtm1a_M06
lesion,axis2_+30deg,canvas_level0,0.37452059984207153,0.9279993176460266,20170712CH_Exp7_ZFPtm1a_M06
lesion,axis2_+30deg,output_logits,0.23735958337783813,0.9716079831123352,20170712CH_Exp7_ZFPtm1a_M06
lesion,axis2_+30deg,query_mask_embedding,0.028916899114847183,0.9995964169502258,20170712CH_Exp7_ZFPtm1a_M06
lesion,resampling_floor,input,1.818205532799766e-06,0.9999998807907104,20170713CH_Exp7_ZFPtm1a_M14
lesion,resampling_floor,encoder_level0,1.898829941637814e-05,1.0,20170713CH_Exp7_ZFPtm1a_M14
lesion,resampling_floor,encoder_level1,2.0592377040884458e-05,1.0,20170713CH_Exp7_ZFPtm1a_M14
lesion,resampling_floor,encoder_level2,2.2763728338759392e-05,0.9999999403953552,20170713CH_Exp7_ZFPtm1a_M14
lesion,resampling_floor,encoder_level3,6.245097097234975e-07,1.0,20170713CH_Exp7_ZFPtm1a_M14
lesion,resampling_floor,encoder_level4,5.260108991933521e-06,0.9999999403953552,20170713CH_Exp7_ZFPtm1a_M14
lesion,resampling_floor,canvas_level4,5.260108991933521e-06,0.9999999403953552,20170713CH_Exp7_ZFPtm1a_M14
lesion,resampling_floor,canvas_level3,7.524622924393043e-05,1.0000001192092896,20170713CH_Exp7_ZFPtm1a_M14
lesion,resampling_floor,canvas_level2,0.00016341946320608258,0.9999999403953552,20170713CH_Exp7_ZFPtm1a_M14
lesion,resampling_floor,canvas_level1,0.00017192945233546197,0.9999999403953552,20170713CH_Exp7_ZFPtm1a_M14
lesion,resampling_floor,canvas_level0,0.00022737152175977826,1.0,20170713CH_Exp7_ZFPtm1a_M14
lesion,resampling_floor,output_logits,6.880344881210476e-05,1.0,20170713CH_Exp7_ZFPtm1a_M14
lesion,resampling_floor,query_mask_embedding,1.8373182228970109e-06,1.0,20170713CH_Exp7_ZFPtm1a_M14
lesion,axis0_+5deg,input,0.12354598939418793,0.9925740361213684,20170713CH_Exp7_ZFPtm1a_M14
lesion,axis0_+5deg,encoder_level0,0.38790377974510193,0.9228785037994385,20170713CH_Exp7_ZFPtm1a_M14
lesion,axis0_+5deg,encoder_level1,0.25232842564582825,0.9677045345306396,20170713CH_Exp7_ZFPtm1a_M14
lesion,axis0_+5deg,encoder_level2,0.27653825283050537,0.9610154032707214,20170713CH_Exp7_ZFPtm1a_M14
lesion,axis0_+5deg,encoder_level3,0.2318095862865448,0.9727613925933838,20170713CH_Exp7_ZFPtm1a_M14
lesion,axis0_+5deg,encoder_level4,0.16941146552562714,0.9857298731803894,20170713CH_Exp7_ZFPtm1a_M14
lesion,axis0_+5deg,canvas_level4,0.16941146552562714,0.9857298731803894,20170713CH_Exp7_ZFPtm1a_M14
lesion,axis0_+5deg,canvas_level3,0.3154626190662384,0.9489675760269165,20170713CH_Exp7_ZFPtm1a_M14
lesion,axis0_+5deg,canvas_level2,0.32607579231262207,0.9453703761100769,20170713CH_Exp7_ZFPtm1a_M14
lesion,axis0_+5deg,canvas_level1,0.24573470652103424,0.9693499207496643,20170713CH_Exp7_ZFPtm1a_M14
lesion,axis0_+5deg,canvas_level0,0.2041543573141098,0.9789900779724121,20170713CH_Exp7_ZFPtm1a_M14
lesion,axis0_+5deg,output_logits,0.08000478893518448,0.9968730211257935,20170713CH_Exp7_ZFPtm1a_M14
lesion,axis0_+5deg,query_mask_embedding,0.03771616891026497,0.9993516206741333,20170713CH_Exp7_ZFPtm1a_M14
lesion,axis0_+10deg,input,0.12690910696983337,0.9921649098396301,20170713CH_Exp7_ZFPtm1a_M14
lesion,axis0_+10deg,encoder_level0,0.42469140887260437,0.9062254428863525,20170713CH_Exp7_ZFPtm1a_M14
lesion,axis0_+10deg,encoder_level1,0.2647164762020111,0.9643493294715881,20170713CH_Exp7_ZFPtm1a_M14
lesion,axis0_+10deg,encoder_level2,0.3180025517940521,0.9481249451637268,20170713CH_Exp7_ZFPtm1a_M14
lesion,axis0_+10deg,encoder_level3,0.2460252344608307,0.969269871711731,20170713CH_Exp7_ZFPtm1a_M14
lesion,axis0_+10deg,encoder_level4,0.24714386463165283,0.9696183800697327,20170713CH_Exp7_ZFPtm1a_M14
lesion,axis0_+10deg,canvas_level4,0.24714386463165283,0.9696183800697327,20170713CH_Exp7_ZFPtm1a_M14
lesion,axis0_+10deg,canvas_level3,0.367215096950531,0.9302164912223816,20170713CH_Exp7_ZFPtm1a_M14
lesion,axis0_+10deg,canvas_level2,0.4034133553504944,0.9156564474105835,20170713CH_Exp7_ZFPtm1a_M14
lesion,axis0_+10deg,canvas_level1,0.29847443103790283,0.9545418620109558,20170713CH_Exp7_ZFPtm1a_M14
lesion,axis0_+10deg,canvas_level0,0.2494388073682785,0.9685835838317871,20170713CH_Exp7_ZFPtm1a_M14
lesion,axis0_+10deg,output_logits,0.1023838222026825,0.9948064088821411,20170713CH_Exp7_ZFPtm1a_M14
lesion,axis0_+10deg,query_mask_embedding,0.029834331944584846,0.9996148347854614,20170713CH_Exp7_ZFPtm1a_M14
lesion,axis0_+20deg,input,0.12825904786586761,0.9920059442520142,20170713CH_Exp7_ZFPtm1a_M14
lesion,axis0_+20deg,encoder_level0,0.4995293915271759,0.8663698434829712,20170713CH_Exp7_ZFPtm1a_M14
lesion,axis0_+20deg,encoder_level1,0.33572378754615784,0.9419744610786438,20170713CH_Exp7_ZFPtm1a_M14
lesion,axis0_+20deg,encoder_level2,0.38755518198013306,0.9222148656845093,20170713CH_Exp7_ZFPtm1a_M14
lesion,axis0_+20deg,encoder_level3,0.2660444974899292,0.9639692306518555,20170713CH_Exp7_ZFPtm1a_M14
lesion,axis0_+20deg,encoder_level4,0.3415030241012573,0.9404444098472595,20170713CH_Exp7_ZFPtm1a_M14
lesion,axis0_+20deg,canvas_level4,0.3415030241012573,0.9404444098472595,20170713CH_Exp7_ZFPtm1a_M14
lesion,axis0_+20deg,canvas_level3,0.46011942625045776,0.8887656927108765,20170713CH_Exp7_ZFPtm1a_M14
lesion,axis0_+20deg,canvas_level2,0.5082614421844482,0.864005446434021,20170713CH_Exp7_ZFPtm1a_M14
lesion,axis0_+20deg,canvas_level1,0.39069417119026184,0.9209900498390198,20170713CH_Exp7_ZFPtm1a_M14
lesion,axis0_+20deg,canvas_level0,0.3390786647796631,0.9413560032844543,20170713CH_Exp7_ZFPtm1a_M14
lesion,axis0_+20deg,output_logits,0.19591805338859558,0.9814544320106506,20170713CH_Exp7_ZFPtm1a_M14
lesion,axis0_+20deg,query_mask_embedding,0.08150256425142288,0.9970773458480835,20170713CH_Exp7_ZFPtm1a_M14
lesion,axis0_+30deg,input,0.13038112223148346,0.9917508959770203,20170713CH_Exp7_ZFPtm1a_M14
lesion,axis0_+30deg,encoder_level0,0.565025269985199,0.8253362774848938,20170713CH_Exp7_ZFPtm1a_M14
lesion,axis0_+30deg,encoder_level1,0.400820255279541,0.9163793325424194,20170713CH_Exp7_ZFPtm1a_M14
lesion,axis0_+30deg,encoder_level2,0.45967820286750793,0.8895080089569092,20170713CH_Exp7_ZFPtm1a_M14
lesion,axis0_+30deg,encoder_level3,0.2959299385547638,0.9552211761474609,20170713CH_Exp7_ZFPtm1a_M14
lesion,axis0_+30deg,encoder_level4,0.43247631192207336,0.9017068147659302,20170713CH_Exp7_ZFPtm1a_M14
lesion,axis0_+30deg,canvas_level4,0.43247631192207336,0.9017068147659302,20170713CH_Exp7_ZFPtm1a_M14
lesion,axis0_+30deg,canvas_level3,0.5538343191146851,0.836989164352417,20170713CH_Exp7_ZFPtm1a_M14
lesion,axis0_+30deg,canvas_level2,0.6094351410865784,0.8006151914596558,20170713CH_Exp7_ZFPtm1a_M14
lesion,axis0_+30deg,canvas_level1,0.4825654923915863,0.8774939179420471,20170713CH_Exp7_ZFPtm1a_M14
lesion,axis0_+30deg,canvas_level0,0.41220998764038086,0.9126818776130676,20170713CH_Exp7_ZFPtm1a_M14
lesion,axis0_+30deg,output_logits,0.2595675587654114,0.9679833650588989,20170713CH_Exp7_ZFPtm1a_M14
lesion,axis0_+30deg,query_mask_embedding,0.11720862239599228,0.9940285682678223,20170713CH_Exp7_ZFPtm1a_M14
lesion,axis1_+5deg,input,0.12022484093904495,0.9929789304733276,20170713CH_Exp7_ZFPtm1a_M14
lesion,axis1_+5deg,encoder_level0,0.37409359216690063,0.9280577898025513,20170713CH_Exp7_ZFPtm1a_M14
lesion,axis1_+5deg,encoder_level1,0.2397414743900299,0.9708704948425293,20170713CH_Exp7_ZFPtm1a_M14
lesion,axis1_+5deg,encoder_level2,0.2698328197002411,0.9629157185554504,20170713CH_Exp7_ZFPtm1a_M14
lesion,axis1_+5deg,encoder_level3,0.2076551616191864,0.9782021641731262,20170713CH_Exp7_ZFPtm1a_M14
lesion,axis1_+5deg,encoder_level4,0.1657586246728897,0.9865232706069946,20170713CH_Exp7_ZFPtm1a_M14
lesion,axis1_+5deg,canvas_level4,0.1657586246728897,0.9865232706069946,20170713CH_Exp7_ZFPtm1a_M14
lesion,axis1_+5deg,canvas_level3,0.27989262342453003,0.9600620269775391,20170713CH_Exp7_ZFPtm1a_M14
lesion,axis1_+5deg,canvas_level2,0.3049096465110779,0.9524115920066833,20170713CH_Exp7_ZFPtm1a_M14
lesion,axis1_+5deg,canvas_level1,0.22649163007736206,0.9740663170814514,20170713CH_Exp7_ZFPtm1a_M14
lesion,axis1_+5deg,canvas_level0,0.18168969452381134,0.983413577079773,20170713CH_Exp7_ZFPtm1a_M14
lesion,axis1_+5deg,output_logits,0.059812240302562714,0.9983155727386475,20170713CH_Exp7_ZFPtm1a_M14
lesion,axis1_+5deg,query_mask_embedding,0.043329376727342606,0.9991456270217896,20170713CH_Exp7_ZFPtm1a_M14
lesion,axis1_+10deg,input,0.12056034803390503,0.9929473996162415,20170713CH_Exp7_ZFPtm1a_M14
lesion,axis1_+10deg,encoder_level0,0.4060231149196625,0.9141692519187927,20170713CH_Exp7_ZFPtm1a_M14
lesion,axis1_+10deg,encoder_level1,0.26313596963882446,0.964763343334198,20170713CH_Exp7_ZFPtm1a_M14
lesion,axis1_+10deg,encoder_level2,0.3158988356590271,0.9488204717636108,20170713CH_Exp7_ZFPtm1a_M14
lesion,axis1_+10deg,encoder_level3,0.22518590092658997,0.9743168950080872,20170713CH_Exp7_ZFPtm1a_M14
lesion,axis1_+10deg,encoder_level4,0.2539665997028351,0.9677495956420898,20170713CH_Exp7_ZFPtm1a_M14
lesion,axis1_+10deg,canvas_level4,0.2539665997028351,0.9677495956420898,20170713CH_Exp7_ZFPtm1a_M14
lesion,axis1_+10deg,canvas_level3,0.33132824301719666,0.9435309171676636,20170713CH_Exp7_ZFPtm1a_M14
lesion,axis1_+10deg,canvas_level2,0.36465784907341003,0.9313982725143433,20170713CH_Exp7_ZFPtm1a_M14
lesion,axis1_+10deg,canvas_level1,0.26639026403427124,0.9639521837234497,20170713CH_Exp7_ZFPtm1a_M14
lesion,axis1_+10deg,canvas_level0,0.22150900959968567,0.975257158279419,20170713CH_Exp7_ZFPtm1a_M14
lesion,axis1_+10deg,output_logits,0.0888034850358963,0.996166467666626,20170713CH_Exp7_ZFPtm1a_M14
lesion,axis1_+10deg,query_mask_embedding,0.03832580894231796,0.999327540397644,20170713CH_Exp7_ZFPtm1a_M14
lesion,axis1_+20deg,input,0.12264139205217361,0.9927064180374146,20170713CH_Exp7_ZFPtm1a_M14
lesion,axis1_+20deg,encoder_level0,0.4928659200668335,0.8702642917633057,20170713CH_Exp7_ZFPtm1a_M14
lesion,axis1_+20deg,encoder_level1,0.34242865443229675,0.9396218061447144,20170713CH_Exp7_ZFPtm1a_M14
lesion,axis1_+20deg,encoder_level2,0.40743857622146606,0.9137768149375916,20170713CH_Exp7_ZFPtm1a_M14
lesion,axis1_+20deg,encoder_level3,0.27350759506225586,0.9618709683418274,20170713CH_Exp7_ZFPtm1a_M14
lesion,axis1_+20deg,encoder_level4,0.36199823021888733,0.9325629472732544,20170713CH_Exp7_ZFPtm1a_M14
lesion,axis1_+20deg,canvas_level4,0.36199823021888733,0.9325629472732544,20170713CH_Exp7_ZFPtm1a_M14
lesion,axis1_+20deg,canvas_level3,0.4194568991661072,0.908298134803772,20170713CH_Exp7_ZFPtm1a_M14
lesion,axis1_+20deg,canvas_level2,0.46357008814811707,0.8875307440757751,20170713CH_Exp7_ZFPtm1a_M14
lesion,axis1_+20deg,canvas_level1,0.3545268774032593,0.9353451728820801,20170713CH_Exp7_ZFPtm1a_M14
lesion,axis1_+20deg,canvas_level0,0.3172539472579956,0.9486575722694397,20170713CH_Exp7_ZFPtm1a_M14
lesion,axis1_+20deg,output_logits,0.18684393167495728,0.9829297065734863,20170713CH_Exp7_ZFPtm1a_M14
lesion,axis1_+20deg,query_mask_embedding,0.056487955152988434,0.9985731840133667,20170713CH_Exp7_ZFPtm1a_M14
lesion,axis1_+30deg,input,0.1260497272014618,0.992291271686554,20170713CH_Exp7_ZFPtm1a_M14
lesion,axis1_+30deg,encoder_level0,0.5620120167732239,0.8290502429008484,20170713CH_Exp7_ZFPtm1a_M14
lesion,axis1_+30deg,encoder_level1,0.4112789034843445,0.9119769334793091,20170713CH_Exp7_ZFPtm1a_M14
lesion,axis1_+30deg,encoder_level2,0.4860582649707794,0.8761357665061951,20170713CH_Exp7_ZFPtm1a_M14
lesion,axis1_+30deg,encoder_level3,0.32023850083351135,0.9473487734794617,20170713CH_Exp7_ZFPtm1a_M14
lesion,axis1_+30deg,encoder_level4,0.45733171701431274,0.8893256187438965,20170713CH_Exp7_ZFPtm1a_M14
lesion,axis1_+30deg,canvas_level4,0.45733171701431274,0.8893256187438965,20170713CH_Exp7_ZFPtm1a_M14
lesion,axis1_+30deg,canvas_level3,0.4969426095485687,0.8694819211959839,20170713CH_Exp7_ZFPtm1a_M14
lesion,axis1_+30deg,canvas_level2,0.5500708222389221,0.8395035266876221,20170713CH_Exp7_ZFPtm1a_M14
lesion,axis1_+30deg,canvas_level1,0.4279877245426178,0.9047144651412964,20170713CH_Exp7_ZFPtm1a_M14
lesion,axis1_+30deg,canvas_level0,0.39315107464790344,0.9203721880912781,20170713CH_Exp7_ZFPtm1a_M14
lesion,axis1_+30deg,output_logits,0.2534467875957489,0.9682464599609375,20170713CH_Exp7_ZFPtm1a_M14
lesion,axis1_+30deg,query_mask_embedding,0.06893777847290039,0.997916579246521,20170713CH_Exp7_ZFPtm1a_M14
lesion,axis2_+5deg,input,0.10014675557613373,0.9950962066650391,20170713CH_Exp7_ZFPtm1a_M14
lesion,axis2_+5deg,encoder_level0,0.33633744716644287,0.9426478147506714,20170713CH_Exp7_ZFPtm1a_M14
lesion,axis2_+5deg,encoder_level1,0.2055317759513855,0.9786829948425293,20170713CH_Exp7_ZFPtm1a_M14
lesion,axis2_+5deg,encoder_level2,0.23388157784938812,0.972293496131897,20170713CH_Exp7_ZFPtm1a_M14
lesion,axis2_+5deg,encoder_level3,0.18610748648643494,0.982529878616333,20170713CH_Exp7_ZFPtm1a_M14
lesion,axis2_+5deg,encoder_level4,0.10754013061523438,0.9942551851272583,20170713CH_Exp7_ZFPtm1a_M14
lesion,axis2_+5deg,canvas_level4,0.10754013061523438,0.9942551851272583,20170713CH_Exp7_ZFPtm1a_M14
lesion,axis2_+5deg,canvas_level3,0.24740073084831238,0.9689266681671143,20170713CH_Exp7_ZFPtm1a_M14
lesion,axis2_+5deg,canvas_level2,0.2840636074542999,0.9588130712509155,20170713CH_Exp7_ZFPtm1a_M14
lesion,axis2_+5deg,canvas_level1,0.20672394335269928,0.9784040451049805,20170713CH_Exp7_ZFPtm1a_M14
lesion,axis2_+5deg,canvas_level0,0.18839699029922485,0.9821258187294006,20170713CH_Exp7_ZFPtm1a_M14
lesion,axis2_+5deg,output_logits,0.0862136036157608,0.9962767362594604,20170713CH_Exp7_ZFPtm1a_M14
lesion,axis2_+5deg,query_mask_embedding,0.008406218141317368,0.9999661445617676,20170713CH_Exp7_ZFPtm1a_M14
lesion,axis2_+10deg,input,0.09890694171190262,0.9952208995819092,20170713CH_Exp7_ZFPtm1a_M14
lesion,axis2_+10deg,encoder_level0,0.35047417879104614,0.9374033212661743,20170713CH_Exp7_ZFPtm1a_M14
lesion,axis2_+10deg,encoder_level1,0.22148962318897247,0.9751749634742737,20170713CH_Exp7_ZFPtm1a_M14
lesion,axis2_+10deg,encoder_level2,0.2535867989063263,0.9673137068748474,20170713CH_Exp7_ZFPtm1a_M14
lesion,axis2_+10deg,encoder_level3,0.20577138662338257,0.978601336479187,20170713CH_Exp7_ZFPtm1a_M14
lesion,axis2_+10deg,encoder_level4,0.1508372575044632,0.9887367486953735,20170713CH_Exp7_ZFPtm1a_M14
lesion,axis2_+10deg,canvas_level4,0.1508372575044632,0.9887367486953735,20170713CH_Exp7_ZFPtm1a_M14
lesion,axis2_+10deg,canvas_level3,0.29105281829833984,0.9567180275917053,20170713CH_Exp7_ZFPtm1a_M14
lesion,axis2_+10deg,canvas_level2,0.3241990804672241,0.9460737705230713,20170713CH_Exp7_ZFPtm1a_M14
lesion,axis2_+10deg,canvas_level1,0.23427532613277435,0.9721781015396118,20170713CH_Exp7_ZFPtm1a_M14
lesion,axis2_+10deg,canvas_level0,0.21476024389266968,0.9767043590545654,20170713CH_Exp7_ZFPtm1a_M14
lesion,axis2_+10deg,output_logits,0.10083536803722382,0.9949430227279663,20170713CH_Exp7_ZFPtm1a_M14
lesion,axis2_+10deg,query_mask_embedding,0.02165536768734455,0.9997786283493042,20170713CH_Exp7_ZFPtm1a_M14
lesion,axis2_+20deg,input,0.09776153415441513,0.9953398704528809,20170713CH_Exp7_ZFPtm1a_M14
lesion,axis2_+20deg,encoder_level0,0.41062480211257935,0.9121692180633545,20170713CH_Exp7_ZFPtm1a_M14
lesion,axis2_+20deg,encoder_level1,0.2840273082256317,0.9588191509246826,20170713CH_Exp7_ZFPtm1a_M14
lesion,axis2_+20deg,encoder_level2,0.32232803106307983,0.9466484785079956,20170713CH_Exp7_ZFPtm1a_M14
lesion,axis2_+20deg,encoder_level3,0.20926670730113983,0.9778586626052856,20170713CH_Exp7_ZFPtm1a_M14
lesion,axis2_+20deg,encoder_level4,0.2195175588130951,0.9756787419319153,20170713CH_Exp7_ZFPtm1a_M14
lesion,axis2_+20deg,canvas_level4,0.2195175588130951,0.9756787419319153,20170713CH_Exp7_ZFPtm1a_M14
lesion,axis2_+20deg,canvas_level3,0.3388811945915222,0.9410669207572937,20170713CH_Exp7_ZFPtm1a_M14
lesion,axis2_+20deg,canvas_level2,0.39989203214645386,0.9171491265296936,20170713CH_Exp7_ZFPtm1a_M14
lesion,axis2_+20deg,canvas_level1,0.3014693260192871,0.9535835385322571,20170713CH_Exp7_ZFPtm1a_M14
lesion,axis2_+20deg,canvas_level0,0.3022133409976959,0.9534522294998169,20170713CH_Exp7_ZFPtm1a_M14
lesion,axis2_+20deg,output_logits,0.1806958019733429,0.9837827682495117,20170713CH_Exp7_ZFPtm1a_M14
lesion,axis2_+20deg,query_mask_embedding,0.03619181737303734,0.9993881583213806,20170713CH_Exp7_ZFPtm1a_M14
lesion,axis2_+30deg,input,0.10011710226535797,0.9951074719429016,20170713CH_Exp7_ZFPtm1a_M14
lesion,axis2_+30deg,encoder_level0,0.4746687412261963,0.8801670074462891,20170713CH_Exp7_ZFPtm1a_M14
lesion,axis2_+30deg,encoder_level1,0.3440788686275482,0.9390416145324707,20170713CH_Exp7_ZFPtm1a_M14
lesion,axis2_+30deg,encoder_level2,0.3891960680484772,0.9213951826095581,20170713CH_Exp7_ZFPtm1a_M14
lesion,axis2_+30deg,encoder_level3,0.2402385175228119,0.9707145690917969,20170713CH_Exp7_ZFPtm1a_M14
lesion,axis2_+30deg,encoder_level4,0.2732663154602051,0.9619399309158325,20170713CH_Exp7_ZFPtm1a_M14
lesion,axis2_+30deg,canvas_level4,0.2732663154602051,0.9619399309158325,20170713CH_Exp7_ZFPtm1a_M14
lesion,axis2_+30deg,canvas_level3,0.38722798228263855,0.9228595495223999,20170713CH_Exp7_ZFPtm1a_M14
lesion,axis2_+30deg,canvas_level2,0.4713929295539856,0.8838557600975037,20170713CH_Exp7_ZFPtm1a_M14
lesion,axis2_+30deg,canvas_level1,0.3675585389137268,0.9304920434951782,20170713CH_Exp7_ZFPtm1a_M14
lesion,axis2_+30deg,canvas_level0,0.37453651428222656,0.9279634952545166,20170713CH_Exp7_ZFPtm1a_M14
lesion,axis2_+30deg,output_logits,0.23947429656982422,0.97117018699646,20170713CH_Exp7_ZFPtm1a_M14
lesion,axis2_+30deg,query_mask_embedding,0.033937469124794006,0.9994605779647827,20170713CH_Exp7_ZFPtm1a_M14
lesion,resampling_floor,input,1.8605161358209443e-06,1.0,20170713CH_Exp7_ZFPtm1a_M24
lesion,resampling_floor,encoder_level0,1.894368870125618e-05,1.0,20170713CH_Exp7_ZFPtm1a_M24
lesion,resampling_floor,encoder_level1,2.040867184405215e-05,0.9999999403953552,20170713CH_Exp7_ZFPtm1a_M24
lesion,resampling_floor,encoder_level2,2.3006887204246596e-05,1.0,20170713CH_Exp7_ZFPtm1a_M24
lesion,resampling_floor,encoder_level3,6.522754461002478e-07,1.0,20170713CH_Exp7_ZFPtm1a_M24
lesion,resampling_floor,encoder_level4,3.935701897717081e-06,1.0,20170713CH_Exp7_ZFPtm1a_M24
lesion,resampling_floor,canvas_level4,3.935701897717081e-06,1.0,20170713CH_Exp7_ZFPtm1a_M24
lesion,resampling_floor,canvas_level3,6.690490408800542e-05,0.9999999403953552,20170713CH_Exp7_ZFPtm1a_M24
lesion,resampling_floor,canvas_level2,0.00015851827629376203,0.9999998807907104,20170713CH_Exp7_ZFPtm1a_M24
lesion,resampling_floor,canvas_level1,0.00017087605374399573,1.0,20170713CH_Exp7_ZFPtm1a_M24
lesion,resampling_floor,canvas_level0,0.00022565788822248578,0.9999999403953552,20170713CH_Exp7_ZFPtm1a_M24
lesion,resampling_floor,output_logits,6.874890823382884e-05,1.0,20170713CH_Exp7_ZFPtm1a_M24
lesion,resampling_floor,query_mask_embedding,1.1876854841830209e-06,1.0,20170713CH_Exp7_ZFPtm1a_M24
lesion,axis0_+5deg,input,0.12952470779418945,0.9918431639671326,20170713CH_Exp7_ZFPtm1a_M24
lesion,axis0_+5deg,encoder_level0,0.39036333560943604,0.9217872619628906,20170713CH_Exp7_ZFPtm1a_M24
lesion,axis0_+5deg,encoder_level1,0.2565637528896332,0.96659255027771,20170713CH_Exp7_ZFPtm1a_M24
lesion,axis0_+5deg,encoder_level2,0.2782924771308899,0.9605073928833008,20170713CH_Exp7_ZFPtm1a_M24
lesion,axis0_+5deg,encoder_level3,0.24153651297092438,0.9703917503356934,20170713CH_Exp7_ZFPtm1a_M24
lesion,axis0_+5deg,encoder_level4,0.17398013174533844,0.9849885702133179,20170713CH_Exp7_ZFPtm1a_M24
lesion,axis0_+5deg,canvas_level4,0.17398013174533844,0.9849885702133179,20170713CH_Exp7_ZFPtm1a_M24
lesion,axis0_+5deg,canvas_level3,0.29994651675224304,0.9540814757347107,20170713CH_Exp7_ZFPtm1a_M24
lesion,axis0_+5deg,canvas_level2,0.31851473450660706,0.9479290843009949,20170713CH_Exp7_ZFPtm1a_M24
lesion,axis0_+5deg,canvas_level1,0.24492980539798737,0.9695547223091125,20170713CH_Exp7_ZFPtm1a_M24
lesion,axis0_+5deg,canvas_level0,0.20592100918293,0.9786187410354614,20170713CH_Exp7_ZFPtm1a_M24
lesion,axis0_+5deg,output_logits,0.07915300875902176,0.9968646764755249,20170713CH_Exp7_ZFPtm1a_M24
lesion,axis0_+5deg,query_mask_embedding,0.015898169949650764,0.999879002571106,20170713CH_Exp7_ZFPtm1a_M24
lesion,axis0_+10deg,input,0.1315644085407257,0.9915861487388611,20170713CH_Exp7_ZFPtm1a_M24
lesion,axis0_+10deg,encoder_level0,0.42135244607925415,0.9077304601669312,20170713CH_Exp7_ZFPtm1a_M24
lesion,axis0_+10deg,encoder_level1,0.2695069909095764,0.9630202054977417,20170713CH_Exp7_ZFPtm1a_M24
lesion,axis0_+10deg,encoder_level2,0.31871941685676575,0.9478870630264282,20170713CH_Exp7_ZFPtm1a_M24
lesion,axis0_+10deg,encoder_level3,0.2564867436885834,0.9665529131889343,20170713CH_Exp7_ZFPtm1a_M24
lesion,axis0_+10deg,encoder_level4,0.2530881464481354,0.967839241027832,20170713CH_Exp7_ZFPtm1a_M24
lesion,axis0_+10deg,canvas_level4,0.2530881464481354,0.967839241027832,20170713CH_Exp7_ZFPtm1a_M24
lesion,axis0_+10deg,canvas_level3,0.3537881672382355,0.9353280663490295,20170713CH_Exp7_ZFPtm1a_M24
lesion,axis0_+10deg,canvas_level2,0.3902367949485779,0.9211288094520569,20170713CH_Exp7_ZFPtm1a_M24
lesion,axis0_+10deg,canvas_level1,0.2916174829006195,0.9566408395767212,20170713CH_Exp7_ZFPtm1a_M24
lesion,axis0_+10deg,canvas_level0,0.24680307507514954,0.969234824180603,20170713CH_Exp7_ZFPtm1a_M24
lesion,axis0_+10deg,output_logits,0.09821273386478424,0.9951663613319397,20170713CH_Exp7_ZFPtm1a_M24
lesion,axis0_+10deg,query_mask_embedding,0.008846119046211243,0.9999608993530273,20170713CH_Exp7_ZFPtm1a_M24
lesion,axis0_+20deg,input,0.1326891928911209,0.9914587140083313,20170713CH_Exp7_ZFPtm1a_M24
lesion,axis0_+20deg,encoder_level0,0.4973081648349762,0.8676319718360901,20170713CH_Exp7_ZFPtm1a_M24
lesion,axis0_+20deg,encoder_level1,0.3406853675842285,0.9401954412460327,20170713CH_Exp7_ZFPtm1a_M24
lesion,axis0_+20deg,encoder_level2,0.38721975684165955,0.9223614931106567,20170713CH_Exp7_ZFPtm1a_M24
lesion,axis0_+20deg,encoder_level3,0.27926820516586304,0.9602262377738953,20170713CH_Exp7_ZFPtm1a_M24
lesion,axis0_+20deg,encoder_level4,0.348084419965744,0.9377056360244751,20170713CH_Exp7_ZFPtm1a_M24
lesion,axis0_+20deg,canvas_level4,0.348084419965744,0.9377056360244751,20170713CH_Exp7_ZFPtm1a_M24
lesion,axis0_+20deg,canvas_level3,0.4317827522754669,0.9024050235748291,20170713CH_Exp7_ZFPtm1a_M24
lesion,axis0_+20deg,canvas_level2,0.4851667881011963,0.8764452338218689,20170713CH_Exp7_ZFPtm1a_M24
lesion,axis0_+20deg,canvas_level1,0.37767353653907776,0.9263414144515991,20170713CH_Exp7_ZFPtm1a_M24
lesion,axis0_+20deg,canvas_level0,0.33524924516677856,0.9426774382591248,20170713CH_Exp7_ZFPtm1a_M24
lesion,axis0_+20deg,output_logits,0.18703126907348633,0.9824074506759644,20170713CH_Exp7_ZFPtm1a_M24
lesion,axis0_+20deg,query_mask_embedding,0.02456364594399929,0.9997124671936035,20170713CH_Exp7_ZFPtm1a_M24
lesion,axis0_+30deg,input,0.13603322207927704,0.9910258054733276,20170713CH_Exp7_ZFPtm1a_M24
lesion,axis0_+30deg,encoder_level0,0.5626703500747681,0.826981782913208,20170713CH_Exp7_ZFPtm1a_M24
lesion,axis0_+30deg,encoder_level1,0.4050981104373932,0.9145159721374512,20170713CH_Exp7_ZFPtm1a_M24
lesion,axis0_+30deg,encoder_level2,0.45817720890045166,0.8902357816696167,20170713CH_Exp7_ZFPtm1a_M24
lesion,axis0_+30deg,encoder_level3,0.30703893303871155,0.9517102837562561,20170713CH_Exp7_ZFPtm1a_M24
lesion,axis0_+30deg,encoder_level4,0.4361361265182495,0.8998816609382629,20170713CH_Exp7_ZFPtm1a_M24
lesion,axis0_+30deg,canvas_level4,0.4361361265182495,0.8998816609382629,20170713CH_Exp7_ZFPtm1a_M24
lesion,axis0_+30deg,canvas_level3,0.5149296522140503,0.8595379590988159,20170713CH_Exp7_ZFPtm1a_M24
lesion,axis0_+30deg,canvas_level2,0.5805414319038391,0.8199962973594666,20170713CH_Exp7_ZFPtm1a_M24
lesion,axis0_+30deg,canvas_level1,0.4659211337566376,0.8861798048019409,20170713CH_Exp7_ZFPtm1a_M24
lesion,axis0_+30deg,canvas_level0,0.40474751591682434,0.9157190918922424,20170713CH_Exp7_ZFPtm1a_M24
lesion,axis0_+30deg,output_logits,0.24789655208587646,0.9695088863372803,20170713CH_Exp7_ZFPtm1a_M24
lesion,axis0_+30deg,query_mask_embedding,0.07258918881416321,0.9975523948669434,20170713CH_Exp7_ZFPtm1a_M24
lesion,axis1_+5deg,input,0.12542283535003662,0.9923622608184814,20170713CH_Exp7_ZFPtm1a_M24
lesion,axis1_+5deg,encoder_level0,0.374845951795578,0.9277580380439758,20170713CH_Exp7_ZFPtm1a_M24
lesion,axis1_+5deg,encoder_level1,0.2435770034790039,0.9699215888977051,20170713CH_Exp7_ZFPtm1a_M24
lesion,axis1_+5deg,encoder_level2,0.27342501282691956,0.9619028568267822,20170713CH_Exp7_ZFPtm1a_M24
lesion,axis1_+5deg,encoder_level3,0.2208200842142105,0.9753146171569824,20170713CH_Exp7_ZFPtm1a_M24
lesion,axis1_+5deg,encoder_level4,0.1818321794271469,0.9836516976356506,20170713CH_Exp7_ZFPtm1a_M24
lesion,axis1_+5deg,canvas_level4,0.1818321794271469,0.9836516976356506,20170713CH_Exp7_ZFPtm1a_M24
lesion,axis1_+5deg,canvas_level3,0.27173805236816406,0.9624184966087341,20170713CH_Exp7_ZFPtm1a_M24
lesion,axis1_+5deg,canvas_level2,0.3011428117752075,0.9536104202270508,20170713CH_Exp7_ZFPtm1a_M24
lesion,axis1_+5deg,canvas_level1,0.22574739158153534,0.9742364287376404,20170713CH_Exp7_ZFPtm1a_M24
lesion,axis1_+5deg,canvas_level0,0.18172453343868256,0.983408510684967,20170713CH_Exp7_ZFPtm1a_M24
lesion,axis1_+5deg,output_logits,0.05813857913017273,0.9983087778091431,20170713CH_Exp7_ZFPtm1a_M24
lesion,axis1_+5deg,query_mask_embedding,0.018137523904442787,0.9998418688774109,20170713CH_Exp7_ZFPtm1a_M24
lesion,axis1_+10deg,input,0.12529480457305908,0.99238520860672,20170713CH_Exp7_ZFPtm1a_M24
lesion,axis1_+10deg,encoder_level0,0.40422487258911133,0.9149701595306396,20170713CH_Exp7_ZFPtm1a_M24
lesion,axis1_+10deg,encoder_level1,0.26673781871795654,0.9637763500213623,20170713CH_Exp7_ZFPtm1a_M24
lesion,axis1_+10deg,encoder_level2,0.31683972477912903,0.9485007524490356,20170713CH_Exp7_ZFPtm1a_M24
lesion,axis1_+10deg,encoder_level3,0.23600327968597412,0.9717523455619812,20170713CH_Exp7_ZFPtm1a_M24
lesion,axis1_+10deg,encoder_level4,0.25945937633514404,0.9663015007972717,20170713CH_Exp7_ZFPtm1a_M24
lesion,axis1_+10deg,canvas_level4,0.25945937633514404,0.9663015007972717,20170713CH_Exp7_ZFPtm1a_M24
lesion,axis1_+10deg,canvas_level3,0.3167406916618347,0.9485127925872803,20170713CH_Exp7_ZFPtm1a_M24
lesion,axis1_+10deg,canvas_level2,0.35622525215148926,0.9345824718475342,20170713CH_Exp7_ZFPtm1a_M24
lesion,axis1_+10deg,canvas_level1,0.2647760510444641,0.9643842577934265,20170713CH_Exp7_ZFPtm1a_M24
lesion,axis1_+10deg,canvas_level0,0.2230883538722992,0.9749010801315308,20170713CH_Exp7_ZFPtm1a_M24
lesion,axis1_+10deg,output_logits,0.08739057928323746,0.996182382106781,20170713CH_Exp7_ZFPtm1a_M24
lesion,axis1_+10deg,query_mask_embedding,0.016191592440009117,0.9998742341995239,20170713CH_Exp7_ZFPtm1a_M24
lesion,axis1_+20deg,input,0.12687280774116516,0.9921984672546387,20170713CH_Exp7_ZFPtm1a_M24
lesion,axis1_+20deg,encoder_level0,0.4894375801086426,0.8721940517425537,20170713CH_Exp7_ZFPtm1a_M24
lesion,axis1_+20deg,encoder_level1,0.3459959626197815,0.9383100271224976,20170713CH_Exp7_ZFPtm1a_M24
lesion,axis1_+20deg,encoder_level2,0.4104365408420563,0.9124667644500732,20170713CH_Exp7_ZFPtm1a_M24
lesion,axis1_+20deg,encoder_level3,0.2862529754638672,0.95815509557724,20170713CH_Exp7_ZFPtm1a_M24
lesion,axis1_+20deg,encoder_level4,0.36610978841781616,0.9307811856269836,20170713CH_Exp7_ZFPtm1a_M24
lesion,axis1_+20deg,canvas_level4,0.36610978841781616,0.9307811856269836,20170713CH_Exp7_ZFPtm1a_M24
lesion,axis1_+20deg,canvas_level3,0.4034024775028229,0.9152386784553528,20170713CH_Exp7_ZFPtm1a_M24
lesion,axis1_+20deg,canvas_level2,0.4548880457878113,0.891681432723999,20170713CH_Exp7_ZFPtm1a_M24
lesion,axis1_+20deg,canvas_level1,0.35113611817359924,0.9365924596786499,20170713CH_Exp7_ZFPtm1a_M24
lesion,axis1_+20deg,canvas_level0,0.31930622458457947,0.9479978680610657,20170713CH_Exp7_ZFPtm1a_M24
lesion,axis1_+20deg,output_logits,0.18397505581378937,0.9830511808395386,20170713CH_Exp7_ZFPtm1a_M24
lesion,axis1_+20deg,query_mask_embedding,0.03034452721476555,0.9995613098144531,20170713CH_Exp7_ZFPtm1a_M24
lesion,axis1_+30deg,input,0.13036370277404785,0.9917590618133545,20170713CH_Exp7_ZFPtm1a_M24
lesion,axis1_+30deg,encoder_level0,0.5589168071746826,0.831098198890686,20170713CH_Exp7_ZFPtm1a_M24
lesion,axis1_+30deg,encoder_level1,0.4159242808818817,0.9098836183547974,20170713CH_Exp7_ZFPtm1a_M24
lesion,axis1_+30deg,encoder_level2,0.4905487895011902,0.873763382434845,20170713CH_Exp7_ZFPtm1a_M24
lesion,axis1_+30deg,encoder_level3,0.3345298767089844,0.9424010515213013,20170713CH_Exp7_ZFPtm1a_M24
lesion,axis1_+30deg,encoder_level4,0.4586796164512634,0.8886326551437378,20170713CH_Exp7_ZFPtm1a_M24
lesion,axis1_+30deg,canvas_level4,0.4586796164512634,0.8886326551437378,20170713CH_Exp7_ZFPtm1a_M24
lesion,axis1_+30deg,canvas_level3,0.4828990399837494,0.8769916892051697,20170713CH_Exp7_ZFPtm1a_M24
lesion,axis1_+30deg,canvas_level2,0.540107011795044,0.8452551364898682,20170713CH_Exp7_ZFPtm1a_M24
lesion,axis1_+30deg,canvas_level1,0.42664456367492676,0.9052950143814087,20170713CH_Exp7_ZFPtm1a_M24
lesion,axis1_+30deg,canvas_level0,0.39523717761039734,0.9194947481155396,20170713CH_Exp7_ZFPtm1a_M24
lesion,axis1_+30deg,output_logits,0.25181910395622253,0.9681744575500488,20170713CH_Exp7_ZFPtm1a_M24
lesion,axis1_+30deg,query_mask_embedding,0.05347369983792305,0.9986523389816284,20170713CH_Exp7_ZFPtm1a_M24
lesion,axis2_+5deg,input,0.10290184617042542,0.9948306083679199,20170713CH_Exp7_ZFPtm1a_M24
lesion,axis2_+5deg,encoder_level0,0.33226606249809265,0.9440658688545227,20170713CH_Exp7_ZFPtm1a_M24
lesion,axis2_+5deg,encoder_level1,0.20631085336208344,0.9785224199295044,20170713CH_Exp7_ZFPtm1a_M24
lesion,axis2_+5deg,encoder_level2,0.2380446493625641,0.9712804555892944,20170713CH_Exp7_ZFPtm1a_M24
lesion,axis2_+5deg,encoder_level3,0.195804163813591,0.980644702911377,20170713CH_Exp7_ZFPtm1a_M24
lesion,axis2_+5deg,encoder_level4,0.11044416576623917,0.9939618706703186,20170713CH_Exp7_ZFPtm1a_M24
lesion,axis2_+5deg,canvas_level4,0.11044416576623917,0.9939618706703186,20170713CH_Exp7_ZFPtm1a_M24
lesion,axis2_+5deg,canvas_level3,0.239826500415802,0.9708552956581116,20170713CH_Exp7_ZFPtm1a_M24
lesion,axis2_+5deg,canvas_level2,0.2801620662212372,0.9599533081054688,20170713CH_Exp7_ZFPtm1a_M24
lesion,axis2_+5deg,canvas_level1,0.20706838369369507,0.9783312082290649,20170713CH_Exp7_ZFPtm1a_M24
lesion,axis2_+5deg,canvas_level0,0.191651850938797,0.9815046787261963,20170713CH_Exp7_ZFPtm1a_M24
lesion,axis2_+5deg,output_logits,0.08727332204580307,0.9961844086647034,20170713CH_Exp7_ZFPtm1a_M24
lesion,axis2_+5deg,query_mask_embedding,0.009601746685802937,0.999955415725708,20170713CH_Exp7_ZFPtm1a_M24
lesion,axis2_+10deg,input,0.10208933800458908,0.9949161410331726,20170713CH_Exp7_ZFPtm1a_M24
lesion,axis2_+10deg,encoder_level0,0.34775808453559875,0.9383823871612549,20170713CH_Exp7_ZFPtm1a_M24
lesion,axis2_+10deg,encoder_level1,0.22126635909080505,0.975227952003479,20170713CH_Exp7_ZFPtm1a_M24
lesion,axis2_+10deg,encoder_level2,0.2554488480091095,0.9668238162994385,20170713CH_Exp7_ZFPtm1a_M24
lesion,axis2_+10deg,encoder_level3,0.2157256305217743,0.9764546155929565,20170713CH_Exp7_ZFPtm1a_M24
lesion,axis2_+10deg,encoder_level4,0.15605159103870392,0.9879051446914673,20170713CH_Exp7_ZFPtm1a_M24
lesion,axis2_+10deg,canvas_level4,0.15605159103870392,0.9879051446914673,20170713CH_Exp7_ZFPtm1a_M24
lesion,axis2_+10deg,canvas_level3,0.27594226598739624,0.9611742496490479,20170713CH_Exp7_ZFPtm1a_M24
lesion,axis2_+10deg,canvas_level2,0.31456848978996277,0.9492881894111633,20170713CH_Exp7_ZFPtm1a_M24
lesion,axis2_+10deg,canvas_level1,0.23096007108688354,0.9729701280593872,20170713CH_Exp7_ZFPtm1a_M24
lesion,axis2_+10deg,canvas_level0,0.21511146426200867,0.9766324758529663,20170713CH_Exp7_ZFPtm1a_M24
lesion,axis2_+10deg,output_logits,0.0997815877199173,0.9950363636016846,20170713CH_Exp7_ZFPtm1a_M24
lesion,axis2_+10deg,query_mask_embedding,0.01728241518139839,0.9998559951782227,20170713CH_Exp7_ZFPtm1a_M24
lesion,axis2_+20deg,input,0.1007256954908371,0.9950606822967529,20170713CH_Exp7_ZFPtm1a_M24
lesion,axis2_+20deg,encoder_level0,0.40824630856513977,0.9131990075111389,20170713CH_Exp7_ZFPtm1a_M24
lesion,axis2_+20deg,encoder_level1,0.2841678857803345,0.9587761163711548,20170713CH_Exp7_ZFPtm1a_M24
lesion,axis2_+20deg,encoder_level2,0.3256261348724365,0.945521891117096,20170713CH_Exp7_ZFPtm1a_M24
lesion,axis2_+20deg,encoder_level3,0.22003203630447388,0.9754927754402161,20170713CH_Exp7_ZFPtm1a_M24
lesion,axis2_+20deg,encoder_level4,0.22460874915122986,0.9744876027107239,20170713CH_Exp7_ZFPtm1a_M24
lesion,axis2_+20deg,canvas_level4,0.22460874915122986,0.9744876027107239,20170713CH_Exp7_ZFPtm1a_M24
lesion,axis2_+20deg,canvas_level3,0.3236694931983948,0.946276068687439,20170713CH_Exp7_ZFPtm1a_M24
lesion,axis2_+20deg,canvas_level2,0.3940933048725128,0.9195899963378906,20170713CH_Exp7_ZFPtm1a_M24
lesion,axis2_+20deg,canvas_level1,0.30378517508506775,0.9528758525848389,20170713CH_Exp7_ZFPtm1a_M24
lesion,axis2_+20deg,canvas_level0,0.3076395094394684,0.9517767429351807,20170713CH_Exp7_ZFPtm1a_M24
lesion,axis2_+20deg,output_logits,0.18023154139518738,0.9837336540222168,20170713CH_Exp7_ZFPtm1a_M24
lesion,axis2_+20deg,query_mask_embedding,0.02220969647169113,0.9997624754905701,20170713CH_Exp7_ZFPtm1a_M24
lesion,axis2_+30deg,input,0.10358300060033798,0.9947709441184998,20170713CH_Exp7_ZFPtm1a_M24
lesion,axis2_+30deg,encoder_level0,0.4719463586807251,0.8816275000572205,20170713CH_Exp7_ZFPtm1a_M24
lesion,axis2_+30deg,encoder_level1,0.3444461524486542,0.9389015436172485,20170713CH_Exp7_ZFPtm1a_M24
lesion,axis2_+30deg,encoder_level2,0.3933326303958893,0.9196567535400391,20170713CH_Exp7_ZFPtm1a_M24
lesion,axis2_+30deg,encoder_level3,0.25129833817481995,0.9679105877876282,20170713CH_Exp7_ZFPtm1a_M24
lesion,axis2_+30deg,encoder_level4,0.2802254855632782,0.9599431753158569,20170713CH_Exp7_ZFPtm1a_M24
lesion,axis2_+30deg,canvas_level4,0.2802254855632782,0.9599431753158569,20170713CH_Exp7_ZFPtm1a_M24
lesion,axis2_+30deg,canvas_level3,0.3698800206184387,0.9295549988746643,20170713CH_Exp7_ZFPtm1a_M24
lesion,axis2_+30deg,canvas_level2,0.4609507918357849,0.8889937400817871,20170713CH_Exp7_ZFPtm1a_M24
lesion,axis2_+30deg,canvas_level1,0.3662053048610687,0.9310474991798401,20170713CH_Exp7_ZFPtm1a_M24
lesion,axis2_+30deg,canvas_level0,0.380389541387558,0.925727367401123,20170713CH_Exp7_ZFPtm1a_M24
lesion,axis2_+30deg,output_logits,0.23927730321884155,0.9711659550666809,20170713CH_Exp7_ZFPtm1a_M24
lesion,axis2_+30deg,query_mask_embedding,0.03123960830271244,0.9995323419570923,20170713CH_Exp7_ZFPtm1a_M24
lesion,resampling_floor,input,1.7110121461882954e-06,1.0,20170714CH_Exp7_ZFPtm1a_M28
lesion,resampling_floor,encoder_level0,1.8536140487412922e-05,1.0,20170714CH_Exp7_ZFPtm1a_M28
lesion,resampling_floor,encoder_level1,1.9285173038952053e-05,1.0,20170714CH_Exp7_ZFPtm1a_M28
lesion,resampling_floor,encoder_level2,2.1909811039222404e-05,1.0,20170714CH_Exp7_ZFPtm1a_M28
lesion,resampling_floor,encoder_level3,5.720484637095069e-07,1.0,20170714CH_Exp7_ZFPtm1a_M28
lesion,resampling_floor,encoder_level4,4.752387212647591e-06,1.0,20170714CH_Exp7_ZFPtm1a_M28
lesion,resampling_floor,canvas_level4,4.752387212647591e-06,1.0,20170714CH_Exp7_ZFPtm1a_M28
lesion,resampling_floor,canvas_level3,7.245479355333373e-05,1.0,20170714CH_Exp7_ZFPtm1a_M28
lesion,resampling_floor,canvas_level2,0.00015970048843882978,1.0,20170714CH_Exp7_ZFPtm1a_M28
lesion,resampling_floor,canvas_level1,0.000169203442055732,1.0,20170714CH_Exp7_ZFPtm1a_M28
lesion,resampling_floor,canvas_level0,0.00022559057106263936,1.0,20170714CH_Exp7_ZFPtm1a_M28
lesion,resampling_floor,output_logits,6.826539902249351e-05,1.0,20170714CH_Exp7_ZFPtm1a_M28
lesion,resampling_floor,query_mask_embedding,2.420646069367649e-06,1.0,20170714CH_Exp7_ZFPtm1a_M28
lesion,axis0_+5deg,input,0.12167137116193771,0.9927820563316345,20170714CH_Exp7_ZFPtm1a_M28
lesion,axis0_+5deg,encoder_level0,0.39216044545173645,0.9208868741989136,20170714CH_Exp7_ZFPtm1a_M28
lesion,axis0_+5deg,encoder_level1,0.2507510185241699,0.9681211709976196,20170714CH_Exp7_ZFPtm1a_M28
lesion,axis0_+5deg,encoder_level2,0.2743527293205261,0.961638867855072,20170714CH_Exp7_ZFPtm1a_M28
lesion,axis0_+5deg,encoder_level3,0.2264895737171173,0.9740136861801147,20170714CH_Exp7_ZFPtm1a_M28
lesion,axis0_+5deg,encoder_level4,0.16740000247955322,0.9861183166503906,20170714CH_Exp7_ZFPtm1a_M28
lesion,axis0_+5deg,canvas_level4,0.16740000247955322,0.9861183166503906,20170714CH_Exp7_ZFPtm1a_M28
lesion,axis0_+5deg,canvas_level3,0.30730271339416504,0.9516755938529968,20170714CH_Exp7_ZFPtm1a_M28
lesion,axis0_+5deg,canvas_level2,0.3214033544063568,0.9469560384750366,20170714CH_Exp7_ZFPtm1a_M28
lesion,axis0_+5deg,canvas_level1,0.24208633601665497,0.9702660441398621,20170714CH_Exp7_ZFPtm1a_M28
lesion,axis0_+5deg,canvas_level0,0.20103687047958374,0.9796348810195923,20170714CH_Exp7_ZFPtm1a_M28
lesion,axis0_+5deg,output_logits,0.07957878708839417,0.9968736171722412,20170714CH_Exp7_ZFPtm1a_M28
lesion,axis0_+5deg,query_mask_embedding,0.047696374356746674,0.9988975524902344,20170714CH_Exp7_ZFPtm1a_M28
lesion,axis0_+10deg,input,0.12363392859697342,0.9925537109375,20170714CH_Exp7_ZFPtm1a_M28
lesion,axis0_+10deg,encoder_level0,0.4209110140800476,0.9079330563545227,20170714CH_Exp7_ZFPtm1a_M28
lesion,axis0_+10deg,encoder_level1,0.2605193257331848,0.9654991626739502,20170714CH_Exp7_ZFPtm1a_M28
lesion,axis0_+10deg,encoder_level2,0.3158782124519348,0.9488379955291748,20170714CH_Exp7_ZFPtm1a_M28
lesion,axis0_+10deg,encoder_level3,0.24101419746875763,0.9705253839492798,20170714CH_Exp7_ZFPtm1a_M28
lesion,axis0_+10deg,encoder_level4,0.24910025298595428,0.9690532684326172,20170714CH_Exp7_ZFPtm1a_M28
lesion,axis0_+10deg,canvas_level4,0.24910025298595428,0.9690532684326172,20170714CH_Exp7_ZFPtm1a_M28
lesion,axis0_+10deg,canvas_level3,0.36450687050819397,0.9312666058540344,20170714CH_Exp7_ZFPtm1a_M28
lesion,axis0_+10deg,canvas_level2,0.3983980119228363,0.9177306890487671,20170714CH_Exp7_ZFPtm1a_M28
lesion,axis0_+10deg,canvas_level1,0.29434430599212646,0.9558013677597046,20170714CH_Exp7_ZFPtm1a_M28
lesion,axis0_+10deg,canvas_level0,0.24541179835796356,0.9695897102355957,20170714CH_Exp7_ZFPtm1a_M28
lesion,axis0_+10deg,output_logits,0.10189483314752579,0.9948411583900452,20170714CH_Exp7_ZFPtm1a_M28
lesion,axis0_+10deg,query_mask_embedding,0.037827879190444946,0.9993197917938232,20170714CH_Exp7_ZFPtm1a_M28
lesion,axis0_+20deg,input,0.12483219802379608,0.9924191236495972,20170714CH_Exp7_ZFPtm1a_M28
lesion,axis0_+20deg,encoder_level0,0.4977792799472809,0.8673556447029114,20170714CH_Exp7_ZFPtm1a_M28
lesion,axis0_+20deg,encoder_level1,0.3328906297683716,0.9429752826690674,20170714CH_Exp7_ZFPtm1a_M28
lesion,axis0_+20deg,encoder_level2,0.38415196537971497,0.9236539602279663,20170714CH_Exp7_ZFPtm1a_M28
lesion,axis0_+20deg,encoder_level3,0.2623720169067383,0.964974582195282,20170714CH_Exp7_ZFPtm1a_M28
lesion,axis0_+20deg,encoder_level4,0.3392317593097687,0.9410787224769592,20170714CH_Exp7_ZFPtm1a_M28
lesion,axis0_+20deg,canvas_level4,0.3392317593097687,0.9410787224769592,20170714CH_Exp7_ZFPtm1a_M28
lesion,axis0_+20deg,canvas_level3,0.4486805498600006,0.8945774435997009,20170714CH_Exp7_ZFPtm1a_M28
lesion,axis0_+20deg,canvas_level2,0.4937449097633362,0.8719514608383179,20170714CH_Exp7_ZFPtm1a_M28
lesion,axis0_+20deg,canvas_level1,0.3766804039478302,0.9267321228981018,20170714CH_Exp7_ZFPtm1a_M28
lesion,axis0_+20deg,canvas_level0,0.3293679356575012,0.9447023272514343,20170714CH_Exp7_ZFPtm1a_M28
lesion,axis0_+20deg,output_logits,0.18578922748565674,0.9827914237976074,20170714CH_Exp7_ZFPtm1a_M28
lesion,axis0_+20deg,query_mask_embedding,0.052920375019311905,0.9986780285835266,20170714CH_Exp7_ZFPtm1a_M28
lesion,axis0_+30deg,input,0.12838979065418243,0.9919829368591309,20170714CH_Exp7_ZFPtm1a_M28
lesion,axis0_+30deg,encoder_level0,0.5658484697341919,0.8248575925827026,20170714CH_Exp7_ZFPtm1a_M28
lesion,axis0_+30deg,encoder_level1,0.3980792164802551,0.9175558090209961,20170714CH_Exp7_ZFPtm1a_M28
lesion,axis0_+30deg,encoder_level2,0.4539144039154053,0.8923805356025696,20170714CH_Exp7_ZFPtm1a_M28
lesion,axis0_+30deg,encoder_level3,0.288512647151947,0.9574810266494751,20170714CH_Exp7_ZFPtm1a_M28
lesion,axis0_+30deg,encoder_level4,0.4272982180118561,0.9041229486465454,20170714CH_Exp7_ZFPtm1a_M28
lesion,axis0_+30deg,canvas_level4,0.4272982180118561,0.9041229486465454,20170714CH_Exp7_ZFPtm1a_M28
lesion,axis0_+30deg,canvas_level3,0.538048505783081,0.8464113473892212,20170714CH_Exp7_ZFPtm1a_M28
lesion,axis0_+30deg,canvas_level2,0.5881211757659912,0.8149483799934387,20170714CH_Exp7_ZFPtm1a_M28
lesion,axis0_+30deg,canvas_level1,0.459267258644104,0.8895087242126465,20170714CH_Exp7_ZFPtm1a_M28
lesion,axis0_+30deg,canvas_level0,0.3978758752346039,0.918671727180481,20170714CH_Exp7_ZFPtm1a_M28
lesion,axis0_+30deg,output_logits,0.24752573668956757,0.9699970483779907,20170714CH_Exp7_ZFPtm1a_M28
lesion,axis0_+30deg,query_mask_embedding,0.10231583565473557,0.9951142072677612,20170714CH_Exp7_ZFPtm1a_M28
lesion,axis1_+5deg,input,0.11794259399175644,0.9932332038879395,20170714CH_Exp7_ZFPtm1a_M28
lesion,axis1_+5deg,encoder_level0,0.37285345792770386,0.928499698638916,20170714CH_Exp7_ZFPtm1a_M28
lesion,axis1_+5deg,encoder_level1,0.23378191888332367,0.9723377227783203,20170714CH_Exp7_ZFPtm1a_M28
lesion,axis1_+5deg,encoder_level2,0.2654370963573456,0.9641377925872803,20170714CH_Exp7_ZFPtm1a_M28
lesion,axis1_+5deg,encoder_level3,0.20181582868099213,0.9794241786003113,20170714CH_Exp7_ZFPtm1a_M28
lesion,axis1_+5deg,encoder_level4,0.16504691541194916,0.9865726232528687,20170714CH_Exp7_ZFPtm1a_M28
lesion,axis1_+5deg,canvas_level4,0.16504691541194916,0.9865726232528687,20170714CH_Exp7_ZFPtm1a_M28
lesion,axis1_+5deg,canvas_level3,0.2693770229816437,0.9630654454231262,20170714CH_Exp7_ZFPtm1a_M28
lesion,axis1_+5deg,canvas_level2,0.2944977879524231,0.9556717872619629,20170714CH_Exp7_ZFPtm1a_M28
lesion,axis1_+5deg,canvas_level1,0.21629031002521515,0.9763614535331726,20170714CH_Exp7_ZFPtm1a_M28
lesion,axis1_+5deg,canvas_level0,0.1735324263572693,0.9848672747612,20170714CH_Exp7_ZFPtm1a_M28
lesion,axis1_+5deg,output_logits,0.05463641509413719,0.9985110759735107,20170714CH_Exp7_ZFPtm1a_M28
lesion,axis1_+5deg,query_mask_embedding,0.0255687665194273,0.9996812343597412,20170714CH_Exp7_ZFPtm1a_M28
lesion,axis1_+10deg,input,0.11808888614177704,0.9932231903076172,20170714CH_Exp7_ZFPtm1a_M28
lesion,axis1_+10deg,encoder_level0,0.40339067578315735,0.9153102040290833,20170714CH_Exp7_ZFPtm1a_M28
lesion,axis1_+10deg,encoder_level1,0.2585112750530243,0.9660181999206543,20170714CH_Exp7_ZFPtm1a_M28
lesion,axis1_+10deg,encoder_level2,0.31111010909080505,0.9503946304321289,20170714CH_Exp7_ZFPtm1a_M28
lesion,axis1_+10deg,encoder_level3,0.21858316659927368,0.975818395614624,20170714CH_Exp7_ZFPtm1a_M28
lesion,axis1_+10deg,encoder_level4,0.25108951330184937,0.9684047698974609,20170714CH_Exp7_ZFPtm1a_M28
lesion,axis1_+10deg,canvas_level4,0.25108951330184937,0.9684047698974609,20170714CH_Exp7_ZFPtm1a_M28
lesion,axis1_+10deg,canvas_level3,0.3225666880607605,0.9465500712394714,20170714CH_Exp7_ZFPtm1a_M28
lesion,axis1_+10deg,canvas_level2,0.35532093048095703,0.9349113702774048,20170714CH_Exp7_ZFPtm1a_M28
lesion,axis1_+10deg,canvas_level1,0.2570919096469879,0.9664523601531982,20170714CH_Exp7_ZFPtm1a_M28
lesion,axis1_+10deg,canvas_level0,0.21438898146152496,0.9768166542053223,20170714CH_Exp7_ZFPtm1a_M28
lesion,axis1_+10deg,output_logits,0.08568353205919266,0.996372401714325,20170714CH_Exp7_ZFPtm1a_M28
lesion,axis1_+10deg,query_mask_embedding,0.03845347836613655,0.999282717704773,20170714CH_Exp7_ZFPtm1a_M28
lesion,axis1_+20deg,input,0.1194404885172844,0.9930753111839294,20170714CH_Exp7_ZFPtm1a_M28
lesion,axis1_+20deg,encoder_level0,0.49022409319877625,0.8717830777168274,20170714CH_Exp7_ZFPtm1a_M28
lesion,axis1_+20deg,encoder_level1,0.3399663269519806,0.9405012726783752,20170714CH_Exp7_ZFPtm1a_M28
lesion,axis1_+20deg,encoder_level2,0.40429407358169556,0.9151609539985657,20170714CH_Exp7_ZFPtm1a_M28
lesion,axis1_+20deg,encoder_level3,0.2665090560913086,0.9638327956199646,20170714CH_Exp7_ZFPtm1a_M28
lesion,axis1_+20deg,encoder_level4,0.3597949743270874,0.9332354664802551,20170714CH_Exp7_ZFPtm1a_M28
lesion,axis1_+20deg,canvas_level4,0.3597949743270874,0.9332354664802551,20170714CH_Exp7_ZFPtm1a_M28
lesion,axis1_+20deg,canvas_level3,0.41487056016921997,0.9103388786315918,20170714CH_Exp7_ZFPtm1a_M28
lesion,axis1_+20deg,canvas_level2,0.45459282398223877,0.8919962644577026,20170714CH_Exp7_ZFPtm1a_M28
lesion,axis1_+20deg,canvas_level1,0.3435666263103485,0.9394000768661499,20170714CH_Exp7_ZFPtm1a_M28
lesion,axis1_+20deg,canvas_level0,0.3091096878051758,0.9512584209442139,20170714CH_Exp7_ZFPtm1a_M28
lesion,axis1_+20deg,output_logits,0.18043935298919678,0.9838285446166992,20170714CH_Exp7_ZFPtm1a_M28
lesion,axis1_+20deg,query_mask_embedding,0.05000700801610947,0.998799204826355,20170714CH_Exp7_ZFPtm1a_M28
lesion,axis1_+30deg,input,0.12251608818769455,0.9927122592926025,20170714CH_Exp7_ZFPtm1a_M28
lesion,axis1_+30deg,encoder_level0,0.5596444010734558,0.8307408690452576,20170714CH_Exp7_ZFPtm1a_M28
lesion,axis1_+30deg,encoder_level1,0.41035890579223633,0.9123733043670654,20170714CH_Exp7_ZFPtm1a_M28
lesion,axis1_+30deg,encoder_level2,0.48382848501205444,0.8773168921470642,20170714CH_Exp7_ZFPtm1a_M28
lesion,axis1_+30deg,encoder_level3,0.31625449657440186,0.9486820697784424,20170714CH_Exp7_ZFPtm1a_M28
lesion,axis1_+30deg,encoder_level4,0.4525664448738098,0.8917351961135864,20170714CH_Exp7_ZFPtm1a_M28
lesion,axis1_+30deg,canvas_level4,0.4525664448738098,0.8917351961135864,20170714CH_Exp7_ZFPtm1a_M28
lesion,axis1_+30deg,canvas_level3,0.49972835183143616,0.8684174418449402,20170714CH_Exp7_ZFPtm1a_M28
lesion,axis1_+30deg,canvas_level2,0.5455260872840881,0.8423340320587158,20170714CH_Exp7_ZFPtm1a_M28
lesion,axis1_+30deg,canvas_level1,0.42524638772010803,0.9060678482055664,20170714CH_Exp7_ZFPtm1a_M28
lesion,axis1_+30deg,canvas_level0,0.3891671597957611,0.9219263792037964,20170714CH_Exp7_ZFPtm1a_M28
lesion,axis1_+30deg,output_logits,0.24671097099781036,0.9693461656570435,20170714CH_Exp7_ZFPtm1a_M28
lesion,axis1_+30deg,query_mask_embedding,0.049789246171712875,0.9988146424293518,20170714CH_Exp7_ZFPtm1a_M28
lesion,axis2_+5deg,input,0.09528030455112457,0.9955610036849976,20170714CH_Exp7_ZFPtm1a_M28
lesion,axis2_+5deg,encoder_level0,0.3295278549194336,0.9449784159660339,20170714CH_Exp7_ZFPtm1a_M28
lesion,axis2_+5deg,encoder_level1,0.20063890516757965,0.9797078967094421,20170714CH_Exp7_ZFPtm1a_M28
lesion,axis2_+5deg,encoder_level2,0.23370881378650665,0.9723339080810547,20170714CH_Exp7_ZFPtm1a_M28
lesion,axis2_+5deg,encoder_level3,0.18319401144981384,0.9830774068832397,20170714CH_Exp7_ZFPtm1a_M28
lesion,axis2_+5deg,encoder_level4,0.1141212061047554,0.9935375452041626,20170714CH_Exp7_ZFPtm1a_M28
lesion,axis2_+5deg,canvas_level4,0.1141212061047554,0.9935375452041626,20170714CH_Exp7_ZFPtm1a_M28
lesion,axis2_+5deg,canvas_level3,0.24788923561573029,0.9688012599945068,20170714CH_Exp7_ZFPtm1a_M28
lesion,axis2_+5deg,canvas_level2,0.2822566628456116,0.9593410491943359,20170714CH_Exp7_ZFPtm1a_M28
lesion,axis2_+5deg,canvas_level1,0.2042379379272461,0.9789246916770935,20170714CH_Exp7_ZFPtm1a_M28
lesion,axis2_+5deg,canvas_level0,0.18581974506378174,0.9826146960258484,20170714CH_Exp7_ZFPtm1a_M28
lesion,axis2_+5deg,output_logits,0.0867951288819313,0.99622642993927,20170714CH_Exp7_ZFPtm1a_M28
lesion,axis2_+5deg,query_mask_embedding,0.017840972170233727,0.9998432993888855,20170714CH_Exp7_ZFPtm1a_M28
lesion,axis2_+10deg,input,0.09447313845157623,0.9956376552581787,20170714CH_Exp7_ZFPtm1a_M28
lesion,axis2_+10deg,encoder_level0,0.3447832763195038,0.9394393563270569,20170714CH_Exp7_ZFPtm1a_M28
lesion,axis2_+10deg,encoder_level1,0.21715807914733887,0.9761534929275513,20170714CH_Exp7_ZFPtm1a_M28
lesion,axis2_+10deg,encoder_level2,0.2521592080593109,0.9676873087882996,20170714CH_Exp7_ZFPtm1a_M28
lesion,axis2_+10deg,encoder_level3,0.20356035232543945,0.9790633916854858,20170714CH_Exp7_ZFPtm1a_M28
lesion,axis2_+10deg,encoder_level4,0.15849173069000244,0.9875208139419556,20170714CH_Exp7_ZFPtm1a_M28
lesion,axis2_+10deg,canvas_level4,0.15849173069000244,0.9875208139419556,20170714CH_Exp7_ZFPtm1a_M28
lesion,axis2_+10deg,canvas_level3,0.2942723333835602,0.9557422995567322,20170714CH_Exp7_ZFPtm1a_M28
lesion,axis2_+10deg,canvas_level2,0.32161566615104675,0.9469460844993591,20170714CH_Exp7_ZFPtm1a_M28
lesion,axis2_+10deg,canvas_level1,0.2314206063747406,0.9728614687919617,20170714CH_Exp7_ZFPtm1a_M28
lesion,axis2_+10deg,canvas_level0,0.21239136159420013,0.97721928358078,20170714CH_Exp7_ZFPtm1a_M28
lesion,axis2_+10deg,output_logits,0.09973124414682388,0.9950371384620667,20170714CH_Exp7_ZFPtm1a_M28
lesion,axis2_+10deg,query_mask_embedding,0.023109378293156624,0.9997386932373047,20170714CH_Exp7_ZFPtm1a_M28
lesion,axis2_+20deg,input,0.0932905450463295,0.9957537651062012,20170714CH_Exp7_ZFPtm1a_M28
lesion,axis2_+20deg,encoder_level0,0.405928373336792,0.914215087890625,20170714CH_Exp7_ZFPtm1a_M28
lesion,axis2_+20deg,encoder_level1,0.2808290719985962,0.9597591161727905,20170714CH_Exp7_ZFPtm1a_M28
lesion,axis2_+20deg,encoder_level2,0.3220941424369812,0.9467304944992065,20170714CH_Exp7_ZFPtm1a_M28
lesion,axis2_+20deg,encoder_level3,0.20730866491794586,0.9782755374908447,20170714CH_Exp7_ZFPtm1a_M28
lesion,axis2_+20deg,encoder_level4,0.2287808209657669,0.9735347032546997,20170714CH_Exp7_ZFPtm1a_M28
lesion,axis2_+20deg,canvas_level4,0.2287808209657669,0.9735347032546997,20170714CH_Exp7_ZFPtm1a_M28
lesion,axis2_+20deg,canvas_level3,0.343879371881485,0.9393489956855774,20170714CH_Exp7_ZFPtm1a_M28
lesion,axis2_+20deg,canvas_level2,0.40280625224113464,0.915928304195404,20170714CH_Exp7_ZFPtm1a_M28
lesion,axis2_+20deg,canvas_level1,0.30394187569618225,0.952826976776123,20170714CH_Exp7_ZFPtm1a_M28
lesion,axis2_+20deg,canvas_level0,0.30389565229415894,0.9529386758804321,20170714CH_Exp7_ZFPtm1a_M28
lesion,axis2_+20deg,output_logits,0.17798520624637604,0.9841256737709045,20170714CH_Exp7_ZFPtm1a_M28
lesion,axis2_+20deg,query_mask_embedding,0.025103984400629997,0.9996912479400635,20170714CH_Exp7_ZFPtm1a_M28
lesion,axis2_+30deg,input,0.09592790901660919,0.995506763458252,20170714CH_Exp7_ZFPtm1a_M28
lesion,axis2_+30deg,encoder_level0,0.4710533320903778,0.8821048140525818,20170714CH_Exp7_ZFPtm1a_M28
lesion,axis2_+30deg,encoder_level1,0.3409455716609955,0.9401715397834778,20170714CH_Exp7_ZFPtm1a_M28
lesion,axis2_+30deg,encoder_level2,0.3898676931858063,0.921129584312439,20170714CH_Exp7_ZFPtm1a_M28
lesion,axis2_+30deg,encoder_level3,0.23818984627723694,0.9712195992469788,20170714CH_Exp7_ZFPtm1a_M28
lesion,axis2_+30deg,encoder_level4,0.28172826766967773,0.959549069404602,20170714CH_Exp7_ZFPtm1a_M28
lesion,axis2_+30deg,canvas_level4,0.28172826766967773,0.959549069404602,20170714CH_Exp7_ZFPtm1a_M28
lesion,axis2_+30deg,canvas_level3,0.38073936104774475,0.925449013710022,20170714CH_Exp7_ZFPtm1a_M28
lesion,axis2_+30deg,canvas_level2,0.4635155498981476,0.8878840804100037,20170714CH_Exp7_ZFPtm1a_M28
lesion,axis2_+30deg,canvas_level1,0.3588142693042755,0.9338827729225159,20170714CH_Exp7_ZFPtm1a_M28
lesion,axis2_+30deg,canvas_level0,0.3691670298576355,0.9300671815872192,20170714CH_Exp7_ZFPtm1a_M28
lesion,axis2_+30deg,output_logits,0.2349117547273636,0.9721289873123169,20170714CH_Exp7_ZFPtm1a_M28
lesion,axis2_+30deg,query_mask_embedding,0.021297534927725792,0.9997771978378296,20170714CH_Exp7_ZFPtm1a_M28
lesion,resampling_floor,input,1.8200217937192065e-06,1.0000001192092896,20170714CH_Exp7_ZFPtm1a_M29
lesion,resampling_floor,encoder_level0,1.873881592473481e-05,0.9999998807907104,20170714CH_Exp7_ZFPtm1a_M29
lesion,resampling_floor,encoder_level1,1.9736457034014165e-05,1.0,20170714CH_Exp7_ZFPtm1a_M29
lesion,resampling_floor,encoder_level2,2.1933194148004986e-05,1.0,20170714CH_Exp7_ZFPtm1a_M29
lesion,resampling_floor,encoder_level3,6.13689053352573e-07,1.0,20170714CH_Exp7_ZFPtm1a_M29
lesion,resampling_floor,encoder_level4,4.361410901765339e-06,1.0,20170714CH_Exp7_ZFPtm1a_M29
lesion,resampling_floor,canvas_level4,4.361410901765339e-06,1.0,20170714CH_Exp7_ZFPtm1a_M29
lesion,resampling_floor,canvas_level3,7.038789772195742e-05,0.9999999403953552,20170714CH_Exp7_ZFPtm1a_M29
lesion,resampling_floor,canvas_level2,0.00016002458869479597,1.0,20170714CH_Exp7_ZFPtm1a_M29
lesion,resampling_floor,canvas_level1,0.00017122208373621106,1.0,20170714CH_Exp7_ZFPtm1a_M29
lesion,resampling_floor,canvas_level0,0.0002276422455906868,0.9999998807907104,20170714CH_Exp7_ZFPtm1a_M29
lesion,resampling_floor,output_logits,6.899145955685526e-05,1.0,20170714CH_Exp7_ZFPtm1a_M29
lesion,resampling_floor,query_mask_embedding,1.1759327662730357e-06,1.0,20170714CH_Exp7_ZFPtm1a_M29
lesion,axis0_+5deg,input,0.12481516599655151,0.9924219846725464,20170714CH_Exp7_ZFPtm1a_M29
lesion,axis0_+5deg,encoder_level0,0.38772496581077576,0.9228442907333374,20170714CH_Exp7_ZFPtm1a_M29
lesion,axis0_+5deg,encoder_level1,0.25554358959198,0.9668715596199036,20170714CH_Exp7_ZFPtm1a_M29
lesion,axis0_+5deg,encoder_level2,0.27961620688438416,0.960122287273407,20170714CH_Exp7_ZFPtm1a_M29
lesion,axis0_+5deg,encoder_level3,0.23661047220230103,0.9716047644615173,20170714CH_Exp7_ZFPtm1a_M29
lesion,axis0_+5deg,encoder_level4,0.17387646436691284,0.9849762916564941,20170714CH_Exp7_ZFPtm1a_M29
lesion,axis0_+5deg,canvas_level4,0.17387646436691284,0.9849762916564941,20170714CH_Exp7_ZFPtm1a_M29
lesion,axis0_+5deg,canvas_level3,0.3109416365623474,0.9504967927932739,20170714CH_Exp7_ZFPtm1a_M29
lesion,axis0_+5deg,canvas_level2,0.32593783736228943,0.9454003572463989,20170714CH_Exp7_ZFPtm1a_M29
lesion,axis0_+5deg,canvas_level1,0.2509077489376068,0.9680219888687134,20170714CH_Exp7_ZFPtm1a_M29
lesion,axis0_+5deg,canvas_level0,0.21035124361515045,0.9776926040649414,20170714CH_Exp7_ZFPtm1a_M29
lesion,axis0_+5deg,output_logits,0.08097568154335022,0.9967163801193237,20170714CH_Exp7_ZFPtm1a_M29
lesion,axis0_+5deg,query_mask_embedding,0.004850906785577536,0.9999896287918091,20170714CH_Exp7_ZFPtm1a_M29
lesion,axis0_+10deg,input,0.12748053669929504,0.9920995831489563,20170714CH_Exp7_ZFPtm1a_M29
lesion,axis0_+10deg,encoder_level0,0.42026081681251526,0.9082327485084534,20170714CH_Exp7_ZFPtm1a_M29
lesion,axis0_+10deg,encoder_level1,0.2650326192378998,0.9642700552940369,20170714CH_Exp7_ZFPtm1a_M29
lesion,axis0_+10deg,encoder_level2,0.3221437335014343,0.9467306733131409,20170714CH_Exp7_ZFPtm1a_M29
lesion,axis0_+10deg,encoder_level3,0.25077179074287415,0.9680506587028503,20170714CH_Exp7_ZFPtm1a_M29
lesion,axis0_+10deg,encoder_level4,0.257417768239975,0.9668492078781128,20170714CH_Exp7_ZFPtm1a_M29
lesion,axis0_+10deg,canvas_level4,0.257417768239975,0.9668492078781128,20170714CH_Exp7_ZFPtm1a_M29
lesion,axis0_+10deg,canvas_level3,0.36586517095565796,0.9307125210762024,20170714CH_Exp7_ZFPtm1a_M29
lesion,axis0_+10deg,canvas_level2,0.40011724829673767,0.9169580936431885,20170714CH_Exp7_ZFPtm1a_M29
lesion,axis0_+10deg,canvas_level1,0.29763761162757874,0.9547896385192871,20170714CH_Exp7_ZFPtm1a_M29
lesion,axis0_+10deg,canvas_level0,0.25271663069725037,0.9677402377128601,20170714CH_Exp7_ZFPtm1a_M29
lesion,axis0_+10deg,output_logits,0.10297446697950363,0.9946848154067993,20170714CH_Exp7_ZFPtm1a_M29
lesion,axis0_+10deg,query_mask_embedding,0.013054546900093555,0.9999151229858398,20170714CH_Exp7_ZFPtm1a_M29
lesion,axis0_+20deg,input,0.1292533576488495,0.9918878078460693,20170714CH_Exp7_ZFPtm1a_M29
lesion,axis0_+20deg,encoder_level0,0.49762555956840515,0.8674458861351013,20170714CH_Exp7_ZFPtm1a_M29
lesion,axis0_+20deg,encoder_level1,0.33683642745018005,0.9415731430053711,20170714CH_Exp7_ZFPtm1a_M29
lesion,axis0_+20deg,encoder_level2,0.39010703563690186,0.9211608171463013,20170714CH_Exp7_ZFPtm1a_M29
lesion,axis0_+20deg,encoder_level3,0.2718278169631958,0.9623544216156006,20170714CH_Exp7_ZFPtm1a_M29
lesion,axis0_+20deg,encoder_level4,0.34848517179489136,0.9378732442855835,20170714CH_Exp7_ZFPtm1a_M29
lesion,axis0_+20deg,canvas_level4,0.34848517179489136,0.9378732442855835,20170714CH_Exp7_ZFPtm1a_M29
lesion,axis0_+20deg,canvas_level3,0.4499283730983734,0.8938961029052734,20170714CH_Exp7_ZFPtm1a_M29
lesion,axis0_+20deg,canvas_level2,0.5050217509269714,0.86571204662323,20170714CH_Exp7_ZFPtm1a_M29
lesion,axis0_+20deg,canvas_level1,0.39489829540252686,0.9192579984664917,20170714CH_Exp7_ZFPtm1a_M29
lesion,axis0_+20deg,canvas_level0,0.3439815044403076,0.9396306276321411,20170714CH_Exp7_ZFPtm1a_M29
lesion,axis0_+20deg,output_logits,0.1939951330423355,0.9812992215156555,20170714CH_Exp7_ZFPtm1a_M29
lesion,axis0_+20deg,query_mask_embedding,0.049849916249513626,0.9988995790481567,20170714CH_Exp7_ZFPtm1a_M29
lesion,axis0_+30deg,input,0.13206292688846588,0.991539716720581,20170714CH_Exp7_ZFPtm1a_M29
lesion,axis0_+30deg,encoder_level0,0.563240110874176,0.8266162276268005,20170714CH_Exp7_ZFPtm1a_M29
lesion,axis0_+30deg,encoder_level1,0.40256279706954956,0.915605902671814,20170714CH_Exp7_ZFPtm1a_M29
lesion,axis0_+30deg,encoder_level2,0.46229568123817444,0.8882406949996948,20170714CH_Exp7_ZFPtm1a_M29
lesion,axis0_+30deg,encoder_level3,0.30010107159614563,0.9539175033569336,20170714CH_Exp7_ZFPtm1a_M29
lesion,axis0_+30deg,encoder_level4,0.44322216510772705,0.8964520692825317,20170714CH_Exp7_ZFPtm1a_M29
lesion,axis0_+30deg,canvas_level4,0.44322216510772705,0.8964520692825317,20170714CH_Exp7_ZFPtm1a_M29
lesion,axis0_+30deg,canvas_level3,0.5346623063087463,0.848351001739502,20170714CH_Exp7_ZFPtm1a_M29
lesion,axis0_+30deg,canvas_level2,0.6009480953216553,0.8063488006591797,20170714CH_Exp7_ZFPtm1a_M29
lesion,axis0_+30deg,canvas_level1,0.48267707228660583,0.8775092363357544,20170714CH_Exp7_ZFPtm1a_M29
lesion,axis0_+30deg,canvas_level0,0.4133147895336151,0.9121505618095398,20170714CH_Exp7_ZFPtm1a_M29
lesion,axis0_+30deg,output_logits,0.25761207938194275,0.9672756195068359,20170714CH_Exp7_ZFPtm1a_M29
lesion,axis0_+30deg,query_mask_embedding,0.0788278803229332,0.9972748160362244,20170714CH_Exp7_ZFPtm1a_M29
lesion,axis1_+5deg,input,0.12000520527362823,0.9930136203765869,20170714CH_Exp7_ZFPtm1a_M29
lesion,axis1_+5deg,encoder_level0,0.36807867884635925,0.9304405450820923,20170714CH_Exp7_ZFPtm1a_M29
lesion,axis1_+5deg,encoder_level1,0.23653364181518555,0.9716709852218628,20170714CH_Exp7_ZFPtm1a_M29
lesion,axis1_+5deg,encoder_level2,0.2680068612098694,0.9634284377098083,20170714CH_Exp7_ZFPtm1a_M29
lesion,axis1_+5deg,encoder_level3,0.21022194623947144,0.9776540994644165,20170714CH_Exp7_ZFPtm1a_M29
lesion,axis1_+5deg,encoder_level4,0.1741054356098175,0.9851632118225098,20170714CH_Exp7_ZFPtm1a_M29
lesion,axis1_+5deg,canvas_level4,0.1741054356098175,0.9851632118225098,20170714CH_Exp7_ZFPtm1a_M29
lesion,axis1_+5deg,canvas_level3,0.27528658509254456,0.9613848924636841,20170714CH_Exp7_ZFPtm1a_M29
lesion,axis1_+5deg,canvas_level2,0.30165085196495056,0.9534451365470886,20170714CH_Exp7_ZFPtm1a_M29
lesion,axis1_+5deg,canvas_level1,0.22557087242603302,0.9742587804794312,20170714CH_Exp7_ZFPtm1a_M29
lesion,axis1_+5deg,canvas_level0,0.18441590666770935,0.9829118251800537,20170714CH_Exp7_ZFPtm1a_M29
lesion,axis1_+5deg,output_logits,0.059035737067461014,0.9982619881629944,20170714CH_Exp7_ZFPtm1a_M29
lesion,axis1_+5deg,query_mask_embedding,0.019726276397705078,0.9998202323913574,20170714CH_Exp7_ZFPtm1a_M29
lesion,axis1_+10deg,input,0.1217297688126564,0.992814302444458,20170714CH_Exp7_ZFPtm1a_M29
lesion,axis1_+10deg,encoder_level0,0.4025624692440033,0.9156805872917175,20170714CH_Exp7_ZFPtm1a_M29
lesion,axis1_+10deg,encoder_level1,0.26233917474746704,0.9649840593338013,20170714CH_Exp7_ZFPtm1a_M29
lesion,axis1_+10deg,encoder_level2,0.3159528076648712,0.948797345161438,20170714CH_Exp7_ZFPtm1a_M29
lesion,axis1_+10deg,encoder_level3,0.2262108027935028,0.974078357219696,20170714CH_Exp7_ZFPtm1a_M29
lesion,axis1_+10deg,encoder_level4,0.2661718428134918,0.9644336104393005,20170714CH_Exp7_ZFPtm1a_M29
lesion,axis1_+10deg,canvas_level4,0.2661718428134918,0.9644336104393005,20170714CH_Exp7_ZFPtm1a_M29
lesion,axis1_+10deg,canvas_level3,0.3257865309715271,0.9454572200775146,20170714CH_Exp7_ZFPtm1a_M29
lesion,axis1_+10deg,canvas_level2,0.36440813541412354,0.9314136505126953,20170714CH_Exp7_ZFPtm1a_M29
lesion,axis1_+10deg,canvas_level1,0.27076470851898193,0.9627119302749634,20170714CH_Exp7_ZFPtm1a_M29
lesion,axis1_+10deg,canvas_level0,0.22970585525035858,0.9733812808990479,20170714CH_Exp7_ZFPtm1a_M29
lesion,axis1_+10deg,output_logits,0.09182585775852203,0.9959233999252319,20170714CH_Exp7_ZFPtm1a_M29
lesion,axis1_+10deg,query_mask_embedding,0.04389560595154762,0.9991176724433899,20170714CH_Exp7_ZFPtm1a_M29
lesion,axis1_+20deg,input,0.12334425002336502,0.9926302433013916,20170714CH_Exp7_ZFPtm1a_M29
lesion,axis1_+20deg,encoder_level0,0.4887602627277374,0.872585654258728,20170714CH_Exp7_ZFPtm1a_M29
lesion,axis1_+20deg,encoder_level1,0.34270480275154114,0.939515233039856,20170714CH_Exp7_ZFPtm1a_M29
lesion,axis1_+20deg,encoder_level2,0.41027551889419556,0.9125568866729736,20170714CH_Exp7_ZFPtm1a_M29
lesion,axis1_+20deg,encoder_level3,0.2745582163333893,0.9615703821182251,20170714CH_Exp7_ZFPtm1a_M29
lesion,axis1_+20deg,encoder_level4,0.3679850101470947,0.9301326274871826,20170714CH_Exp7_ZFPtm1a_M29
lesion,axis1_+20deg,canvas_level4,0.3679850101470947,0.9301326274871826,20170714CH_Exp7_ZFPtm1a_M29
lesion,axis1_+20deg,canvas_level3,0.4078267812728882,0.9134714603424072,20170714CH_Exp7_ZFPtm1a_M29
lesion,axis1_+20deg,canvas_level2,0.4625304043292999,0.8879764080047607,20170714CH_Exp7_ZFPtm1a_M29
lesion,axis1_+20deg,canvas_level1,0.35822322964668274,0.9339283108711243,20170714CH_Exp7_ZFPtm1a_M29
lesion,axis1_+20deg,canvas_level0,0.3224790096282959,0.9469158053398132,20170714CH_Exp7_ZFPtm1a_M29
lesion,axis1_+20deg,output_logits,0.18519313633441925,0.982924222946167,20170714CH_Exp7_ZFPtm1a_M29
lesion,axis1_+20deg,query_mask_embedding,0.03429907187819481,0.9994648694992065,20170714CH_Exp7_ZFPtm1a_M29
lesion,axis1_+30deg,input,0.12682504951953888,0.9922022223472595,20170714CH_Exp7_ZFPtm1a_M29
lesion,axis1_+30deg,encoder_level0,0.5579957962036133,0.8317735195159912,20170714CH_Exp7_ZFPtm1a_M29
lesion,axis1_+30deg,encoder_level1,0.4124610722064972,0.911440372467041,20170714CH_Exp7_ZFPtm1a_M29
lesion,axis1_+30deg,encoder_level2,0.49043917655944824,0.8738383054733276,20170714CH_Exp7_ZFPtm1a_M29
lesion,axis1_+30deg,encoder_level3,0.32626134157180786,0.9452944993972778,20170714CH_Exp7_ZFPtm1a_M29
lesion,axis1_+30deg,encoder_level4,0.45880362391471863,0.888554036617279,20170714CH_Exp7_ZFPtm1a_M29
lesion,axis1_+30deg,canvas_level4,0.45880362391471863,0.888554036617279,20170714CH_Exp7_ZFPtm1a_M29
lesion,axis1_+30deg,canvas_level3,0.489675909280777,0.8736075162887573,20170714CH_Exp7_ZFPtm1a_M29
lesion,axis1_+30deg,canvas_level2,0.5530918836593628,0.8373786211013794,20170714CH_Exp7_ZFPtm1a_M29
lesion,axis1_+30deg,canvas_level1,0.4367131292819977,0.9005480408668518,20170714CH_Exp7_ZFPtm1a_M29
lesion,axis1_+30deg,canvas_level0,0.4018802344799042,0.9166837930679321,20170714CH_Exp7_ZFPtm1a_M29
lesion,axis1_+30deg,output_logits,0.2585445046424866,0.9667050242424011,20170714CH_Exp7_ZFPtm1a_M29
lesion,axis1_+30deg,query_mask_embedding,0.0645974799990654,0.998126745223999,20170714CH_Exp7_ZFPtm1a_M29
lesion,axis2_+5deg,input,0.10004306584596634,0.9951126575469971,20170714CH_Exp7_ZFPtm1a_M29
lesion,axis2_+5deg,encoder_level0,0.3328585624694824,0.943859338760376,20170714CH_Exp7_ZFPtm1a_M29
lesion,axis2_+5deg,encoder_level1,0.2050677090883255,0.9787895679473877,20170714CH_Exp7_ZFPtm1a_M29
lesion,axis2_+5deg,encoder_level2,0.23673635721206665,0.9716067910194397,20170714CH_Exp7_ZFPtm1a_M29
lesion,axis2_+5deg,encoder_level3,0.19460977613925934,0.9808810353279114,20170714CH_Exp7_ZFPtm1a_M29
lesion,axis2_+5deg,encoder_level4,0.11821721494197845,0.9930590391159058,20170714CH_Exp7_ZFPtm1a_M29
lesion,axis2_+5deg,canvas_level4,0.11821721494197845,0.9930590391159058,20170714CH_Exp7_ZFPtm1a_M29
lesion,axis2_+5deg,canvas_level3,0.2506832480430603,0.9680731892585754,20170714CH_Exp7_ZFPtm1a_M29
lesion,axis2_+5deg,canvas_level2,0.28693702816963196,0.9579604864120483,20170714CH_Exp7_ZFPtm1a_M29
lesion,axis2_+5deg,canvas_level1,0.2116887867450714,0.9773433804512024,20170714CH_Exp7_ZFPtm1a_M29
lesion,axis2_+5deg,canvas_level0,0.19439348578453064,0.9809683561325073,20170714CH_Exp7_ZFPtm1a_M29
lesion,axis2_+5deg,output_logits,0.08869002759456635,0.9960628151893616,20170714CH_Exp7_ZFPtm1a_M29
lesion,axis2_+5deg,query_mask_embedding,0.0025948805268853903,0.9999966621398926,20170714CH_Exp7_ZFPtm1a_M29
lesion,axis2_+10deg,input,0.09884436428546906,0.9952325820922852,20170714CH_Exp7_ZFPtm1a_M29
lesion,axis2_+10deg,encoder_level0,0.34680333733558655,0.9387435913085938,20170714CH_Exp7_ZFPtm1a_M29
lesion,axis2_+10deg,encoder_level1,0.22084569931030273,0.9753260612487793,20170714CH_Exp7_ZFPtm1a_M29
lesion,axis2_+10deg,encoder_level2,0.2553280293941498,0.9668561220169067,20170714CH_Exp7_ZFPtm1a_M29
lesion,axis2_+10deg,encoder_level3,0.21212448179721832,0.9772440195083618,20170714CH_Exp7_ZFPtm1a_M29
lesion,axis2_+10deg,encoder_level4,0.16192474961280823,0.9869760870933533,20170714CH_Exp7_ZFPtm1a_M29
lesion,axis2_+10deg,canvas_level4,0.16192474961280823,0.9869760870933533,20170714CH_Exp7_ZFPtm1a_M29
lesion,axis2_+10deg,canvas_level3,0.28853777050971985,0.9574880003929138,20170714CH_Exp7_ZFPtm1a_M29
lesion,axis2_+10deg,canvas_level2,0.32252103090286255,0.9466457962989807,20170714CH_Exp7_ZFPtm1a_M29
lesion,axis2_+10deg,canvas_level1,0.23688113689422607,0.9715480804443359,20170714CH_Exp7_ZFPtm1a_M29
lesion,axis2_+10deg,canvas_level0,0.22041989862918854,0.9754595756530762,20170714CH_Exp7_ZFPtm1a_M29
lesion,axis2_+10deg,output_logits,0.1044672355055809,0.9945316910743713,20170714CH_Exp7_ZFPtm1a_M29
lesion,axis2_+10deg,query_mask_embedding,0.002469523809850216,0.9999971389770508,20170714CH_Exp7_ZFPtm1a_M29
lesion,axis2_+20deg,input,0.09777206927537918,0.9953442215919495,20170714CH_Exp7_ZFPtm1a_M29
lesion,axis2_+20deg,encoder_level0,0.4096461534500122,0.9125717878341675,20170714CH_Exp7_ZFPtm1a_M29
lesion,axis2_+20deg,encoder_level1,0.2836279273033142,0.9589356184005737,20170714CH_Exp7_ZFPtm1a_M29
lesion,axis2_+20deg,encoder_level2,0.32387301325798035,0.946117103099823,20170714CH_Exp7_ZFPtm1a_M29
lesion,axis2_+20deg,encoder_level3,0.21483884751796722,0.9766495227813721,20170714CH_Exp7_ZFPtm1a_M29
lesion,axis2_+20deg,encoder_level4,0.2256937474012375,0.9742638468742371,20170714CH_Exp7_ZFPtm1a_M29
lesion,axis2_+20deg,canvas_level4,0.2256937474012375,0.9742638468742371,20170714CH_Exp7_ZFPtm1a_M29
lesion,axis2_+20deg,canvas_level3,0.3337482511997223,0.9429107904434204,20170714CH_Exp7_ZFPtm1a_M29
lesion,axis2_+20deg,canvas_level2,0.4003455936908722,0.9169571399688721,20170714CH_Exp7_ZFPtm1a_M29
lesion,axis2_+20deg,canvas_level1,0.3082610070705414,0.9514403343200684,20170714CH_Exp7_ZFPtm1a_M29
lesion,axis2_+20deg,canvas_level0,0.31094932556152344,0.9507197141647339,20170714CH_Exp7_ZFPtm1a_M29
lesion,axis2_+20deg,output_logits,0.18275143206119537,0.9832504391670227,20170714CH_Exp7_ZFPtm1a_M29
lesion,axis2_+20deg,query_mask_embedding,0.013540192507207394,0.9999153017997742,20170714CH_Exp7_ZFPtm1a_M29
lesion,axis2_+30deg,input,0.10075000673532486,0.9950492978096008,20170714CH_Exp7_ZFPtm1a_M29
lesion,axis2_+30deg,encoder_level0,0.47491300106048584,0.8800327777862549,20170714CH_Exp7_ZFPtm1a_M29
lesion,axis2_+30deg,encoder_level1,0.3440438508987427,0.9390478134155273,20170714CH_Exp7_ZFPtm1a_M29
lesion,axis2_+30deg,encoder_level2,0.3904687166213989,0.9208494424819946,20170714CH_Exp7_ZFPtm1a_M29
lesion,axis2_+30deg,encoder_level3,0.24479439854621887,0.9695760011672974,20170714CH_Exp7_ZFPtm1a_M29
lesion,axis2_+30deg,encoder_level4,0.2790738046169281,0.9602933526039124,20170714CH_Exp7_ZFPtm1a_M29
lesion,axis2_+30deg,canvas_level4,0.2790738046169281,0.9602933526039124,20170714CH_Exp7_ZFPtm1a_M29
lesion,axis2_+30deg,canvas_level3,0.37642917037010193,0.927222728729248,20170714CH_Exp7_ZFPtm1a_M29
lesion,axis2_+30deg,canvas_level2,0.46471554040908813,0.8871908187866211,20170714CH_Exp7_ZFPtm1a_M29
lesion,axis2_+30deg,canvas_level1,0.36855798959732056,0.9301255941390991,20170714CH_Exp7_ZFPtm1a_M29
lesion,axis2_+30deg,canvas_level0,0.3799930214881897,0.9258941411972046,20170714CH_Exp7_ZFPtm1a_M29
lesion,axis2_+30deg,output_logits,0.24029481410980225,0.9708694219589233,20170714CH_Exp7_ZFPtm1a_M29
lesion,axis2_+30deg,query_mask_embedding,0.021413927897810936,0.9997850656509399,20170714CH_Exp7_ZFPtm1a_M29
