domain,subject,image_path,ground_truth_path,baseline_raw_prediction_path,baseline_filtered_prediction_path,baseline_probability_path,higher_res_raw_prediction_path,higher_res_filtered_prediction_path,higher_res_probability_path,baseline_raw_dice,baseline_raw_hd95_mm,baseline_raw_assd_mm,baseline_raw_fp_voxels,baseline_raw_fn_voxels,baseline_raw_surface_dice_0.1mm,baseline_raw_surface_dice_0.2mm,baseline_raw_surface_dice_0.5mm,baseline_raw_surface_dice_1mm,baseline_raw_iou,baseline_raw_precision,baseline_raw_recall,baseline_raw_fp_fn_ratio,baseline_raw_total_residual_error,baseline_filtered_dice,baseline_filtered_hd95_mm,baseline_filtered_assd_mm,baseline_filtered_fp_voxels,baseline_filtered_fn_voxels,baseline_filtered_surface_dice_0.1mm,baseline_filtered_surface_dice_0.2mm,baseline_filtered_surface_dice_0.5mm,baseline_filtered_surface_dice_1mm,baseline_filtered_iou,baseline_filtered_precision,baseline_filtered_recall,baseline_filtered_fp_fn_ratio,baseline_filtered_total_residual_error,higher_res_raw_dice,higher_res_raw_hd95_mm,higher_res_raw_assd_mm,higher_res_raw_fp_voxels,higher_res_raw_fn_voxels,higher_res_raw_surface_dice_0.1mm,higher_res_raw_surface_dice_0.2mm,higher_res_raw_surface_dice_0.5mm,higher_res_raw_surface_dice_1mm,higher_res_raw_iou,higher_res_raw_precision,higher_res_raw_recall,higher_res_raw_fp_fn_ratio,higher_res_raw_total_residual_error,higher_res_filtered_dice,higher_res_filtered_hd95_mm,higher_res_filtered_assd_mm,higher_res_filtered_fp_voxels,higher_res_filtered_fn_voxels,higher_res_filtered_surface_dice_0.1mm,higher_res_filtered_surface_dice_0.2mm,higher_res_filtered_surface_dice_0.5mm,higher_res_filtered_surface_dice_1mm,higher_res_filtered_iou,higher_res_filtered_precision,higher_res_filtered_recall,higher_res_filtered_fp_fn_ratio,higher_res_filtered_total_residual_error
CAMRI,064,/Users/estebanfelixmoran/Desktop/Purdue/Medical_Imaging/Datasets/Image_Database/CAMRI Rat Brain MRI Data/sub-064/ses-1/anat/sub-064_ses-1_acq-RARE_T2w.nii.gz,/Users/estebanfelixmoran/Desktop/Purdue/Medical_Imaging/Datasets/Mask_Database/RodentBrainMask/CAMRI Rat/CAMRI_Rat-sub-064_ses-1_acq-RARE_T2w_077.nii.gz,/Users/estebanfelixmoran/Desktop/Purdue/Medical_Imaging/3D-Medical-Segment-Anything/outputs/true_full_resolution_level0_decoder/native_predictions/camri/064_prediction.nii.gz,/Users/estebanfelixmoran/Desktop/Purdue/Medical_Imaging/3D-Medical-Segment-Anything/outputs/true_full_resolution_level0_decoder/filtered_predictions/camri/064_prediction.nii.gz,/Users/estebanfelixmoran/Desktop/Purdue/Medical_Imaging/3D-Medical-Segment-Anything/outputs/true_full_resolution_level0_decoder/probability_maps/camri/064_probability.nii.gz,/Users/estebanfelixmoran/Desktop/Purdue/Medical_Imaging/3D-Medical-Segment-Anything/outputs/higher_resolution_true_level0/native_predictions/camri/064_prediction.nii.gz,/Users/estebanfelixmoran/Desktop/Purdue/Medical_Imaging/3D-Medical-Segment-Anything/outputs/higher_resolution_true_level0/filtered_predictions/camri/064_prediction.nii.gz,/Users/estebanfelixmoran/Desktop/Purdue/Medical_Imaging/3D-Medical-Segment-Anything/outputs/higher_resolution_true_level0/probability_maps/camri/064_probability.nii.gz,0.9861587902355717,0.20000000298023224,0.0433749660660009,2534,4663,0.8028762139398974,0.8028762139398974,0.9982811470478701,0.9985819463144928,0.9726955076768987,0.9902131932643288,0.9821374531218277,0.5434269783401244,7197,0.9863617652376977,0.20000000298023224,0.040823777424289144,2427,4663,0.8041086261064169,0.8041086261064169,0.9998135050999182,1.0,0.9730905281695487,0.9906225730546765,0.9821374531218277,0.5204803774394167,7090,0.9869563379361499,0.20000000298023224,0.04309119884369449,2548,4240,0.8184549661801352,0.8184549661801352,0.9966820932716269,0.997123531505874,0.9742485688380369,0.9901757037596826,0.9837578385667058,0.6009433962264151,6788,0.9873471741637831,0.20000000298023224,0.03804505576516614,2342,4240,0.8208160175942191,0.8208160175942191,0.9995572883195522,1.0,0.9750105356675057,0.9909627977511181,0.9837578385667058,0.5523584905660377,6582
CAMRI,007,/Users/estebanfelixmoran/Desktop/Purdue/Medical_Imaging/Datasets/Image_Database/CAMRI Rat Brain MRI Data/sub-007/ses-1/anat/sub-007_ses-1_acq-RARE_T2w.nii.gz,/Users/estebanfelixmoran/Desktop/Purdue/Medical_Imaging/Datasets/Mask_Database/RodentBrainMask/CAMRI Rat/CAMRI_Rat-sub-007_ses-1_acq-RARE_T2w_123.nii.gz,/Users/estebanfelixmoran/Desktop/Purdue/Medical_Imaging/3D-Medical-Segment-Anything/outputs/true_full_resolution_level0_decoder/native_predictions/camri/007_prediction.nii.gz,/Users/estebanfelixmoran/Desktop/Purdue/Medical_Imaging/3D-Medical-Segment-Anything/outputs/true_full_resolution_level0_decoder/filtered_predictions/camri/007_prediction.nii.gz,/Users/estebanfelixmoran/Desktop/Purdue/Medical_Imaging/3D-Medical-Segment-Anything/outputs/true_full_resolution_level0_decoder/probability_maps/camri/007_probability.nii.gz,/Users/estebanfelixmoran/Desktop/Purdue/Medical_Imaging/3D-Medical-Segment-Anything/outputs/higher_resolution_true_level0/native_predictions/camri/007_prediction.nii.gz,/Users/estebanfelixmoran/Desktop/Purdue/Medical_Imaging/3D-Medical-Segment-Anything/outputs/higher_resolution_true_level0/filtered_predictions/camri/007_prediction.nii.gz,/Users/estebanfelixmoran/Desktop/Purdue/Medical_Imaging/3D-Medical-Segment-Anything/outputs/higher_resolution_true_level0/probability_maps/camri/007_probability.nii.gz,0.9857284276522026,0.10000000149011612,0.01399554183696278,1788,2364,0.8980494443184396,0.9789634837831708,0.9986391471989113,1.0,0.971858479056527,0.9876839146966441,0.9837806685328503,0.7563451776649747,4152,0.9857284276522026,0.10000000149011612,0.01399554183696278,1788,2364,0.8980494443184396,0.9789634837831708,0.9986391471989113,1.0,0.971858479056527,0.9876839146966441,0.9837806685328503,0.7563451776649747,4152,0.9879251379174042,0.10000000149011612,0.011416409673941138,1472,2041,0.9148693694977065,0.9837744665090173,0.9990882931137639,1.0,0.9761384013476063,0.989861071888582,0.9859967616224821,0.7212150906418422,3513,0.9879251379174042,0.10000000149011612,0.011416409673941138,1472,2041,0.9148693694977065,0.9837744665090173,0.9990882931137639,1.0,0.9761384013476063,0.989861071888582,0.9859967616224821,0.7212150906418422,3513
CAMRI,043,/Users/estebanfelixmoran/Desktop/Purdue/Medical_Imaging/Datasets/Image_Database/CAMRI Rat Brain MRI Data/sub-043/ses-1/anat/sub-043_ses-1_acq-RARE_T2w.nii.gz,/Users/estebanfelixmoran/Desktop/Purdue/Medical_Imaging/Datasets/Mask_Database/RodentBrainMask/CAMRI Rat/CAMRI_Rat-sub-043_ses-1_acq-RARE_T2w_019.nii.gz,/Users/estebanfelixmoran/Desktop/Purdue/Medical_Imaging/3D-Medical-Segment-Anything/outputs/true_full_resolution_level0_decoder/native_predictions/camri/043_prediction.nii.gz,/Users/estebanfelixmoran/Desktop/Purdue/Medical_Imaging/3D-Medical-Segment-Anything/outputs/true_full_resolution_level0_decoder/filtered_predictions/camri/043_prediction.nii.gz,/Users/estebanfelixmoran/Desktop/Purdue/Medical_Imaging/3D-Medical-Segment-Anything/outputs/true_full_resolution_level0_decoder/probability_maps/camri/043_probability.nii.gz,/Users/estebanfelixmoran/Desktop/Purdue/Medical_Imaging/3D-Medical-Segment-Anything/outputs/higher_resolution_true_level0/native_predictions/camri/043_prediction.nii.gz,/Users/estebanfelixmoran/Desktop/Purdue/Medical_Imaging/3D-Medical-Segment-Anything/outputs/higher_resolution_true_level0/filtered_predictions/camri/043_prediction.nii.gz,/Users/estebanfelixmoran/Desktop/Purdue/Medical_Imaging/3D-Medical-Segment-Anything/outputs/higher_resolution_true_level0/probability_maps/camri/043_probability.nii.gz,0.9852813592677861,0.10000000149011612,0.019591981245786802,2267,1652,0.8991618369613167,0.9787340847898508,0.9940370252057379,0.9958624256529609,0.9709897105633282,0.9830108364933527,0.9875623950671194,1.3722760290556901,3919,0.9862926147044228,0.10000000149011612,0.01335284416449203,1994,1652,0.9029114349433294,0.9828155072862249,0.9981822625484985,0.9998319738490209,0.9729559328571322,0.9850260954454999,0.9875623950671194,1.2070217917675545,3646,0.9879515347943244,0.10000000149011612,0.019084912509838178,1448,1749,0.9159831047992164,0.9836404260528894,0.9937102105778648,0.9946131243878551,0.9761899442172919,0.9890735123224823,0.9868320998622226,0.8279016580903373,3197,0.9893833432090006,0.10000000149011612,0.009655559352078538,1064,1749,0.9213977832512316,0.9894550492610837,0.9995843596059113,1.0,0.9789897450835406,0.9919478121357974,0.9868320998622226,0.6083476272155517,2813
CAMRI,078,/Users/estebanfelixmoran/Desktop/Purdue/Medical_Imaging/Datasets/Image_Database/CAMRI Rat Brain MRI Data/sub-078/ses-1/anat/sub-078_ses-1_acq-RARE_T2w.nii.gz,/Users/estebanfelixmoran/Desktop/Purdue/Medical_Imaging/Datasets/Mask_Database/RodentBrainMask/CAMRI Rat/CAMRI_Rat-sub-078_ses-1_acq-RARE_T2w_069.nii.gz,/Users/estebanfelixmoran/Desktop/Purdue/Medical_Imaging/3D-Medical-Segment-Anything/outputs/true_full_resolution_level0_decoder/native_predictions/camri/078_prediction.nii.gz,/Users/estebanfelixmoran/Desktop/Purdue/Medical_Imaging/3D-Medical-Segment-Anything/outputs/true_full_resolution_level0_decoder/filtered_predictions/camri/078_prediction.nii.gz,/Users/estebanfelixmoran/Desktop/Purdue/Medical_Imaging/3D-Medical-Segment-Anything/outputs/true_full_resolution_level0_decoder/probability_maps/camri/078_probability.nii.gz,/Users/estebanfelixmoran/Desktop/Purdue/Medical_Imaging/3D-Medical-Segment-Anything/outputs/higher_resolution_true_level0/native_predictions/camri/078_prediction.nii.gz,/Users/estebanfelixmoran/Desktop/Purdue/Medical_Imaging/3D-Medical-Segment-Anything/outputs/higher_resolution_true_level0/filtered_predictions/camri/078_prediction.nii.gz,/Users/estebanfelixmoran/Desktop/Purdue/Medical_Imaging/3D-Medical-Segment-Anything/outputs/higher_resolution_true_level0/probability_maps/camri/078_probability.nii.gz,0.9888512173276458,0.20000000298023224,0.03201771868978145,2874,2578,0.8441046611550657,0.8441046611550657,0.9995110676504578,0.9998666548137612,0.9779482844396268,0.9882530379017326,0.9894501213358815,1.1148176881303336,5452,0.9888957055214724,0.20000000298023224,0.0317194292957234,2852,2578,0.844379890917714,0.844379890917714,0.9998369694095328,1.0,0.9780353133911778,0.9883419106676422,0.9894501213358815,1.1062839410395655,5430,0.9902584135597653,0.20000000298023224,0.027980117945025258,2745,2023,0.8632217944921527,0.8632217944921527,0.9998519395913533,0.999955581877406,0.9807047930459556,0.9887998041495808,0.991721332607637,1.356895699456253,4768,0.9902644832412222,0.20000000298023224,0.027812486582450602,2742,2023,0.8632601388868324,0.8632601388868324,0.999896353110147,1.0,0.9807166993788066,0.9888119078512498,0.991721332607637,1.3554127533366287,4765
CAMRI,009,/Users/estebanfelixmoran/Desktop/Purdue/Medical_Imaging/Datasets/Image_Database/CAMRI Rat Brain MRI Data/sub-009/ses-1/anat/sub-009_ses-1_acq-RARE_T2w.nii.gz,/Users/estebanfelixmoran/Desktop/Purdue/Medical_Imaging/Datasets/Mask_Database/RodentBrainMask/CAMRI Rat/CAMRI_Rat-sub-009_ses-1_acq-RARE_T2w_060.nii.gz,/Users/estebanfelixmoran/Desktop/Purdue/Medical_Imaging/3D-Medical-Segment-Anything/outputs/true_full_resolution_level0_decoder/native_predictions/camri/009_prediction.nii.gz,/Users/estebanfelixmoran/Desktop/Purdue/Medical_Imaging/3D-Medical-Segment-Anything/outputs/true_full_resolution_level0_decoder/filtered_predictions/camri/009_prediction.nii.gz,/Users/estebanfelixmoran/Desktop/Purdue/Medical_Imaging/3D-Medical-Segment-Anything/outputs/true_full_resolution_level0_decoder/probability_maps/camri/009_probability.nii.gz,/Users/estebanfelixmoran/Desktop/Purdue/Medical_Imaging/3D-Medical-Segment-Anything/outputs/higher_resolution_true_level0/native_predictions/camri/009_prediction.nii.gz,/Users/estebanfelixmoran/Desktop/Purdue/Medical_Imaging/3D-Medical-Segment-Anything/outputs/higher_resolution_true_level0/filtered_predictions/camri/009_prediction.nii.gz,/Users/estebanfelixmoran/Desktop/Purdue/Medical_Imaging/3D-Medical-Segment-Anything/outputs/higher_resolution_true_level0/probability_maps/camri/009_probability.nii.gz,0.9864702322124924,0.10000000149011612,0.01212567312875461,1925,1607,0.905253370525337,0.9871687587168759,0.99860529986053,0.999628079962808,0.9733016864082,0.9852700365762209,0.9876733554246441,1.1978842563783447,3532,0.9866138474269777,0.10000000149011612,0.011527215466988743,1887,1607,0.9057867642498294,0.9877504186565775,0.9991936984432178,1.0,0.9735813390798079,0.9855566101279775,0.9876733554246441,1.1742377100186683,3494,0.9885326182454371,0.10000000149011612,0.010866482155650364,2026,976,0.9207459568211716,0.9881761200959529,0.9980964172405788,0.999628569217674,0.9773252564315603,0.9845835425892953,0.992513500245459,2.0758196721311477,3002,0.9887403479144617,0.10000000149011612,0.010032371806573922,1971,976,0.9215303593556382,0.9890179677819083,0.9989467162329616,1.0,0.9777314321552981,0.9849957750660384,0.992513500245459,2.019467213114754,2947
CAMRI,099,/Users/estebanfelixmoran/Desktop/Purdue/Medical_Imaging/Datasets/Image_Database/CAMRI Rat Brain MRI Data/sub-099/ses-1/anat/sub-099_ses-1_acq-RARE_T2w.nii.gz,/Users/estebanfelixmoran/Desktop/Purdue/Medical_Imaging/Datasets/Mask_Database/RodentBrainMask/CAMRI Rat/CAMRI_Rat-sub-099_ses-1_acq-RARE_T2w_014.nii.gz,/Users/estebanfelixmoran/Desktop/Purdue/Medical_Imaging/3D-Medical-Segment-Anything/outputs/true_full_resolution_level0_decoder/native_predictions/camri/099_prediction.nii.gz,/Users/estebanfelixmoran/Desktop/Purdue/Medical_Imaging/3D-Medical-Segment-Anything/outputs/true_full_resolution_level0_decoder/filtered_predictions/camri/099_prediction.nii.gz,/Users/estebanfelixmoran/Desktop/Purdue/Medical_Imaging/3D-Medical-Segment-Anything/outputs/true_full_resolution_level0_decoder/probability_maps/camri/099_probability.nii.gz,/Users/estebanfelixmoran/Desktop/Purdue/Medical_Imaging/3D-Medical-Segment-Anything/outputs/higher_resolution_true_level0/native_predictions/camri/099_prediction.nii.gz,/Users/estebanfelixmoran/Desktop/Purdue/Medical_Imaging/3D-Medical-Segment-Anything/outputs/higher_resolution_true_level0/filtered_predictions/camri/099_prediction.nii.gz,/Users/estebanfelixmoran/Desktop/Purdue/Medical_Imaging/3D-Medical-Segment-Anything/outputs/higher_resolution_true_level0/probability_maps/camri/099_probability.nii.gz,0.9876404747862463,0.10000000149011612,0.011494277062566088,2096,1739,0.9109745717629535,0.9859692520480903,0.9986700712841792,1.0,0.9755827353703338,0.9865054531875717,0.9887781111863969,1.2052903967797586,3835,0.9876404747862463,0.10000000149011612,0.011494277062566088,2096,1739,0.9109745717629535,0.9859692520480903,0.9986700712841792,1.0,0.9755827353703338,0.9865054531875717,0.9887781111863969,1.2052903967797586,3835,0.9893460194024758,0.10000000149011612,0.009939829553465519,2031,1279,0.92399229696527,0.9879009230360581,0.9986320472806959,1.0,0.9789166602970776,0.9869571080871068,0.9917465234085115,1.587959343236904,3310,0.9893460194024758,0.10000000149011612,0.009939829553465519,2031,1279,0.92399229696527,0.9879009230360581,0.9986320472806959,1.0,0.9789166602970776,0.9869571080871068,0.9917465234085115,1.587959343236904,3310
Mouse,POLYIC_20190510_mouse34__E2_P1,/Users/estebanfelixmoran/Desktop/Purdue/Medical_Imaging/Datasets/Image_Database/src_adult/POLYIC_20190510_mouse34__E2_P1.nii.gz,/Users/estebanfelixmoran/Desktop/Purdue/Medical_Imaging/Datasets/Mask_Database/label_adult/POLYIC_20190510_mouse34__E2_P1.nii.gz,/Users/estebanfelixmoran/Desktop/Purdue/Medical_Imaging/3D-Medical-Segment-Anything/outputs/true_full_resolution_level0_decoder/native_predictions/mouse/POLYIC_20190510_mouse34__E2_P1_prediction.nii.gz,/Users/estebanfelixmoran/Desktop/Purdue/Medical_Imaging/3D-Medical-Segment-Anything/outputs/true_full_resolution_level0_decoder/filtered_predictions/mouse/POLYIC_20190510_mouse34__E2_P1_prediction.nii.gz,/Users/estebanfelixmoran/Desktop/Purdue/Medical_Imaging/3D-Medical-Segment-Anything/outputs/true_full_resolution_level0_decoder/probability_maps/mouse/POLYIC_20190510_mouse34__E2_P1_probability.nii.gz,/Users/estebanfelixmoran/Desktop/Purdue/Medical_Imaging/3D-Medical-Segment-Anything/outputs/higher_resolution_true_level0/native_predictions/mouse/POLYIC_20190510_mouse34__E2_P1_prediction.nii.gz,/Users/estebanfelixmoran/Desktop/Purdue/Medical_Imaging/3D-Medical-Segment-Anything/outputs/higher_resolution_true_level0/filtered_predictions/mouse/POLYIC_20190510_mouse34__E2_P1_prediction.nii.gz,/Users/estebanfelixmoran/Desktop/Purdue/Medical_Imaging/3D-Medical-Segment-Anything/outputs/higher_resolution_true_level0/probability_maps/mouse/POLYIC_20190510_mouse34__E2_P1_probability.nii.gz,0.9677160617605775,0.20000000298023224,0.044399016121759366,3180,3582,0.6924503038417963,0.9268204758471521,0.9994592645998558,1.0,0.9374514374514374,0.9695769473623788,0.9658623055809699,0.8877721943048577,6762,0.9677160617605775,0.20000000298023224,0.044399016121759366,3180,3582,0.6924503038417963,0.9268204758471521,0.9994592645998558,1.0,0.9374514374514374,0.9695769473623788,0.9658623055809699,0.8877721943048577,6762,0.9749279593539092,0.20000000298023224,0.03470856034128311,3213,2077,0.7547904498411723,0.9494825289476381,1.0,1.0,0.951082383184916,0.96970696937698,0.9802054742299482,1.5469427058257101,5290,0.9749279593539092,0.20000000298023224,0.03470856034128311,3213,2077,0.7547904498411723,0.9494825289476381,1.0,1.0,0.951082383184916,0.96970696937698,0.9802054742299482,1.5469427058257101,5290
Mouse,POLYIC_20190510_mouse35__E3_P1,/Users/estebanfelixmoran/Desktop/Purdue/Medical_Imaging/Datasets/Image_Database/src_adult/POLYIC_20190510_mouse35__E3_P1.nii.gz,/Users/estebanfelixmoran/Desktop/Purdue/Medical_Imaging/Datasets/Mask_Database/label_adult/POLYIC_20190510_mouse35__E3_P1.nii.gz,/Users/estebanfelixmoran/Desktop/Purdue/Medical_Imaging/3D-Medical-Segment-Anything/outputs/true_full_resolution_level0_decoder/native_predictions/mouse/POLYIC_20190510_mouse35__E3_P1_prediction.nii.gz,/Users/estebanfelixmoran/Desktop/Purdue/Medical_Imaging/3D-Medical-Segment-Anything/outputs/true_full_resolution_level0_decoder/filtered_predictions/mouse/POLYIC_20190510_mouse35__E3_P1_prediction.nii.gz,/Users/estebanfelixmoran/Desktop/Purdue/Medical_Imaging/3D-Medical-Segment-Anything/outputs/true_full_resolution_level0_decoder/probability_maps/mouse/POLYIC_20190510_mouse35__E3_P1_probability.nii.gz,/Users/estebanfelixmoran/Desktop/Purdue/Medical_Imaging/3D-Medical-Segment-Anything/outputs/higher_resolution_true_level0/native_predictions/mouse/POLYIC_20190510_mouse35__E3_P1_prediction.nii.gz,/Users/estebanfelixmoran/Desktop/Purdue/Medical_Imaging/3D-Medical-Segment-Anything/outputs/higher_resolution_true_level0/filtered_predictions/mouse/POLYIC_20190510_mouse35__E3_P1_prediction.nii.gz,/Users/estebanfelixmoran/Desktop/Purdue/Medical_Imaging/3D-Medical-Segment-Anything/outputs/higher_resolution_true_level0/probability_maps/mouse/POLYIC_20190510_mouse35__E3_P1_probability.nii.gz,0.9690903656098792,0.20000000298023224,0.03888971931442759,2464,4154,0.6967355062162371,0.9419990178086795,1.0,1.0,0.9400342506093528,0.9768004594714196,0.9615010333738033,0.5931632161771786,6618,0.9690903656098792,0.20000000298023224,0.03888971931442759,2464,4154,0.6967355062162371,0.9419990178086795,1.0,1.0,0.9400342506093528,0.9768004594714196,0.9615010333738033,0.5931632161771786,6618,0.9775985124265117,0.14142135834465194,0.029135896904992718,2618,2225,0.7760523089497343,0.962530649775235,0.9993614630159379,0.9994380874540253,0.956178687441751,0.975824622317438,0.9793788635668542,1.176629213483146,4843,0.9777070505673854,0.14142135834465194,0.028407452406270656,2594,2225,0.776528317317522,0.9631210386424044,0.999974442854222,1.0,0.9563863774175739,0.9760409354564599,0.9793788635668542,1.1658426966292135,4819
Mouse,POLYIC_20190510_mouse37__E2_P1,/Users/estebanfelixmoran/Desktop/Purdue/Medical_Imaging/Datasets/Image_Database/src_adult/POLYIC_20190510_mouse37__E2_P1.nii.gz,/Users/estebanfelixmoran/Desktop/Purdue/Medical_Imaging/Datasets/Mask_Database/label_adult/POLYIC_20190510_mouse37__E2_P1.nii.gz,/Users/estebanfelixmoran/Desktop/Purdue/Medical_Imaging/3D-Medical-Segment-Anything/outputs/true_full_resolution_level0_decoder/native_predictions/mouse/POLYIC_20190510_mouse37__E2_P1_prediction.nii.gz,/Users/estebanfelixmoran/Desktop/Purdue/Medical_Imaging/3D-Medical-Segment-Anything/outputs/true_full_resolution_level0_decoder/filtered_predictions/mouse/POLYIC_20190510_mouse37__E2_P1_prediction.nii.gz,/Users/estebanfelixmoran/Desktop/Purdue/Medical_Imaging/3D-Medical-Segment-Anything/outputs/true_full_resolution_level0_decoder/probability_maps/mouse/POLYIC_20190510_mouse37__E2_P1_probability.nii.gz,/Users/estebanfelixmoran/Desktop/Purdue/Medical_Imaging/3D-Medical-Segment-Anything/outputs/higher_resolution_true_level0/native_predictions/mouse/POLYIC_20190510_mouse37__E2_P1_prediction.nii.gz,/Users/estebanfelixmoran/Desktop/Purdue/Medical_Imaging/3D-Medical-Segment-Anything/outputs/higher_resolution_true_level0/filtered_predictions/mouse/POLYIC_20190510_mouse37__E2_P1_prediction.nii.gz,/Users/estebanfelixmoran/Desktop/Purdue/Medical_Imaging/3D-Medical-Segment-Anything/outputs/higher_resolution_true_level0/probability_maps/mouse/POLYIC_20190510_mouse37__E2_P1_probability.nii.gz,0.975099882296381,0.14142135834465194,0.03308552709943128,2564,3444,0.7397507847426995,0.9547940644915819,0.999952439836393,1.0,0.9514096695404622,0.9786692401124774,0.9715564658661072,0.7444831591173054,6008,0.975099882296381,0.14142135834465194,0.03308552709943128,2564,3444,0.7397507847426995,0.9547940644915819,0.999952439836393,1.0,0.9514096695404622,0.9786692401124774,0.9715564658661072,0.7444831591173054,6008,0.9810286870127125,0.10000000149011612,0.02421230213200227,1836,2741,0.7988244216913158,0.9748056503602579,1.0,1.0,0.9627637937486779,0.9847225342619637,0.9773624485885598,0.6698285297336738,4577,0.9810286870127125,0.10000000149011612,0.02421230213200227,1836,2741,0.7988244216913158,0.9748056503602579,1.0,1.0,0.9627637937486779,0.9847225342619637,0.9773624485885598,0.6698285297336738,4577
Mouse,POLYIC_20190510_mouse38__E2_P1,/Users/estebanfelixmoran/Desktop/Purdue/Medical_Imaging/Datasets/Image_Database/src_adult/POLYIC_20190510_mouse38__E2_P1.nii.gz,/Users/estebanfelixmoran/Desktop/Purdue/Medical_Imaging/Datasets/Mask_Database/label_adult/POLYIC_20190510_mouse38__E2_P1.nii.gz,/Users/estebanfelixmoran/Desktop/Purdue/Medical_Imaging/3D-Medical-Segment-Anything/outputs/true_full_resolution_level0_decoder/native_predictions/mouse/POLYIC_20190510_mouse38__E2_P1_prediction.nii.gz,/Users/estebanfelixmoran/Desktop/Purdue/Medical_Imaging/3D-Medical-Segment-Anything/outputs/true_full_resolution_level0_decoder/filtered_predictions/mouse/POLYIC_20190510_mouse38__E2_P1_prediction.nii.gz,/Users/estebanfelixmoran/Desktop/Purdue/Medical_Imaging/3D-Medical-Segment-Anything/outputs/true_full_resolution_level0_decoder/probability_maps/mouse/POLYIC_20190510_mouse38__E2_P1_probability.nii.gz,/Users/estebanfelixmoran/Desktop/Purdue/Medical_Imaging/3D-Medical-Segment-Anything/outputs/higher_resolution_true_level0/native_predictions/mouse/POLYIC_20190510_mouse38__E2_P1_prediction.nii.gz,/Users/estebanfelixmoran/Desktop/Purdue/Medical_Imaging/3D-Medical-Segment-Anything/outputs/higher_resolution_true_level0/filtered_predictions/mouse/POLYIC_20190510_mouse38__E2_P1_prediction.nii.gz,/Users/estebanfelixmoran/Desktop/Purdue/Medical_Imaging/3D-Medical-Segment-Anything/outputs/higher_resolution_true_level0/probability_maps/mouse/POLYIC_20190510_mouse38__E2_P1_probability.nii.gz,0.9731923565991395,0.14142135834465194,0.033332835387504145,2652,3504,0.7302675053231846,0.9562642257519763,0.9999265767639932,1.0,0.9477844880233426,0.9768165605986433,0.9695949463746486,0.7568493150684932,6156,0.9732050706997688,0.14142135834465194,0.03329832629538313,2649,3504,0.7303211278637165,0.9563344429214803,1.0,1.0,0.9478086061089293,0.9768421788808365,0.9695949463746486,0.7559931506849316,6153,0.9800098738058325,0.10000000149011612,0.024446425538030038,2521,2095,0.7931026048673108,0.9770820594350006,1.0,1.0,0.9608032946970662,0.9782052390421025,0.9818211794106417,1.2033412887828163,4616,0.9800141178712329,0.10000000149011612,0.02443820450517168,2520,2095,0.7931220037178358,0.9771059583211036,1.0,1.0,0.9608114534153052,0.9782136959773146,0.9818211794106417,1.2028639618138426,4615
Mouse,POLYIC_20190510_mouse39__E4_P1,/Users/estebanfelixmoran/Desktop/Purdue/Medical_Imaging/Datasets/Image_Database/src_adult/POLYIC_20190510_mouse39__E4_P1.nii.gz,/Users/estebanfelixmoran/Desktop/Purdue/Medical_Imaging/Datasets/Mask_Database/label_adult/POLYIC_20190510_mouse39__E4_P1.nii.gz,/Users/estebanfelixmoran/Desktop/Purdue/Medical_Imaging/3D-Medical-Segment-Anything/outputs/true_full_resolution_level0_decoder/native_predictions/mouse/POLYIC_20190510_mouse39__E4_P1_prediction.nii.gz,/Users/estebanfelixmoran/Desktop/Purdue/Medical_Imaging/3D-Medical-Segment-Anything/outputs/true_full_resolution_level0_decoder/filtered_predictions/mouse/POLYIC_20190510_mouse39__E4_P1_prediction.nii.gz,/Users/estebanfelixmoran/Desktop/Purdue/Medical_Imaging/3D-Medical-Segment-Anything/outputs/true_full_resolution_level0_decoder/probability_maps/mouse/POLYIC_20190510_mouse39__E4_P1_probability.nii.gz,/Users/estebanfelixmoran/Desktop/Purdue/Medical_Imaging/3D-Medical-Segment-Anything/outputs/higher_resolution_true_level0/native_predictions/mouse/POLYIC_20190510_mouse39__E4_P1_prediction.nii.gz,/Users/estebanfelixmoran/Desktop/Purdue/Medical_Imaging/3D-Medical-Segment-Anything/outputs/higher_resolution_true_level0/filtered_predictions/mouse/POLYIC_20190510_mouse39__E4_P1_prediction.nii.gz,/Users/estebanfelixmoran/Desktop/Purdue/Medical_Imaging/3D-Medical-Segment-Anything/outputs/higher_resolution_true_level0/probability_maps/mouse/POLYIC_20190510_mouse39__E4_P1_probability.nii.gz,0.9731503123539161,0.14142135834465194,0.034075830869378085,2945,3373,0.7265541654543691,0.9543206284550481,1.0,1.0,0.9477047362060689,0.9749235786480019,0.9713834850554429,0.8731099911058405,6318,0.9731503123539161,0.14142135834465194,0.034075830869378085,2945,3373,0.7265541654543691,0.9543206284550481,1.0,1.0,0.9477047362060689,0.9749235786480019,0.9713834850554429,0.8731099911058405,6318,0.9793219226819717,0.10000000149011612,0.025302355629467813,1904,2949,0.7885703187589522,0.9732708601393508,1.0,1.0,0.9594816861897089,0.9837019790454016,0.9749806989115034,0.6456425907087148,4853,0.9793219226819717,0.10000000149011612,0.025302355629467813,1904,2949,0.7885703187589522,0.9732708601393508,1.0,1.0,0.9594816861897089,0.9837019790454016,0.9749806989115034,0.6456425907087148,4853
Mouse,POLYIC_20190510_mouse42__E2_P1,/Users/estebanfelixmoran/Desktop/Purdue/Medical_Imaging/Datasets/Image_Database/src_adult/POLYIC_20190510_mouse42__E2_P1.nii.gz,/Users/estebanfelixmoran/Desktop/Purdue/Medical_Imaging/Datasets/Mask_Database/label_adult/POLYIC_20190510_mouse42__E2_P1.nii.gz,/Users/estebanfelixmoran/Desktop/Purdue/Medical_Imaging/3D-Medical-Segment-Anything/outputs/true_full_resolution_level0_decoder/native_predictions/mouse/POLYIC_20190510_mouse42__E2_P1_prediction.nii.gz,/Users/estebanfelixmoran/Desktop/Purdue/Medical_Imaging/3D-Medical-Segment-Anything/outputs/true_full_resolution_level0_decoder/filtered_predictions/mouse/POLYIC_20190510_mouse42__E2_P1_prediction.nii.gz,/Users/estebanfelixmoran/Desktop/Purdue/Medical_Imaging/3D-Medical-Segment-Anything/outputs/true_full_resolution_level0_decoder/probability_maps/mouse/POLYIC_20190510_mouse42__E2_P1_probability.nii.gz,/Users/estebanfelixmoran/Desktop/Purdue/Medical_Imaging/3D-Medical-Segment-Anything/outputs/higher_resolution_true_level0/native_predictions/mouse/POLYIC_20190510_mouse42__E2_P1_prediction.nii.gz,/Users/estebanfelixmoran/Desktop/Purdue/Medical_Imaging/3D-Medical-Segment-Anything/outputs/higher_resolution_true_level0/filtered_predictions/mouse/POLYIC_20190510_mouse42__E2_P1_prediction.nii.gz,/Users/estebanfelixmoran/Desktop/Purdue/Medical_Imaging/3D-Medical-Segment-Anything/outputs/higher_resolution_true_level0/probability_maps/mouse/POLYIC_20190510_mouse42__E2_P1_probability.nii.gz,0.9707410779236053,0.20000000298023224,0.03908703356018834,2965,3752,0.7098309694967943,0.937755002914319,0.9996599961142413,1.0,0.9431456527627302,0.9740803552695992,0.9674246173347572,0.7902452025586354,6717,0.9707410779236053,0.20000000298023224,0.03908703356018834,2965,3752,0.7098309694967943,0.937755002914319,0.9996599961142413,1.0,0.9431456527627302,0.9740803552695992,0.9674246173347572,0.7902452025586354,6717,0.9796471947842393,0.10000000149011612,0.026509234064009596,1807,2860,0.7918502470728561,0.9688663859204986,1.0,1.0,0.9601063375104714,0.9841666228554404,0.9751690846421657,0.6318181818181818,4667,0.9796471947842393,0.10000000149011612,0.026509234064009596,1807,2860,0.7918502470728561,0.9688663859204986,1.0,1.0,0.9601063375104714,0.9841666228554404,0.9751690846421657,0.6318181818181818,4667
Mouse,POLYIC_20190510_mouse43__E2_P1_1,/Users/estebanfelixmoran/Desktop/Purdue/Medical_Imaging/Datasets/Image_Database/src_adult/POLYIC_20190510_mouse43__E2_P1_1.nii.gz,/Users/estebanfelixmoran/Desktop/Purdue/Medical_Imaging/Datasets/Mask_Database/label_adult/POLYIC_20190510_mouse43__E2_P1_1.nii.gz,/Users/estebanfelixmoran/Desktop/Purdue/Medical_Imaging/3D-Medical-Segment-Anything/outputs/true_full_resolution_level0_decoder/native_predictions/mouse/POLYIC_20190510_mouse43__E2_P1_1_prediction.nii.gz,/Users/estebanfelixmoran/Desktop/Purdue/Medical_Imaging/3D-Medical-Segment-Anything/outputs/true_full_resolution_level0_decoder/filtered_predictions/mouse/POLYIC_20190510_mouse43__E2_P1_1_prediction.nii.gz,/Users/estebanfelixmoran/Desktop/Purdue/Medical_Imaging/3D-Medical-Segment-Anything/outputs/true_full_resolution_level0_decoder/probability_maps/mouse/POLYIC_20190510_mouse43__E2_P1_1_probability.nii.gz,/Users/estebanfelixmoran/Desktop/Purdue/Medical_Imaging/3D-Medical-Segment-Anything/outputs/higher_resolution_true_level0/native_predictions/mouse/POLYIC_20190510_mouse43__E2_P1_1_prediction.nii.gz,/Users/estebanfelixmoran/Desktop/Purdue/Medical_Imaging/3D-Medical-Segment-Anything/outputs/higher_resolution_true_level0/filtered_predictions/mouse/POLYIC_20190510_mouse43__E2_P1_1_prediction.nii.gz,/Users/estebanfelixmoran/Desktop/Purdue/Medical_Imaging/3D-Medical-Segment-Anything/outputs/higher_resolution_true_level0/probability_maps/mouse/POLYIC_20190510_mouse43__E2_P1_1_probability.nii.gz,0.9606419612674943,0.20000000298023224,0.04483268002316404,3106,3123,0.7106570171704272,0.9038172271888747,0.9989215268908755,1.0,0.9242647148224251,0.9607451594964865,0.9605387852061511,0.994556516170349,6229,0.9608483799002724,0.20000000298023224,0.044605067685084925,3072,3123,0.71134342774353,0.904690207664555,0.9989204852134883,1.0,0.9246469536448007,0.9611581742318878,0.9605387852061511,0.983669548511047,6195,0.9722110913936434,0.20000000298023224,0.03061061313775993,1654,2715,0.7785718435884028,0.9457904828307477,0.9999709488118064,1.0,0.9459248715885884,0.9788165983606557,0.9656941408372398,0.609208103130755,4369,0.9722420109912477,0.20000000298023224,0.030568430214321523,1649,2715,0.7786849522038527,0.9458988290670308,1.0,1.0,0.9459834137888352,0.9788792827409543,0.9656941408372398,0.607366482504604,4364
Mouse,POLYIC_20190510_mouse43__E9_P1,/Users/estebanfelixmoran/Desktop/Purdue/Medical_Imaging/Datasets/Image_Database/src_adult/POLYIC_20190510_mouse43__E9_P1.nii.gz,/Users/estebanfelixmoran/Desktop/Purdue/Medical_Imaging/Datasets/Mask_Database/label_adult/POLYIC_20190510_mouse43__E9_P1.nii.gz,/Users/estebanfelixmoran/Desktop/Purdue/Medical_Imaging/3D-Medical-Segment-Anything/outputs/true_full_resolution_level0_decoder/native_predictions/mouse/POLYIC_20190510_mouse43__E9_P1_prediction.nii.gz,/Users/estebanfelixmoran/Desktop/Purdue/Medical_Imaging/3D-Medical-Segment-Anything/outputs/true_full_resolution_level0_decoder/filtered_predictions/mouse/POLYIC_20190510_mouse43__E9_P1_prediction.nii.gz,/Users/estebanfelixmoran/Desktop/Purdue/Medical_Imaging/3D-Medical-Segment-Anything/outputs/true_full_resolution_level0_decoder/probability_maps/mouse/POLYIC_20190510_mouse43__E9_P1_probability.nii.gz,/Users/estebanfelixmoran/Desktop/Purdue/Medical_Imaging/3D-Medical-Segment-Anything/outputs/higher_resolution_true_level0/native_predictions/mouse/POLYIC_20190510_mouse43__E9_P1_prediction.nii.gz,/Users/estebanfelixmoran/Desktop/Purdue/Medical_Imaging/3D-Medical-Segment-Anything/outputs/higher_resolution_true_level0/filtered_predictions/mouse/POLYIC_20190510_mouse43__E9_P1_prediction.nii.gz,/Users/estebanfelixmoran/Desktop/Purdue/Medical_Imaging/3D-Medical-Segment-Anything/outputs/higher_resolution_true_level0/probability_maps/mouse/POLYIC_20190510_mouse43__E9_P1_probability.nii.gz,0.9498054162317934,0.3999999463558197,0.08683234827378415,6992,4887,0.5924098496725998,0.8139583141197085,0.9792492852531587,0.9974407451812229,0.9044089837368934,0.9414317066224389,0.9583294252069886,1.4307346020053202,11879,0.9501225800997548,0.3999999463558197,0.08459614336337086,6913,4887,0.5934908645739496,0.8154436052017647,0.9810361952278659,0.999260850483912,0.9049842982526773,0.942055103392203,0.9583294252069886,1.4145692653979947,11800,0.9531438429585958,0.4000000059604645,0.08674332226720438,7726,3464,0.6189610147360567,0.8332867002424921,0.9650951315053161,0.9968522663682149,0.9104821484284377,0.9364319272003225,0.9704630916548002,2.2303695150115472,11190,0.9531438429585958,0.4000000059604645,0.08674332226720438,7726,3464,0.6189610147360567,0.8332867002424921,0.9650951315053161,0.9968522663682149,0.9104821484284377,0.9364319272003225,0.9704630916548002,2.2303695150115472,11190
Mouse,POLYIC_20190517_mouse33__E2_P1,/Users/estebanfelixmoran/Desktop/Purdue/Medical_Imaging/Datasets/Image_Database/src_adult/POLYIC_20190517_mouse33__E2_P1.nii.gz,/Users/estebanfelixmoran/Desktop/Purdue/Medical_Imaging/Datasets/Mask_Database/label_adult/POLYIC_20190517_mouse33__E2_P1.nii.gz,/Users/estebanfelixmoran/Desktop/Purdue/Medical_Imaging/3D-Medical-Segment-Anything/outputs/true_full_resolution_level0_decoder/native_predictions/mouse/POLYIC_20190517_mouse33__E2_P1_prediction.nii.gz,/Users/estebanfelixmoran/Desktop/Purdue/Medical_Imaging/3D-Medical-Segment-Anything/outputs/true_full_resolution_level0_decoder/filtered_predictions/mouse/POLYIC_20190517_mouse33__E2_P1_prediction.nii.gz,/Users/estebanfelixmoran/Desktop/Purdue/Medical_Imaging/3D-Medical-Segment-Anything/outputs/true_full_resolution_level0_decoder/probability_maps/mouse/POLYIC_20190517_mouse33__E2_P1_probability.nii.gz,/Users/estebanfelixmoran/Desktop/Purdue/Medical_Imaging/3D-Medical-Segment-Anything/outputs/higher_resolution_true_level0/native_predictions/mouse/POLYIC_20190517_mouse33__E2_P1_prediction.nii.gz,/Users/estebanfelixmoran/Desktop/Purdue/Medical_Imaging/3D-Medical-Segment-Anything/outputs/higher_resolution_true_level0/filtered_predictions/mouse/POLYIC_20190517_mouse33__E2_P1_prediction.nii.gz,/Users/estebanfelixmoran/Desktop/Purdue/Medical_Imaging/3D-Medical-Segment-Anything/outputs/higher_resolution_true_level0/probability_maps/mouse/POLYIC_20190517_mouse33__E2_P1_probability.nii.gz,0.9704362358198382,0.20000000298023224,0.03936632925710926,3668,2842,0.7092547924336676,0.9383013837755491,0.9994921924590581,0.9999492192459059,0.9425703094675183,0.9668096349783738,0.9740901465976224,1.29064039408867,6510,0.9704582714569226,0.20000000298023224,0.039140104783649085,3663,2842,0.7093448450990351,0.9384205180294566,0.9996190959878111,1.0,0.9426118869705604,0.9668533784578631,0.9740901465976224,1.288881069669247,6505,0.9780392619016323,0.14142135834465194,0.02924265948764805,3045,1800,0.7756377680658604,0.9611240979774367,0.9999745909137108,1.0,0.9570223448324803,0.9725509992518007,0.9835898183939902,1.6916666666666667,4845,0.9780392619016323,0.14142135834465194,0.02924265948764805,3045,1800,0.7756377680658604,0.9611240979774367,0.9999745909137108,1.0,0.9570223448324803,0.9725509992518007,0.9835898183939902,1.6916666666666667,4845
Mouse,POLYIC_20190517_mouse35__E2_P1,/Users/estebanfelixmoran/Desktop/Purdue/Medical_Imaging/Datasets/Image_Database/src_adult/POLYIC_20190517_mouse35__E2_P1.nii.gz,/Users/estebanfelixmoran/Desktop/Purdue/Medical_Imaging/Datasets/Mask_Database/label_adult/POLYIC_20190517_mouse35__E2_P1.nii.gz,/Users/estebanfelixmoran/Desktop/Purdue/Medical_Imaging/3D-Medical-Segment-Anything/outputs/true_full_resolution_level0_decoder/native_predictions/mouse/POLYIC_20190517_mouse35__E2_P1_prediction.nii.gz,/Users/estebanfelixmoran/Desktop/Purdue/Medical_Imaging/3D-Medical-Segment-Anything/outputs/true_full_resolution_level0_decoder/filtered_predictions/mouse/POLYIC_20190517_mouse35__E2_P1_prediction.nii.gz,/Users/estebanfelixmoran/Desktop/Purdue/Medical_Imaging/3D-Medical-Segment-Anything/outputs/true_full_resolution_level0_decoder/probability_maps/mouse/POLYIC_20190517_mouse35__E2_P1_probability.nii.gz,/Users/estebanfelixmoran/Desktop/Purdue/Medical_Imaging/3D-Medical-Segment-Anything/outputs/higher_resolution_true_level0/native_predictions/mouse/POLYIC_20190517_mouse35__E2_P1_prediction.nii.gz,/Users/estebanfelixmoran/Desktop/Purdue/Medical_Imaging/3D-Medical-Segment-Anything/outputs/higher_resolution_true_level0/filtered_predictions/mouse/POLYIC_20190517_mouse35__E2_P1_prediction.nii.gz,/Users/estebanfelixmoran/Desktop/Purdue/Medical_Imaging/3D-Medical-Segment-Anything/outputs/higher_resolution_true_level0/probability_maps/mouse/POLYIC_20190517_mouse35__E2_P1_probability.nii.gz,0.9725985152873559,0.14142135834465194,0.03415990443128603,2662,3469,0.730108274560445,0.9531886361378762,1.0,1.0,0.9466586624209363,0.9761191351933256,0.9691032001211289,0.767368117613145,6131,0.9725985152873559,0.14142135834465194,0.03415990443128603,2662,3469,0.730108274560445,0.9531886361378762,1.0,1.0,0.9466586624209363,0.9761191351933256,0.9691032001211289,0.767368117613145,6131,0.9795426874138692,0.10000000149011612,0.025215071915302038,2128,2459,0.7976343660298921,0.9707017717509651,1.0,1.0,0.9599055985315327,0.9809908348668108,0.9780988091951156,0.865392435949573,4587,0.9795426874138692,0.10000000149011612,0.025215071915302038,2128,2459,0.7976343660298921,0.9707017717509651,1.0,1.0,0.9599055985315327,0.9809908348668108,0.9780988091951156,0.865392435949573,4587
Mouse,POLYIC_20190517_mouse36__E2_P1,/Users/estebanfelixmoran/Desktop/Purdue/Medical_Imaging/Datasets/Image_Database/src_adult/POLYIC_20190517_mouse36__E2_P1.nii.gz,/Users/estebanfelixmoran/Desktop/Purdue/Medical_Imaging/Datasets/Mask_Database/label_adult/POLYIC_20190517_mouse36__E2_P1.nii.gz,/Users/estebanfelixmoran/Desktop/Purdue/Medical_Imaging/3D-Medical-Segment-Anything/outputs/true_full_resolution_level0_decoder/native_predictions/mouse/POLYIC_20190517_mouse36__E2_P1_prediction.nii.gz,/Users/estebanfelixmoran/Desktop/Purdue/Medical_Imaging/3D-Medical-Segment-Anything/outputs/true_full_resolution_level0_decoder/filtered_predictions/mouse/POLYIC_20190517_mouse36__E2_P1_prediction.nii.gz,/Users/estebanfelixmoran/Desktop/Purdue/Medical_Imaging/3D-Medical-Segment-Anything/outputs/true_full_resolution_level0_decoder/probability_maps/mouse/POLYIC_20190517_mouse36__E2_P1_probability.nii.gz,/Users/estebanfelixmoran/Desktop/Purdue/Medical_Imaging/3D-Medical-Segment-Anything/outputs/higher_resolution_true_level0/native_predictions/mouse/POLYIC_20190517_mouse36__E2_P1_prediction.nii.gz,/Users/estebanfelixmoran/Desktop/Purdue/Medical_Imaging/3D-Medical-Segment-Anything/outputs/higher_resolution_true_level0/filtered_predictions/mouse/POLYIC_20190517_mouse36__E2_P1_prediction.nii.gz,/Users/estebanfelixmoran/Desktop/Purdue/Medical_Imaging/3D-Medical-Segment-Anything/outputs/higher_resolution_true_level0/probability_maps/mouse/POLYIC_20190517_mouse36__E2_P1_probability.nii.gz,0.9725103824566891,0.14142135834465194,0.03310198862349171,2245,4083,0.7329204520808733,0.9567197628744246,0.9999036074896981,1.0,0.9464916879471005,0.9803378905052593,0.9648068817500883,0.5498408033308841,6328,0.9725103824566891,0.14142135834465194,0.03310198862349171,2245,4083,0.7329204520808733,0.9567197628744246,0.9999036074896981,1.0,0.9464916879471005,0.9803378905052593,0.9648068817500883,0.5498408033308841,6328,0.9804691384715166,0.10000000149011612,0.023005462249557407,1879,2638,0.8088739657033217,0.9784626454011273,0.9994963424871087,1.0,0.9616865712153084,0.9836974439952108,0.977261952989648,0.7122820318423048,4517,0.9804691384715166,0.10000000149011612,0.023005462249557407,1879,2638,0.8088739657033217,0.9784626454011273,0.9994963424871087,1.0,0.9616865712153084,0.9836974439952108,0.977261952989648,0.7122820318423048,4517
Mouse,POLYIC_20190517_mouse37__E3_P1,/Users/estebanfelixmoran/Desktop/Purdue/Medical_Imaging/Datasets/Image_Database/src_adult/POLYIC_20190517_mouse37__E3_P1.nii.gz,/Users/estebanfelixmoran/Desktop/Purdue/Medical_Imaging/Datasets/Mask_Database/label_adult/POLYIC_20190517_mouse37__E3_P1.nii.gz,/Users/estebanfelixmoran/Desktop/Purdue/Medical_Imaging/3D-Medical-Segment-Anything/outputs/true_full_resolution_level0_decoder/native_predictions/mouse/POLYIC_20190517_mouse37__E3_P1_prediction.nii.gz,/Users/estebanfelixmoran/Desktop/Purdue/Medical_Imaging/3D-Medical-Segment-Anything/outputs/true_full_resolution_level0_decoder/filtered_predictions/mouse/POLYIC_20190517_mouse37__E3_P1_prediction.nii.gz,/Users/estebanfelixmoran/Desktop/Purdue/Medical_Imaging/3D-Medical-Segment-Anything/outputs/true_full_resolution_level0_decoder/probability_maps/mouse/POLYIC_20190517_mouse37__E3_P1_probability.nii.gz,/Users/estebanfelixmoran/Desktop/Purdue/Medical_Imaging/3D-Medical-Segment-Anything/outputs/higher_resolution_true_level0/native_predictions/mouse/POLYIC_20190517_mouse37__E3_P1_prediction.nii.gz,/Users/estebanfelixmoran/Desktop/Purdue/Medical_Imaging/3D-Medical-Segment-Anything/outputs/higher_resolution_true_level0/filtered_predictions/mouse/POLYIC_20190517_mouse37__E3_P1_prediction.nii.gz,/Users/estebanfelixmoran/Desktop/Purdue/Medical_Imaging/3D-Medical-Segment-Anything/outputs/higher_resolution_true_level0/probability_maps/mouse/POLYIC_20190517_mouse37__E3_P1_probability.nii.gz,0.9674236173862937,0.2109375,0.056732780804789586,13907,5993,0.8500485034069261,0.9316394151541005,0.9919706408293498,0.9929523965358049,0.9369027160368564,0.9550506960403112,0.9801213351510387,2.3205406307358585,19900,0.9684207766414363,0.2109375,0.046604273500466815,13278,5993,0.8561120593255253,0.9382849743982108,0.9990465540580307,1.0,0.9387749915013804,0.9569962819499682,0.9801213351510387,2.215584848990489,19271,0.9741379310344828,0.1988737822087165,0.037859738734399136,12086,3724,0.8947282519993471,0.955233276597729,0.998531091888363,0.9994170999556996,0.9495798319327731,0.9609928963565183,0.9876475641752825,3.245435016111708,15810,0.9742176125116561,0.1988737822087165,0.036972372037906855,12036,3724,0.8952500933184024,0.9557904068682345,0.999113475177305,1.0,0.9497312728258616,0.9611479997804971,0.9876475641752825,3.2320085929108484,15760
Mouse,POLYIC_20190517_mouse38__E3_P1,/Users/estebanfelixmoran/Desktop/Purdue/Medical_Imaging/Datasets/Image_Database/src_adult/POLYIC_20190517_mouse38__E3_P1.nii.gz,/Users/estebanfelixmoran/Desktop/Purdue/Medical_Imaging/Datasets/Mask_Database/label_adult/POLYIC_20190517_mouse38__E3_P1.nii.gz,/Users/estebanfelixmoran/Desktop/Purdue/Medical_Imaging/3D-Medical-Segment-Anything/outputs/true_full_resolution_level0_decoder/native_predictions/mouse/POLYIC_20190517_mouse38__E3_P1_prediction.nii.gz,/Users/estebanfelixmoran/Desktop/Purdue/Medical_Imaging/3D-Medical-Segment-Anything/outputs/true_full_resolution_level0_decoder/filtered_predictions/mouse/POLYIC_20190517_mouse38__E3_P1_prediction.nii.gz,/Users/estebanfelixmoran/Desktop/Purdue/Medical_Imaging/3D-Medical-Segment-Anything/outputs/true_full_resolution_level0_decoder/probability_maps/mouse/POLYIC_20190517_mouse38__E3_P1_probability.nii.gz,/Users/estebanfelixmoran/Desktop/Purdue/Medical_Imaging/3D-Medical-Segment-Anything/outputs/higher_resolution_true_level0/native_predictions/mouse/POLYIC_20190517_mouse38__E3_P1_prediction.nii.gz,/Users/estebanfelixmoran/Desktop/Purdue/Medical_Imaging/3D-Medical-Segment-Anything/outputs/higher_resolution_true_level0/filtered_predictions/mouse/POLYIC_20190517_mouse38__E3_P1_prediction.nii.gz,/Users/estebanfelixmoran/Desktop/Purdue/Medical_Imaging/3D-Medical-Segment-Anything/outputs/higher_resolution_true_level0/probability_maps/mouse/POLYIC_20190517_mouse38__E3_P1_probability.nii.gz,0.9740111239120961,0.14142135834465194,0.033098896592172695,3052,2971,0.7356582088450274,0.9543228410405336,0.9996062313882804,1.0,0.9493388735616715,0.9736708161874444,0.9743516696018509,1.0272635476270615,6023,0.9740111239120961,0.14142135834465194,0.033098896592172695,3052,2971,0.7356582088450274,0.9543228410405336,0.9996062313882804,1.0,0.9493388735616715,0.9736708161874444,0.9743516696018509,1.0272635476270615,6023,0.9814981325217872,0.10000000149011612,0.022161587572418328,1968,2312,0.8083312792703968,0.9807986196697067,1.0,1.0,0.9636684662660011,0.9829598586915111,0.9800407472633723,0.8512110726643599,4280,0.9814981325217872,0.10000000149011612,0.022161587572418328,1968,2312,0.8083312792703968,0.9807986196697067,1.0,1.0,0.9636684662660011,0.9829598586915111,0.9800407472633723,0.8512110726643599,4280
Mouse,POLYIC_20190517_mouse39__E12_P1,/Users/estebanfelixmoran/Desktop/Purdue/Medical_Imaging/Datasets/Image_Database/src_adult/POLYIC_20190517_mouse39__E12_P1.nii.gz,/Users/estebanfelixmoran/Desktop/Purdue/Medical_Imaging/Datasets/Mask_Database/label_adult/POLYIC_20190517_mouse39__E12_P1.nii.gz,/Users/estebanfelixmoran/Desktop/Purdue/Medical_Imaging/3D-Medical-Segment-Anything/outputs/true_full_resolution_level0_decoder/native_predictions/mouse/POLYIC_20190517_mouse39__E12_P1_prediction.nii.gz,/Users/estebanfelixmoran/Desktop/Purdue/Medical_Imaging/3D-Medical-Segment-Anything/outputs/true_full_resolution_level0_decoder/filtered_predictions/mouse/POLYIC_20190517_mouse39__E12_P1_prediction.nii.gz,/Users/estebanfelixmoran/Desktop/Purdue/Medical_Imaging/3D-Medical-Segment-Anything/outputs/true_full_resolution_level0_decoder/probability_maps/mouse/POLYIC_20190517_mouse39__E12_P1_probability.nii.gz,/Users/estebanfelixmoran/Desktop/Purdue/Medical_Imaging/3D-Medical-Segment-Anything/outputs/higher_resolution_true_level0/native_predictions/mouse/POLYIC_20190517_mouse39__E12_P1_prediction.nii.gz,/Users/estebanfelixmoran/Desktop/Purdue/Medical_Imaging/3D-Medical-Segment-Anything/outputs/higher_resolution_true_level0/filtered_predictions/mouse/POLYIC_20190517_mouse39__E12_P1_prediction.nii.gz,/Users/estebanfelixmoran/Desktop/Purdue/Medical_Imaging/3D-Medical-Segment-Anything/outputs/higher_resolution_true_level0/probability_maps/mouse/POLYIC_20190517_mouse39__E12_P1_probability.nii.gz,0.970673912716114,0.2109375,0.04787597815886164,12324,5203,0.8682099779700831,0.939362958094473,0.9955696741763124,0.9974562140188167,0.9430188593368509,0.9592446840173287,0.9823787800277035,2.368633480684221,17527,0.9710232256077557,0.2109375,0.0442289672274171,12109,5203,0.8704878822639299,0.9418275449686379,0.9981817294315769,1.0,0.943678467554607,0.9599271945064946,0.9823787800277035,2.327311166634634,17312,0.9762395092155486,0.1988737822087165,0.03645930679818975,11702,2547,0.9042603307282544,0.9546788747025499,0.9978378247792528,0.9993114861028906,0.9535819344498341,0.9615601923632828,0.9913739674669538,4.594424813506086,14249,0.9763518471575521,0.15722352966795397,0.03535949383157628,11633,2547,0.9050146280132498,0.9554752290916124,0.998646002079354,1.0,0.953796325862979,0.9617781866570287,0.9913739674669538,4.567334118570868,14180
Mouse,POLYIC_20190517_mouse42__E4_P1,/Users/estebanfelixmoran/Desktop/Purdue/Medical_Imaging/Datasets/Image_Database/src_adult/POLYIC_20190517_mouse42__E4_P1.nii.gz,/Users/estebanfelixmoran/Desktop/Purdue/Medical_Imaging/Datasets/Mask_Database/label_adult/POLYIC_20190517_mouse42__E4_P1.nii.gz,/Users/estebanfelixmoran/Desktop/Purdue/Medical_Imaging/3D-Medical-Segment-Anything/outputs/true_full_resolution_level0_decoder/native_predictions/mouse/POLYIC_20190517_mouse42__E4_P1_prediction.nii.gz,/Users/estebanfelixmoran/Desktop/Purdue/Medical_Imaging/3D-Medical-Segment-Anything/outputs/true_full_resolution_level0_decoder/filtered_predictions/mouse/POLYIC_20190517_mouse42__E4_P1_prediction.nii.gz,/Users/estebanfelixmoran/Desktop/Purdue/Medical_Imaging/3D-Medical-Segment-Anything/outputs/true_full_resolution_level0_decoder/probability_maps/mouse/POLYIC_20190517_mouse42__E4_P1_probability.nii.gz,/Users/estebanfelixmoran/Desktop/Purdue/Medical_Imaging/3D-Medical-Segment-Anything/outputs/higher_resolution_true_level0/native_predictions/mouse/POLYIC_20190517_mouse42__E4_P1_prediction.nii.gz,/Users/estebanfelixmoran/Desktop/Purdue/Medical_Imaging/3D-Medical-Segment-Anything/outputs/higher_resolution_true_level0/filtered_predictions/mouse/POLYIC_20190517_mouse42__E4_P1_prediction.nii.gz,/Users/estebanfelixmoran/Desktop/Purdue/Medical_Imaging/3D-Medical-Segment-Anything/outputs/higher_resolution_true_level0/probability_maps/mouse/POLYIC_20190517_mouse42__E4_P1_probability.nii.gz,0.9745764877226154,0.14142135834465194,0.031077600315272718,2494,3476,0.7461890243902439,0.961937881097561,0.9999047256097561,0.9999047256097561,0.9504136350044852,0.9786691755046185,0.9705178877372733,0.7174913693901036,5970,0.9745930891158259,0.14142135834465194,0.03090364145063069,2490,3476,0.7462601238685088,0.9620295378751786,1.0,1.0,0.9504452123064655,0.978702658318793,0.9705178877372733,0.7163406214039125,5966,0.9818470499333486,0.10000000149011612,0.021296577181448263,2013,2263,0.8152905782913901,0.9814240007640513,1.0,1.0,0.9643414084976859,0.9828902186108184,0.9808060931960442,0.8895271763146266,4276,0.9818470499333486,0.10000000149011612,0.021296577181448263,2013,2263,0.8152905782913901,0.9814240007640513,1.0,1.0,0.9643414084976859,0.9828902186108184,0.9808060931960442,0.8895271763146266,4276
Mouse,POLYIC_20190517_mouse43__E3_P1,/Users/estebanfelixmoran/Desktop/Purdue/Medical_Imaging/Datasets/Image_Database/src_adult/POLYIC_20190517_mouse43__E3_P1.nii.gz,/Users/estebanfelixmoran/Desktop/Purdue/Medical_Imaging/Datasets/Mask_Database/label_adult/POLYIC_20190517_mouse43__E3_P1.nii.gz,/Users/estebanfelixmoran/Desktop/Purdue/Medical_Imaging/3D-Medical-Segment-Anything/outputs/true_full_resolution_level0_decoder/native_predictions/mouse/POLYIC_20190517_mouse43__E3_P1_prediction.nii.gz,/Users/estebanfelixmoran/Desktop/Purdue/Medical_Imaging/3D-Medical-Segment-Anything/outputs/true_full_resolution_level0_decoder/filtered_predictions/mouse/POLYIC_20190517_mouse43__E3_P1_prediction.nii.gz,/Users/estebanfelixmoran/Desktop/Purdue/Medical_Imaging/3D-Medical-Segment-Anything/outputs/true_full_resolution_level0_decoder/probability_maps/mouse/POLYIC_20190517_mouse43__E3_P1_probability.nii.gz,/Users/estebanfelixmoran/Desktop/Purdue/Medical_Imaging/3D-Medical-Segment-Anything/outputs/higher_resolution_true_level0/native_predictions/mouse/POLYIC_20190517_mouse43__E3_P1_prediction.nii.gz,/Users/estebanfelixmoran/Desktop/Purdue/Medical_Imaging/3D-Medical-Segment-Anything/outputs/higher_resolution_true_level0/filtered_predictions/mouse/POLYIC_20190517_mouse43__E3_P1_prediction.nii.gz,/Users/estebanfelixmoran/Desktop/Purdue/Medical_Imaging/3D-Medical-Segment-Anything/outputs/higher_resolution_true_level0/probability_maps/mouse/POLYIC_20190517_mouse43__E3_P1_probability.nii.gz,0.9747874560380049,0.14142135834465194,0.031432061929732316,3121,2908,0.7459878512845967,0.9597721524971047,1.0,1.0,0.9508149912708642,0.9739199465195956,0.9756565123852098,1.0732462173314994,6029,0.9747874560380049,0.14142135834465194,0.031432061929732316,3121,2908,0.7459878512845967,0.9597721524971047,1.0,1.0,0.9508149912708642,0.9739199465195956,0.9756565123852098,1.0732462173314994,6029,0.9819537583405678,0.10000000149011612,0.021514787242553925,1916,2387,0.8187944855636218,0.9800657381352125,0.9999763531887725,0.9999763531887725,0.964547304589983,0.9838972652244802,0.9800179143959751,0.802681189777964,4303,0.9819619947911643,0.10000000149011612,0.021463668631316487,1914,2387,0.8188332111523636,0.9801120911864166,1.0,1.0,0.9645631987871897,0.98391380353661,0.9800179143959751,0.8018433179723502,4301
Mouse,POLYIC_20190524_polyic___E3_P1,/Users/estebanfelixmoran/Desktop/Purdue/Medical_Imaging/Datasets/Image_Database/src_adult/POLYIC_20190524_polyic___E3_P1.nii.gz,/Users/estebanfelixmoran/Desktop/Purdue/Medical_Imaging/Datasets/Mask_Database/label_adult/POLYIC_20190524_polyic___E3_P1.nii.gz,/Users/estebanfelixmoran/Desktop/Purdue/Medical_Imaging/3D-Medical-Segment-Anything/outputs/true_full_resolution_level0_decoder/native_predictions/mouse/POLYIC_20190524_polyic___E3_P1_prediction.nii.gz,/Users/estebanfelixmoran/Desktop/Purdue/Medical_Imaging/3D-Medical-Segment-Anything/outputs/true_full_resolution_level0_decoder/filtered_predictions/mouse/POLYIC_20190524_polyic___E3_P1_prediction.nii.gz,/Users/estebanfelixmoran/Desktop/Purdue/Medical_Imaging/3D-Medical-Segment-Anything/outputs/true_full_resolution_level0_decoder/probability_maps/mouse/POLYIC_20190524_polyic___E3_P1_probability.nii.gz,/Users/estebanfelixmoran/Desktop/Purdue/Medical_Imaging/3D-Medical-Segment-Anything/outputs/higher_resolution_true_level0/native_predictions/mouse/POLYIC_20190524_polyic___E3_P1_prediction.nii.gz,/Users/estebanfelixmoran/Desktop/Purdue/Medical_Imaging/3D-Medical-Segment-Anything/outputs/higher_resolution_true_level0/filtered_predictions/mouse/POLYIC_20190524_polyic___E3_P1_prediction.nii.gz,/Users/estebanfelixmoran/Desktop/Purdue/Medical_Imaging/3D-Medical-Segment-Anything/outputs/higher_resolution_true_level0/probability_maps/mouse/POLYIC_20190524_polyic___E3_P1_probability.nii.gz,0.9644964829089602,0.20000000298023224,0.1575293918039693,3918,3981,0.6907448107448108,0.9194139194139194,0.976068376068376,0.9761416361416362,0.9314275296895618,0.9647696720648137,0.9642234484246095,0.984174830444612,7899,0.9707138333484122,0.20000000298023224,0.038493336577210144,2493,3981,0.7076276486628474,0.9418857728967053,0.999924949340805,1.0,0.9430942188859687,0.9772921866176015,0.9642234484246095,0.6262245666917859,6474,0.9793026124004933,0.10000000149011612,0.026302667017409374,2521,2094,0.7886926145232019,0.968931942620717,0.9999008993385031,1.0,0.9594446153170174,0.9774308197777997,0.9811815877922965,1.2039159503342884,4615,0.9793026124004933,0.10000000149011612,0.026302667017409374,2521,2094,0.7886926145232019,0.968931942620717,0.9999008993385031,1.0,0.9594446153170174,0.9774308197777997,0.9811815877922965,1.2039159503342884,4615
Mouse,POLYIC_20190524_polyic___E3_P1_1,/Users/estebanfelixmoran/Desktop/Purdue/Medical_Imaging/Datasets/Image_Database/src_adult/POLYIC_20190524_polyic___E3_P1_1.nii.gz,/Users/estebanfelixmoran/Desktop/Purdue/Medical_Imaging/Datasets/Mask_Database/label_adult/POLYIC_20190524_polyic___E3_P1_1.nii.gz,/Users/estebanfelixmoran/Desktop/Purdue/Medical_Imaging/3D-Medical-Segment-Anything/outputs/true_full_resolution_level0_decoder/native_predictions/mouse/POLYIC_20190524_polyic___E3_P1_1_prediction.nii.gz,/Users/estebanfelixmoran/Desktop/Purdue/Medical_Imaging/3D-Medical-Segment-Anything/outputs/true_full_resolution_level0_decoder/filtered_predictions/mouse/POLYIC_20190524_polyic___E3_P1_1_prediction.nii.gz,/Users/estebanfelixmoran/Desktop/Purdue/Medical_Imaging/3D-Medical-Segment-Anything/outputs/true_full_resolution_level0_decoder/probability_maps/mouse/POLYIC_20190524_polyic___E3_P1_1_probability.nii.gz,/Users/estebanfelixmoran/Desktop/Purdue/Medical_Imaging/3D-Medical-Segment-Anything/outputs/higher_resolution_true_level0/native_predictions/mouse/POLYIC_20190524_polyic___E3_P1_1_prediction.nii.gz,/Users/estebanfelixmoran/Desktop/Purdue/Medical_Imaging/3D-Medical-Segment-Anything/outputs/higher_resolution_true_level0/filtered_predictions/mouse/POLYIC_20190524_polyic___E3_P1_1_prediction.nii.gz,/Users/estebanfelixmoran/Desktop/Purdue/Medical_Imaging/3D-Medical-Segment-Anything/outputs/higher_resolution_true_level0/probability_maps/mouse/POLYIC_20190524_polyic___E3_P1_1_probability.nii.gz,0.975118599775397,0.10000000149011612,0.030498062931765615,2301,3526,0.7418954136931583,0.9678008622159436,0.9999269308522298,1.0,0.9514453082685466,0.9802460444871783,0.970044516940225,0.6525808281338628,5827,0.975118599775397,0.10000000149011612,0.030498062931765615,2301,3526,0.7418954136931583,0.9678008622159436,0.9999269308522298,1.0,0.9514453082685466,0.9802460444871783,0.970044516940225,0.6525808281338628,5827,0.9812994598000111,0.10000000149011612,0.02262324116743698,1945,2448,0.8052775030753274,0.981186232181191,1.0,1.0,0.9632855005724887,0.9834051448317052,0.9792027729636048,0.7945261437908496,4393,0.9812994598000111,0.10000000149011612,0.02262324116743698,1945,2448,0.8052775030753274,0.981186232181191,1.0,1.0,0.9632855005724887,0.9834051448317052,0.9792027729636048,0.7945261437908496,4393
Mouse,POLYIC_20190524_polyic___E3_P1_10,/Users/estebanfelixmoran/Desktop/Purdue/Medical_Imaging/Datasets/Image_Database/src_adult/POLYIC_20190524_polyic___E3_P1_10.nii.gz,/Users/estebanfelixmoran/Desktop/Purdue/Medical_Imaging/Datasets/Mask_Database/label_adult/POLYIC_20190524_polyic___E3_P1_10.nii.gz,/Users/estebanfelixmoran/Desktop/Purdue/Medical_Imaging/3D-Medical-Segment-Anything/outputs/true_full_resolution_level0_decoder/native_predictions/mouse/POLYIC_20190524_polyic___E3_P1_10_prediction.nii.gz,/Users/estebanfelixmoran/Desktop/Purdue/Medical_Imaging/3D-Medical-Segment-Anything/outputs/true_full_resolution_level0_decoder/filtered_predictions/mouse/POLYIC_20190524_polyic___E3_P1_10_prediction.nii.gz,/Users/estebanfelixmoran/Desktop/Purdue/Medical_Imaging/3D-Medical-Segment-Anything/outputs/true_full_resolution_level0_decoder/probability_maps/mouse/POLYIC_20190524_polyic___E3_P1_10_probability.nii.gz,/Users/estebanfelixmoran/Desktop/Purdue/Medical_Imaging/3D-Medical-Segment-Anything/outputs/higher_resolution_true_level0/native_predictions/mouse/POLYIC_20190524_polyic___E3_P1_10_prediction.nii.gz,/Users/estebanfelixmoran/Desktop/Purdue/Medical_Imaging/3D-Medical-Segment-Anything/outputs/higher_resolution_true_level0/filtered_predictions/mouse/POLYIC_20190524_polyic___E3_P1_10_prediction.nii.gz,/Users/estebanfelixmoran/Desktop/Purdue/Medical_Imaging/3D-Medical-Segment-Anything/outputs/higher_resolution_true_level0/probability_maps/mouse/POLYIC_20190524_polyic___E3_P1_10_probability.nii.gz,0.9743202484019563,0.14142135834465194,0.03137049325144597,3085,2696,0.7437285287066558,0.9620622327673563,0.9997281332641309,1.0,0.949926375054136,0.9726395515901874,0.9760067636719619,1.1442878338278932,5781,0.9743202484019563,0.14142135834465194,0.03137049325144597,3085,2696,0.7437285287066558,0.9620622327673563,0.9997281332641309,1.0,0.949926375054136,0.9726395515901874,0.9760067636719619,1.1442878338278932,5781,0.9794620484732909,0.10000000149011612,0.02491561696344552,2693,1938,0.7963492846571287,0.9732363098174642,0.9999753330044401,1.0,0.9597507344122095,0.9761934229137199,0.9827526364971299,1.389576883384933,4631,0.9794620484732909,0.10000000149011612,0.02491561696344552,2693,1938,0.7963492846571287,0.9732363098174642,0.9999753330044401,1.0,0.9597507344122095,0.9761934229137199,0.9827526364971299,1.389576883384933,4631
Mouse,POLYIC_20190524_polyic___E3_P1_12,/Users/estebanfelixmoran/Desktop/Purdue/Medical_Imaging/Datasets/Image_Database/src_adult/POLYIC_20190524_polyic___E3_P1_12.nii.gz,/Users/estebanfelixmoran/Desktop/Purdue/Medical_Imaging/Datasets/Mask_Database/label_adult/POLYIC_20190524_polyic___E3_P1_12.nii.gz,/Users/estebanfelixmoran/Desktop/Purdue/Medical_Imaging/3D-Medical-Segment-Anything/outputs/true_full_resolution_level0_decoder/native_predictions/mouse/POLYIC_20190524_polyic___E3_P1_12_prediction.nii.gz,/Users/estebanfelixmoran/Desktop/Purdue/Medical_Imaging/3D-Medical-Segment-Anything/outputs/true_full_resolution_level0_decoder/filtered_predictions/mouse/POLYIC_20190524_polyic___E3_P1_12_prediction.nii.gz,/Users/estebanfelixmoran/Desktop/Purdue/Medical_Imaging/3D-Medical-Segment-Anything/outputs/true_full_resolution_level0_decoder/probability_maps/mouse/POLYIC_20190524_polyic___E3_P1_12_probability.nii.gz,/Users/estebanfelixmoran/Desktop/Purdue/Medical_Imaging/3D-Medical-Segment-Anything/outputs/higher_resolution_true_level0/native_predictions/mouse/POLYIC_20190524_polyic___E3_P1_12_prediction.nii.gz,/Users/estebanfelixmoran/Desktop/Purdue/Medical_Imaging/3D-Medical-Segment-Anything/outputs/higher_resolution_true_level0/filtered_predictions/mouse/POLYIC_20190524_polyic___E3_P1_12_prediction.nii.gz,/Users/estebanfelixmoran/Desktop/Purdue/Medical_Imaging/3D-Medical-Segment-Anything/outputs/higher_resolution_true_level0/probability_maps/mouse/POLYIC_20190524_polyic___E3_P1_12_probability.nii.gz,0.97112048481586,0.20000000298023224,0.03957603463859261,3657,3210,0.7114267572842932,0.9356113162288644,0.998683065635068,0.9998588998894716,0.9438622020208626,0.9692983192571822,0.9729495141867579,1.139252336448598,6867,0.9711449900115655,0.20000000298023224,0.0392788469748457,3651,3210,0.7115271538443446,0.9357433497189359,0.99882399981184,1.0,0.9439085007930149,0.9693471471269772,0.9729495141867579,1.1373831775700936,6861,0.9786940945725169,0.10000000149011612,0.027502448421044774,2921,2152,0.7861155322535344,0.9662016665106263,0.9989701338825953,0.9995084729894205,0.9582771326117709,0.9755433872534244,0.9818652194797206,1.3573420074349443,5073,0.9787804201913627,0.10000000149011612,0.026689191923131118,2900,2152,0.7865021192890429,0.9666768142753437,0.9994613961548369,1.0,0.9584426694744462,0.9757149436837919,0.9818652194797206,1.3475836431226766,5052
Mouse,POLYIC_20190524_polyic___E3_P1_13,/Users/estebanfelixmoran/Desktop/Purdue/Medical_Imaging/Datasets/Image_Database/src_adult/POLYIC_20190524_polyic___E3_P1_13.nii.gz,/Users/estebanfelixmoran/Desktop/Purdue/Medical_Imaging/Datasets/Mask_Database/label_adult/POLYIC_20190524_polyic___E3_P1_13.nii.gz,/Users/estebanfelixmoran/Desktop/Purdue/Medical_Imaging/3D-Medical-Segment-Anything/outputs/true_full_resolution_level0_decoder/native_predictions/mouse/POLYIC_20190524_polyic___E3_P1_13_prediction.nii.gz,/Users/estebanfelixmoran/Desktop/Purdue/Medical_Imaging/3D-Medical-Segment-Anything/outputs/true_full_resolution_level0_decoder/filtered_predictions/mouse/POLYIC_20190524_polyic___E3_P1_13_prediction.nii.gz,/Users/estebanfelixmoran/Desktop/Purdue/Medical_Imaging/3D-Medical-Segment-Anything/outputs/true_full_resolution_level0_decoder/probability_maps/mouse/POLYIC_20190524_polyic___E3_P1_13_probability.nii.gz,/Users/estebanfelixmoran/Desktop/Purdue/Medical_Imaging/3D-Medical-Segment-Anything/outputs/higher_resolution_true_level0/native_predictions/mouse/POLYIC_20190524_polyic___E3_P1_13_prediction.nii.gz,/Users/estebanfelixmoran/Desktop/Purdue/Medical_Imaging/3D-Medical-Segment-Anything/outputs/higher_resolution_true_level0/filtered_predictions/mouse/POLYIC_20190524_polyic___E3_P1_13_prediction.nii.gz,/Users/estebanfelixmoran/Desktop/Purdue/Medical_Imaging/3D-Medical-Segment-Anything/outputs/higher_resolution_true_level0/probability_maps/mouse/POLYIC_20190524_polyic___E3_P1_13_probability.nii.gz,0.9740066789340966,0.14142135834465194,0.03240582430189199,3354,2367,0.7342442052769509,0.9606645803119355,1.0,1.0,0.949330428313317,0.969658316823622,0.9783942165507421,1.4169835234474017,5721,0.9740066789340966,0.14142135834465194,0.03240582430189199,3354,2367,0.7342442052769509,0.9606645803119355,1.0,1.0,0.949330428313317,0.969658316823622,0.9783942165507421,1.4169835234474017,5721,0.980219820296224,0.10000000149011612,0.023642062176327017,2296,2043,0.7984370242565716,0.9796762407388613,1.0,1.0,0.9612069736253912,0.9790905862103509,0.9813516621939865,1.1238374938815467,4339,0.980219820296224,0.10000000149011612,0.023642062176327017,2296,2043,0.7984370242565716,0.9796762407388613,1.0,1.0,0.9612069736253912,0.9790905862103509,0.9813516621939865,1.1238374938815467,4339
Mouse,POLYIC_20190524_polyic___E3_P1_3,/Users/estebanfelixmoran/Desktop/Purdue/Medical_Imaging/Datasets/Image_Database/src_adult/POLYIC_20190524_polyic___E3_P1_3.nii.gz,/Users/estebanfelixmoran/Desktop/Purdue/Medical_Imaging/Datasets/Mask_Database/label_adult/POLYIC_20190524_polyic___E3_P1_3.nii.gz,/Users/estebanfelixmoran/Desktop/Purdue/Medical_Imaging/3D-Medical-Segment-Anything/outputs/true_full_resolution_level0_decoder/native_predictions/mouse/POLYIC_20190524_polyic___E3_P1_3_prediction.nii.gz,/Users/estebanfelixmoran/Desktop/Purdue/Medical_Imaging/3D-Medical-Segment-Anything/outputs/true_full_resolution_level0_decoder/filtered_predictions/mouse/POLYIC_20190524_polyic___E3_P1_3_prediction.nii.gz,/Users/estebanfelixmoran/Desktop/Purdue/Medical_Imaging/3D-Medical-Segment-Anything/outputs/true_full_resolution_level0_decoder/probability_maps/mouse/POLYIC_20190524_polyic___E3_P1_3_probability.nii.gz,/Users/estebanfelixmoran/Desktop/Purdue/Medical_Imaging/3D-Medical-Segment-Anything/outputs/higher_resolution_true_level0/native_predictions/mouse/POLYIC_20190524_polyic___E3_P1_3_prediction.nii.gz,/Users/estebanfelixmoran/Desktop/Purdue/Medical_Imaging/3D-Medical-Segment-Anything/outputs/higher_resolution_true_level0/filtered_predictions/mouse/POLYIC_20190524_polyic___E3_P1_3_prediction.nii.gz,/Users/estebanfelixmoran/Desktop/Purdue/Medical_Imaging/3D-Medical-Segment-Anything/outputs/higher_resolution_true_level0/probability_maps/mouse/POLYIC_20190524_polyic___E3_P1_3_probability.nii.gz,0.967868817367339,0.20000000298023224,0.0435951066792457,4352,2853,0.6889056750895489,0.9200029240478569,0.9997075952143083,1.0,0.9377381806240872,0.9614416840911507,0.9743824583142526,1.5254118471784086,7205,0.967868817367339,0.20000000298023224,0.0435951066792457,4352,2853,0.6889056750895489,0.9200029240478569,0.9997075952143083,1.0,0.9377381806240872,0.9614416840911507,0.9743824583142526,1.5254118471784086,7205,0.9629349070730203,0.30000000447034836,0.24491232585637324,6369,2047,0.7337184752093919,0.922809215563444,0.9563119185169717,0.9563583211526415,0.9285192546161817,0.9449481809302366,0.981619660767359,3.111382510991695,8416,0.9764336529400994,0.14142135834465194,0.028711301388196785,3230,2047,0.7672190009461656,0.964943351367088,0.9999514786870133,1.0,0.9539524777703121,0.971302153671192,0.981619660767359,1.5779189057156815,5277
Mouse,POLYIC_20190524_polyic___E3_P1_4,/Users/estebanfelixmoran/Desktop/Purdue/Medical_Imaging/Datasets/Image_Database/src_adult/POLYIC_20190524_polyic___E3_P1_4.nii.gz,/Users/estebanfelixmoran/Desktop/Purdue/Medical_Imaging/Datasets/Mask_Database/label_adult/POLYIC_20190524_polyic___E3_P1_4.nii.gz,/Users/estebanfelixmoran/Desktop/Purdue/Medical_Imaging/3D-Medical-Segment-Anything/outputs/true_full_resolution_level0_decoder/native_predictions/mouse/POLYIC_20190524_polyic___E3_P1_4_prediction.nii.gz,/Users/estebanfelixmoran/Desktop/Purdue/Medical_Imaging/3D-Medical-Segment-Anything/outputs/true_full_resolution_level0_decoder/filtered_predictions/mouse/POLYIC_20190524_polyic___E3_P1_4_prediction.nii.gz,/Users/estebanfelixmoran/Desktop/Purdue/Medical_Imaging/3D-Medical-Segment-Anything/outputs/true_full_resolution_level0_decoder/probability_maps/mouse/POLYIC_20190524_polyic___E3_P1_4_probability.nii.gz,/Users/estebanfelixmoran/Desktop/Purdue/Medical_Imaging/3D-Medical-Segment-Anything/outputs/higher_resolution_true_level0/native_predictions/mouse/POLYIC_20190524_polyic___E3_P1_4_prediction.nii.gz,/Users/estebanfelixmoran/Desktop/Purdue/Medical_Imaging/3D-Medical-Segment-Anything/outputs/higher_resolution_true_level0/filtered_predictions/mouse/POLYIC_20190524_polyic___E3_P1_4_prediction.nii.gz,/Users/estebanfelixmoran/Desktop/Purdue/Medical_Imaging/3D-Medical-Segment-Anything/outputs/higher_resolution_true_level0/probability_maps/mouse/POLYIC_20190524_polyic___E3_P1_4_probability.nii.gz,0.9747398259472013,0.10000000149011612,0.03115024377151538,2592,3129,0.7373081761006289,0.96462893081761,1.0,1.0,0.9507243630600679,0.9770564648190275,0.9724341467712095,0.8283796740172579,5721,0.9747398259472013,0.10000000149011612,0.03115024377151538,2592,3129,0.7373081761006289,0.96462893081761,1.0,1.0,0.9507243630600679,0.9770564648190275,0.9724341467712095,0.8283796740172579,5721,0.9806853089691361,0.10000000149011612,0.023986914357335232,2461,1934,0.7958705301481223,0.9817714827190663,0.9994015261084235,0.9994015261084235,0.9621025946141708,0.9784192849689136,0.9829618535811823,1.2724922440537745,4395,0.9807887554225287,0.10000000149011612,0.023057890543396943,2437,1934,0.7963471231099356,0.9823593991716153,1.0,1.0,0.9623017413128412,0.9786252444896635,0.9829618535811823,1.2600827300930713,4371
Mouse,POLYIC_20190524_polyic___E3_P1_5,/Users/estebanfelixmoran/Desktop/Purdue/Medical_Imaging/Datasets/Image_Database/src_adult/POLYIC_20190524_polyic___E3_P1_5.nii.gz,/Users/estebanfelixmoran/Desktop/Purdue/Medical_Imaging/Datasets/Mask_Database/label_adult/POLYIC_20190524_polyic___E3_P1_5.nii.gz,/Users/estebanfelixmoran/Desktop/Purdue/Medical_Imaging/3D-Medical-Segment-Anything/outputs/true_full_resolution_level0_decoder/native_predictions/mouse/POLYIC_20190524_polyic___E3_P1_5_prediction.nii.gz,/Users/estebanfelixmoran/Desktop/Purdue/Medical_Imaging/3D-Medical-Segment-Anything/outputs/true_full_resolution_level0_decoder/filtered_predictions/mouse/POLYIC_20190524_polyic___E3_P1_5_prediction.nii.gz,/Users/estebanfelixmoran/Desktop/Purdue/Medical_Imaging/3D-Medical-Segment-Anything/outputs/true_full_resolution_level0_decoder/probability_maps/mouse/POLYIC_20190524_polyic___E3_P1_5_probability.nii.gz,/Users/estebanfelixmoran/Desktop/Purdue/Medical_Imaging/3D-Medical-Segment-Anything/outputs/higher_resolution_true_level0/native_predictions/mouse/POLYIC_20190524_polyic___E3_P1_5_prediction.nii.gz,/Users/estebanfelixmoran/Desktop/Purdue/Medical_Imaging/3D-Medical-Segment-Anything/outputs/higher_resolution_true_level0/filtered_predictions/mouse/POLYIC_20190524_polyic___E3_P1_5_prediction.nii.gz,/Users/estebanfelixmoran/Desktop/Purdue/Medical_Imaging/3D-Medical-Segment-Anything/outputs/higher_resolution_true_level0/probability_maps/mouse/POLYIC_20190524_polyic___E3_P1_5_probability.nii.gz,0.9739084995585346,0.14142135834465194,0.033660269377300094,3526,2266,0.7361244381596889,0.9541184788647038,0.9998232412504419,1.0,0.9491439107911143,0.9684118110800545,0.9794679424450001,1.5560458958517212,5792,0.9739084995585346,0.14142135834465194,0.033660269377300094,3526,2266,0.7361244381596889,0.9541184788647038,0.9998232412504419,1.0,0.9491439107911143,0.9684118110800545,0.9794679424450001,1.5560458958517212,5792,0.9786359642205349,0.10000000149011612,0.030404350196314912,2964,1777,0.7826371414192249,0.9634876698540513,0.9985908404630096,0.9987921489682939,0.9581656783848652,0.97342919382166,0.9838987350947773,1.6679797411367474,4741,0.9788653358153455,0.10000000149011612,0.02836738455578804,2912,1777,0.7836625680306389,0.9647500503930659,0.9998992138681717,1.0,0.9586055298562802,0.9738831738401241,0.9838987350947773,1.6387169386606641,4689
Mouse,POLYIC_20190524_polyic___E3_P1_6,/Users/estebanfelixmoran/Desktop/Purdue/Medical_Imaging/Datasets/Image_Database/src_adult/POLYIC_20190524_polyic___E3_P1_6.nii.gz,/Users/estebanfelixmoran/Desktop/Purdue/Medical_Imaging/Datasets/Mask_Database/label_adult/POLYIC_20190524_polyic___E3_P1_6.nii.gz,/Users/estebanfelixmoran/Desktop/Purdue/Medical_Imaging/3D-Medical-Segment-Anything/outputs/true_full_resolution_level0_decoder/native_predictions/mouse/POLYIC_20190524_polyic___E3_P1_6_prediction.nii.gz,/Users/estebanfelixmoran/Desktop/Purdue/Medical_Imaging/3D-Medical-Segment-Anything/outputs/true_full_resolution_level0_decoder/filtered_predictions/mouse/POLYIC_20190524_polyic___E3_P1_6_prediction.nii.gz,/Users/estebanfelixmoran/Desktop/Purdue/Medical_Imaging/3D-Medical-Segment-Anything/outputs/true_full_resolution_level0_decoder/probability_maps/mouse/POLYIC_20190524_polyic___E3_P1_6_probability.nii.gz,/Users/estebanfelixmoran/Desktop/Purdue/Medical_Imaging/3D-Medical-Segment-Anything/outputs/higher_resolution_true_level0/native_predictions/mouse/POLYIC_20190524_polyic___E3_P1_6_prediction.nii.gz,/Users/estebanfelixmoran/Desktop/Purdue/Medical_Imaging/3D-Medical-Segment-Anything/outputs/higher_resolution_true_level0/filtered_predictions/mouse/POLYIC_20190524_polyic___E3_P1_6_prediction.nii.gz,/Users/estebanfelixmoran/Desktop/Purdue/Medical_Imaging/3D-Medical-Segment-Anything/outputs/higher_resolution_true_level0/probability_maps/mouse/POLYIC_20190524_polyic___E3_P1_6_probability.nii.gz,0.9701873574039677,0.20000000298023224,0.040816493532751706,2933,4097,0.6961985242188832,0.9310328032535372,0.9999512943525802,0.9999512943525802,0.942100841720338,0.9750002130905805,0.9654217833481031,0.7158896753722236,7030,0.970195586164781,0.20000000298023224,0.04074054879052384,2931,4097,0.6962324346703684,0.9310781520177297,1.0,1.0,0.9421163602820056,0.9750168344428438,0.9654217833481031,0.7154015133024164,7028,0.976444071616801,0.14142135834465194,0.03079691263220829,2312,3248,0.7635595893901521,0.9546921639527265,0.9996602518989492,1.0,0.9539723668634155,0.9803316063939294,0.9725872473308858,0.7118226600985221,5560,0.976444071616801,0.14142135834465194,0.03079691263220829,2312,3248,0.7635595893901521,0.9546921639527265,0.9996602518989492,1.0,0.9539723668634155,0.9803316063939294,0.9725872473308858,0.7118226600985221,5560
Mouse,POLYIC_20190524_polyic___E3_P1_7,/Users/estebanfelixmoran/Desktop/Purdue/Medical_Imaging/Datasets/Image_Database/src_adult/POLYIC_20190524_polyic___E3_P1_7.nii.gz,/Users/estebanfelixmoran/Desktop/Purdue/Medical_Imaging/Datasets/Mask_Database/label_adult/POLYIC_20190524_polyic___E3_P1_7.nii.gz,/Users/estebanfelixmoran/Desktop/Purdue/Medical_Imaging/3D-Medical-Segment-Anything/outputs/true_full_resolution_level0_decoder/native_predictions/mouse/POLYIC_20190524_polyic___E3_P1_7_prediction.nii.gz,/Users/estebanfelixmoran/Desktop/Purdue/Medical_Imaging/3D-Medical-Segment-Anything/outputs/true_full_resolution_level0_decoder/filtered_predictions/mouse/POLYIC_20190524_polyic___E3_P1_7_prediction.nii.gz,/Users/estebanfelixmoran/Desktop/Purdue/Medical_Imaging/3D-Medical-Segment-Anything/outputs/true_full_resolution_level0_decoder/probability_maps/mouse/POLYIC_20190524_polyic___E3_P1_7_probability.nii.gz,/Users/estebanfelixmoran/Desktop/Purdue/Medical_Imaging/3D-Medical-Segment-Anything/outputs/higher_resolution_true_level0/native_predictions/mouse/POLYIC_20190524_polyic___E3_P1_7_prediction.nii.gz,/Users/estebanfelixmoran/Desktop/Purdue/Medical_Imaging/3D-Medical-Segment-Anything/outputs/higher_resolution_true_level0/filtered_predictions/mouse/POLYIC_20190524_polyic___E3_P1_7_prediction.nii.gz,/Users/estebanfelixmoran/Desktop/Purdue/Medical_Imaging/3D-Medical-Segment-Anything/outputs/higher_resolution_true_level0/probability_maps/mouse/POLYIC_20190524_polyic___E3_P1_7_probability.nii.gz,0.9712605742267414,0.20000000298023224,0.03579515100372385,3087,3052,0.7254325657474379,0.9491910956628415,0.9985432054591459,1.0,0.9441269090048601,0.9711014585010578,0.9714197421034395,1.011467889908257,6139,0.9712605742267414,0.20000000298023224,0.03579515100372385,3087,3052,0.7254325657474379,0.9491910956628415,0.9985432054591459,1.0,0.9441269090048601,0.9711014585010578,0.9714197421034395,1.011467889908257,6139,0.9784941715140048,0.10000000149011612,0.02490220538732102,2532,2071,0.7918853810067199,0.9766451122099657,0.999670343603398,1.0,0.9578938702329879,0.9763911681336714,0.9806062535701912,1.2225977788507967,4603,0.9784941715140048,0.10000000149011612,0.02490220538732102,2532,2071,0.7918853810067199,0.9766451122099657,0.999670343603398,1.0,0.9578938702329879,0.9763911681336714,0.9806062535701912,1.2225977788507967,4603
Mouse,POLYIC_20190524_polyic___E3_P1_9,/Users/estebanfelixmoran/Desktop/Purdue/Medical_Imaging/Datasets/Image_Database/src_adult/POLYIC_20190524_polyic___E3_P1_9.nii.gz,/Users/estebanfelixmoran/Desktop/Purdue/Medical_Imaging/Datasets/Mask_Database/label_adult/POLYIC_20190524_polyic___E3_P1_9.nii.gz,/Users/estebanfelixmoran/Desktop/Purdue/Medical_Imaging/3D-Medical-Segment-Anything/outputs/true_full_resolution_level0_decoder/native_predictions/mouse/POLYIC_20190524_polyic___E3_P1_9_prediction.nii.gz,/Users/estebanfelixmoran/Desktop/Purdue/Medical_Imaging/3D-Medical-Segment-Anything/outputs/true_full_resolution_level0_decoder/filtered_predictions/mouse/POLYIC_20190524_polyic___E3_P1_9_prediction.nii.gz,/Users/estebanfelixmoran/Desktop/Purdue/Medical_Imaging/3D-Medical-Segment-Anything/outputs/true_full_resolution_level0_decoder/probability_maps/mouse/POLYIC_20190524_polyic___E3_P1_9_probability.nii.gz,/Users/estebanfelixmoran/Desktop/Purdue/Medical_Imaging/3D-Medical-Segment-Anything/outputs/higher_resolution_true_level0/native_predictions/mouse/POLYIC_20190524_polyic___E3_P1_9_prediction.nii.gz,/Users/estebanfelixmoran/Desktop/Purdue/Medical_Imaging/3D-Medical-Segment-Anything/outputs/higher_resolution_true_level0/filtered_predictions/mouse/POLYIC_20190524_polyic___E3_P1_9_prediction.nii.gz,/Users/estebanfelixmoran/Desktop/Purdue/Medical_Imaging/3D-Medical-Segment-Anything/outputs/higher_resolution_true_level0/probability_maps/mouse/POLYIC_20190524_polyic___E3_P1_9_probability.nii.gz,0.9735041998902997,0.14142135834465194,0.03148903342638875,2721,3124,0.7385323395527987,0.9605822620179081,1.0,1.0,0.9483762133135494,0.9752858790724711,0.9717290184793036,0.8709987195902689,5845,0.9735041998902997,0.14142135834465194,0.03148903342638875,2721,3124,0.7385323395527987,0.9605822620179081,1.0,1.0,0.9483762133135494,0.9752858790724711,0.9717290184793036,0.8709987195902689,5845,0.9815923768233753,0.10000000149011612,0.020744587988785052,2251,1825,0.8127962673417218,0.9863996227632591,1.0,1.0,0.9638501858043689,0.9797075580556758,0.9834844618196956,1.2334246575342467,4076,0.9815923768233753,0.10000000149011612,0.020744587988785052,2251,1825,0.8127962673417218,0.9863996227632591,1.0,1.0,0.9638501858043689,0.9797075580556758,0.9834844618196956,1.2334246575342467,4076
Mouse,POLYIC_20190524_polyic___E4_P1_1,/Users/estebanfelixmoran/Desktop/Purdue/Medical_Imaging/Datasets/Image_Database/src_adult/POLYIC_20190524_polyic___E4_P1_1.nii.gz,/Users/estebanfelixmoran/Desktop/Purdue/Medical_Imaging/Datasets/Mask_Database/label_adult/POLYIC_20190524_polyic___E4_P1_1.nii.gz,/Users/estebanfelixmoran/Desktop/Purdue/Medical_Imaging/3D-Medical-Segment-Anything/outputs/true_full_resolution_level0_decoder/native_predictions/mouse/POLYIC_20190524_polyic___E4_P1_1_prediction.nii.gz,/Users/estebanfelixmoran/Desktop/Purdue/Medical_Imaging/3D-Medical-Segment-Anything/outputs/true_full_resolution_level0_decoder/filtered_predictions/mouse/POLYIC_20190524_polyic___E4_P1_1_prediction.nii.gz,/Users/estebanfelixmoran/Desktop/Purdue/Medical_Imaging/3D-Medical-Segment-Anything/outputs/true_full_resolution_level0_decoder/probability_maps/mouse/POLYIC_20190524_polyic___E4_P1_1_probability.nii.gz,/Users/estebanfelixmoran/Desktop/Purdue/Medical_Imaging/3D-Medical-Segment-Anything/outputs/higher_resolution_true_level0/native_predictions/mouse/POLYIC_20190524_polyic___E4_P1_1_prediction.nii.gz,/Users/estebanfelixmoran/Desktop/Purdue/Medical_Imaging/3D-Medical-Segment-Anything/outputs/higher_resolution_true_level0/filtered_predictions/mouse/POLYIC_20190524_polyic___E4_P1_1_prediction.nii.gz,/Users/estebanfelixmoran/Desktop/Purdue/Medical_Imaging/3D-Medical-Segment-Anything/outputs/higher_resolution_true_level0/probability_maps/mouse/POLYIC_20190524_polyic___E4_P1_1_probability.nii.gz,0.9726436996733643,0.14142135834465194,0.034908864068396946,2695,3444,0.7294885853853056,0.9506778985146047,0.9997507726049247,1.0,0.9467442788486562,0.9759009210408656,0.9694081489442969,0.782520325203252,6139,0.9726436996733643,0.14142135834465194,0.034908864068396946,2695,3444,0.7294885853853056,0.9506778985146047,0.9997507726049247,1.0,0.9467442788486562,0.9759009210408656,0.9694081489442969,0.782520325203252,6139,0.9784569896782352,0.10000000149011612,0.027792490143404066,2127,2711,0.7863729252853512,0.9645367093654987,0.9996510990380302,1.0,0.9578226073614283,0.9810080807178891,0.9759191323426216,0.7845813353006271,4838,0.9784569896782352,0.10000000149011612,0.027792490143404066,2127,2711,0.7863729252853512,0.9645367093654987,0.9996510990380302,1.0,0.9578226073614283,0.9810080807178891,0.9759191323426216,0.7845813353006271,4838
Mouse,POLYIC_20190524_polyic___E4_P1_7,/Users/estebanfelixmoran/Desktop/Purdue/Medical_Imaging/Datasets/Image_Database/src_adult/POLYIC_20190524_polyic___E4_P1_7.nii.gz,/Users/estebanfelixmoran/Desktop/Purdue/Medical_Imaging/Datasets/Mask_Database/label_adult/POLYIC_20190524_polyic___E4_P1_7.nii.gz,/Users/estebanfelixmoran/Desktop/Purdue/Medical_Imaging/3D-Medical-Segment-Anything/outputs/true_full_resolution_level0_decoder/native_predictions/mouse/POLYIC_20190524_polyic___E4_P1_7_prediction.nii.gz,/Users/estebanfelixmoran/Desktop/Purdue/Medical_Imaging/3D-Medical-Segment-Anything/outputs/true_full_resolution_level0_decoder/filtered_predictions/mouse/POLYIC_20190524_polyic___E4_P1_7_prediction.nii.gz,/Users/estebanfelixmoran/Desktop/Purdue/Medical_Imaging/3D-Medical-Segment-Anything/outputs/true_full_resolution_level0_decoder/probability_maps/mouse/POLYIC_20190524_polyic___E4_P1_7_probability.nii.gz,/Users/estebanfelixmoran/Desktop/Purdue/Medical_Imaging/3D-Medical-Segment-Anything/outputs/higher_resolution_true_level0/native_predictions/mouse/POLYIC_20190524_polyic___E4_P1_7_prediction.nii.gz,/Users/estebanfelixmoran/Desktop/Purdue/Medical_Imaging/3D-Medical-Segment-Anything/outputs/higher_resolution_true_level0/filtered_predictions/mouse/POLYIC_20190524_polyic___E4_P1_7_prediction.nii.gz,/Users/estebanfelixmoran/Desktop/Purdue/Medical_Imaging/3D-Medical-Segment-Anything/outputs/higher_resolution_true_level0/probability_maps/mouse/POLYIC_20190524_polyic___E4_P1_7_probability.nii.gz,0.9729719829855817,0.14142135834465194,0.033278206572928945,2995,2908,0.7346215210069137,0.9564160356573049,0.9996961025147517,1.0,0.9473665439176838,0.9725845576456589,0.9733597171073123,1.029917469050894,5903,0.9729719829855817,0.14142135834465194,0.033278206572928945,2995,2908,0.7346215210069137,0.9564160356573049,0.9996961025147517,1.0,0.9473665439176838,0.9725845576456589,0.9733597171073123,1.029917469050894,5903,0.9782082103127085,0.10000000149011612,0.04856436900543696,2625,2143,0.7921920710178554,0.9673156461212549,0.9949561182285888,0.9959144557651569,0.9573459291663312,0.9760580080262677,0.9803679070704849,1.2249183387774147,4768,0.9789330210944218,0.10000000149011612,0.025593005832881585,2463,2143,0.7954418840212713,0.9712838693340086,0.9990377310711572,1.0,0.9587353634172782,0.9775023292350975,0.9803679070704849,1.1493233784414372,4606
Mouse,POLYIC_20190524_polyic___E4_P1_9,/Users/estebanfelixmoran/Desktop/Purdue/Medical_Imaging/Datasets/Image_Database/src_adult/POLYIC_20190524_polyic___E4_P1_9.nii.gz,/Users/estebanfelixmoran/Desktop/Purdue/Medical_Imaging/Datasets/Mask_Database/label_adult/POLYIC_20190524_polyic___E4_P1_9.nii.gz,/Users/estebanfelixmoran/Desktop/Purdue/Medical_Imaging/3D-Medical-Segment-Anything/outputs/true_full_resolution_level0_decoder/native_predictions/mouse/POLYIC_20190524_polyic___E4_P1_9_prediction.nii.gz,/Users/estebanfelixmoran/Desktop/Purdue/Medical_Imaging/3D-Medical-Segment-Anything/outputs/true_full_resolution_level0_decoder/filtered_predictions/mouse/POLYIC_20190524_polyic___E4_P1_9_prediction.nii.gz,/Users/estebanfelixmoran/Desktop/Purdue/Medical_Imaging/3D-Medical-Segment-Anything/outputs/true_full_resolution_level0_decoder/probability_maps/mouse/POLYIC_20190524_polyic___E4_P1_9_probability.nii.gz,/Users/estebanfelixmoran/Desktop/Purdue/Medical_Imaging/3D-Medical-Segment-Anything/outputs/higher_resolution_true_level0/native_predictions/mouse/POLYIC_20190524_polyic___E4_P1_9_prediction.nii.gz,/Users/estebanfelixmoran/Desktop/Purdue/Medical_Imaging/3D-Medical-Segment-Anything/outputs/higher_resolution_true_level0/filtered_predictions/mouse/POLYIC_20190524_polyic___E4_P1_9_prediction.nii.gz,/Users/estebanfelixmoran/Desktop/Purdue/Medical_Imaging/3D-Medical-Segment-Anything/outputs/higher_resolution_true_level0/probability_maps/mouse/POLYIC_20190524_polyic___E4_P1_9_probability.nii.gz,0.9658358705657438,0.20000000298023224,0.04469531681519151,2477,5243,0.6659566227730441,0.9263410147172735,0.9998305577072037,1.0,0.9339289993495601,0.9778048583794052,0.9541563562915876,0.4724394430669464,7720,0.9658358705657438,0.20000000298023224,0.04469531681519151,2477,5243,0.6659566227730441,0.9263410147172735,0.9998305577072037,1.0,0.9339289993495601,0.9778048583794052,0.9541563562915876,0.4724394430669464,7720,0.9758273634246033,0.14142135834465194,0.029731754305147847,2148,3352,0.7616625490481035,0.9655088892118394,0.9990311485733663,1.0,0.9527957773677209,0.9810185307918666,0.970690846135686,0.6408114558472554,5500,0.975835941070989,0.14142135834465194,0.029718683697193,2146,3352,0.7616994477279333,0.9655556632109292,0.9990311016374382,1.0,0.9528121325517325,0.9810358692482393,0.970690846135686,0.6402147971360382,5498
Mouse,POLYIC_20190524_polyic___E8_P1_1,/Users/estebanfelixmoran/Desktop/Purdue/Medical_Imaging/Datasets/Image_Database/src_adult/POLYIC_20190524_polyic___E8_P1_1.nii.gz,/Users/estebanfelixmoran/Desktop/Purdue/Medical_Imaging/Datasets/Mask_Database/label_adult/POLYIC_20190524_polyic___E8_P1_1.nii.gz,/Users/estebanfelixmoran/Desktop/Purdue/Medical_Imaging/3D-Medical-Segment-Anything/outputs/true_full_resolution_level0_decoder/native_predictions/mouse/POLYIC_20190524_polyic___E8_P1_1_prediction.nii.gz,/Users/estebanfelixmoran/Desktop/Purdue/Medical_Imaging/3D-Medical-Segment-Anything/outputs/true_full_resolution_level0_decoder/filtered_predictions/mouse/POLYIC_20190524_polyic___E8_P1_1_prediction.nii.gz,/Users/estebanfelixmoran/Desktop/Purdue/Medical_Imaging/3D-Medical-Segment-Anything/outputs/true_full_resolution_level0_decoder/probability_maps/mouse/POLYIC_20190524_polyic___E8_P1_1_probability.nii.gz,/Users/estebanfelixmoran/Desktop/Purdue/Medical_Imaging/3D-Medical-Segment-Anything/outputs/higher_resolution_true_level0/native_predictions/mouse/POLYIC_20190524_polyic___E8_P1_1_prediction.nii.gz,/Users/estebanfelixmoran/Desktop/Purdue/Medical_Imaging/3D-Medical-Segment-Anything/outputs/higher_resolution_true_level0/filtered_predictions/mouse/POLYIC_20190524_polyic___E8_P1_1_prediction.nii.gz,/Users/estebanfelixmoran/Desktop/Purdue/Medical_Imaging/3D-Medical-Segment-Anything/outputs/higher_resolution_true_level0/probability_maps/mouse/POLYIC_20190524_polyic___E8_P1_1_probability.nii.gz,0.9697737221123977,0.20000000298023224,0.04029014163153732,4272,2578,0.7055614787632343,0.9310455976792046,0.9993801294289753,1.0,0.9413210892861732,0.962578508921767,0.9770773129418041,1.6570985259891389,6850,0.9697865599392819,0.20000000298023224,0.04024622147877167,4269,2578,0.7056139654830391,0.9311148581630628,0.999454473318786,1.0,0.9413452807236966,0.9626038053190371,0.9770773129418041,1.6559348332040342,6847,0.9762383323099486,0.14142135834465194,0.03096047760845959,3411,1968,0.7615566969577242,0.9569093243777164,0.9999753062030818,1.0,0.9535796886326763,0.9700547810513748,0.9825012226025874,1.733231707317073,5379,0.9762383323099486,0.14142135834465194,0.03096047760845959,3411,1968,0.7615566969577242,0.9569093243777164,0.9999753062030818,1.0,0.9535796886326763,0.9700547810513748,0.9825012226025874,1.733231707317073,5379
Mouse,POLYIC_20190524_polyic___E9_P1_1,/Users/estebanfelixmoran/Desktop/Purdue/Medical_Imaging/Datasets/Image_Database/src_adult/POLYIC_20190524_polyic___E9_P1_1.nii.gz,/Users/estebanfelixmoran/Desktop/Purdue/Medical_Imaging/Datasets/Mask_Database/label_adult/POLYIC_20190524_polyic___E9_P1_1.nii.gz,/Users/estebanfelixmoran/Desktop/Purdue/Medical_Imaging/3D-Medical-Segment-Anything/outputs/true_full_resolution_level0_decoder/native_predictions/mouse/POLYIC_20190524_polyic___E9_P1_1_prediction.nii.gz,/Users/estebanfelixmoran/Desktop/Purdue/Medical_Imaging/3D-Medical-Segment-Anything/outputs/true_full_resolution_level0_decoder/filtered_predictions/mouse/POLYIC_20190524_polyic___E9_P1_1_prediction.nii.gz,/Users/estebanfelixmoran/Desktop/Purdue/Medical_Imaging/3D-Medical-Segment-Anything/outputs/true_full_resolution_level0_decoder/probability_maps/mouse/POLYIC_20190524_polyic___E9_P1_1_probability.nii.gz,/Users/estebanfelixmoran/Desktop/Purdue/Medical_Imaging/3D-Medical-Segment-Anything/outputs/higher_resolution_true_level0/native_predictions/mouse/POLYIC_20190524_polyic___E9_P1_1_prediction.nii.gz,/Users/estebanfelixmoran/Desktop/Purdue/Medical_Imaging/3D-Medical-Segment-Anything/outputs/higher_resolution_true_level0/filtered_predictions/mouse/POLYIC_20190524_polyic___E9_P1_1_prediction.nii.gz,/Users/estebanfelixmoran/Desktop/Purdue/Medical_Imaging/3D-Medical-Segment-Anything/outputs/higher_resolution_true_level0/probability_maps/mouse/POLYIC_20190524_polyic___E9_P1_1_probability.nii.gz,0.9662498562250448,0.30000000447034836,0.06245391224029075,4362,3854,0.6784787064450012,0.8966066955135504,0.9903894329309952,0.994511500797085,0.9347034794080714,0.96423769389696,0.9682704340380689,1.131811105345096,8216,0.9663570369213956,0.30000000447034836,0.059698345973782554,4335,3854,0.6788961556867124,0.8971583528929198,0.9909987922430098,0.9951233963038079,0.9349040930373056,0.9644511870105376,0.9682704340380689,1.1248053969901401,8189,0.9730556274894258,0.20000000298023224,0.046534533176108735,3453,3102,0.745644124395175,0.931373662570137,0.9912541741441585,0.9953658481179437,0.9475251567040515,0.9716537372244798,0.9744615688599091,1.1131528046421664,6555,0.9730556274894258,0.20000000298023224,0.046534533176108735,3453,3102,0.745644124395175,0.931373662570137,0.9912541741441585,0.9953658481179437,0.9475251567040515,0.9716537372244798,0.9744615688599091,1.1131528046421664,6555
Mouse,POLYIC_20190531_polyic_m__E3_P1,/Users/estebanfelixmoran/Desktop/Purdue/Medical_Imaging/Datasets/Image_Database/src_adult/POLYIC_20190531_polyic_m__E3_P1.nii.gz,/Users/estebanfelixmoran/Desktop/Purdue/Medical_Imaging/Datasets/Mask_Database/label_adult/POLYIC_20190531_polyic_m__E3_P1.nii.gz,/Users/estebanfelixmoran/Desktop/Purdue/Medical_Imaging/3D-Medical-Segment-Anything/outputs/true_full_resolution_level0_decoder/native_predictions/mouse/POLYIC_20190531_polyic_m__E3_P1_prediction.nii.gz,/Users/estebanfelixmoran/Desktop/Purdue/Medical_Imaging/3D-Medical-Segment-Anything/outputs/true_full_resolution_level0_decoder/filtered_predictions/mouse/POLYIC_20190531_polyic_m__E3_P1_prediction.nii.gz,/Users/estebanfelixmoran/Desktop/Purdue/Medical_Imaging/3D-Medical-Segment-Anything/outputs/true_full_resolution_level0_decoder/probability_maps/mouse/POLYIC_20190531_polyic_m__E3_P1_probability.nii.gz,/Users/estebanfelixmoran/Desktop/Purdue/Medical_Imaging/3D-Medical-Segment-Anything/outputs/higher_resolution_true_level0/native_predictions/mouse/POLYIC_20190531_polyic_m__E3_P1_prediction.nii.gz,/Users/estebanfelixmoran/Desktop/Purdue/Medical_Imaging/3D-Medical-Segment-Anything/outputs/higher_resolution_true_level0/filtered_predictions/mouse/POLYIC_20190531_polyic_m__E3_P1_prediction.nii.gz,/Users/estebanfelixmoran/Desktop/Purdue/Medical_Imaging/3D-Medical-Segment-Anything/outputs/higher_resolution_true_level0/probability_maps/mouse/POLYIC_20190531_polyic_m__E3_P1_probability.nii.gz,0.9739224871681054,0.14142135834465194,0.03130516332651259,2626,3425,0.7424615236165388,0.9631639889998552,0.9999035075022917,1.0,0.9491704817505985,0.9772876664936863,0.9705804035423771,0.7667153284671533,6051,0.9739224871681054,0.14142135834465194,0.03130516332651259,2626,3425,0.7424615236165388,0.9631639889998552,0.9999035075022917,1.0,0.9491704817505985,0.9772876664936863,0.9705804035423771,0.7667153284671533,6051,0.9798007652269829,0.10000000149011612,0.024229025694166795,1969,2719,0.8011643852094209,0.9746914619770491,0.998869295354488,0.9998556547261048,0.9604013920329764,0.9829772886425923,0.9766447057610871,0.7241632953291651,4688,0.9798429838244038,0.10000000149011612,0.023989534995794457,1959,2719,0.8013571720769064,0.974926005245807,0.9991096566162139,1.0,0.9604825220902533,0.9830622779031463,0.9766447057610871,0.7204854726002207,4678
Mouse,POLYIC_20190531_polyic_m__E3_P1_1,/Users/estebanfelixmoran/Desktop/Purdue/Medical_Imaging/Datasets/Image_Database/src_adult/POLYIC_20190531_polyic_m__E3_P1_1.nii.gz,/Users/estebanfelixmoran/Desktop/Purdue/Medical_Imaging/Datasets/Mask_Database/label_adult/POLYIC_20190531_polyic_m__E3_P1_1.nii.gz,/Users/estebanfelixmoran/Desktop/Purdue/Medical_Imaging/3D-Medical-Segment-Anything/outputs/true_full_resolution_level0_decoder/native_predictions/mouse/POLYIC_20190531_polyic_m__E3_P1_1_prediction.nii.gz,/Users/estebanfelixmoran/Desktop/Purdue/Medical_Imaging/3D-Medical-Segment-Anything/outputs/true_full_resolution_level0_decoder/filtered_predictions/mouse/POLYIC_20190531_polyic_m__E3_P1_1_prediction.nii.gz,/Users/estebanfelixmoran/Desktop/Purdue/Medical_Imaging/3D-Medical-Segment-Anything/outputs/true_full_resolution_level0_decoder/probability_maps/mouse/POLYIC_20190531_polyic_m__E3_P1_1_probability.nii.gz,/Users/estebanfelixmoran/Desktop/Purdue/Medical_Imaging/3D-Medical-Segment-Anything/outputs/higher_resolution_true_level0/native_predictions/mouse/POLYIC_20190531_polyic_m__E3_P1_1_prediction.nii.gz,/Users/estebanfelixmoran/Desktop/Purdue/Medical_Imaging/3D-Medical-Segment-Anything/outputs/higher_resolution_true_level0/filtered_predictions/mouse/POLYIC_20190531_polyic_m__E3_P1_1_prediction.nii.gz,/Users/estebanfelixmoran/Desktop/Purdue/Medical_Imaging/3D-Medical-Segment-Anything/outputs/higher_resolution_true_level0/probability_maps/mouse/POLYIC_20190531_polyic_m__E3_P1_1_probability.nii.gz,0.9709283583580403,0.20000000298023224,0.03714716258043732,2613,3790,0.7134073830427852,0.9474736229537232,0.9995951724312425,1.0,0.943499285247869,0.9761448290972831,0.9657673443949671,0.6894459102902375,6403,0.9709283583580403,0.20000000298023224,0.03714716258043732,2613,3790,0.7134073830427852,0.9474736229537232,0.9995951724312425,1.0,0.943499285247869,0.9761448290972831,0.9657673443949671,0.6894459102902375,6403,0.9790750692069695,0.10000000149011612,0.026007890295038947,2138,2488,0.7911317375841804,0.9732892778772669,0.9996973289277877,1.0,0.9590078953664567,0.9806275653978236,0.9775274809642951,0.8593247588424437,4626,0.9790750692069695,0.10000000149011612,0.026007890295038947,2138,2488,0.7911317375841804,0.9732892778772669,0.9996973289277877,1.0,0.9590078953664567,0.9806275653978236,0.9775274809642951,0.8593247588424437,4626
Mouse,POLYIC_20190531_polyic_m__E3_P1_10,/Users/estebanfelixmoran/Desktop/Purdue/Medical_Imaging/Datasets/Image_Database/src_adult/POLYIC_20190531_polyic_m__E3_P1_10.nii.gz,/Users/estebanfelixmoran/Desktop/Purdue/Medical_Imaging/Datasets/Mask_Database/label_adult/POLYIC_20190531_polyic_m__E3_P1_10.nii.gz,/Users/estebanfelixmoran/Desktop/Purdue/Medical_Imaging/3D-Medical-Segment-Anything/outputs/true_full_resolution_level0_decoder/native_predictions/mouse/POLYIC_20190531_polyic_m__E3_P1_10_prediction.nii.gz,/Users/estebanfelixmoran/Desktop/Purdue/Medical_Imaging/3D-Medical-Segment-Anything/outputs/true_full_resolution_level0_decoder/filtered_predictions/mouse/POLYIC_20190531_polyic_m__E3_P1_10_prediction.nii.gz,/Users/estebanfelixmoran/Desktop/Purdue/Medical_Imaging/3D-Medical-Segment-Anything/outputs/true_full_resolution_level0_decoder/probability_maps/mouse/POLYIC_20190531_polyic_m__E3_P1_10_probability.nii.gz,/Users/estebanfelixmoran/Desktop/Purdue/Medical_Imaging/3D-Medical-Segment-Anything/outputs/higher_resolution_true_level0/native_predictions/mouse/POLYIC_20190531_polyic_m__E3_P1_10_prediction.nii.gz,/Users/estebanfelixmoran/Desktop/Purdue/Medical_Imaging/3D-Medical-Segment-Anything/outputs/higher_resolution_true_level0/filtered_predictions/mouse/POLYIC_20190531_polyic_m__E3_P1_10_prediction.nii.gz,/Users/estebanfelixmoran/Desktop/Purdue/Medical_Imaging/3D-Medical-Segment-Anything/outputs/higher_resolution_true_level0/probability_maps/mouse/POLYIC_20190531_polyic_m__E3_P1_10_probability.nii.gz,0.9721143259787731,0.14142135834465194,0.03539341819507948,2494,3838,0.7206665352001578,0.9510451587458095,0.9994823506211793,1.0,0.9457416817336612,0.9779024126595961,0.9663943541113942,0.6498176133402814,6332,0.9721143259787731,0.14142135834465194,0.03539341819507948,2494,3838,0.7206665352001578,0.9510451587458095,0.9994823506211793,1.0,0.9457416817336612,0.9779024126595961,0.9663943541113942,0.6498176133402814,6332,0.9800799604139024,0.10000000149011612,0.02342708637906802,2249,2300,0.7967864817347138,0.9786823598359055,1.0,1.0,0.9609380366833825,0.9802988892392865,0.9798611293528418,0.9778260869565217,4549,0.9800799604139024,0.10000000149011612,0.02342708637906802,2249,2300,0.7967864817347138,0.9786823598359055,1.0,1.0,0.9609380366833825,0.9802988892392865,0.9798611293528418,0.9778260869565217,4549
Mouse,POLYIC_20190531_polyic_m__E3_P1_11,/Users/estebanfelixmoran/Desktop/Purdue/Medical_Imaging/Datasets/Image_Database/src_adult/POLYIC_20190531_polyic_m__E3_P1_11.nii.gz,/Users/estebanfelixmoran/Desktop/Purdue/Medical_Imaging/Datasets/Mask_Database/label_adult/POLYIC_20190531_polyic_m__E3_P1_11.nii.gz,/Users/estebanfelixmoran/Desktop/Purdue/Medical_Imaging/3D-Medical-Segment-Anything/outputs/true_full_resolution_level0_decoder/native_predictions/mouse/POLYIC_20190531_polyic_m__E3_P1_11_prediction.nii.gz,/Users/estebanfelixmoran/Desktop/Purdue/Medical_Imaging/3D-Medical-Segment-Anything/outputs/true_full_resolution_level0_decoder/filtered_predictions/mouse/POLYIC_20190531_polyic_m__E3_P1_11_prediction.nii.gz,/Users/estebanfelixmoran/Desktop/Purdue/Medical_Imaging/3D-Medical-Segment-Anything/outputs/true_full_resolution_level0_decoder/probability_maps/mouse/POLYIC_20190531_polyic_m__E3_P1_11_probability.nii.gz,/Users/estebanfelixmoran/Desktop/Purdue/Medical_Imaging/3D-Medical-Segment-Anything/outputs/higher_resolution_true_level0/native_predictions/mouse/POLYIC_20190531_polyic_m__E3_P1_11_prediction.nii.gz,/Users/estebanfelixmoran/Desktop/Purdue/Medical_Imaging/3D-Medical-Segment-Anything/outputs/higher_resolution_true_level0/filtered_predictions/mouse/POLYIC_20190531_polyic_m__E3_P1_11_prediction.nii.gz,/Users/estebanfelixmoran/Desktop/Purdue/Medical_Imaging/3D-Medical-Segment-Anything/outputs/higher_resolution_true_level0/probability_maps/mouse/POLYIC_20190531_polyic_m__E3_P1_11_probability.nii.gz,0.9724474256388588,0.14142135834465194,0.03474320158030824,1878,4382,0.720569210866753,0.9558662553487909,0.9998009752214151,1.0,0.9463724289177682,0.9832842303892335,0.961846882536808,0.42857142857142855,6260,0.9724474256388588,0.14142135834465194,0.03474320158030824,1878,4382,0.720569210866753,0.9558662553487909,0.9998009752214151,1.0,0.9463724289177682,0.9832842303892335,0.961846882536808,0.42857142857142855,6260,0.9794262837219285,0.10000000149011612,0.026312746754098084,1646,3051,0.79047807386167,0.9698917288772433,1.0,1.0,0.9596820573567155,0.9854911501304563,0.9734356089958469,0.5394952474598492,4697,0.9794262837219285,0.10000000149011612,0.026312746754098084,1646,3051,0.79047807386167,0.9698917288772433,1.0,1.0,0.9596820573567155,0.9854911501304563,0.9734356089958469,0.5394952474598492,4697
Mouse,POLYIC_20190531_polyic_m__E3_P1_12,/Users/estebanfelixmoran/Desktop/Purdue/Medical_Imaging/Datasets/Image_Database/src_adult/POLYIC_20190531_polyic_m__E3_P1_12.nii.gz,/Users/estebanfelixmoran/Desktop/Purdue/Medical_Imaging/Datasets/Mask_Database/label_adult/POLYIC_20190531_polyic_m__E3_P1_12.nii.gz,/Users/estebanfelixmoran/Desktop/Purdue/Medical_Imaging/3D-Medical-Segment-Anything/outputs/true_full_resolution_level0_decoder/native_predictions/mouse/POLYIC_20190531_polyic_m__E3_P1_12_prediction.nii.gz,/Users/estebanfelixmoran/Desktop/Purdue/Medical_Imaging/3D-Medical-Segment-Anything/outputs/true_full_resolution_level0_decoder/filtered_predictions/mouse/POLYIC_20190531_polyic_m__E3_P1_12_prediction.nii.gz,/Users/estebanfelixmoran/Desktop/Purdue/Medical_Imaging/3D-Medical-Segment-Anything/outputs/true_full_resolution_level0_decoder/probability_maps/mouse/POLYIC_20190531_polyic_m__E3_P1_12_probability.nii.gz,/Users/estebanfelixmoran/Desktop/Purdue/Medical_Imaging/3D-Medical-Segment-Anything/outputs/higher_resolution_true_level0/native_predictions/mouse/POLYIC_20190531_polyic_m__E3_P1_12_prediction.nii.gz,/Users/estebanfelixmoran/Desktop/Purdue/Medical_Imaging/3D-Medical-Segment-Anything/outputs/higher_resolution_true_level0/filtered_predictions/mouse/POLYIC_20190531_polyic_m__E3_P1_12_prediction.nii.gz,/Users/estebanfelixmoran/Desktop/Purdue/Medical_Imaging/3D-Medical-Segment-Anything/outputs/higher_resolution_true_level0/probability_maps/mouse/POLYIC_20190531_polyic_m__E3_P1_12_probability.nii.gz,0.9701957750299021,0.20000000298023224,0.03913402642311942,3012,3691,0.7093471183239307,0.9398812038670875,0.9996023560404603,1.0,0.9421167164643097,0.9731337692108714,0.9672754676833053,0.8160390138173936,6703,0.9702561731002681,0.20000000298023224,0.03892292215646222,2998,3691,0.7095940133754319,0.9402083385127912,0.9999005544091689,1.0,0.9422306283898159,0.9732553056727655,0.9672754676833053,0.81224600379301,6689,0.9795723118898712,0.10000000149011612,0.02536898507443814,2402,2210,0.7917855105533371,0.9727423795233017,0.9999503955951289,1.0,0.9599624973956524,0.9787399762794073,0.9804060643674084,1.0868778280542986,4612,0.9795723118898712,0.10000000149011612,0.02536898507443814,2402,2210,0.7917855105533371,0.9727423795233017,0.9999503955951289,1.0,0.9599624973956524,0.9787399762794073,0.9804060643674084,1.0868778280542986,4612
Mouse,POLYIC_20190531_polyic_m__E3_P1_13,/Users/estebanfelixmoran/Desktop/Purdue/Medical_Imaging/Datasets/Image_Database/src_adult/POLYIC_20190531_polyic_m__E3_P1_13.nii.gz,/Users/estebanfelixmoran/Desktop/Purdue/Medical_Imaging/Datasets/Mask_Database/label_adult/POLYIC_20190531_polyic_m__E3_P1_13.nii.gz,/Users/estebanfelixmoran/Desktop/Purdue/Medical_Imaging/3D-Medical-Segment-Anything/outputs/true_full_resolution_level0_decoder/native_predictions/mouse/POLYIC_20190531_polyic_m__E3_P1_13_prediction.nii.gz,/Users/estebanfelixmoran/Desktop/Purdue/Medical_Imaging/3D-Medical-Segment-Anything/outputs/true_full_resolution_level0_decoder/filtered_predictions/mouse/POLYIC_20190531_polyic_m__E3_P1_13_prediction.nii.gz,/Users/estebanfelixmoran/Desktop/Purdue/Medical_Imaging/3D-Medical-Segment-Anything/outputs/true_full_resolution_level0_decoder/probability_maps/mouse/POLYIC_20190531_polyic_m__E3_P1_13_probability.nii.gz,/Users/estebanfelixmoran/Desktop/Purdue/Medical_Imaging/3D-Medical-Segment-Anything/outputs/higher_resolution_true_level0/native_predictions/mouse/POLYIC_20190531_polyic_m__E3_P1_13_prediction.nii.gz,/Users/estebanfelixmoran/Desktop/Purdue/Medical_Imaging/3D-Medical-Segment-Anything/outputs/higher_resolution_true_level0/filtered_predictions/mouse/POLYIC_20190531_polyic_m__E3_P1_13_prediction.nii.gz,/Users/estebanfelixmoran/Desktop/Purdue/Medical_Imaging/3D-Medical-Segment-Anything/outputs/higher_resolution_true_level0/probability_maps/mouse/POLYIC_20190531_polyic_m__E3_P1_13_probability.nii.gz,0.9726383525239642,0.14142135834465194,0.03525073421584315,2340,3817,0.7148606576049814,0.957121522768117,0.9998734401498469,1.0,0.9467341465524699,0.979064711513514,0.9662958057395143,0.6130468954676448,6157,0.9726513198826771,0.14142135834465194,0.03522580359491553,2337,3817,0.7149149453219927,0.95719420818145,0.9998734305386796,1.0,0.9467587185410123,0.9790909904267693,0.9662958057395143,0.6122609379093529,6154,0.9821516336280757,0.10000000149011612,0.02127230388840247,1689,2342,0.8157516817414527,0.9827920687309466,0.9998992214859792,1.0,0.9649292233271561,0.9849996003445918,0.9793200883002208,0.7211784799316823,4031,0.9821516336280757,0.10000000149011612,0.02127230388840247,1689,2342,0.8157516817414527,0.9827920687309466,0.9998992214859792,1.0,0.9649292233271561,0.9849996003445918,0.9793200883002208,0.7211784799316823,4031
Mouse,POLYIC_20190531_polyic_m__E3_P1_2,/Users/estebanfelixmoran/Desktop/Purdue/Medical_Imaging/Datasets/Image_Database/src_adult/POLYIC_20190531_polyic_m__E3_P1_2.nii.gz,/Users/estebanfelixmoran/Desktop/Purdue/Medical_Imaging/Datasets/Mask_Database/label_adult/POLYIC_20190531_polyic_m__E3_P1_2.nii.gz,/Users/estebanfelixmoran/Desktop/Purdue/Medical_Imaging/3D-Medical-Segment-Anything/outputs/true_full_resolution_level0_decoder/native_predictions/mouse/POLYIC_20190531_polyic_m__E3_P1_2_prediction.nii.gz,/Users/estebanfelixmoran/Desktop/Purdue/Medical_Imaging/3D-Medical-Segment-Anything/outputs/true_full_resolution_level0_decoder/filtered_predictions/mouse/POLYIC_20190531_polyic_m__E3_P1_2_prediction.nii.gz,/Users/estebanfelixmoran/Desktop/Purdue/Medical_Imaging/3D-Medical-Segment-Anything/outputs/true_full_resolution_level0_decoder/probability_maps/mouse/POLYIC_20190531_polyic_m__E3_P1_2_probability.nii.gz,/Users/estebanfelixmoran/Desktop/Purdue/Medical_Imaging/3D-Medical-Segment-Anything/outputs/higher_resolution_true_level0/native_predictions/mouse/POLYIC_20190531_polyic_m__E3_P1_2_prediction.nii.gz,/Users/estebanfelixmoran/Desktop/Purdue/Medical_Imaging/3D-Medical-Segment-Anything/outputs/higher_resolution_true_level0/filtered_predictions/mouse/POLYIC_20190531_polyic_m__E3_P1_2_prediction.nii.gz,/Users/estebanfelixmoran/Desktop/Purdue/Medical_Imaging/3D-Medical-Segment-Anything/outputs/higher_resolution_true_level0/probability_maps/mouse/POLYIC_20190531_polyic_m__E3_P1_2_probability.nii.gz,0.9757244201679252,0.10000000149011612,0.029931033699802337,2748,2994,0.7465302790183931,0.9693127791384527,0.9999519761801854,1.0,0.9525995146031798,0.9767402491874323,0.9747107019173916,0.9178356713426854,5742,0.9757244201679252,0.10000000149011612,0.029931033699802337,2748,2994,0.7465302790183931,0.9693127791384527,0.9999519761801854,1.0,0.9525995146031798,0.9767402491874323,0.9747107019173916,0.9178356713426854,5742,0.9820229914044932,0.10000000149011612,0.021605006549793748,2706,1571,0.8116245332825989,0.9826630835453876,1.0,1.0,0.9646809143159146,0.9773603848567245,0.9867302981670749,1.7224697644812221,4277,0.9820229914044932,0.10000000149011612,0.021605006549793748,2706,1571,0.8116245332825989,0.9826630835453876,1.0,1.0,0.9646809143159146,0.9773603848567245,0.9867302981670749,1.7224697644812221,4277
Mouse,POLYIC_20190531_polyic_m__E3_P1_3,/Users/estebanfelixmoran/Desktop/Purdue/Medical_Imaging/Datasets/Image_Database/src_adult/POLYIC_20190531_polyic_m__E3_P1_3.nii.gz,/Users/estebanfelixmoran/Desktop/Purdue/Medical_Imaging/Datasets/Mask_Database/label_adult/POLYIC_20190531_polyic_m__E3_P1_3.nii.gz,/Users/estebanfelixmoran/Desktop/Purdue/Medical_Imaging/3D-Medical-Segment-Anything/outputs/true_full_resolution_level0_decoder/native_predictions/mouse/POLYIC_20190531_polyic_m__E3_P1_3_prediction.nii.gz,/Users/estebanfelixmoran/Desktop/Purdue/Medical_Imaging/3D-Medical-Segment-Anything/outputs/true_full_resolution_level0_decoder/filtered_predictions/mouse/POLYIC_20190531_polyic_m__E3_P1_3_prediction.nii.gz,/Users/estebanfelixmoran/Desktop/Purdue/Medical_Imaging/3D-Medical-Segment-Anything/outputs/true_full_resolution_level0_decoder/probability_maps/mouse/POLYIC_20190531_polyic_m__E3_P1_3_probability.nii.gz,/Users/estebanfelixmoran/Desktop/Purdue/Medical_Imaging/3D-Medical-Segment-Anything/outputs/higher_resolution_true_level0/native_predictions/mouse/POLYIC_20190531_polyic_m__E3_P1_3_prediction.nii.gz,/Users/estebanfelixmoran/Desktop/Purdue/Medical_Imaging/3D-Medical-Segment-Anything/outputs/higher_resolution_true_level0/filtered_predictions/mouse/POLYIC_20190531_polyic_m__E3_P1_3_prediction.nii.gz,/Users/estebanfelixmoran/Desktop/Purdue/Medical_Imaging/3D-Medical-Segment-Anything/outputs/higher_resolution_true_level0/probability_maps/mouse/POLYIC_20190531_polyic_m__E3_P1_3_probability.nii.gz,0.9649341544609985,0.20000000298023224,0.20509210986805157,3942,4411,0.7106662776867665,0.9278292677453378,0.9733399160701062,0.9761001772850699,0.9322442225484868,0.9668377218810466,0.9630380680247027,0.893674903649966,8353,0.9719398542022563,0.14142135834465194,0.03593991017598908,2225,4411,0.7279832647525344,0.950437920967334,0.9970575389071515,0.9998850601135606,0.9454114705011352,0.9810077420125818,0.9630380680247027,0.5044207662661528,6636,0.9651306153858884,0.30000000447034836,0.3110201649881581,5726,2702,0.7550326797385621,0.9263616557734204,0.9549237472766885,0.9569498910675381,0.9326110422580258,0.9532048086431356,0.9773586170489111,2.1191709844559585,8428,0.9782849378491268,0.10000000149011612,0.027111078051307243,2476,2702,0.7889273356401384,0.9679475505372428,0.9977918411946822,0.9999089419049354,0.9574929195911833,0.9792130162114967,0.9773586170489111,0.9163582531458179,5178
Mouse,POLYIC_20190531_polyic_m__E3_P1_4,/Users/estebanfelixmoran/Desktop/Purdue/Medical_Imaging/Datasets/Image_Database/src_adult/POLYIC_20190531_polyic_m__E3_P1_4.nii.gz,/Users/estebanfelixmoran/Desktop/Purdue/Medical_Imaging/Datasets/Mask_Database/label_adult/POLYIC_20190531_polyic_m__E3_P1_4.nii.gz,/Users/estebanfelixmoran/Desktop/Purdue/Medical_Imaging/3D-Medical-Segment-Anything/outputs/true_full_resolution_level0_decoder/native_predictions/mouse/POLYIC_20190531_polyic_m__E3_P1_4_prediction.nii.gz,/Users/estebanfelixmoran/Desktop/Purdue/Medical_Imaging/3D-Medical-Segment-Anything/outputs/true_full_resolution_level0_decoder/filtered_predictions/mouse/POLYIC_20190531_polyic_m__E3_P1_4_prediction.nii.gz,/Users/estebanfelixmoran/Desktop/Purdue/Medical_Imaging/3D-Medical-Segment-Anything/outputs/true_full_resolution_level0_decoder/probability_maps/mouse/POLYIC_20190531_polyic_m__E3_P1_4_probability.nii.gz,/Users/estebanfelixmoran/Desktop/Purdue/Medical_Imaging/3D-Medical-Segment-Anything/outputs/higher_resolution_true_level0/native_predictions/mouse/POLYIC_20190531_polyic_m__E3_P1_4_prediction.nii.gz,/Users/estebanfelixmoran/Desktop/Purdue/Medical_Imaging/3D-Medical-Segment-Anything/outputs/higher_resolution_true_level0/filtered_predictions/mouse/POLYIC_20190531_polyic_m__E3_P1_4_prediction.nii.gz,/Users/estebanfelixmoran/Desktop/Purdue/Medical_Imaging/3D-Medical-Segment-Anything/outputs/higher_resolution_true_level0/probability_maps/mouse/POLYIC_20190531_polyic_m__E3_P1_4_probability.nii.gz,0.9700371521451792,0.20000000298023224,0.041691116901338726,2987,3723,0.704,0.9297888198757764,0.9998509316770187,1.0,0.9418176142620549,0.9732357263180531,0.9668595335588392,0.8023099650819232,6710,0.9700371521451792,0.20000000298023224,0.041691116901338726,2987,3723,0.704,0.9297888198757764,0.9998509316770187,1.0,0.9418176142620549,0.9732357263180531,0.9668595335588392,0.8023099650819232,6710,0.9759028102262867,0.20000000298023224,0.034735625097164324,2725,2690,0.7643522396885626,0.9437490760360715,0.9995811363524368,1.0,0.9529396428105853,0.9757508342602892,0.9760548335410362,1.013011152416357,5415,0.9759028102262867,0.20000000298023224,0.034735625097164324,2725,2690,0.7643522396885626,0.9437490760360715,0.9995811363524368,1.0,0.9529396428105853,0.9757508342602892,0.9760548335410362,1.013011152416357,5415
Mouse,POLYIC_20190531_polyic_m__E3_P1_5,/Users/estebanfelixmoran/Desktop/Purdue/Medical_Imaging/Datasets/Image_Database/src_adult/POLYIC_20190531_polyic_m__E3_P1_5.nii.gz,/Users/estebanfelixmoran/Desktop/Purdue/Medical_Imaging/Datasets/Mask_Database/label_adult/POLYIC_20190531_polyic_m__E3_P1_5.nii.gz,/Users/estebanfelixmoran/Desktop/Purdue/Medical_Imaging/3D-Medical-Segment-Anything/outputs/true_full_resolution_level0_decoder/native_predictions/mouse/POLYIC_20190531_polyic_m__E3_P1_5_prediction.nii.gz,/Users/estebanfelixmoran/Desktop/Purdue/Medical_Imaging/3D-Medical-Segment-Anything/outputs/true_full_resolution_level0_decoder/filtered_predictions/mouse/POLYIC_20190531_polyic_m__E3_P1_5_prediction.nii.gz,/Users/estebanfelixmoran/Desktop/Purdue/Medical_Imaging/3D-Medical-Segment-Anything/outputs/true_full_resolution_level0_decoder/probability_maps/mouse/POLYIC_20190531_polyic_m__E3_P1_5_probability.nii.gz,/Users/estebanfelixmoran/Desktop/Purdue/Medical_Imaging/3D-Medical-Segment-Anything/outputs/higher_resolution_true_level0/native_predictions/mouse/POLYIC_20190531_polyic_m__E3_P1_5_prediction.nii.gz,/Users/estebanfelixmoran/Desktop/Purdue/Medical_Imaging/3D-Medical-Segment-Anything/outputs/higher_resolution_true_level0/filtered_predictions/mouse/POLYIC_20190531_polyic_m__E3_P1_5_prediction.nii.gz,/Users/estebanfelixmoran/Desktop/Purdue/Medical_Imaging/3D-Medical-Segment-Anything/outputs/higher_resolution_true_level0/probability_maps/mouse/POLYIC_20190531_polyic_m__E3_P1_5_probability.nii.gz,0.9720530291486166,0.20000000298023224,0.03632768266737953,3288,3131,0.7221682061254254,0.9491249392318911,0.999538162372387,0.9998541565386485,0.9456256564903602,0.9713890411674106,0.9727179254818584,1.0501437240498244,6419,0.9720784224940024,0.20000000298023224,0.03602422636918385,3282,3131,0.7222735449992707,0.949263383089415,0.9996839597413332,1.0,0.9456737204140758,0.9714397598224774,0.9727179254818584,1.0482274033855,6413,0.9797440578666863,0.10000000149011612,0.025754049174193955,2871,1800,0.7910607460726619,0.971645347988911,0.9995622780993142,1.0,0.9602924299740724,0.9752147451115811,0.9843156390505734,1.595,4671,0.9797440578666863,0.10000000149011612,0.025754049174193955,2871,1800,0.7910607460726619,0.971645347988911,0.9995622780993142,1.0,0.9602924299740724,0.9752147451115811,0.9843156390505734,1.595,4671
Mouse,POLYIC_20190531_polyic_m__E3_P1_6,/Users/estebanfelixmoran/Desktop/Purdue/Medical_Imaging/Datasets/Image_Database/src_adult/POLYIC_20190531_polyic_m__E3_P1_6.nii.gz,/Users/estebanfelixmoran/Desktop/Purdue/Medical_Imaging/Datasets/Mask_Database/label_adult/POLYIC_20190531_polyic_m__E3_P1_6.nii.gz,/Users/estebanfelixmoran/Desktop/Purdue/Medical_Imaging/3D-Medical-Segment-Anything/outputs/true_full_resolution_level0_decoder/native_predictions/mouse/POLYIC_20190531_polyic_m__E3_P1_6_prediction.nii.gz,/Users/estebanfelixmoran/Desktop/Purdue/Medical_Imaging/3D-Medical-Segment-Anything/outputs/true_full_resolution_level0_decoder/filtered_predictions/mouse/POLYIC_20190531_polyic_m__E3_P1_6_prediction.nii.gz,/Users/estebanfelixmoran/Desktop/Purdue/Medical_Imaging/3D-Medical-Segment-Anything/outputs/true_full_resolution_level0_decoder/probability_maps/mouse/POLYIC_20190531_polyic_m__E3_P1_6_probability.nii.gz,/Users/estebanfelixmoran/Desktop/Purdue/Medical_Imaging/3D-Medical-Segment-Anything/outputs/higher_resolution_true_level0/native_predictions/mouse/POLYIC_20190531_polyic_m__E3_P1_6_prediction.nii.gz,/Users/estebanfelixmoran/Desktop/Purdue/Medical_Imaging/3D-Medical-Segment-Anything/outputs/higher_resolution_true_level0/filtered_predictions/mouse/POLYIC_20190531_polyic_m__E3_P1_6_prediction.nii.gz,/Users/estebanfelixmoran/Desktop/Purdue/Medical_Imaging/3D-Medical-Segment-Anything/outputs/higher_resolution_true_level0/probability_maps/mouse/POLYIC_20190531_polyic_m__E3_P1_6_probability.nii.gz,0.971929978888107,0.20000000298023224,0.036147498036791056,2546,3836,0.726881200096782,0.9496975562545367,0.9976530365352044,1.0,0.9453927834963336,0.9774760030079179,0.9664465340039361,0.6637122002085506,6382,0.9719556286671887,0.20000000298023224,0.03604124850134902,2540,3836,0.7269867389410513,0.9498354467137741,0.9977978898460943,1.0,0.9454413211825611,0.9775278910722027,0.9664465340039361,0.662148070907195,6376,0.9789694735134614,0.10000000149011612,0.026347873037069168,2122,2675,0.7937569140493482,0.9713097013130682,0.9977875042085518,1.0,0.9588052933952785,0.9813486622367542,0.9766017931336103,0.7932710280373831,4797,0.9789694735134614,0.10000000149011612,0.026347873037069168,2122,2675,0.7937569140493482,0.9713097013130682,0.9977875042085518,1.0,0.9588052933952785,0.9813486622367542,0.9766017931336103,0.7932710280373831,4797
Mouse,POLYIC_20190531_polyic_m__E3_P1_7,/Users/estebanfelixmoran/Desktop/Purdue/Medical_Imaging/Datasets/Image_Database/src_adult/POLYIC_20190531_polyic_m__E3_P1_7.nii.gz,/Users/estebanfelixmoran/Desktop/Purdue/Medical_Imaging/Datasets/Mask_Database/label_adult/POLYIC_20190531_polyic_m__E3_P1_7.nii.gz,/Users/estebanfelixmoran/Desktop/Purdue/Medical_Imaging/3D-Medical-Segment-Anything/outputs/true_full_resolution_level0_decoder/native_predictions/mouse/POLYIC_20190531_polyic_m__E3_P1_7_prediction.nii.gz,/Users/estebanfelixmoran/Desktop/Purdue/Medical_Imaging/3D-Medical-Segment-Anything/outputs/true_full_resolution_level0_decoder/filtered_predictions/mouse/POLYIC_20190531_polyic_m__E3_P1_7_prediction.nii.gz,/Users/estebanfelixmoran/Desktop/Purdue/Medical_Imaging/3D-Medical-Segment-Anything/outputs/true_full_resolution_level0_decoder/probability_maps/mouse/POLYIC_20190531_polyic_m__E3_P1_7_probability.nii.gz,/Users/estebanfelixmoran/Desktop/Purdue/Medical_Imaging/3D-Medical-Segment-Anything/outputs/higher_resolution_true_level0/native_predictions/mouse/POLYIC_20190531_polyic_m__E3_P1_7_prediction.nii.gz,/Users/estebanfelixmoran/Desktop/Purdue/Medical_Imaging/3D-Medical-Segment-Anything/outputs/higher_resolution_true_level0/filtered_predictions/mouse/POLYIC_20190531_polyic_m__E3_P1_7_prediction.nii.gz,/Users/estebanfelixmoran/Desktop/Purdue/Medical_Imaging/3D-Medical-Segment-Anything/outputs/higher_resolution_true_level0/probability_maps/mouse/POLYIC_20190531_polyic_m__E3_P1_7_probability.nii.gz,0.9750518932855551,0.10000000149011612,0.03071561379166427,2173,3536,0.7445465402520168,0.9661215238002389,0.9999268809866192,1.0,0.9513183027491643,0.9808943518323134,0.9692786210132147,0.6145361990950227,5709,0.9750518932855551,0.10000000149011612,0.03071561379166427,2173,3536,0.7445465402520168,0.9661215238002389,0.9999268809866192,1.0,0.9513183027491643,0.9808943518323134,0.9692786210132147,0.6145361990950227,5709,0.9807858855683069,0.10000000149011612,0.023358279767458613,1998,2417,0.8046821765793829,0.9780979266037185,0.9998539861773581,1.0,0.9622962159577103,0.9825776072549703,0.9790006863656504,0.8266446007447249,4415,0.9807858855683069,0.10000000149011612,0.023358279767458613,1998,2417,0.8046821765793829,0.9780979266037185,0.9998539861773581,1.0,0.9622962159577103,0.9825776072549703,0.9790006863656504,0.8266446007447249,4415
Mouse,POLYIC_20190531_polyic_m__E3_P1_8,/Users/estebanfelixmoran/Desktop/Purdue/Medical_Imaging/Datasets/Image_Database/src_adult/POLYIC_20190531_polyic_m__E3_P1_8.nii.gz,/Users/estebanfelixmoran/Desktop/Purdue/Medical_Imaging/Datasets/Mask_Database/label_adult/POLYIC_20190531_polyic_m__E3_P1_8.nii.gz,/Users/estebanfelixmoran/Desktop/Purdue/Medical_Imaging/3D-Medical-Segment-Anything/outputs/true_full_resolution_level0_decoder/native_predictions/mouse/POLYIC_20190531_polyic_m__E3_P1_8_prediction.nii.gz,/Users/estebanfelixmoran/Desktop/Purdue/Medical_Imaging/3D-Medical-Segment-Anything/outputs/true_full_resolution_level0_decoder/filtered_predictions/mouse/POLYIC_20190531_polyic_m__E3_P1_8_prediction.nii.gz,/Users/estebanfelixmoran/Desktop/Purdue/Medical_Imaging/3D-Medical-Segment-Anything/outputs/true_full_resolution_level0_decoder/probability_maps/mouse/POLYIC_20190531_polyic_m__E3_P1_8_probability.nii.gz,/Users/estebanfelixmoran/Desktop/Purdue/Medical_Imaging/3D-Medical-Segment-Anything/outputs/higher_resolution_true_level0/native_predictions/mouse/POLYIC_20190531_polyic_m__E3_P1_8_prediction.nii.gz,/Users/estebanfelixmoran/Desktop/Purdue/Medical_Imaging/3D-Medical-Segment-Anything/outputs/higher_resolution_true_level0/filtered_predictions/mouse/POLYIC_20190531_polyic_m__E3_P1_8_prediction.nii.gz,/Users/estebanfelixmoran/Desktop/Purdue/Medical_Imaging/3D-Medical-Segment-Anything/outputs/higher_resolution_true_level0/probability_maps/mouse/POLYIC_20190531_polyic_m__E3_P1_8_probability.nii.gz,0.9703249005684398,0.20000000298023224,0.03655494310812105,2216,4320,0.70896340685962,0.9497641208721153,0.9998214968761954,1.0,0.9423602659752721,0.9796835176118965,0.9611433916782097,0.512962962962963,6536,0.9703249005684398,0.20000000298023224,0.03655494310812105,2216,4320,0.70896340685962,0.9497641208721153,0.9998214968761954,1.0,0.9423602659752721,0.9796835176118965,0.9611433916782097,0.512962962962963,6536,0.9793268087359602,0.10000000149011612,0.026475062103464772,2550,2057,0.7875781427956772,0.9722608893725798,0.9988610766621954,1.0,0.9594910664040518,0.9771650652362744,0.9814981381208513,1.2396694214876034,4607,0.9793268087359602,0.10000000149011612,0.026475062103464772,2550,2057,0.7875781427956772,0.9722608893725798,0.9988610766621954,1.0,0.9594910664040518,0.9771650652362744,0.9814981381208513,1.2396694214876034,4607
Mouse,POLYIC_20190531_polyic_m__E3_P1_9,/Users/estebanfelixmoran/Desktop/Purdue/Medical_Imaging/Datasets/Image_Database/src_adult/POLYIC_20190531_polyic_m__E3_P1_9.nii.gz,/Users/estebanfelixmoran/Desktop/Purdue/Medical_Imaging/Datasets/Mask_Database/label_adult/POLYIC_20190531_polyic_m__E3_P1_9.nii.gz,/Users/estebanfelixmoran/Desktop/Purdue/Medical_Imaging/3D-Medical-Segment-Anything/outputs/true_full_resolution_level0_decoder/native_predictions/mouse/POLYIC_20190531_polyic_m__E3_P1_9_prediction.nii.gz,/Users/estebanfelixmoran/Desktop/Purdue/Medical_Imaging/3D-Medical-Segment-Anything/outputs/true_full_resolution_level0_decoder/filtered_predictions/mouse/POLYIC_20190531_polyic_m__E3_P1_9_prediction.nii.gz,/Users/estebanfelixmoran/Desktop/Purdue/Medical_Imaging/3D-Medical-Segment-Anything/outputs/true_full_resolution_level0_decoder/probability_maps/mouse/POLYIC_20190531_polyic_m__E3_P1_9_probability.nii.gz,/Users/estebanfelixmoran/Desktop/Purdue/Medical_Imaging/3D-Medical-Segment-Anything/outputs/higher_resolution_true_level0/native_predictions/mouse/POLYIC_20190531_polyic_m__E3_P1_9_prediction.nii.gz,/Users/estebanfelixmoran/Desktop/Purdue/Medical_Imaging/3D-Medical-Segment-Anything/outputs/higher_resolution_true_level0/filtered_predictions/mouse/POLYIC_20190531_polyic_m__E3_P1_9_prediction.nii.gz,/Users/estebanfelixmoran/Desktop/Purdue/Medical_Imaging/3D-Medical-Segment-Anything/outputs/higher_resolution_true_level0/probability_maps/mouse/POLYIC_20190531_polyic_m__E3_P1_9_probability.nii.gz,0.9734182554412013,0.14142135834465194,0.03482153578036357,3813,2489,0.7266430993434817,0.9524084361397687,0.9996633239545006,1.0,0.9482130971066061,0.9680122816731263,0.9788849488454164,1.5319405383688227,6302,0.9734182554412013,0.14142135834465194,0.03482153578036357,3813,2489,0.7266430993434817,0.9524084361397687,0.9996633239545006,1.0,0.9482130971066061,0.9680122816731263,0.9788849488454164,1.5319405383688227,6302,0.9804516218709327,0.10000000149011612,0.026086470379789214,3148,1493,0.7933824765289217,0.9738036353158691,0.9996398299997599,0.9996398299997599,0.9616528679787815,0.9736641764199008,0.9873343626461256,2.1085063630274616,4641,0.9805135722590103,0.10000000149011612,0.024615693742786365,3133,1493,0.7936683320522675,0.9741544965411222,1.0,1.0,0.961772070307658,0.9737863752740173,0.9873343626461256,2.098459477561956,4626
Mouse,POLYIC_20190531_polyic_m__E5_P1_11,/Users/estebanfelixmoran/Desktop/Purdue/Medical_Imaging/Datasets/Image_Database/src_adult/POLYIC_20190531_polyic_m__E5_P1_11.nii.gz,/Users/estebanfelixmoran/Desktop/Purdue/Medical_Imaging/Datasets/Mask_Database/label_adult/POLYIC_20190531_polyic_m__E5_P1_11.nii.gz,/Users/estebanfelixmoran/Desktop/Purdue/Medical_Imaging/3D-Medical-Segment-Anything/outputs/true_full_resolution_level0_decoder/native_predictions/mouse/POLYIC_20190531_polyic_m__E5_P1_11_prediction.nii.gz,/Users/estebanfelixmoran/Desktop/Purdue/Medical_Imaging/3D-Medical-Segment-Anything/outputs/true_full_resolution_level0_decoder/filtered_predictions/mouse/POLYIC_20190531_polyic_m__E5_P1_11_prediction.nii.gz,/Users/estebanfelixmoran/Desktop/Purdue/Medical_Imaging/3D-Medical-Segment-Anything/outputs/true_full_resolution_level0_decoder/probability_maps/mouse/POLYIC_20190531_polyic_m__E5_P1_11_probability.nii.gz,/Users/estebanfelixmoran/Desktop/Purdue/Medical_Imaging/3D-Medical-Segment-Anything/outputs/higher_resolution_true_level0/native_predictions/mouse/POLYIC_20190531_polyic_m__E5_P1_11_prediction.nii.gz,/Users/estebanfelixmoran/Desktop/Purdue/Medical_Imaging/3D-Medical-Segment-Anything/outputs/higher_resolution_true_level0/filtered_predictions/mouse/POLYIC_20190531_polyic_m__E5_P1_11_prediction.nii.gz,/Users/estebanfelixmoran/Desktop/Purdue/Medical_Imaging/3D-Medical-Segment-Anything/outputs/higher_resolution_true_level0/probability_maps/mouse/POLYIC_20190531_polyic_m__E5_P1_11_probability.nii.gz,0.9740834282507139,0.14142135834465194,0.03329888916545661,3420,2860,0.7380302712283402,0.9546398003684787,0.9999300356818023,1.0,0.9494762586686833,0.9718374808544278,0.9763397806052383,1.1958041958041958,6280,0.9740834282507139,0.14142135834465194,0.03329888916545661,3420,2860,0.7380302712283402,0.9546398003684787,0.9999300356818023,1.0,0.9494762586686833,0.9718374808544278,0.9763397806052383,1.1958041958041958,6280,0.9790453004086601,0.10000000149011612,0.026185093275350804,2413,2648,0.790300769410119,0.9686873397062252,0.9996036372114712,1.0,0.9589507749957418,0.9799988395514038,0.978093615049885,0.9112537764350453,5061,0.9790453004086601,0.10000000149011612,0.026185093275350804,2413,2648,0.790300769410119,0.9686873397062252,0.9996036372114712,1.0,0.9589507749957418,0.9799988395514038,0.978093615049885,0.9112537764350453,5061
Mouse,POLYIC_20190612_polyic___E10_P1_1,/Users/estebanfelixmoran/Desktop/Purdue/Medical_Imaging/Datasets/Image_Database/src_adult/POLYIC_20190612_polyic___E10_P1_1.nii.gz,/Users/estebanfelixmoran/Desktop/Purdue/Medical_Imaging/Datasets/Mask_Database/label_adult/POLYIC_20190612_polyic___E10_P1_1.nii.gz,/Users/estebanfelixmoran/Desktop/Purdue/Medical_Imaging/3D-Medical-Segment-Anything/outputs/true_full_resolution_level0_decoder/native_predictions/mouse/POLYIC_20190612_polyic___E10_P1_1_prediction.nii.gz,/Users/estebanfelixmoran/Desktop/Purdue/Medical_Imaging/3D-Medical-Segment-Anything/outputs/true_full_resolution_level0_decoder/filtered_predictions/mouse/POLYIC_20190612_polyic___E10_P1_1_prediction.nii.gz,/Users/estebanfelixmoran/Desktop/Purdue/Medical_Imaging/3D-Medical-Segment-Anything/outputs/true_full_resolution_level0_decoder/probability_maps/mouse/POLYIC_20190612_polyic___E10_P1_1_probability.nii.gz,/Users/estebanfelixmoran/Desktop/Purdue/Medical_Imaging/3D-Medical-Segment-Anything/outputs/higher_resolution_true_level0/native_predictions/mouse/POLYIC_20190612_polyic___E10_P1_1_prediction.nii.gz,/Users/estebanfelixmoran/Desktop/Purdue/Medical_Imaging/3D-Medical-Segment-Anything/outputs/higher_resolution_true_level0/filtered_predictions/mouse/POLYIC_20190612_polyic___E10_P1_1_prediction.nii.gz,/Users/estebanfelixmoran/Desktop/Purdue/Medical_Imaging/3D-Medical-Segment-Anything/outputs/higher_resolution_true_level0/probability_maps/mouse/POLYIC_20190612_polyic___E10_P1_1_probability.nii.gz,0.9757308497480431,0.10000000149011612,0.028874166427550044,2210,3343,0.7527620918242082,0.9702430640805303,0.9998035845813896,1.0,0.9526117715329276,0.9805864474077197,0.9709231023475485,0.6610828597068501,5553,0.9757308497480431,0.10000000149011612,0.028874166427550044,2210,3343,0.7527620918242082,0.9702430640805303,0.9998035845813896,1.0,0.9526117715329276,0.9805864474077197,0.9709231023475485,0.6610828597068501,5553,0.9823748246630482,0.10000000149011612,0.01976970970185417,1831,2215,0.8219277987115595,0.987504558162149,1.0,1.0,0.9653601821886612,0.9840208749683647,0.9807342721207957,0.8266365688487585,4046,0.9823748246630482,0.10000000149011612,0.01976970970185417,1831,2215,0.8219277987115595,0.987504558162149,1.0,1.0,0.9653601821886612,0.9840208749683647,0.9807342721207957,0.8266365688487585,4046
Mouse,POLYIC_20190612_polyic___E12_P1,/Users/estebanfelixmoran/Desktop/Purdue/Medical_Imaging/Datasets/Image_Database/src_adult/POLYIC_20190612_polyic___E12_P1.nii.gz,/Users/estebanfelixmoran/Desktop/Purdue/Medical_Imaging/Datasets/Mask_Database/label_adult/POLYIC_20190612_polyic___E12_P1.nii.gz,/Users/estebanfelixmoran/Desktop/Purdue/Medical_Imaging/3D-Medical-Segment-Anything/outputs/true_full_resolution_level0_decoder/native_predictions/mouse/POLYIC_20190612_polyic___E12_P1_prediction.nii.gz,/Users/estebanfelixmoran/Desktop/Purdue/Medical_Imaging/3D-Medical-Segment-Anything/outputs/true_full_resolution_level0_decoder/filtered_predictions/mouse/POLYIC_20190612_polyic___E12_P1_prediction.nii.gz,/Users/estebanfelixmoran/Desktop/Purdue/Medical_Imaging/3D-Medical-Segment-Anything/outputs/true_full_resolution_level0_decoder/probability_maps/mouse/POLYIC_20190612_polyic___E12_P1_probability.nii.gz,/Users/estebanfelixmoran/Desktop/Purdue/Medical_Imaging/3D-Medical-Segment-Anything/outputs/higher_resolution_true_level0/native_predictions/mouse/POLYIC_20190612_polyic___E12_P1_prediction.nii.gz,/Users/estebanfelixmoran/Desktop/Purdue/Medical_Imaging/3D-Medical-Segment-Anything/outputs/higher_resolution_true_level0/filtered_predictions/mouse/POLYIC_20190612_polyic___E12_P1_prediction.nii.gz,/Users/estebanfelixmoran/Desktop/Purdue/Medical_Imaging/3D-Medical-Segment-Anything/outputs/higher_resolution_true_level0/probability_maps/mouse/POLYIC_20190612_polyic___E12_P1_probability.nii.gz,0.9746188419846655,0.14142135834465194,0.03288553292855797,2542,3218,0.7349068198349595,0.9607715267501066,0.9997491785597833,1.0,0.9504941985388913,0.977530672135205,0.9717243076057922,0.7899316345556247,5760,0.9746188419846655,0.14142135834465194,0.03288553292855797,2542,3218,0.7349068198349595,0.9607715267501066,0.9997491785597833,1.0,0.9504941985388913,0.977530672135205,0.9717243076057922,0.7899316345556247,5760,0.9822278530014693,0.10000000149011612,0.021329042576857592,1873,2167,0.8149459978548802,0.983038587214088,1.0,1.0,0.9650763738211116,0.9834998326197649,0.9809591592858147,0.864328564836179,4040,0.9822278530014693,0.10000000149011612,0.021329042576857592,1873,2167,0.8149459978548802,0.983038587214088,1.0,1.0,0.9650763738211116,0.9834998326197649,0.9809591592858147,0.864328564836179,4040
Mouse,POLYIC_20190612_polyic___E3_P1,/Users/estebanfelixmoran/Desktop/Purdue/Medical_Imaging/Datasets/Image_Database/src_adult/POLYIC_20190612_polyic___E3_P1.nii.gz,/Users/estebanfelixmoran/Desktop/Purdue/Medical_Imaging/Datasets/Mask_Database/label_adult/POLYIC_20190612_polyic___E3_P1.nii.gz,/Users/estebanfelixmoran/Desktop/Purdue/Medical_Imaging/3D-Medical-Segment-Anything/outputs/true_full_resolution_level0_decoder/native_predictions/mouse/POLYIC_20190612_polyic___E3_P1_prediction.nii.gz,/Users/estebanfelixmoran/Desktop/Purdue/Medical_Imaging/3D-Medical-Segment-Anything/outputs/true_full_resolution_level0_decoder/filtered_predictions/mouse/POLYIC_20190612_polyic___E3_P1_prediction.nii.gz,/Users/estebanfelixmoran/Desktop/Purdue/Medical_Imaging/3D-Medical-Segment-Anything/outputs/true_full_resolution_level0_decoder/probability_maps/mouse/POLYIC_20190612_polyic___E3_P1_probability.nii.gz,/Users/estebanfelixmoran/Desktop/Purdue/Medical_Imaging/3D-Medical-Segment-Anything/outputs/higher_resolution_true_level0/native_predictions/mouse/POLYIC_20190612_polyic___E3_P1_prediction.nii.gz,/Users/estebanfelixmoran/Desktop/Purdue/Medical_Imaging/3D-Medical-Segment-Anything/outputs/higher_resolution_true_level0/filtered_predictions/mouse/POLYIC_20190612_polyic___E3_P1_prediction.nii.gz,/Users/estebanfelixmoran/Desktop/Purdue/Medical_Imaging/3D-Medical-Segment-Anything/outputs/higher_resolution_true_level0/probability_maps/mouse/POLYIC_20190612_polyic___E3_P1_probability.nii.gz,0.9747631750753386,0.14142135834465194,0.031862937342269824,2616,3221,0.7443649027764342,0.9615700880332785,0.9995163006675051,0.9999274451001258,0.9507687895886575,0.9773196233809021,0.9722200660646675,0.8121701334989134,5837,0.9747758186833617,0.14142135834465194,0.031729010419886135,2613,3221,0.7444189140162051,0.9616398597170154,0.9995888257346717,1.0,0.9507928475033738,0.9773450437406255,0.9722200660646675,0.8112387457311394,5834,0.9815397497485833,0.10000000149011612,0.022592887294224682,2035,2242,0.8144300144300144,0.9791967291967292,0.9996151996151996,0.9999037999037999,0.9637487074299469,0.9824174874719198,0.9806635790490482,0.907671721677074,4277,0.9815566960027279,0.10000000149011612,0.02246175998375366,2031,2242,0.8145083702135848,0.9792909370790841,0.9997113719453531,1.0,0.9637813829697062,0.982451441211032,0.9806635790490482,0.9058876003568243,4273
Mouse,POLYIC_20190612_polyic___E3_P1_1,/Users/estebanfelixmoran/Desktop/Purdue/Medical_Imaging/Datasets/Image_Database/src_adult/POLYIC_20190612_polyic___E3_P1_1.nii.gz,/Users/estebanfelixmoran/Desktop/Purdue/Medical_Imaging/Datasets/Mask_Database/label_adult/POLYIC_20190612_polyic___E3_P1_1.nii.gz,/Users/estebanfelixmoran/Desktop/Purdue/Medical_Imaging/3D-Medical-Segment-Anything/outputs/true_full_resolution_level0_decoder/native_predictions/mouse/POLYIC_20190612_polyic___E3_P1_1_prediction.nii.gz,/Users/estebanfelixmoran/Desktop/Purdue/Medical_Imaging/3D-Medical-Segment-Anything/outputs/true_full_resolution_level0_decoder/filtered_predictions/mouse/POLYIC_20190612_polyic___E3_P1_1_prediction.nii.gz,/Users/estebanfelixmoran/Desktop/Purdue/Medical_Imaging/3D-Medical-Segment-Anything/outputs/true_full_resolution_level0_decoder/probability_maps/mouse/POLYIC_20190612_polyic___E3_P1_1_probability.nii.gz,/Users/estebanfelixmoran/Desktop/Purdue/Medical_Imaging/3D-Medical-Segment-Anything/outputs/higher_resolution_true_level0/native_predictions/mouse/POLYIC_20190612_polyic___E3_P1_1_prediction.nii.gz,/Users/estebanfelixmoran/Desktop/Purdue/Medical_Imaging/3D-Medical-Segment-Anything/outputs/higher_resolution_true_level0/filtered_predictions/mouse/POLYIC_20190612_polyic___E3_P1_1_prediction.nii.gz,/Users/estebanfelixmoran/Desktop/Purdue/Medical_Imaging/3D-Medical-Segment-Anything/outputs/higher_resolution_true_level0/probability_maps/mouse/POLYIC_20190612_polyic___E3_P1_1_probability.nii.gz,0.9731394047885433,0.14142135834465194,0.03346776843643472,3162,2840,0.730375084563153,0.9564781639147102,0.9999248327528751,1.0,0.9476840472081307,0.9717390915753534,0.9745437596357248,1.1133802816901408,6002,0.9731394047885433,0.14142135834465194,0.03346776843643472,3162,2840,0.730375084563153,0.9564781639147102,0.9999248327528751,1.0,0.9476840472081307,0.9717390915753534,0.9745437596357248,1.1133802816901408,6002,0.9816537988139197,0.10000000149011612,0.021656145522797463,2198,1901,0.8103245207367498,0.9823079814559579,1.0,1.0,0.9639686362757336,0.9803506137080842,0.9829604531927862,1.156233561283535,4099,0.9816537988139197,0.10000000149011612,0.021656145522797463,2198,1901,0.8103245207367498,0.9823079814559579,1.0,1.0,0.9639686362757336,0.9803506137080842,0.9829604531927862,1.156233561283535,4099
Mouse,POLYIC_20190612_polyic___E3_P1_2,/Users/estebanfelixmoran/Desktop/Purdue/Medical_Imaging/Datasets/Image_Database/src_adult/POLYIC_20190612_polyic___E3_P1_2.nii.gz,/Users/estebanfelixmoran/Desktop/Purdue/Medical_Imaging/Datasets/Mask_Database/label_adult/POLYIC_20190612_polyic___E3_P1_2.nii.gz,/Users/estebanfelixmoran/Desktop/Purdue/Medical_Imaging/3D-Medical-Segment-Anything/outputs/true_full_resolution_level0_decoder/native_predictions/mouse/POLYIC_20190612_polyic___E3_P1_2_prediction.nii.gz,/Users/estebanfelixmoran/Desktop/Purdue/Medical_Imaging/3D-Medical-Segment-Anything/outputs/true_full_resolution_level0_decoder/filtered_predictions/mouse/POLYIC_20190612_polyic___E3_P1_2_prediction.nii.gz,/Users/estebanfelixmoran/Desktop/Purdue/Medical_Imaging/3D-Medical-Segment-Anything/outputs/true_full_resolution_level0_decoder/probability_maps/mouse/POLYIC_20190612_polyic___E3_P1_2_probability.nii.gz,/Users/estebanfelixmoran/Desktop/Purdue/Medical_Imaging/3D-Medical-Segment-Anything/outputs/higher_resolution_true_level0/native_predictions/mouse/POLYIC_20190612_polyic___E3_P1_2_prediction.nii.gz,/Users/estebanfelixmoran/Desktop/Purdue/Medical_Imaging/3D-Medical-Segment-Anything/outputs/higher_resolution_true_level0/filtered_predictions/mouse/POLYIC_20190612_polyic___E3_P1_2_prediction.nii.gz,/Users/estebanfelixmoran/Desktop/Purdue/Medical_Imaging/3D-Medical-Segment-Anything/outputs/higher_resolution_true_level0/probability_maps/mouse/POLYIC_20190612_polyic___E3_P1_2_probability.nii.gz,0.9742196659661542,0.14142135834465194,0.0316952492750607,2416,3411,0.735093399750934,0.964906600249066,1.0,1.0,0.9497351758880666,0.9785273074701151,0.9699497841599859,0.7082966871885078,5827,0.9742196659661542,0.14142135834465194,0.0316952492750607,2416,3411,0.735093399750934,0.964906600249066,1.0,1.0,0.9497351758880666,0.9785273074701151,0.9699497841599859,0.7082966871885078,5827,0.9820203370746983,0.10000000149011612,0.020703129682060433,2218,1870,0.815405177961487,0.9866838275332904,1.0,1.0,0.9646757915111296,0.9805195945827259,0.9835256805567791,1.186096256684492,4088,0.9820203370746983,0.10000000149011612,0.020703129682060433,2218,1870,0.815405177961487,0.9866838275332904,1.0,1.0,0.9646757915111296,0.9805195945827259,0.9835256805567791,1.186096256684492,4088
Mouse,POLYIC_20190612_polyic___E3_P1_3,/Users/estebanfelixmoran/Desktop/Purdue/Medical_Imaging/Datasets/Image_Database/src_adult/POLYIC_20190612_polyic___E3_P1_3.nii.gz,/Users/estebanfelixmoran/Desktop/Purdue/Medical_Imaging/Datasets/Mask_Database/label_adult/POLYIC_20190612_polyic___E3_P1_3.nii.gz,/Users/estebanfelixmoran/Desktop/Purdue/Medical_Imaging/3D-Medical-Segment-Anything/outputs/true_full_resolution_level0_decoder/native_predictions/mouse/POLYIC_20190612_polyic___E3_P1_3_prediction.nii.gz,/Users/estebanfelixmoran/Desktop/Purdue/Medical_Imaging/3D-Medical-Segment-Anything/outputs/true_full_resolution_level0_decoder/filtered_predictions/mouse/POLYIC_20190612_polyic___E3_P1_3_prediction.nii.gz,/Users/estebanfelixmoran/Desktop/Purdue/Medical_Imaging/3D-Medical-Segment-Anything/outputs/true_full_resolution_level0_decoder/probability_maps/mouse/POLYIC_20190612_polyic___E3_P1_3_probability.nii.gz,/Users/estebanfelixmoran/Desktop/Purdue/Medical_Imaging/3D-Medical-Segment-Anything/outputs/higher_resolution_true_level0/native_predictions/mouse/POLYIC_20190612_polyic___E3_P1_3_prediction.nii.gz,/Users/estebanfelixmoran/Desktop/Purdue/Medical_Imaging/3D-Medical-Segment-Anything/outputs/higher_resolution_true_level0/filtered_predictions/mouse/POLYIC_20190612_polyic___E3_P1_3_prediction.nii.gz,/Users/estebanfelixmoran/Desktop/Purdue/Medical_Imaging/3D-Medical-Segment-Anything/outputs/higher_resolution_true_level0/probability_maps/mouse/POLYIC_20190612_polyic___E3_P1_3_probability.nii.gz,0.9738518330860265,0.14142135834465194,0.03303422926537318,2866,2914,0.7395770995411929,0.9566876122082585,0.999900259325753,1.0,0.949036274181318,0.9740633484162896,0.9736404095958316,0.9835277968428278,5780,0.9738518330860265,0.14142135834465194,0.03303422926537318,2866,2914,0.7395770995411929,0.9566876122082585,0.999900259325753,1.0,0.949036274181318,0.9740633484162896,0.9736404095958316,0.9835277968428278,5780,0.9810555477594847,0.10000000149011612,0.022351527953660077,1999,2186,0.8097976252707042,0.9809573594205063,0.9999502153187464,1.0,0.962815534843221,0.9818867172280062,0.9802257842747042,0.914455626715462,4185,0.9810555477594847,0.10000000149011612,0.022351527953660077,1999,2186,0.8097976252707042,0.9809573594205063,0.9999502153187464,1.0,0.962815534843221,0.9818867172280062,0.9802257842747042,0.914455626715462,4185
Mouse,POLYIC_20190612_polyic___E3_P1_4,/Users/estebanfelixmoran/Desktop/Purdue/Medical_Imaging/Datasets/Image_Database/src_adult/POLYIC_20190612_polyic___E3_P1_4.nii.gz,/Users/estebanfelixmoran/Desktop/Purdue/Medical_Imaging/Datasets/Mask_Database/label_adult/POLYIC_20190612_polyic___E3_P1_4.nii.gz,/Users/estebanfelixmoran/Desktop/Purdue/Medical_Imaging/3D-Medical-Segment-Anything/outputs/true_full_resolution_level0_decoder/native_predictions/mouse/POLYIC_20190612_polyic___E3_P1_4_prediction.nii.gz,/Users/estebanfelixmoran/Desktop/Purdue/Medical_Imaging/3D-Medical-Segment-Anything/outputs/true_full_resolution_level0_decoder/filtered_predictions/mouse/POLYIC_20190612_polyic___E3_P1_4_prediction.nii.gz,/Users/estebanfelixmoran/Desktop/Purdue/Medical_Imaging/3D-Medical-Segment-Anything/outputs/true_full_resolution_level0_decoder/probability_maps/mouse/POLYIC_20190612_polyic___E3_P1_4_probability.nii.gz,/Users/estebanfelixmoran/Desktop/Purdue/Medical_Imaging/3D-Medical-Segment-Anything/outputs/higher_resolution_true_level0/native_predictions/mouse/POLYIC_20190612_polyic___E3_P1_4_prediction.nii.gz,/Users/estebanfelixmoran/Desktop/Purdue/Medical_Imaging/3D-Medical-Segment-Anything/outputs/higher_resolution_true_level0/filtered_predictions/mouse/POLYIC_20190612_polyic___E3_P1_4_prediction.nii.gz,/Users/estebanfelixmoran/Desktop/Purdue/Medical_Imaging/3D-Medical-Segment-Anything/outputs/higher_resolution_true_level0/probability_maps/mouse/POLYIC_20190612_polyic___E3_P1_4_probability.nii.gz,0.9746396970404005,0.10000000149011612,0.03077005665042461,2361,3291,0.7419961378188841,0.9666378697022056,0.9996950909645289,1.0,0.9505338701207772,0.9787237877244996,0.9705895495044639,0.7174111212397447,5652,0.9746528167276154,0.10000000149011612,0.03073975377528288,2358,3291,0.7420527024623281,0.9667115594745,0.999720478743679,1.0,0.9505588279055113,0.9787502478236577,0.9705895495044639,0.7164995442114859,5649,0.9815971771903385,0.10000000149011612,0.02174987387216664,1962,2153,0.813459537645596,0.9814499961935697,0.9998984951912097,0.9999492475956049,0.963859442653762,0.9824363519174992,0.9807594348474964,0.9112865768694844,4115,0.9816059569329845,0.10000000149011612,0.0214875274861034,1960,2153,0.8135008247684304,0.9814998096688238,0.9999492450196675,1.0,0.9638763734092166,0.9824539415966913,0.9807594348474964,0.9103576405016256,4113
Mouse,POLYIC_20190614_polyic___E3_P1,/Users/estebanfelixmoran/Desktop/Purdue/Medical_Imaging/Datasets/Image_Database/src_adult/POLYIC_20190614_polyic___E3_P1.nii.gz,/Users/estebanfelixmoran/Desktop/Purdue/Medical_Imaging/Datasets/Mask_Database/label_adult/POLYIC_20190614_polyic___E3_P1.nii.gz,/Users/estebanfelixmoran/Desktop/Purdue/Medical_Imaging/3D-Medical-Segment-Anything/outputs/true_full_resolution_level0_decoder/native_predictions/mouse/POLYIC_20190614_polyic___E3_P1_prediction.nii.gz,/Users/estebanfelixmoran/Desktop/Purdue/Medical_Imaging/3D-Medical-Segment-Anything/outputs/true_full_resolution_level0_decoder/filtered_predictions/mouse/POLYIC_20190614_polyic___E3_P1_prediction.nii.gz,/Users/estebanfelixmoran/Desktop/Purdue/Medical_Imaging/3D-Medical-Segment-Anything/outputs/true_full_resolution_level0_decoder/probability_maps/mouse/POLYIC_20190614_polyic___E3_P1_probability.nii.gz,/Users/estebanfelixmoran/Desktop/Purdue/Medical_Imaging/3D-Medical-Segment-Anything/outputs/higher_resolution_true_level0/native_predictions/mouse/POLYIC_20190614_polyic___E3_P1_prediction.nii.gz,/Users/estebanfelixmoran/Desktop/Purdue/Medical_Imaging/3D-Medical-Segment-Anything/outputs/higher_resolution_true_level0/filtered_predictions/mouse/POLYIC_20190614_polyic___E3_P1_prediction.nii.gz,/Users/estebanfelixmoran/Desktop/Purdue/Medical_Imaging/3D-Medical-Segment-Anything/outputs/higher_resolution_true_level0/probability_maps/mouse/POLYIC_20190614_polyic___E3_P1_probability.nii.gz,0.9752442601044722,0.10000000149011612,0.033334091102062445,2855,2851,0.7463497453310696,0.9662381760853748,0.9986902740722775,0.9988600533592045,0.9516846035952887,0.9752273358322922,0.9752611849640762,1.0014030164854437,5706,0.9754431643125258,0.10000000149011612,0.030176928692825376,2808,2851,0.7472015151883059,0.9673408930869534,0.9998300269528689,1.0,0.9520634974418053,0.975625211586705,0.9752611849640762,0.9849175727814802,5659,0.9822385724994692,0.10000000149011612,0.02087656607086709,2196,1903,0.8163443361931074,0.9831564151034851,1.0,1.0,0.9650970708446867,0.9809931017769199,0.9834872097462775,1.1539674198633736,4099,0.9822385724994692,0.10000000149011612,0.02087656607086709,2196,1903,0.8163443361931074,0.9831564151034851,1.0,1.0,0.9650970708446867,0.9809931017769199,0.9834872097462775,1.1539674198633736,4099
Mouse,POLYIC_20190614_polyic___E3_P1_1,/Users/estebanfelixmoran/Desktop/Purdue/Medical_Imaging/Datasets/Image_Database/src_adult/POLYIC_20190614_polyic___E3_P1_1.nii.gz,/Users/estebanfelixmoran/Desktop/Purdue/Medical_Imaging/Datasets/Mask_Database/label_adult/POLYIC_20190614_polyic___E3_P1_1.nii.gz,/Users/estebanfelixmoran/Desktop/Purdue/Medical_Imaging/3D-Medical-Segment-Anything/outputs/true_full_resolution_level0_decoder/native_predictions/mouse/POLYIC_20190614_polyic___E3_P1_1_prediction.nii.gz,/Users/estebanfelixmoran/Desktop/Purdue/Medical_Imaging/3D-Medical-Segment-Anything/outputs/true_full_resolution_level0_decoder/filtered_predictions/mouse/POLYIC_20190614_polyic___E3_P1_1_prediction.nii.gz,/Users/estebanfelixmoran/Desktop/Purdue/Medical_Imaging/3D-Medical-Segment-Anything/outputs/true_full_resolution_level0_decoder/probability_maps/mouse/POLYIC_20190614_polyic___E3_P1_1_probability.nii.gz,/Users/estebanfelixmoran/Desktop/Purdue/Medical_Imaging/3D-Medical-Segment-Anything/outputs/higher_resolution_true_level0/native_predictions/mouse/POLYIC_20190614_polyic___E3_P1_1_prediction.nii.gz,/Users/estebanfelixmoran/Desktop/Purdue/Medical_Imaging/3D-Medical-Segment-Anything/outputs/higher_resolution_true_level0/filtered_predictions/mouse/POLYIC_20190614_polyic___E3_P1_1_prediction.nii.gz,/Users/estebanfelixmoran/Desktop/Purdue/Medical_Imaging/3D-Medical-Segment-Anything/outputs/higher_resolution_true_level0/probability_maps/mouse/POLYIC_20190614_polyic___E3_P1_1_probability.nii.gz,0.9747859362777226,0.14142135834465194,0.03278475517224988,2738,3225,0.7363937758633207,0.9604578563995838,0.9996370060256999,0.9996612056239866,0.9508120994151564,0.976797396698417,0.9727827429931387,0.8489922480620155,5963,0.9748436449439912,0.14142135834465194,0.03218004480408872,2724,3225,0.7366433464862379,0.9607833644000097,0.9999757922002469,1.0,0.9509219156045043,0.9769132977370963,0.9727827429931387,0.8446511627906976,5949,0.9809991658170358,0.10000000149011612,0.02375572773623553,2443,2067,0.7990194900386917,0.9768570810602966,0.9999038715724208,0.9999038715724208,0.9627069310533019,0.9794476179259172,0.9825556371369978,1.1819061441702952,4510,0.9810156980712353,0.10000000149011612,0.0235942032164561,2439,2067,0.7990963059100632,0.9769509938231548,1.0,1.0,0.9627387744976432,0.9794805784811085,0.9825556371369978,1.1799709724238026,4506
Mouse,POLYIC_20190614_polyic___E3_P1_3,/Users/estebanfelixmoran/Desktop/Purdue/Medical_Imaging/Datasets/Image_Database/src_adult/POLYIC_20190614_polyic___E3_P1_3.nii.gz,/Users/estebanfelixmoran/Desktop/Purdue/Medical_Imaging/Datasets/Mask_Database/label_adult/POLYIC_20190614_polyic___E3_P1_3.nii.gz,/Users/estebanfelixmoran/Desktop/Purdue/Medical_Imaging/3D-Medical-Segment-Anything/outputs/true_full_resolution_level0_decoder/native_predictions/mouse/POLYIC_20190614_polyic___E3_P1_3_prediction.nii.gz,/Users/estebanfelixmoran/Desktop/Purdue/Medical_Imaging/3D-Medical-Segment-Anything/outputs/true_full_resolution_level0_decoder/filtered_predictions/mouse/POLYIC_20190614_polyic___E3_P1_3_prediction.nii.gz,/Users/estebanfelixmoran/Desktop/Purdue/Medical_Imaging/3D-Medical-Segment-Anything/outputs/true_full_resolution_level0_decoder/probability_maps/mouse/POLYIC_20190614_polyic___E3_P1_3_probability.nii.gz,/Users/estebanfelixmoran/Desktop/Purdue/Medical_Imaging/3D-Medical-Segment-Anything/outputs/higher_resolution_true_level0/native_predictions/mouse/POLYIC_20190614_polyic___E3_P1_3_prediction.nii.gz,/Users/estebanfelixmoran/Desktop/Purdue/Medical_Imaging/3D-Medical-Segment-Anything/outputs/higher_resolution_true_level0/filtered_predictions/mouse/POLYIC_20190614_polyic___E3_P1_3_prediction.nii.gz,/Users/estebanfelixmoran/Desktop/Purdue/Medical_Imaging/3D-Medical-Segment-Anything/outputs/higher_resolution_true_level0/probability_maps/mouse/POLYIC_20190614_polyic___E3_P1_3_probability.nii.gz,0.9736673995105156,0.20000000298023224,0.04301544723457826,3470,2878,0.7374306796828453,0.9462395160181494,0.9983500618726798,0.9983729776800037,0.9486860293107211,0.9712822040701475,0.9760643385257695,1.205698401667825,6348,0.9739542487728164,0.20000000298023224,0.03591630074685525,3399,2878,0.7386324511671678,0.9477815777997108,0.9999770468473845,1.0,0.9492308190038661,0.9718532626697582,0.9760643385257695,1.1810284920083391,6277,0.9798361636369679,0.10000000149011612,0.026913371258009303,2552,2302,0.7997609635009654,0.9662820630688609,0.9999540314424933,1.0,0.9604694155109088,0.978819643286939,0.9808547975282562,1.108601216333623,4854,0.9798361636369679,0.10000000149011612,0.026913371258009303,2552,2302,0.7997609635009654,0.9662820630688609,0.9999540314424933,1.0,0.9604694155109088,0.978819643286939,0.9808547975282562,1.108601216333623,4854
Mouse,POLYIC_20190614_polyic___E3_P1_4,/Users/estebanfelixmoran/Desktop/Purdue/Medical_Imaging/Datasets/Image_Database/src_adult/POLYIC_20190614_polyic___E3_P1_4.nii.gz,/Users/estebanfelixmoran/Desktop/Purdue/Medical_Imaging/Datasets/Mask_Database/label_adult/POLYIC_20190614_polyic___E3_P1_4.nii.gz,/Users/estebanfelixmoran/Desktop/Purdue/Medical_Imaging/3D-Medical-Segment-Anything/outputs/true_full_resolution_level0_decoder/native_predictions/mouse/POLYIC_20190614_polyic___E3_P1_4_prediction.nii.gz,/Users/estebanfelixmoran/Desktop/Purdue/Medical_Imaging/3D-Medical-Segment-Anything/outputs/true_full_resolution_level0_decoder/filtered_predictions/mouse/POLYIC_20190614_polyic___E3_P1_4_prediction.nii.gz,/Users/estebanfelixmoran/Desktop/Purdue/Medical_Imaging/3D-Medical-Segment-Anything/outputs/true_full_resolution_level0_decoder/probability_maps/mouse/POLYIC_20190614_polyic___E3_P1_4_probability.nii.gz,/Users/estebanfelixmoran/Desktop/Purdue/Medical_Imaging/3D-Medical-Segment-Anything/outputs/higher_resolution_true_level0/native_predictions/mouse/POLYIC_20190614_polyic___E3_P1_4_prediction.nii.gz,/Users/estebanfelixmoran/Desktop/Purdue/Medical_Imaging/3D-Medical-Segment-Anything/outputs/higher_resolution_true_level0/filtered_predictions/mouse/POLYIC_20190614_polyic___E3_P1_4_prediction.nii.gz,/Users/estebanfelixmoran/Desktop/Purdue/Medical_Imaging/3D-Medical-Segment-Anything/outputs/higher_resolution_true_level0/probability_maps/mouse/POLYIC_20190614_polyic___E3_P1_4_probability.nii.gz,0.9763012255402079,0.10000000149011612,0.028890162604965405,2635,3056,0.7576452957429869,0.9708471877487941,0.9996487612981783,1.0,0.9536997111825245,0.9780158352731125,0.9745926172264716,0.8622382198952879,5691,0.9763012255402079,0.10000000149011612,0.028890162604965405,2635,3056,0.7576452957429869,0.9708471877487941,0.9996487612981783,1.0,0.9536997111825245,0.9780158352731125,0.9745926172264716,0.8622382198952879,5691,0.9817475534749371,0.10000000149011612,0.022446061391205963,2396,2002,0.8142913596317906,0.9793114670261978,0.9992561426346498,1.0,0.9641494668883889,0.9801448530752275,0.9833555038244097,1.196803196803197,4398,0.9817475534749371,0.10000000149011612,0.022446061391205963,2396,2002,0.8142913596317906,0.9793114670261978,0.9992561426346498,1.0,0.9641494668883889,0.9801448530752275,0.9833555038244097,1.196803196803197,4398
Mouse,POLYIC_20190614_polyic___E3_P1_5,/Users/estebanfelixmoran/Desktop/Purdue/Medical_Imaging/Datasets/Image_Database/src_adult/POLYIC_20190614_polyic___E3_P1_5.nii.gz,/Users/estebanfelixmoran/Desktop/Purdue/Medical_Imaging/Datasets/Mask_Database/label_adult/POLYIC_20190614_polyic___E3_P1_5.nii.gz,/Users/estebanfelixmoran/Desktop/Purdue/Medical_Imaging/3D-Medical-Segment-Anything/outputs/true_full_resolution_level0_decoder/native_predictions/mouse/POLYIC_20190614_polyic___E3_P1_5_prediction.nii.gz,/Users/estebanfelixmoran/Desktop/Purdue/Medical_Imaging/3D-Medical-Segment-Anything/outputs/true_full_resolution_level0_decoder/filtered_predictions/mouse/POLYIC_20190614_polyic___E3_P1_5_prediction.nii.gz,/Users/estebanfelixmoran/Desktop/Purdue/Medical_Imaging/3D-Medical-Segment-Anything/outputs/true_full_resolution_level0_decoder/probability_maps/mouse/POLYIC_20190614_polyic___E3_P1_5_probability.nii.gz,/Users/estebanfelixmoran/Desktop/Purdue/Medical_Imaging/3D-Medical-Segment-Anything/outputs/higher_resolution_true_level0/native_predictions/mouse/POLYIC_20190614_polyic___E3_P1_5_prediction.nii.gz,/Users/estebanfelixmoran/Desktop/Purdue/Medical_Imaging/3D-Medical-Segment-Anything/outputs/higher_resolution_true_level0/filtered_predictions/mouse/POLYIC_20190614_polyic___E3_P1_5_prediction.nii.gz,/Users/estebanfelixmoran/Desktop/Purdue/Medical_Imaging/3D-Medical-Segment-Anything/outputs/higher_resolution_true_level0/probability_maps/mouse/POLYIC_20190614_polyic___E3_P1_5_probability.nii.gz,0.9620816170346861,0.2828427166893039,0.17600468350928955,5610,2813,0.7017408123791102,0.9174564796905222,0.9611943907156673,0.9628143133462282,0.9269337867261166,0.9501182579624065,0.9743500898157182,1.9943121222893707,8423,0.9727535070870013,0.14142135834465194,0.03486644257217756,3173,2813,0.7288433529204962,0.9528903621113957,0.9983175129325499,1.0,0.9469523758884103,0.9711621481609394,0.9743500898157182,1.1279772484891575,5986,0.9775553876570466,0.14142135834465194,0.05264881485743271,3328,1633,0.781439205955335,0.9592307692307692,0.9920347394540943,0.9929032258064516,0.9560961795445897,0.970116015947703,0.9851097393064585,2.0379669320269445,4961,0.9789771285657327,0.10000000149011612,0.02748811164192572,3007,1633,0.7870245414105064,0.9660868695956415,0.99912530614285,1.0,0.9588199794099898,0.9729204002053259,0.9851097393064585,1.8413962033067972,4640
Mouse,POLYIC_20190614_polyic___E3_P1_6,/Users/estebanfelixmoran/Desktop/Purdue/Medical_Imaging/Datasets/Image_Database/src_adult/POLYIC_20190614_polyic___E3_P1_6.nii.gz,/Users/estebanfelixmoran/Desktop/Purdue/Medical_Imaging/Datasets/Mask_Database/label_adult/POLYIC_20190614_polyic___E3_P1_6.nii.gz,/Users/estebanfelixmoran/Desktop/Purdue/Medical_Imaging/3D-Medical-Segment-Anything/outputs/true_full_resolution_level0_decoder/native_predictions/mouse/POLYIC_20190614_polyic___E3_P1_6_prediction.nii.gz,/Users/estebanfelixmoran/Desktop/Purdue/Medical_Imaging/3D-Medical-Segment-Anything/outputs/true_full_resolution_level0_decoder/filtered_predictions/mouse/POLYIC_20190614_polyic___E3_P1_6_prediction.nii.gz,/Users/estebanfelixmoran/Desktop/Purdue/Medical_Imaging/3D-Medical-Segment-Anything/outputs/true_full_resolution_level0_decoder/probability_maps/mouse/POLYIC_20190614_polyic___E3_P1_6_probability.nii.gz,/Users/estebanfelixmoran/Desktop/Purdue/Medical_Imaging/3D-Medical-Segment-Anything/outputs/higher_resolution_true_level0/native_predictions/mouse/POLYIC_20190614_polyic___E3_P1_6_prediction.nii.gz,/Users/estebanfelixmoran/Desktop/Purdue/Medical_Imaging/3D-Medical-Segment-Anything/outputs/higher_resolution_true_level0/filtered_predictions/mouse/POLYIC_20190614_polyic___E3_P1_6_prediction.nii.gz,/Users/estebanfelixmoran/Desktop/Purdue/Medical_Imaging/3D-Medical-Segment-Anything/outputs/higher_resolution_true_level0/probability_maps/mouse/POLYIC_20190614_polyic___E3_P1_6_probability.nii.gz,0.9759219539196015,0.10000000149011612,0.02915715108459689,2638,2930,0.75968617984309,0.9670730235365118,0.99995171997586,1.0,0.9529761502601175,0.9771558218881519,0.9746911980651292,0.9003412969283277,5568,0.9759219539196015,0.10000000149011612,0.02915715108459689,2638,2930,0.75968617984309,0.9670730235365118,0.99995171997586,1.0,0.9529761502601175,0.9771558218881519,0.9746911980651292,0.9003412969283277,5568,0.9821217888545372,0.10000000149011612,0.022539770877514704,2425,1727,0.8180986762936221,0.976101083032491,1.0,1.0,0.9648716104742163,0.9791788302366315,0.9850824911462382,1.404169079328315,4152,0.9821217888545372,0.10000000149011612,0.022539770877514704,2425,1727,0.8180986762936221,0.976101083032491,1.0,1.0,0.9648716104742163,0.9791788302366315,0.9850824911462382,1.404169079328315,4152
Mouse,POLYIC_20190614_polyic___E4_P1_5,/Users/estebanfelixmoran/Desktop/Purdue/Medical_Imaging/Datasets/Image_Database/src_adult/POLYIC_20190614_polyic___E4_P1_5.nii.gz,/Users/estebanfelixmoran/Desktop/Purdue/Medical_Imaging/Datasets/Mask_Database/label_adult/POLYIC_20190614_polyic___E4_P1_5.nii.gz,/Users/estebanfelixmoran/Desktop/Purdue/Medical_Imaging/3D-Medical-Segment-Anything/outputs/true_full_resolution_level0_decoder/native_predictions/mouse/POLYIC_20190614_polyic___E4_P1_5_prediction.nii.gz,/Users/estebanfelixmoran/Desktop/Purdue/Medical_Imaging/3D-Medical-Segment-Anything/outputs/true_full_resolution_level0_decoder/filtered_predictions/mouse/POLYIC_20190614_polyic___E4_P1_5_prediction.nii.gz,/Users/estebanfelixmoran/Desktop/Purdue/Medical_Imaging/3D-Medical-Segment-Anything/outputs/true_full_resolution_level0_decoder/probability_maps/mouse/POLYIC_20190614_polyic___E4_P1_5_probability.nii.gz,/Users/estebanfelixmoran/Desktop/Purdue/Medical_Imaging/3D-Medical-Segment-Anything/outputs/higher_resolution_true_level0/native_predictions/mouse/POLYIC_20190614_polyic___E4_P1_5_prediction.nii.gz,/Users/estebanfelixmoran/Desktop/Purdue/Medical_Imaging/3D-Medical-Segment-Anything/outputs/higher_resolution_true_level0/filtered_predictions/mouse/POLYIC_20190614_polyic___E4_P1_5_prediction.nii.gz,/Users/estebanfelixmoran/Desktop/Purdue/Medical_Imaging/3D-Medical-Segment-Anything/outputs/higher_resolution_true_level0/probability_maps/mouse/POLYIC_20190614_polyic___E4_P1_5_probability.nii.gz,0.974462829901893,0.14142135834465194,0.03169474856850596,3089,2825,0.7417741896143808,0.961828337276519,0.9998292641283933,1.0,0.9501974753471608,0.973353231427487,0.9755749610928584,1.0934513274336284,5914,0.974462829901893,0.14142135834465194,0.03169474856850596,3089,2825,0.7417741896143808,0.961828337276519,0.9998292641283933,1.0,0.9501974753471608,0.973353231427487,0.9755749610928584,1.0934513274336284,5914,0.9817799368095277,0.10000000149011612,0.02219739145926697,2452,1775,0.8125257519571487,0.9821372306648246,0.9997576286386001,1.0,0.9642119344351124,0.9789233004117349,0.9846532941379906,1.3814084507042252,4227,0.9817799368095277,0.10000000149011612,0.02219739145926697,2452,1775,0.8125257519571487,0.9821372306648246,0.9997576286386001,1.0,0.9642119344351124,0.9789233004117349,0.9846532941379906,1.3814084507042252,4227
Mouse,POLYIC_20190618_mouse33__E3_P1,/Users/estebanfelixmoran/Desktop/Purdue/Medical_Imaging/Datasets/Image_Database/src_adult/POLYIC_20190618_mouse33__E3_P1.nii.gz,/Users/estebanfelixmoran/Desktop/Purdue/Medical_Imaging/Datasets/Mask_Database/label_adult/POLYIC_20190618_mouse33__E3_P1.nii.gz,/Users/estebanfelixmoran/Desktop/Purdue/Medical_Imaging/3D-Medical-Segment-Anything/outputs/true_full_resolution_level0_decoder/native_predictions/mouse/POLYIC_20190618_mouse33__E3_P1_prediction.nii.gz,/Users/estebanfelixmoran/Desktop/Purdue/Medical_Imaging/3D-Medical-Segment-Anything/outputs/true_full_resolution_level0_decoder/filtered_predictions/mouse/POLYIC_20190618_mouse33__E3_P1_prediction.nii.gz,/Users/estebanfelixmoran/Desktop/Purdue/Medical_Imaging/3D-Medical-Segment-Anything/outputs/true_full_resolution_level0_decoder/probability_maps/mouse/POLYIC_20190618_mouse33__E3_P1_probability.nii.gz,/Users/estebanfelixmoran/Desktop/Purdue/Medical_Imaging/3D-Medical-Segment-Anything/outputs/higher_resolution_true_level0/native_predictions/mouse/POLYIC_20190618_mouse33__E3_P1_prediction.nii.gz,/Users/estebanfelixmoran/Desktop/Purdue/Medical_Imaging/3D-Medical-Segment-Anything/outputs/higher_resolution_true_level0/filtered_predictions/mouse/POLYIC_20190618_mouse33__E3_P1_prediction.nii.gz,/Users/estebanfelixmoran/Desktop/Purdue/Medical_Imaging/3D-Medical-Segment-Anything/outputs/higher_resolution_true_level0/probability_maps/mouse/POLYIC_20190618_mouse33__E3_P1_probability.nii.gz,0.9738103358523758,0.14142135834465194,0.03267966040531866,2810,3026,0.7355684396269221,0.9585328963952608,0.9999243761028485,1.0,0.9489574587181641,0.9747551882130986,0.9728673134515718,0.9286186384666226,5836,0.9738103358523758,0.14142135834465194,0.03267966040531866,2810,3026,0.7355684396269221,0.9585328963952608,0.9999243761028485,1.0,0.9489574587181641,0.9747551882130986,0.9728673134515718,0.9286186384666226,5836,0.9806378487886942,0.10000000149011612,0.023970804621528136,2692,1647,0.8002996254681648,0.9768789013732834,0.9999250936329588,1.0,0.962011241660684,0.9760862033738708,0.9852321431773757,1.6344869459623559,4339,0.9806378487886942,0.10000000149011612,0.023970804621528136,2692,1647,0.8002996254681648,0.9768789013732834,0.9999250936329588,1.0,0.962011241660684,0.9760862033738708,0.9852321431773757,1.6344869459623559,4339
Mouse,POLYIC_20190618_mouse34__E3_P1,/Users/estebanfelixmoran/Desktop/Purdue/Medical_Imaging/Datasets/Image_Database/src_adult/POLYIC_20190618_mouse34__E3_P1.nii.gz,/Users/estebanfelixmoran/Desktop/Purdue/Medical_Imaging/Datasets/Mask_Database/label_adult/POLYIC_20190618_mouse34__E3_P1.nii.gz,/Users/estebanfelixmoran/Desktop/Purdue/Medical_Imaging/3D-Medical-Segment-Anything/outputs/true_full_resolution_level0_decoder/native_predictions/mouse/POLYIC_20190618_mouse34__E3_P1_prediction.nii.gz,/Users/estebanfelixmoran/Desktop/Purdue/Medical_Imaging/3D-Medical-Segment-Anything/outputs/true_full_resolution_level0_decoder/filtered_predictions/mouse/POLYIC_20190618_mouse34__E3_P1_prediction.nii.gz,/Users/estebanfelixmoran/Desktop/Purdue/Medical_Imaging/3D-Medical-Segment-Anything/outputs/true_full_resolution_level0_decoder/probability_maps/mouse/POLYIC_20190618_mouse34__E3_P1_probability.nii.gz,/Users/estebanfelixmoran/Desktop/Purdue/Medical_Imaging/3D-Medical-Segment-Anything/outputs/higher_resolution_true_level0/native_predictions/mouse/POLYIC_20190618_mouse34__E3_P1_prediction.nii.gz,/Users/estebanfelixmoran/Desktop/Purdue/Medical_Imaging/3D-Medical-Segment-Anything/outputs/higher_resolution_true_level0/filtered_predictions/mouse/POLYIC_20190618_mouse34__E3_P1_prediction.nii.gz,/Users/estebanfelixmoran/Desktop/Purdue/Medical_Imaging/3D-Medical-Segment-Anything/outputs/higher_resolution_true_level0/probability_maps/mouse/POLYIC_20190618_mouse34__E3_P1_probability.nii.gz,0.9736141326424683,0.14142135834465194,0.0333312155110927,3487,2359,0.7382333652827524,0.9568682843161983,0.9998991070978157,1.0,0.948584897363283,0.9686823599148577,0.9785963798031121,1.4781687155574397,5846,0.9736141326424683,0.14142135834465194,0.0333312155110927,3487,2359,0.7382333652827524,0.9568682843161983,0.9998991070978157,1.0,0.948584897363283,0.9686823599148577,0.9785963798031121,1.4781687155574397,5846,0.9807221321808032,0.10000000149011612,0.024129337130656296,2986,1296,0.8043385472896634,0.9745913781415552,0.9998242486630344,1.0,0.9621734790328708,0.9733166525177606,0.9882411649956903,2.3040123456790123,4282,0.9807221321808032,0.10000000149011612,0.024129337130656296,2986,1296,0.8043385472896634,0.9745913781415552,0.9998242486630344,1.0,0.9621734790328708,0.9733166525177606,0.9882411649956903,2.3040123456790123,4282
Mouse,POLYIC_20190618_mouse35__E3_P1,/Users/estebanfelixmoran/Desktop/Purdue/Medical_Imaging/Datasets/Image_Database/src_adult/POLYIC_20190618_mouse35__E3_P1.nii.gz,/Users/estebanfelixmoran/Desktop/Purdue/Medical_Imaging/Datasets/Mask_Database/label_adult/POLYIC_20190618_mouse35__E3_P1.nii.gz,/Users/estebanfelixmoran/Desktop/Purdue/Medical_Imaging/3D-Medical-Segment-Anything/outputs/true_full_resolution_level0_decoder/native_predictions/mouse/POLYIC_20190618_mouse35__E3_P1_prediction.nii.gz,/Users/estebanfelixmoran/Desktop/Purdue/Medical_Imaging/3D-Medical-Segment-Anything/outputs/true_full_resolution_level0_decoder/filtered_predictions/mouse/POLYIC_20190618_mouse35__E3_P1_prediction.nii.gz,/Users/estebanfelixmoran/Desktop/Purdue/Medical_Imaging/3D-Medical-Segment-Anything/outputs/true_full_resolution_level0_decoder/probability_maps/mouse/POLYIC_20190618_mouse35__E3_P1_probability.nii.gz,/Users/estebanfelixmoran/Desktop/Purdue/Medical_Imaging/3D-Medical-Segment-Anything/outputs/higher_resolution_true_level0/native_predictions/mouse/POLYIC_20190618_mouse35__E3_P1_prediction.nii.gz,/Users/estebanfelixmoran/Desktop/Purdue/Medical_Imaging/3D-Medical-Segment-Anything/outputs/higher_resolution_true_level0/filtered_predictions/mouse/POLYIC_20190618_mouse35__E3_P1_prediction.nii.gz,/Users/estebanfelixmoran/Desktop/Purdue/Medical_Imaging/3D-Medical-Segment-Anything/outputs/higher_resolution_true_level0/probability_maps/mouse/POLYIC_20190618_mouse35__E3_P1_probability.nii.gz,0.9716564400703555,0.20000000298023224,0.06737191577637798,3545,2788,0.7166110707030172,0.9432670361917183,0.994607609540769,0.9947580948559103,0.9448753100927014,0.9683756032721661,0.9749595832584875,1.2715208034433285,6333,0.9726663829215295,0.20000000298023224,0.0365501958116347,3313,2788,0.7204599324222098,0.9483332492813555,0.9999495688133542,1.0,0.9467872624353484,0.9703839449336253,0.9749595832584875,1.1883070301291248,6101,0.9811554129451782,0.10000000149011612,0.02288288950756467,2333,1872,0.805824030368872,0.9801703254164481,0.9998751279938064,1.0,0.9630079262445788,0.9791325658983372,0.9831866355308065,1.2462606837606838,4205,0.9811905903653875,0.10000000149011612,0.02278769567022354,2325,1872,0.805985062323583,0.9803661978867434,1.0,1.0,0.9630757049223596,0.9792026334385874,0.9831866355308065,1.2419871794871795,4197
Mouse,POLYIC_20190618_mouse36__E3_P1,/Users/estebanfelixmoran/Desktop/Purdue/Medical_Imaging/Datasets/Image_Database/src_adult/POLYIC_20190618_mouse36__E3_P1.nii.gz,/Users/estebanfelixmoran/Desktop/Purdue/Medical_Imaging/Datasets/Mask_Database/label_adult/POLYIC_20190618_mouse36__E3_P1.nii.gz,/Users/estebanfelixmoran/Desktop/Purdue/Medical_Imaging/3D-Medical-Segment-Anything/outputs/true_full_resolution_level0_decoder/native_predictions/mouse/POLYIC_20190618_mouse36__E3_P1_prediction.nii.gz,/Users/estebanfelixmoran/Desktop/Purdue/Medical_Imaging/3D-Medical-Segment-Anything/outputs/true_full_resolution_level0_decoder/filtered_predictions/mouse/POLYIC_20190618_mouse36__E3_P1_prediction.nii.gz,/Users/estebanfelixmoran/Desktop/Purdue/Medical_Imaging/3D-Medical-Segment-Anything/outputs/true_full_resolution_level0_decoder/probability_maps/mouse/POLYIC_20190618_mouse36__E3_P1_probability.nii.gz,/Users/estebanfelixmoran/Desktop/Purdue/Medical_Imaging/3D-Medical-Segment-Anything/outputs/higher_resolution_true_level0/native_predictions/mouse/POLYIC_20190618_mouse36__E3_P1_prediction.nii.gz,/Users/estebanfelixmoran/Desktop/Purdue/Medical_Imaging/3D-Medical-Segment-Anything/outputs/higher_resolution_true_level0/filtered_predictions/mouse/POLYIC_20190618_mouse36__E3_P1_prediction.nii.gz,/Users/estebanfelixmoran/Desktop/Purdue/Medical_Imaging/3D-Medical-Segment-Anything/outputs/higher_resolution_true_level0/probability_maps/mouse/POLYIC_20190618_mouse36__E3_P1_probability.nii.gz,0.9744584993935194,0.14142135834465194,0.032933209719042136,2781,3115,0.7401870985076086,0.9596004005764392,0.9993405143987689,0.9996336191104273,0.9501892403352258,0.9758704762565833,0.9730506025764143,0.892776886035313,5896,0.9745218238925593,0.14142135834465194,0.032184822848196244,2766,3115,0.7404583883106094,0.9599521086839662,0.9997067878610174,1.0,0.950309666844102,0.9759975008243809,0.9730506025764143,0.8879614767255216,5881,0.9813942635913478,0.10000000149011612,0.022459627007651896,2283,2023,0.8105613447011101,0.9784060822463504,0.9999028395151692,1.0,0.9634682277084924,0.98029297262769,0.9824980317855814,1.1285219970341078,4306,0.9813942635913478,0.10000000149011612,0.022459627007651896,2283,2023,0.8105613447011101,0.9784060822463504,0.9999028395151692,1.0,0.9634682277084924,0.98029297262769,0.9824980317855814,1.1285219970341078,4306
Mouse,POLYIC_20190619_mouse38__E3_P1,/Users/estebanfelixmoran/Desktop/Purdue/Medical_Imaging/Datasets/Image_Database/src_adult/POLYIC_20190619_mouse38__E3_P1.nii.gz,/Users/estebanfelixmoran/Desktop/Purdue/Medical_Imaging/Datasets/Mask_Database/label_adult/POLYIC_20190619_mouse38__E3_P1.nii.gz,/Users/estebanfelixmoran/Desktop/Purdue/Medical_Imaging/3D-Medical-Segment-Anything/outputs/true_full_resolution_level0_decoder/native_predictions/mouse/POLYIC_20190619_mouse38__E3_P1_prediction.nii.gz,/Users/estebanfelixmoran/Desktop/Purdue/Medical_Imaging/3D-Medical-Segment-Anything/outputs/true_full_resolution_level0_decoder/filtered_predictions/mouse/POLYIC_20190619_mouse38__E3_P1_prediction.nii.gz,/Users/estebanfelixmoran/Desktop/Purdue/Medical_Imaging/3D-Medical-Segment-Anything/outputs/true_full_resolution_level0_decoder/probability_maps/mouse/POLYIC_20190619_mouse38__E3_P1_probability.nii.gz,/Users/estebanfelixmoran/Desktop/Purdue/Medical_Imaging/3D-Medical-Segment-Anything/outputs/higher_resolution_true_level0/native_predictions/mouse/POLYIC_20190619_mouse38__E3_P1_prediction.nii.gz,/Users/estebanfelixmoran/Desktop/Purdue/Medical_Imaging/3D-Medical-Segment-Anything/outputs/higher_resolution_true_level0/filtered_predictions/mouse/POLYIC_20190619_mouse38__E3_P1_prediction.nii.gz,/Users/estebanfelixmoran/Desktop/Purdue/Medical_Imaging/3D-Medical-Segment-Anything/outputs/higher_resolution_true_level0/probability_maps/mouse/POLYIC_20190619_mouse38__E3_P1_probability.nii.gz,0.9708588209759792,0.20000000298023224,0.03874949157496653,4369,2210,0.7204397353628812,0.9412276774610755,0.9976869124011342,0.9998258966323434,0.943367966187775,0.9616623230754381,0.9802329117547092,1.976923076923077,6579,0.9708889243253779,0.20000000298023224,0.038444486705321024,4362,2210,0.7205651881887609,0.9413915769048982,0.9978606432995846,1.0,0.9434248131951379,0.9617213963529143,0.9802329117547092,1.9737556561085974,6572,0.9795827903224377,0.10000000149011612,0.025345486174946457,3298,1308,0.7988022173826965,0.9717877647990497,0.9995792912294595,1.0,0.9599826238053866,0.9710172947131609,0.9883007459616107,2.521406727828746,4606,0.9795827903224377,0.10000000149011612,0.025345486174946457,3298,1308,0.7988022173826965,0.9717877647990497,0.9995792912294595,1.0,0.9599826238053866,0.9710172947131609,0.9883007459616107,2.521406727828746,4606
Mouse,POLYIC_20190619_mouse39__E3_P1,/Users/estebanfelixmoran/Desktop/Purdue/Medical_Imaging/Datasets/Image_Database/src_adult/POLYIC_20190619_mouse39__E3_P1.nii.gz,/Users/estebanfelixmoran/Desktop/Purdue/Medical_Imaging/Datasets/Mask_Database/label_adult/POLYIC_20190619_mouse39__E3_P1.nii.gz,/Users/estebanfelixmoran/Desktop/Purdue/Medical_Imaging/3D-Medical-Segment-Anything/outputs/true_full_resolution_level0_decoder/native_predictions/mouse/POLYIC_20190619_mouse39__E3_P1_prediction.nii.gz,/Users/estebanfelixmoran/Desktop/Purdue/Medical_Imaging/3D-Medical-Segment-Anything/outputs/true_full_resolution_level0_decoder/filtered_predictions/mouse/POLYIC_20190619_mouse39__E3_P1_prediction.nii.gz,/Users/estebanfelixmoran/Desktop/Purdue/Medical_Imaging/3D-Medical-Segment-Anything/outputs/true_full_resolution_level0_decoder/probability_maps/mouse/POLYIC_20190619_mouse39__E3_P1_probability.nii.gz,/Users/estebanfelixmoran/Desktop/Purdue/Medical_Imaging/3D-Medical-Segment-Anything/outputs/higher_resolution_true_level0/native_predictions/mouse/POLYIC_20190619_mouse39__E3_P1_prediction.nii.gz,/Users/estebanfelixmoran/Desktop/Purdue/Medical_Imaging/3D-Medical-Segment-Anything/outputs/higher_resolution_true_level0/filtered_predictions/mouse/POLYIC_20190619_mouse39__E3_P1_prediction.nii.gz,/Users/estebanfelixmoran/Desktop/Purdue/Medical_Imaging/3D-Medical-Segment-Anything/outputs/higher_resolution_true_level0/probability_maps/mouse/POLYIC_20190619_mouse39__E3_P1_probability.nii.gz,0.9743974669237705,0.14142135834465194,0.03195508606463807,2565,3370,0.7368701808835653,0.9626109306047234,0.9997332816061296,1.0,0.9500731867355351,0.977792976866602,0.9710254580470987,0.7611275964391692,5935,0.9743974669237705,0.14142135834465194,0.03195508606463807,2565,3370,0.7368701808835653,0.9626109306047234,0.9997332816061296,1.0,0.9500731867355351,0.977792976866602,0.9710254580470987,0.7611275964391692,5935,0.9816612079242863,0.10000000149011612,0.022433551598412992,1996,2265,0.8125648888137721,0.9782939372721347,1.0,1.0,0.9639829254892016,0.9827990348155808,0.9805260126043557,0.8812362030905078,4261,0.9816612079242863,0.10000000149011612,0.022433551598412992,1996,2265,0.8125648888137721,0.9782939372721347,1.0,1.0,0.9639829254892016,0.9827990348155808,0.9805260126043557,0.8812362030905078,4261
Mouse,POLYIC_20190619_mouse42__E3_P1,/Users/estebanfelixmoran/Desktop/Purdue/Medical_Imaging/Datasets/Image_Database/src_adult/POLYIC_20190619_mouse42__E3_P1.nii.gz,/Users/estebanfelixmoran/Desktop/Purdue/Medical_Imaging/Datasets/Mask_Database/label_adult/POLYIC_20190619_mouse42__E3_P1.nii.gz,/Users/estebanfelixmoran/Desktop/Purdue/Medical_Imaging/3D-Medical-Segment-Anything/outputs/true_full_resolution_level0_decoder/native_predictions/mouse/POLYIC_20190619_mouse42__E3_P1_prediction.nii.gz,/Users/estebanfelixmoran/Desktop/Purdue/Medical_Imaging/3D-Medical-Segment-Anything/outputs/true_full_resolution_level0_decoder/filtered_predictions/mouse/POLYIC_20190619_mouse42__E3_P1_prediction.nii.gz,/Users/estebanfelixmoran/Desktop/Purdue/Medical_Imaging/3D-Medical-Segment-Anything/outputs/true_full_resolution_level0_decoder/probability_maps/mouse/POLYIC_20190619_mouse42__E3_P1_probability.nii.gz,/Users/estebanfelixmoran/Desktop/Purdue/Medical_Imaging/3D-Medical-Segment-Anything/outputs/higher_resolution_true_level0/native_predictions/mouse/POLYIC_20190619_mouse42__E3_P1_prediction.nii.gz,/Users/estebanfelixmoran/Desktop/Purdue/Medical_Imaging/3D-Medical-Segment-Anything/outputs/higher_resolution_true_level0/filtered_predictions/mouse/POLYIC_20190619_mouse42__E3_P1_prediction.nii.gz,/Users/estebanfelixmoran/Desktop/Purdue/Medical_Imaging/3D-Medical-Segment-Anything/outputs/higher_resolution_true_level0/probability_maps/mouse/POLYIC_20190619_mouse42__E3_P1_probability.nii.gz,0.9733921647279048,0.14142135834465194,0.03355292429519312,3834,2335,0.7356388929422637,0.9531835205992509,0.999927039252882,1.0,0.9481635842667361,0.9671392083926154,0.9797265031473844,1.6419700214132762,6169,0.9733921647279048,0.14142135834465194,0.03355292429519312,3834,2335,0.7356388929422637,0.9531835205992509,0.999927039252882,1.0,0.9481635842667361,0.9671392083926154,0.9797265031473844,1.6419700214132762,6169,0.9819466857670501,0.10000000149011612,0.021270493845654537,2796,1388,0.8123552500060948,0.9838611375216363,1.0,1.0,0.9645336565766163,0.9760170865392038,0.9879487736053831,2.0144092219020173,4184,0.9819466857670501,0.10000000149011612,0.021270493845654537,2796,1388,0.8123552500060948,0.9838611375216363,1.0,1.0,0.9645336565766163,0.9760170865392038,0.9879487736053831,2.0144092219020173,4184
Mouse,POLYIC_20190619_mouse43__E3_P1,/Users/estebanfelixmoran/Desktop/Purdue/Medical_Imaging/Datasets/Image_Database/src_adult/POLYIC_20190619_mouse43__E3_P1.nii.gz,/Users/estebanfelixmoran/Desktop/Purdue/Medical_Imaging/Datasets/Mask_Database/label_adult/POLYIC_20190619_mouse43__E3_P1.nii.gz,/Users/estebanfelixmoran/Desktop/Purdue/Medical_Imaging/3D-Medical-Segment-Anything/outputs/true_full_resolution_level0_decoder/native_predictions/mouse/POLYIC_20190619_mouse43__E3_P1_prediction.nii.gz,/Users/estebanfelixmoran/Desktop/Purdue/Medical_Imaging/3D-Medical-Segment-Anything/outputs/true_full_resolution_level0_decoder/filtered_predictions/mouse/POLYIC_20190619_mouse43__E3_P1_prediction.nii.gz,/Users/estebanfelixmoran/Desktop/Purdue/Medical_Imaging/3D-Medical-Segment-Anything/outputs/true_full_resolution_level0_decoder/probability_maps/mouse/POLYIC_20190619_mouse43__E3_P1_probability.nii.gz,/Users/estebanfelixmoran/Desktop/Purdue/Medical_Imaging/3D-Medical-Segment-Anything/outputs/higher_resolution_true_level0/native_predictions/mouse/POLYIC_20190619_mouse43__E3_P1_prediction.nii.gz,/Users/estebanfelixmoran/Desktop/Purdue/Medical_Imaging/3D-Medical-Segment-Anything/outputs/higher_resolution_true_level0/filtered_predictions/mouse/POLYIC_20190619_mouse43__E3_P1_prediction.nii.gz,/Users/estebanfelixmoran/Desktop/Purdue/Medical_Imaging/3D-Medical-Segment-Anything/outputs/higher_resolution_true_level0/probability_maps/mouse/POLYIC_20190619_mouse43__E3_P1_probability.nii.gz,0.9742116498420993,0.14142135834465194,0.03226542595911664,3665,2484,0.7453332715734865,0.9564824679234796,0.9997452406318033,1.0,0.9497199394905761,0.9694101543263974,0.9790609457978589,1.4754428341384862,6149,0.9742320790484659,0.14142135834465194,0.03218464574495405,3660,2484,0.7454195909480462,0.9565932411460867,0.9998610242512681,1.0,0.9497587701365606,0.9694506118224463,0.9790609457978589,1.4734299516908214,6144,0.9823107945408468,0.10000000149011612,0.02099578060472869,2244,1958,0.8221520163538376,0.9813928637799666,0.999698011522022,1.0,0.9652365272928835,0.9811295368159036,0.9834949001095844,1.146067415730337,4202,0.9823107945408468,0.10000000149011612,0.02099578060472869,2244,1958,0.8221520163538376,0.9813928637799666,0.999698011522022,1.0,0.9652365272928835,0.9811295368159036,0.9834949001095844,1.146067415730337,4202
Mouse,POLYIC_20190628_mouse33__E3_P1,/Users/estebanfelixmoran/Desktop/Purdue/Medical_Imaging/Datasets/Image_Database/src_adult/POLYIC_20190628_mouse33__E3_P1.nii.gz,/Users/estebanfelixmoran/Desktop/Purdue/Medical_Imaging/Datasets/Mask_Database/label_adult/POLYIC_20190628_mouse33__E3_P1.nii.gz,/Users/estebanfelixmoran/Desktop/Purdue/Medical_Imaging/3D-Medical-Segment-Anything/outputs/true_full_resolution_level0_decoder/native_predictions/mouse/POLYIC_20190628_mouse33__E3_P1_prediction.nii.gz,/Users/estebanfelixmoran/Desktop/Purdue/Medical_Imaging/3D-Medical-Segment-Anything/outputs/true_full_resolution_level0_decoder/filtered_predictions/mouse/POLYIC_20190628_mouse33__E3_P1_prediction.nii.gz,/Users/estebanfelixmoran/Desktop/Purdue/Medical_Imaging/3D-Medical-Segment-Anything/outputs/true_full_resolution_level0_decoder/probability_maps/mouse/POLYIC_20190628_mouse33__E3_P1_probability.nii.gz,/Users/estebanfelixmoran/Desktop/Purdue/Medical_Imaging/3D-Medical-Segment-Anything/outputs/higher_resolution_true_level0/native_predictions/mouse/POLYIC_20190628_mouse33__E3_P1_prediction.nii.gz,/Users/estebanfelixmoran/Desktop/Purdue/Medical_Imaging/3D-Medical-Segment-Anything/outputs/higher_resolution_true_level0/filtered_predictions/mouse/POLYIC_20190628_mouse33__E3_P1_prediction.nii.gz,/Users/estebanfelixmoran/Desktop/Purdue/Medical_Imaging/3D-Medical-Segment-Anything/outputs/higher_resolution_true_level0/probability_maps/mouse/POLYIC_20190628_mouse33__E3_P1_probability.nii.gz,0.973363223950151,0.14142135834465194,0.033857211858517706,2782,3254,0.7325041210849693,0.9544932314301414,0.9999500474549178,1.0,0.9481086657496561,0.9753949020925831,0.971339991896986,0.8549477566072526,6036,0.973363223950151,0.14142135834465194,0.033857211858517706,2782,3254,0.7325041210849693,0.9544932314301414,0.9999500474549178,1.0,0.9481086657496561,0.9753949020925831,0.971339991896986,0.8549477566072526,6036,0.9822463879597192,0.10000000149011612,0.021207623090680215,2233,1806,0.8175782798256045,0.9808016250495442,0.9999504558065795,1.0,0.9651121610766081,0.9804062650813846,0.9840934312741109,1.2364341085271318,4039,0.9822463879597192,0.10000000149011612,0.021207623090680215,2233,1806,0.8175782798256045,0.9808016250495442,0.9999504558065795,1.0,0.9651121610766081,0.9804062650813846,0.9840934312741109,1.2364341085271318,4039
Mouse,POLYIC_20190628_mouse34__E6_P1,/Users/estebanfelixmoran/Desktop/Purdue/Medical_Imaging/Datasets/Image_Database/src_adult/POLYIC_20190628_mouse34__E6_P1.nii.gz,/Users/estebanfelixmoran/Desktop/Purdue/Medical_Imaging/Datasets/Mask_Database/label_adult/POLYIC_20190628_mouse34__E6_P1.nii.gz,/Users/estebanfelixmoran/Desktop/Purdue/Medical_Imaging/3D-Medical-Segment-Anything/outputs/true_full_resolution_level0_decoder/native_predictions/mouse/POLYIC_20190628_mouse34__E6_P1_prediction.nii.gz,/Users/estebanfelixmoran/Desktop/Purdue/Medical_Imaging/3D-Medical-Segment-Anything/outputs/true_full_resolution_level0_decoder/filtered_predictions/mouse/POLYIC_20190628_mouse34__E6_P1_prediction.nii.gz,/Users/estebanfelixmoran/Desktop/Purdue/Medical_Imaging/3D-Medical-Segment-Anything/outputs/true_full_resolution_level0_decoder/probability_maps/mouse/POLYIC_20190628_mouse34__E6_P1_probability.nii.gz,/Users/estebanfelixmoran/Desktop/Purdue/Medical_Imaging/3D-Medical-Segment-Anything/outputs/higher_resolution_true_level0/native_predictions/mouse/POLYIC_20190628_mouse34__E6_P1_prediction.nii.gz,/Users/estebanfelixmoran/Desktop/Purdue/Medical_Imaging/3D-Medical-Segment-Anything/outputs/higher_resolution_true_level0/filtered_predictions/mouse/POLYIC_20190628_mouse34__E6_P1_prediction.nii.gz,/Users/estebanfelixmoran/Desktop/Purdue/Medical_Imaging/3D-Medical-Segment-Anything/outputs/higher_resolution_true_level0/probability_maps/mouse/POLYIC_20190628_mouse34__E6_P1_probability.nii.gz,0.9737277302511017,0.14142135834465194,0.03353397108347808,3209,2669,0.7392440341403936,0.9586184587055515,0.9987309328887451,1.0,0.9488005853352612,0.971383218741361,0.976083586476339,1.2023229674035218,5878,0.9737277302511017,0.14142135834465194,0.03353397108347808,3209,2669,0.7392440341403936,0.9586184587055515,0.9987309328887451,1.0,0.9488005853352612,0.971383218741361,0.976083586476339,1.2023229674035218,5878,0.9804151015868904,0.10000000149011612,0.051299481991515475,2544,1841,0.806910569105691,0.9749157247670037,0.9940511600237953,0.9940511600237953,0.9615826039722799,0.977346393588602,0.9835031407654328,1.3818576860401957,4385,0.9815154306359157,0.10000000149011612,0.022105979448186836,2293,1841,0.811739477358867,0.9807500498703371,1.0,1.0,0.9637018175432435,0.9795357388285483,0.9835031407654328,1.2455187398153178,4134
Mouse,POLYIC_20190628_mouse35__E3_P1,/Users/estebanfelixmoran/Desktop/Purdue/Medical_Imaging/Datasets/Image_Database/src_adult/POLYIC_20190628_mouse35__E3_P1.nii.gz,/Users/estebanfelixmoran/Desktop/Purdue/Medical_Imaging/Datasets/Mask_Database/label_adult/POLYIC_20190628_mouse35__E3_P1.nii.gz,/Users/estebanfelixmoran/Desktop/Purdue/Medical_Imaging/3D-Medical-Segment-Anything/outputs/true_full_resolution_level0_decoder/native_predictions/mouse/POLYIC_20190628_mouse35__E3_P1_prediction.nii.gz,/Users/estebanfelixmoran/Desktop/Purdue/Medical_Imaging/3D-Medical-Segment-Anything/outputs/true_full_resolution_level0_decoder/filtered_predictions/mouse/POLYIC_20190628_mouse35__E3_P1_prediction.nii.gz,/Users/estebanfelixmoran/Desktop/Purdue/Medical_Imaging/3D-Medical-Segment-Anything/outputs/true_full_resolution_level0_decoder/probability_maps/mouse/POLYIC_20190628_mouse35__E3_P1_probability.nii.gz,/Users/estebanfelixmoran/Desktop/Purdue/Medical_Imaging/3D-Medical-Segment-Anything/outputs/higher_resolution_true_level0/native_predictions/mouse/POLYIC_20190628_mouse35__E3_P1_prediction.nii.gz,/Users/estebanfelixmoran/Desktop/Purdue/Medical_Imaging/3D-Medical-Segment-Anything/outputs/higher_resolution_true_level0/filtered_predictions/mouse/POLYIC_20190628_mouse35__E3_P1_prediction.nii.gz,/Users/estebanfelixmoran/Desktop/Purdue/Medical_Imaging/3D-Medical-Segment-Anything/outputs/higher_resolution_true_level0/probability_maps/mouse/POLYIC_20190628_mouse35__E3_P1_probability.nii.gz,0.9742147006644172,0.14142135834465194,0.034507704823267565,3430,2500,0.73304886170239,0.9523715561255951,0.999802678637496,1.0,0.9497257382177647,0.9702909409023586,0.9781703238650752,1.372,5930,0.9742147006644172,0.14142135834465194,0.034507704823267565,3430,2500,0.73304886170239,0.9523715561255951,0.999802678637496,1.0,0.9497257382177647,0.9702909409023586,0.9781703238650752,1.372,5930,0.9818923121822878,0.10000000149011612,0.022456243835319703,2341,1816,0.8125521779698472,0.979718116191131,1.0,1.0,0.9644287376779846,0.9796519713510883,0.9841429232555906,1.2890969162995596,4157,0.9818923121822878,0.10000000149011612,0.022456243835319703,2341,1816,0.8125521779698472,0.979718116191131,1.0,1.0,0.9644287376779846,0.9796519713510883,0.9841429232555906,1.2890969162995596,4157
Mouse,POLYIC_20190628_mouse36__E3_P1,/Users/estebanfelixmoran/Desktop/Purdue/Medical_Imaging/Datasets/Image_Database/src_adult/POLYIC_20190628_mouse36__E3_P1.nii.gz,/Users/estebanfelixmoran/Desktop/Purdue/Medical_Imaging/Datasets/Mask_Database/label_adult/POLYIC_20190628_mouse36__E3_P1.nii.gz,/Users/estebanfelixmoran/Desktop/Purdue/Medical_Imaging/3D-Medical-Segment-Anything/outputs/true_full_resolution_level0_decoder/native_predictions/mouse/POLYIC_20190628_mouse36__E3_P1_prediction.nii.gz,/Users/estebanfelixmoran/Desktop/Purdue/Medical_Imaging/3D-Medical-Segment-Anything/outputs/true_full_resolution_level0_decoder/filtered_predictions/mouse/POLYIC_20190628_mouse36__E3_P1_prediction.nii.gz,/Users/estebanfelixmoran/Desktop/Purdue/Medical_Imaging/3D-Medical-Segment-Anything/outputs/true_full_resolution_level0_decoder/probability_maps/mouse/POLYIC_20190628_mouse36__E3_P1_probability.nii.gz,/Users/estebanfelixmoran/Desktop/Purdue/Medical_Imaging/3D-Medical-Segment-Anything/outputs/higher_resolution_true_level0/native_predictions/mouse/POLYIC_20190628_mouse36__E3_P1_prediction.nii.gz,/Users/estebanfelixmoran/Desktop/Purdue/Medical_Imaging/3D-Medical-Segment-Anything/outputs/higher_resolution_true_level0/filtered_predictions/mouse/POLYIC_20190628_mouse36__E3_P1_prediction.nii.gz,/Users/estebanfelixmoran/Desktop/Purdue/Medical_Imaging/3D-Medical-Segment-Anything/outputs/higher_resolution_true_level0/probability_maps/mouse/POLYIC_20190628_mouse36__E3_P1_probability.nii.gz,0.9746578001316478,0.14142135834465194,0.03041924983288016,2934,3072,0.7497021398274794,0.9646856979459563,0.9998331983033885,1.0,0.9505683080797689,0.9752256626333077,0.9740905985645247,0.955078125,6006,0.9746578001316478,0.14142135834465194,0.03041924983288016,2934,3072,0.7497021398274794,0.9646856979459563,0.9998331983033885,1.0,0.9505683080797689,0.9752256626333077,0.9740905985645247,0.955078125,6006,0.9817119752164132,0.10000000149011612,0.022427343646821224,2065,2268,0.817130070462769,0.9811940582746144,0.9990954103980194,0.9991192153875452,0.9640808409045692,0.9825538170389646,0.9808715747214655,0.9104938271604939,4333,0.9818653068461,0.10000000149011612,0.021095016996685707,2028,2268,0.8178504205284601,0.9820590407662434,0.999976174024922,1.0,0.9643766325303702,0.9828610545353131,0.9808715747214655,0.8941798941798942,4296
Mouse,POLYIC_20190629_polyic_mo__E3_P1,/Users/estebanfelixmoran/Desktop/Purdue/Medical_Imaging/Datasets/Image_Database/src_adult/POLYIC_20190629_polyic_mo__E3_P1.nii.gz,/Users/estebanfelixmoran/Desktop/Purdue/Medical_Imaging/Datasets/Mask_Database/label_adult/POLYIC_20190629_polyic_mo__E3_P1.nii.gz,/Users/estebanfelixmoran/Desktop/Purdue/Medical_Imaging/3D-Medical-Segment-Anything/outputs/true_full_resolution_level0_decoder/native_predictions/mouse/POLYIC_20190629_polyic_mo__E3_P1_prediction.nii.gz,/Users/estebanfelixmoran/Desktop/Purdue/Medical_Imaging/3D-Medical-Segment-Anything/outputs/true_full_resolution_level0_decoder/filtered_predictions/mouse/POLYIC_20190629_polyic_mo__E3_P1_prediction.nii.gz,/Users/estebanfelixmoran/Desktop/Purdue/Medical_Imaging/3D-Medical-Segment-Anything/outputs/true_full_resolution_level0_decoder/probability_maps/mouse/POLYIC_20190629_polyic_mo__E3_P1_probability.nii.gz,/Users/estebanfelixmoran/Desktop/Purdue/Medical_Imaging/3D-Medical-Segment-Anything/outputs/higher_resolution_true_level0/native_predictions/mouse/POLYIC_20190629_polyic_mo__E3_P1_prediction.nii.gz,/Users/estebanfelixmoran/Desktop/Purdue/Medical_Imaging/3D-Medical-Segment-Anything/outputs/higher_resolution_true_level0/filtered_predictions/mouse/POLYIC_20190629_polyic_mo__E3_P1_prediction.nii.gz,/Users/estebanfelixmoran/Desktop/Purdue/Medical_Imaging/3D-Medical-Segment-Anything/outputs/higher_resolution_true_level0/probability_maps/mouse/POLYIC_20190629_polyic_mo__E3_P1_probability.nii.gz,0.97510167642099,0.14142135834465194,0.03170520607839955,2898,2875,0.7430818526070492,0.9609913583843092,0.9996358869793184,0.9999029031944849,0.951413085559427,0.9750049593334655,0.9751984126984127,1.008,5773,0.9751184987427703,0.14142135834465194,0.03150674335745002,2894,2875,0.7431540104874733,0.9610846766362401,0.9997329578558943,1.0,0.9514451158954332,0.9750385978833697,0.9751984126984127,1.0066086956521738,5769,0.9825648806265436,0.10000000149011612,0.0208123997290862,2104,1941,0.8180912338688118,0.9834981894184266,1.0,1.0,0.9657273096997221,0.9818750376885504,0.9832556935817806,1.08397733127254,4045,0.9825648806265436,0.10000000149011612,0.0208123997290862,2104,1941,0.8180912338688118,0.9834981894184266,1.0,1.0,0.9657273096997221,0.9818750376885504,0.9832556935817806,1.08397733127254,4045
Mouse,POLYIC_20190629_polyic_mo__E3_P1_1,/Users/estebanfelixmoran/Desktop/Purdue/Medical_Imaging/Datasets/Image_Database/src_adult/POLYIC_20190629_polyic_mo__E3_P1_1.nii.gz,/Users/estebanfelixmoran/Desktop/Purdue/Medical_Imaging/Datasets/Mask_Database/label_adult/POLYIC_20190629_polyic_mo__E3_P1_1.nii.gz,/Users/estebanfelixmoran/Desktop/Purdue/Medical_Imaging/3D-Medical-Segment-Anything/outputs/true_full_resolution_level0_decoder/native_predictions/mouse/POLYIC_20190629_polyic_mo__E3_P1_1_prediction.nii.gz,/Users/estebanfelixmoran/Desktop/Purdue/Medical_Imaging/3D-Medical-Segment-Anything/outputs/true_full_resolution_level0_decoder/filtered_predictions/mouse/POLYIC_20190629_polyic_mo__E3_P1_1_prediction.nii.gz,/Users/estebanfelixmoran/Desktop/Purdue/Medical_Imaging/3D-Medical-Segment-Anything/outputs/true_full_resolution_level0_decoder/probability_maps/mouse/POLYIC_20190629_polyic_mo__E3_P1_1_probability.nii.gz,/Users/estebanfelixmoran/Desktop/Purdue/Medical_Imaging/3D-Medical-Segment-Anything/outputs/higher_resolution_true_level0/native_predictions/mouse/POLYIC_20190629_polyic_mo__E3_P1_1_prediction.nii.gz,/Users/estebanfelixmoran/Desktop/Purdue/Medical_Imaging/3D-Medical-Segment-Anything/outputs/higher_resolution_true_level0/filtered_predictions/mouse/POLYIC_20190629_polyic_mo__E3_P1_1_prediction.nii.gz,/Users/estebanfelixmoran/Desktop/Purdue/Medical_Imaging/3D-Medical-Segment-Anything/outputs/higher_resolution_true_level0/probability_maps/mouse/POLYIC_20190629_polyic_mo__E3_P1_1_probability.nii.gz,0.9705055428173895,0.20000000298023224,0.044848510549468014,4363,2802,0.7167451214391478,0.9205286304669716,0.9995138014099759,0.9998011005768084,0.9427010860003519,0.9643090867445437,0.9767821482727476,1.5571020699500357,7165,0.9705414996006883,0.20000000298023224,0.04408309921841797,4354,2802,0.7168877099911583,0.920711759504863,0.9997126436781609,1.0,0.9427689403936435,0.964380087536303,0.9767821482727476,1.5538900785153462,7156,0.977874899825676,0.20000000298023224,0.032235110919523025,3034,2322,0.7915996385993521,0.9479935653055378,0.9989642786310848,1.0,0.956707647291803,0.9750072078751184,0.980759510453005,1.3066322136089579,5356,0.9778829788991887,0.20000000298023224,0.03220919818100256,3032,2322,0.7916345285056307,0.948035348304207,0.9990083081737444,1.0,0.9567231136078891,0.9750232715230697,0.980759510453005,1.305770887166236,5354
Mouse,POLYIC_20190629_polyic_mo__E3_P1_2,/Users/estebanfelixmoran/Desktop/Purdue/Medical_Imaging/Datasets/Image_Database/src_adult/POLYIC_20190629_polyic_mo__E3_P1_2.nii.gz,/Users/estebanfelixmoran/Desktop/Purdue/Medical_Imaging/Datasets/Mask_Database/label_adult/POLYIC_20190629_polyic_mo__E3_P1_2.nii.gz,/Users/estebanfelixmoran/Desktop/Purdue/Medical_Imaging/3D-Medical-Segment-Anything/outputs/true_full_resolution_level0_decoder/native_predictions/mouse/POLYIC_20190629_polyic_mo__E3_P1_2_prediction.nii.gz,/Users/estebanfelixmoran/Desktop/Purdue/Medical_Imaging/3D-Medical-Segment-Anything/outputs/true_full_resolution_level0_decoder/filtered_predictions/mouse/POLYIC_20190629_polyic_mo__E3_P1_2_prediction.nii.gz,/Users/estebanfelixmoran/Desktop/Purdue/Medical_Imaging/3D-Medical-Segment-Anything/outputs/true_full_resolution_level0_decoder/probability_maps/mouse/POLYIC_20190629_polyic_mo__E3_P1_2_probability.nii.gz,/Users/estebanfelixmoran/Desktop/Purdue/Medical_Imaging/3D-Medical-Segment-Anything/outputs/higher_resolution_true_level0/native_predictions/mouse/POLYIC_20190629_polyic_mo__E3_P1_2_prediction.nii.gz,/Users/estebanfelixmoran/Desktop/Purdue/Medical_Imaging/3D-Medical-Segment-Anything/outputs/higher_resolution_true_level0/filtered_predictions/mouse/POLYIC_20190629_polyic_mo__E3_P1_2_prediction.nii.gz,/Users/estebanfelixmoran/Desktop/Purdue/Medical_Imaging/3D-Medical-Segment-Anything/outputs/higher_resolution_true_level0/probability_maps/mouse/POLYIC_20190629_polyic_mo__E3_P1_2_probability.nii.gz,0.9729219577201788,0.20000000298023224,0.033947003242569225,2967,3718,0.7376370168653745,0.9486029428591043,0.9995652074418179,1.0,0.9472716947200707,0.9758905935123188,0.9699713281912531,0.7980096826250672,6685,0.9729219577201788,0.20000000298023224,0.033947003242569225,2967,3718,0.7376370168653745,0.9486029428591043,0.9995652074418179,1.0,0.9472716947200707,0.9758905935123188,0.9699713281912531,0.7980096826250672,6685,0.9790850358940008,0.10000000149011612,0.04441873964936527,2683,2500,0.7927672884180726,0.9667359192712495,0.9955480468482455,0.9956165384351956,0.9590270201900425,0.9783625542347457,0.9798085853894923,1.0732,5183,0.9798559059188421,0.10000000149011612,0.025250253400660404,2487,2501,0.7962300495321959,0.9708310401761144,0.9998394789946798,1.0,0.9605073553862964,0.9799113092786004,0.9798005088236482,0.9944022391043582,4988
Mouse,POLYIC_20190629_polyic_mo__E3_P1_3,/Users/estebanfelixmoran/Desktop/Purdue/Medical_Imaging/Datasets/Image_Database/src_adult/POLYIC_20190629_polyic_mo__E3_P1_3.nii.gz,/Users/estebanfelixmoran/Desktop/Purdue/Medical_Imaging/Datasets/Mask_Database/label_adult/POLYIC_20190629_polyic_mo__E3_P1_3.nii.gz,/Users/estebanfelixmoran/Desktop/Purdue/Medical_Imaging/3D-Medical-Segment-Anything/outputs/true_full_resolution_level0_decoder/native_predictions/mouse/POLYIC_20190629_polyic_mo__E3_P1_3_prediction.nii.gz,/Users/estebanfelixmoran/Desktop/Purdue/Medical_Imaging/3D-Medical-Segment-Anything/outputs/true_full_resolution_level0_decoder/filtered_predictions/mouse/POLYIC_20190629_polyic_mo__E3_P1_3_prediction.nii.gz,/Users/estebanfelixmoran/Desktop/Purdue/Medical_Imaging/3D-Medical-Segment-Anything/outputs/true_full_resolution_level0_decoder/probability_maps/mouse/POLYIC_20190629_polyic_mo__E3_P1_3_probability.nii.gz,/Users/estebanfelixmoran/Desktop/Purdue/Medical_Imaging/3D-Medical-Segment-Anything/outputs/higher_resolution_true_level0/native_predictions/mouse/POLYIC_20190629_polyic_mo__E3_P1_3_prediction.nii.gz,/Users/estebanfelixmoran/Desktop/Purdue/Medical_Imaging/3D-Medical-Segment-Anything/outputs/higher_resolution_true_level0/filtered_predictions/mouse/POLYIC_20190629_polyic_mo__E3_P1_3_prediction.nii.gz,/Users/estebanfelixmoran/Desktop/Purdue/Medical_Imaging/3D-Medical-Segment-Anything/outputs/higher_resolution_true_level0/probability_maps/mouse/POLYIC_20190629_polyic_mo__E3_P1_3_probability.nii.gz,0.9738981378074436,0.20000000298023224,0.03617057736433507,3345,2685,0.7374216914643696,0.9486344949099452,0.9994861002349256,1.0,0.9491242280044548,0.971123714811074,0.9766884588336415,1.2458100558659218,6030,0.9738981378074436,0.20000000298023224,0.03617057736433507,3345,2685,0.7374216914643696,0.9486344949099452,0.9994861002349256,1.0,0.9491242280044548,0.971123714811074,0.9766884588336415,1.2458100558659218,6030,0.9802870714134442,0.10000000149011612,0.02920081505268195,2787,1774,0.7956213277421557,0.9591145134944048,1.0,1.0,0.9613363172439516,0.9760138391627651,0.9845978867675531,1.5710259301014655,4561,0.9802870714134442,0.10000000149011612,0.02920081505268195,2787,1774,0.7956213277421557,0.9591145134944048,1.0,1.0,0.9613363172439516,0.9760138391627651,0.9845978867675531,1.5710259301014655,4561
Mouse,POLYIC_20190629_polyic_mo__E3_P1_5,/Users/estebanfelixmoran/Desktop/Purdue/Medical_Imaging/Datasets/Image_Database/src_adult/POLYIC_20190629_polyic_mo__E3_P1_5.nii.gz,/Users/estebanfelixmoran/Desktop/Purdue/Medical_Imaging/Datasets/Mask_Database/label_adult/POLYIC_20190629_polyic_mo__E3_P1_5.nii.gz,/Users/estebanfelixmoran/Desktop/Purdue/Medical_Imaging/3D-Medical-Segment-Anything/outputs/true_full_resolution_level0_decoder/native_predictions/mouse/POLYIC_20190629_polyic_mo__E3_P1_5_prediction.nii.gz,/Users/estebanfelixmoran/Desktop/Purdue/Medical_Imaging/3D-Medical-Segment-Anything/outputs/true_full_resolution_level0_decoder/filtered_predictions/mouse/POLYIC_20190629_polyic_mo__E3_P1_5_prediction.nii.gz,/Users/estebanfelixmoran/Desktop/Purdue/Medical_Imaging/3D-Medical-Segment-Anything/outputs/true_full_resolution_level0_decoder/probability_maps/mouse/POLYIC_20190629_polyic_mo__E3_P1_5_probability.nii.gz,/Users/estebanfelixmoran/Desktop/Purdue/Medical_Imaging/3D-Medical-Segment-Anything/outputs/higher_resolution_true_level0/native_predictions/mouse/POLYIC_20190629_polyic_mo__E3_P1_5_prediction.nii.gz,/Users/estebanfelixmoran/Desktop/Purdue/Medical_Imaging/3D-Medical-Segment-Anything/outputs/higher_resolution_true_level0/filtered_predictions/mouse/POLYIC_20190629_polyic_mo__E3_P1_5_prediction.nii.gz,/Users/estebanfelixmoran/Desktop/Purdue/Medical_Imaging/3D-Medical-Segment-Anything/outputs/higher_resolution_true_level0/probability_maps/mouse/POLYIC_20190629_polyic_mo__E3_P1_5_probability.nii.gz,0.9738525848831258,0.14142135834465194,0.0321813674360126,2564,3566,0.739442688882505,0.9587283347697022,0.9998563631140477,1.0,0.9490377021241219,0.9780327110410473,0.9697080384978042,0.7190128996074032,6130,0.9738525848831258,0.14142135834465194,0.0321813674360126,2564,3566,0.739442688882505,0.9587283347697022,0.9998563631140477,1.0,0.9490377021241219,0.9780327110410473,0.9697080384978042,0.7190128996074032,6130,0.9813578375432201,0.10000000149011612,0.022598591648016985,1890,2488,0.8132778096879189,0.977599080987938,0.9998564043653073,1.0,0.9633980152327127,0.9838631182602905,0.9788652831695279,0.7596463022508039,4378,0.9813578375432201,0.10000000149011612,0.022598591648016985,1890,2488,0.8132778096879189,0.977599080987938,0.9998564043653073,1.0,0.9633980152327127,0.9838631182602905,0.9788652831695279,0.7596463022508039,4378
Mouse,POLYIC_20190629_polyic_mo__E4_P1_2,/Users/estebanfelixmoran/Desktop/Purdue/Medical_Imaging/Datasets/Image_Database/src_adult/POLYIC_20190629_polyic_mo__E4_P1_2.nii.gz,/Users/estebanfelixmoran/Desktop/Purdue/Medical_Imaging/Datasets/Mask_Database/label_adult/POLYIC_20190629_polyic_mo__E4_P1_2.nii.gz,/Users/estebanfelixmoran/Desktop/Purdue/Medical_Imaging/3D-Medical-Segment-Anything/outputs/true_full_resolution_level0_decoder/native_predictions/mouse/POLYIC_20190629_polyic_mo__E4_P1_2_prediction.nii.gz,/Users/estebanfelixmoran/Desktop/Purdue/Medical_Imaging/3D-Medical-Segment-Anything/outputs/true_full_resolution_level0_decoder/filtered_predictions/mouse/POLYIC_20190629_polyic_mo__E4_P1_2_prediction.nii.gz,/Users/estebanfelixmoran/Desktop/Purdue/Medical_Imaging/3D-Medical-Segment-Anything/outputs/true_full_resolution_level0_decoder/probability_maps/mouse/POLYIC_20190629_polyic_mo__E4_P1_2_probability.nii.gz,/Users/estebanfelixmoran/Desktop/Purdue/Medical_Imaging/3D-Medical-Segment-Anything/outputs/higher_resolution_true_level0/native_predictions/mouse/POLYIC_20190629_polyic_mo__E4_P1_2_prediction.nii.gz,/Users/estebanfelixmoran/Desktop/Purdue/Medical_Imaging/3D-Medical-Segment-Anything/outputs/higher_resolution_true_level0/filtered_predictions/mouse/POLYIC_20190629_polyic_mo__E4_P1_2_prediction.nii.gz,/Users/estebanfelixmoran/Desktop/Purdue/Medical_Imaging/3D-Medical-Segment-Anything/outputs/higher_resolution_true_level0/probability_maps/mouse/POLYIC_20190629_polyic_mo__E4_P1_2_probability.nii.gz,0.9757136980666392,0.14142135834465194,0.03243342118091438,2716,3188,0.7491322928718155,0.9626708851793261,0.9993861119637334,0.999551389511959,0.9525790750349392,0.9776118172675866,0.9738229353127618,0.8519447929736512,5904,0.975789963016443,0.14142135834465194,0.03040945407894983,2697,3188,0.7494685123068928,0.9631029432607361,0.9998346482732555,1.0,0.9527244684013078,0.9777649532132404,0.9738229353127618,0.8459849435382685,5885,0.9819406509908615,0.10000000149011612,0.022563394823380337,2150,2247,0.8114684523248137,0.9785909648212769,1.0,1.0,0.9645220113607023,0.9823320102885224,0.9815496034026899,0.9568313306631063,4397,0.9819406509908615,0.10000000149011612,0.022563394823380337,2150,2247,0.8114684523248137,0.9785909648212769,1.0,1.0,0.9645220113607023,0.9823320102885224,0.9815496034026899,0.9568313306631063,4397
Mouse,POLYIC_20190629_polyic_mo__E4_P1_4,/Users/estebanfelixmoran/Desktop/Purdue/Medical_Imaging/Datasets/Image_Database/src_adult/POLYIC_20190629_polyic_mo__E4_P1_4.nii.gz,/Users/estebanfelixmoran/Desktop/Purdue/Medical_Imaging/Datasets/Mask_Database/label_adult/POLYIC_20190629_polyic_mo__E4_P1_4.nii.gz,/Users/estebanfelixmoran/Desktop/Purdue/Medical_Imaging/3D-Medical-Segment-Anything/outputs/true_full_resolution_level0_decoder/native_predictions/mouse/POLYIC_20190629_polyic_mo__E4_P1_4_prediction.nii.gz,/Users/estebanfelixmoran/Desktop/Purdue/Medical_Imaging/3D-Medical-Segment-Anything/outputs/true_full_resolution_level0_decoder/filtered_predictions/mouse/POLYIC_20190629_polyic_mo__E4_P1_4_prediction.nii.gz,/Users/estebanfelixmoran/Desktop/Purdue/Medical_Imaging/3D-Medical-Segment-Anything/outputs/true_full_resolution_level0_decoder/probability_maps/mouse/POLYIC_20190629_polyic_mo__E4_P1_4_probability.nii.gz,/Users/estebanfelixmoran/Desktop/Purdue/Medical_Imaging/3D-Medical-Segment-Anything/outputs/higher_resolution_true_level0/native_predictions/mouse/POLYIC_20190629_polyic_mo__E4_P1_4_prediction.nii.gz,/Users/estebanfelixmoran/Desktop/Purdue/Medical_Imaging/3D-Medical-Segment-Anything/outputs/higher_resolution_true_level0/filtered_predictions/mouse/POLYIC_20190629_polyic_mo__E4_P1_4_prediction.nii.gz,/Users/estebanfelixmoran/Desktop/Purdue/Medical_Imaging/3D-Medical-Segment-Anything/outputs/higher_resolution_true_level0/probability_maps/mouse/POLYIC_20190629_polyic_mo__E4_P1_4_probability.nii.gz,0.975058157865585,0.10000000149011612,0.030816067373056633,2469,3385,0.7477788628730677,0.9658194983683872,0.9997379891860991,1.0,0.9513302294645827,0.9788784806877967,0.9712675386848427,0.7293943870014771,5854,0.975058157865585,0.10000000149011612,0.030816067373056633,2469,3385,0.7477788628730677,0.9658194983683872,0.9997379891860991,1.0,0.9513302294645827,0.9788784806877967,0.9712675386848427,0.7293943870014771,5854,0.9810138170360435,0.10000000149011612,0.022905076480833418,1846,2613,0.8086712888213505,0.9794614873207332,0.9995726089847089,1.0,0.9627351513074872,0.9842281535149174,0.9778204072624798,0.7064676616915423,4459,0.9810138170360435,0.10000000149011612,0.022905076480833418,1846,2613,0.8086712888213505,0.9794614873207332,0.9995726089847089,1.0,0.9627351513074872,0.9842281535149174,0.9778204072624798,0.7064676616915423,4459
