scan_id,condition,slice_index,brain_position,expert_nonempty,dice,false_positives,false_negatives
POLYIC_20190510_mouse30__E2_P1,adapted,0,first 20%,True,0.7919463087248322,189,59
POLYIC_20190510_mouse30__E2_P1,adapted,1,first 20%,True,0.5664018161180476,719,45
POLYIC_20190510_mouse30__E2_P1,adapted,2,first 20%,True,0.8649306400584084,25,530
POLYIC_20190510_mouse30__E2_P1,adapted,3,first 20%,True,0.9140523482457769,60,403
POLYIC_20190510_mouse30__E2_P1,adapted,4,first 20%,True,0.926185990751841,44,387
POLYIC_20190510_mouse30__E2_P1,adapted,5,first 20%,True,0.93088,23,409
POLYIC_20190510_mouse30__E2_P1,adapted,6,first 20%,True,0.9180327868852459,22,523
POLYIC_20190510_mouse30__E2_P1,adapted,7,middle 60%,True,0.927710843373494,73,419
POLYIC_20190510_mouse30__E2_P1,adapted,8,middle 60%,True,0.937457969065232,173,292
POLYIC_20190510_mouse30__E2_P1,adapted,9,middle 60%,True,0.961729179910998,154,147
POLYIC_20190510_mouse30__E2_P1,adapted,10,middle 60%,True,0.9522664422267645,194,203
POLYIC_20190510_mouse30__E2_P1,adapted,11,middle 60%,True,0.9414450405204885,264,249
POLYIC_20190510_mouse30__E2_P1,adapted,12,middle 60%,True,0.9512195121951219,176,256
POLYIC_20190510_mouse30__E2_P1,adapted,13,middle 60%,True,0.9419579658063814,206,327
POLYIC_20190510_mouse30__E2_P1,adapted,14,middle 60%,True,0.9449225473321858,190,322
POLYIC_20190510_mouse30__E2_P1,adapted,15,middle 60%,True,0.952561669829222,172,278
POLYIC_20190510_mouse30__E2_P1,adapted,16,middle 60%,True,0.9464304217179567,241,276
POLYIC_20190510_mouse30__E2_P1,adapted,17,middle 60%,True,0.9614255765199161,164,204
POLYIC_20190510_mouse30__E2_P1,adapted,18,middle 60%,True,0.9606940130662954,151,216
POLYIC_20190510_mouse30__E2_P1,adapted,19,middle 60%,True,0.9643689643689644,180,141
POLYIC_20190510_mouse30__E2_P1,adapted,20,middle 60%,True,0.9641822186159731,179,130
POLYIC_20190510_mouse30__E2_P1,adapted,21,middle 60%,True,0.962582538517975,137,169
POLYIC_20190510_mouse30__E2_P1,adapted,22,middle 60%,True,0.96398891966759,154,119
POLYIC_20190510_mouse30__E2_P1,adapted,23,middle 60%,True,0.961978273299028,187,79
POLYIC_20190510_mouse30__E2_P1,adapted,24,middle 60%,True,0.9666772453189464,112,98
POLYIC_20190510_mouse30__E2_P1,adapted,25,middle 60%,True,0.9530753411852683,63,188
POLYIC_20190510_mouse30__E2_P1,adapted,26,middle 60%,True,0.9276497695852535,138,176
POLYIC_20190510_mouse30__E2_P1,adapted,27,middle 60%,True,0.8819362455726092,157,243
POLYIC_20190510_mouse30__E2_P1,adapted,28,last 20%,True,0.8850624192854069,89,178
POLYIC_20190510_mouse30__E2_P1,adapted,29,last 20%,True,0.9224011713030746,62,97
POLYIC_20190510_mouse30__E2_P1,adapted,30,last 20%,True,0.907520325203252,25,157
POLYIC_20190510_mouse30__E2_P1,adapted,31,last 20%,True,0.9030407343660356,3,166
POLYIC_20190510_mouse30__E2_P1,adapted,32,last 20%,True,0.7565359477124183,0,298
POLYIC_20190510_mouse30__E2_P1,adapted,33,last 20%,True,0.8211764705882353,7,145
POLYIC_20190510_mouse30__E2_P1,adapted,34,last 20%,True,0.8024948024948025,0,95
POLYIC_20190510_mouse32__E2_P1,adapted,0,first 20%,True,0.7474132684114425,394,21
POLYIC_20190510_mouse32__E2_P1,adapted,1,first 20%,True,0.9117647058823529,229,77
POLYIC_20190510_mouse32__E2_P1,adapted,2,first 20%,True,0.9532303676310637,82,133
POLYIC_20190510_mouse32__E2_P1,adapted,3,first 20%,True,0.951189855827688,177,104
POLYIC_20190510_mouse32__E2_P1,adapted,4,first 20%,True,0.9543130990415335,142,144
POLYIC_20190510_mouse32__E2_P1,adapted,5,first 20%,True,0.9627014581734459,77,166
POLYIC_20190510_mouse32__E2_P1,adapted,6,first 20%,True,0.9332009644022125,56,415
POLYIC_20190510_mouse32__E2_P1,adapted,7,middle 60%,True,0.9312297734627831,141,369
POLYIC_20190510_mouse32__E2_P1,adapted,8,middle 60%,True,0.9508780860269789,156,230
POLYIC_20190510_mouse32__E2_P1,adapted,9,middle 60%,True,0.9556977019663587,185,189
POLYIC_20190510_mouse32__E2_P1,adapted,10,middle 60%,True,0.9582778517532179,142,234
POLYIC_20190510_mouse32__E2_P1,adapted,11,middle 60%,True,0.9600685151482711,118,255
POLYIC_20190510_mouse32__E2_P1,adapted,12,middle 60%,True,0.9544224765868886,118,320
POLYIC_20190510_mouse32__E2_P1,adapted,13,middle 60%,True,0.9511526353204022,95,386
POLYIC_20190510_mouse32__E2_P1,adapted,14,middle 60%,True,0.9499949894779036,132,367
POLYIC_20190510_mouse32__E2_P1,adapted,15,middle 60%,True,0.9533923303834808,142,332
POLYIC_20190510_mouse32__E2_P1,adapted,16,middle 60%,True,0.955411510508741,158,296
POLYIC_20190510_mouse32__E2_P1,adapted,17,middle 60%,True,0.9611194402798601,151,238
POLYIC_20190510_mouse32__E2_P1,adapted,18,middle 60%,True,0.9618911758712044,155,219
POLYIC_20190510_mouse32__E2_P1,adapted,19,middle 60%,True,0.9609730301427816,166,203
POLYIC_20190510_mouse32__E2_P1,adapted,20,middle 60%,True,0.9637502797046319,150,174
POLYIC_20190510_mouse32__E2_P1,adapted,21,middle 60%,True,0.9642688121154757,157,145
POLYIC_20190510_mouse32__E2_P1,adapted,22,middle 60%,True,0.9661210506280928,128,139
POLYIC_20190510_mouse32__E2_P1,adapted,23,middle 60%,True,0.9592398788212614,98,198
POLYIC_20190510_mouse32__E2_P1,adapted,24,middle 60%,True,0.9686652606206688,56,152
POLYIC_20190510_mouse32__E2_P1,adapted,25,middle 60%,True,0.9528741584671155,51,222
POLYIC_20190510_mouse32__E2_P1,adapted,26,middle 60%,True,0.9236999147485081,95,263
POLYIC_20190510_mouse32__E2_P1,adapted,27,middle 60%,True,0.8796296296296297,53,389
POLYIC_20190510_mouse32__E2_P1,adapted,28,last 20%,True,0.8673921805723499,26,303
POLYIC_20190510_mouse32__E2_P1,adapted,29,last 20%,True,0.9320695102685624,8,121
POLYIC_20190510_mouse32__E2_P1,adapted,30,last 20%,True,0.9041231992051664,9,184
POLYIC_20190510_mouse32__E2_P1,adapted,31,last 20%,True,0.8784440842787682,1,224
POLYIC_20190510_mouse32__E2_P1,adapted,32,last 20%,True,0.7591036414565826,0,344
POLYIC_20190510_mouse32__E2_P1,adapted,33,last 20%,True,0.8157894736842105,0,210
POLYIC_20190510_mouse32__E2_P1,adapted,34,last 20%,True,0.7697478991596639,31,106
POLYIC_20190510_mouse41__E2_P1,adapted,0,first 20%,True,0.7780590717299578,182,81
POLYIC_20190510_mouse41__E2_P1,adapted,1,first 20%,True,0.9482071713147411,60,83
POLYIC_20190510_mouse41__E2_P1,adapted,2,first 20%,True,0.9189566837447601,49,299
POLYIC_20190510_mouse41__E2_P1,adapted,3,first 20%,True,0.9352122986822841,51,303
POLYIC_20190510_mouse41__E2_P1,adapted,4,first 20%,True,0.9301566579634465,39,389
POLYIC_20190510_mouse41__E2_P1,adapted,5,first 20%,True,0.9183372641509434,15,539
POLYIC_20190510_mouse41__E2_P1,adapted,6,first 20%,True,0.9328973557008814,19,453
POLYIC_20190510_mouse41__E2_P1,adapted,7,middle 60%,True,0.9541824295922656,35,292
POLYIC_20190510_mouse41__E2_P1,adapted,8,middle 60%,True,0.9580455359426964,66,262
POLYIC_20190510_mouse41__E2_P1,adapted,9,middle 60%,True,0.9597708010027456,51,286
POLYIC_20190510_mouse41__E2_P1,adapted,10,middle 60%,True,0.965042850699143,58,252
POLYIC_20190510_mouse41__E2_P1,adapted,11,middle 60%,True,0.9670989175865395,54,253
POLYIC_20190510_mouse41__E2_P1,adapted,12,middle 60%,True,0.9628717948717949,65,297
POLYIC_20190510_mouse41__E2_P1,adapted,13,middle 60%,True,0.9553841647954701,85,372
POLYIC_20190510_mouse41__E2_P1,adapted,14,middle 60%,True,0.9541634835752483,102,378
POLYIC_20190510_mouse41__E2_P1,adapted,15,middle 60%,True,0.9640584050917259,120,264
POLYIC_20190510_mouse41__E2_P1,adapted,16,middle 60%,True,0.9675586510263929,130,224
POLYIC_20190510_mouse41__E2_P1,adapted,17,middle 60%,True,0.9703914199284994,123,200
POLYIC_20190510_mouse41__E2_P1,adapted,18,middle 60%,True,0.961738484398217,213,199
POLYIC_20190510_mouse41__E2_P1,adapted,19,middle 60%,True,0.9452210049112203,399,181
POLYIC_20190510_mouse41__E2_P1,adapted,20,middle 60%,True,0.9317559640203363,546,152
POLYIC_20190510_mouse41__E2_P1,adapted,21,middle 60%,True,0.9219169593059285,606,150
POLYIC_20190510_mouse41__E2_P1,adapted,22,middle 60%,True,0.9153577661431065,568,208
POLYIC_20190510_mouse41__E2_P1,adapted,23,middle 60%,True,0.908641975308642,597,180
POLYIC_20190510_mouse41__E2_P1,adapted,24,middle 60%,True,0.9066218313502328,518,204
POLYIC_20190510_mouse41__E2_P1,adapted,25,middle 60%,True,0.9091984619934931,407,207
POLYIC_20190510_mouse41__E2_P1,adapted,26,middle 60%,True,0.8873695573947463,364,262
POLYIC_20190510_mouse41__E2_P1,adapted,27,middle 60%,True,0.8585858585858586,359,257
POLYIC_20190510_mouse41__E2_P1,adapted,28,last 20%,True,0.8509965200885795,213,258
POLYIC_20190510_mouse41__E2_P1,adapted,29,last 20%,True,0.8936367858801673,12,217
POLYIC_20190510_mouse41__E2_P1,adapted,30,last 20%,True,0.910871694417238,11,171
POLYIC_20190510_mouse41__E2_P1,adapted,31,last 20%,True,0.8702842377260982,5,246
POLYIC_20190510_mouse41__E2_P1,adapted,32,last 20%,True,0.7602108036890646,0,364
POLYIC_20190510_mouse41__E2_P1,adapted,33,last 20%,True,0.8091216216216216,0,226
POLYIC_20190510_mouse41__E2_P1,adapted,34,last 20%,True,0.7744807121661721,0,152
POLYIC_20190517_mouse30__E3_P1,adapted,0,first 20%,True,0.7728665207877462,446,73
POLYIC_20190517_mouse30__E3_P1,adapted,1,first 20%,True,0.9435460992907801,136,63
POLYIC_20190517_mouse30__E3_P1,adapted,2,first 20%,True,0.9301843795318003,7,330
POLYIC_20190517_mouse30__E3_P1,adapted,3,first 20%,True,0.9451789176802398,13,298
POLYIC_20190517_mouse30__E3_P1,adapted,4,first 20%,True,0.9322502030869212,1,416
POLYIC_20190517_mouse30__E3_P1,adapted,5,first 20%,True,0.9269764634882317,9,475
POLYIC_20190517_mouse30__E3_P1,adapted,6,first 20%,True,0.9180930824727684,24,555
POLYIC_20190517_mouse30__E3_P1,adapted,7,middle 60%,True,0.9393982603735919,43,382
POLYIC_20190517_mouse30__E3_P1,adapted,8,middle 60%,True,0.9586466165413534,47,261
POLYIC_20190517_mouse30__E3_P1,adapted,9,middle 60%,True,0.9576122397792827,138,200
POLYIC_20190517_mouse30__E3_P1,adapted,10,middle 60%,True,0.9596628537025887,58,277
POLYIC_20190517_mouse30__E3_P1,adapted,11,middle 60%,True,0.9558344955834496,84,296
POLYIC_20190517_mouse30__E3_P1,adapted,12,middle 60%,True,0.9548192771084337,56,364
POLYIC_20190517_mouse30__E3_P1,adapted,13,middle 60%,True,0.9526299278469099,53,400
POLYIC_20190517_mouse30__E3_P1,adapted,14,middle 60%,True,0.9535986801402351,28,422
POLYIC_20190517_mouse30__E3_P1,adapted,15,middle 60%,True,0.9608960896089609,34,357
POLYIC_20190517_mouse30__E3_P1,adapted,16,middle 60%,True,0.9662472538446175,50,288
POLYIC_20190517_mouse30__E3_P1,adapted,17,middle 60%,True,0.9625383828045035,27,339
POLYIC_20190517_mouse30__E3_P1,adapted,18,middle 60%,True,0.9698168193172356,27,263
POLYIC_20190517_mouse30__E3_P1,adapted,19,middle 60%,True,0.967741935483871,39,261
POLYIC_20190517_mouse30__E3_P1,adapted,20,middle 60%,True,0.9632953630192153,85,234
POLYIC_20190517_mouse30__E3_P1,adapted,21,middle 60%,True,0.9598108747044918,80,260
POLYIC_20190517_mouse30__E3_P1,adapted,22,middle 60%,True,0.9490088517641192,230,179
POLYIC_20190517_mouse30__E3_P1,adapted,23,middle 60%,True,0.9305705059203444,309,207
POLYIC_20190517_mouse30__E3_P1,adapted,24,middle 60%,True,0.9062676453980801,465,199
POLYIC_20190517_mouse30__E3_P1,adapted,25,middle 60%,True,0.8969429561928774,457,197
POLYIC_20190517_mouse30__E3_P1,adapted,26,middle 60%,True,0.9053383607858703,166,311
POLYIC_20190517_mouse30__E3_P1,adapted,27,middle 60%,True,0.8836729429971627,223,228
POLYIC_20190517_mouse30__E3_P1,adapted,28,last 20%,True,0.8686587908269632,125,253
POLYIC_20190517_mouse30__E3_P1,adapted,29,last 20%,True,0.8679611650485437,39,233
POLYIC_20190517_mouse30__E3_P1,adapted,30,last 20%,True,0.9107049608355091,17,154
POLYIC_20190517_mouse30__E3_P1,adapted,31,last 20%,True,0.8879356568364611,2,207
POLYIC_20190517_mouse30__E3_P1,adapted,32,last 20%,True,0.7638709677419355,0,366
POLYIC_20190517_mouse30__E3_P1,adapted,33,last 20%,True,0.8215384615384616,2,230
POLYIC_20190517_mouse30__E3_P1,adapted,34,last 20%,True,0.827930174563591,12,126
POLYIC_20190517_mouse32__E3_P1,adapted,0,first 20%,True,0.7755937755937756,441,107
POLYIC_20190517_mouse32__E3_P1,adapted,1,first 20%,True,0.9366593299095133,42,217
POLYIC_20190517_mouse32__E3_P1,adapted,2,first 20%,True,0.9140201394268009,7,437
POLYIC_20190517_mouse32__E3_P1,adapted,3,first 20%,True,0.9416472157385796,44,306
POLYIC_20190517_mouse32__E3_P1,adapted,4,first 20%,True,0.94,22,362
POLYIC_20190517_mouse32__E3_P1,adapted,5,first 20%,True,0.9291154071470415,8,476
POLYIC_20190517_mouse32__E3_P1,adapted,6,first 20%,True,0.9146777190224382,37,560
POLYIC_20190517_mouse32__E3_P1,adapted,7,middle 60%,True,0.9428029276226619,44,378
POLYIC_20190517_mouse32__E3_P1,adapted,8,middle 60%,True,0.9538040094633295,57,314
POLYIC_20190517_mouse32__E3_P1,adapted,9,middle 60%,True,0.961149046385684,77,253
POLYIC_20190517_mouse32__E3_P1,adapted,10,middle 60%,True,0.9603396268573344,69,286
POLYIC_20190517_mouse32__E3_P1,adapted,11,middle 60%,True,0.958463024578727,107,280
POLYIC_20190517_mouse32__E3_P1,adapted,12,middle 60%,True,0.9474224686794003,111,401
POLYIC_20190517_mouse32__E3_P1,adapted,13,middle 60%,True,0.9466600692726374,128,411
POLYIC_20190517_mouse32__E3_P1,adapted,14,middle 60%,True,0.9639613243480809,40,329
POLYIC_20190517_mouse32__E3_P1,adapted,15,middle 60%,True,0.968798751950078,57,263
POLYIC_20190517_mouse32__E3_P1,adapted,16,middle 60%,True,0.966989910862964,60,277
POLYIC_20190517_mouse32__E3_P1,adapted,17,middle 60%,True,0.9653022226692145,63,282
POLYIC_20190517_mouse32__E3_P1,adapted,18,middle 60%,True,0.9660118490801372,42,285
POLYIC_20190517_mouse32__E3_P1,adapted,19,middle 60%,True,0.9674288179465056,32,270
POLYIC_20190517_mouse32__E3_P1,adapted,20,middle 60%,True,0.9699034639409426,51,214
POLYIC_20190517_mouse32__E3_P1,adapted,21,middle 60%,True,0.9666747749939187,53,221
POLYIC_20190517_mouse32__E3_P1,adapted,22,middle 60%,True,0.9622641509433962,46,246
POLYIC_20190517_mouse32__E3_P1,adapted,23,middle 60%,True,0.9569243721060755,41,266
POLYIC_20190517_mouse32__E3_P1,adapted,24,middle 60%,True,0.9515226848974518,18,294
POLYIC_20190517_mouse32__E3_P1,adapted,25,middle 60%,True,0.9316254735702688,16,363
POLYIC_20190517_mouse32__E3_P1,adapted,26,middle 60%,True,0.9046309032553874,18,398
POLYIC_20190517_mouse32__E3_P1,adapted,27,middle 60%,True,0.8916816277678037,21,341
POLYIC_20190517_mouse32__E3_P1,adapted,28,last 20%,True,0.8458904109589042,15,345
POLYIC_20190517_mouse32__E3_P1,adapted,29,last 20%,True,0.9114470842332614,5,159
POLYIC_20190517_mouse32__E3_P1,adapted,30,last 20%,True,0.8946580129805292,2,209
POLYIC_20190517_mouse32__E3_P1,adapted,31,last 20%,True,0.8563505268996118,0,259
POLYIC_20190517_mouse32__E3_P1,adapted,32,last 20%,True,0.7053701015965167,0,406
POLYIC_20190517_mouse32__E3_P1,adapted,33,last 20%,True,0.7370478983382209,0,269
POLYIC_20190517_mouse32__E3_P1,adapted,34,last 20%,True,0.6897810218978102,13,157
POLYIC_20190517_mouse41__E3_P1,adapted,0,first 20%,True,0.8885380486264604,329,24
POLYIC_20190517_mouse41__E3_P1,adapted,1,first 20%,True,0.9449225473321858,38,218
POLYIC_20190517_mouse41__E3_P1,adapted,2,first 20%,True,0.9260575897618201,33,383
POLYIC_20190517_mouse41__E3_P1,adapted,3,first 20%,True,0.9305444675075842,48,387
POLYIC_20190517_mouse41__E3_P1,adapted,4,first 20%,True,0.9357466063348416,27,399
POLYIC_20190517_mouse41__E3_P1,adapted,5,first 20%,True,0.9123994921709692,7,614
POLYIC_20190517_mouse41__E3_P1,adapted,6,first 20%,True,0.9278003645030142,2,513
POLYIC_20190517_mouse41__E3_P1,adapted,7,middle 60%,True,0.9497177366417224,26,357
POLYIC_20190517_mouse41__E3_P1,adapted,8,middle 60%,True,0.9608222490931076,14,310
POLYIC_20190517_mouse41__E3_P1,adapted,9,middle 60%,True,0.9474974919184037,89,382
POLYIC_20190517_mouse41__E3_P1,adapted,10,middle 60%,True,0.9505430770853106,133,336
POLYIC_20190517_mouse41__E3_P1,adapted,11,middle 60%,True,0.9536867763558805,175,281
POLYIC_20190517_mouse41__E3_P1,adapted,12,middle 60%,True,0.9464805119255381,178,374
POLYIC_20190517_mouse41__E3_P1,adapted,13,middle 60%,True,0.9630989180834622,74,308
POLYIC_20190517_mouse41__E3_P1,adapted,14,middle 60%,True,0.9672239539057335,66,281
POLYIC_20190517_mouse41__E3_P1,adapted,15,middle 60%,True,0.9686215913335824,53,283
POLYIC_20190517_mouse41__E3_P1,adapted,16,middle 60%,True,0.9685997171145686,44,289
POLYIC_20190517_mouse41__E3_P1,adapted,17,middle 60%,True,0.9688390651719552,47,281
POLYIC_20190517_mouse41__E3_P1,adapted,18,middle 60%,True,0.9696072626800868,47,261
POLYIC_20190517_mouse41__E3_P1,adapted,19,middle 60%,True,0.9686520376175548,51,249
POLYIC_20190517_mouse41__E3_P1,adapted,20,middle 60%,True,0.9642427556041553,110,217
POLYIC_20190517_mouse41__E3_P1,adapted,21,middle 60%,True,0.9527255748803548,166,239
POLYIC_20190517_mouse41__E3_P1,adapted,22,middle 60%,True,0.9467202814777582,204,220
POLYIC_20190517_mouse41__E3_P1,adapted,23,middle 60%,True,0.9425824175824176,169,249
POLYIC_20190517_mouse41__E3_P1,adapted,24,middle 60%,True,0.9506172839506173,32,280
POLYIC_20190517_mouse41__E3_P1,adapted,25,middle 60%,True,0.9246192404087141,24,367
POLYIC_20190517_mouse41__E3_P1,adapted,26,middle 60%,True,0.9134057056298914,50,293
POLYIC_20190517_mouse41__E3_P1,adapted,27,middle 60%,True,0.8715980460572226,41,327
POLYIC_20190517_mouse41__E3_P1,adapted,28,last 20%,True,0.9035045607297167,25,176
POLYIC_20190517_mouse41__E3_P1,adapted,29,last 20%,True,0.9032882011605415,15,185
POLYIC_20190517_mouse41__E3_P1,adapted,30,last 20%,True,0.8758303525804804,1,242
POLYIC_20190517_mouse41__E3_P1,adapted,31,last 20%,True,0.7585760517799353,0,373
POLYIC_20190517_mouse41__E3_P1,adapted,32,last 20%,True,0.7075873827791986,0,343
POLYIC_20190517_mouse41__E3_P1,adapted,33,last 20%,True,0.5511551155115512,6,266
POLYIC_20190517_mouse41__E3_P1,adapted,34,outside,False,1.0,0,0
POLYIC_20190618_mouse30__E3_P1,adapted,0,first 20%,True,0.7272727272727273,381,3
POLYIC_20190618_mouse30__E3_P1,adapted,1,first 20%,True,0.9348161878282361,115,96
POLYIC_20190618_mouse30__E3_P1,adapted,2,first 20%,True,0.9378781766841469,173,135
POLYIC_20190618_mouse30__E3_P1,adapted,3,first 20%,True,0.9399757827365508,147,200
POLYIC_20190618_mouse30__E3_P1,adapted,4,first 20%,True,0.9482980089916506,67,255
POLYIC_20190618_mouse30__E3_P1,adapted,5,first 20%,True,0.9321239606953893,22,427
POLYIC_20190618_mouse30__E3_P1,adapted,6,first 20%,True,0.9127574370709383,26,584
POLYIC_20190618_mouse30__E3_P1,adapted,7,first 20%,True,0.9274706630849711,53,460
POLYIC_20190618_mouse30__E3_P1,adapted,8,middle 60%,True,0.9605188945290468,44,236
POLYIC_20190618_mouse30__E3_P1,adapted,9,middle 60%,True,0.9481216457960644,176,230
POLYIC_20190618_mouse30__E3_P1,adapted,10,middle 60%,True,0.9509959672491751,156,245
POLYIC_20190618_mouse30__E3_P1,adapted,11,middle 60%,True,0.9612165507485559,104,225
POLYIC_20190618_mouse30__E3_P1,adapted,12,middle 60%,True,0.9570038470242136,93,287
POLYIC_20190618_mouse30__E3_P1,adapted,13,middle 60%,True,0.968976897689769,46,236
POLYIC_20190618_mouse30__E3_P1,adapted,14,middle 60%,True,0.9679294016358158,25,273
POLYIC_20190618_mouse30__E3_P1,adapted,15,middle 60%,True,0.9705882352941176,35,245
POLYIC_20190618_mouse30__E3_P1,adapted,16,middle 60%,True,0.9717443436555103,58,213
POLYIC_20190618_mouse30__E3_P1,adapted,17,middle 60%,True,0.9684344776278032,56,241
POLYIC_20190618_mouse30__E3_P1,adapted,18,middle 60%,True,0.9719948298147351,42,218
POLYIC_20190618_mouse30__E3_P1,adapted,19,middle 60%,True,0.9691945782457713,26,249
POLYIC_20190618_mouse30__E3_P1,adapted,20,middle 60%,True,0.9666277712952158,65,221
POLYIC_20190618_mouse30__E3_P1,adapted,21,middle 60%,True,0.9626874922523863,100,201
POLYIC_20190618_mouse30__E3_P1,adapted,22,middle 60%,True,0.9617616033755274,71,219
POLYIC_20190618_mouse30__E3_P1,adapted,23,middle 60%,True,0.9668179239931934,45,189
POLYIC_20190618_mouse30__E3_P1,adapted,24,middle 60%,True,0.9615266235764851,51,199
POLYIC_20190618_mouse30__E3_P1,adapted,25,middle 60%,True,0.9591767881241565,33,209
POLYIC_20190618_mouse30__E3_P1,adapted,26,middle 60%,True,0.9390962671905697,34,276
POLYIC_20190618_mouse30__E3_P1,adapted,27,middle 60%,True,0.9245472837022133,32,268
POLYIC_20190618_mouse30__E3_P1,adapted,28,middle 60%,True,0.9074074074074074,49,231
POLYIC_20190618_mouse30__E3_P1,adapted,29,middle 60%,True,0.8892889288928892,20,226
POLYIC_20190618_mouse30__E3_P1,adapted,30,last 20%,True,0.8927374301675978,13,179
POLYIC_20190618_mouse30__E3_P1,adapted,31,last 20%,True,0.9000523286237572,2,189
POLYIC_20190618_mouse30__E3_P1,adapted,32,last 20%,True,0.847926267281106,0,264
POLYIC_20190618_mouse30__E3_P1,adapted,33,last 20%,True,0.7155425219941349,0,388
POLYIC_20190618_mouse30__E3_P1,adapted,34,last 20%,True,0.7324955116696589,10,288
POLYIC_20190618_mouse30__E3_P1,adapted,35,last 20%,True,0.3204633204633205,0,352
POLYIC_20190618_mouse30__E3_P1,adapted,36,last 20%,True,0.303886925795053,1,196
POLYIC_20190618_mouse30__E3_P1,adapted,37,outside,False,1.0,0,0
POLYIC_20190618_mouse32__E3_P1,adapted,0,first 20%,True,0.8137715179968701,460,16
POLYIC_20190618_mouse32__E3_P1,adapted,1,first 20%,True,0.9456226209896683,108,92
POLYIC_20190618_mouse32__E3_P1,adapted,2,first 20%,True,0.9367424242424243,122,212
POLYIC_20190618_mouse32__E3_P1,adapted,3,first 20%,True,0.952161002969317,87,203
POLYIC_20190618_mouse32__E3_P1,adapted,4,first 20%,True,0.9445482866043614,11,345
POLYIC_20190618_mouse32__E3_P1,adapted,5,first 20%,True,0.9279790484504583,23,472
POLYIC_20190618_mouse32__E3_P1,adapted,6,first 20%,True,0.9192972432509642,43,522
POLYIC_20190618_mouse32__E3_P1,adapted,7,first 20%,True,0.9443659983055634,37,357
POLYIC_20190618_mouse32__E3_P1,adapted,8,middle 60%,True,0.961094144203957,61,232
POLYIC_20190618_mouse32__E3_P1,adapted,9,middle 60%,True,0.9584051193699237,63,275
POLYIC_20190618_mouse32__E3_P1,adapted,10,middle 60%,True,0.9616053822062406,53,278
POLYIC_20190618_mouse32__E3_P1,adapted,11,middle 60%,True,0.9618337598753756,61,282
POLYIC_20190618_mouse32__E3_P1,adapted,12,middle 60%,True,0.9575215586074737,84,315
POLYIC_20190618_mouse32__E3_P1,adapted,13,middle 60%,True,0.9643410852713178,24,321
POLYIC_20190618_mouse32__E3_P1,adapted,14,middle 60%,True,0.961245041196216,14,367
POLYIC_20190618_mouse32__E3_P1,adapted,15,middle 60%,True,0.9736736334405145,37,225
POLYIC_20190618_mouse32__E3_P1,adapted,16,middle 60%,True,0.9725308018582105,29,243
POLYIC_20190618_mouse32__E3_P1,adapted,17,middle 60%,True,0.9704301075268817,34,252
POLYIC_20190618_mouse32__E3_P1,adapted,18,middle 60%,True,0.9739075762338887,41,208
POLYIC_20190618_mouse32__E3_P1,adapted,19,middle 60%,True,0.9680557090748314,52,237
POLYIC_20190618_mouse32__E3_P1,adapted,20,middle 60%,True,0.9628853984874928,89,230
POLYIC_20190618_mouse32__E3_P1,adapted,21,middle 60%,True,0.9635126777983921,79,216
POLYIC_20190618_mouse32__E3_P1,adapted,22,middle 60%,True,0.9643044619422572,46,226
POLYIC_20190618_mouse32__E3_P1,adapted,23,middle 60%,True,0.9597382273438612,34,249
POLYIC_20190618_mouse32__E3_P1,adapted,24,middle 60%,True,0.9580408672593979,34,235
POLYIC_20190618_mouse32__E3_P1,adapted,25,middle 60%,True,0.9429271708683473,10,316
POLYIC_20190618_mouse32__E3_P1,adapted,26,middle 60%,True,0.9177120986604295,19,368
POLYIC_20190618_mouse32__E3_P1,adapted,27,middle 60%,True,0.9212812160694897,31,259
POLYIC_20190618_mouse32__E3_P1,adapted,28,middle 60%,True,0.9050198627663416,49,214
POLYIC_20190618_mouse32__E3_P1,adapted,29,middle 60%,True,0.8903088391906283,15,191
POLYIC_20190618_mouse32__E3_P1,adapted,30,last 20%,True,0.9114583333333334,18,152
POLYIC_20190618_mouse32__E3_P1,adapted,31,last 20%,True,0.8858350951374208,2,214
POLYIC_20190618_mouse32__E3_P1,adapted,32,last 20%,True,0.839811542991755,2,270
POLYIC_20190618_mouse32__E3_P1,adapted,33,last 20%,True,0.7362962962962963,0,356
POLYIC_20190618_mouse32__E3_P1,adapted,34,last 20%,True,0.6519916142557652,12,320
POLYIC_20190618_mouse32__E3_P1,adapted,35,last 20%,True,0.39588688946015427,0,235
POLYIC_20190618_mouse32__E3_P1,adapted,36,last 20%,True,0.0,0,120
POLYIC_20190618_mouse32__E3_P1,adapted,37,outside,False,1.0,0,0
POLYIC_20190619_mouse41__E3_P1,adapted,0,first 20%,True,0.8350983358547656,428,8
POLYIC_20190619_mouse41__E3_P1,adapted,1,first 20%,True,0.9474768280123584,59,145
POLYIC_20190619_mouse41__E3_P1,adapted,2,first 20%,True,0.9367185997307175,91,238
POLYIC_20190619_mouse41__E3_P1,adapted,3,first 20%,True,0.9388907339754234,92,276
POLYIC_20190619_mouse41__E3_P1,adapted,4,first 20%,True,0.9283328272092317,48,424
POLYIC_20190619_mouse41__E3_P1,adapted,5,first 20%,True,0.9313965194879908,35,442
POLYIC_20190619_mouse41__E3_P1,adapted,6,first 20%,True,0.9157125120706304,180,431
POLYIC_20190619_mouse41__E3_P1,adapted,7,first 20%,True,0.930201521419992,271,252
POLYIC_20190619_mouse41__E3_P1,adapted,8,middle 60%,True,0.9101856497742097,463,253
POLYIC_20190619_mouse41__E3_P1,adapted,9,middle 60%,True,0.8978655037870094,613,277
POLYIC_20190619_mouse41__E3_P1,adapted,10,middle 60%,True,0.8945438861332758,638,340
POLYIC_20190619_mouse41__E3_P1,adapted,11,middle 60%,True,0.8811132398910961,826,353
POLYIC_20190619_mouse41__E3_P1,adapted,12,middle 60%,True,0.894985991691624,687,400
POLYIC_20190619_mouse41__E3_P1,adapted,13,middle 60%,True,0.9039901431143967,576,437
POLYIC_20190619_mouse41__E3_P1,adapted,14,middle 60%,True,0.9106601781287301,623,350
POLYIC_20190619_mouse41__E3_P1,adapted,15,middle 60%,True,0.9400766570066373,353,288
POLYIC_20190619_mouse41__E3_P1,adapted,16,middle 60%,True,0.9540884082716752,189,295
POLYIC_20190619_mouse41__E3_P1,adapted,17,middle 60%,True,0.9689139304449194,36,284
POLYIC_20190619_mouse41__E3_P1,adapted,18,middle 60%,True,0.9676582152126173,27,297
POLYIC_20190619_mouse41__E3_P1,adapted,19,middle 60%,True,0.9586967945349448,54,339
POLYIC_20190619_mouse41__E3_P1,adapted,20,middle 60%,True,0.9638395792241946,79,251
POLYIC_20190619_mouse41__E3_P1,adapted,21,middle 60%,True,0.9596171802054155,32,314
POLYIC_20190619_mouse41__E3_P1,adapted,22,middle 60%,True,0.9571731801723061,36,307
POLYIC_20190619_mouse41__E3_P1,adapted,23,middle 60%,True,0.957085020242915,26,292
POLYIC_20190619_mouse41__E3_P1,adapted,24,middle 60%,True,0.9519845399137803,19,304
POLYIC_20190619_mouse41__E3_P1,adapted,25,middle 60%,True,0.9300829524293212,4,409
POLYIC_20190619_mouse41__E3_P1,adapted,26,middle 60%,True,0.9179243332644201,6,391
POLYIC_20190619_mouse41__E3_P1,adapted,27,middle 60%,True,0.8988642509464575,14,360
POLYIC_20190619_mouse41__E3_P1,adapted,28,middle 60%,True,0.897196261682243,31,266
POLYIC_20190619_mouse41__E3_P1,adapted,29,middle 60%,True,0.8570052961001444,14,283
POLYIC_20190619_mouse41__E3_P1,adapted,30,last 20%,True,0.8855515277058519,8,213
POLYIC_20190619_mouse41__E3_P1,adapted,31,last 20%,True,0.8300894266175697,0,323
POLYIC_20190619_mouse41__E3_P1,adapted,32,last 20%,True,0.7095959595959596,0,460
POLYIC_20190619_mouse41__E3_P1,adapted,33,last 20%,True,0.6134663341645885,0,465
POLYIC_20190619_mouse41__E3_P1,adapted,34,last 20%,True,0.5219573400250941,5,376
POLYIC_20190619_mouse41__E3_P1,adapted,35,last 20%,True,0.5154639175257731,0,235
POLYIC_20190619_mouse41__E3_P1,adapted,36,last 20%,True,0.0,0,127
POLYIC_20190619_mouse41__E3_P1,adapted,37,outside,False,1.0,0,0
POLYIC_20190628_mouse30__E4_P1,adapted,0,first 20%,True,0.5379679144385027,837,27
POLYIC_20190628_mouse30__E4_P1,adapted,1,first 20%,True,0.9360093077370564,121,99
POLYIC_20190628_mouse30__E4_P1,adapted,2,first 20%,True,0.9250543800672335,189,190
POLYIC_20190628_mouse30__E4_P1,adapted,3,first 20%,True,0.9297704693388147,185,225
POLYIC_20190628_mouse30__E4_P1,adapted,4,first 20%,True,0.9411576590981772,152,216
POLYIC_20190628_mouse30__E4_P1,adapted,5,first 20%,True,0.9210682492581602,152,380
POLYIC_20190628_mouse30__E4_P1,adapted,6,first 20%,True,0.9189944134078212,113,467
POLYIC_20190628_mouse30__E4_P1,adapted,7,first 20%,True,0.9425481106897036,88,321
POLYIC_20190628_mouse30__E4_P1,adapted,8,middle 60%,True,0.9570957095709571,137,175
POLYIC_20190628_mouse30__E4_P1,adapted,9,middle 60%,True,0.9517259278484298,141,231
POLYIC_20190628_mouse30__E4_P1,adapted,10,middle 60%,True,0.9530998638782329,86,293
POLYIC_20190628_mouse30__E4_P1,adapted,11,middle 60%,True,0.9490917782026769,87,339
POLYIC_20190628_mouse30__E4_P1,adapted,12,middle 60%,True,0.9502179398944712,85,349
POLYIC_20190628_mouse30__E4_P1,adapted,13,middle 60%,True,0.9564245810055866,85,305
POLYIC_20190628_mouse30__E4_P1,adapted,14,middle 60%,True,0.958838821490468,27,353
POLYIC_20190628_mouse30__E4_P1,adapted,15,middle 60%,True,0.9611786213571352,31,330
POLYIC_20190628_mouse30__E4_P1,adapted,16,middle 60%,True,0.963034188034188,27,319
POLYIC_20190628_mouse30__E4_P1,adapted,17,middle 60%,True,0.9670755326016786,25,281
POLYIC_20190628_mouse30__E4_P1,adapted,18,middle 60%,True,0.9628650137741047,47,290
POLYIC_20190628_mouse30__E4_P1,adapted,19,middle 60%,True,0.959409594095941,49,303
POLYIC_20190628_mouse30__E4_P1,adapted,20,middle 60%,True,0.9476439790575916,183,257
POLYIC_20190628_mouse30__E4_P1,adapted,21,middle 60%,True,0.9379396984924623,212,282
POLYIC_20190628_mouse30__E4_P1,adapted,22,middle 60%,True,0.9312997347480106,265,253
POLYIC_20190628_mouse30__E4_P1,adapted,23,middle 60%,True,0.9488669378268448,123,229
POLYIC_20190628_mouse30__E4_P1,adapted,24,middle 60%,True,0.9393272555800063,147,239
POLYIC_20190628_mouse30__E4_P1,adapted,25,middle 60%,True,0.9445234708392604,40,272
POLYIC_20190628_mouse30__E4_P1,adapted,26,middle 60%,True,0.9249630099344748,20,335
POLYIC_20190628_mouse30__E4_P1,adapted,27,middle 60%,True,0.9094370410660865,26,307
POLYIC_20190628_mouse30__E4_P1,adapted,28,middle 60%,True,0.889120611748349,60,259
POLYIC_20190628_mouse30__E4_P1,adapted,29,middle 60%,True,0.8824120603015075,22,212
POLYIC_20190628_mouse30__E4_P1,adapted,30,last 20%,True,0.9194159004867496,11,138
POLYIC_20190628_mouse30__E4_P1,adapted,31,last 20%,True,0.88099084544965,0,221
POLYIC_20190628_mouse30__E4_P1,adapted,32,last 20%,True,0.846662657847264,0,255
POLYIC_20190628_mouse30__E4_P1,adapted,33,last 20%,True,0.7562408223201175,0,332
POLYIC_20190628_mouse30__E4_P1,adapted,34,last 20%,True,0.7009063444108762,12,285
POLYIC_20190628_mouse30__E4_P1,adapted,35,last 20%,True,0.5221052631578947,0,227
POLYIC_20190628_mouse30__E4_P1,adapted,36,last 20%,True,0.12972972972972974,3,158
POLYIC_20190628_mouse30__E4_P1,adapted,37,outside,False,0.0,6,0
POLYIC_20190628_mouse32__E3_P1,adapted,0,first 20%,True,0.7312039312039312,511,36
POLYIC_20190628_mouse32__E3_P1,adapted,1,first 20%,True,0.9226118500604595,166,90
POLYIC_20190628_mouse32__E3_P1,adapted,2,first 20%,True,0.9546417973717677,59,155
POLYIC_20190628_mouse32__E3_P1,adapted,3,first 20%,True,0.944090830896267,71,254
POLYIC_20190628_mouse32__E3_P1,adapted,4,first 20%,True,0.9321552540233512,34,396
POLYIC_20190628_mouse32__E3_P1,adapted,5,first 20%,True,0.921203007518797,23,501
POLYIC_20190628_mouse32__E3_P1,adapted,6,first 20%,True,0.9151471643933955,22,569
POLYIC_20190628_mouse32__E3_P1,adapted,7,first 20%,True,0.9282006920415224,28,470
POLYIC_20190628_mouse32__E3_P1,adapted,8,middle 60%,True,0.9546329392356337,28,302
POLYIC_20190628_mouse32__E3_P1,adapted,9,middle 60%,True,0.9518590998043053,44,325
POLYIC_20190628_mouse32__E3_P1,adapted,10,middle 60%,True,0.9563195888902484,23,334
POLYIC_20190628_mouse32__E3_P1,adapted,11,middle 60%,True,0.9583235776164832,11,345
POLYIC_20190628_mouse32__E3_P1,adapted,12,middle 60%,True,0.9491220171094101,11,441
POLYIC_20190628_mouse32__E3_P1,adapted,13,middle 60%,True,0.9468327016783974,3,488
POLYIC_20190628_mouse32__E3_P1,adapted,14,middle 60%,True,0.9481623114510304,13,475
POLYIC_20190628_mouse32__E3_P1,adapted,15,middle 60%,True,0.953329944077275,49,410
POLYIC_20190628_mouse32__E3_P1,adapted,16,middle 60%,True,0.9446652399877713,166,377
POLYIC_20190628_mouse32__E3_P1,adapted,17,middle 60%,True,0.9532293986636972,145,317
POLYIC_20190628_mouse32__E3_P1,adapted,18,middle 60%,True,0.9573052114262312,109,308
POLYIC_20190628_mouse32__E3_P1,adapted,19,middle 60%,True,0.9622580296312317,37,312
POLYIC_20190628_mouse32__E3_P1,adapted,20,middle 60%,True,0.9652840396753832,73,235
POLYIC_20190628_mouse32__E3_P1,adapted,21,middle 60%,True,0.9645390070921985,70,225
POLYIC_20190628_mouse32__E3_P1,adapted,22,middle 60%,True,0.9643589743589743,37,241
POLYIC_20190628_mouse32__E3_P1,adapted,23,middle 60%,True,0.9624225739848589,23,250
POLYIC_20190628_mouse32__E3_P1,adapted,24,middle 60%,True,0.965640339134315,24,207
POLYIC_20190628_mouse32__E3_P1,adapted,25,middle 60%,True,0.9511712306169581,16,280
POLYIC_20190628_mouse32__E3_P1,adapted,26,middle 60%,True,0.9393129770992367,18,300
POLYIC_20190628_mouse32__E3_P1,adapted,27,middle 60%,True,0.9307492318600804,16,277
POLYIC_20190628_mouse32__E3_P1,adapted,28,middle 60%,True,0.8978682787146038,67,254
POLYIC_20190628_mouse32__E3_P1,adapted,29,middle 60%,True,0.8518189884649512,38,296
POLYIC_20190628_mouse32__E3_P1,adapted,30,last 20%,True,0.8934782608695652,26,170
POLYIC_20190628_mouse32__E3_P1,adapted,31,last 20%,True,0.8763468445356594,3,238
POLYIC_20190628_mouse32__E3_P1,adapted,32,last 20%,True,0.843664289632474,2,283
POLYIC_20190628_mouse32__E3_P1,adapted,33,last 20%,True,0.7583444592790387,0,362
POLYIC_20190628_mouse32__E3_P1,adapted,34,last 20%,True,0.6800348735832606,0,367
POLYIC_20190628_mouse32__E3_P1,adapted,35,last 20%,True,0.29411764705882354,0,336
POLYIC_20190628_mouse32__E3_P1,adapted,36,last 20%,True,0.059113300492610835,0,191
POLYIC_20190628_mouse32__E3_P1,adapted,37,outside,False,0.0,3,0
POLYIC_20190510_mouse31__E2_P1,adapted,0,first 20%,True,0.6575342465753424,429,96
POLYIC_20190510_mouse31__E2_P1,adapted,1,first 20%,True,0.9465101108936725,87,77
POLYIC_20190510_mouse31__E2_P1,adapted,2,first 20%,True,0.9131128848346636,0,381
POLYIC_20190510_mouse31__E2_P1,adapted,3,first 20%,True,0.9364285714285714,68,288
POLYIC_20190510_mouse31__E2_P1,adapted,4,first 20%,True,0.9400876765708719,23,346
POLYIC_20190510_mouse31__E2_P1,adapted,5,first 20%,True,0.943657728231395,21,353
POLYIC_20190510_mouse31__E2_P1,adapted,6,first 20%,True,0.9396051103368177,55,361
POLYIC_20190510_mouse31__E2_P1,adapted,7,middle 60%,True,0.9377289377289377,62,397
POLYIC_20190510_mouse31__E2_P1,adapted,8,middle 60%,True,0.9616035402837433,89,206
POLYIC_20190510_mouse31__E2_P1,adapted,9,middle 60%,True,0.9627912650969866,76,229
POLYIC_20190510_mouse31__E2_P1,adapted,10,middle 60%,True,0.9653628652214892,110,184
POLYIC_20190510_mouse31__E2_P1,adapted,11,middle 60%,True,0.9622000905387053,94,240
POLYIC_20190510_mouse31__E2_P1,adapted,12,middle 60%,True,0.9625055138950155,82,258
POLYIC_20190510_mouse31__E2_P1,adapted,13,middle 60%,True,0.9528312023208337,75,364
POLYIC_20190510_mouse31__E2_P1,adapted,14,middle 60%,True,0.9478823904044157,119,372
POLYIC_20190510_mouse31__E2_P1,adapted,15,middle 60%,True,0.9456521739130435,192,338
POLYIC_20190510_mouse31__E2_P1,adapted,16,middle 60%,True,0.9559864573714989,138,291
POLYIC_20190510_mouse31__E2_P1,adapted,17,middle 60%,True,0.9595865633074936,129,262
POLYIC_20190510_mouse31__E2_P1,adapted,18,middle 60%,True,0.959873949579832,105,277
POLYIC_20190510_mouse31__E2_P1,adapted,19,middle 60%,True,0.9644516477579687,115,214
POLYIC_20190510_mouse31__E2_P1,adapted,20,middle 60%,True,0.9690931733272954,75,198
POLYIC_20190510_mouse31__E2_P1,adapted,21,middle 60%,True,0.9688646856872263,81,182
POLYIC_20190510_mouse31__E2_P1,adapted,22,middle 60%,True,0.9690566037735849,88,158
POLYIC_20190510_mouse31__E2_P1,adapted,23,middle 60%,True,0.962882096069869,75,197
POLYIC_20190510_mouse31__E2_P1,adapted,24,middle 60%,True,0.9603827178950516,84,181
POLYIC_20190510_mouse31__E2_P1,adapted,25,middle 60%,True,0.9512278308321964,51,235
POLYIC_20190510_mouse31__E2_P1,adapted,26,middle 60%,True,0.9210247723904298,78,295
POLYIC_20190510_mouse31__E2_P1,adapted,27,middle 60%,True,0.90837327318861,135,190
POLYIC_20190510_mouse31__E2_P1,adapted,28,last 20%,True,0.8655713218820015,155,205
POLYIC_20190510_mouse31__E2_P1,adapted,29,last 20%,True,0.9210653753026634,60,103
POLYIC_20190510_mouse31__E2_P1,adapted,30,last 20%,True,0.9035482258870565,16,177
POLYIC_20190510_mouse31__E2_P1,adapted,31,last 20%,True,0.8633504859919954,0,239
POLYIC_20190510_mouse31__E2_P1,adapted,32,last 20%,True,0.8063814358230602,0,267
POLYIC_20190510_mouse31__E2_P1,adapted,33,last 20%,True,0.8380765456329735,20,145
POLYIC_20190510_mouse31__E2_P1,adapted,34,last 20%,True,0.6421663442940039,2,183
POLYIC_20190510_mouse40__E2_P1,adapted,0,first 20%,True,0.745945945945946,304,25
POLYIC_20190510_mouse40__E2_P1,adapted,1,first 20%,True,0.9152095018145826,226,31
POLYIC_20190510_mouse40__E2_P1,adapted,2,first 20%,True,0.9271493212669684,60,262
POLYIC_20190510_mouse40__E2_P1,adapted,3,first 20%,True,0.947103274559194,76,218
POLYIC_20190510_mouse40__E2_P1,adapted,4,first 20%,True,0.9438387842748596,35,305
POLYIC_20190510_mouse40__E2_P1,adapted,5,first 20%,True,0.9376611557712725,27,384
POLYIC_20190510_mouse40__E2_P1,adapted,6,first 20%,True,0.9107117181883537,20,601
POLYIC_20190510_mouse40__E2_P1,adapted,7,middle 60%,True,0.9219736087205966,59,485
POLYIC_20190510_mouse40__E2_P1,adapted,8,middle 60%,True,0.9572649572649573,92,223
POLYIC_20190510_mouse40__E2_P1,adapted,9,middle 60%,True,0.9546189232873306,117,248
POLYIC_20190510_mouse40__E2_P1,adapted,10,middle 60%,True,0.9537284007885887,104,295
POLYIC_20190510_mouse40__E2_P1,adapted,11,middle 60%,True,0.9530630233583076,144,282
POLYIC_20190510_mouse40__E2_P1,adapted,12,middle 60%,True,0.9528104026845637,75,375
POLYIC_20190510_mouse40__E2_P1,adapted,13,middle 60%,True,0.9504830917874396,90,402
POLYIC_20190510_mouse40__E2_P1,adapted,14,middle 60%,True,0.9605628220372572,86,312
POLYIC_20190510_mouse40__E2_P1,adapted,15,middle 60%,True,0.963227487694238,108,273
POLYIC_20190510_mouse40__E2_P1,adapted,16,middle 60%,True,0.9669973292636398,78,268
POLYIC_20190510_mouse40__E2_P1,adapted,17,middle 60%,True,0.9692561342255843,55,262
POLYIC_20190510_mouse40__E2_P1,adapted,18,middle 60%,True,0.9687778768956289,45,270
POLYIC_20190510_mouse40__E2_P1,adapted,19,middle 60%,True,0.9677353481723504,73,243
POLYIC_20190510_mouse40__E2_P1,adapted,20,middle 60%,True,0.9632574129780833,116,226
POLYIC_20190510_mouse40__E2_P1,adapted,21,middle 60%,True,0.96289592760181,133,195
POLYIC_20190510_mouse40__E2_P1,adapted,22,middle 60%,True,0.9637052425760724,106,191
POLYIC_20190510_mouse40__E2_P1,adapted,23,middle 60%,True,0.9592915675389903,107,201
POLYIC_20190510_mouse40__E2_P1,adapted,24,middle 60%,True,0.9603537214443626,68,201
POLYIC_20190510_mouse40__E2_P1,adapted,25,middle 60%,True,0.9466759002770083,36,272
POLYIC_20190510_mouse40__E2_P1,adapted,26,middle 60%,True,0.9202000434877147,56,311
POLYIC_20190510_mouse40__E2_P1,adapted,27,middle 60%,True,0.9013767912334926,71,280
POLYIC_20190510_mouse40__E2_P1,adapted,28,last 20%,True,0.874384236453202,26,280
POLYIC_20190510_mouse40__E2_P1,adapted,29,last 20%,True,0.9232444202504083,21,120
POLYIC_20190510_mouse40__E2_P1,adapted,30,last 20%,True,0.9263157894736842,11,136
POLYIC_20190510_mouse40__E2_P1,adapted,31,last 20%,True,0.9058888277380297,5,166
POLYIC_20190510_mouse40__E2_P1,adapted,32,last 20%,True,0.7549668874172185,0,333
POLYIC_20190510_mouse40__E2_P1,adapted,33,last 20%,True,0.7951356407857811,0,219
POLYIC_20190510_mouse40__E2_P1,adapted,34,last 20%,True,0.7925801011804384,2,121
POLYIC_20190510_mouse44__E4_P1,adapted,0,first 20%,True,0.7432126696832579,128,326
POLYIC_20190510_mouse44__E4_P1,adapted,1,first 20%,True,0.7428571428571429,346,428
POLYIC_20190510_mouse44__E4_P1,adapted,2,first 20%,True,0.8600217864923747,8,506
POLYIC_20190510_mouse44__E4_P1,adapted,3,first 20%,True,0.9060489060489061,346,165
POLYIC_20190510_mouse44__E4_P1,adapted,4,first 20%,True,0.9376413570274637,191,195
POLYIC_20190510_mouse44__E4_P1,adapted,5,first 20%,True,0.9539863325740319,73,230
POLYIC_20190510_mouse44__E4_P1,adapted,6,first 20%,True,0.9438790346030823,141,245
POLYIC_20190510_mouse44__E4_P1,adapted,7,middle 60%,True,0.928128017657608,192,329
POLYIC_20190510_mouse44__E4_P1,adapted,8,middle 60%,True,0.9294403892944039,171,351
POLYIC_20190510_mouse44__E4_P1,adapted,9,middle 60%,True,0.9364478663708731,170,317
POLYIC_20190510_mouse44__E4_P1,adapted,10,middle 60%,True,0.9490751861638241,112,312
POLYIC_20190510_mouse44__E4_P1,adapted,11,middle 60%,True,0.9548431575318855,133,260
POLYIC_20190510_mouse44__E4_P1,adapted,12,middle 60%,True,0.943281707827543,183,359
POLYIC_20190510_mouse44__E4_P1,adapted,13,middle 60%,True,0.9384028892455859,175,439
POLYIC_20190510_mouse44__E4_P1,adapted,14,middle 60%,True,0.9508196721311475,138,357
POLYIC_20190510_mouse44__E4_P1,adapted,15,middle 60%,True,0.9544935262757045,181,297
POLYIC_20190510_mouse44__E4_P1,adapted,16,middle 60%,True,0.9487766883533401,168,391
POLYIC_20190510_mouse44__E4_P1,adapted,17,middle 60%,True,0.9506560709665496,184,350
POLYIC_20190510_mouse44__E4_P1,adapted,18,middle 60%,True,0.9578667678876447,129,315
POLYIC_20190510_mouse44__E4_P1,adapted,19,middle 60%,True,0.9646739130434783,93,271
POLYIC_20190510_mouse44__E4_P1,adapted,20,middle 60%,True,0.9634496919917864,86,270
POLYIC_20190510_mouse44__E4_P1,adapted,21,middle 60%,True,0.9727412618157837,122,126
POLYIC_20190510_mouse44__E4_P1,adapted,22,middle 60%,True,0.9654772937905468,113,185
POLYIC_20190510_mouse44__E4_P1,adapted,23,middle 60%,True,0.9691732232684123,101,138
POLYIC_20190510_mouse44__E4_P1,adapted,24,middle 60%,True,0.9654474483157438,65,174
POLYIC_20190510_mouse44__E4_P1,adapted,25,middle 60%,True,0.9577654383308094,23,228
POLYIC_20190510_mouse44__E4_P1,adapted,26,middle 60%,True,0.9451232139159246,61,204
POLYIC_20190510_mouse44__E4_P1,adapted,27,middle 60%,True,0.9030303030303031,157,227
POLYIC_20190510_mouse44__E4_P1,adapted,28,last 20%,True,0.8813018506700702,183,189
POLYIC_20190510_mouse44__E4_P1,adapted,29,last 20%,True,0.8738197424892704,99,195
POLYIC_20190510_mouse44__E4_P1,adapted,30,last 20%,True,0.9103726082578046,19,159
POLYIC_20190510_mouse44__E4_P1,adapted,31,last 20%,True,0.9143150333504361,10,157
POLYIC_20190510_mouse44__E4_P1,adapted,32,last 20%,True,0.789980732177264,0,327
POLYIC_20190510_mouse44__E4_P1,adapted,33,last 20%,True,0.838810641627543,0,206
POLYIC_20190510_mouse44__E4_P1,adapted,34,last 20%,True,0.8585131894484412,21,97
POLYIC_20190517_mouse31__E3_P1,adapted,0,first 20%,True,0.6107165913492576,536,67
POLYIC_20190517_mouse31__E3_P1,adapted,1,first 20%,True,0.8620784206196874,420,83
POLYIC_20190517_mouse31__E3_P1,adapted,2,first 20%,True,0.9019362898188632,92,379
POLYIC_20190517_mouse31__E3_P1,adapted,3,first 20%,True,0.9152600170502984,238,259
POLYIC_20190517_mouse31__E3_P1,adapted,4,first 20%,True,0.9181585677749361,167,345
POLYIC_20190517_mouse31__E3_P1,adapted,5,first 20%,True,0.9161658653846154,58,500
POLYIC_20190517_mouse31__E3_P1,adapted,6,first 20%,True,0.9091689314833357,36,599
POLYIC_20190517_mouse31__E3_P1,adapted,7,middle 60%,True,0.9239994421977409,56,489
POLYIC_20190517_mouse31__E3_P1,adapted,8,middle 60%,True,0.9408854166666667,78,376
POLYIC_20190517_mouse31__E3_P1,adapted,9,middle 60%,True,0.9508275945390842,135,272
POLYIC_20190517_mouse31__E3_P1,adapted,10,middle 60%,True,0.9177178567295452,225,486
POLYIC_20190517_mouse31__E3_P1,adapted,11,middle 60%,True,0.9079005770084332,291,539
POLYIC_20190517_mouse31__E3_P1,adapted,12,middle 60%,True,0.913210025172376,195,598
POLYIC_20190517_mouse31__E3_P1,adapted,13,middle 60%,True,0.9135000541301288,71,728
POLYIC_20190517_mouse31__E3_P1,adapted,14,middle 60%,True,0.9271750805585393,69,609
POLYIC_20190517_mouse31__E3_P1,adapted,15,middle 60%,True,0.9331657238633982,52,586
POLYIC_20190517_mouse31__E3_P1,adapted,16,middle 60%,True,0.9432947019867549,36,512
POLYIC_20190517_mouse31__E3_P1,adapted,17,middle 60%,True,0.9472023559108119,16,486
POLYIC_20190517_mouse31__E3_P1,adapted,18,middle 60%,True,0.9472432432432433,14,474
POLYIC_20190517_mouse31__E3_P1,adapted,19,middle 60%,True,0.9435722411831626,12,484
POLYIC_20190517_mouse31__E3_P1,adapted,20,middle 60%,True,0.9407690470503941,30,466
POLYIC_20190517_mouse31__E3_P1,adapted,21,middle 60%,True,0.9405063291139241,24,446
POLYIC_20190517_mouse31__E3_P1,adapted,22,middle 60%,True,0.9382312925170068,44,410
POLYIC_20190517_mouse31__E3_P1,adapted,23,middle 60%,True,0.931094890510949,71,401
POLYIC_20190517_mouse31__E3_P1,adapted,24,middle 60%,True,0.9292573623559539,48,394
POLYIC_20190517_mouse31__E3_P1,adapted,25,middle 60%,True,0.9200365965233303,32,405
POLYIC_20190517_mouse31__E3_P1,adapted,26,middle 60%,True,0.8989718372820742,56,396
POLYIC_20190517_mouse31__E3_P1,adapted,27,middle 60%,True,0.8888888888888888,69,308
POLYIC_20190517_mouse31__E3_P1,adapted,28,last 20%,True,0.8599190283400809,69,277
POLYIC_20190517_mouse31__E3_P1,adapted,29,last 20%,True,0.922216573462125,40,113
POLYIC_20190517_mouse31__E3_P1,adapted,30,last 20%,True,0.9058473736372646,18,172
POLYIC_20190517_mouse31__E3_P1,adapted,31,last 20%,True,0.8719376391982183,5,225
POLYIC_20190517_mouse31__E3_P1,adapted,32,last 20%,True,0.7895819054146676,5,302
POLYIC_20190517_mouse31__E3_P1,adapted,33,last 20%,True,0.7947136563876652,17,216
POLYIC_20190517_mouse31__E3_P1,adapted,34,last 20%,True,0.7032967032967034,58,131
POLYIC_20190517_mouse40__E3_P1,adapted,0,first 20%,True,0.9053658536585366,73,24
POLYIC_20190517_mouse40__E3_P1,adapted,1,first 20%,True,0.8943548387096775,223,39
POLYIC_20190517_mouse40__E3_P1,adapted,2,first 20%,True,0.9060279020794946,75,282
POLYIC_20190517_mouse40__E3_P1,adapted,3,first 20%,True,0.9358024691358025,45,267
POLYIC_20190517_mouse40__E3_P1,adapted,4,first 20%,True,0.9483767961681746,31,260
POLYIC_20190517_mouse40__E3_P1,adapted,5,first 20%,True,0.9452054794520548,5,331
POLYIC_20190517_mouse40__E3_P1,adapted,6,first 20%,True,0.9100655151876117,14,590
POLYIC_20190517_mouse40__E3_P1,adapted,7,middle 60%,True,0.916084912380681,33,556
POLYIC_20190517_mouse40__E3_P1,adapted,8,middle 60%,True,0.9361945636623749,22,424
POLYIC_20190517_mouse40__E3_P1,adapted,9,middle 60%,True,0.9561666212904982,22,300
POLYIC_20190517_mouse40__E3_P1,adapted,10,middle 60%,True,0.9516330092246322,7,381
POLYIC_20190517_mouse40__E3_P1,adapted,11,middle 60%,True,0.9449233716475096,39,421
POLYIC_20190517_mouse40__E3_P1,adapted,12,middle 60%,True,0.9381420765027323,61,505
POLYIC_20190517_mouse40__E3_P1,adapted,13,middle 60%,True,0.939636977627691,138,434
POLYIC_20190517_mouse40__E3_P1,adapted,14,middle 60%,True,0.9506098780243951,70,424
POLYIC_20190517_mouse40__E3_P1,adapted,15,middle 60%,True,0.954800647064421,101,374
POLYIC_20190517_mouse40__E3_P1,adapted,16,middle 60%,True,0.9562836370503257,97,366
POLYIC_20190517_mouse40__E3_P1,adapted,17,middle 60%,True,0.9657012195121951,52,308
POLYIC_20190517_mouse40__E3_P1,adapted,18,middle 60%,True,0.9650053022269353,33,330
POLYIC_20190517_mouse40__E3_P1,adapted,19,middle 60%,True,0.9671249252839211,34,296
POLYIC_20190517_mouse40__E3_P1,adapted,20,middle 60%,True,0.9609578344612181,91,284
POLYIC_20190517_mouse40__E3_P1,adapted,21,middle 60%,True,0.960266370699223,75,283
POLYIC_20190517_mouse40__E3_P1,adapted,22,middle 60%,True,0.9621212121212122,59,261
POLYIC_20190517_mouse40__E3_P1,adapted,23,middle 60%,True,0.9649923896499238,76,200
POLYIC_20190517_mouse40__E3_P1,adapted,24,middle 60%,True,0.9579006455234353,69,231
POLYIC_20190517_mouse40__E3_P1,adapted,25,middle 60%,True,0.945645263827082,45,297
POLYIC_20190517_mouse40__E3_P1,adapted,26,middle 60%,True,0.9273593898951382,38,343
POLYIC_20190517_mouse40__E3_P1,adapted,27,middle 60%,True,0.915692007797271,63,283
POLYIC_20190517_mouse40__E3_P1,adapted,28,last 20%,True,0.9098765432098765,81,211
POLYIC_20190517_mouse40__E3_P1,adapted,29,last 20%,True,0.8571428571428571,12,314
POLYIC_20190517_mouse40__E3_P1,adapted,30,last 20%,True,0.9007470651013874,13,173
POLYIC_20190517_mouse40__E3_P1,adapted,31,last 20%,True,0.8982785602503912,1,194
POLYIC_20190517_mouse40__E3_P1,adapted,32,last 20%,True,0.7920433996383364,0,345
POLYIC_20190517_mouse40__E3_P1,adapted,33,last 20%,True,0.7621776504297995,19,313
POLYIC_20190517_mouse40__E3_P1,adapted,34,last 20%,True,0.7111111111111111,18,255
POLYIC_20190517_mouse44__E3_P1,adapted,0,first 20%,True,0.8400977995110025,223,104
POLYIC_20190517_mouse44__E3_P1,adapted,1,first 20%,True,0.9276356830941984,127,105
POLYIC_20190517_mouse44__E3_P1,adapted,2,first 20%,True,0.9394142633579253,36,235
POLYIC_20190517_mouse44__E3_P1,adapted,3,first 20%,True,0.9330954504906334,114,261
POLYIC_20190517_mouse44__E3_P1,adapted,4,first 20%,True,0.9500079352483732,63,252
POLYIC_20190517_mouse44__E3_P1,adapted,5,first 20%,True,0.9507806691449814,29,302
POLYIC_20190517_mouse44__E3_P1,adapted,6,first 20%,True,0.9193996664813785,8,572
POLYIC_20190517_mouse44__E3_P1,adapted,7,middle 60%,True,0.9262002743484224,15,523
POLYIC_20190517_mouse44__E3_P1,adapted,8,middle 60%,True,0.9383283743575872,16,440
POLYIC_20190517_mouse44__E3_P1,adapted,9,middle 60%,True,0.9603164791692422,58,263
POLYIC_20190517_mouse44__E3_P1,adapted,10,middle 60%,True,0.9557255447380621,67,315
POLYIC_20190517_mouse44__E3_P1,adapted,11,middle 60%,True,0.9598551804919604,87,290
POLYIC_20190517_mouse44__E3_P1,adapted,12,middle 60%,True,0.9547759075238288,183,263
POLYIC_20190517_mouse44__E3_P1,adapted,13,middle 60%,True,0.9506160861550402,158,351
POLYIC_20190517_mouse44__E3_P1,adapted,14,middle 60%,True,0.9502059153874953,233,299
POLYIC_20190517_mouse44__E3_P1,adapted,15,middle 60%,True,0.950562003107009,198,343
POLYIC_20190517_mouse44__E3_P1,adapted,16,middle 60%,True,0.960502366217692,158,276
POLYIC_20190517_mouse44__E3_P1,adapted,17,middle 60%,True,0.9607452966714906,168,266
POLYIC_20190517_mouse44__E3_P1,adapted,18,middle 60%,True,0.963276576161988,120,279
POLYIC_20190517_mouse44__E3_P1,adapted,19,middle 60%,True,0.9672505712109672,106,238
POLYIC_20190517_mouse44__E3_P1,adapted,20,middle 60%,True,0.9646156870454099,140,220
POLYIC_20190517_mouse44__E3_P1,adapted,21,middle 60%,True,0.9622945536577505,196,155
POLYIC_20190517_mouse44__E3_P1,adapted,22,middle 60%,True,0.9621083587829431,106,229
POLYIC_20190517_mouse44__E3_P1,adapted,23,middle 60%,True,0.9636432255629639,88,201
POLYIC_20190517_mouse44__E3_P1,adapted,24,middle 60%,True,0.9579901153212521,91,215
POLYIC_20190517_mouse44__E3_P1,adapted,25,middle 60%,True,0.9575062034739454,68,206
POLYIC_20190517_mouse44__E3_P1,adapted,26,middle 60%,True,0.9363583926168044,39,292
POLYIC_20190517_mouse44__E3_P1,adapted,27,middle 60%,True,0.9241104752425977,110,195
POLYIC_20190517_mouse44__E3_P1,adapted,28,last 20%,True,0.8839852892009361,114,233
POLYIC_20190517_mouse44__E3_P1,adapted,29,last 20%,True,0.9101964452759589,68,124
POLYIC_20190517_mouse44__E3_P1,adapted,30,last 20%,True,0.9143672692673644,38,142
POLYIC_20190517_mouse44__E3_P1,adapted,31,last 20%,True,0.8924302788844621,17,199
POLYIC_20190517_mouse44__E3_P1,adapted,32,last 20%,True,0.8180112570356473,0,291
POLYIC_20190517_mouse44__E3_P1,adapted,33,last 20%,True,0.85,5,193
POLYIC_20190517_mouse44__E3_P1,adapted,34,last 20%,True,0.8198307134220073,8,141
POLYIC_20190618_mouse31__E3_P1,adapted,0,first 20%,True,0.7660646787064259,527,30
POLYIC_20190618_mouse31__E3_P1,adapted,1,first 20%,True,0.9459154929577465,44,148
POLYIC_20190618_mouse31__E3_P1,adapted,2,first 20%,True,0.9324245374878286,141,206
POLYIC_20190618_mouse31__E3_P1,adapted,3,first 20%,True,0.9334680815226546,113,282
POLYIC_20190618_mouse31__E3_P1,adapted,4,first 20%,True,0.9303201506591338,72,372
POLYIC_20190618_mouse31__E3_P1,adapted,5,first 20%,True,0.9464958553127355,49,306
POLYIC_20190618_mouse31__E3_P1,adapted,6,first 20%,True,0.9339182114051224,45,422
POLYIC_20190618_mouse31__E3_P1,adapted,7,first 20%,True,0.9360433604336044,43,429
POLYIC_20190618_mouse31__E3_P1,adapted,8,middle 60%,True,0.9520981278244028,96,275
POLYIC_20190618_mouse31__E3_P1,adapted,9,middle 60%,True,0.9647624774503909,142,151
POLYIC_20190618_mouse31__E3_P1,adapted,10,middle 60%,True,0.9590887959088796,108,244
POLYIC_20190618_mouse31__E3_P1,adapted,11,middle 60%,True,0.9582720796109917,95,274
POLYIC_20190618_mouse31__E3_P1,adapted,12,middle 60%,True,0.962577502214349,80,258
POLYIC_20190618_mouse31__E3_P1,adapted,13,middle 60%,True,0.9576731061428261,35,355
POLYIC_20190618_mouse31__E3_P1,adapted,14,middle 60%,True,0.9633396906124179,52,294
POLYIC_20190618_mouse31__E3_P1,adapted,15,middle 60%,True,0.9584120982986768,64,332
POLYIC_20190618_mouse31__E3_P1,adapted,16,middle 60%,True,0.9692259869443581,64,233
POLYIC_20190618_mouse31__E3_P1,adapted,17,middle 60%,True,0.9702136617198189,19,264
POLYIC_20190618_mouse31__E3_P1,adapted,18,middle 60%,True,0.9719245606515217,31,231
POLYIC_20190618_mouse31__E3_P1,adapted,19,middle 60%,True,0.9687636522498908,24,262
POLYIC_20190618_mouse31__E3_P1,adapted,20,middle 60%,True,0.9698401980643709,33,235
POLYIC_20190618_mouse31__E3_P1,adapted,21,middle 60%,True,0.9621621621621622,80,235
POLYIC_20190618_mouse31__E3_P1,adapted,22,middle 60%,True,0.964308235590869,61,222
POLYIC_20190618_mouse31__E3_P1,adapted,23,middle 60%,True,0.959120761292052,51,254
POLYIC_20190618_mouse31__E3_P1,adapted,24,middle 60%,True,0.9596609178602747,65,211
POLYIC_20190618_mouse31__E3_P1,adapted,25,middle 60%,True,0.9603060736489718,40,209
POLYIC_20190618_mouse31__E3_P1,adapted,26,middle 60%,True,0.9522590085970367,31,230
POLYIC_20190618_mouse31__E3_P1,adapted,27,middle 60%,True,0.9280037400654512,43,265
POLYIC_20190618_mouse31__E3_P1,adapted,28,middle 60%,True,0.9132124352331606,87,181
POLYIC_20190618_mouse31__E3_P1,adapted,29,middle 60%,True,0.9052537045352492,79,132
POLYIC_20190618_mouse31__E3_P1,adapted,30,last 20%,True,0.9308666017526777,30,112
POLYIC_20190618_mouse31__E3_P1,adapted,31,last 20%,True,0.9029663147310206,5,188
POLYIC_20190618_mouse31__E3_P1,adapted,32,last 20%,True,0.8637128435221537,2,241
POLYIC_20190618_mouse31__E3_P1,adapted,33,last 20%,True,0.7871148459383753,0,304
POLYIC_20190618_mouse31__E3_P1,adapted,34,last 20%,True,0.7404505386875612,0,265
POLYIC_20190618_mouse31__E3_P1,adapted,35,last 20%,True,0.5540540540540541,13,185
POLYIC_20190618_mouse31__E3_P1,adapted,36,last 20%,True,0.0,0,108
POLYIC_20190618_mouse31__E3_P1,adapted,37,outside,False,0.0,11,0
POLYIC_20190619_mouse40__E3_P1,adapted,0,first 20%,True,0.7806691449814126,264,31
POLYIC_20190619_mouse40__E3_P1,adapted,1,first 20%,True,0.9344501092498179,124,56
POLYIC_20190619_mouse40__E3_P1,adapted,2,first 20%,True,0.9330682571239232,93,210
POLYIC_20190619_mouse40__E3_P1,adapted,3,first 20%,True,0.9414316702819957,74,250
POLYIC_20190619_mouse40__E3_P1,adapted,4,first 20%,True,0.9423296846920438,53,300
POLYIC_20190619_mouse40__E3_P1,adapted,5,first 20%,True,0.9371936274509803,5,405
POLYIC_20190619_mouse40__E3_P1,adapted,6,first 20%,True,0.9137407889033377,37,560
POLYIC_20190619_mouse40__E3_P1,adapted,7,first 20%,True,0.9081750143926309,80,558
POLYIC_20190619_mouse40__E3_P1,adapted,8,middle 60%,True,0.9389149935924819,68,361
POLYIC_20190619_mouse40__E3_P1,adapted,9,middle 60%,True,0.9601060304837641,66,235
POLYIC_20190619_mouse40__E3_P1,adapted,10,middle 60%,True,0.9526455665619715,77,315
POLYIC_20190619_mouse40__E3_P1,adapted,11,middle 60%,True,0.9618693327133225,32,296
POLYIC_20190619_mouse40__E3_P1,adapted,12,middle 60%,True,0.9604115410422724,52,302
POLYIC_20190619_mouse40__E3_P1,adapted,13,middle 60%,True,0.9619495510902095,32,324
POLYIC_20190619_mouse40__E3_P1,adapted,14,middle 60%,True,0.9611780455153949,32,345
POLYIC_20190619_mouse40__E3_P1,adapted,15,middle 60%,True,0.9643363728470111,7,345
POLYIC_20190619_mouse40__E3_P1,adapted,16,middle 60%,True,0.9711966742551718,38,253
POLYIC_20190619_mouse40__E3_P1,adapted,17,middle 60%,True,0.9674698795180723,15,309
POLYIC_20190619_mouse40__E3_P1,adapted,18,middle 60%,True,0.9665450121654501,20,310
POLYIC_20190619_mouse40__E3_P1,adapted,19,middle 60%,True,0.9646764613941857,23,316
POLYIC_20190619_mouse40__E3_P1,adapted,20,middle 60%,True,0.9616373767681097,115,243
POLYIC_20190619_mouse40__E3_P1,adapted,21,middle 60%,True,0.9521336644840822,165,259
POLYIC_20190619_mouse40__E3_P1,adapted,22,middle 60%,True,0.934805591448373,333,222
POLYIC_20190619_mouse40__E3_P1,adapted,23,middle 60%,True,0.9452317119877441,180,249
POLYIC_20190619_mouse40__E3_P1,adapted,24,middle 60%,True,0.950326979268123,127,230
POLYIC_20190619_mouse40__E3_P1,adapted,25,middle 60%,True,0.9496981891348089,38,287
POLYIC_20190619_mouse40__E3_P1,adapted,26,middle 60%,True,0.9340678869735205,31,340
POLYIC_20190619_mouse40__E3_P1,adapted,27,middle 60%,True,0.9149507609668756,16,364
POLYIC_20190619_mouse40__E3_P1,adapted,28,middle 60%,True,0.9067164179104478,59,241
POLYIC_20190619_mouse40__E3_P1,adapted,29,middle 60%,True,0.8821520068317678,13,263
POLYIC_20190619_mouse40__E3_P1,adapted,30,last 20%,True,0.8976286871023713,6,171
POLYIC_20190619_mouse40__E3_P1,adapted,31,last 20%,True,0.8966233766233767,0,199
POLYIC_20190619_mouse40__E3_P1,adapted,32,last 20%,True,0.8598761958356781,0,249
POLYIC_20190619_mouse40__E3_P1,adapted,33,last 20%,True,0.7616438356164383,0,348
POLYIC_20190619_mouse40__E3_P1,adapted,34,last 20%,True,0.7275922671353251,0,310
POLYIC_20190619_mouse40__E3_P1,adapted,35,last 20%,True,0.5824915824915825,5,243
POLYIC_20190619_mouse40__E3_P1,adapted,36,last 20%,True,0.05825242718446602,0,194
POLYIC_20190619_mouse40__E3_P1,adapted,37,outside,False,1.0,0,0
POLYIC_20190619_mouse44__E4_P1,adapted,0,first 20%,True,0.7542156361778232,422,59
POLYIC_20190619_mouse44__E4_P1,adapted,1,first 20%,True,0.9350877192982456,44,178
POLYIC_20190619_mouse44__E4_P1,adapted,2,first 20%,True,0.9457905544147844,118,146
POLYIC_20190619_mouse44__E4_P1,adapted,3,first 20%,True,0.9474944415939798,113,194
POLYIC_20190619_mouse44__E4_P1,adapted,4,first 20%,True,0.9425934615986234,80,287
POLYIC_20190619_mouse44__E4_P1,adapted,5,first 20%,True,0.9480732033923523,39,310
POLYIC_20190619_mouse44__E4_P1,adapted,6,first 20%,True,0.9279755283648499,22,496
POLYIC_20190619_mouse44__E4_P1,adapted,7,first 20%,True,0.9315143998897616,30,467
POLYIC_20190619_mouse44__E4_P1,adapted,8,middle 60%,True,0.945872801082544,13,387
POLYIC_20190619_mouse44__E4_P1,adapted,9,middle 60%,True,0.9641962944416625,28,258
POLYIC_20190619_mouse44__E4_P1,adapted,10,middle 60%,True,0.9497336113041464,54,380
POLYIC_20190619_mouse44__E4_P1,adapted,11,middle 60%,True,0.958970946994899,38,332
POLYIC_20190619_mouse44__E4_P1,adapted,12,middle 60%,True,0.9578992132681268,107,289
POLYIC_20190619_mouse44__E4_P1,adapted,13,middle 60%,True,0.9670849619419872,58,262
POLYIC_20190619_mouse44__E4_P1,adapted,14,middle 60%,True,0.9643429487179487,45,311
POLYIC_20190619_mouse44__E4_P1,adapted,15,middle 60%,True,0.9658394160583942,34,317
POLYIC_20190619_mouse44__E4_P1,adapted,16,middle 60%,True,0.975647171620326,48,206
POLYIC_20190619_mouse44__E4_P1,adapted,17,middle 60%,True,0.9659996114241306,40,310
POLYIC_20190619_mouse44__E4_P1,adapted,18,middle 60%,True,0.9740360395272234,27,241
POLYIC_20190619_mouse44__E4_P1,adapted,19,middle 60%,True,0.9632186174933438,84,289
POLYIC_20190619_mouse44__E4_P1,adapted,20,middle 60%,True,0.9642304917018863,132,215
POLYIC_20190619_mouse44__E4_P1,adapted,21,middle 60%,True,0.9366515837104072,367,221
POLYIC_20190619_mouse44__E4_P1,adapted,22,middle 60%,True,0.9529027745395197,193,211
POLYIC_20190619_mouse44__E4_P1,adapted,23,middle 60%,True,0.9644069928310904,75,208
POLYIC_20190619_mouse44__E4_P1,adapted,24,middle 60%,True,0.961042524005487,63,221
POLYIC_20190619_mouse44__E4_P1,adapted,25,middle 60%,True,0.9549022625827305,53,240
POLYIC_20190619_mouse44__E4_P1,adapted,26,middle 60%,True,0.9491098723251213,15,268
POLYIC_20190619_mouse44__E4_P1,adapted,27,middle 60%,True,0.9241347696539078,28,303
POLYIC_20190619_mouse44__E4_P1,adapted,28,middle 60%,True,0.9220738900962434,71,180
POLYIC_20190619_mouse44__E4_P1,adapted,29,middle 60%,True,0.9056947608200455,47,160
POLYIC_20190619_mouse44__E4_P1,adapted,30,last 20%,True,0.9244444444444444,28,125
POLYIC_20190619_mouse44__E4_P1,adapted,31,last 20%,True,0.9010442565887619,6,193
POLYIC_20190619_mouse44__E4_P1,adapted,32,last 20%,True,0.8609418282548477,0,251
POLYIC_20190619_mouse44__E4_P1,adapted,33,last 20%,True,0.7927321668909825,0,308
POLYIC_20190619_mouse44__E4_P1,adapted,34,last 20%,True,0.7169811320754716,23,277
POLYIC_20190619_mouse44__E4_P1,adapted,35,last 20%,True,0.6456400742115028,5,186
POLYIC_20190619_mouse44__E4_P1,adapted,36,last 20%,True,0.03821656050955414,3,148
POLYIC_20190619_mouse44__E4_P1,adapted,37,outside,False,0.0,20,0
POLYIC_20190628_mouse31__E3_P1,adapted,0,first 20%,True,0.7477236207820032,386,85
POLYIC_20190628_mouse31__E3_P1,adapted,1,first 20%,True,0.9202453987730062,82,139
POLYIC_20190628_mouse31__E3_P1,adapted,2,first 20%,True,0.9479768786127167,37,206
POLYIC_20190628_mouse31__E3_P1,adapted,3,first 20%,True,0.9261065266316579,8,386
POLYIC_20190628_mouse31__E3_P1,adapted,4,first 20%,True,0.9173715029277814,1,507
POLYIC_20190628_mouse31__E3_P1,adapted,5,first 20%,True,0.9153488372093024,4,542
POLYIC_20190628_mouse31__E3_P1,adapted,6,first 20%,True,0.8973718983996476,0,699
POLYIC_20190628_mouse31__E3_P1,adapted,7,first 20%,True,0.9050263815606776,18,666
POLYIC_20190628_mouse31__E3_P1,adapted,8,middle 60%,True,0.9383899619343015,0,437
POLYIC_20190628_mouse31__E3_P1,adapted,9,middle 60%,True,0.939432660362893,20,454
POLYIC_20190628_mouse31__E3_P1,adapted,10,middle 60%,True,0.9576153942900264,29,308
POLYIC_20190628_mouse31__E3_P1,adapted,11,middle 60%,True,0.953890146550697,30,357
POLYIC_20190628_mouse31__E3_P1,adapted,12,middle 60%,True,0.9548401774542146,11,386
POLYIC_20190628_mouse31__E3_P1,adapted,13,middle 60%,True,0.9525691699604744,29,403
POLYIC_20190628_mouse31__E3_P1,adapted,14,middle 60%,True,0.9631076388888888,38,302
POLYIC_20190628_mouse31__E3_P1,adapted,15,middle 60%,True,0.9605263157894737,41,337
POLYIC_20190628_mouse31__E3_P1,adapted,16,middle 60%,True,0.9642304917018863,27,320
POLYIC_20190628_mouse31__E3_P1,adapted,17,middle 60%,True,0.9637176421665454,10,339
POLYIC_20190628_mouse31__E3_P1,adapted,18,middle 60%,True,0.9625052366987851,29,329
POLYIC_20190628_mouse31__E3_P1,adapted,19,middle 60%,True,0.9605711849957375,38,332
POLYIC_20190628_mouse31__E3_P1,adapted,20,middle 60%,True,0.959789057350033,96,270
POLYIC_20190628_mouse31__E3_P1,adapted,21,middle 60%,True,0.9416466826538769,248,263
POLYIC_20190628_mouse31__E3_P1,adapted,22,middle 60%,True,0.9273900293255132,399,220
POLYIC_20190628_mouse31__E3_P1,adapted,23,middle 60%,True,0.9137130285993644,489,217
POLYIC_20190628_mouse31__E3_P1,adapted,24,middle 60%,True,0.913317572892041,480,180
POLYIC_20190628_mouse31__E3_P1,adapted,25,middle 60%,True,0.9111143228790287,394,221
POLYIC_20190628_mouse31__E3_P1,adapted,26,middle 60%,True,0.9250782150502223,238,217
POLYIC_20190628_mouse31__E3_P1,adapted,27,middle 60%,True,0.9346550677726078,43,280
POLYIC_20190628_mouse31__E3_P1,adapted,28,middle 60%,True,0.9218543046357616,70,225
POLYIC_20190628_mouse31__E3_P1,adapted,29,middle 60%,True,0.9074010327022375,42,227
POLYIC_20190628_mouse31__E3_P1,adapted,30,middle 60%,True,0.8864608076009501,23,216
POLYIC_20190628_mouse31__E3_P1,adapted,31,last 20%,True,0.9171907756813418,19,139
POLYIC_20190628_mouse31__E3_P1,adapted,32,last 20%,True,0.9021852237252862,7,181
POLYIC_20190628_mouse31__E3_P1,adapted,33,last 20%,True,0.8525714285714285,5,253
POLYIC_20190628_mouse31__E3_P1,adapted,34,last 20%,True,0.8159889731219848,0,267
POLYIC_20190628_mouse31__E3_P1,adapted,35,last 20%,True,0.6666666666666666,0,335
POLYIC_20190628_mouse31__E3_P1,adapted,36,last 20%,True,0.6187050359712231,0,212
POLYIC_20190628_mouse31__E3_P1,adapted,37,last 20%,True,0.6795366795366795,1,82
POLYIC_20190510_mouse34__E2_P1,adapted,0,first 20%,True,0.6950354609929078,266,121
POLYIC_20190510_mouse34__E2_P1,adapted,1,first 20%,True,0.5792284866468843,661,48
POLYIC_20190510_mouse34__E2_P1,adapted,2,first 20%,True,0.9254022428083861,23,283
POLYIC_20190510_mouse34__E2_P1,adapted,3,first 20%,True,0.9510250569476082,103,155
POLYIC_20190510_mouse34__E2_P1,adapted,4,first 20%,True,0.9556518839613204,86,180
POLYIC_20190510_mouse34__E2_P1,adapted,5,first 20%,True,0.9538751176655161,133,161
POLYIC_20190510_mouse34__E2_P1,adapted,6,first 20%,True,0.9424300725173894,103,286
POLYIC_20190510_mouse34__E2_P1,adapted,7,middle 60%,True,0.934375,74,388
POLYIC_20190510_mouse34__E2_P1,adapted,8,middle 60%,True,0.9571725571725572,69,240
POLYIC_20190510_mouse34__E2_P1,adapted,9,middle 60%,True,0.9612501588108245,81,224
POLYIC_20190510_mouse34__E2_P1,adapted,10,middle 60%,True,0.9604342581423402,111,217
POLYIC_20190510_mouse34__E2_P1,adapted,11,middle 60%,True,0.9577400091869546,139,229
POLYIC_20190510_mouse34__E2_P1,adapted,12,middle 60%,True,0.9584721296913169,69,305
POLYIC_20190510_mouse34__E2_P1,adapted,13,middle 60%,True,0.9552335640138409,23,391
POLYIC_20190510_mouse34__E2_P1,adapted,14,middle 60%,True,0.9515699840340607,87,368
POLYIC_20190510_mouse34__E2_P1,adapted,15,middle 60%,True,0.9561551433389545,68,348
POLYIC_20190510_mouse34__E2_P1,adapted,16,middle 60%,True,0.9617429375586365,61,306
POLYIC_20190510_mouse34__E2_P1,adapted,17,middle 60%,True,0.9570308416100366,68,343
POLYIC_20190510_mouse34__E2_P1,adapted,18,middle 60%,True,0.9609240069084629,49,313
POLYIC_20190510_mouse34__E2_P1,adapted,19,middle 60%,True,0.9606634539952931,42,309
POLYIC_20190510_mouse34__E2_P1,adapted,20,middle 60%,True,0.9660917517306112,77,212
POLYIC_20190510_mouse34__E2_P1,adapted,21,middle 60%,True,0.9639628482972136,93,198
POLYIC_20190510_mouse34__E2_P1,adapted,22,middle 60%,True,0.9605630062408711,59,238
POLYIC_20190510_mouse34__E2_P1,adapted,23,middle 60%,True,0.9606139588763394,88,184
POLYIC_20190510_mouse34__E2_P1,adapted,24,middle 60%,True,0.9579349904397706,64,200
POLYIC_20190510_mouse34__E2_P1,adapted,25,middle 60%,True,0.9401254514350884,31,284
POLYIC_20190510_mouse34__E2_P1,adapted,26,middle 60%,True,0.9053758209681343,57,332
POLYIC_20190510_mouse34__E2_P1,adapted,27,middle 60%,True,0.888663282571912,84,245
POLYIC_20190510_mouse34__E2_P1,adapted,28,last 20%,True,0.8613861386138614,24,256
POLYIC_20190510_mouse34__E2_P1,adapted,29,last 20%,True,0.9174620999438517,4,143
POLYIC_20190510_mouse34__E2_P1,adapted,30,last 20%,True,0.8723640399556049,0,230
POLYIC_20190510_mouse34__E2_P1,adapted,31,last 20%,True,0.8222222222222222,0,272
POLYIC_20190510_mouse34__E2_P1,adapted,32,last 20%,True,0.718804920913884,0,320
POLYIC_20190510_mouse34__E2_P1,adapted,33,last 20%,True,0.8119079837618404,10,129
POLYIC_20190510_mouse34__E2_P1,adapted,34,last 20%,True,0.6914660831509847,0,141
POLYIC_20190510_mouse35__E3_P1,adapted,0,first 20%,True,0.8334866605335787,121,60
POLYIC_20190510_mouse35__E3_P1,adapted,1,first 20%,True,0.8742304309586632,227,59
POLYIC_20190510_mouse35__E3_P1,adapted,2,first 20%,True,0.9131638560281903,64,281
POLYIC_20190510_mouse35__E3_P1,adapted,3,first 20%,True,0.9364030949235704,128,209
POLYIC_20190510_mouse35__E3_P1,adapted,4,first 20%,True,0.950552251486831,111,180
POLYIC_20190510_mouse35__E3_P1,adapted,5,first 20%,True,0.9518053125497058,84,219
POLYIC_20190510_mouse35__E3_P1,adapted,6,first 20%,True,0.9326952763198518,99,337
POLYIC_20190510_mouse35__E3_P1,adapted,7,middle 60%,True,0.9325581395348838,53,411
POLYIC_20190510_mouse35__E3_P1,adapted,8,middle 60%,True,0.9415845705564035,49,372
POLYIC_20190510_mouse35__E3_P1,adapted,9,middle 60%,True,0.9563420304830793,33,305
POLYIC_20190510_mouse35__E3_P1,adapted,10,middle 60%,True,0.9509025270758122,82,326
POLYIC_20190510_mouse35__E3_P1,adapted,11,middle 60%,True,0.9562289562289562,47,330
POLYIC_20190510_mouse35__E3_P1,adapted,12,middle 60%,True,0.9585222121486854,58,308
POLYIC_20190510_mouse35__E3_P1,adapted,13,middle 60%,True,0.9564646685626778,16,382
POLYIC_20190510_mouse35__E3_P1,adapted,14,middle 60%,True,0.9520650545687995,25,423
POLYIC_20190510_mouse35__E3_P1,adapted,15,middle 60%,True,0.9531266311723562,32,417
POLYIC_20190510_mouse35__E3_P1,adapted,16,middle 60%,True,0.9564052354941771,24,399
POLYIC_20190510_mouse35__E3_P1,adapted,17,middle 60%,True,0.9623766447368421,15,351
POLYIC_20190510_mouse35__E3_P1,adapted,18,middle 60%,True,0.9671204188481676,41,273
POLYIC_20190510_mouse35__E3_P1,adapted,19,middle 60%,True,0.968407479045777,64,230
POLYIC_20190510_mouse35__E3_P1,adapted,20,middle 60%,True,0.9689193673266232,72,209
POLYIC_20190510_mouse35__E3_P1,adapted,21,middle 60%,True,0.9696899044066216,95,165
POLYIC_20190510_mouse35__E3_P1,adapted,22,middle 60%,True,0.9668857745256109,74,193
POLYIC_20190510_mouse35__E3_P1,adapted,23,middle 60%,True,0.9670061099796334,119,124
POLYIC_20190510_mouse35__E3_P1,adapted,24,middle 60%,True,0.9662384224678817,75,151
POLYIC_20190510_mouse35__E3_P1,adapted,25,middle 60%,True,0.9618738245853992,72,151
POLYIC_20190510_mouse35__E3_P1,adapted,26,middle 60%,True,0.9349936682144365,69,239
POLYIC_20190510_mouse35__E3_P1,adapted,27,middle 60%,True,0.914220575662582,50,251
POLYIC_20190510_mouse35__E3_P1,adapted,28,last 20%,True,0.879484079000403,95,204
POLYIC_20190510_mouse35__E3_P1,adapted,29,last 20%,True,0.9363768819815445,71,60
POLYIC_20190510_mouse35__E3_P1,adapted,30,last 20%,True,0.9229229229229229,28,126
POLYIC_20190510_mouse35__E3_P1,adapted,31,last 20%,True,0.8671157379056951,1,216
POLYIC_20190510_mouse35__E3_P1,adapted,32,last 20%,True,0.7689713322091062,0,274
POLYIC_20190510_mouse35__E3_P1,adapted,33,last 20%,True,0.8370165745856354,10,108
POLYIC_20190510_mouse35__E3_P1,adapted,34,last 20%,True,0.5691056910569106,0,159
POLYIC_20190510_mouse37__E2_P1,adapted,0,first 20%,True,0.9046563192904656,89,126
POLYIC_20190510_mouse37__E2_P1,adapted,1,first 20%,True,0.9265190767781442,9,303
POLYIC_20190510_mouse37__E2_P1,adapted,2,first 20%,True,0.9136312429590687,33,427
POLYIC_20190510_mouse37__E2_P1,adapted,3,first 20%,True,0.9435914013253597,64,285
POLYIC_20190510_mouse37__E2_P1,adapted,4,first 20%,True,0.9441012505650143,9,362
POLYIC_20190510_mouse37__E2_P1,adapted,5,first 20%,True,0.9128161650416843,12,605
POLYIC_20190510_mouse37__E2_P1,adapted,6,first 20%,True,0.9205786026200873,28,554
POLYIC_20190510_mouse37__E2_P1,adapted,7,middle 60%,True,0.934672056330682,28,473
POLYIC_20190510_mouse37__E2_P1,adapted,8,middle 60%,True,0.9607867240319606,64,255
POLYIC_20190510_mouse37__E2_P1,adapted,9,middle 60%,True,0.95746586075666,147,233
POLYIC_20190510_mouse37__E2_P1,adapted,10,middle 60%,True,0.9634367338236862,93,250
POLYIC_20190510_mouse37__E2_P1,adapted,11,middle 60%,True,0.9592927631578947,165,231
POLYIC_20190510_mouse37__E2_P1,adapted,12,middle 60%,True,0.9583619084941707,96,329
POLYIC_20190510_mouse37__E2_P1,adapted,13,middle 60%,True,0.9534105041614848,40,447
POLYIC_20190510_mouse37__E2_P1,adapted,14,middle 60%,True,0.9582240539527913,30,416
POLYIC_20190510_mouse37__E2_P1,adapted,15,middle 60%,True,0.9640768588137009,20,367
POLYIC_20190510_mouse37__E2_P1,adapted,16,middle 60%,True,0.9612316824336857,29,389
POLYIC_20190510_mouse37__E2_P1,adapted,17,middle 60%,True,0.9647102873724609,60,317
POLYIC_20190510_mouse37__E2_P1,adapted,18,middle 60%,True,0.9606692951245313,37,372
POLYIC_20190510_mouse37__E2_P1,adapted,19,middle 60%,True,0.9381253035454103,324,313
POLYIC_20190510_mouse37__E2_P1,adapted,20,middle 60%,True,0.9269429526801094,437,284
POLYIC_20190510_mouse37__E2_P1,adapted,21,middle 60%,True,0.9193513513513514,497,249
POLYIC_20190510_mouse37__E2_P1,adapted,22,middle 60%,True,0.9102238633741057,504,274
POLYIC_20190510_mouse37__E2_P1,adapted,23,middle 60%,True,0.9306418219461697,294,242
POLYIC_20190510_mouse37__E2_P1,adapted,24,middle 60%,True,0.9369186046511628,132,302
POLYIC_20190510_mouse37__E2_P1,adapted,25,middle 60%,True,0.9191936303574454,80,397
POLYIC_20190510_mouse37__E2_P1,adapted,26,middle 60%,True,0.8964919878735383,104,374
POLYIC_20190510_mouse37__E2_P1,adapted,27,middle 60%,True,0.8922085530169889,75,293
POLYIC_20190510_mouse37__E2_P1,adapted,28,last 20%,True,0.8714467543487484,10,293
POLYIC_20190510_mouse37__E2_P1,adapted,29,last 20%,True,0.9313524590163934,3,131
POLYIC_20190510_mouse37__E2_P1,adapted,30,last 20%,True,0.8963110667996012,4,204
POLYIC_20190510_mouse37__E2_P1,adapted,31,last 20%,True,0.8426966292134831,0,280
POLYIC_20190510_mouse37__E2_P1,adapted,32,last 20%,True,0.6760772659732541,0,436
POLYIC_20190510_mouse37__E2_P1,adapted,33,last 20%,True,0.768172888015717,2,234
POLYIC_20190510_mouse37__E2_P1,adapted,34,last 20%,True,0.7249544626593807,11,140
POLYIC_20190510_mouse38__E2_P1,adapted,0,first 20%,True,0.7354838709677419,240,88
POLYIC_20190510_mouse38__E2_P1,adapted,1,first 20%,True,0.9465763732129421,66,76
POLYIC_20190510_mouse38__E2_P1,adapted,2,first 20%,True,0.9087591240875912,29,371
POLYIC_20190510_mouse38__E2_P1,adapted,3,first 20%,True,0.9371225577264654,117,237
POLYIC_20190510_mouse38__E2_P1,adapted,4,first 20%,True,0.9482730663207394,66,253
POLYIC_20190510_mouse38__E2_P1,adapted,5,first 20%,True,0.9485888634630053,33,304
POLYIC_20190510_mouse38__E2_P1,adapted,6,first 20%,True,0.9293915040183697,8,484
POLYIC_20190510_mouse38__E2_P1,adapted,7,middle 60%,True,0.9375699888017918,25,421
POLYIC_20190510_mouse38__E2_P1,adapted,8,middle 60%,True,0.9477964323189927,48,350
POLYIC_20190510_mouse38__E2_P1,adapted,9,middle 60%,True,0.961561633931799,61,258
POLYIC_20190510_mouse38__E2_P1,adapted,10,middle 60%,True,0.9545302946081157,119,290
POLYIC_20190510_mouse38__E2_P1,adapted,11,middle 60%,True,0.955264253017062,191,239
POLYIC_20190510_mouse38__E2_P1,adapted,12,middle 60%,True,0.9571088165210484,150,282
POLYIC_20190510_mouse38__E2_P1,adapted,13,middle 60%,True,0.9434250764525994,187,405
POLYIC_20190510_mouse38__E2_P1,adapted,14,middle 60%,True,0.9509369997174876,226,295
POLYIC_20190510_mouse38__E2_P1,adapted,15,middle 60%,True,0.9546090036350079,191,296
POLYIC_20190510_mouse38__E2_P1,adapted,16,middle 60%,True,0.9607625393300019,153,271
POLYIC_20190510_mouse38__E2_P1,adapted,17,middle 60%,True,0.9642451759364359,102,276
POLYIC_20190510_mouse38__E2_P1,adapted,18,middle 60%,True,0.968141764307156,56,273
POLYIC_20190510_mouse38__E2_P1,adapted,19,middle 60%,True,0.9719305331179321,45,233
POLYIC_20190510_mouse38__E2_P1,adapted,20,middle 60%,True,0.9674615792262851,103,204
POLYIC_20190510_mouse38__E2_P1,adapted,21,middle 60%,True,0.9631289924913146,128,201
POLYIC_20190510_mouse38__E2_P1,adapted,22,middle 60%,True,0.9622208811104406,80,233
POLYIC_20190510_mouse38__E2_P1,adapted,23,middle 60%,True,0.9607010090281466,99,197
POLYIC_20190510_mouse38__E2_P1,adapted,24,middle 60%,True,0.9583639841106371,34,249
POLYIC_20190510_mouse38__E2_P1,adapted,25,middle 60%,True,0.9379618491149682,20,341
POLYIC_20190510_mouse38__E2_P1,adapted,26,middle 60%,True,0.910245183887916,49,361
POLYIC_20190510_mouse38__E2_P1,adapted,27,middle 60%,True,0.9000613120784795,55,271
POLYIC_20190510_mouse38__E2_P1,adapted,28,last 20%,True,0.8740017746228926,13,271
POLYIC_20190510_mouse38__E2_P1,adapted,29,last 20%,True,0.9202207727044657,3,156
POLYIC_20190510_mouse38__E2_P1,adapted,30,last 20%,True,0.8698807672369103,0,251
POLYIC_20190510_mouse38__E2_P1,adapted,31,last 20%,True,0.7701005025125628,0,366
POLYIC_20190510_mouse38__E2_P1,adapted,32,last 20%,True,0.6960132890365448,0,366
POLYIC_20190510_mouse38__E2_P1,adapted,33,last 20%,True,0.7807881773399015,14,164
POLYIC_20190510_mouse38__E2_P1,adapted,34,last 20%,True,0.549266247379455,0,215
POLYIC_20190510_mouse39__E4_P1,adapted,0,first 20%,True,0.7878787878787878,137,108
POLYIC_20190510_mouse39__E4_P1,adapted,1,first 20%,True,0.9198432490203063,94,131
POLYIC_20190510_mouse39__E4_P1,adapted,2,first 20%,True,0.9297706313549302,65,232
POLYIC_20190510_mouse39__E4_P1,adapted,3,first 20%,True,0.9419378698224852,91,223
POLYIC_20190510_mouse39__E4_P1,adapted,4,first 20%,True,0.9428059312367606,87,264
POLYIC_20190510_mouse39__E4_P1,adapted,5,first 20%,True,0.9345482156416097,81,350
POLYIC_20190510_mouse39__E4_P1,adapted,6,first 20%,True,0.907560706401766,36,634
POLYIC_20190510_mouse39__E4_P1,adapted,7,middle 60%,True,0.9165760869565217,88,526
POLYIC_20190510_mouse39__E4_P1,adapted,8,middle 60%,True,0.9377853136820138,135,342
POLYIC_20190510_mouse39__E4_P1,adapted,9,middle 60%,True,0.9528959384763278,155,237
POLYIC_20190510_mouse39__E4_P1,adapted,10,middle 60%,True,0.9538392757348833,179,234
POLYIC_20190510_mouse39__E4_P1,adapted,11,middle 60%,True,0.9517881633083659,123,334
POLYIC_20190510_mouse39__E4_P1,adapted,12,middle 60%,True,0.9503900780156032,155,341
POLYIC_20190510_mouse39__E4_P1,adapted,13,middle 60%,True,0.9499854326502865,135,380
POLYIC_20190510_mouse39__E4_P1,adapted,14,middle 60%,True,0.9509196607261984,131,384
POLYIC_20190510_mouse39__E4_P1,adapted,15,middle 60%,True,0.9543061301241068,153,333
POLYIC_20190510_mouse39__E4_P1,adapted,16,middle 60%,True,0.9567079415324458,132,333
POLYIC_20190510_mouse39__E4_P1,adapted,17,middle 60%,True,0.9644098037374401,106,273
POLYIC_20190510_mouse39__E4_P1,adapted,18,middle 60%,True,0.964170001905851,88,288
POLYIC_20190510_mouse39__E4_P1,adapted,19,middle 60%,True,0.9664337041047347,72,269
POLYIC_20190510_mouse39__E4_P1,adapted,20,middle 60%,True,0.9683426443202979,97,209
POLYIC_20190510_mouse39__E4_P1,adapted,21,middle 60%,True,0.960411198600175,138,224
POLYIC_20190510_mouse39__E4_P1,adapted,22,middle 60%,True,0.9626157271768429,97,222
POLYIC_20190510_mouse39__E4_P1,adapted,23,middle 60%,True,0.9560815086697886,132,215
POLYIC_20190510_mouse39__E4_P1,adapted,24,middle 60%,True,0.9645291417443316,60,195
POLYIC_20190510_mouse39__E4_P1,adapted,25,middle 60%,True,0.9605242128815726,31,216
POLYIC_20190510_mouse39__E4_P1,adapted,26,middle 60%,True,0.9292295628308175,52,309
POLYIC_20190510_mouse39__E4_P1,adapted,27,middle 60%,True,0.9227214377406932,42,259
POLYIC_20190510_mouse39__E4_P1,adapted,28,last 20%,True,0.8740902474526928,29,317
POLYIC_20190510_mouse39__E4_P1,adapted,29,last 20%,True,0.911530815109344,11,167
POLYIC_20190510_mouse39__E4_P1,adapted,30,last 20%,True,0.8948891031822566,6,212
POLYIC_20190510_mouse39__E4_P1,adapted,31,last 20%,True,0.8837675350701403,0,232
POLYIC_20190510_mouse39__E4_P1,adapted,32,last 20%,True,0.7620841180163214,0,379
POLYIC_20190510_mouse39__E4_P1,adapted,33,last 20%,True,0.8009331259720062,0,256
POLYIC_20190510_mouse39__E4_P1,adapted,34,last 20%,True,0.7386363636363636,23,161
POLYIC_20190510_mouse42__E2_P1,adapted,0,first 20%,True,0.829683698296837,164,116
POLYIC_20190510_mouse42__E2_P1,adapted,1,first 20%,True,0.9103405185879413,36,251
POLYIC_20190510_mouse42__E2_P1,adapted,2,first 20%,True,0.9277463193657984,39,280
POLYIC_20190510_mouse42__E2_P1,adapted,3,first 20%,True,0.9266464394074603,142,269
POLYIC_20190510_mouse42__E2_P1,adapted,4,first 20%,True,0.9423706614276359,67,285
POLYIC_20190510_mouse42__E2_P1,adapted,5,first 20%,True,0.9496690780360166,20,307
POLYIC_20190510_mouse42__E2_P1,adapted,6,first 20%,True,0.9198167239404352,25,535
POLYIC_20190510_mouse42__E2_P1,adapted,7,middle 60%,True,0.9284110050533408,51,459
POLYIC_20190510_mouse42__E2_P1,adapted,8,middle 60%,True,0.9497118910424306,56,328
POLYIC_20190510_mouse42__E2_P1,adapted,9,middle 60%,True,0.9681665868836764,80,186
POLYIC_20190510_mouse42__E2_P1,adapted,10,middle 60%,True,0.9555895865237366,151,255
POLYIC_20190510_mouse42__E2_P1,adapted,11,middle 60%,True,0.9578709412248253,116,294
POLYIC_20190510_mouse42__E2_P1,adapted,12,middle 60%,True,0.9676785538854504,97,232
POLYIC_20190510_mouse42__E2_P1,adapted,13,middle 60%,True,0.9635119726339795,77,307
POLYIC_20190510_mouse42__E2_P1,adapted,14,middle 60%,True,0.9601514434453384,100,321
POLYIC_20190510_mouse42__E2_P1,adapted,15,middle 60%,True,0.9627491152914882,115,285
POLYIC_20190510_mouse42__E2_P1,adapted,16,middle 60%,True,0.9620535714285714,150,258
POLYIC_20190510_mouse42__E2_P1,adapted,17,middle 60%,True,0.9629070316186881,157,236
POLYIC_20190510_mouse42__E2_P1,adapted,18,middle 60%,True,0.9630491707884783,126,255
POLYIC_20190510_mouse42__E2_P1,adapted,19,middle 60%,True,0.9625486867072806,106,269
POLYIC_20190510_mouse42__E2_P1,adapted,20,middle 60%,True,0.9613154843470012,155,212
POLYIC_20190510_mouse42__E2_P1,adapted,21,middle 60%,True,0.9552472588946073,205,195
POLYIC_20190510_mouse42__E2_P1,adapted,22,middle 60%,True,0.9472182596291013,214,230
POLYIC_20190510_mouse42__E2_P1,adapted,23,middle 60%,True,0.9429538942432926,225,213
POLYIC_20190510_mouse42__E2_P1,adapted,24,middle 60%,True,0.9383720930232559,189,235
POLYIC_20190510_mouse42__E2_P1,adapted,25,middle 60%,True,0.9128992843428172,159,340
POLYIC_20190510_mouse42__E2_P1,adapted,26,middle 60%,True,0.8681514476614699,255,337
POLYIC_20190510_mouse42__E2_P1,adapted,27,middle 60%,True,0.8095801301005322,278,366
POLYIC_20190510_mouse42__E2_P1,adapted,28,last 20%,True,0.7908358082308019,230,263
POLYIC_20190510_mouse42__E2_P1,adapted,29,last 20%,True,0.8388941849380362,169,169
POLYIC_20190510_mouse42__E2_P1,adapted,30,last 20%,True,0.8546481766820749,65,218
POLYIC_20190510_mouse42__E2_P1,adapted,31,last 20%,True,0.8154981549815498,39,261
POLYIC_20190510_mouse42__E2_P1,adapted,32,last 20%,True,0.7836879432624113,0,244
POLYIC_20190510_mouse42__E2_P1,adapted,33,last 20%,True,0.7541478129713424,37,126
POLYIC_20190510_mouse42__E2_P1,adapted,34,last 20%,True,0.5477707006369427,37,105
POLYIC_20190510_mouse43__E2_P1_1,adapted,0,first 20%,True,0.9603352499756359,81,326
POLYIC_20190510_mouse43__E2_P1_1,adapted,1,first 20%,True,0.9475617595738819,139,432
POLYIC_20190510_mouse43__E2_P1_1,adapted,2,first 20%,True,0.9496616297395013,51,492
POLYIC_20190510_mouse43__E2_P1_1,adapted,3,first 20%,True,0.951794322442421,184,356
POLYIC_20190510_mouse43__E2_P1_1,adapted,4,first 20%,True,0.9561395476604706,127,352
POLYIC_20190510_mouse43__E2_P1_1,adapted,5,middle 60%,True,0.9611079491557579,111,299
POLYIC_20190510_mouse43__E2_P1_1,adapted,6,middle 60%,True,0.9658201260263509,185,173
POLYIC_20190510_mouse43__E2_P1_1,adapted,7,middle 60%,True,0.9626422313966368,191,180
POLYIC_20190510_mouse43__E2_P1_1,adapted,8,middle 60%,True,0.9645644378823033,205,131
POLYIC_20190510_mouse43__E2_P1_1,adapted,9,middle 60%,True,0.9597605586963751,222,141
POLYIC_20190510_mouse43__E2_P1_1,adapted,10,middle 60%,True,0.9600783737447955,157,169
POLYIC_20190510_mouse43__E2_P1_1,adapted,11,middle 60%,True,0.9501420821493154,201,185
POLYIC_20190510_mouse43__E2_P1_1,adapted,12,middle 60%,True,0.947013063261412,160,201
POLYIC_20190510_mouse43__E2_P1_1,adapted,13,middle 60%,True,0.9503570806479708,67,218
POLYIC_20190510_mouse43__E2_P1_1,adapted,14,middle 60%,True,0.9430479183032208,136,154
POLYIC_20190510_mouse43__E2_P1_1,adapted,15,middle 60%,True,0.9300270071200589,111,174
POLYIC_20190510_mouse43__E2_P1_1,adapted,16,middle 60%,True,0.9070208728652751,13,281
POLYIC_20190510_mouse43__E2_P1_1,adapted,17,middle 60%,True,0.9046040515653775,31,228
POLYIC_20190510_mouse43__E2_P1_1,adapted,18,middle 60%,True,0.8193456614509246,0,381
POLYIC_20190510_mouse43__E2_P1_1,adapted,19,middle 60%,True,0.7070063694267515,0,460
POLYIC_20190510_mouse43__E2_P1_1,adapted,20,last 20%,True,0.6488388458831809,6,493
POLYIC_20190510_mouse43__E2_P1_1,adapted,21,last 20%,True,0.3864734299516908,0,508
POLYIC_20190510_mouse43__E2_P1_1,adapted,22,last 20%,True,0.0,0,467
POLYIC_20190510_mouse43__E2_P1_1,adapted,23,last 20%,True,0.0,0,225
POLYIC_20190510_mouse43__E2_P1_1,adapted,24,outside,False,1.0,0,0
POLYIC_20190510_mouse43__E2_P1_1,adapted,25,outside,False,1.0,0,0
POLYIC_20190510_mouse43__E2_P1_1,adapted,26,outside,False,1.0,0,0
POLYIC_20190510_mouse43__E2_P1_1,adapted,27,outside,False,1.0,0,0
POLYIC_20190510_mouse43__E2_P1_1,adapted,28,outside,False,1.0,0,0
POLYIC_20190510_mouse43__E2_P1_1,adapted,29,outside,False,1.0,0,0
POLYIC_20190510_mouse43__E2_P1_1,adapted,30,outside,False,1.0,0,0
POLYIC_20190510_mouse43__E2_P1_1,adapted,31,outside,False,1.0,0,0
POLYIC_20190510_mouse43__E2_P1_1,adapted,32,outside,False,1.0,0,0
POLYIC_20190510_mouse43__E2_P1_1,adapted,33,outside,False,1.0,0,0
POLYIC_20190510_mouse43__E2_P1_1,adapted,34,outside,False,1.0,0,0
POLYIC_20190510_mouse43__E9_P1,adapted,0,first 20%,True,0.7957597173144876,411,167
POLYIC_20190510_mouse43__E9_P1,adapted,1,first 20%,True,0.8413693346190936,494,164
POLYIC_20190510_mouse43__E9_P1,adapted,2,first 20%,True,0.9109547738693468,37,406
POLYIC_20190510_mouse43__E9_P1,adapted,3,first 20%,True,0.9378940731399747,221,173
POLYIC_20190510_mouse43__E9_P1,adapted,4,first 20%,True,0.9456793758280583,129,240
POLYIC_20190510_mouse43__E9_P1,adapted,5,first 20%,True,0.9194986072423398,122,456
POLYIC_20190510_mouse43__E9_P1,adapted,6,first 20%,True,0.9138068635275339,93,555
POLYIC_20190510_mouse43__E9_P1,adapted,7,middle 60%,True,0.9331612903225807,103,415
POLYIC_20190510_mouse43__E9_P1,adapted,8,middle 60%,True,0.9538162372386971,101,279
POLYIC_20190510_mouse43__E9_P1,adapted,9,middle 60%,True,0.9591170176821714,81,282
POLYIC_20190510_mouse43__E9_P1,adapted,10,middle 60%,True,0.9579128194116384,127,265
POLYIC_20190510_mouse43__E9_P1,adapted,11,middle 60%,True,0.9562670437329562,125,308
POLYIC_20190510_mouse43__E9_P1,adapted,12,middle 60%,True,0.9393327564657244,101,530
POLYIC_20190510_mouse43__E9_P1,adapted,13,middle 60%,True,0.9389955547148396,69,576
POLYIC_20190510_mouse43__E9_P1,adapted,14,middle 60%,True,0.9417621641931242,61,559
POLYIC_20190510_mouse43__E9_P1,adapted,15,middle 60%,True,0.9367637357459241,47,624
POLYIC_20190510_mouse43__E9_P1,adapted,16,middle 60%,True,0.9451557424039748,53,521
POLYIC_20190510_mouse43__E9_P1,adapted,17,middle 60%,True,0.9444935651832204,71,494
POLYIC_20190510_mouse43__E9_P1,adapted,18,middle 60%,True,0.9519884607459304,69,397
POLYIC_20190510_mouse43__E9_P1,adapted,19,middle 60%,True,0.9491343155177976,75,398
POLYIC_20190510_mouse43__E9_P1,adapted,20,middle 60%,True,0.9486282036807046,84,371
POLYIC_20190510_mouse43__E9_P1,adapted,21,middle 60%,True,0.9472282740256597,66,370
POLYIC_20190510_mouse43__E9_P1,adapted,22,middle 60%,True,0.9468956406869221,57,345
POLYIC_20190510_mouse43__E9_P1,adapted,23,middle 60%,True,0.9502859656841179,25,314
POLYIC_20190510_mouse43__E9_P1,adapted,24,middle 60%,True,0.943067649028801,9,331
POLYIC_20190510_mouse43__E9_P1,adapted,25,middle 60%,True,0.9284843559528647,2,350
POLYIC_20190510_mouse43__E9_P1,adapted,26,middle 60%,True,0.8989773010725867,1,404
POLYIC_20190510_mouse43__E9_P1,adapted,27,middle 60%,True,0.8756688700031476,2,393
POLYIC_20190510_mouse43__E9_P1,adapted,28,last 20%,True,0.8249899879855827,0,437
POLYIC_20190510_mouse43__E9_P1,adapted,29,last 20%,True,0.6910704381586246,0,557
POLYIC_20190510_mouse43__E9_P1,adapted,30,last 20%,True,0.6143154968728284,0,555
POLYIC_20190510_mouse43__E9_P1,adapted,31,last 20%,True,0.3929824561403509,0,692
POLYIC_20190510_mouse43__E9_P1,adapted,32,last 20%,True,0.32917705735660846,0,538
POLYIC_20190510_mouse43__E9_P1,adapted,33,last 20%,True,0.0,0,457
POLYIC_20190510_mouse43__E9_P1,adapted,34,outside,False,1.0,0,0
POLYIC_20190517_mouse33__E2_P1,adapted,0,first 20%,True,0.893048128342246,60,60
POLYIC_20190517_mouse33__E2_P1,adapted,1,first 20%,True,0.7158074137196421,633,34
POLYIC_20190517_mouse33__E2_P1,adapted,2,first 20%,True,0.9237184204071621,145,166
POLYIC_20190517_mouse33__E2_P1,adapted,3,first 20%,True,0.9291078952189046,147,240
POLYIC_20190517_mouse33__E2_P1,adapted,4,first 20%,True,0.9317880794701987,165,247
POLYIC_20190517_mouse33__E2_P1,adapted,5,first 20%,True,0.9433148490449784,145,223
POLYIC_20190517_mouse33__E2_P1,adapted,6,first 20%,True,0.9372672586651389,21,417
POLYIC_20190517_mouse33__E2_P1,adapted,7,middle 60%,True,0.9377640101379893,53,389
POLYIC_20190517_mouse33__E2_P1,adapted,8,middle 60%,True,0.9368551382583574,99,360
POLYIC_20190517_mouse33__E2_P1,adapted,9,middle 60%,True,0.9615384615384616,90,200
POLYIC_20190517_mouse33__E2_P1,adapted,10,middle 60%,True,0.9517309839930512,50,339
POLYIC_20190517_mouse33__E2_P1,adapted,11,middle 60%,True,0.9459971577451445,106,350
POLYIC_20190517_mouse33__E2_P1,adapted,12,middle 60%,True,0.9480311355311355,99,355
POLYIC_20190517_mouse33__E2_P1,adapted,13,middle 60%,True,0.9381078691423519,116,444
POLYIC_20190517_mouse33__E2_P1,adapted,14,middle 60%,True,0.9336072664359861,98,516
POLYIC_20190517_mouse33__E2_P1,adapted,15,middle 60%,True,0.9332079021636877,122,517
POLYIC_20190517_mouse33__E2_P1,adapted,16,middle 60%,True,0.9371229935589408,124,491
POLYIC_20190517_mouse33__E2_P1,adapted,17,middle 60%,True,0.941358024691358,119,451
POLYIC_20190517_mouse33__E2_P1,adapted,18,middle 60%,True,0.9489753241321622,79,409
POLYIC_20190517_mouse33__E2_P1,adapted,19,middle 60%,True,0.9543942483099045,81,344
POLYIC_20190517_mouse33__E2_P1,adapted,20,middle 60%,True,0.9549089293647268,144,262
POLYIC_20190517_mouse33__E2_P1,adapted,21,middle 60%,True,0.9534747451072307,162,235
POLYIC_20190517_mouse33__E2_P1,adapted,22,middle 60%,True,0.9551378446115288,137,221
POLYIC_20190517_mouse33__E2_P1,adapted,23,middle 60%,True,0.9576362655153805,106,208
POLYIC_20190517_mouse33__E2_P1,adapted,24,middle 60%,True,0.9592103353171723,106,175
POLYIC_20190517_mouse33__E2_P1,adapted,25,middle 60%,True,0.9513496040084047,68,233
POLYIC_20190517_mouse33__E2_P1,adapted,26,middle 60%,True,0.9405012435431414,32,279
POLYIC_20190517_mouse33__E2_P1,adapted,27,middle 60%,True,0.921645445641528,48,272
POLYIC_20190517_mouse33__E2_P1,adapted,28,last 20%,True,0.9025952140208965,64,225
POLYIC_20190517_mouse33__E2_P1,adapted,29,last 20%,True,0.9062200956937799,62,134
POLYIC_20190517_mouse33__E2_P1,adapted,30,last 20%,True,0.8992481203007519,32,169
POLYIC_20190517_mouse33__E2_P1,adapted,31,last 20%,True,0.8835164835164835,22,190
POLYIC_20190517_mouse33__E2_P1,adapted,32,last 20%,True,0.7656033287101248,9,329
POLYIC_20190517_mouse33__E2_P1,adapted,33,last 20%,True,0.7375352775164629,36,243
POLYIC_20190517_mouse33__E2_P1,adapted,34,last 20%,True,0.7063655030800822,5,138
POLYIC_20190517_mouse35__E2_P1,adapted,0,first 20%,True,0.7773406766325728,232,51
POLYIC_20190517_mouse35__E2_P1,adapted,1,first 20%,True,0.9014492753623189,269,71
POLYIC_20190517_mouse35__E2_P1,adapted,2,first 20%,True,0.9271952950719935,47,312
POLYIC_20190517_mouse35__E2_P1,adapted,3,first 20%,True,0.9525711432850724,99,186
POLYIC_20190517_mouse35__E2_P1,adapted,4,first 20%,True,0.9527486102532428,103,203
POLYIC_20190517_mouse35__E2_P1,adapted,5,first 20%,True,0.955321359655633,127,174
POLYIC_20190517_mouse35__E2_P1,adapted,6,first 20%,True,0.946528555431131,34,348
POLYIC_20190517_mouse35__E2_P1,adapted,7,middle 60%,True,0.9390483680692095,66,399
POLYIC_20190517_mouse35__E2_P1,adapted,8,middle 60%,True,0.956628881222277,96,256
POLYIC_20190517_mouse35__E2_P1,adapted,9,middle 60%,True,0.9635984233712034,119,195
POLYIC_20190517_mouse35__E2_P1,adapted,10,middle 60%,True,0.9608035811769844,142,217
POLYIC_20190517_mouse35__E2_P1,adapted,11,middle 60%,True,0.9586670938801666,116,271
POLYIC_20190517_mouse35__E2_P1,adapted,12,middle 60%,True,0.9555647840531561,174,254
POLYIC_20190517_mouse35__E2_P1,adapted,13,middle 60%,True,0.9472505091649694,172,346
POLYIC_20190517_mouse35__E2_P1,adapted,14,middle 60%,True,0.9573298690916359,56,371
POLYIC_20190517_mouse35__E2_P1,adapted,15,middle 60%,True,0.9522785057696069,153,335
POLYIC_20190517_mouse35__E2_P1,adapted,16,middle 60%,True,0.9616576297443842,133,263
POLYIC_20190517_mouse35__E2_P1,adapted,17,middle 60%,True,0.9610055423594616,120,274
POLYIC_20190517_mouse35__E2_P1,adapted,18,middle 60%,True,0.9618523051815585,98,276
POLYIC_20190517_mouse35__E2_P1,adapted,19,middle 60%,True,0.9637185823956252,86,259
POLYIC_20190517_mouse35__E2_P1,adapted,20,middle 60%,True,0.969195097714475,74,205
POLYIC_20190517_mouse35__E2_P1,adapted,21,middle 60%,True,0.9552133537087105,55,326
POLYIC_20190517_mouse35__E2_P1,adapted,22,middle 60%,True,0.9610554357478117,55,252
POLYIC_20190517_mouse35__E2_P1,adapted,23,middle 60%,True,0.9562176528185761,78,235
POLYIC_20190517_mouse35__E2_P1,adapted,24,middle 60%,True,0.949906073888541,54,266
POLYIC_20190517_mouse35__E2_P1,adapted,25,middle 60%,True,0.9331134322888034,33,332
POLYIC_20190517_mouse35__E2_P1,adapted,26,middle 60%,True,0.8900279589934762,36,436
POLYIC_20190517_mouse35__E2_P1,adapted,27,middle 60%,True,0.8733172247152227,74,293
POLYIC_20190517_mouse35__E2_P1,adapted,28,last 20%,True,0.9290322580645162,24,119
POLYIC_20190517_mouse35__E2_P1,adapted,29,last 20%,True,0.9292828685258964,14,128
POLYIC_20190517_mouse35__E2_P1,adapted,30,last 20%,True,0.9086134453781513,13,161
POLYIC_20190517_mouse35__E2_P1,adapted,31,last 20%,True,0.8548601864181092,0,218
POLYIC_20190517_mouse35__E2_P1,adapted,32,last 20%,True,0.720682302771855,1,261
POLYIC_20190517_mouse35__E2_P1,adapted,33,last 20%,True,0.6865671641791045,20,148
POLYIC_20190517_mouse35__E2_P1,adapted,34,last 20%,True,0.304,0,87
POLYIC_20190517_mouse36__E2_P1,adapted,0,first 20%,True,0.8338338338338338,249,83
POLYIC_20190517_mouse36__E2_P1,adapted,1,first 20%,True,0.9271794871794872,47,237
POLYIC_20190517_mouse36__E2_P1,adapted,2,first 20%,True,0.9193737769080235,26,386
POLYIC_20190517_mouse36__E2_P1,adapted,3,first 20%,True,0.9370395177494977,119,257
POLYIC_20190517_mouse36__E2_P1,adapted,4,first 20%,True,0.9403409090909091,79,299
POLYIC_20190517_mouse36__E2_P1,adapted,5,first 20%,True,0.9400091589070371,36,357
POLYIC_20190517_mouse36__E2_P1,adapted,6,first 20%,True,0.9195402298850575,21,546
POLYIC_20190517_mouse36__E2_P1,adapted,7,middle 60%,True,0.9275526055641858,40,473
POLYIC_20190517_mouse36__E2_P1,adapted,8,middle 60%,True,0.9597359735973597,57,248
POLYIC_20190517_mouse36__E2_P1,adapted,9,middle 60%,True,0.9617918313570487,129,190
POLYIC_20190517_mouse36__E2_P1,adapted,10,middle 60%,True,0.9613108784706418,100,240
POLYIC_20190517_mouse36__E2_P1,adapted,11,middle 60%,True,0.9562035941030883,136,271
POLYIC_20190517_mouse36__E2_P1,adapted,12,middle 60%,True,0.9584487534626038,137,268
POLYIC_20190517_mouse36__E2_P1,adapted,13,middle 60%,True,0.9463635468949907,162,383
POLYIC_20190517_mouse36__E2_P1,adapted,14,middle 60%,True,0.9453709028177113,183,387
POLYIC_20190517_mouse36__E2_P1,adapted,15,middle 60%,True,0.9517709118311982,167,345
POLYIC_20190517_mouse36__E2_P1,adapted,16,middle 60%,True,0.9614120739836635,149,262
POLYIC_20190517_mouse36__E2_P1,adapted,17,middle 60%,True,0.9581032184345839,171,269
POLYIC_20190517_mouse36__E2_P1,adapted,18,middle 60%,True,0.9591121495327103,124,296
POLYIC_20190517_mouse36__E2_P1,adapted,19,middle 60%,True,0.9648291847223622,102,247
POLYIC_20190517_mouse36__E2_P1,adapted,20,middle 60%,True,0.9621021775544388,141,221
POLYIC_20190517_mouse36__E2_P1,adapted,21,middle 60%,True,0.9612924941097274,123,222
POLYIC_20190517_mouse36__E2_P1,adapted,22,middle 60%,True,0.9555933025964571,61,305
POLYIC_20190517_mouse36__E2_P1,adapted,23,middle 60%,True,0.9561699258260283,115,210
POLYIC_20190517_mouse36__E2_P1,adapted,24,middle 60%,True,0.9541892706449668,44,260
POLYIC_20190517_mouse36__E2_P1,adapted,25,middle 60%,True,0.9374455480048789,9,350
POLYIC_20190517_mouse36__E2_P1,adapted,26,middle 60%,True,0.9128113879003559,65,327
POLYIC_20190517_mouse36__E2_P1,adapted,27,middle 60%,True,0.8877551020408163,50,302
POLYIC_20190517_mouse36__E2_P1,adapted,28,last 20%,True,0.8809411764705882,9,244
POLYIC_20190517_mouse36__E2_P1,adapted,29,last 20%,True,0.9246540235776525,7,140
POLYIC_20190517_mouse36__E2_P1,adapted,30,last 20%,True,0.9021794221996959,6,187
POLYIC_20190517_mouse36__E2_P1,adapted,31,last 20%,True,0.8239478363959691,0,297
POLYIC_20190517_mouse36__E2_P1,adapted,32,last 20%,True,0.7662053896576839,0,321
POLYIC_20190517_mouse36__E2_P1,adapted,33,last 20%,True,0.7642928786359077,0,235
POLYIC_20190517_mouse36__E2_P1,adapted,34,last 20%,True,0.626984126984127,0,188
POLYIC_20190517_mouse37__E3_P1,adapted,0,first 20%,True,0.7689497716894977,378,128
POLYIC_20190517_mouse37__E3_P1,adapted,1,first 20%,True,0.7418422139611731,1226,24
POLYIC_20190517_mouse37__E3_P1,adapted,2,first 20%,True,0.92230252968508,490,112
POLYIC_20190517_mouse37__E3_P1,adapted,3,first 20%,True,0.9460506706408346,266,277
POLYIC_20190517_mouse37__E3_P1,adapted,4,first 20%,True,0.9491111885674451,295,289
POLYIC_20190517_mouse37__E3_P1,adapted,5,first 20%,True,0.9425380382000648,267,443
POLYIC_20190517_mouse37__E3_P1,adapted,6,first 20%,True,0.944110060189166,308,407
POLYIC_20190517_mouse37__E3_P1,adapted,7,first 20%,True,0.9564052029956641,260,293
POLYIC_20190517_mouse37__E3_P1,adapted,8,first 20%,True,0.9378348623853211,113,734
POLYIC_20190517_mouse37__E3_P1,adapted,9,middle 60%,True,0.9330942990319111,166,767
POLYIC_20190517_mouse37__E3_P1,adapted,10,middle 60%,True,0.9395695364238411,77,799
POLYIC_20190517_mouse37__E3_P1,adapted,11,middle 60%,True,0.9519922254616132,64,677
POLYIC_20190517_mouse37__E3_P1,adapted,12,middle 60%,True,0.9580823601720959,46,636
POLYIC_20190517_mouse37__E3_P1,adapted,13,middle 60%,True,0.9539900613855598,58,729
POLYIC_20190517_mouse37__E3_P1,adapted,14,middle 60%,True,0.9596994535519126,117,591
POLYIC_20190517_mouse37__E3_P1,adapted,15,middle 60%,True,0.9469045805679469,31,945
POLYIC_20190517_mouse37__E3_P1,adapted,16,middle 60%,True,0.9452730979718854,78,942
POLYIC_20190517_mouse37__E3_P1,adapted,17,middle 60%,True,0.9486529810228037,67,926
POLYIC_20190517_mouse37__E3_P1,adapted,18,middle 60%,True,0.9490839053780433,289,742
POLYIC_20190517_mouse37__E3_P1,adapted,19,middle 60%,True,0.963889166750025,199,523
POLYIC_20190517_mouse37__E3_P1,adapted,20,middle 60%,True,0.9702380952380952,134,476
POLYIC_20190517_mouse37__E3_P1,adapted,21,middle 60%,True,0.9683069627909228,137,518
POLYIC_20190517_mouse37__E3_P1,adapted,22,middle 60%,True,0.9673802735224472,263,412
POLYIC_20190517_mouse37__E3_P1,adapted,23,middle 60%,True,0.9653207584242067,292,414
POLYIC_20190517_mouse37__E3_P1,adapted,24,middle 60%,True,0.9668470241023118,144,530
POLYIC_20190517_mouse37__E3_P1,adapted,25,middle 60%,True,0.9673776029849241,198,449
POLYIC_20190517_mouse37__E3_P1,adapted,26,middle 60%,True,0.9679318357862122,188,433
POLYIC_20190517_mouse37__E3_P1,adapted,27,middle 60%,True,0.9643279252175782,228,436
POLYIC_20190517_mouse37__E3_P1,adapted,28,middle 60%,True,0.9605730786317193,196,514
POLYIC_20190517_mouse37__E3_P1,adapted,29,middle 60%,True,0.9637494134209291,171,447
POLYIC_20190517_mouse37__E3_P1,adapted,30,middle 60%,True,0.9685393258426966,121,383
POLYIC_20190517_mouse37__E3_P1,adapted,31,middle 60%,True,0.9666076231712918,106,403
POLYIC_20190517_mouse37__E3_P1,adapted,32,middle 60%,True,0.9645489645489645,119,386
POLYIC_20190517_mouse37__E3_P1,adapted,33,middle 60%,True,0.9582831325301204,119,435
POLYIC_20190517_mouse37__E3_P1,adapted,34,middle 60%,True,0.95312630089085,75,488
POLYIC_20190517_mouse37__E3_P1,adapted,35,last 20%,True,0.8958078958078958,11,1013
POLYIC_20190517_mouse37__E3_P1,adapted,36,last 20%,True,0.9303964757709251,58,495
POLYIC_20190517_mouse37__E3_P1,adapted,37,last 20%,True,0.9189272030651341,32,497
POLYIC_20190517_mouse37__E3_P1,adapted,38,last 20%,True,0.8791631084543126,116,450
POLYIC_20190517_mouse37__E3_P1,adapted,39,last 20%,True,0.929732868757259,10,232
POLYIC_20190517_mouse37__E3_P1,adapted,40,last 20%,True,0.9143164114961053,5,314
POLYIC_20190517_mouse37__E3_P1,adapted,41,last 20%,True,0.9613918017159199,79,83
POLYIC_20190517_mouse37__E3_P1,adapted,42,last 20%,True,0.9536560247167868,29,151
POLYIC_20190517_mouse38__E3_P1,adapted,0,first 20%,True,0.8450479233226837,157,37
POLYIC_20190517_mouse38__E3_P1,adapted,1,first 20%,True,0.8826151560178306,268,48
POLYIC_20190517_mouse38__E3_P1,adapted,2,first 20%,True,0.9041224970553593,72,335
POLYIC_20190517_mouse38__E3_P1,adapted,3,first 20%,True,0.9304511278195489,75,295
POLYIC_20190517_mouse38__E3_P1,adapted,4,first 20%,True,0.9348044132397192,46,344
POLYIC_20190517_mouse38__E3_P1,adapted,5,first 20%,True,0.93469068128426,2,415
POLYIC_20190517_mouse38__E3_P1,adapted,6,first 20%,True,0.9150794787340685,3,590
POLYIC_20190517_mouse38__E3_P1,adapted,7,middle 60%,True,0.9389987379049222,19,416
POLYIC_20190517_mouse38__E3_P1,adapted,8,middle 60%,True,0.9553883364686913,32,300
POLYIC_20190517_mouse38__E3_P1,adapted,9,middle 60%,True,0.9562605142994473,35,329
POLYIC_20190517_mouse38__E3_P1,adapted,10,middle 60%,True,0.9582109780889994,50,320
POLYIC_20190517_mouse38__E3_P1,adapted,11,middle 60%,True,0.956268221574344,85,320
POLYIC_20190517_mouse38__E3_P1,adapted,12,middle 60%,True,0.9521536066424494,74,387
POLYIC_20190517_mouse38__E3_P1,adapted,13,middle 60%,True,0.9496766370250607,28,470
POLYIC_20190517_mouse38__E3_P1,adapted,14,middle 60%,True,0.9552709359605911,73,381
POLYIC_20190517_mouse38__E3_P1,adapted,15,middle 60%,True,0.9614833221829303,49,354
POLYIC_20190517_mouse38__E3_P1,adapted,16,middle 60%,True,0.9628712871287128,93,297
POLYIC_20190517_mouse38__E3_P1,adapted,17,middle 60%,True,0.9668264621284756,58,288
POLYIC_20190517_mouse38__E3_P1,adapted,18,middle 60%,True,0.9613498136158525,19,375
POLYIC_20190517_mouse38__E3_P1,adapted,19,middle 60%,True,0.9658824727568999,12,323
POLYIC_20190517_mouse38__E3_P1,adapted,20,middle 60%,True,0.9640673602917516,71,264
POLYIC_20190517_mouse38__E3_P1,adapted,21,middle 60%,True,0.9565415763659176,61,320
POLYIC_20190517_mouse38__E3_P1,adapted,22,middle 60%,True,0.9596379647749511,37,293
POLYIC_20190517_mouse38__E3_P1,adapted,23,middle 60%,True,0.9621281614467304,43,246
POLYIC_20190517_mouse38__E3_P1,adapted,24,middle 60%,True,0.9539881725082937,32,287
POLYIC_20190517_mouse38__E3_P1,adapted,25,middle 60%,True,0.9493525651532536,14,295
POLYIC_20190517_mouse38__E3_P1,adapted,26,middle 60%,True,0.9240279162512463,35,346
POLYIC_20190517_mouse38__E3_P1,adapted,27,middle 60%,True,0.908179419525066,53,295
POLYIC_20190517_mouse38__E3_P1,adapted,28,last 20%,True,0.8812316715542522,28,296
POLYIC_20190517_mouse38__E3_P1,adapted,29,last 20%,True,0.9126984126984127,15,161
POLYIC_20190517_mouse38__E3_P1,adapted,30,last 20%,True,0.9183266932270916,13,151
POLYIC_20190517_mouse38__E3_P1,adapted,31,last 20%,True,0.8758512310110005,0,237
POLYIC_20190517_mouse38__E3_P1,adapted,32,last 20%,True,0.7594433399602386,0,363
POLYIC_20190517_mouse38__E3_P1,adapted,33,last 20%,True,0.7692307692307693,23,256
POLYIC_20190517_mouse38__E3_P1,adapted,34,last 20%,True,0.7468879668049793,34,149
POLYIC_20190517_mouse39__E12_P1,adapted,0,first 20%,True,0.6777732629012596,744,49
POLYIC_20190517_mouse39__E12_P1,adapted,1,first 20%,True,0.8920041536863966,607,17
POLYIC_20190517_mouse39__E12_P1,adapted,2,first 20%,True,0.9396298659859604,231,242
POLYIC_20190517_mouse39__E12_P1,adapted,3,first 20%,True,0.9468030162173329,203,312
POLYIC_20190517_mouse39__E12_P1,adapted,4,first 20%,True,0.9636557990379476,193,215
POLYIC_20190517_mouse39__E12_P1,adapted,5,first 20%,True,0.9530426048380346,258,303
POLYIC_20190517_mouse39__E12_P1,adapted,6,first 20%,True,0.9590242346938775,179,335
POLYIC_20190517_mouse39__E12_P1,adapted,7,first 20%,True,0.9337407766266677,111,778
POLYIC_20190517_mouse39__E12_P1,adapted,8,first 20%,True,0.9278320874065555,77,927
POLYIC_20190517_mouse39__E12_P1,adapted,9,middle 60%,True,0.9372008287490177,64,815
POLYIC_20190517_mouse39__E12_P1,adapted,10,middle 60%,True,0.9502665595559775,98,583
POLYIC_20190517_mouse39__E12_P1,adapted,11,middle 60%,True,0.9677239066648037,179,283
POLYIC_20190517_mouse39__E12_P1,adapted,12,middle 60%,True,0.9611959287531806,178,432
POLYIC_20190517_mouse39__E12_P1,adapted,13,middle 60%,True,0.9542357552004823,205,554
POLYIC_20190517_mouse39__E12_P1,adapted,14,middle 60%,True,0.9532954545454545,239,583
POLYIC_20190517_mouse39__E12_P1,adapted,15,middle 60%,True,0.9485044373835871,277,663
POLYIC_20190517_mouse39__E12_P1,adapted,16,middle 60%,True,0.9398675496688742,428,707
POLYIC_20190517_mouse39__E12_P1,adapted,17,middle 60%,True,0.9540711947626841,409,489
POLYIC_20190517_mouse39__E12_P1,adapted,18,middle 60%,True,0.9671454843680103,193,468
POLYIC_20190517_mouse39__E12_P1,adapted,19,middle 60%,True,0.9574540669623276,129,744
POLYIC_20190517_mouse39__E12_P1,adapted,20,middle 60%,True,0.9653773721570331,138,579
POLYIC_20190517_mouse39__E12_P1,adapted,21,middle 60%,True,0.9617348179121894,231,556
POLYIC_20190517_mouse39__E12_P1,adapted,22,middle 60%,True,0.9615626969124134,137,656
POLYIC_20190517_mouse39__E12_P1,adapted,23,middle 60%,True,0.9632793323514973,121,627
POLYIC_20190517_mouse39__E12_P1,adapted,24,middle 60%,True,0.9606472233320016,120,668
POLYIC_20190517_mouse39__E12_P1,adapted,25,middle 60%,True,0.9622612366781651,138,595
POLYIC_20190517_mouse39__E12_P1,adapted,26,middle 60%,True,0.9613477635016261,126,599
POLYIC_20190517_mouse39__E12_P1,adapted,27,middle 60%,True,0.9570436232286746,177,596
POLYIC_20190517_mouse39__E12_P1,adapted,28,middle 60%,True,0.9603667382347821,133,550
POLYIC_20190517_mouse39__E12_P1,adapted,29,middle 60%,True,0.9622432665108843,143,471
POLYIC_20190517_mouse39__E12_P1,adapted,30,middle 60%,True,0.9597701149425287,114,502
POLYIC_20190517_mouse39__E12_P1,adapted,31,middle 60%,True,0.9583068783068783,54,537
POLYIC_20190517_mouse39__E12_P1,adapted,32,middle 60%,True,0.954566037735849,58,544
POLYIC_20190517_mouse39__E12_P1,adapted,33,middle 60%,True,0.9505785123966942,60,538
POLYIC_20190517_mouse39__E12_P1,adapted,34,middle 60%,True,0.9448036735076375,85,504
POLYIC_20190517_mouse39__E12_P1,adapted,35,last 20%,True,0.9338378626304323,35,542
POLYIC_20190517_mouse39__E12_P1,adapted,36,last 20%,True,0.9332218039871741,41,438
POLYIC_20190517_mouse39__E12_P1,adapted,37,last 20%,True,0.9131187262028384,91,411
POLYIC_20190517_mouse39__E12_P1,adapted,38,last 20%,True,0.8608235564757304,59,546
POLYIC_20190517_mouse39__E12_P1,adapted,39,last 20%,True,0.923374827109267,51,226
POLYIC_20190517_mouse39__E12_P1,adapted,40,last 20%,True,0.9199380165289256,16,294
POLYIC_20190517_mouse39__E12_P1,adapted,41,last 20%,True,0.9331724969843185,92,185
POLYIC_20190517_mouse39__E12_P1,adapted,42,last 20%,True,0.8978479978207573,54,321
POLYIC_20190517_mouse42__E4_P1,adapted,0,first 20%,True,0.9316843345111896,58,58
POLYIC_20190517_mouse42__E4_P1,adapted,1,first 20%,True,0.955468471677948,64,61
POLYIC_20190517_mouse42__E4_P1,adapted,2,first 20%,True,0.898691226369365,49,369
POLYIC_20190517_mouse42__E4_P1,adapted,3,first 20%,True,0.9174212241941325,139,317
POLYIC_20190517_mouse42__E4_P1,adapted,4,first 20%,True,0.9241582216410592,92,372
POLYIC_20190517_mouse42__E4_P1,adapted,5,first 20%,True,0.933969524395875,16,413
POLYIC_20190517_mouse42__E4_P1,adapted,6,first 20%,True,0.9120677487649965,23,600
POLYIC_20190517_mouse42__E4_P1,adapted,7,middle 60%,True,0.921997523730912,29,538
POLYIC_20190517_mouse42__E4_P1,adapted,8,middle 60%,True,0.9246073298429319,43,533
POLYIC_20190517_mouse42__E4_P1,adapted,9,middle 60%,True,0.9564472718375336,30,326
POLYIC_20190517_mouse42__E4_P1,adapted,10,middle 60%,True,0.9550510783200908,19,377
POLYIC_20190517_mouse42__E4_P1,adapted,11,middle 60%,True,0.962508080155139,23,325
POLYIC_20190517_mouse42__E4_P1,adapted,12,middle 60%,True,0.9625270981728089,60,303
POLYIC_20190517_mouse42__E4_P1,adapted,13,middle 60%,True,0.9590091418460631,46,371
POLYIC_20190517_mouse42__E4_P1,adapted,14,middle 60%,True,0.9614311820717515,37,364
POLYIC_20190517_mouse42__E4_P1,adapted,15,middle 60%,True,0.9637898686679175,41,345
POLYIC_20190517_mouse42__E4_P1,adapted,16,middle 60%,True,0.9675324675324676,51,299
POLYIC_20190517_mouse42__E4_P1,adapted,17,middle 60%,True,0.9691572138370675,39,290
POLYIC_20190517_mouse42__E4_P1,adapted,18,middle 60%,True,0.9681565317475542,17,315
POLYIC_20190517_mouse42__E4_P1,adapted,19,middle 60%,True,0.968418987838368,15,307
POLYIC_20190517_mouse42__E4_P1,adapted,20,middle 60%,True,0.9695732080865836,28,270
POLYIC_20190517_mouse42__E4_P1,adapted,21,middle 60%,True,0.9657579062159215,83,231
POLYIC_20190517_mouse42__E4_P1,adapted,22,middle 60%,True,0.9589483394833949,65,291
POLYIC_20190517_mouse42__E4_P1,adapted,23,middle 60%,True,0.9581265113911162,92,237
POLYIC_20190517_mouse42__E4_P1,adapted,24,middle 60%,True,0.9514016058599802,74,271
POLYIC_20190517_mouse42__E4_P1,adapted,25,middle 60%,True,0.9329689760488667,90,327
POLYIC_20190517_mouse42__E4_P1,adapted,26,middle 60%,True,0.9163825947463405,35,382
POLYIC_20190517_mouse42__E4_P1,adapted,27,middle 60%,True,0.9053092501368364,79,267
POLYIC_20190517_mouse42__E4_P1,adapted,28,last 20%,True,0.845522096206492,55,340
POLYIC_20190517_mouse42__E4_P1,adapted,29,last 20%,True,0.9070866141732283,19,158
POLYIC_20190517_mouse42__E4_P1,adapted,30,last 20%,True,0.8913819479857216,12,201
POLYIC_20190517_mouse42__E4_P1,adapted,31,last 20%,True,0.8732083792723263,3,227
POLYIC_20190517_mouse42__E4_P1,adapted,32,last 20%,True,0.7256766642282371,0,375
POLYIC_20190517_mouse42__E4_P1,adapted,33,last 20%,True,0.7497403946002077,0,241
POLYIC_20190517_mouse42__E4_P1,adapted,34,last 20%,True,0.7261146496815286,3,126
POLYIC_20190517_mouse43__E3_P1,adapted,0,first 20%,True,0.7593984962406015,213,107
POLYIC_20190517_mouse43__E3_P1,adapted,1,first 20%,True,0.9095550692924872,148,100
POLYIC_20190517_mouse43__E3_P1,adapted,2,first 20%,True,0.919134931828867,5,339
POLYIC_20190517_mouse43__E3_P1,adapted,3,first 20%,True,0.935832732516222,43,313
POLYIC_20190517_mouse43__E3_P1,adapted,4,first 20%,True,0.929422835633626,60,390
POLYIC_20190517_mouse43__E3_P1,adapted,5,first 20%,True,0.9382963493199714,55,376
POLYIC_20190517_mouse43__E3_P1,adapted,6,first 20%,True,0.9287542087542088,3,526
POLYIC_20190517_mouse43__E3_P1,adapted,7,middle 60%,True,0.9149954716004658,10,647
POLYIC_20190517_mouse43__E3_P1,adapted,8,middle 60%,True,0.9353294882807707,13,514
POLYIC_20190517_mouse43__E3_P1,adapted,9,middle 60%,True,0.9635183527305282,56,270
POLYIC_20190517_mouse43__E3_P1,adapted,10,middle 60%,True,0.9503680336487907,202,270
POLYIC_20190517_mouse43__E3_P1,adapted,11,middle 60%,True,0.9626888066419926,141,232
POLYIC_20190517_mouse43__E3_P1,adapted,12,middle 60%,True,0.9590436997844405,161,257
POLYIC_20190517_mouse43__E3_P1,adapted,13,middle 60%,True,0.95807007466973,143,295
POLYIC_20190517_mouse43__E3_P1,adapted,14,middle 60%,True,0.9535730966837926,142,355
POLYIC_20190517_mouse43__E3_P1,adapted,15,middle 60%,True,0.9578279529763015,139,313
POLYIC_20190517_mouse43__E3_P1,adapted,16,middle 60%,True,0.9617131732641142,143,270
POLYIC_20190517_mouse43__E3_P1,adapted,17,middle 60%,True,0.9617435225890937,138,271
POLYIC_20190517_mouse43__E3_P1,adapted,18,middle 60%,True,0.9642617610424451,164,209
POLYIC_20190517_mouse43__E3_P1,adapted,19,middle 60%,True,0.9676904666932589,163,161
POLYIC_20190517_mouse43__E3_P1,adapted,20,middle 60%,True,0.9655317360235393,189,139
POLYIC_20190517_mouse43__E3_P1,adapted,21,middle 60%,True,0.968150038841416,178,109
POLYIC_20190517_mouse43__E3_P1,adapted,22,middle 60%,True,0.9680170575692963,153,117
POLYIC_20190517_mouse43__E3_P1,adapted,23,middle 60%,True,0.9695477517169885,107,128
POLYIC_20190517_mouse43__E3_P1,adapted,24,middle 60%,True,0.967714528462192,82,146
POLYIC_20190517_mouse43__E3_P1,adapted,25,middle 60%,True,0.9614540896270761,67,179
POLYIC_20190517_mouse43__E3_P1,adapted,26,middle 60%,True,0.9475956820412169,83,184
POLYIC_20190517_mouse43__E3_P1,adapted,27,middle 60%,True,0.9367901234567901,91,165
POLYIC_20190517_mouse43__E3_P1,adapted,28,last 20%,True,0.9188834154351396,55,192
POLYIC_20190517_mouse43__E3_P1,adapted,29,last 20%,True,0.886443661971831,12,246
POLYIC_20190517_mouse43__E3_P1,adapted,30,last 20%,True,0.9048302247728359,7,192
POLYIC_20190517_mouse43__E3_P1,adapted,31,last 20%,True,0.8881222276983736,0,227
POLYIC_20190517_mouse43__E3_P1,adapted,32,last 20%,True,0.7755367599219258,0,345
POLYIC_20190517_mouse43__E3_P1,adapted,33,last 20%,True,0.7636039250669046,2,263
POLYIC_20190517_mouse43__E3_P1,adapted,34,last 20%,True,0.5094664371772806,0,285
POLYIC_20190524_polyic___E3_P1,adapted,0,first 20%,True,0.9094117647058824,63,91
POLYIC_20190524_polyic___E3_P1,adapted,1,first 20%,True,0.9441955193482688,59,78
POLYIC_20190524_polyic___E3_P1,adapted,2,first 20%,True,0.8920086393088553,111,289
POLYIC_20190524_polyic___E3_P1,adapted,3,first 20%,True,0.9063922422323373,102,371
POLYIC_20190524_polyic___E3_P1,adapted,4,first 20%,True,0.9166958347917395,70,406
POLYIC_20190524_polyic___E3_P1,adapted,5,first 20%,True,0.9228795895462563,74,407
POLYIC_20190524_polyic___E3_P1,adapted,6,first 20%,True,0.8676532769556026,334,605
POLYIC_20190524_polyic___E3_P1,adapted,7,first 20%,True,0.8601264083539434,433,585
POLYIC_20190524_polyic___E3_P1,adapted,8,middle 60%,True,0.8853572398804672,546,298
POLYIC_20190524_polyic___E3_P1,adapted,9,middle 60%,True,0.8806776331942058,717,255
POLYIC_20190524_polyic___E3_P1,adapted,10,middle 60%,True,0.8825155494125777,734,286
POLYIC_20190524_polyic___E3_P1,adapted,11,middle 60%,True,0.8776868521549372,766,355
POLYIC_20190524_polyic___E3_P1,adapted,12,middle 60%,True,0.8879755506375804,674,389
POLYIC_20190524_polyic___E3_P1,adapted,13,middle 60%,True,0.9099378881987578,512,358
POLYIC_20190524_polyic___E3_P1,adapted,14,middle 60%,True,0.9236408063530849,385,365
POLYIC_20190524_polyic___E3_P1,adapted,15,middle 60%,True,0.9456934606303254,231,298
POLYIC_20190524_polyic___E3_P1,adapted,16,middle 60%,True,0.9429873417721519,131,432
POLYIC_20190524_polyic___E3_P1,adapted,17,middle 60%,True,0.934628617688727,200,446
POLYIC_20190524_polyic___E3_P1,adapted,18,middle 60%,True,0.92110532639167,379,409
POLYIC_20190524_polyic___E3_P1,adapted,19,middle 60%,True,0.91009738595592,516,361
POLYIC_20190524_polyic___E3_P1,adapted,20,middle 60%,True,0.8885131565042799,711,344
POLYIC_20190524_polyic___E3_P1,adapted,21,middle 60%,True,0.8714630401403817,860,312
POLYIC_20190524_polyic___E3_P1,adapted,22,middle 60%,True,0.8501262336470048,998,308
POLYIC_20190524_polyic___E3_P1,adapted,23,middle 60%,True,0.8290268051195363,1114,302
POLYIC_20190524_polyic___E3_P1,adapted,24,middle 60%,True,0.823342175066313,1028,304
POLYIC_20190524_polyic___E3_P1,adapted,25,middle 60%,True,0.8406718111665911,760,293
POLYIC_20190524_polyic___E3_P1,adapted,26,middle 60%,True,0.8544339096486335,442,341
POLYIC_20190524_polyic___E3_P1,adapted,27,middle 60%,True,0.8533992583436342,189,404
POLYIC_20190524_polyic___E3_P1,adapted,28,middle 60%,True,0.8439783921194789,189,302
POLYIC_20190524_polyic___E3_P1,adapted,29,middle 60%,True,0.7866666666666666,103,377
POLYIC_20190524_polyic___E3_P1,adapted,30,last 20%,True,0.8551803091013166,13,240
POLYIC_20190524_polyic___E3_P1,adapted,31,last 20%,True,0.7983917288914417,5,346
POLYIC_20190524_polyic___E3_P1,adapted,32,last 20%,True,0.5744832501781896,9,588
POLYIC_20190524_polyic___E3_P1,adapted,33,last 20%,True,0.5308537616229924,0,555
POLYIC_20190524_polyic___E3_P1,adapted,34,last 20%,True,0.25,0,570
POLYIC_20190524_polyic___E3_P1,adapted,35,last 20%,True,0.21315192743764172,6,341
POLYIC_20190524_polyic___E3_P1,adapted,36,last 20%,True,0.24193548387096775,30,158
POLYIC_20190524_polyic___E3_P1_1,adapted,0,first 20%,True,0.9197894084855992,96,163
POLYIC_20190524_polyic___E3_P1_1,adapted,1,first 20%,True,0.8290577799088947,9,704
POLYIC_20190524_polyic___E3_P1_1,adapted,2,first 20%,True,0.9222834785701582,68,369
POLYIC_20190524_polyic___E3_P1_1,adapted,3,first 20%,True,0.9285832096321953,36,397
POLYIC_20190524_polyic___E3_P1_1,adapted,4,first 20%,True,0.9516908212560387,24,296
POLYIC_20190524_polyic___E3_P1_1,adapted,5,first 20%,True,0.9195625086529143,14,567
POLYIC_20190524_polyic___E3_P1_1,adapted,6,first 20%,True,0.9250139899272524,20,516
POLYIC_20190524_polyic___E3_P1_1,adapted,7,middle 60%,True,0.9505723905723906,42,325
POLYIC_20190524_polyic___E3_P1_1,adapted,8,middle 60%,True,0.9583650672759584,31,297
POLYIC_20190524_polyic___E3_P1_1,adapted,9,middle 60%,True,0.9457291175082586,24,436
POLYIC_20190524_polyic___E3_P1_1,adapted,10,middle 60%,True,0.9589675711449371,43,329
POLYIC_20190524_polyic___E3_P1_1,adapted,11,middle 60%,True,0.9409282700421941,2,530
POLYIC_20190524_polyic___E3_P1_1,adapted,12,middle 60%,True,0.955754008524457,67,369
POLYIC_20190524_polyic___E3_P1_1,adapted,13,middle 60%,True,0.9544950055493896,36,415
POLYIC_20190524_polyic___E3_P1_1,adapted,14,middle 60%,True,0.9575365303520643,33,400
POLYIC_20190524_polyic___E3_P1_1,adapted,15,middle 60%,True,0.9663685847589425,50,296
POLYIC_20190524_polyic___E3_P1_1,adapted,16,middle 60%,True,0.9587137753076618,32,384
POLYIC_20190524_polyic___E3_P1_1,adapted,17,middle 60%,True,0.9672340844238906,41,292
POLYIC_20190524_polyic___E3_P1_1,adapted,18,middle 60%,True,0.9619741100323624,57,319
POLYIC_20190524_polyic___E3_P1_1,adapted,19,middle 60%,True,0.952523845247026,7,436
POLYIC_20190524_polyic___E3_P1_1,adapted,20,middle 60%,True,0.9668556476232011,83,221
POLYIC_20190524_polyic___E3_P1_1,adapted,21,middle 60%,True,0.9635781231462807,63,244
POLYIC_20190524_polyic___E3_P1_1,adapted,22,middle 60%,True,0.9486570893191755,158,253
POLYIC_20190524_polyic___E3_P1_1,adapted,23,middle 60%,True,0.9215966714341438,407,196
POLYIC_20190524_polyic___E3_P1_1,adapted,24,middle 60%,True,0.9438448302831222,21,338
POLYIC_20190524_polyic___E3_P1_1,adapted,25,middle 60%,True,0.9338327091136079,13,358
POLYIC_20190524_polyic___E3_P1_1,adapted,26,middle 60%,True,0.9341929746554024,48,248
POLYIC_20190524_polyic___E3_P1_1,adapted,27,middle 60%,True,0.9163838321505708,42,229
POLYIC_20190524_polyic___E3_P1_1,adapted,28,last 20%,True,0.8849224988257398,31,214
POLYIC_20190524_polyic___E3_P1_1,adapted,29,last 20%,True,0.9332033154558752,14,123
POLYIC_20190524_polyic___E3_P1_1,adapted,30,last 20%,True,0.9091806515301086,2,182
POLYIC_20190524_polyic___E3_P1_1,adapted,31,last 20%,True,0.8905908096280087,0,200
POLYIC_20190524_polyic___E3_P1_1,adapted,32,last 20%,True,0.8462532299741602,0,238
POLYIC_20190524_polyic___E3_P1_1,adapted,33,last 20%,True,0.7144340602284528,3,272
POLYIC_20190524_polyic___E3_P1_1,adapted,34,last 20%,True,0.8114901256732495,3,102
POLYIC_20190524_polyic___E3_P1_1,adapted,35,outside,False,1.0,0,0
POLYIC_20190524_polyic___E3_P1_10,adapted,0,first 20%,True,0.8439425051334702,432,24
POLYIC_20190524_polyic___E3_P1_10,adapted,1,first 20%,True,0.8516452872281093,1,531
POLYIC_20190524_polyic___E3_P1_10,adapted,2,first 20%,True,0.934021801491681,46,299
POLYIC_20190524_polyic___E3_P1_10,adapted,3,first 20%,True,0.9410155582150795,15,330
POLYIC_20190524_polyic___E3_P1_10,adapted,4,first 20%,True,0.9445775435233988,7,340
POLYIC_20190524_polyic___E3_P1_10,adapted,5,first 20%,True,0.9200721153846154,5,527
POLYIC_20190524_polyic___E3_P1_10,adapted,6,first 20%,True,0.9148331088160455,6,563
POLYIC_20190524_polyic___E3_P1_10,adapted,7,middle 60%,True,0.9409869673451458,8,395
POLYIC_20190524_polyic___E3_P1_10,adapted,8,middle 60%,True,0.968181222993322,49,194
POLYIC_20190524_polyic___E3_P1_10,adapted,9,middle 60%,True,0.9605743489900219,35,289
POLYIC_20190524_polyic___E3_P1_10,adapted,10,middle 60%,True,0.9598023804176959,82,276
POLYIC_20190524_polyic___E3_P1_10,adapted,11,middle 60%,True,0.9516935036091061,83,352
POLYIC_20190524_polyic___E3_P1_10,adapted,12,middle 60%,True,0.9498741610738255,85,393
POLYIC_20190524_polyic___E3_P1_10,adapted,13,middle 60%,True,0.9494487206157687,92,394
POLYIC_20190524_polyic___E3_P1_10,adapted,14,middle 60%,True,0.9534246575342465,106,353
POLYIC_20190524_polyic___E3_P1_10,adapted,15,middle 60%,True,0.96074658456802,114,294
POLYIC_20190524_polyic___E3_P1_10,adapted,16,middle 60%,True,0.9589096011224695,9,401
POLYIC_20190524_polyic___E3_P1_10,adapted,17,middle 60%,True,0.9741675670366369,37,226
POLYIC_20190524_polyic___E3_P1_10,adapted,18,middle 60%,True,0.9720244660583576,51,228
POLYIC_20190524_polyic___E3_P1_10,adapted,19,middle 60%,True,0.9615261643397635,68,293
POLYIC_20190524_polyic___E3_P1_10,adapted,20,middle 60%,True,0.9581447963800905,103,267
POLYIC_20190524_polyic___E3_P1_10,adapted,21,middle 60%,True,0.9572834173266138,116,240
POLYIC_20190524_polyic___E3_P1_10,adapted,22,middle 60%,True,0.9439495683157462,38,371
POLYIC_20190524_polyic___E3_P1_10,adapted,23,middle 60%,True,0.96950014120305,41,175
POLYIC_20190524_polyic___E3_P1_10,adapted,24,middle 60%,True,0.9515122419587134,31,272
POLYIC_20190524_polyic___E3_P1_10,adapted,25,middle 60%,True,0.9211104453764729,8,387
POLYIC_20190524_polyic___E3_P1_10,adapted,26,middle 60%,True,0.9092678180491365,84,289
POLYIC_20190524_polyic___E3_P1_10,adapted,27,middle 60%,True,0.8551401869158879,0,372
POLYIC_20190524_polyic___E3_P1_10,adapted,28,last 20%,True,0.8840192410475681,1,216
POLYIC_20190524_polyic___E3_P1_10,adapted,29,last 20%,True,0.8948148148148148,0,213
POLYIC_20190524_polyic___E3_P1_10,adapted,30,last 20%,True,0.7628128724672228,0,398
POLYIC_20190524_polyic___E3_P1_10,adapted,31,last 20%,True,0.8319327731092437,0,280
POLYIC_20190524_polyic___E3_P1_10,adapted,32,last 20%,True,0.7054009819967266,0,360
POLYIC_20190524_polyic___E3_P1_10,adapted,33,last 20%,True,0.7138263665594855,4,174
POLYIC_20190524_polyic___E3_P1_10,adapted,34,last 20%,True,0.6022099447513812,0,144
POLYIC_20190524_polyic___E3_P1_10,adapted,35,outside,False,1.0,0,0
POLYIC_20190524_polyic___E3_P1_12,adapted,0,first 20%,True,0.7371298405466971,413,164
POLYIC_20190524_polyic___E3_P1_12,adapted,1,first 20%,True,0.903588143525741,100,209
POLYIC_20190524_polyic___E3_P1_12,adapted,2,first 20%,True,0.9153208206023571,211,177
POLYIC_20190524_polyic___E3_P1_12,adapted,3,first 20%,True,0.9220376118312945,109,318
POLYIC_20190524_polyic___E3_P1_12,adapted,4,first 20%,True,0.9219023381581041,166,325
POLYIC_20190524_polyic___E3_P1_12,adapted,5,first 20%,True,0.887309980171844,2,680
POLYIC_20190524_polyic___E3_P1_12,adapted,6,first 20%,True,0.9224411075905772,35,528
POLYIC_20190524_polyic___E3_P1_12,adapted,7,first 20%,True,0.9255478426568667,141,406
POLYIC_20190524_polyic___E3_P1_12,adapted,8,middle 60%,True,0.9362293218840763,369,136
POLYIC_20190524_polyic___E3_P1_12,adapted,9,middle 60%,True,0.9420254991580467,308,174
POLYIC_20190524_polyic___E3_P1_12,adapted,10,middle 60%,True,0.9121054309703476,582,245
POLYIC_20190524_polyic___E3_P1_12,adapted,11,middle 60%,True,0.9414478743271449,145,388
POLYIC_20190524_polyic___E3_P1_12,adapted,12,middle 60%,True,0.9503428215250364,197,281
POLYIC_20190524_polyic___E3_P1_12,adapted,13,middle 60%,True,0.9508469292320482,12,461
POLYIC_20190524_polyic___E3_P1_12,adapted,14,middle 60%,True,0.9517464163133454,26,452
POLYIC_20190524_polyic___E3_P1_12,adapted,15,middle 60%,True,0.9447677386421643,8,533
POLYIC_20190524_polyic___E3_P1_12,adapted,16,middle 60%,True,0.9570707070707071,53,389
POLYIC_20190524_polyic___E3_P1_12,adapted,17,middle 60%,True,0.9464408107314207,61,486
POLYIC_20190524_polyic___E3_P1_12,adapted,18,middle 60%,True,0.9589330262905392,69,359
POLYIC_20190524_polyic___E3_P1_12,adapted,19,middle 60%,True,0.9516001580403003,71,419
POLYIC_20190524_polyic___E3_P1_12,adapted,20,middle 60%,True,0.9459231094212083,40,472
POLYIC_20190524_polyic___E3_P1_12,adapted,21,middle 60%,True,0.949510504894951,82,377
POLYIC_20190524_polyic___E3_P1_12,adapted,22,middle 60%,True,0.9602194787379973,89,259
POLYIC_20190524_polyic___E3_P1_12,adapted,23,middle 60%,True,0.9371134020618557,30,458
POLYIC_20190524_polyic___E3_P1_12,adapted,24,middle 60%,True,0.9597423510466989,54,246
POLYIC_20190524_polyic___E3_P1_12,adapted,25,middle 60%,True,0.9556470050297211,49,242
POLYIC_20190524_polyic___E3_P1_12,adapted,26,middle 60%,True,0.9341935483870968,48,309
POLYIC_20190524_polyic___E3_P1_12,adapted,27,middle 60%,True,0.9338557271260659,83,204
POLYIC_20190524_polyic___E3_P1_12,adapted,28,middle 60%,True,0.8585455661245781,271,190
POLYIC_20190524_polyic___E3_P1_12,adapted,29,last 20%,True,0.8931750741839762,11,205
POLYIC_20190524_polyic___E3_P1_12,adapted,30,last 20%,True,0.9365303244005642,46,89
POLYIC_20190524_polyic___E3_P1_12,adapted,31,last 20%,True,0.9375879868606288,19,114
POLYIC_20190524_polyic___E3_P1_12,adapted,32,last 20%,True,0.8353552859618717,0,285
POLYIC_20190524_polyic___E3_P1_12,adapted,33,last 20%,True,0.9061063690085358,2,141
POLYIC_20190524_polyic___E3_P1_12,adapted,34,last 20%,True,0.8194297782470961,11,160
POLYIC_20190524_polyic___E3_P1_12,adapted,35,last 20%,True,0.8693009118541033,58,28
POLYIC_20190524_polyic___E3_P1_13,adapted,0,first 20%,True,0.8282828282828283,272,34
POLYIC_20190524_polyic___E3_P1_13,adapted,1,first 20%,True,0.9082240762812872,92,139
POLYIC_20190524_polyic___E3_P1_13,adapted,2,first 20%,True,0.8731942215088283,509,123
POLYIC_20190524_polyic___E3_P1_13,adapted,3,first 20%,True,0.8633807476017201,707,119
POLYIC_20190524_polyic___E3_P1_13,adapted,4,first 20%,True,0.8831891223733004,536,220
POLYIC_20190524_polyic___E3_P1_13,adapted,5,first 20%,True,0.869207878701998,699,224
POLYIC_20190524_polyic___E3_P1_13,adapted,6,first 20%,True,0.8625180897250362,568,477
POLYIC_20190524_polyic___E3_P1_13,adapted,7,first 20%,True,0.8692072765900942,586,399
POLYIC_20190524_polyic___E3_P1_13,adapted,8,middle 60%,True,0.902209871642186,579,160
POLYIC_20190524_polyic___E3_P1_13,adapted,9,middle 60%,True,0.8988871604642814,619,226
POLYIC_20190524_polyic___E3_P1_13,adapted,10,middle 60%,True,0.936257380407278,242,287
POLYIC_20190524_polyic___E3_P1_13,adapted,11,middle 60%,True,0.9067245119305857,557,303
POLYIC_20190524_polyic___E3_P1_13,adapted,12,middle 60%,True,0.9022934338674207,578,355
POLYIC_20190524_polyic___E3_P1_13,adapted,13,middle 60%,True,0.9227083333333334,431,311
POLYIC_20190524_polyic___E3_P1_13,adapted,14,middle 60%,True,0.9183980728696176,571,242
POLYIC_20190524_polyic___E3_P1_13,adapted,15,middle 60%,True,0.9428600426266112,313,250
POLYIC_20190524_polyic___E3_P1_13,adapted,16,middle 60%,True,0.9408596788670589,327,266
POLYIC_20190524_polyic___E3_P1_13,adapted,17,middle 60%,True,0.9459134615384616,245,295
POLYIC_20190524_polyic___E3_P1_13,adapted,18,middle 60%,True,0.9526813880126183,193,272
POLYIC_20190524_polyic___E3_P1_13,adapted,19,middle 60%,True,0.9396167788710512,296,287
POLYIC_20190524_polyic___E3_P1_13,adapted,20,middle 60%,True,0.958634274458306,159,219
POLYIC_20190524_polyic___E3_P1_13,adapted,21,middle 60%,True,0.9469416126042632,244,214
POLYIC_20190524_polyic___E3_P1_13,adapted,22,middle 60%,True,0.956952380952381,106,233
POLYIC_20190524_polyic___E3_P1_13,adapted,23,middle 60%,True,0.9620395013307186,88,183
POLYIC_20190524_polyic___E3_P1_13,adapted,24,middle 60%,True,0.9629970827575618,79,162
POLYIC_20190524_polyic___E3_P1_13,adapted,25,middle 60%,True,0.9519914651493598,44,226
POLYIC_20190524_polyic___E3_P1_13,adapted,26,middle 60%,True,0.9501661129568106,33,192
POLYIC_20190524_polyic___E3_P1_13,adapted,27,middle 60%,True,0.9202279202279202,76,204
POLYIC_20190524_polyic___E3_P1_13,adapted,28,middle 60%,True,0.9115797262301147,94,145
POLYIC_20190524_polyic___E3_P1_13,adapted,29,last 20%,True,0.878740157480315,20,211
POLYIC_20190524_polyic___E3_P1_13,adapted,30,last 20%,True,0.9018264840182648,4,168
POLYIC_20190524_polyic___E3_P1_13,adapted,31,last 20%,True,0.8590361445783132,0,234
POLYIC_20190524_polyic___E3_P1_13,adapted,32,last 20%,True,0.7498187092095722,0,345
POLYIC_20190524_polyic___E3_P1_13,adapted,33,last 20%,True,0.6119257086999023,0,397
POLYIC_20190524_polyic___E3_P1_13,adapted,34,last 20%,True,0.26277372262773724,0,404
POLYIC_20190524_polyic___E3_P1_13,adapted,35,last 20%,True,0.7089108910891089,0,147
POLYIC_20190524_polyic___E3_P1_3,adapted,0,first 20%,True,0.8495803744351195,208,25
POLYIC_20190524_polyic___E3_P1_3,adapted,1,first 20%,True,0.8697647733792312,20,207
POLYIC_20190524_polyic___E3_P1_3,adapted,2,first 20%,True,0.855641592920354,384,138
POLYIC_20190524_polyic___E3_P1_3,adapted,3,first 20%,True,0.8173490372032155,797,180
POLYIC_20190524_polyic___E3_P1_3,adapted,4,first 20%,True,0.8566114305038891,551,297
POLYIC_20190524_polyic___E3_P1_3,adapted,5,first 20%,True,0.8461771844660194,579,435
POLYIC_20190524_polyic___E3_P1_3,adapted,6,first 20%,True,0.8288312382990104,730,550
POLYIC_20190524_polyic___E3_P1_3,adapted,7,first 20%,True,0.8544867656552615,691,436
POLYIC_20190524_polyic___E3_P1_3,adapted,8,middle 60%,True,0.8317938745746233,1047,337
POLYIC_20190524_polyic___E3_P1_3,adapted,9,middle 60%,True,0.8692986758214811,881,185
POLYIC_20190524_polyic___E3_P1_3,adapted,10,middle 60%,True,0.8691860465116279,900,270
POLYIC_20190524_polyic___E3_P1_3,adapted,11,middle 60%,True,0.8813096862210096,835,296
POLYIC_20190524_polyic___E3_P1_3,adapted,12,middle 60%,True,0.9038344491783323,600,348
POLYIC_20190524_polyic___E3_P1_3,adapted,13,middle 60%,True,0.9183693420666732,481,354
POLYIC_20190524_polyic___E3_P1_3,adapted,14,middle 60%,True,0.9538521705123191,128,344
POLYIC_20190524_polyic___E3_P1_3,adapted,15,middle 60%,True,0.942870859337494,182,413
POLYIC_20190524_polyic___E3_P1_3,adapted,16,middle 60%,True,0.939439533571563,264,380
POLYIC_20190524_polyic___E3_P1_3,adapted,17,middle 60%,True,0.9384570933256284,255,384
POLYIC_20190524_polyic___E3_P1_3,adapted,18,middle 60%,True,0.9248207711683782,377,399
POLYIC_20190524_polyic___E3_P1_3,adapted,19,middle 60%,True,0.9160565640357036,418,419
POLYIC_20190524_polyic___E3_P1_3,adapted,20,middle 60%,True,0.9157048639736192,451,367
POLYIC_20190524_polyic___E3_P1_3,adapted,21,middle 60%,True,0.9173931996512642,435,323
POLYIC_20190524_polyic___E3_P1_3,adapted,22,middle 60%,True,0.9135859519408502,470,278
POLYIC_20190524_polyic___E3_P1_3,adapted,23,middle 60%,True,0.9261554350632585,310,262
POLYIC_20190524_polyic___E3_P1_3,adapted,24,middle 60%,True,0.9146865158889207,366,230
POLYIC_20190524_polyic___E3_P1_3,adapted,25,middle 60%,True,0.9374344634743097,149,209
POLYIC_20190524_polyic___E3_P1_3,adapted,26,middle 60%,True,0.9466357308584686,68,185
POLYIC_20190524_polyic___E3_P1_3,adapted,27,middle 60%,True,0.9235325794291869,85,199
POLYIC_20190524_polyic___E3_P1_3,adapted,28,middle 60%,True,0.8955631399317406,78,228
POLYIC_20190524_polyic___E3_P1_3,adapted,29,last 20%,True,0.9000436490615452,17,212
POLYIC_20190524_polyic___E3_P1_3,adapted,30,last 20%,True,0.8783185840707964,3,217
POLYIC_20190524_polyic___E3_P1_3,adapted,31,last 20%,True,0.8590281943611278,0,235
POLYIC_20190524_polyic___E3_P1_3,adapted,32,last 20%,True,0.7638786084381939,0,319
POLYIC_20190524_polyic___E3_P1_3,adapted,33,last 20%,True,0.6256983240223464,0,335
POLYIC_20190524_polyic___E3_P1_3,adapted,34,last 20%,True,0.5515055467511886,47,236
POLYIC_20190524_polyic___E3_P1_3,adapted,35,last 20%,True,0.18340611353711792,2,185
POLYIC_20190524_polyic___E3_P1_4,adapted,0,first 20%,True,0.7515923566878981,155,118
POLYIC_20190524_polyic___E3_P1_4,adapted,1,first 20%,True,0.8688607594936709,33,226
POLYIC_20190524_polyic___E3_P1_4,adapted,2,first 20%,True,0.9051589369463262,127,237
POLYIC_20190524_polyic___E3_P1_4,adapted,3,first 20%,True,0.9034702832070204,194,290
POLYIC_20190524_polyic___E3_P1_4,adapted,4,first 20%,True,0.920291141487662,63,386
POLYIC_20190524_polyic___E3_P1_4,adapted,5,first 20%,True,0.9260166585007349,47,406
POLYIC_20190524_polyic___E3_P1_4,adapted,6,first 20%,True,0.9207223752678299,12,506
POLYIC_20190524_polyic___E3_P1_4,adapted,7,first 20%,True,0.905904874098071,5,634
POLYIC_20190524_polyic___E3_P1_4,adapted,8,middle 60%,True,0.9353711790393013,30,414
POLYIC_20190524_polyic___E3_P1_4,adapted,9,middle 60%,True,0.9528108329913828,36,309
POLYIC_20190524_polyic___E3_P1_4,adapted,10,middle 60%,True,0.9580973952434881,65,268
POLYIC_20190524_polyic___E3_P1_4,adapted,11,middle 60%,True,0.9558647157591749,22,346
POLYIC_20190524_polyic___E3_P1_4,adapted,12,middle 60%,True,0.9591977869986169,41,313
POLYIC_20190524_polyic___E3_P1_4,adapted,13,middle 60%,True,0.9533207672690985,31,390
POLYIC_20190524_polyic___E3_P1_4,adapted,14,middle 60%,True,0.9519436138402392,26,424
POLYIC_20190524_polyic___E3_P1_4,adapted,15,middle 60%,True,0.9515859766277128,22,442
POLYIC_20190524_polyic___E3_P1_4,adapted,16,middle 60%,True,0.9582529202640935,40,371
POLYIC_20190524_polyic___E3_P1_4,adapted,17,middle 60%,True,0.9671466234029609,30,294
POLYIC_20190524_polyic___E3_P1_4,adapted,18,middle 60%,True,0.9716632443531827,73,203
POLYIC_20190524_polyic___E3_P1_4,adapted,19,middle 60%,True,0.9508761268104933,122,363
POLYIC_20190524_polyic___E3_P1_4,adapted,20,middle 60%,True,0.9542863066238209,152,289
POLYIC_20190524_polyic___E3_P1_4,adapted,21,middle 60%,True,0.9412521440823327,298,250
POLYIC_20190524_polyic___E3_P1_4,adapted,22,middle 60%,True,0.9193367689894689,487,233
POLYIC_20190524_polyic___E3_P1_4,adapted,23,middle 60%,True,0.9163470757430489,445,253
POLYIC_20190524_polyic___E3_P1_4,adapted,24,middle 60%,True,0.9250032607277945,309,266
POLYIC_20190524_polyic___E3_P1_4,adapted,25,middle 60%,True,0.9290564947261957,232,259
POLYIC_20190524_polyic___E3_P1_4,adapted,26,middle 60%,True,0.922876667751383,218,256
POLYIC_20190524_polyic___E3_P1_4,adapted,27,middle 60%,True,0.9198923618298489,104,283
POLYIC_20190524_polyic___E3_P1_4,adapted,28,middle 60%,True,0.8675824175824176,275,207
POLYIC_20190524_polyic___E3_P1_4,adapted,29,last 20%,True,0.8535728231159703,166,209
POLYIC_20190524_polyic___E3_P1_4,adapted,30,last 20%,True,0.8927599346761024,44,153
POLYIC_20190524_polyic___E3_P1_4,adapted,31,last 20%,True,0.9151036525172754,15,157
POLYIC_20190524_polyic___E3_P1_4,adapted,32,last 20%,True,0.9055793991416309,1,175
POLYIC_20190524_polyic___E3_P1_4,adapted,33,last 20%,True,0.8050231328486451,0,295
POLYIC_20190524_polyic___E3_P1_4,adapted,34,last 20%,True,0.7666971637694419,14,241
POLYIC_20190524_polyic___E3_P1_4,adapted,35,last 20%,True,0.8088235294117647,51,79
POLYIC_20190524_polyic___E3_P1_5,adapted,0,first 20%,True,0.9253530598520511,191,31
POLYIC_20190524_polyic___E3_P1_5,adapted,1,first 20%,True,0.9278245345575108,3,280
POLYIC_20190524_polyic___E3_P1_5,adapted,2,first 20%,True,0.9436236391912908,78,212
POLYIC_20190524_polyic___E3_P1_5,adapted,3,first 20%,True,0.9486111111111111,28,268
POLYIC_20190524_polyic___E3_P1_5,adapted,4,first 20%,True,0.929920399562978,26,423
POLYIC_20190524_polyic___E3_P1_5,adapted,5,first 20%,True,0.9269242288110212,27,461
POLYIC_20190524_polyic___E3_P1_5,adapted,6,first 20%,True,0.9299472107290626,43,448
POLYIC_20190524_polyic___E3_P1_5,adapted,7,middle 60%,True,0.9642498205312275,99,150
POLYIC_20190524_polyic___E3_P1_5,adapted,8,middle 60%,True,0.957251507998951,147,179
POLYIC_20190524_polyic___E3_P1_5,adapted,9,middle 60%,True,0.9547823978664081,219,154
POLYIC_20190524_polyic___E3_P1_5,adapted,10,middle 60%,True,0.9482678983833718,210,238
POLYIC_20190524_polyic___E3_P1_5,adapted,11,middle 60%,True,0.9503779165297404,201,252
POLYIC_20190524_polyic___E3_P1_5,adapted,12,middle 60%,True,0.9577822452650513,18,381
POLYIC_20190524_polyic___E3_P1_5,adapted,13,middle 60%,True,0.957032457496136,5,412
POLYIC_20190524_polyic___E3_P1_5,adapted,14,middle 60%,True,0.9660662752512688,17,324
POLYIC_20190524_polyic___E3_P1_5,adapted,15,middle 60%,True,0.9622811405702851,11,366
POLYIC_20190524_polyic___E3_P1_5,adapted,16,middle 60%,True,0.9662135145941624,27,311
POLYIC_20190524_polyic___E3_P1_5,adapted,17,middle 60%,True,0.9689565391548167,30,280
POLYIC_20190524_polyic___E3_P1_5,adapted,18,middle 60%,True,0.9507186858316222,178,302
POLYIC_20190524_polyic___E3_P1_5,adapted,19,middle 60%,True,0.9190481138937961,431,348
POLYIC_20190524_polyic___E3_P1_5,adapted,20,middle 60%,True,0.8915043869034881,703,311
POLYIC_20190524_polyic___E3_P1_5,adapted,21,middle 60%,True,0.8871473354231975,768,240
POLYIC_20190524_polyic___E3_P1_5,adapted,22,middle 60%,True,0.8822594449199168,725,238
POLYIC_20190524_polyic___E3_P1_5,adapted,23,middle 60%,True,0.8771032440436128,682,231
POLYIC_20190524_polyic___E3_P1_5,adapted,24,middle 60%,True,0.861543153400427,662,246
POLYIC_20190524_polyic___E3_P1_5,adapted,25,middle 60%,True,0.8787346221441125,369,252
POLYIC_20190524_polyic___E3_P1_5,adapted,26,middle 60%,True,0.844050258684405,396,237
POLYIC_20190524_polyic___E3_P1_5,adapted,27,middle 60%,True,0.8660524450744153,158,220
POLYIC_20190524_polyic___E3_P1_5,adapted,28,last 20%,True,0.8981912144702843,60,137
POLYIC_20190524_polyic___E3_P1_5,adapted,29,last 20%,True,0.9133858267716536,22,143
POLYIC_20190524_polyic___E3_P1_5,adapted,30,last 20%,True,0.8674832962138085,0,238
POLYIC_20190524_polyic___E3_P1_5,adapted,31,last 20%,True,0.7631027253668763,0,339
POLYIC_20190524_polyic___E3_P1_5,adapted,32,last 20%,True,0.6377708978328174,7,344
POLYIC_20190524_polyic___E3_P1_5,adapted,33,last 20%,True,0.6557971014492754,13,177
POLYIC_20190524_polyic___E3_P1_5,adapted,34,outside,False,1.0,0,0
POLYIC_20190524_polyic___E3_P1_5,adapted,35,outside,False,1.0,0,0
POLYIC_20190524_polyic___E3_P1_6,adapted,0,first 20%,True,0.797583081570997,145,123
POLYIC_20190524_polyic___E3_P1_6,adapted,1,first 20%,True,0.8156182212581344,49,206
POLYIC_20190524_polyic___E3_P1_6,adapted,2,first 20%,True,0.9187916830129462,73,134
POLYIC_20190524_polyic___E3_P1_6,adapted,3,first 20%,True,0.9184470480128647,322,33
POLYIC_20190524_polyic___E3_P1_6,adapted,4,first 20%,True,0.9323991668244651,130,227
POLYIC_20190524_polyic___E3_P1_6,adapted,5,first 20%,True,0.9382673352931005,74,283
POLYIC_20190524_polyic___E3_P1_6,adapted,6,first 20%,True,0.9436305732484076,39,315
POLYIC_20190524_polyic___E3_P1_6,adapted,7,first 20%,True,0.91697943251764,8,545
POLYIC_20190524_polyic___E3_P1_6,adapted,8,middle 60%,True,0.9236947791164659,1,531
POLYIC_20190524_polyic___E3_P1_6,adapted,9,middle 60%,True,0.9396970563018006,7,415
POLYIC_20190524_polyic___E3_P1_6,adapted,10,middle 60%,True,0.9551672761749966,16,315
POLYIC_20190524_polyic___E3_P1_6,adapted,11,middle 60%,True,0.955727863931966,80,274
POLYIC_20190524_polyic___E3_P1_6,adapted,12,middle 60%,True,0.9513055751587862,49,365
POLYIC_20190524_polyic___E3_P1_6,adapted,13,middle 60%,True,0.9531408023373412,46,371
POLYIC_20190524_polyic___E3_P1_6,adapted,14,middle 60%,True,0.9475940413674847,36,453
POLYIC_20190524_polyic___E3_P1_6,adapted,15,middle 60%,True,0.9364686468646864,23,593
POLYIC_20190524_polyic___E3_P1_6,adapted,16,middle 60%,True,0.9453038115458497,2,539
POLYIC_20190524_polyic___E3_P1_6,adapted,17,middle 60%,True,0.9519890260631001,6,484
POLYIC_20190524_polyic___E3_P1_6,adapted,18,middle 60%,True,0.9401536595228468,0,592
POLYIC_20190524_polyic___E3_P1_6,adapted,19,middle 60%,True,0.9582294885853853,28,391
POLYIC_20190524_polyic___E3_P1_6,adapted,20,middle 60%,True,0.9635831736104106,22,339
POLYIC_20190524_polyic___E3_P1_6,adapted,21,middle 60%,True,0.9510152815574628,0,468
POLYIC_20190524_polyic___E3_P1_6,adapted,22,middle 60%,True,0.9525034845073442,17,426
POLYIC_20190524_polyic___E3_P1_6,adapted,23,middle 60%,True,0.9532309082693177,69,345
POLYIC_20190524_polyic___E3_P1_6,adapted,24,middle 60%,True,0.942103288733275,39,424
POLYIC_20190524_polyic___E3_P1_6,adapted,25,middle 60%,True,0.9579184919686712,43,274
POLYIC_20190524_polyic___E3_P1_6,adapted,26,middle 60%,True,0.9525578736781938,56,276
POLYIC_20190524_polyic___E3_P1_6,adapted,27,middle 60%,True,0.938960820581806,20,343
POLYIC_20190524_polyic___E3_P1_6,adapted,28,middle 60%,True,0.9398467432950192,83,231
POLYIC_20190524_polyic___E3_P1_6,adapted,29,last 20%,True,0.8959835221421215,126,278
POLYIC_20190524_polyic___E3_P1_6,adapted,30,last 20%,True,0.8808093582042364,210,167
POLYIC_20190524_polyic___E3_P1_6,adapted,31,last 20%,True,0.892998678996037,56,187
POLYIC_20190524_polyic___E3_P1_6,adapted,32,last 20%,True,0.8924144769459593,19,198
POLYIC_20190524_polyic___E3_P1_6,adapted,33,last 20%,True,0.907920792079208,0,186
POLYIC_20190524_polyic___E3_P1_6,adapted,34,last 20%,True,0.8146788990825689,0,303
POLYIC_20190524_polyic___E3_P1_6,adapted,35,last 20%,True,0.9046594982078853,20,113
POLYIC_20190524_polyic___E3_P1_7,adapted,0,first 20%,True,0.8122899663946231,365,26
POLYIC_20190524_polyic___E3_P1_7,adapted,1,first 20%,True,0.9175931981687377,14,238
POLYIC_20190524_polyic___E3_P1_7,adapted,2,first 20%,True,0.9202037351443124,102,274
POLYIC_20190524_polyic___E3_P1_7,adapted,3,first 20%,True,0.9317180616740088,101,271
POLYIC_20190524_polyic___E3_P1_7,adapted,4,first 20%,True,0.9401970778117568,56,296
POLYIC_20190524_polyic___E3_P1_7,adapted,5,first 20%,True,0.9039913700107874,16,607
POLYIC_20190524_polyic___E3_P1_7,adapted,6,first 20%,True,0.9094400945486778,13,600
POLYIC_20190524_polyic___E3_P1_7,adapted,7,first 20%,True,0.922511395383032,13,514
POLYIC_20190524_polyic___E3_P1_7,adapted,8,middle 60%,True,0.9573432579444604,45,253
POLYIC_20190524_polyic___E3_P1_7,adapted,9,middle 60%,True,0.9571390302705599,84,236
POLYIC_20190524_polyic___E3_P1_7,adapted,10,middle 60%,True,0.9593702386998476,64,256
POLYIC_20190524_polyic___E3_P1_7,adapted,11,middle 60%,True,0.9541661627766356,84,295
POLYIC_20190524_polyic___E3_P1_7,adapted,12,middle 60%,True,0.9504234895539243,109,330
POLYIC_20190524_polyic___E3_P1_7,adapted,13,middle 60%,True,0.9429198682766191,169,351
POLYIC_20190524_polyic___E3_P1_7,adapted,14,middle 60%,True,0.9449879036499421,197,326
POLYIC_20190524_polyic___E3_P1_7,adapted,15,middle 60%,True,0.9515828677839852,147,321
POLYIC_20190524_polyic___E3_P1_7,adapted,16,middle 60%,True,0.9635006221484861,26,326
POLYIC_20190524_polyic___E3_P1_7,adapted,17,middle 60%,True,0.9605514316012725,29,343
POLYIC_20190524_polyic___E3_P1_7,adapted,18,middle 60%,True,0.955479828514895,101,304
POLYIC_20190524_polyic___E3_P1_7,adapted,19,middle 60%,True,0.9453514739229025,148,334
POLYIC_20190524_polyic___E3_P1_7,adapted,20,middle 60%,True,0.9121911611181998,507,250
POLYIC_20190524_polyic___E3_P1_7,adapted,21,middle 60%,True,0.8930494371023006,574,300
POLYIC_20190524_polyic___E3_P1_7,adapted,22,middle 60%,True,0.8922069417157826,567,256
POLYIC_20190524_polyic___E3_P1_7,adapted,23,middle 60%,True,0.9003012480275426,442,253
POLYIC_20190524_polyic___E3_P1_7,adapted,24,middle 60%,True,0.915026404224676,320,211
POLYIC_20190524_polyic___E3_P1_7,adapted,25,middle 60%,True,0.9345260753711458,121,223
POLYIC_20190524_polyic___E3_P1_7,adapted,26,middle 60%,True,0.9253308128544423,81,235
POLYIC_20190524_polyic___E3_P1_7,adapted,27,middle 60%,True,0.899851411589896,86,251
POLYIC_20190524_polyic___E3_P1_7,adapted,28,middle 60%,True,0.8752025931928687,61,247
POLYIC_20190524_polyic___E3_P1_7,adapted,29,last 20%,True,0.8945102260495156,11,185
POLYIC_20190524_polyic___E3_P1_7,adapted,30,last 20%,True,0.888283378746594,17,188
POLYIC_20190524_polyic___E3_P1_7,adapted,31,last 20%,True,0.8788052843193567,1,210
POLYIC_20190524_polyic___E3_P1_7,adapted,32,last 20%,True,0.7897293546148508,0,303
POLYIC_20190524_polyic___E3_P1_7,adapted,33,last 20%,True,0.6927985414767548,17,320
POLYIC_20190524_polyic___E3_P1_7,adapted,34,last 20%,True,0.4740484429065744,7,297
POLYIC_20190524_polyic___E3_P1_7,adapted,35,last 20%,True,0.5623471882640587,19,160
POLYIC_20190524_polyic___E3_P1_9,adapted,0,first 20%,True,0.7685774946921444,216,111
POLYIC_20190524_polyic___E3_P1_9,adapted,1,first 20%,True,0.8726467331118494,64,166
POLYIC_20190524_polyic___E3_P1_9,adapted,2,first 20%,True,0.917239318792949,69,208
POLYIC_20190524_polyic___E3_P1_9,adapted,3,first 20%,True,0.9223803363518758,50,310
POLYIC_20190524_polyic___E3_P1_9,adapted,4,first 20%,True,0.9258845437616388,40,358
POLYIC_20190524_polyic___E3_P1_9,adapted,5,first 20%,True,0.9334904866139081,18,377
POLYIC_20190524_polyic___E3_P1_9,adapted,6,first 20%,True,0.9098448778989403,6,581
POLYIC_20190524_polyic___E3_P1_9,adapted,7,first 20%,True,0.9101938156532031,4,603
POLYIC_20190524_polyic___E3_P1_9,adapted,8,middle 60%,True,0.9353028064992615,15,423
POLYIC_20190524_polyic___E3_P1_9,adapted,9,middle 60%,True,0.9431486880466472,20,370
POLYIC_20190524_polyic___E3_P1_9,adapted,10,middle 60%,True,0.9557473626524181,24,299
POLYIC_20190524_polyic___E3_P1_9,adapted,11,middle 60%,True,0.9463350785340314,52,358
POLYIC_20190524_polyic___E3_P1_9,adapted,12,middle 60%,True,0.9293932420976141,53,530
POLYIC_20190524_polyic___E3_P1_9,adapted,13,middle 60%,True,0.9369932823720176,61,483
POLYIC_20190524_polyic___E3_P1_9,adapted,14,middle 60%,True,0.9422398589065256,53,471
POLYIC_20190524_polyic___E3_P1_9,adapted,15,middle 60%,True,0.9526462395543176,59,383
POLYIC_20190524_polyic___E3_P1_9,adapted,16,middle 60%,True,0.9613213464352917,90,280
POLYIC_20190524_polyic___E3_P1_9,adapted,17,middle 60%,True,0.9606655027215775,81,302
POLYIC_20190524_polyic___E3_P1_9,adapted,18,middle 60%,True,0.9640718562874252,52,296
POLYIC_20190524_polyic___E3_P1_9,adapted,19,middle 60%,True,0.9685507862303443,22,274
POLYIC_20190524_polyic___E3_P1_9,adapted,20,middle 60%,True,0.968236582694414,85,205
POLYIC_20190524_polyic___E3_P1_9,adapted,21,middle 60%,True,0.9516533637400229,242,182
POLYIC_20190524_polyic___E3_P1_9,adapted,22,middle 60%,True,0.9146088160627741,556,184
POLYIC_20190524_polyic___E3_P1_9,adapted,23,middle 60%,True,0.9205952232087032,444,191
POLYIC_20190524_polyic___E3_P1_9,adapted,24,middle 60%,True,0.916082029141932,455,167
POLYIC_20190524_polyic___E3_P1_9,adapted,25,middle 60%,True,0.9381538461538461,192,210
POLYIC_20190524_polyic___E3_P1_9,adapted,26,middle 60%,True,0.9404300317236517,129,209
POLYIC_20190524_polyic___E3_P1_9,adapted,27,middle 60%,True,0.9326086956521739,86,224
POLYIC_20190524_polyic___E3_P1_9,adapted,28,middle 60%,True,0.9087037529944104,140,203
POLYIC_20190524_polyic___E3_P1_9,adapted,29,middle 60%,True,0.8943836100317909,96,203
POLYIC_20190524_polyic___E3_P1_9,adapted,30,middle 60%,True,0.8980516538287268,16,209
POLYIC_20190524_polyic___E3_P1_9,adapted,31,last 20%,True,0.8841430859583556,10,207
POLYIC_20190524_polyic___E3_P1_9,adapted,32,last 20%,True,0.8925259138025096,19,178
POLYIC_20190524_polyic___E3_P1_9,adapted,33,last 20%,True,0.8053777208706786,0,304
POLYIC_20190524_polyic___E3_P1_9,adapted,34,last 20%,True,0.7250409165302782,0,336
POLYIC_20190524_polyic___E3_P1_9,adapted,35,last 20%,True,0.5027932960893855,0,356
POLYIC_20190524_polyic___E3_P1_9,adapted,36,last 20%,True,0.551440329218107,0,218
POLYIC_20190524_polyic___E3_P1_9,adapted,37,last 20%,True,0.3815028901734104,6,101
POLYIC_20190524_polyic___E4_P1_1,adapted,0,first 20%,True,0.9410692588092345,99,95
POLYIC_20190524_polyic___E4_P1_1,adapted,1,first 20%,True,0.8910987145282562,0,449
POLYIC_20190524_polyic___E4_P1_1,adapted,2,first 20%,True,0.9394277220364177,63,263
POLYIC_20190524_polyic___E4_P1_1,adapted,3,first 20%,True,0.9324232081911262,16,380
POLYIC_20190524_polyic___E4_P1_1,adapted,4,first 20%,True,0.9035033804548248,15,613
POLYIC_20190524_polyic___E4_P1_1,adapted,5,first 20%,True,0.9138694472218255,38,565
POLYIC_20190524_polyic___E4_P1_1,adapted,6,first 20%,True,0.9289477431297166,32,467
POLYIC_20190524_polyic___E4_P1_1,adapted,7,middle 60%,True,0.9538247566063978,105,227
POLYIC_20190524_polyic___E4_P1_1,adapted,8,middle 60%,True,0.9557432858403733,94,257
POLYIC_20190524_polyic___E4_P1_1,adapted,9,middle 60%,True,0.9607169162779278,18,302
POLYIC_20190524_polyic___E4_P1_1,adapted,10,middle 60%,True,0.9650800968076524,19,284
POLYIC_20190524_polyic___E4_P1_1,adapted,11,middle 60%,True,0.9558972057008193,31,362
POLYIC_20190524_polyic___E4_P1_1,adapted,12,middle 60%,True,0.9517241379310345,22,433
POLYIC_20190524_polyic___E4_P1_1,adapted,13,middle 60%,True,0.9554178328668532,51,395
POLYIC_20190524_polyic___E4_P1_1,adapted,14,middle 60%,True,0.9574635683339897,49,383
POLYIC_20190524_polyic___E4_P1_1,adapted,15,middle 60%,True,0.9649173673528559,67,296
POLYIC_20190524_polyic___E4_P1_1,adapted,16,middle 60%,True,0.9742338473550654,53,211
POLYIC_20190524_polyic___E4_P1_1,adapted,17,middle 60%,True,0.9582783473759009,30,381
POLYIC_20190524_polyic___E4_P1_1,adapted,18,middle 60%,True,0.9659891737309775,45,288
POLYIC_20190524_polyic___E4_P1_1,adapted,19,middle 60%,True,0.9512355127924775,19,427
POLYIC_20190524_polyic___E4_P1_1,adapted,20,middle 60%,True,0.9615384615384616,66,270
POLYIC_20190524_polyic___E4_P1_1,adapted,21,middle 60%,True,0.9385060799073538,229,302
POLYIC_20190524_polyic___E4_P1_1,adapted,22,middle 60%,True,0.9445658110322228,28,378
POLYIC_20190524_polyic___E4_P1_1,adapted,23,middle 60%,True,0.971175799086758,47,155
POLYIC_20190524_polyic___E4_P1_1,adapted,24,middle 60%,True,0.9357490353967455,48,335
POLYIC_20190524_polyic___E4_P1_1,adapted,25,middle 60%,True,0.9200873362445415,21,345
POLYIC_20190524_polyic___E4_P1_1,adapted,26,middle 60%,True,0.8986760335044582,138,237
POLYIC_20190524_polyic___E4_P1_1,adapted,27,middle 60%,True,0.8434134217067109,12,366
POLYIC_20190524_polyic___E4_P1_1,adapted,28,last 20%,True,0.9045280960174578,16,159
POLYIC_20190524_polyic___E4_P1_1,adapted,29,last 20%,True,0.8981288981288982,8,188
POLYIC_20190524_polyic___E4_P1_1,adapted,30,last 20%,True,0.8384481760277939,0,279
POLYIC_20190524_polyic___E4_P1_1,adapted,31,last 20%,True,0.8135135135135135,0,276
POLYIC_20190524_polyic___E4_P1_1,adapted,32,last 20%,True,0.6329670329670329,3,331
POLYIC_20190524_polyic___E4_P1_1,adapted,33,last 20%,True,0.63671875,0,186
POLYIC_20190524_polyic___E4_P1_1,adapted,34,outside,False,1.0,0,0
POLYIC_20190524_polyic___E4_P1_1,adapted,35,outside,False,1.0,0,0
POLYIC_20190524_polyic___E4_P1_7,adapted,0,first 20%,True,0.8621312462372065,186,43
POLYIC_20190524_polyic___E4_P1_7,adapted,1,first 20%,True,0.919431279620853,32,172
POLYIC_20190524_polyic___E4_P1_7,adapted,2,first 20%,True,0.9182749583035501,63,280
POLYIC_20190524_polyic___E4_P1_7,adapted,3,first 20%,True,0.9235294117647059,42,348
POLYIC_20190524_polyic___E4_P1_7,adapted,4,first 20%,True,0.9317821258593337,22,365
POLYIC_20190524_polyic___E4_P1_7,adapted,5,first 20%,True,0.9130575307045895,0,538
POLYIC_20190524_polyic___E4_P1_7,adapted,6,first 20%,True,0.8950123152709359,8,674
POLYIC_20190524_polyic___E4_P1_7,adapted,7,first 20%,True,0.9269622614435357,42,467
POLYIC_20190524_polyic___E4_P1_7,adapted,8,middle 60%,True,0.9459819446499926,17,348
POLYIC_20190524_polyic___E4_P1_7,adapted,9,middle 60%,True,0.9485284235989786,25,358
POLYIC_20190524_polyic___E4_P1_7,adapted,10,middle 60%,True,0.9530851606323304,51,317
POLYIC_20190524_polyic___E4_P1_7,adapted,11,middle 60%,True,0.9534427836314628,65,315
POLYIC_20190524_polyic___E4_P1_7,adapted,12,middle 60%,True,0.9475987561902568,29,426
POLYIC_20190524_polyic___E4_P1_7,adapted,13,middle 60%,True,0.9433543952998559,81,430
POLYIC_20190524_polyic___E4_P1_7,adapted,14,middle 60%,True,0.9437533227006911,172,357
POLYIC_20190524_polyic___E4_P1_7,adapted,15,middle 60%,True,0.9569557080474111,142,272
POLYIC_20190524_polyic___E4_P1_7,adapted,16,middle 60%,True,0.9613566289825283,195,181
POLYIC_20190524_polyic___E4_P1_7,adapted,17,middle 60%,True,0.9645689049483087,169,184
POLYIC_20190524_polyic___E4_P1_7,adapted,18,middle 60%,True,0.9622942113648434,7,348
POLYIC_20190524_polyic___E4_P1_7,adapted,19,middle 60%,True,0.971163192569392,60,207
POLYIC_20190524_polyic___E4_P1_7,adapted,20,middle 60%,True,0.9704319704319704,73,183
POLYIC_20190524_polyic___E4_P1_7,adapted,21,middle 60%,True,0.9691365437732676,74,183
POLYIC_20190524_polyic___E4_P1_7,adapted,22,middle 60%,True,0.9656149388280747,73,194
POLYIC_20190524_polyic___E4_P1_7,adapted,23,middle 60%,True,0.9548127958685985,30,285
POLYIC_20190524_polyic___E4_P1_7,adapted,24,middle 60%,True,0.9608763693270735,30,220
POLYIC_20190524_polyic___E4_P1_7,adapted,25,middle 60%,True,0.9521049940344298,31,250
POLYIC_20190524_polyic___E4_P1_7,adapted,26,middle 60%,True,0.9374233128834356,11,295
POLYIC_20190524_polyic___E4_P1_7,adapted,27,middle 60%,True,0.9207287050713934,71,251
POLYIC_20190524_polyic___E4_P1_7,adapted,28,middle 60%,True,0.9087366027931146,124,157
POLYIC_20190524_polyic___E4_P1_7,adapted,29,last 20%,True,0.8828089375284998,24,233
POLYIC_20190524_polyic___E4_P1_7,adapted,30,last 20%,True,0.8998946259220232,32,158
POLYIC_20190524_polyic___E4_P1_7,adapted,31,last 20%,True,0.9019402202412166,9,178
POLYIC_20190524_polyic___E4_P1_7,adapted,32,last 20%,True,0.8748510131108462,0,210
POLYIC_20190524_polyic___E4_P1_7,adapted,33,last 20%,True,0.6904969485614647,0,355
POLYIC_20190524_polyic___E4_P1_7,adapted,34,last 20%,True,0.7447073474470735,14,191
POLYIC_20190524_polyic___E4_P1_7,adapted,35,last 20%,True,0.7169811320754716,7,128
POLYIC_20190524_polyic___E4_P1_9,adapted,0,first 20%,True,0.9178505250154416,101,32
POLYIC_20190524_polyic___E4_P1_9,adapted,1,first 20%,True,0.856911883589329,317,37
POLYIC_20190524_polyic___E4_P1_9,adapted,2,first 20%,True,0.9450171821305842,92,100
POLYIC_20190524_polyic___E4_P1_9,adapted,3,first 20%,True,0.935590421139554,139,173
POLYIC_20190524_polyic___E4_P1_9,adapted,4,first 20%,True,0.9446043165467626,88,220
POLYIC_20190524_polyic___E4_P1_9,adapted,5,first 20%,True,0.9424272162250572,56,296
POLYIC_20190524_polyic___E4_P1_9,adapted,6,first 20%,True,0.9515764066978428,33,288
POLYIC_20190524_polyic___E4_P1_9,adapted,7,first 20%,True,0.9238000284859706,16,519
POLYIC_20190524_polyic___E4_P1_9,adapted,8,middle 60%,True,0.9399799455665377,47,372
POLYIC_20190524_polyic___E4_P1_9,adapted,9,middle 60%,True,0.9601560323209808,68,218
POLYIC_20190524_polyic___E4_P1_9,adapted,10,middle 60%,True,0.9537887867891863,52,295
POLYIC_20190524_polyic___E4_P1_9,adapted,11,middle 60%,True,0.9335106382978723,136,414
POLYIC_20190524_polyic___E4_P1_9,adapted,12,middle 60%,True,0.9466217001976974,51,408
POLYIC_20190524_polyic___E4_P1_9,adapted,13,middle 60%,True,0.9388598781549173,34,528
POLYIC_20190524_polyic___E4_P1_9,adapted,14,middle 60%,True,0.9104950495049505,472,432
POLYIC_20190524_polyic___E4_P1_9,adapted,15,middle 60%,True,0.9322998430141287,264,426
POLYIC_20190524_polyic___E4_P1_9,adapted,16,middle 60%,True,0.9540537858489629,159,304
POLYIC_20190524_polyic___E4_P1_9,adapted,17,middle 60%,True,0.9510002899391128,225,282
POLYIC_20190524_polyic___E4_P1_9,adapted,18,middle 60%,True,0.9525903268973428,141,355
POLYIC_20190524_polyic___E4_P1_9,adapted,19,middle 60%,True,0.9565651522715926,72,363
POLYIC_20190524_polyic___E4_P1_9,adapted,20,middle 60%,True,0.953558374543109,60,372
POLYIC_20190524_polyic___E4_P1_9,adapted,21,middle 60%,True,0.9499832158442431,63,384
POLYIC_20190524_polyic___E4_P1_9,adapted,22,middle 60%,True,0.943382873319179,71,409
POLYIC_20190524_polyic___E4_P1_9,adapted,23,middle 60%,True,0.925365344467641,25,547
POLYIC_20190524_polyic___E4_P1_9,adapted,24,middle 60%,True,0.9388212235755284,60,377
POLYIC_20190524_polyic___E4_P1_9,adapted,25,middle 60%,True,0.9359513791491351,20,391
POLYIC_20190524_polyic___E4_P1_9,adapted,26,middle 60%,True,0.9062794644540826,4,493
POLYIC_20190524_polyic___E4_P1_9,adapted,27,middle 60%,True,0.9071363220494053,1,405
POLYIC_20190524_polyic___E4_P1_9,adapted,28,middle 60%,True,0.8892188892188893,10,363
POLYIC_20190524_polyic___E4_P1_9,adapted,29,middle 60%,True,0.8622898318654924,7,337
POLYIC_20190524_polyic___E4_P1_9,adapted,30,last 20%,True,0.8977272727272727,8,190
POLYIC_20190524_polyic___E4_P1_9,adapted,31,last 20%,True,0.8940142778693025,2,191
POLYIC_20190524_polyic___E4_P1_9,adapted,32,last 20%,True,0.8421652421652421,0,277
POLYIC_20190524_polyic___E4_P1_9,adapted,33,last 20%,True,0.7568653717347622,0,363
POLYIC_20190524_polyic___E4_P1_9,adapted,34,last 20%,True,0.6913793103448276,0,358
POLYIC_20190524_polyic___E4_P1_9,adapted,35,last 20%,True,0.6157635467980296,0,312
POLYIC_20190524_polyic___E4_P1_9,adapted,36,last 20%,True,0.11931818181818182,0,310
POLYIC_20190524_polyic___E4_P1_9,adapted,37,outside,False,1.0,0,0
POLYIC_20190524_polyic___E4_P1_9,adapted,38,outside,False,0.0,18,0
POLYIC_20190524_polyic___E8_P1_1,adapted,0,first 20%,True,0.7923728813559322,227,67
POLYIC_20190524_polyic___E8_P1_1,adapted,1,first 20%,True,0.9349363507779349,40,144
POLYIC_20190524_polyic___E8_P1_1,adapted,2,first 20%,True,0.8711340206185567,407,193
POLYIC_20190524_polyic___E8_P1_1,adapted,3,first 20%,True,0.8656614119259767,587,197
POLYIC_20190524_polyic___E8_P1_1,adapted,4,first 20%,True,0.9123847167325428,313,219
POLYIC_20190524_polyic___E8_P1_1,adapted,5,first 20%,True,0.9092326887086712,358,224
POLYIC_20190524_polyic___E8_P1_1,adapted,6,first 20%,True,0.8977041557686719,255,449
POLYIC_20190524_polyic___E8_P1_1,adapted,7,first 20%,True,0.9107442641298266,216,422
POLYIC_20190524_polyic___E8_P1_1,adapted,8,middle 60%,True,0.9296244784422809,166,340
POLYIC_20190524_polyic___E8_P1_1,adapted,9,middle 60%,True,0.9573057544417927,167,155
POLYIC_20190524_polyic___E8_P1_1,adapted,10,middle 60%,True,0.9546640168923115,113,252
POLYIC_20190524_polyic___E8_P1_1,adapted,11,middle 60%,True,0.9544968516098372,79,304
POLYIC_20190524_polyic___E8_P1_1,adapted,12,middle 60%,True,0.9634048411150625,25,294
POLYIC_20190524_polyic___E8_P1_1,adapted,13,middle 60%,True,0.965654334621756,12,299
POLYIC_20190524_polyic___E8_P1_1,adapted,14,middle 60%,True,0.9646882043576258,20,309
POLYIC_20190524_polyic___E8_P1_1,adapted,15,middle 60%,True,0.9579866461222394,34,375
POLYIC_20190524_polyic___E8_P1_1,adapted,16,middle 60%,True,0.9595410628019324,32,370
POLYIC_20190524_polyic___E8_P1_1,adapted,17,middle 60%,True,0.9516047892142067,11,470
POLYIC_20190524_polyic___E8_P1_1,adapted,18,middle 60%,True,0.956661963313848,2,428
POLYIC_20190524_polyic___E8_P1_1,adapted,19,middle 60%,True,0.9505789909015715,3,475
POLYIC_20190524_polyic___E8_P1_1,adapted,20,middle 60%,True,0.9484983194188442,82,393
POLYIC_20190524_polyic___E8_P1_1,adapted,21,middle 60%,True,0.948977298269274,131,323
POLYIC_20190524_polyic___E8_P1_1,adapted,22,middle 60%,True,0.9296728971962617,335,267
POLYIC_20190524_polyic___E8_P1_1,adapted,23,middle 60%,True,0.9224192128756444,330,287
POLYIC_20190524_polyic___E8_P1_1,adapted,24,middle 60%,True,0.9008430349257326,482,259
POLYIC_20190524_polyic___E8_P1_1,adapted,25,middle 60%,True,0.893410264196781,410,292
POLYIC_20190524_polyic___E8_P1_1,adapted,26,middle 60%,True,0.8798298475717831,343,335
POLYIC_20190524_polyic___E8_P1_1,adapted,27,middle 60%,True,0.8399092970521542,446,260
POLYIC_20190524_polyic___E8_P1_1,adapted,28,middle 60%,True,0.7931345980126467,444,243
POLYIC_20190524_polyic___E8_P1_1,adapted,29,last 20%,True,0.8313980492336275,201,162
POLYIC_20190524_polyic___E8_P1_1,adapted,30,last 20%,True,0.9084542271135568,41,142
POLYIC_20190524_polyic___E8_P1_1,adapted,31,last 20%,True,0.8761108207004704,6,231
POLYIC_20190524_polyic___E8_P1_1,adapted,32,last 20%,True,0.8379022646007152,0,272
POLYIC_20190524_polyic___E8_P1_1,adapted,33,last 20%,True,0.745920745920746,0,327
POLYIC_20190524_polyic___E8_P1_1,adapted,34,last 20%,True,0.6360052562417872,6,271
POLYIC_20190524_polyic___E8_P1_1,adapted,35,last 20%,True,0.7565392354124748,7,114
POLYIC_20190524_polyic___E9_P1_1,adapted,0,first 20%,True,0.3894195444526084,560,271
POLYIC_20190524_polyic___E9_P1_1,adapted,1,first 20%,True,0.49945945945945946,215,248
POLYIC_20190524_polyic___E9_P1_1,adapted,2,first 20%,True,0.41332639250390424,988,139
POLYIC_20190524_polyic___E9_P1_1,adapted,3,first 20%,True,0.46147332768839966,1160,112
POLYIC_20190524_polyic___E9_P1_1,adapted,4,first 20%,True,0.7279503105590062,580,77
POLYIC_20190524_polyic___E9_P1_1,adapted,5,first 20%,True,0.8580329327992879,567,71
POLYIC_20190524_polyic___E9_P1_1,adapted,6,first 20%,True,0.8653488764994087,600,197
POLYIC_20190524_polyic___E9_P1_1,adapted,7,first 20%,True,0.8642659279778393,686,245
POLYIC_20190524_polyic___E9_P1_1,adapted,8,middle 60%,True,0.8522200132538105,745,370
POLYIC_20190524_polyic___E9_P1_1,adapted,9,middle 60%,True,0.8717043017535007,689,328
POLYIC_20190524_polyic___E9_P1_1,adapted,10,middle 60%,True,0.8467960023515579,683,620
POLYIC_20190524_polyic___E9_P1_1,adapted,11,middle 60%,True,0.8630028328611898,710,499
POLYIC_20190524_polyic___E9_P1_1,adapted,12,middle 60%,True,0.8856778580535487,726,350
POLYIC_20190524_polyic___E9_P1_1,adapted,13,middle 60%,True,0.905469618845415,686,249
POLYIC_20190524_polyic___E9_P1_1,adapted,14,middle 60%,True,0.8991751576904415,641,398
POLYIC_20190524_polyic___E9_P1_1,adapted,15,middle 60%,True,0.9163285024154589,478,388
POLYIC_20190524_polyic___E9_P1_1,adapted,16,middle 60%,True,0.9335640803768869,342,349
POLYIC_20190524_polyic___E9_P1_1,adapted,17,middle 60%,True,0.9530636292223095,36,442
POLYIC_20190524_polyic___E9_P1_1,adapted,18,middle 60%,True,0.9606452239821203,29,376
POLYIC_20190524_polyic___E9_P1_1,adapted,19,middle 60%,True,0.9629701434664598,20,362
POLYIC_20190524_polyic___E9_P1_1,adapted,20,middle 60%,True,0.9591700770914628,13,416
POLYIC_20190524_polyic___E9_P1_1,adapted,21,middle 60%,True,0.9610062893081761,15,388
POLYIC_20190524_polyic___E9_P1_1,adapted,22,middle 60%,True,0.9625890736342043,23,355
POLYIC_20190524_polyic___E9_P1_1,adapted,23,middle 60%,True,0.9683453237410072,15,293
POLYIC_20190524_polyic___E9_P1_1,adapted,24,middle 60%,True,0.9627791563275434,29,316
POLYIC_20190524_polyic___E9_P1_1,adapted,25,middle 60%,True,0.9598988854418017,38,311
POLYIC_20190524_polyic___E9_P1_1,adapted,26,middle 60%,True,0.9601769911504425,28,296
POLYIC_20190524_polyic___E9_P1_1,adapted,27,middle 60%,True,0.9656385281385281,50,204
POLYIC_20190524_polyic___E9_P1_1,adapted,28,middle 60%,True,0.9576296296296296,45,241
POLYIC_20190524_polyic___E9_P1_1,adapted,29,last 20%,True,0.9460145540700626,24,295
POLYIC_20190524_polyic___E9_P1_1,adapted,30,last 20%,True,0.9305379076662431,81,247
POLYIC_20190524_polyic___E9_P1_1,adapted,31,last 20%,True,0.8796296296296297,216,226
POLYIC_20190524_polyic___E9_P1_1,adapted,32,last 20%,True,0.8506422018348624,155,252
POLYIC_20190524_polyic___E9_P1_1,adapted,33,last 20%,True,0.8790052606408417,30,223
POLYIC_20190524_polyic___E9_P1_1,adapted,34,last 20%,True,0.9230055658627088,9,157
POLYIC_20190524_polyic___E9_P1_1,adapted,35,last 20%,True,0.942870859337494,41,78
POLYIC_20190531_polyic_m__E3_P1,adapted,0,first 20%,True,0.8234597156398105,198,100
POLYIC_20190531_polyic_m__E3_P1,adapted,1,first 20%,True,0.9233110164333537,50,202
POLYIC_20190531_polyic_m__E3_P1,adapted,2,first 20%,True,0.9242364141213804,208,174
POLYIC_20190531_polyic_m__E3_P1,adapted,3,first 20%,True,0.9165157253416762,305,202
POLYIC_20190531_polyic_m__E3_P1,adapted,4,first 20%,True,0.9348982785602504,131,285
POLYIC_20190531_polyic_m__E3_P1,adapted,5,first 20%,True,0.9294100163471541,182,293
POLYIC_20190531_polyic_m__E3_P1,adapted,6,first 20%,True,0.9063775869350978,142,523
POLYIC_20190531_polyic_m__E3_P1,adapted,7,first 20%,True,0.9165499859983198,166,430
POLYIC_20190531_polyic_m__E3_P1,adapted,8,middle 60%,True,0.9291975724881996,215,310
POLYIC_20190531_polyic_m__E3_P1,adapted,9,middle 60%,True,0.9518823236100723,167,219
POLYIC_20190531_polyic_m__E3_P1,adapted,10,middle 60%,True,0.9500175582348122,125,302
POLYIC_20190531_polyic_m__E3_P1,adapted,11,middle 60%,True,0.9591383522096381,59,309
POLYIC_20190531_polyic_m__E3_P1,adapted,12,middle 60%,True,0.9589458782532941,91,286
POLYIC_20190531_polyic_m__E3_P1,adapted,13,middle 60%,True,0.9634399667636061,49,303
POLYIC_20190531_polyic_m__E3_P1,adapted,14,middle 60%,True,0.9605116231854635,45,344
POLYIC_20190531_polyic_m__E3_P1,adapted,15,middle 60%,True,0.9596129159672163,39,370
POLYIC_20190531_polyic_m__E3_P1,adapted,16,middle 60%,True,0.9662636505460218,50,296
POLYIC_20190531_polyic_m__E3_P1,adapted,17,middle 60%,True,0.9640794753841636,39,328
POLYIC_20190531_polyic_m__E3_P1,adapted,18,middle 60%,True,0.9674225170808991,32,297
POLYIC_20190531_polyic_m__E3_P1,adapted,19,middle 60%,True,0.9644171779141104,22,326
POLYIC_20190531_polyic_m__E3_P1,adapted,20,middle 60%,True,0.9661360965708792,43,274
POLYIC_20190531_polyic_m__E3_P1,adapted,21,middle 60%,True,0.9677563315854066,72,217
POLYIC_20190531_polyic_m__E3_P1,adapted,22,middle 60%,True,0.9639822902955606,92,209
POLYIC_20190531_polyic_m__E3_P1,adapted,23,middle 60%,True,0.9557315331688953,68,273
POLYIC_20190531_polyic_m__E3_P1,adapted,24,middle 60%,True,0.9551436253006934,76,241
POLYIC_20190531_polyic_m__E3_P1,adapted,25,middle 60%,True,0.9498412698412698,29,287
POLYIC_20190531_polyic_m__E3_P1,adapted,26,middle 60%,True,0.9292399850243355,30,348
POLYIC_20190531_polyic_m__E3_P1,adapted,27,middle 60%,True,0.9073291925465838,29,344
POLYIC_20190531_polyic_m__E3_P1,adapted,28,middle 60%,True,0.9008264462809917,55,233
POLYIC_20190531_polyic_m__E3_P1,adapted,29,last 20%,True,0.8951194184839044,21,181
POLYIC_20190531_polyic_m__E3_P1,adapted,30,last 20%,True,0.9047141424272819,10,180
POLYIC_20190531_polyic_m__E3_P1,adapted,31,last 20%,True,0.8840885142255005,0,220
POLYIC_20190531_polyic_m__E3_P1,adapted,32,last 20%,True,0.8483754512635379,3,249
POLYIC_20190531_polyic_m__E3_P1,adapted,33,last 20%,True,0.7237949502677888,0,361
POLYIC_20190531_polyic_m__E3_P1,adapted,34,last 20%,True,0.6962162162162162,14,267
POLYIC_20190531_polyic_m__E3_P1,adapted,35,last 20%,True,0.4427083333333333,0,214
POLYIC_20190531_polyic_m__E3_P1,adapted,36,outside,False,1.0,0,0
POLYIC_20190531_polyic_m__E3_P1,adapted,37,outside,False,1.0,0,0
POLYIC_20190531_polyic_m__E3_P1_1,adapted,0,first 20%,True,0.5002589331952356,914,51
POLYIC_20190531_polyic_m__E3_P1_1,adapted,1,first 20%,True,0.9341359773371105,16,170
POLYIC_20190531_polyic_m__E3_P1_1,adapted,2,first 20%,True,0.9282791298729269,152,181
POLYIC_20190531_polyic_m__E3_P1_1,adapted,3,first 20%,True,0.929547471162378,112,285
POLYIC_20190531_polyic_m__E3_P1_1,adapted,4,first 20%,True,0.9202910266774454,146,347
POLYIC_20190531_polyic_m__E3_P1_1,adapted,5,first 20%,True,0.9184391736801836,107,426
POLYIC_20190531_polyic_m__E3_P1_1,adapted,6,first 20%,True,0.9075509618145277,114,530
POLYIC_20190531_polyic_m__E3_P1_1,adapted,7,first 20%,True,0.9176536943034405,158,426
POLYIC_20190531_polyic_m__E3_P1_1,adapted,8,middle 60%,True,0.9364575059571089,166,314
POLYIC_20190531_polyic_m__E3_P1_1,adapted,9,middle 60%,True,0.9512709237445753,170,223
POLYIC_20190531_polyic_m__E3_P1_1,adapted,10,middle 60%,True,0.9552344025378922,89,292
POLYIC_20190531_polyic_m__E3_P1_1,adapted,11,middle 60%,True,0.9570122983188537,78,303
POLYIC_20190531_polyic_m__E3_P1_1,adapted,12,middle 60%,True,0.9581774158045344,79,301
POLYIC_20190531_polyic_m__E3_P1_1,adapted,13,middle 60%,True,0.9552586938083121,127,295
POLYIC_20190531_polyic_m__E3_P1_1,adapted,14,middle 60%,True,0.9581481864214116,127,278
POLYIC_20190531_polyic_m__E3_P1_1,adapted,15,middle 60%,True,0.9606299212598425,112,273
POLYIC_20190531_polyic_m__E3_P1_1,adapted,16,middle 60%,True,0.9673758865248226,91,231
POLYIC_20190531_polyic_m__E3_P1_1,adapted,17,middle 60%,True,0.9645128205128205,74,272
POLYIC_20190531_polyic_m__E3_P1_1,adapted,18,middle 60%,True,0.9677017343441686,77,234
POLYIC_20190531_polyic_m__E3_P1_1,adapted,19,middle 60%,True,0.9646623899097532,47,278
POLYIC_20190531_polyic_m__E3_P1_1,adapted,20,middle 60%,True,0.962212610972001,57,275
POLYIC_20190531_polyic_m__E3_P1_1,adapted,21,middle 60%,True,0.9586677848328741,38,307
POLYIC_20190531_polyic_m__E3_P1_1,adapted,22,middle 60%,True,0.9611060860576301,41,260
POLYIC_20190531_polyic_m__E3_P1_1,adapted,23,middle 60%,True,0.9567945244545843,36,267
POLYIC_20190531_polyic_m__E3_P1_1,adapted,24,middle 60%,True,0.9604572134692617,47,209
POLYIC_20190531_polyic_m__E3_P1_1,adapted,25,middle 60%,True,0.9499203680764466,33,250
POLYIC_20190531_polyic_m__E3_P1_1,adapted,26,middle 60%,True,0.9252898239587806,30,318
POLYIC_20190531_polyic_m__E3_P1_1,adapted,27,middle 60%,True,0.9098992294013041,40,264
POLYIC_20190531_polyic_m__E3_P1_1,adapted,28,middle 60%,True,0.8827531012404962,45,248
POLYIC_20190531_polyic_m__E3_P1_1,adapted,29,middle 60%,True,0.8663540445486518,4,224
POLYIC_20190531_polyic_m__E3_P1_1,adapted,30,last 20%,True,0.8967813540510544,1,185
POLYIC_20190531_polyic_m__E3_P1_1,adapted,31,last 20%,True,0.8224076281287247,0,298
POLYIC_20190531_polyic_m__E3_P1_1,adapted,32,last 20%,True,0.7365439093484419,0,372
POLYIC_20190531_polyic_m__E3_P1_1,adapted,33,last 20%,True,0.6341463414634146,0,390
POLYIC_20190531_polyic_m__E3_P1_1,adapted,34,last 20%,True,0.44224422442244227,1,337
POLYIC_20190531_polyic_m__E3_P1_1,adapted,35,last 20%,True,0.01929260450160772,0,305
POLYIC_20190531_polyic_m__E3_P1_1,adapted,36,last 20%,True,0.0,0,95
POLYIC_20190531_polyic_m__E3_P1_1,adapted,37,outside,False,0.0,31,0
POLYIC_20190531_polyic_m__E3_P1_10,adapted,0,first 20%,True,0.7318361955085865,394,12
POLYIC_20190531_polyic_m__E3_P1_10,adapted,1,first 20%,True,0.806989674344718,465,21
POLYIC_20190531_polyic_m__E3_P1_10,adapted,2,first 20%,True,0.8262081784386617,654,94
POLYIC_20190531_polyic_m__E3_P1_10,adapted,3,first 20%,True,0.8242445293504689,808,204
POLYIC_20190531_polyic_m__E3_P1_10,adapted,4,first 20%,True,0.8490118577075099,667,288
POLYIC_20190531_polyic_m__E3_P1_10,adapted,5,first 20%,True,0.8523364485981308,713,314
POLYIC_20190531_polyic_m__E3_P1_10,adapted,6,first 20%,True,0.841525651356433,627,553
POLYIC_20190531_polyic_m__E3_P1_10,adapted,7,first 20%,True,0.8493186582809225,656,494
POLYIC_20190531_polyic_m__E3_P1_10,adapted,8,middle 60%,True,0.8546232654649203,776,345
POLYIC_20190531_polyic_m__E3_P1_10,adapted,9,middle 60%,True,0.8491677336747759,809,369
POLYIC_20190531_polyic_m__E3_P1_10,adapted,10,middle 60%,True,0.8562574493444577,839,367
POLYIC_20190531_polyic_m__E3_P1_10,adapted,11,middle 60%,True,0.8589299676086228,798,465
POLYIC_20190531_polyic_m__E3_P1_10,adapted,12,middle 60%,True,0.8836662749706228,616,473
POLYIC_20190531_polyic_m__E3_P1_10,adapted,13,middle 60%,True,0.8931221175055143,581,485
POLYIC_20190531_polyic_m__E3_P1_10,adapted,14,middle 60%,True,0.9205388520109332,377,437
POLYIC_20190531_polyic_m__E3_P1_10,adapted,15,middle 60%,True,0.940444962595939,179,434
POLYIC_20190531_polyic_m__E3_P1_10,adapted,16,middle 60%,True,0.9588613764866446,50,372
POLYIC_20190531_polyic_m__E3_P1_10,adapted,17,middle 60%,True,0.9510192251956333,197,310
POLYIC_20190531_polyic_m__E3_P1_10,adapted,18,middle 60%,True,0.9286462798894922,438,311
POLYIC_20190531_polyic_m__E3_P1_10,adapted,19,middle 60%,True,0.9119423339177869,577,327
POLYIC_20190531_polyic_m__E3_P1_10,adapted,20,middle 60%,True,0.9076862123613312,622,310
POLYIC_20190531_polyic_m__E3_P1_10,adapted,21,middle 60%,True,0.898933361495406,652,305
POLYIC_20190531_polyic_m__E3_P1_10,adapted,22,middle 60%,True,0.8987412275815975,617,292
POLYIC_20190531_polyic_m__E3_P1_10,adapted,23,middle 60%,True,0.9152249134948097,364,322
POLYIC_20190531_polyic_m__E3_P1_10,adapted,24,middle 60%,True,0.9252413793103448,236,306
POLYIC_20190531_polyic_m__E3_P1_10,adapted,25,middle 60%,True,0.9346749720491934,66,343
POLYIC_20190531_polyic_m__E3_P1_10,adapted,26,middle 60%,True,0.9214541344886042,28,389
POLYIC_20190531_polyic_m__E3_P1_10,adapted,27,middle 60%,True,0.9211087420042644,39,294
POLYIC_20190531_polyic_m__E3_P1_10,adapted,28,middle 60%,True,0.903685351502013,40,271
POLYIC_20190531_polyic_m__E3_P1_10,adapted,29,middle 60%,True,0.8685192866030693,11,306
POLYIC_20190531_polyic_m__E3_P1_10,adapted,30,last 20%,True,0.8260629486471562,0,315
POLYIC_20190531_polyic_m__E3_P1_10,adapted,31,last 20%,True,0.8222350897510133,0,307
POLYIC_20190531_polyic_m__E3_P1_10,adapted,32,last 20%,True,0.6657571623465212,0,490
POLYIC_20190531_polyic_m__E3_P1_10,adapted,33,last 20%,True,0.5372881355932203,0,546
POLYIC_20190531_polyic_m__E3_P1_10,adapted,34,last 20%,True,0.2962962962962963,0,570
POLYIC_20190531_polyic_m__E3_P1_10,adapted,35,last 20%,True,0.10619469026548672,0,404
POLYIC_20190531_polyic_m__E3_P1_10,adapted,36,last 20%,True,0.0,0,272
POLYIC_20190531_polyic_m__E3_P1_10,adapted,37,outside,False,1.0,0,0
POLYIC_20190531_polyic_m__E3_P1_11,adapted,0,first 20%,True,0.8154471544715447,391,63
POLYIC_20190531_polyic_m__E3_P1_11,adapted,1,first 20%,True,0.8616541353383459,0,552
POLYIC_20190531_polyic_m__E3_P1_11,adapted,2,first 20%,True,0.9233345738742091,25,387
POLYIC_20190531_polyic_m__E3_P1_11,adapted,3,first 20%,True,0.9238142455792431,6,455
POLYIC_20190531_polyic_m__E3_P1_11,adapted,4,first 20%,True,0.913726099797917,0,555
POLYIC_20190531_polyic_m__E3_P1_11,adapted,5,first 20%,True,0.9159752602202443,4,553
POLYIC_20190531_polyic_m__E3_P1_11,adapted,6,first 20%,True,0.9200516721687958,13,544
POLYIC_20190531_polyic_m__E3_P1_11,adapted,7,middle 60%,True,0.9306056959486563,34,485
POLYIC_20190531_polyic_m__E3_P1_11,adapted,8,middle 60%,True,0.9560755850331623,40,311
POLYIC_20190531_polyic_m__E3_P1_11,adapted,9,middle 60%,True,0.9513782089199101,53,358
POLYIC_20190531_polyic_m__E3_P1_11,adapted,10,middle 60%,True,0.9587130160872989,69,298
POLYIC_20190531_polyic_m__E3_P1_11,adapted,11,middle 60%,True,0.961096867684762,49,300
POLYIC_20190531_polyic_m__E3_P1_11,adapted,12,middle 60%,True,0.9581056466302368,75,316
POLYIC_20190531_polyic_m__E3_P1_11,adapted,13,middle 60%,True,0.9546022490628905,60,376
POLYIC_20190531_polyic_m__E3_P1_11,adapted,14,middle 60%,True,0.9576633421534704,41,375
POLYIC_20190531_polyic_m__E3_P1_11,adapted,15,middle 60%,True,0.9584638706417382,17,394
POLYIC_20190531_polyic_m__E3_P1_11,adapted,16,middle 60%,True,0.9600403632694248,39,357
POLYIC_20190531_polyic_m__E3_P1_11,adapted,17,middle 60%,True,0.9626496079240611,20,342
POLYIC_20190531_polyic_m__E3_P1_11,adapted,18,middle 60%,True,0.9590999894858585,37,352
POLYIC_20190531_polyic_m__E3_P1_11,adapted,19,middle 60%,True,0.9546255506607929,18,394
POLYIC_20190531_polyic_m__E3_P1_11,adapted,20,middle 60%,True,0.9567915421742128,32,344
POLYIC_20190531_polyic_m__E3_P1_11,adapted,21,middle 60%,True,0.9543773119605425,8,362
POLYIC_20190531_polyic_m__E3_P1_11,adapted,22,middle 60%,True,0.952431011826544,23,339
POLYIC_20190531_polyic_m__E3_P1_11,adapted,23,middle 60%,True,0.9453920022932493,21,360
POLYIC_20190531_polyic_m__E3_P1_11,adapted,24,middle 60%,True,0.9387564282374942,28,365
POLYIC_20190531_polyic_m__E3_P1_11,adapted,25,middle 60%,True,0.9293948126801153,14,378
POLYIC_20190531_polyic_m__E3_P1_11,adapted,26,middle 60%,True,0.9077919178388033,39,374
POLYIC_20190531_polyic_m__E3_P1_11,adapted,27,middle 60%,True,0.8833836858006042,77,309
POLYIC_20190531_polyic_m__E3_P1_11,adapted,28,last 20%,True,0.8552915766738661,42,293
POLYIC_20190531_polyic_m__E3_P1_11,adapted,29,last 20%,True,0.9141361256544502,1,163
POLYIC_20190531_polyic_m__E3_P1_11,adapted,30,last 20%,True,0.8516397709526289,0,285
POLYIC_20190531_polyic_m__E3_P1_11,adapted,31,last 20%,True,0.7864768683274022,0,360
POLYIC_20190531_polyic_m__E3_P1_11,adapted,32,last 20%,True,0.6456571867794004,0,461
POLYIC_20190531_polyic_m__E3_P1_11,adapted,33,last 20%,True,0.48868778280542985,0,452
POLYIC_20190531_polyic_m__E3_P1_11,adapted,34,last 20%,True,0.10919540229885058,0,310
POLYIC_20190531_polyic_m__E3_P1_11,adapted,35,outside,False,1.0,0,0
POLYIC_20190531_polyic_m__E3_P1_11,adapted,36,outside,False,1.0,0,0
POLYIC_20190531_polyic_m__E3_P1_11,adapted,37,outside,False,1.0,0,0
POLYIC_20190531_polyic_m__E3_P1_12,adapted,0,first 20%,True,0.7540983606557377,360,75
POLYIC_20190531_polyic_m__E3_P1_12,adapted,1,first 20%,True,0.9198763002530222,18,267
POLYIC_20190531_polyic_m__E3_P1_12,adapted,2,first 20%,True,0.9352963967454475,84,250
POLYIC_20190531_polyic_m__E3_P1_12,adapted,3,first 20%,True,0.9363790186125212,50,326
POLYIC_20190531_polyic_m__E3_P1_12,adapted,4,first 20%,True,0.934233244388636,46,373
POLYIC_20190531_polyic_m__E3_P1_12,adapted,5,first 20%,True,0.9236935866983373,30,484
POLYIC_20190531_polyic_m__E3_P1_12,adapted,6,first 20%,True,0.9279396839205452,18,479
POLYIC_20190531_polyic_m__E3_P1_12,adapted,7,middle 60%,True,0.939699863574352,27,415
POLYIC_20190531_polyic_m__E3_P1_12,adapted,8,middle 60%,True,0.9637065637065637,68,214
POLYIC_20190531_polyic_m__E3_P1_12,adapted,9,middle 60%,True,0.9603960396039604,96,240
POLYIC_20190531_polyic_m__E3_P1_12,adapted,10,middle 60%,True,0.9572125751901033,83,294
POLYIC_20190531_polyic_m__E3_P1_12,adapted,11,middle 60%,True,0.9620758483033932,82,260
POLYIC_20190531_polyic_m__E3_P1_12,adapted,12,middle 60%,True,0.9648176127778977,63,263
POLYIC_20190531_polyic_m__E3_P1_12,adapted,13,middle 60%,True,0.9643835616438357,81,257
POLYIC_20190531_polyic_m__E3_P1_12,adapted,14,middle 60%,True,0.9623082393579193,81,290
POLYIC_20190531_polyic_m__E3_P1_12,adapted,15,middle 60%,True,0.9618517782634611,78,306
POLYIC_20190531_polyic_m__E3_P1_12,adapted,16,middle 60%,True,0.960668633235005,87,313
POLYIC_20190531_polyic_m__E3_P1_12,adapted,17,middle 60%,True,0.9693521014275731,39,268
POLYIC_20190531_polyic_m__E3_P1_12,adapted,18,middle 60%,True,0.967191467750127,44,279
POLYIC_20190531_polyic_m__E3_P1_12,adapted,19,middle 60%,True,0.959506855138697,29,352
POLYIC_20190531_polyic_m__E3_P1_12,adapted,20,middle 60%,True,0.965924276169265,57,249
POLYIC_20190531_polyic_m__E3_P1_12,adapted,21,middle 60%,True,0.9552524527398899,54,320
POLYIC_20190531_polyic_m__E3_P1_12,adapted,22,middle 60%,True,0.9477746333933625,58,348
POLYIC_20190531_polyic_m__E3_P1_12,adapted,23,middle 60%,True,0.9521517553793885,20,318
POLYIC_20190531_polyic_m__E3_P1_12,adapted,24,middle 60%,True,0.9463263727764888,32,315
POLYIC_20190531_polyic_m__E3_P1_12,adapted,25,middle 60%,True,0.9249324932493249,16,401
POLYIC_20190531_polyic_m__E3_P1_12,adapted,26,middle 60%,True,0.9108411643364658,13,376
POLYIC_20190531_polyic_m__E3_P1_12,adapted,27,middle 60%,True,0.8833602584814216,88,273
POLYIC_20190531_polyic_m__E3_P1_12,adapted,28,last 20%,True,0.8860759493670886,87,156
POLYIC_20190531_polyic_m__E3_P1_12,adapted,29,last 20%,True,0.8861788617886179,20,204
POLYIC_20190531_polyic_m__E3_P1_12,adapted,30,last 20%,True,0.827661909989023,0,314
POLYIC_20190531_polyic_m__E3_P1_12,adapted,31,last 20%,True,0.718856364874064,0,413
POLYIC_20190531_polyic_m__E3_P1_12,adapted,32,last 20%,True,0.46605876393110435,0,527
POLYIC_20190531_polyic_m__E3_P1_12,adapted,33,last 20%,True,0.0,0,420
POLYIC_20190531_polyic_m__E3_P1_12,adapted,34,last 20%,True,0.0,0,238
POLYIC_20190531_polyic_m__E3_P1_12,adapted,35,outside,False,1.0,0,0
POLYIC_20190531_polyic_m__E3_P1_12,adapted,36,outside,False,1.0,0,0
POLYIC_20190531_polyic_m__E3_P1_12,adapted,37,outside,False,1.0,0,0
POLYIC_20190531_polyic_m__E3_P1_13,adapted,0,first 20%,True,0.7019089574155654,344,62
POLYIC_20190531_polyic_m__E3_P1_13,adapted,1,first 20%,True,0.908753709198813,103,143
POLYIC_20190531_polyic_m__E3_P1_13,adapted,2,first 20%,True,0.9283475145544111,69,251
POLYIC_20190531_polyic_m__E3_P1_13,adapted,3,first 20%,True,0.9284525790349417,57,330
POLYIC_20190531_polyic_m__E3_P1_13,adapted,4,first 20%,True,0.9356066876344976,38,351
POLYIC_20190531_polyic_m__E3_P1_13,adapted,5,first 20%,True,0.9456027590531432,26,321
POLYIC_20190531_polyic_m__E3_P1_13,adapted,6,first 20%,True,0.9136304253157207,20,575
POLYIC_20190531_polyic_m__E3_P1_13,adapted,7,first 20%,True,0.9194081310156587,33,528
POLYIC_20190531_polyic_m__E3_P1_13,adapted,8,middle 60%,True,0.9467723669309174,62,314
POLYIC_20190531_polyic_m__E3_P1_13,adapted,9,middle 60%,True,0.969047619047619,56,178
POLYIC_20190531_polyic_m__E3_P1_13,adapted,10,middle 60%,True,0.9536490390654441,49,320
POLYIC_20190531_polyic_m__E3_P1_13,adapted,11,middle 60%,True,0.9582887700534759,34,317
POLYIC_20190531_polyic_m__E3_P1_13,adapted,12,middle 60%,True,0.9554140127388535,45,347
POLYIC_20190531_polyic_m__E3_P1_13,adapted,13,middle 60%,True,0.9551029347349979,50,360
POLYIC_20190531_polyic_m__E3_P1_13,adapted,14,middle 60%,True,0.9577194106342088,11,385
POLYIC_20190531_polyic_m__E3_P1_13,adapted,15,middle 60%,True,0.9614578969417679,8,360
POLYIC_20190531_polyic_m__E3_P1_13,adapted,16,middle 60%,True,0.9598352214212152,12,378
POLYIC_20190531_polyic_m__E3_P1_13,adapted,17,middle 60%,True,0.9578805753906654,39,368
POLYIC_20190531_polyic_m__E3_P1_13,adapted,18,middle 60%,True,0.959864449857037,30,349
POLYIC_20190531_polyic_m__E3_P1_13,adapted,19,middle 60%,True,0.9547760388559093,31,388
POLYIC_20190531_polyic_m__E3_P1_13,adapted,20,middle 60%,True,0.959919615942838,46,313
POLYIC_20190531_polyic_m__E3_P1_13,adapted,21,middle 60%,True,0.9581505631298163,47,306
POLYIC_20190531_polyic_m__E3_P1_13,adapted,22,middle 60%,True,0.9603910754575081,25,291
POLYIC_20190531_polyic_m__E3_P1_13,adapted,23,middle 60%,True,0.9617690155854536,26,261
POLYIC_20190531_polyic_m__E3_P1_13,adapted,24,middle 60%,True,0.9509903137198207,52,287
POLYIC_20190531_polyic_m__E3_P1_13,adapted,25,middle 60%,True,0.9488888888888889,34,288
POLYIC_20190531_polyic_m__E3_P1_13,adapted,26,middle 60%,True,0.9416455237404857,13,309
POLYIC_20190531_polyic_m__E3_P1_13,adapted,27,middle 60%,True,0.927909604519774,30,289
POLYIC_20190531_polyic_m__E3_P1_13,adapted,28,middle 60%,True,0.9070321811680572,71,241
POLYIC_20190531_polyic_m__E3_P1_13,adapted,29,middle 60%,True,0.883883495145631,96,203
POLYIC_20190531_polyic_m__E3_P1_13,adapted,30,last 20%,True,0.8997429305912596,41,154
POLYIC_20190531_polyic_m__E3_P1_13,adapted,31,last 20%,True,0.90464048954615,12,175
POLYIC_20190531_polyic_m__E3_P1_13,adapted,32,last 20%,True,0.8531390134529148,0,262
POLYIC_20190531_polyic_m__E3_P1_13,adapted,33,last 20%,True,0.8054237288135593,0,287
POLYIC_20190531_polyic_m__E3_P1_13,adapted,34,last 20%,True,0.6961429915333961,3,320
POLYIC_20190531_polyic_m__E3_P1_13,adapted,35,last 20%,True,0.4146341463414634,0,288
POLYIC_20190531_polyic_m__E3_P1_13,adapted,36,last 20%,True,0.0,0,202
POLYIC_20190531_polyic_m__E3_P1_13,adapted,37,outside,False,1.0,0,0
POLYIC_20190531_polyic_m__E3_P1_2,adapted,0,first 20%,True,0.7430129516019086,327,50
POLYIC_20190531_polyic_m__E3_P1_2,adapted,1,first 20%,True,0.903448275862069,155,69
POLYIC_20190531_polyic_m__E3_P1_2,adapted,2,first 20%,True,0.9355163727959698,133,123
POLYIC_20190531_polyic_m__E3_P1_2,adapted,3,first 20%,True,0.9348540498743476,44,293
POLYIC_20190531_polyic_m__E3_P1_2,adapted,4,first 20%,True,0.9275609340378388,33,392
POLYIC_20190531_polyic_m__E3_P1_2,adapted,5,first 20%,True,0.9313217035989313,14,423
POLYIC_20190531_polyic_m__E3_P1_2,adapted,6,first 20%,True,0.8893320039880359,55,722
POLYIC_20190531_polyic_m__E3_P1_2,adapted,7,first 20%,True,0.9002181025081788,127,605
POLYIC_20190531_polyic_m__E3_P1_2,adapted,8,middle 60%,True,0.9229044014578077,194,356
POLYIC_20190531_polyic_m__E3_P1_2,adapted,9,middle 60%,True,0.9290681502086231,299,262
POLYIC_20190531_polyic_m__E3_P1_2,adapted,10,middle 60%,True,0.9081119044832027,438,347
POLYIC_20190531_polyic_m__E3_P1_2,adapted,11,middle 60%,True,0.9079863028830222,464,369
POLYIC_20190531_polyic_m__E3_P1_2,adapted,12,middle 60%,True,0.9100794646591385,516,344
POLYIC_20190531_polyic_m__E3_P1_2,adapted,13,middle 60%,True,0.91409003927888,461,392
POLYIC_20190531_polyic_m__E3_P1_2,adapted,14,middle 60%,True,0.9182659522649781,408,431
POLYIC_20190531_polyic_m__E3_P1_2,adapted,15,middle 60%,True,0.9462178371058232,222,334
POLYIC_20190531_polyic_m__E3_P1_2,adapted,16,middle 60%,True,0.9592995285288175,135,288
POLYIC_20190531_polyic_m__E3_P1_2,adapted,17,middle 60%,True,0.9658160808858931,70,285
POLYIC_20190531_polyic_m__E3_P1_2,adapted,18,middle 60%,True,0.9662553027381412,75,275
POLYIC_20190531_polyic_m__E3_P1_2,adapted,19,middle 60%,True,0.9600157186364083,69,338
POLYIC_20190531_polyic_m__E3_P1_2,adapted,20,middle 60%,True,0.9502918092171463,222,272
POLYIC_20190531_polyic_m__E3_P1_2,adapted,21,middle 60%,True,0.9427907958623601,286,256
POLYIC_20190531_polyic_m__E3_P1_2,adapted,22,middle 60%,True,0.9219469414602061,473,239
POLYIC_20190531_polyic_m__E3_P1_2,adapted,23,middle 60%,True,0.9178836485515921,354,332
POLYIC_20190531_polyic_m__E3_P1_2,adapted,24,middle 60%,True,0.904258064516129,432,310
POLYIC_20190531_polyic_m__E3_P1_2,adapted,25,middle 60%,True,0.9065743944636678,332,316
POLYIC_20190531_polyic_m__E3_P1_2,adapted,26,middle 60%,True,0.9235733695652174,110,340
POLYIC_20190531_polyic_m__E3_P1_2,adapted,27,middle 60%,True,0.9238174968606111,32,332
POLYIC_20190531_polyic_m__E3_P1_2,adapted,28,middle 60%,True,0.9046708549576619,52,297
POLYIC_20190531_polyic_m__E3_P1_2,adapted,29,middle 60%,True,0.895039539899353,52,240
POLYIC_20190531_polyic_m__E3_P1_2,adapted,30,last 20%,True,0.8778705636743215,6,228
POLYIC_20190531_polyic_m__E3_P1_2,adapted,31,last 20%,True,0.8779956427015251,0,224
POLYIC_20190531_polyic_m__E3_P1_2,adapted,32,last 20%,True,0.84375,0,280
POLYIC_20190531_polyic_m__E3_P1_2,adapted,33,last 20%,True,0.7463863337713534,0,386
POLYIC_20190531_polyic_m__E3_P1_2,adapted,34,last 20%,True,0.6599832915622389,0,407
POLYIC_20190531_polyic_m__E3_P1_2,adapted,35,last 20%,True,0.5294964028776978,0,327
POLYIC_20190531_polyic_m__E3_P1_2,adapted,36,last 20%,True,0.46296296296296297,0,232
POLYIC_20190531_polyic_m__E3_P1_2,adapted,37,outside,False,0.0,50,0
POLYIC_20190531_polyic_m__E3_P1_3,adapted,0,first 20%,True,0.8013745704467354,340,238
POLYIC_20190531_polyic_m__E3_P1_3,adapted,1,first 20%,True,0.7567930224756793,592,133
POLYIC_20190531_polyic_m__E3_P1_3,adapted,2,first 20%,True,0.7494242284661446,1010,78
POLYIC_20190531_polyic_m__E3_P1_3,adapted,3,first 20%,True,0.7729126041482006,1085,196
POLYIC_20190531_polyic_m__E3_P1_3,adapted,4,first 20%,True,0.7735501687634244,1211,265
POLYIC_20190531_polyic_m__E3_P1_3,adapted,5,first 20%,True,0.7617214354461708,1269,464
POLYIC_20190531_polyic_m__E3_P1_3,adapted,6,first 20%,True,0.784728492196569,1083,586
POLYIC_20190531_polyic_m__E3_P1_3,adapted,7,first 20%,True,0.7990619600098741,1114,514
POLYIC_20190531_polyic_m__E3_P1_3,adapted,8,middle 60%,True,0.8121827411167513,1140,414
POLYIC_20190531_polyic_m__E3_P1_3,adapted,9,middle 60%,True,0.8414096916299559,917,379
POLYIC_20190531_polyic_m__E3_P1_3,adapted,10,middle 60%,True,0.8531073446327684,839,461
POLYIC_20190531_polyic_m__E3_P1_3,adapted,11,middle 60%,True,0.8729955099422707,618,570
POLYIC_20190531_polyic_m__E3_P1_3,adapted,12,middle 60%,True,0.8956005235075003,491,546
POLYIC_20190531_polyic_m__E3_P1_3,adapted,13,middle 60%,True,0.9215950683875939,283,531
POLYIC_20190531_polyic_m__E3_P1_3,adapted,14,middle 60%,True,0.9515386032798968,129,397
POLYIC_20190531_polyic_m__E3_P1_3,adapted,15,middle 60%,True,0.9550431763553815,70,435
POLYIC_20190531_polyic_m__E3_P1_3,adapted,16,middle 60%,True,0.9595181149791833,45,412
POLYIC_20190531_polyic_m__E3_P1_3,adapted,17,middle 60%,True,0.9609388998387386,50,386
POLYIC_20190531_polyic_m__E3_P1_3,adapted,18,middle 60%,True,0.9654146522870956,79,293
POLYIC_20190531_polyic_m__E3_P1_3,adapted,19,middle 60%,True,0.9588461538461538,64,364
POLYIC_20190531_polyic_m__E3_P1_3,adapted,20,middle 60%,True,0.9565391950215798,33,400
POLYIC_20190531_polyic_m__E3_P1_3,adapted,21,middle 60%,True,0.9488025545502927,10,471
POLYIC_20190531_polyic_m__E3_P1_3,adapted,22,middle 60%,True,0.9372838367535162,9,535
POLYIC_20190531_polyic_m__E3_P1_3,adapted,23,middle 60%,True,0.9229967426710097,3,588
POLYIC_20190531_polyic_m__E3_P1_3,adapted,24,middle 60%,True,0.9182034503271862,9,541
POLYIC_20190531_polyic_m__E3_P1_3,adapted,25,middle 60%,True,0.9270851547473334,24,393
POLYIC_20190531_polyic_m__E3_P1_3,adapted,26,middle 60%,True,0.916020942408377,23,378
POLYIC_20190531_polyic_m__E3_P1_3,adapted,27,middle 60%,True,0.8957055214723927,35,373
POLYIC_20190531_polyic_m__E3_P1_3,adapted,28,middle 60%,True,0.8832455868689997,28,349
POLYIC_20190531_polyic_m__E3_P1_3,adapted,29,last 20%,True,0.8649245491350754,11,356
POLYIC_20190531_polyic_m__E3_P1_3,adapted,30,last 20%,True,0.8276773909211106,1,390
POLYIC_20190531_polyic_m__E3_P1_3,adapted,31,last 20%,True,0.8013172338090011,0,362
POLYIC_20190531_polyic_m__E3_P1_3,adapted,32,last 20%,True,0.7862829148805879,0,349
POLYIC_20190531_polyic_m__E3_P1_3,adapted,33,last 20%,True,0.6260296540362438,0,454
POLYIC_20190531_polyic_m__E3_P1_3,adapted,34,last 20%,True,0.649164677804296,0,294
POLYIC_20190531_polyic_m__E3_P1_3,adapted,35,last 20%,True,0.29457364341085274,0,273
POLYIC_20190531_polyic_m__E3_P1_3,adapted,36,outside,False,1.0,0,0
POLYIC_20190531_polyic_m__E3_P1_3,adapted,37,outside,False,1.0,0,0
POLYIC_20190531_polyic_m__E3_P1_4,adapted,0,first 20%,True,0.5410103204780011,783,62
POLYIC_20190531_polyic_m__E3_P1_4,adapted,1,first 20%,True,0.9065616797900262,13,343
POLYIC_20190531_polyic_m__E3_P1_4,adapted,2,first 20%,True,0.9541044776119403,40,206
POLYIC_20190531_polyic_m__E3_P1_4,adapted,3,first 20%,True,0.9566343042071197,33,235
POLYIC_20190531_polyic_m__E3_P1_4,adapted,4,first 20%,True,0.9556135770234987,36,253
POLYIC_20190531_polyic_m__E3_P1_4,adapted,5,first 20%,True,0.9398765963552878,7,412
POLYIC_20190531_polyic_m__E3_P1_4,adapted,6,first 20%,True,0.9188960856096874,10,566
POLYIC_20190531_polyic_m__E3_P1_4,adapted,7,middle 60%,True,0.9350512753089666,87,407
POLYIC_20190531_polyic_m__E3_P1_4,adapted,8,middle 60%,True,0.9482316760635572,61,343
POLYIC_20190531_polyic_m__E3_P1_4,adapted,9,middle 60%,True,0.9555816686251469,85,293
POLYIC_20190531_polyic_m__E3_P1_4,adapted,10,middle 60%,True,0.948797606719595,45,400
POLYIC_20190531_polyic_m__E3_P1_4,adapted,11,middle 60%,True,0.9598018241189056,63,294
POLYIC_20190531_polyic_m__E3_P1_4,adapted,12,middle 60%,True,0.9591167468299082,39,335
POLYIC_20190531_polyic_m__E3_P1_4,adapted,13,middle 60%,True,0.95020247345956,20,435
POLYIC_20190531_polyic_m__E3_P1_4,adapted,14,middle 60%,True,0.9590336134453782,16,374
POLYIC_20190531_polyic_m__E3_P1_4,adapted,15,middle 60%,True,0.950632911392405,11,457
POLYIC_20190531_polyic_m__E3_P1_4,adapted,16,middle 60%,True,0.9578527993289998,20,382
POLYIC_20190531_polyic_m__E3_P1_4,adapted,17,middle 60%,True,0.9584833721669138,21,371
POLYIC_20190531_polyic_m__E3_P1_4,adapted,18,middle 60%,True,0.9588863709938491,9,372
POLYIC_20190531_polyic_m__E3_P1_4,adapted,19,middle 60%,True,0.9564240790655885,24,364
POLYIC_20190531_polyic_m__E3_P1_4,adapted,20,middle 60%,True,0.96,28,315
POLYIC_20190531_polyic_m__E3_P1_4,adapted,21,middle 60%,True,0.9495570866141733,15,395
POLYIC_20190531_polyic_m__E3_P1_4,adapted,22,middle 60%,True,0.9592002161577952,40,262
POLYIC_20190531_polyic_m__E3_P1_4,adapted,23,middle 60%,True,0.9568480300187617,49,250
POLYIC_20190531_polyic_m__E3_P1_4,adapted,24,middle 60%,True,0.9460338101430429,26,306
POLYIC_20190531_polyic_m__E3_P1_4,adapted,25,middle 60%,True,0.9473312124425592,24,274
POLYIC_20190531_polyic_m__E3_P1_4,adapted,26,middle 60%,True,0.9243079584775087,75,275
POLYIC_20190531_polyic_m__E3_P1_4,adapted,27,middle 60%,True,0.8981429375351716,153,209
POLYIC_20190531_polyic_m__E3_P1_4,adapted,28,last 20%,True,0.8622390891840607,244,119
POLYIC_20190531_polyic_m__E3_P1_4,adapted,29,last 20%,True,0.9179512680258578,41,124
POLYIC_20190531_polyic_m__E3_P1_4,adapted,30,last 20%,True,0.9016475287069395,12,185
POLYIC_20190531_polyic_m__E3_P1_4,adapted,31,last 20%,True,0.8738938053097345,3,225
POLYIC_20190531_polyic_m__E3_P1_4,adapted,32,last 20%,True,0.8184862692565305,0,271
POLYIC_20190531_polyic_m__E3_P1_4,adapted,33,last 20%,True,0.7354345749761223,0,277
POLYIC_20190531_polyic_m__E3_P1_4,adapted,34,last 20%,True,0.647834274952919,8,179
POLYIC_20190531_polyic_m__E3_P1_4,adapted,35,outside,False,0.0,9,0
POLYIC_20190531_polyic_m__E3_P1_4,adapted,36,outside,False,1.0,0,0
POLYIC_20190531_polyic_m__E3_P1_4,adapted,37,outside,False,0.0,9,0
POLYIC_20190531_polyic_m__E3_P1_5,adapted,0,first 20%,True,0.8546731496488384,265,4
POLYIC_20190531_polyic_m__E3_P1_5,adapted,1,first 20%,True,0.9300864100549883,93,85
POLYIC_20190531_polyic_m__E3_P1_5,adapted,2,first 20%,True,0.9272683045487716,79,220
POLYIC_20190531_polyic_m__E3_P1_5,adapted,3,first 20%,True,0.9312148808370471,52,303
POLYIC_20190531_polyic_m__E3_P1_5,adapted,4,first 20%,True,0.9311255945041396,48,343
POLYIC_20190531_polyic_m__E3_P1_5,adapted,5,first 20%,True,0.9422766849403418,25,333
POLYIC_20190531_polyic_m__E3_P1_5,adapted,6,first 20%,True,0.8976239366383103,3,695
POLYIC_20190531_polyic_m__E3_P1_5,adapted,7,first 20%,True,0.9235758601240834,28,514
POLYIC_20190531_polyic_m__E3_P1_5,adapted,8,middle 60%,True,0.9390796201607012,36,381
POLYIC_20190531_polyic_m__E3_P1_5,adapted,9,middle 60%,True,0.9555189456342669,79,245
POLYIC_20190531_polyic_m__E3_P1_5,adapted,10,middle 60%,True,0.9465629703963874,169,257
POLYIC_20190531_polyic_m__E3_P1_5,adapted,11,middle 60%,True,0.9461520133428639,106,346
POLYIC_20190531_polyic_m__E3_P1_5,adapted,12,middle 60%,True,0.9464857111331788,134,351
POLYIC_20190531_polyic_m__E3_P1_5,adapted,13,middle 60%,True,0.9546313799621928,64,368
POLYIC_20190531_polyic_m__E3_P1_5,adapted,14,middle 60%,True,0.9561696527988662,52,381
POLYIC_20190531_polyic_m__E3_P1_5,adapted,15,middle 60%,True,0.959937001673393,71,336
POLYIC_20190531_polyic_m__E3_P1_5,adapted,16,middle 60%,True,0.9649020748497188,80,282
POLYIC_20190531_polyic_m__E3_P1_5,adapted,17,middle 60%,True,0.9706718979892104,92,207
POLYIC_20190531_polyic_m__E3_P1_5,adapted,18,middle 60%,True,0.9688473520249221,72,248
POLYIC_20190531_polyic_m__E3_P1_5,adapted,19,middle 60%,True,0.9652289181197105,65,276
POLYIC_20190531_polyic_m__E3_P1_5,adapted,20,middle 60%,True,0.9609951507484714,104,266
POLYIC_20190531_polyic_m__E3_P1_5,adapted,21,middle 60%,True,0.9642499164717675,85,236
POLYIC_20190531_polyic_m__E3_P1_5,adapted,22,middle 60%,True,0.9528122020972355,111,285
POLYIC_20190531_polyic_m__E3_P1_5,adapted,23,middle 60%,True,0.9608909608909609,41,261
POLYIC_20190531_polyic_m__E3_P1_5,adapted,24,middle 60%,True,0.958004873154651,25,268
POLYIC_20190531_polyic_m__E3_P1_5,adapted,25,middle 60%,True,0.9508885298869144,12,292
POLYIC_20190531_polyic_m__E3_P1_5,adapted,26,middle 60%,True,0.9384231728371379,16,305
POLYIC_20190531_polyic_m__E3_P1_5,adapted,27,middle 60%,True,0.9286906749344145,52,247
POLYIC_20190531_polyic_m__E3_P1_5,adapted,28,middle 60%,True,0.8986217457886677,79,252
POLYIC_20190531_polyic_m__E3_P1_5,adapted,29,middle 60%,True,0.8765173712850565,14,281
POLYIC_20190531_polyic_m__E3_P1_5,adapted,30,last 20%,True,0.861455525606469,4,253
POLYIC_20190531_polyic_m__E3_P1_5,adapted,31,last 20%,True,0.8244444444444444,0,316
POLYIC_20190531_polyic_m__E3_P1_5,adapted,32,last 20%,True,0.702803738317757,0,477
POLYIC_20190531_polyic_m__E3_P1_5,adapted,33,last 20%,True,0.600754716981132,0,529
POLYIC_20190531_polyic_m__E3_P1_5,adapted,34,last 20%,True,0.46744930629669157,0,499
POLYIC_20190531_polyic_m__E3_P1_5,adapted,35,last 20%,True,0.2905263157894737,0,337
POLYIC_20190531_polyic_m__E3_P1_5,adapted,36,last 20%,True,0.0,0,219
POLYIC_20190531_polyic_m__E3_P1_5,adapted,37,outside,False,1.0,0,0
POLYIC_20190531_polyic_m__E3_P1_6,adapted,0,first 20%,True,0.7764350453172205,286,10
POLYIC_20190531_polyic_m__E3_P1_6,adapted,1,first 20%,True,0.8803418803418803,146,106
POLYIC_20190531_polyic_m__E3_P1_6,adapted,2,first 20%,True,0.9347705914870094,64,172
POLYIC_20190531_polyic_m__E3_P1_6,adapted,3,first 20%,True,0.9200666111573689,20,364
POLYIC_20190531_polyic_m__E3_P1_6,adapted,4,first 20%,True,0.9021479713603818,38,495
POLYIC_20190531_polyic_m__E3_P1_6,adapted,5,first 20%,True,0.8975791433891993,41,564
POLYIC_20190531_polyic_m__E3_P1_6,adapted,6,first 20%,True,0.8700830590816486,170,659
POLYIC_20190531_polyic_m__E3_P1_6,adapted,7,first 20%,True,0.8746848583716447,194,651
POLYIC_20190531_polyic_m__E3_P1_6,adapted,8,middle 60%,True,0.8675573627650305,361,551
POLYIC_20190531_polyic_m__E3_P1_6,adapted,9,middle 60%,True,0.8800116211504939,352,474
POLYIC_20190531_polyic_m__E3_P1_6,adapted,10,middle 60%,True,0.8728414442700158,519,453
POLYIC_20190531_polyic_m__E3_P1_6,adapted,11,middle 60%,True,0.858484884981332,587,588
POLYIC_20190531_polyic_m__E3_P1_6,adapted,12,middle 60%,True,0.8623853211009175,647,598
POLYIC_20190531_polyic_m__E3_P1_6,adapted,13,middle 60%,True,0.8732020809956136,658,585
POLYIC_20190531_polyic_m__E3_P1_6,adapted,14,middle 60%,True,0.9015544041450777,515,492
POLYIC_20190531_polyic_m__E3_P1_6,adapted,15,middle 60%,True,0.9184973846885401,418,439
POLYIC_20190531_polyic_m__E3_P1_6,adapted,16,middle 60%,True,0.9460479154876439,276,296
POLYIC_20190531_polyic_m__E3_P1_6,adapted,17,middle 60%,True,0.9599077011825786,115,302
POLYIC_20190531_polyic_m__E3_P1_6,adapted,18,middle 60%,True,0.9690026954177897,162,160
POLYIC_20190531_polyic_m__E3_P1_6,adapted,19,middle 60%,True,0.96747568045593,113,218
POLYIC_20190531_polyic_m__E3_P1_6,adapted,20,middle 60%,True,0.9420926517571885,378,202
POLYIC_20190531_polyic_m__E3_P1_6,adapted,21,middle 60%,True,0.9338488870310377,402,231
POLYIC_20190531_polyic_m__E3_P1_6,adapted,22,middle 60%,True,0.9100552007793051,575,256
POLYIC_20190531_polyic_m__E3_P1_6,adapted,23,middle 60%,True,0.9150999880253862,400,309
POLYIC_20190531_polyic_m__E3_P1_6,adapted,24,middle 60%,True,0.9260535382984363,316,242
POLYIC_20190531_polyic_m__E3_P1_6,adapted,25,middle 60%,True,0.9518535609906168,48,265
POLYIC_20190531_polyic_m__E3_P1_6,adapted,26,middle 60%,True,0.9375453885257807,43,301
POLYIC_20190531_polyic_m__E3_P1_6,adapted,27,middle 60%,True,0.9233190915223747,52,289
POLYIC_20190531_polyic_m__E3_P1_6,adapted,28,middle 60%,True,0.8835616438356164,136,272
POLYIC_20190531_polyic_m__E3_P1_6,adapted,29,middle 60%,True,0.8807057920981972,38,273
POLYIC_20190531_polyic_m__E3_P1_6,adapted,30,middle 60%,True,0.8554790894653256,1,272
POLYIC_20190531_polyic_m__E3_P1_6,adapted,31,last 20%,True,0.8578171091445428,0,241
POLYIC_20190531_polyic_m__E3_P1_6,adapted,32,last 20%,True,0.8197298884321785,0,307
POLYIC_20190531_polyic_m__E3_P1_6,adapted,33,last 20%,True,0.7040673211781207,0,422
POLYIC_20190531_polyic_m__E3_P1_6,adapted,34,last 20%,True,0.5972602739726027,0,441
POLYIC_20190531_polyic_m__E3_P1_6,adapted,35,last 20%,True,0.3981191222570533,0,384
POLYIC_20190531_polyic_m__E3_P1_6,adapted,36,last 20%,True,0.30727762803234504,0,257
POLYIC_20190531_polyic_m__E3_P1_6,adapted,37,last 20%,True,0.0,17,133
POLYIC_20190531_polyic_m__E3_P1_7,adapted,0,first 20%,True,0.7139107611548556,377,59
POLYIC_20190531_polyic_m__E3_P1_7,adapted,1,first 20%,True,0.8724109362054681,260,48
POLYIC_20190531_polyic_m__E3_P1_7,adapted,2,first 20%,True,0.9304839105870794,238,45
POLYIC_20190531_polyic_m__E3_P1_7,adapted,3,first 20%,True,0.9425765017000378,182,122
POLYIC_20190531_polyic_m__E3_P1_7,adapted,4,first 20%,True,0.9469086021505376,142,174
POLYIC_20190531_polyic_m__E3_P1_7,adapted,5,first 20%,True,0.9424067426252536,113,256
POLYIC_20190531_polyic_m__E3_P1_7,adapted,6,first 20%,True,0.9319877139096094,46,419
POLYIC_20190531_polyic_m__E3_P1_7,adapted,7,first 20%,True,0.9220138203356367,24,529
POLYIC_20190531_polyic_m__E3_P1_7,adapted,8,middle 60%,True,0.9331460674157304,53,423
POLYIC_20190531_polyic_m__E3_P1_7,adapted,9,middle 60%,True,0.9631098770329234,42,237
POLYIC_20190531_polyic_m__E3_P1_7,adapted,10,middle 60%,True,0.9594266277939747,75,259
POLYIC_20190531_polyic_m__E3_P1_7,adapted,11,middle 60%,True,0.959682899207248,56,300
POLYIC_20190531_polyic_m__E3_P1_7,adapted,12,middle 60%,True,0.9638058084091894,37,297
POLYIC_20190531_polyic_m__E3_P1_7,adapted,13,middle 60%,True,0.9586933614330875,17,375
POLYIC_20190531_polyic_m__E3_P1_7,adapted,14,middle 60%,True,0.9589487623510238,23,380
POLYIC_20190531_polyic_m__E3_P1_7,adapted,15,middle 60%,True,0.9573507275464125,16,409
POLYIC_20190531_polyic_m__E3_P1_7,adapted,16,middle 60%,True,0.9610542879622345,42,354
POLYIC_20190531_polyic_m__E3_P1_7,adapted,17,middle 60%,True,0.965328645375525,32,323
POLYIC_20190531_polyic_m__E3_P1_7,adapted,18,middle 60%,True,0.965952827395638,36,309
POLYIC_20190531_polyic_m__E3_P1_7,adapted,19,middle 60%,True,0.9624257076659615,40,333
POLYIC_20190531_polyic_m__E3_P1_7,adapted,20,middle 60%,True,0.9631639361369091,59,294
POLYIC_20190531_polyic_m__E3_P1_7,adapted,21,middle 60%,True,0.9632724873542995,39,295
POLYIC_20190531_polyic_m__E3_P1_7,adapted,22,middle 60%,True,0.9551569506726457,72,308
POLYIC_20190531_polyic_m__E3_P1_7,adapted,23,middle 60%,True,0.9535121328224776,20,344
POLYIC_20190531_polyic_m__E3_P1_7,adapted,24,middle 60%,True,0.9560825031570086,33,280
POLYIC_20190531_polyic_m__E3_P1_7,adapted,25,middle 60%,True,0.9483292079207921,20,314
POLYIC_20190531_polyic_m__E3_P1_7,adapted,26,middle 60%,True,0.9291253381424707,15,378
POLYIC_20190531_polyic_m__E3_P1_7,adapted,27,middle 60%,True,0.9078330729747824,27,386
POLYIC_20190531_polyic_m__E3_P1_7,adapted,28,middle 60%,True,0.9050346698824239,89,226
POLYIC_20190531_polyic_m__E3_P1_7,adapted,29,last 20%,True,0.89501312335958,34,206
POLYIC_20190531_polyic_m__E3_P1_7,adapted,30,last 20%,True,0.9127659574468086,31,133
POLYIC_20190531_polyic_m__E3_P1_7,adapted,31,last 20%,True,0.8995265649658075,4,187
POLYIC_20190531_polyic_m__E3_P1_7,adapted,32,last 20%,True,0.8522458628841607,0,250
POLYIC_20190531_polyic_m__E3_P1_7,adapted,33,last 20%,True,0.6911412609736632,0,387
POLYIC_20190531_polyic_m__E3_P1_7,adapted,34,last 20%,True,0.7205542725173211,13,229
POLYIC_20190531_polyic_m__E3_P1_7,adapted,35,last 20%,True,0.1750841750841751,0,245
POLYIC_20190531_polyic_m__E3_P1_7,adapted,36,outside,False,1.0,0,0
POLYIC_20190531_polyic_m__E3_P1_7,adapted,37,outside,False,1.0,0,0
POLYIC_20190531_polyic_m__E3_P1_8,adapted,0,first 20%,True,0.7176391683433937,409,12
POLYIC_20190531_polyic_m__E3_P1_8,adapted,1,first 20%,True,0.9361853832442067,20,159
POLYIC_20190531_polyic_m__E3_P1_8,adapted,2,first 20%,True,0.9470833333333334,122,132
POLYIC_20190531_polyic_m__E3_P1_8,adapted,3,first 20%,True,0.9353463587921848,107,257
POLYIC_20190531_polyic_m__E3_P1_8,adapted,4,first 20%,True,0.9412919051512674,99,260
POLYIC_20190531_polyic_m__E3_P1_8,adapted,5,first 20%,True,0.945237721638161,48,301
POLYIC_20190531_polyic_m__E3_P1_8,adapted,6,first 20%,True,0.9153122326775022,7,587
POLYIC_20190531_polyic_m__E3_P1_8,adapted,7,first 20%,True,0.9313064678043883,24,455
POLYIC_20190531_polyic_m__E3_P1_8,adapted,8,middle 60%,True,0.9521078290794379,57,277
POLYIC_20190531_polyic_m__E3_P1_8,adapted,9,middle 60%,True,0.9562920903208768,142,189
POLYIC_20190531_polyic_m__E3_P1_8,adapted,10,middle 60%,True,0.9578059071729957,67,273
POLYIC_20190531_polyic_m__E3_P1_8,adapted,11,middle 60%,True,0.9608482871125612,57,279
POLYIC_20190531_polyic_m__E3_P1_8,adapted,12,middle 60%,True,0.9569517814993818,55,328
POLYIC_20190531_polyic_m__E3_P1_8,adapted,13,middle 60%,True,0.9570089430018317,56,343
POLYIC_20190531_polyic_m__E3_P1_8,adapted,14,middle 60%,True,0.9535150945367179,74,371
POLYIC_20190531_polyic_m__E3_P1_8,adapted,15,middle 60%,True,0.9625128733264675,56,308
POLYIC_20190531_polyic_m__E3_P1_8,adapted,16,middle 60%,True,0.965587873822204,54,282
POLYIC_20190531_polyic_m__E3_P1_8,adapted,17,middle 60%,True,0.9626158492137874,37,322
POLYIC_20190531_polyic_m__E3_P1_8,adapted,18,middle 60%,True,0.9667572653146561,54,264
POLYIC_20190531_polyic_m__E3_P1_8,adapted,19,middle 60%,True,0.968048359240069,79,217
POLYIC_20190531_polyic_m__E3_P1_8,adapted,20,middle 60%,True,0.966998191681736,114,178
POLYIC_20190531_polyic_m__E3_P1_8,adapted,21,middle 60%,True,0.9632741238598176,134,172
POLYIC_20190531_polyic_m__E3_P1_8,adapted,22,middle 60%,True,0.9665738161559888,79,185
POLYIC_20190531_polyic_m__E3_P1_8,adapted,23,middle 60%,True,0.9641434262948207,73,188
POLYIC_20190531_polyic_m__E3_P1_8,adapted,24,middle 60%,True,0.9593984962406015,42,228
POLYIC_20190531_polyic_m__E3_P1_8,adapted,25,middle 60%,True,0.9488340882402282,27,278
POLYIC_20190531_polyic_m__E3_P1_8,adapted,26,middle 60%,True,0.9201091192517536,22,388
POLYIC_20190531_polyic_m__E3_P1_8,adapted,27,middle 60%,True,0.9041509433962264,26,355
POLYIC_20190531_polyic_m__E3_P1_8,adapted,28,middle 60%,True,0.896551724137931,25,284
POLYIC_20190531_polyic_m__E3_P1_8,adapted,29,last 20%,True,0.8871287128712871,20,208
POLYIC_20190531_polyic_m__E3_P1_8,adapted,30,last 20%,True,0.8874666666666666,18,193
POLYIC_20190531_polyic_m__E3_P1_8,adapted,31,last 20%,True,0.8497854077253219,3,277
POLYIC_20190531_polyic_m__E3_P1_8,adapted,32,last 20%,True,0.7714101738570509,0,355
POLYIC_20190531_polyic_m__E3_P1_8,adapted,33,last 20%,True,0.6600166251039069,0,409
POLYIC_20190531_polyic_m__E3_P1_8,adapted,34,last 20%,True,0.603680981595092,19,304
POLYIC_20190531_polyic_m__E3_P1_8,adapted,35,last 20%,True,0.10638297872340426,4,248
POLYIC_20190531_polyic_m__E3_P1_8,adapted,36,outside,False,1.0,0,0
POLYIC_20190531_polyic_m__E3_P1_8,adapted,37,outside,False,1.0,0,0
POLYIC_20190531_polyic_m__E3_P1_9,adapted,0,first 20%,True,0.7620320855614974,336,20
POLYIC_20190531_polyic_m__E3_P1_9,adapted,1,first 20%,True,0.8877259752616555,149,87
POLYIC_20190531_polyic_m__E3_P1_9,adapted,2,first 20%,True,0.9232121922626025,208,54
POLYIC_20190531_polyic_m__E3_P1_9,adapted,3,first 20%,True,0.9367396593673966,59,253
POLYIC_20190531_polyic_m__E3_P1_9,adapted,4,first 20%,True,0.9488920657612581,38,248
POLYIC_20190531_polyic_m__E3_P1_9,adapted,5,first 20%,True,0.9448309335059052,8,333
POLYIC_20190531_polyic_m__E3_P1_9,adapted,6,first 20%,True,0.9303712539138214,24,443
POLYIC_20190531_polyic_m__E3_P1_9,adapted,7,first 20%,True,0.9195037507212925,2,556
POLYIC_20190531_polyic_m__E3_P1_9,adapted,8,middle 60%,True,0.9355622231747392,3,448
POLYIC_20190531_polyic_m__E3_P1_9,adapted,9,middle 60%,True,0.9461312438785504,12,373
POLYIC_20190531_polyic_m__E3_P1_9,adapted,10,middle 60%,True,0.939209726443769,54,426
POLYIC_20190531_polyic_m__E3_P1_9,adapted,11,middle 60%,True,0.9338484954923311,131,434
POLYIC_20190531_polyic_m__E3_P1_9,adapted,12,middle 60%,True,0.926871672280778,207,466
POLYIC_20190531_polyic_m__E3_P1_9,adapted,13,middle 60%,True,0.9239647666295434,238,513
POLYIC_20190531_polyic_m__E3_P1_9,adapted,14,middle 60%,True,0.9349325337331335,150,501
POLYIC_20190531_polyic_m__E3_P1_9,adapted,15,middle 60%,True,0.9535568430050337,109,380
POLYIC_20190531_polyic_m__E3_P1_9,adapted,16,middle 60%,True,0.9674995303400338,56,290
POLYIC_20190531_polyic_m__E3_P1_9,adapted,17,middle 60%,True,0.9703794832970569,10,303
POLYIC_20190531_polyic_m__E3_P1_9,adapted,18,middle 60%,True,0.9737884216481237,47,231
POLYIC_20190531_polyic_m__E3_P1_9,adapted,19,middle 60%,True,0.9304461942257218,502,240
POLYIC_20190531_polyic_m__E3_P1_9,adapted,20,middle 60%,True,0.907163323782235,768,204
POLYIC_20190531_polyic_m__E3_P1_9,adapted,21,middle 60%,True,0.8949025782326314,908,160
POLYIC_20190531_polyic_m__E3_P1_9,adapted,22,middle 60%,True,0.8797208538587848,984,188
POLYIC_20190531_polyic_m__E3_P1_9,adapted,23,middle 60%,True,0.8809888427040035,921,167
POLYIC_20190531_polyic_m__E3_P1_9,adapted,24,middle 60%,True,0.8846568451311534,780,183
POLYIC_20190531_polyic_m__E3_P1_9,adapted,25,middle 60%,True,0.9394589952769429,211,212
POLYIC_20190531_polyic_m__E3_P1_9,adapted,26,middle 60%,True,0.9217017050157259,185,288
POLYIC_20190531_polyic_m__E3_P1_9,adapted,27,middle 60%,True,0.9385567010309278,88,210
POLYIC_20190531_polyic_m__E3_P1_9,adapted,28,middle 60%,True,0.9184549356223176,124,199
POLYIC_20190531_polyic_m__E3_P1_9,adapted,29,middle 60%,True,0.9114331723027376,100,175
POLYIC_20190531_polyic_m__E3_P1_9,adapted,30,last 20%,True,0.9061154177433247,13,205
POLYIC_20190531_polyic_m__E3_P1_9,adapted,31,last 20%,True,0.8770491803278688,11,229
POLYIC_20190531_polyic_m__E3_P1_9,adapted,32,last 20%,True,0.8661670235546038,0,250
POLYIC_20190531_polyic_m__E3_P1_9,adapted,33,last 20%,True,0.8164281269446173,0,295
POLYIC_20190531_polyic_m__E3_P1_9,adapted,34,last 20%,True,0.6917922948073701,0,368
POLYIC_20190531_polyic_m__E3_P1_9,adapted,35,last 20%,True,0.6938775510204082,0,225
POLYIC_20190531_polyic_m__E3_P1_9,adapted,36,last 20%,True,0.06896551724137931,0,243
POLYIC_20190531_polyic_m__E3_P1_9,adapted,37,outside,False,1.0,0,0
POLYIC_20190531_polyic_m__E5_P1_11,adapted,0,first 20%,True,0.707808564231738,366,98
POLYIC_20190531_polyic_m__E5_P1_11,adapted,1,first 20%,True,0.8727101925786754,123,148
POLYIC_20190531_polyic_m__E5_P1_11,adapted,2,first 20%,True,0.9412081984897519,181,37
POLYIC_20190531_polyic_m__E5_P1_11,adapted,3,first 20%,True,0.9337684776348627,192,153
POLYIC_20190531_polyic_m__E5_P1_11,adapted,4,first 20%,True,0.9382875605815832,165,217
POLYIC_20190531_polyic_m__E5_P1_11,adapted,5,first 20%,True,0.9476135040745053,91,269
POLYIC_20190531_polyic_m__E5_P1_11,adapted,6,first 20%,True,0.9539691289966924,22,312
POLYIC_20190531_polyic_m__E5_P1_11,adapted,7,first 20%,True,0.9266078838174274,21,545
POLYIC_20190531_polyic_m__E5_P1_11,adapted,8,middle 60%,True,0.9251350656032931,77,505
POLYIC_20190531_polyic_m__E5_P1_11,adapted,9,middle 60%,True,0.950128033166687,28,381
POLYIC_20190531_polyic_m__E5_P1_11,adapted,10,middle 60%,True,0.9571993224167137,28,351
POLYIC_20190531_polyic_m__E5_P1_11,adapted,11,middle 60%,True,0.9539160536564258,27,399
POLYIC_20190531_polyic_m__E5_P1_11,adapted,12,middle 60%,True,0.9618859694672344,20,347
POLYIC_20190531_polyic_m__E5_P1_11,adapted,13,middle 60%,True,0.9613304764819917,48,331
POLYIC_20190531_polyic_m__E5_P1_11,adapted,14,middle 60%,True,0.9614813347856224,27,362
POLYIC_20190531_polyic_m__E5_P1_11,adapted,15,middle 60%,True,0.9605391678062122,25,379
POLYIC_20190531_polyic_m__E5_P1_11,adapted,16,middle 60%,True,0.9614525682105058,40,357
POLYIC_20190531_polyic_m__E5_P1_11,adapted,17,middle 60%,True,0.961516369902355,59,343
POLYIC_20190531_polyic_m__E5_P1_11,adapted,18,middle 60%,True,0.963379190079442,30,348
POLYIC_20190531_polyic_m__E5_P1_11,adapted,19,middle 60%,True,0.9614535233888777,13,371
POLYIC_20190531_polyic_m__E5_P1_11,adapted,20,middle 60%,True,0.9626857914977653,12,347
POLYIC_20190531_polyic_m__E5_P1_11,adapted,21,middle 60%,True,0.9727490734684979,12,238
POLYIC_20190531_polyic_m__E5_P1_11,adapted,22,middle 60%,True,0.9708222811671088,50,203
POLYIC_20190531_polyic_m__E5_P1_11,adapted,23,middle 60%,True,0.970108695652174,38,204
POLYIC_20190531_polyic_m__E5_P1_11,adapted,24,middle 60%,True,0.9691026329930145,52,178
POLYIC_20190531_polyic_m__E5_P1_11,adapted,25,middle 60%,True,0.9594970024857435,38,239
POLYIC_20190531_polyic_m__E5_P1_11,adapted,26,middle 60%,True,0.9483042476127758,10,304
POLYIC_20190531_polyic_m__E5_P1_11,adapted,27,middle 60%,True,0.9397494531716047,80,223
POLYIC_20190531_polyic_m__E5_P1_11,adapted,28,middle 60%,True,0.9042050261259019,176,209
POLYIC_20190531_polyic_m__E5_P1_11,adapted,29,middle 60%,True,0.8792769528728211,157,217
POLYIC_20190531_polyic_m__E5_P1_11,adapted,30,last 20%,True,0.8979947689625108,15,219
POLYIC_20190531_polyic_m__E5_P1_11,adapted,31,last 20%,True,0.8673205988642231,3,254
POLYIC_20190531_polyic_m__E5_P1_11,adapted,32,last 20%,True,0.868448098663926,0,256
POLYIC_20190531_polyic_m__E5_P1_11,adapted,33,last 20%,True,0.7111111111111111,0,442
POLYIC_20190531_polyic_m__E5_P1_11,adapted,34,last 20%,True,0.6148007590132827,0,406
POLYIC_20190531_polyic_m__E5_P1_11,adapted,35,last 20%,True,0.27387387387387385,0,403
POLYIC_20190531_polyic_m__E5_P1_11,adapted,36,last 20%,True,0.12698412698412698,0,220
POLYIC_20190531_polyic_m__E5_P1_11,adapted,37,outside,False,1.0,0,0
POLYIC_20190612_polyic___E10_P1_1,adapted,0,first 20%,True,0.7293233082706767,360,72
POLYIC_20190612_polyic___E10_P1_1,adapted,1,first 20%,True,0.9011976047904192,36,228
POLYIC_20190612_polyic___E10_P1_1,adapted,2,first 20%,True,0.9461050724637681,70,168
POLYIC_20190612_polyic___E10_P1_1,adapted,3,first 20%,True,0.9316208393632417,96,282
POLYIC_20190612_polyic___E10_P1_1,adapted,4,first 20%,True,0.9384816753926701,56,320
POLYIC_20190612_polyic___E10_P1_1,adapted,5,first 20%,True,0.9304254338811242,1,452
POLYIC_20190612_polyic___E10_P1_1,adapted,6,first 20%,True,0.915659140568099,15,564
POLYIC_20190612_polyic___E10_P1_1,adapted,7,first 20%,True,0.9160150593686649,15,565
POLYIC_20190612_polyic___E10_P1_1,adapted,8,middle 60%,True,0.9371241115363587,25,435
POLYIC_20190612_polyic___E10_P1_1,adapted,9,middle 60%,True,0.9645207070055477,34,241
POLYIC_20190612_polyic___E10_P1_1,adapted,10,middle 60%,True,0.9490027469246387,34,393
POLYIC_20190612_polyic___E10_P1_1,adapted,11,middle 60%,True,0.9598444113945773,37,314
POLYIC_20190612_polyic___E10_P1_1,adapted,12,middle 60%,True,0.9590009945850371,46,325
POLYIC_20190612_polyic___E10_P1_1,adapted,13,middle 60%,True,0.9582487987186332,17,374
POLYIC_20190612_polyic___E10_P1_1,adapted,14,middle 60%,True,0.9559590899603423,15,407
POLYIC_20190612_polyic___E10_P1_1,adapted,15,middle 60%,True,0.9530104306516576,1,454
POLYIC_20190612_polyic___E10_P1_1,adapted,16,middle 60%,True,0.9641845406717928,20,334
POLYIC_20190612_polyic___E10_P1_1,adapted,17,middle 60%,True,0.960394007798071,8,378
POLYIC_20190612_polyic___E10_P1_1,adapted,18,middle 60%,True,0.9722567287784679,14,254
POLYIC_20190612_polyic___E10_P1_1,adapted,19,middle 60%,True,0.9685869449472899,36,259
POLYIC_20190612_polyic___E10_P1_1,adapted,20,middle 60%,True,0.9701277068295392,48,221
POLYIC_20190612_polyic___E10_P1_1,adapted,21,middle 60%,True,0.9620608899297424,103,221
POLYIC_20190612_polyic___E10_P1_1,adapted,22,middle 60%,True,0.9655683080340615,99,180
POLYIC_20190612_polyic___E10_P1_1,adapted,23,middle 60%,True,0.9594323202570625,40,263
POLYIC_20190612_polyic___E10_P1_1,adapted,24,middle 60%,True,0.9588090764561353,58,227
POLYIC_20190612_polyic___E10_P1_1,adapted,25,middle 60%,True,0.9614655716993051,17,227
POLYIC_20190612_polyic___E10_P1_1,adapted,26,middle 60%,True,0.9473112438891906,13,278
POLYIC_20190612_polyic___E10_P1_1,adapted,27,middle 60%,True,0.9183719361367214,28,335
POLYIC_20190612_polyic___E10_P1_1,adapted,28,middle 60%,True,0.9138712601994561,46,239
POLYIC_20190612_polyic___E10_P1_1,adapted,29,middle 60%,True,0.8630600169061707,40,284
POLYIC_20190612_polyic___E10_P1_1,adapted,30,last 20%,True,0.9048152295632699,3,167
POLYIC_20190612_polyic___E10_P1_1,adapted,31,last 20%,True,0.8715832903558536,2,247
POLYIC_20190612_polyic___E10_P1_1,adapted,32,last 20%,True,0.833426808749299,0,297
POLYIC_20190612_polyic___E10_P1_1,adapted,33,last 20%,True,0.7272727272727273,0,402
POLYIC_20190612_polyic___E10_P1_1,adapted,34,last 20%,True,0.6702412868632708,0,369
POLYIC_20190612_polyic___E10_P1_1,adapted,35,last 20%,True,0.56875,2,274
POLYIC_20190612_polyic___E10_P1_1,adapted,36,last 20%,True,0.225,0,186
POLYIC_20190612_polyic___E10_P1_1,adapted,37,outside,False,1.0,0,0
POLYIC_20190612_polyic___E12_P1,adapted,0,first 20%,True,0.8574468085106383,244,24
POLYIC_20190612_polyic___E12_P1,adapted,1,first 20%,True,0.8948441596271483,54,307
POLYIC_20190612_polyic___E12_P1,adapted,2,first 20%,True,0.9065830721003135,75,372
POLYIC_20190612_polyic___E12_P1,adapted,3,first 20%,True,0.922883787661406,44,386
POLYIC_20190612_polyic___E12_P1,adapted,4,first 20%,True,0.9263854425144747,7,438
POLYIC_20190612_polyic___E12_P1,adapted,5,first 20%,True,0.9235697940503432,5,496
POLYIC_20190612_polyic___E12_P1,adapted,6,first 20%,True,0.90598044853364,22,632
POLYIC_20190612_polyic___E12_P1,adapted,7,first 20%,True,0.9166431195252897,28,562
POLYIC_20190612_polyic___E12_P1,adapted,8,middle 60%,True,0.9484536082474226,47,328
POLYIC_20190612_polyic___E12_P1,adapted,9,middle 60%,True,0.9483070560868442,90,310
POLYIC_20190612_polyic___E12_P1,adapted,10,middle 60%,True,0.9530791788856305,73,311
POLYIC_20190612_polyic___E12_P1,adapted,11,middle 60%,True,0.9591545951080503,81,263
POLYIC_20190612_polyic___E12_P1,adapted,12,middle 60%,True,0.9546896239238786,53,347
POLYIC_20190612_polyic___E12_P1,adapted,13,middle 60%,True,0.9527019680330543,47,388
POLYIC_20190612_polyic___E12_P1,adapted,14,middle 60%,True,0.9562090120583879,18,396
POLYIC_20190612_polyic___E12_P1,adapted,15,middle 60%,True,0.9626158492137874,5,354
POLYIC_20190612_polyic___E12_P1,adapted,16,middle 60%,True,0.9635459817729909,33,319
POLYIC_20190612_polyic___E12_P1,adapted,17,middle 60%,True,0.9721349256232977,18,248
POLYIC_20190612_polyic___E12_P1,adapted,18,middle 60%,True,0.9668226286686517,23,289
POLYIC_20190612_polyic___E12_P1,adapted,19,middle 60%,True,0.9643363507470826,30,297
POLYIC_20190612_polyic___E12_P1,adapted,20,middle 60%,True,0.9656042192157762,68,232
POLYIC_20190612_polyic___E12_P1,adapted,21,middle 60%,True,0.9628471804737285,92,217
POLYIC_20190612_polyic___E12_P1,adapted,22,middle 60%,True,0.9679204931437917,73,182
POLYIC_20190612_polyic___E12_P1,adapted,23,middle 60%,True,0.9648268398268398,32,228
POLYIC_20190612_polyic___E12_P1,adapted,24,middle 60%,True,0.9643119400793068,68,175
POLYIC_20190612_polyic___E12_P1,adapted,25,middle 60%,True,0.9625910931174089,33,198
POLYIC_20190612_polyic___E12_P1,adapted,26,middle 60%,True,0.9491398653702319,20,252
POLYIC_20190612_polyic___E12_P1,adapted,27,middle 60%,True,0.9331443420741791,38,245
POLYIC_20190612_polyic___E12_P1,adapted,28,middle 60%,True,0.9156850588964662,83,189
POLYIC_20190612_polyic___E12_P1,adapted,29,middle 60%,True,0.8828223435531289,52,227
POLYIC_20190612_polyic___E12_P1,adapted,30,last 20%,True,0.9158176943699732,14,143
POLYIC_20190612_polyic___E12_P1,adapted,31,last 20%,True,0.9110878661087866,2,168
POLYIC_20190612_polyic___E12_P1,adapted,32,last 20%,True,0.8454910970706491,0,269
POLYIC_20190612_polyic___E12_P1,adapted,33,last 20%,True,0.7458100558659218,0,364
POLYIC_20190612_polyic___E12_P1,adapted,34,last 20%,True,0.6889692585895117,0,344
POLYIC_20190612_polyic___E12_P1,adapted,35,last 20%,True,0.41379310344827586,0,306
POLYIC_20190612_polyic___E12_P1,adapted,36,last 20%,True,0.31654676258992803,0,190
POLYIC_20190612_polyic___E12_P1,adapted,37,outside,False,1.0,0,0
POLYIC_20190612_polyic___E3_P1,adapted,0,first 20%,True,0.6198901769371568,484,139
POLYIC_20190612_polyic___E3_P1,adapted,1,first 20%,True,0.9481441048034934,22,168
POLYIC_20190612_polyic___E3_P1,adapted,2,first 20%,True,0.9314696175499902,113,240
POLYIC_20190612_polyic___E3_P1,adapted,3,first 20%,True,0.9503218352863508,114,187
POLYIC_20190612_polyic___E3_P1,adapted,4,first 20%,True,0.9403993855606759,87,301
POLYIC_20190612_polyic___E3_P1,adapted,5,first 20%,True,0.955479958586008,47,254
POLYIC_20190612_polyic___E3_P1,adapted,6,first 20%,True,0.9364161849710982,18,433
POLYIC_20190612_polyic___E3_P1,adapted,7,first 20%,True,0.9295580110497238,85,425
POLYIC_20190612_polyic___E3_P1,adapted,8,middle 60%,True,0.9556440903054448,63,271
POLYIC_20190612_polyic___E3_P1,adapted,9,middle 60%,True,0.9537901758641602,127,254
POLYIC_20190612_polyic___E3_P1,adapted,10,middle 60%,True,0.9484676503972759,152,302
POLYIC_20190612_polyic___E3_P1,adapted,11,middle 60%,True,0.9539611031754752,131,288
POLYIC_20190612_polyic___E3_P1,adapted,12,middle 60%,True,0.9621309370988447,113,241
POLYIC_20190612_polyic___E3_P1,adapted,13,middle 60%,True,0.9652039235931853,101,236
POLYIC_20190612_polyic___E3_P1,adapted,14,middle 60%,True,0.9674739081973858,35,286
POLYIC_20190612_polyic___E3_P1,adapted,15,middle 60%,True,0.9667691697252256,21,314
POLYIC_20190612_polyic___E3_P1,adapted,16,middle 60%,True,0.973735789886319,41,227
POLYIC_20190612_polyic___E3_P1,adapted,17,middle 60%,True,0.9656197364510056,37,310
POLYIC_20190612_polyic___E3_P1,adapted,18,middle 60%,True,0.9714228416725158,38,247
POLYIC_20190612_polyic___E3_P1,adapted,19,middle 60%,True,0.9682308970099668,27,279
POLYIC_20190612_polyic___E3_P1,adapted,20,middle 60%,True,0.9662191424859247,73,239
POLYIC_20190612_polyic___E3_P1,adapted,21,middle 60%,True,0.9620804215832284,87,244
POLYIC_20190612_polyic___E3_P1,adapted,22,middle 60%,True,0.954372155946378,135,236
POLYIC_20190612_polyic___E3_P1,adapted,23,middle 60%,True,0.9307186169526512,279,258
POLYIC_20190612_polyic___E3_P1,adapted,24,middle 60%,True,0.9544605660106307,102,215
POLYIC_20190612_polyic___E3_P1,adapted,25,middle 60%,True,0.9497969130787978,22,287
POLYIC_20190612_polyic___E3_P1,adapted,26,middle 60%,True,0.9247270637808849,20,373
POLYIC_20190612_polyic___E3_P1,adapted,27,middle 60%,True,0.9198952879581151,35,271
POLYIC_20190612_polyic___E3_P1,adapted,28,middle 60%,True,0.9056463595839525,36,218
POLYIC_20190612_polyic___E3_P1,adapted,29,last 20%,True,0.9161490683229814,8,154
POLYIC_20190612_polyic___E3_P1,adapted,30,last 20%,True,0.8999492127983748,2,195
POLYIC_20190612_polyic___E3_P1,adapted,31,last 20%,True,0.8484519282998371,0,279
POLYIC_20190612_polyic___E3_P1,adapted,32,last 20%,True,0.7519788918205804,0,376
POLYIC_20190612_polyic___E3_P1,adapted,33,last 20%,True,0.6180555555555556,0,440
POLYIC_20190612_polyic___E3_P1,adapted,34,last 20%,True,0.5477178423236515,21,306
POLYIC_20190612_polyic___E3_P1,adapted,35,last 20%,True,0.0,0,280
POLYIC_20190612_polyic___E3_P1,adapted,36,outside,False,1.0,0,0
POLYIC_20190612_polyic___E3_P1,adapted,37,outside,False,1.0,0,0
POLYIC_20190612_polyic___E3_P1_1,adapted,0,first 20%,True,0.8640576725025747,246,18
POLYIC_20190612_polyic___E3_P1_1,adapted,1,first 20%,True,0.9285714285714286,76,144
POLYIC_20190612_polyic___E3_P1_1,adapted,2,first 20%,True,0.9348527198451946,62,241
POLYIC_20190612_polyic___E3_P1_1,adapted,3,first 20%,True,0.9392203953445409,50,279
POLYIC_20190612_polyic___E3_P1_1,adapted,4,first 20%,True,0.9327339327339327,9,395
POLYIC_20190612_polyic___E3_P1_1,adapted,5,first 20%,True,0.9209953343701399,14,494
POLYIC_20190612_polyic___E3_P1_1,adapted,6,first 20%,True,0.9122908251586843,27,581
POLYIC_20190612_polyic___E3_P1_1,adapted,7,first 20%,True,0.932919079226098,48,427
POLYIC_20190612_polyic___E3_P1_1,adapted,8,middle 60%,True,0.9537939805002119,32,295
POLYIC_20190612_polyic___E3_P1_1,adapted,9,middle 60%,True,0.9549933422103861,68,270
POLYIC_20190612_polyic___E3_P1_1,adapted,10,middle 60%,True,0.9569293134025842,51,289
POLYIC_20190612_polyic___E3_P1_1,adapted,11,middle 60%,True,0.9513566365191884,38,360
POLYIC_20190612_polyic___E3_P1_1,adapted,12,middle 60%,True,0.9582809463938736,39,326
POLYIC_20190612_polyic___E3_P1_1,adapted,13,middle 60%,True,0.9488888888888889,5,455
POLYIC_20190612_polyic___E3_P1_1,adapted,14,middle 60%,True,0.9480726345970054,125,364
POLYIC_20190612_polyic___E3_P1_1,adapted,15,middle 60%,True,0.9552960976122857,84,341
POLYIC_20190612_polyic___E3_P1_1,adapted,16,middle 60%,True,0.9626364399664148,50,306
POLYIC_20190612_polyic___E3_P1_1,adapted,17,middle 60%,True,0.9717478389205144,38,230
POLYIC_20190612_polyic___E3_P1_1,adapted,18,middle 60%,True,0.9681555888010258,35,263
POLYIC_20190612_polyic___E3_P1_1,adapted,19,middle 60%,True,0.967369589345172,19,275
POLYIC_20190612_polyic___E3_P1_1,adapted,20,middle 60%,True,0.9657377798081316,36,264
POLYIC_20190612_polyic___E3_P1_1,adapted,21,middle 60%,True,0.9652566134341095,61,224
POLYIC_20190612_polyic___E3_P1_1,adapted,22,middle 60%,True,0.9662425344066476,51,209
POLYIC_20190612_polyic___E3_P1_1,adapted,23,middle 60%,True,0.9655269058295964,49,197
POLYIC_20190612_polyic___E3_P1_1,adapted,24,middle 60%,True,0.9639653337387867,47,190
POLYIC_20190612_polyic___E3_P1_1,adapted,25,middle 60%,True,0.9592561284868977,33,208
POLYIC_20190612_polyic___E3_P1_1,adapted,26,middle 60%,True,0.9501557632398754,27,229
POLYIC_20190612_polyic___E3_P1_1,adapted,27,middle 60%,True,0.9350268685881779,46,220
POLYIC_20190612_polyic___E3_P1_1,adapted,28,middle 60%,True,0.9098792195726231,96,195
POLYIC_20190612_polyic___E3_P1_1,adapted,29,middle 60%,True,0.875,61,239
POLYIC_20190612_polyic___E3_P1_1,adapted,30,last 20%,True,0.9007957559681697,24,163
POLYIC_20190612_polyic___E3_P1_1,adapted,31,last 20%,True,0.8970512157268494,16,183
POLYIC_20190612_polyic___E3_P1_1,adapted,32,last 20%,True,0.8584219362059318,1,252
POLYIC_20190612_polyic___E3_P1_1,adapted,33,last 20%,True,0.8066225165562914,0,292
POLYIC_20190612_polyic___E3_P1_1,adapted,34,last 20%,True,0.7179930795847751,0,326
POLYIC_20190612_polyic___E3_P1_1,adapted,35,last 20%,True,0.6216640502354788,0,241
POLYIC_20190612_polyic___E3_P1_1,adapted,36,last 20%,True,0.34551495016611294,0,197
POLYIC_20190612_polyic___E3_P1_1,adapted,37,outside,False,1.0,0,0
POLYIC_20190612_polyic___E3_P1_2,adapted,0,first 20%,True,0.6121521862578081,627,56
POLYIC_20190612_polyic___E3_P1_2,adapted,1,first 20%,True,0.8908765652951699,47,319
POLYIC_20190612_polyic___E3_P1_2,adapted,2,first 20%,True,0.9344490934449093,116,213
POLYIC_20190612_polyic___E3_P1_2,adapted,3,first 20%,True,0.9442645304244077,77,250
POLYIC_20190612_polyic___E3_P1_2,adapted,4,first 20%,True,0.9450653234692271,72,277
POLYIC_20190612_polyic___E3_P1_2,adapted,5,first 20%,True,0.9473843362564258,35,313
POLYIC_20190612_polyic___E3_P1_2,adapted,6,first 20%,True,0.9251642387889174,13,511
POLYIC_20190612_polyic___E3_P1_2,adapted,7,first 20%,True,0.9340580746674295,35,426
POLYIC_20190612_polyic___E3_P1_2,adapted,8,middle 60%,True,0.9534136546184739,18,330
POLYIC_20190612_polyic___E3_P1_2,adapted,9,middle 60%,True,0.9545234639574263,49,327
POLYIC_20190612_polyic___E3_P1_2,adapted,10,middle 60%,True,0.949783154530929,98,342
POLYIC_20190612_polyic___E3_P1_2,adapted,11,middle 60%,True,0.9598402485023297,50,312
POLYIC_20190612_polyic___E3_P1_2,adapted,12,middle 60%,True,0.9654508503583271,86,237
POLYIC_20190612_polyic___E3_P1_2,adapted,13,middle 60%,True,0.9652566390259263,65,266
POLYIC_20190612_polyic___E3_P1_2,adapted,14,middle 60%,True,0.96226997018608,48,319
POLYIC_20190612_polyic___E3_P1_2,adapted,15,middle 60%,True,0.9691096305269533,28,278
POLYIC_20190612_polyic___E3_P1_2,adapted,16,middle 60%,True,0.9737131434282859,54,209
POLYIC_20190612_polyic___E3_P1_2,adapted,17,middle 60%,True,0.9721212121212122,50,226
POLYIC_20190612_polyic___E3_P1_2,adapted,18,middle 60%,True,0.9675231243576567,59,257
POLYIC_20190612_polyic___E3_P1_2,adapted,19,middle 60%,True,0.9684344776278032,37,260
POLYIC_20190612_polyic___E3_P1_2,adapted,20,middle 60%,True,0.9674346477625166,56,238
POLYIC_20190612_polyic___E3_P1_2,adapted,21,middle 60%,True,0.9624291115311909,98,220
POLYIC_20190612_polyic___E3_P1_2,adapted,22,middle 60%,True,0.9515826348054548,138,249
POLYIC_20190612_polyic___E3_P1_2,adapted,23,middle 60%,True,0.9578190695781907,56,255
POLYIC_20190612_polyic___E3_P1_2,adapted,24,middle 60%,True,0.954863697303739,41,262
POLYIC_20190612_polyic___E3_P1_2,adapted,25,middle 60%,True,0.9466914875613471,11,304
POLYIC_20190612_polyic___E3_P1_2,adapted,26,middle 60%,True,0.9205710838528052,5,390
POLYIC_20190612_polyic___E3_P1_2,adapted,27,middle 60%,True,0.9260156039817057,32,243
POLYIC_20190612_polyic___E3_P1_2,adapted,28,middle 60%,True,0.890539483971853,59,221
POLYIC_20190612_polyic___E3_P1_2,adapted,29,last 20%,True,0.9254341164453525,22,124
POLYIC_20190612_polyic___E3_P1_2,adapted,30,last 20%,True,0.9141135107985937,6,165
POLYIC_20190612_polyic___E3_P1_2,adapted,31,last 20%,True,0.8653739612188366,3,240
POLYIC_20190612_polyic___E3_P1_2,adapted,32,last 20%,True,0.7597765363128491,0,344
POLYIC_20190612_polyic___E3_P1_2,adapted,33,last 20%,True,0.6699314397649363,27,310
POLYIC_20190612_polyic___E3_P1_2,adapted,34,last 20%,True,0.44395604395604393,6,247
POLYIC_20190612_polyic___E3_P1_2,adapted,35,last 20%,True,0.11842105263157894,0,134
POLYIC_20190612_polyic___E3_P1_2,adapted,36,outside,False,1.0,0,0
POLYIC_20190612_polyic___E3_P1_2,adapted,37,outside,False,0.0,50,0
POLYIC_20190612_polyic___E3_P1_3,adapted,0,first 20%,True,0.5005107252298263,916,62
POLYIC_20190612_polyic___E3_P1_3,adapted,1,first 20%,True,0.8987470369116153,43,256
POLYIC_20190612_polyic___E3_P1_3,adapted,2,first 20%,True,0.9332485696122059,117,198
POLYIC_20190612_polyic___E3_P1_3,adapted,3,first 20%,True,0.9472771418661117,68,236
POLYIC_20190612_polyic___E3_P1_3,adapted,4,first 20%,True,0.9331385913664395,52,360
POLYIC_20190612_polyic___E3_P1_3,adapted,5,first 20%,True,0.9340511440107672,40,401
POLYIC_20190612_polyic___E3_P1_3,adapted,6,first 20%,True,0.9260756569448455,28,484
POLYIC_20190612_polyic___E3_P1_3,adapted,7,first 20%,True,0.938288920056101,39,401
POLYIC_20190612_polyic___E3_P1_3,adapted,8,middle 60%,True,0.946200052232959,58,354
POLYIC_20190612_polyic___E3_P1_3,adapted,9,middle 60%,True,0.9592085979482169,55,279
POLYIC_20190612_polyic___E3_P1_3,adapted,10,middle 60%,True,0.9554317548746518,43,341
POLYIC_20190612_polyic___E3_P1_3,adapted,11,middle 60%,True,0.9629046762589928,42,288
POLYIC_20190612_polyic___E3_P1_3,adapted,12,middle 60%,True,0.960741548527808,98,262
POLYIC_20190612_polyic___E3_P1_3,adapted,13,middle 60%,True,0.9619978284473398,81,269
POLYIC_20190612_polyic___E3_P1_3,adapted,14,middle 60%,True,0.9568535990671049,115,292
POLYIC_20190612_polyic___E3_P1_3,adapted,15,middle 60%,True,0.962371242379651,72,286
POLYIC_20190612_polyic___E3_P1_3,adapted,16,middle 60%,True,0.9696271470465019,64,226
POLYIC_20190612_polyic___E3_P1_3,adapted,17,middle 60%,True,0.9656688298095039,51,277
POLYIC_20190612_polyic___E3_P1_3,adapted,18,middle 60%,True,0.9665112335735481,60,256
POLYIC_20190612_polyic___E3_P1_3,adapted,19,middle 60%,True,0.9691716950082282,56,225
POLYIC_20190612_polyic___E3_P1_3,adapted,20,middle 60%,True,0.9664919079097333,75,219
POLYIC_20190612_polyic___E3_P1_3,adapted,21,middle 60%,True,0.9633734939759037,113,191
POLYIC_20190612_polyic___E3_P1_3,adapted,22,middle 60%,True,0.9620056862238304,102,192
POLYIC_20190612_polyic___E3_P1_3,adapted,23,middle 60%,True,0.9640953716690042,85,171
POLYIC_20190612_polyic___E3_P1_3,adapted,24,middle 60%,True,0.9621538461538461,77,169
POLYIC_20190612_polyic___E3_P1_3,adapted,25,middle 60%,True,0.956205643067336,50,203
POLYIC_20190612_polyic___E3_P1_3,adapted,26,middle 60%,True,0.9266554903604359,47,303
POLYIC_20190612_polyic___E3_P1_3,adapted,27,middle 60%,True,0.9242165242165242,39,227
POLYIC_20190612_polyic___E3_P1_3,adapted,28,middle 60%,True,0.9061032863849765,55,185
POLYIC_20190612_polyic___E3_P1_3,adapted,29,last 20%,True,0.91280353200883,18,140
POLYIC_20190612_polyic___E3_P1_3,adapted,30,last 20%,True,0.921161825726141,5,147
POLYIC_20190612_polyic___E3_P1_3,adapted,31,last 20%,True,0.868494683827644,0,235
POLYIC_20190612_polyic___E3_P1_3,adapted,32,last 20%,True,0.7870879120879121,0,310
POLYIC_20190612_polyic___E3_P1_3,adapted,33,last 20%,True,0.7019748653500898,0,332
POLYIC_20190612_polyic___E3_P1_3,adapted,34,last 20%,True,0.5779816513761468,35,241
POLYIC_20190612_polyic___E3_P1_3,adapted,35,last 20%,True,0.44745762711864406,14,149
POLYIC_20190612_polyic___E3_P1_3,adapted,36,outside,False,1.0,0,0
POLYIC_20190612_polyic___E3_P1_3,adapted,37,outside,False,1.0,0,0
POLYIC_20190612_polyic___E3_P1_4,adapted,0,first 20%,True,0.8311468472280998,341,58
POLYIC_20190612_polyic___E3_P1_4,adapted,1,first 20%,True,0.9132627332324761,31,313
POLYIC_20190612_polyic___E3_P1_4,adapted,2,first 20%,True,0.9180643917486023,55,370
POLYIC_20190612_polyic___E3_P1_4,adapted,3,first 20%,True,0.9158407525617336,74,427
POLYIC_20190612_polyic___E3_P1_4,adapted,4,first 20%,True,0.9256980596308566,10,461
POLYIC_20190612_polyic___E3_P1_4,adapted,5,first 20%,True,0.9062185839437025,0,653
POLYIC_20190612_polyic___E3_P1_4,adapted,6,first 20%,True,0.908861469433539,10,640
POLYIC_20190612_polyic___E3_P1_4,adapted,7,first 20%,True,0.9323371863546659,26,454
POLYIC_20190612_polyic___E3_P1_4,adapted,8,middle 60%,True,0.9488508037730836,62,323
POLYIC_20190612_polyic___E3_P1_4,adapted,9,middle 60%,True,0.9528703935823515,37,339
POLYIC_20190612_polyic___E3_P1_4,adapted,10,middle 60%,True,0.9482128111360151,120,319
POLYIC_20190612_polyic___E3_P1_4,adapted,11,middle 60%,True,0.9543442813883065,92,300
POLYIC_20190612_polyic___E3_P1_4,adapted,12,middle 60%,True,0.9577652144995011,113,268
POLYIC_20190612_polyic___E3_P1_4,adapted,13,middle 60%,True,0.9604876455861544,94,269
POLYIC_20190612_polyic___E3_P1_4,adapted,14,middle 60%,True,0.9596034173610378,64,319
POLYIC_20190612_polyic___E3_P1_4,adapted,15,middle 60%,True,0.965950759559979,29,296
POLYIC_20190612_polyic___E3_P1_4,adapted,16,middle 60%,True,0.9644087256027555,37,304
POLYIC_20190612_polyic___E3_P1_4,adapted,17,middle 60%,True,0.9675647120972002,26,281
POLYIC_20190612_polyic___E3_P1_4,adapted,18,middle 60%,True,0.9732770745428974,33,214
POLYIC_20190612_polyic___E3_P1_4,adapted,19,middle 60%,True,0.9672760099300384,29,261
POLYIC_20190612_polyic___E3_P1_4,adapted,20,middle 60%,True,0.9732216586056388,46,181
POLYIC_20190612_polyic___E3_P1_4,adapted,21,middle 60%,True,0.964964964964965,47,233
POLYIC_20190612_polyic___E3_P1_4,adapted,22,middle 60%,True,0.9684182590233545,42,196
POLYIC_20190612_polyic___E3_P1_4,adapted,23,middle 60%,True,0.9574652777777778,51,243
POLYIC_20190612_polyic___E3_P1_4,adapted,24,middle 60%,True,0.9574768554840735,63,208
POLYIC_20190612_polyic___E3_P1_4,adapted,25,middle 60%,True,0.9542529135501826,32,231
POLYIC_20190612_polyic___E3_P1_4,adapted,26,middle 60%,True,0.9376165803108808,31,270
POLYIC_20190612_polyic___E3_P1_4,adapted,27,middle 60%,True,0.9198879551820728,43,243
POLYIC_20190612_polyic___E3_P1_4,adapted,28,middle 60%,True,0.9175334323922734,48,174
POLYIC_20190612_polyic___E3_P1_4,adapted,29,last 20%,True,0.8986301369863013,8,177
POLYIC_20190612_polyic___E3_P1_4,adapted,30,last 20%,True,0.9155002592016589,11,152
POLYIC_20190612_polyic___E3_P1_4,adapted,31,last 20%,True,0.847682119205298,0,276
POLYIC_20190612_polyic___E3_P1_4,adapted,32,last 20%,True,0.7612456747404844,0,345
POLYIC_20190612_polyic___E3_P1_4,adapted,33,last 20%,True,0.6291079812206573,0,395
POLYIC_20190612_polyic___E3_P1_4,adapted,34,last 20%,True,0.5709459459459459,24,230
POLYIC_20190612_polyic___E3_P1_4,adapted,35,last 20%,True,0.16326530612244897,0,164
POLYIC_20190612_polyic___E3_P1_4,adapted,36,outside,False,1.0,0,0
POLYIC_20190612_polyic___E3_P1_4,adapted,37,outside,False,0.0,6,0
POLYIC_20190614_polyic___E3_P1,adapted,0,first 20%,True,0.8993576017130621,17,77
POLYIC_20190614_polyic___E3_P1,adapted,1,first 20%,True,0.9262851600387972,34,118
POLYIC_20190614_polyic___E3_P1,adapted,2,first 20%,True,0.9030563514804203,68,338
POLYIC_20190614_polyic___E3_P1,adapted,3,first 20%,True,0.9232223903177005,61,345
POLYIC_20190614_polyic___E3_P1,adapted,4,first 20%,True,0.919048434023618,45,428
POLYIC_20190614_polyic___E3_P1,adapted,5,first 20%,True,0.9359886201991465,45,360
POLYIC_20190614_polyic___E3_P1,adapted,6,first 20%,True,0.930847865303668,34,426
POLYIC_20190614_polyic___E3_P1,adapted,7,first 20%,True,0.9233661075766338,10,520
POLYIC_20190614_polyic___E3_P1,adapted,8,middle 60%,True,0.9376648618631126,40,409
POLYIC_20190614_polyic___E3_P1,adapted,9,middle 60%,True,0.9586997069011457,41,269
POLYIC_20190614_polyic___E3_P1,adapted,10,middle 60%,True,0.9603643525356967,59,263
POLYIC_20190614_polyic___E3_P1,adapted,11,middle 60%,True,0.9579911936213257,20,333
POLYIC_20190614_polyic___E3_P1,adapted,12,middle 60%,True,0.962409472353144,37,290
POLYIC_20190614_polyic___E3_P1,adapted,13,middle 60%,True,0.9595426561125769,56,312
POLYIC_20190614_polyic___E3_P1,adapted,14,middle 60%,True,0.949535472972973,63,415
POLYIC_20190614_polyic___E3_P1,adapted,15,middle 60%,True,0.9538303341902313,41,408
POLYIC_20190614_polyic___E3_P1,adapted,16,middle 60%,True,0.9631932604553204,10,357
POLYIC_20190614_polyic___E3_P1,adapted,17,middle 60%,True,0.9641005185480654,39,321
POLYIC_20190614_polyic___E3_P1,adapted,18,middle 60%,True,0.9611307420494699,39,346
POLYIC_20190614_polyic___E3_P1,adapted,19,middle 60%,True,0.9619626842593547,24,345
POLYIC_20190614_polyic___E3_P1,adapted,20,middle 60%,True,0.9669125395152792,40,274
POLYIC_20190614_polyic___E3_P1,adapted,21,middle 60%,True,0.9646666666666667,56,262
POLYIC_20190614_polyic___E3_P1,adapted,22,middle 60%,True,0.9567689209996447,102,263
POLYIC_20190614_polyic___E3_P1,adapted,23,middle 60%,True,0.9394463667820069,236,254
POLYIC_20190614_polyic___E3_P1,adapted,24,middle 60%,True,0.9194953830146964,377,242
POLYIC_20190614_polyic___E3_P1,adapted,25,middle 60%,True,0.8977256871773406,479,254
POLYIC_20190614_polyic___E3_P1,adapted,26,middle 60%,True,0.8906323552487054,423,274
POLYIC_20190614_polyic___E3_P1,adapted,27,middle 60%,True,0.8918866833686645,260,301
POLYIC_20190614_polyic___E3_P1,adapted,28,middle 60%,True,0.8714996074326092,288,203
POLYIC_20190614_polyic___E3_P1,adapted,29,middle 60%,True,0.8824902723735408,93,209
POLYIC_20190614_polyic___E3_P1,adapted,30,last 20%,True,0.9107142857142857,34,136
POLYIC_20190614_polyic___E3_P1,adapted,31,last 20%,True,0.9078947368421053,6,176
POLYIC_20190614_polyic___E3_P1,adapted,32,last 20%,True,0.8662280701754386,0,244
POLYIC_20190614_polyic___E3_P1,adapted,33,last 20%,True,0.8269230769230769,0,270
POLYIC_20190614_polyic___E3_P1,adapted,34,last 20%,True,0.7314487632508834,0,304
POLYIC_20190614_polyic___E3_P1,adapted,35,last 20%,True,0.4989429175475687,0,237
POLYIC_20190614_polyic___E3_P1,adapted,36,last 20%,True,0.0,0,168
POLYIC_20190614_polyic___E3_P1,adapted,37,outside,False,0.0,101,0
POLYIC_20190614_polyic___E3_P1_1,adapted,0,first 20%,True,0.8613303269447576,29,217
POLYIC_20190614_polyic___E3_P1_1,adapted,1,first 20%,True,0.8930645712333447,27,286
POLYIC_20190614_polyic___E3_P1_1,adapted,2,first 20%,True,0.9133722186217326,8,393
POLYIC_20190614_polyic___E3_P1_1,adapted,3,first 20%,True,0.9349755479079876,3,356
POLYIC_20190614_polyic___E3_P1_1,adapted,4,first 20%,True,0.9274979355904212,5,434
POLYIC_20190614_polyic___E3_P1_1,adapted,5,first 20%,True,0.9203995157384988,45,481
POLYIC_20190614_polyic___E3_P1_1,adapted,6,first 20%,True,0.8972070256262598,0,714
POLYIC_20190614_polyic___E3_P1_1,adapted,7,first 20%,True,0.8946044171093095,229,525
POLYIC_20190614_polyic___E3_P1_1,adapted,8,middle 60%,True,0.888948569893917,426,401
POLYIC_20190614_polyic___E3_P1_1,adapted,9,middle 60%,True,0.877227002787541,576,437
POLYIC_20190614_polyic___E3_P1_1,adapted,10,middle 60%,True,0.8861761048943144,668,339
POLYIC_20190614_polyic___E3_P1_1,adapted,11,middle 60%,True,0.87846300817323,784,361
POLYIC_20190614_polyic___E3_P1_1,adapted,12,middle 60%,True,0.8865440659230228,736,393
POLYIC_20190614_polyic___E3_P1_1,adapted,13,middle 60%,True,0.8783017961771203,750,517
POLYIC_20190614_polyic___E3_P1_1,adapted,14,middle 60%,True,0.899971980947044,627,444
POLYIC_20190614_polyic___E3_P1_1,adapted,15,middle 60%,True,0.9116159293663202,506,455
POLYIC_20190614_polyic___E3_P1_1,adapted,16,middle 60%,True,0.9165511505406154,516,387
POLYIC_20190614_polyic___E3_P1_1,adapted,17,middle 60%,True,0.9427952125153143,272,335
POLYIC_20190614_polyic___E3_P1_1,adapted,18,middle 60%,True,0.9363438003984441,391,280
POLYIC_20190614_polyic___E3_P1_1,adapted,19,middle 60%,True,0.919980459208598,503,316
POLYIC_20190614_polyic___E3_P1_1,adapted,20,middle 60%,True,0.8991971454058876,777,240
POLYIC_20190614_polyic___E3_P1_1,adapted,21,middle 60%,True,0.8818491383758126,868,277
POLYIC_20190614_polyic___E3_P1_1,adapted,22,middle 60%,True,0.8755780191418432,888,269
POLYIC_20190614_polyic___E3_P1_1,adapted,23,middle 60%,True,0.8715735448501108,822,279
POLYIC_20190614_polyic___E3_P1_1,adapted,24,middle 60%,True,0.8765337423312883,713,253
POLYIC_20190614_polyic___E3_P1_1,adapted,25,middle 60%,True,0.8746321365509123,510,342
POLYIC_20190614_polyic___E3_P1_1,adapted,26,middle 60%,True,0.8905633297452458,264,346
POLYIC_20190614_polyic___E3_P1_1,adapted,27,middle 60%,True,0.901434956480828,124,295
POLYIC_20190614_polyic___E3_P1_1,adapted,28,middle 60%,True,0.9070837166513339,49,254
POLYIC_20190614_polyic___E3_P1_1,adapted,29,middle 60%,True,0.858761634965601,30,319
POLYIC_20190614_polyic___E3_P1_1,adapted,30,last 20%,True,0.8812877263581489,20,216
POLYIC_20190614_polyic___E3_P1_1,adapted,31,last 20%,True,0.8721881390593047,9,241
POLYIC_20190614_polyic___E3_P1_1,adapted,32,last 20%,True,0.8280467445742905,0,309
POLYIC_20190614_polyic___E3_P1_1,adapted,33,last 20%,True,0.7352941176470589,0,378
POLYIC_20190614_polyic___E3_P1_1,adapted,34,last 20%,True,0.6788247213779128,0,317
POLYIC_20190614_polyic___E3_P1_1,adapted,35,last 20%,True,0.673721340388007,2,183
POLYIC_20190614_polyic___E3_P1_1,adapted,36,last 20%,True,0.0,0,144
POLYIC_20190614_polyic___E3_P1_1,adapted,37,outside,False,0.0,63,0
POLYIC_20190614_polyic___E3_P1_3,adapted,0,first 20%,True,0.7320490367775832,193,113
POLYIC_20190614_polyic___E3_P1_3,adapted,1,first 20%,True,0.5989492119089317,570,117
POLYIC_20190614_polyic___E3_P1_3,adapted,2,first 20%,True,0.9275956284153005,244,74
POLYIC_20190614_polyic___E3_P1_3,adapted,3,first 20%,True,0.9547410084322836,174,89
POLYIC_20190614_polyic___E3_P1_3,adapted,4,first 20%,True,0.9540893888719976,142,160
POLYIC_20190614_polyic___E3_P1_3,adapted,5,first 20%,True,0.9532244672017713,78,260
POLYIC_20190614_polyic___E3_P1_3,adapted,6,first 20%,True,0.9602348545503069,43,255
POLYIC_20190614_polyic___E3_P1_3,adapted,7,first 20%,True,0.9425951513628941,16,441
POLYIC_20190614_polyic___E3_P1_3,adapted,8,middle 60%,True,0.9506768687463214,25,394
POLYIC_20190614_polyic___E3_P1_3,adapted,9,middle 60%,True,0.953322960657924,32,388
POLYIC_20190614_polyic___E3_P1_3,adapted,10,middle 60%,True,0.9563846558066211,31,384
POLYIC_20190614_polyic___E3_P1_3,adapted,11,middle 60%,True,0.9571042895710429,58,371
POLYIC_20190614_polyic___E3_P1_3,adapted,12,middle 60%,True,0.9532838154808444,104,374
POLYIC_20190614_polyic___E3_P1_3,adapted,13,middle 60%,True,0.9407159904534607,212,409
POLYIC_20190614_polyic___E3_P1_3,adapted,14,middle 60%,True,0.9396212263266455,232,412
POLYIC_20190614_polyic___E3_P1_3,adapted,15,middle 60%,True,0.93720346078705,252,423
POLYIC_20190614_polyic___E3_P1_3,adapted,16,middle 60%,True,0.9415275575864963,276,351
POLYIC_20190614_polyic___E3_P1_3,adapted,17,middle 60%,True,0.9543599962045735,165,316
POLYIC_20190614_polyic___E3_P1_3,adapted,18,middle 60%,True,0.95931021119938,125,295
POLYIC_20190614_polyic___E3_P1_3,adapted,19,middle 60%,True,0.9658755220535805,41,294
POLYIC_20190614_polyic___E3_P1_3,adapted,20,middle 60%,True,0.9682758620689655,32,267
POLYIC_20190614_polyic___E3_P1_3,adapted,21,middle 60%,True,0.9669784740223148,53,240
POLYIC_20190614_polyic___E3_P1_3,adapted,22,middle 60%,True,0.9610421232042854,64,256
POLYIC_20190614_polyic___E3_P1_3,adapted,23,middle 60%,True,0.9617842702491196,39,254
POLYIC_20190614_polyic___E3_P1_3,adapted,24,middle 60%,True,0.9618751765038125,56,214
POLYIC_20190614_polyic___E3_P1_3,adapted,25,middle 60%,True,0.952573472243819,19,286
POLYIC_20190614_polyic___E3_P1_3,adapted,26,middle 60%,True,0.9454739843193157,1,305
POLYIC_20190614_polyic___E3_P1_3,adapted,27,middle 60%,True,0.9312834847426043,38,257
POLYIC_20190614_polyic___E3_P1_3,adapted,28,middle 60%,True,0.9098901098901099,83,204
POLYIC_20190614_polyic___E3_P1_3,adapted,29,last 20%,True,0.9064171122994652,16,194
POLYIC_20190614_polyic___E3_P1_3,adapted,30,last 20%,True,0.9422018348623853,11,115
POLYIC_20190614_polyic___E3_P1_3,adapted,31,last 20%,True,0.8939828080229226,0,222
POLYIC_20190614_polyic___E3_P1_3,adapted,32,last 20%,True,0.8093340922026181,0,335
POLYIC_20190614_polyic___E3_P1_3,adapted,33,last 20%,True,0.7365079365079366,3,329
POLYIC_20190614_polyic___E3_P1_3,adapted,34,last 20%,True,0.6343612334801763,16,233
POLYIC_20190614_polyic___E3_P1_3,adapted,35,last 20%,True,0.17142857142857143,2,201
POLYIC_20190614_polyic___E3_P1_3,adapted,36,outside,False,1.0,0,0
POLYIC_20190614_polyic___E3_P1_3,adapted,37,outside,False,1.0,0,0
POLYIC_20190614_polyic___E3_P1_4,adapted,0,first 20%,True,0.820737039350406,204,83
POLYIC_20190614_polyic___E3_P1_4,adapted,1,first 20%,True,0.9163439194422928,122,94
POLYIC_20190614_polyic___E3_P1_4,adapted,2,first 20%,True,0.940808469682387,116,130
POLYIC_20190614_polyic___E3_P1_4,adapted,3,first 20%,True,0.9377817853922452,119,226
POLYIC_20190614_polyic___E3_P1_4,adapted,4,first 20%,True,0.934793109000161,93,312
POLYIC_20190614_polyic___E3_P1_4,adapted,5,first 20%,True,0.9395629238884702,50,351
POLYIC_20190614_polyic___E3_P1_4,adapted,6,first 20%,True,0.9356607039815349,42,404
POLYIC_20190614_polyic___E3_P1_4,adapted,7,first 20%,True,0.9304191451099737,15,488
POLYIC_20190614_polyic___E3_P1_4,adapted,8,middle 60%,True,0.9399647648732891,15,428
POLYIC_20190614_polyic___E3_P1_4,adapted,9,middle 60%,True,0.9535714285714286,23,341
POLYIC_20190614_polyic___E3_P1_4,adapted,10,middle 60%,True,0.9619328226281674,39,284
POLYIC_20190614_polyic___E3_P1_4,adapted,11,middle 60%,True,0.9524343728965672,33,391
POLYIC_20190614_polyic___E3_P1_4,adapted,12,middle 60%,True,0.9580230926945074,33,356
POLYIC_20190614_polyic___E3_P1_4,adapted,13,middle 60%,True,0.9581906836808798,50,353
POLYIC_20190614_polyic___E3_P1_4,adapted,14,middle 60%,True,0.9565649537819302,57,380
POLYIC_20190614_polyic___E3_P1_4,adapted,15,middle 60%,True,0.9619047619047619,27,365
POLYIC_20190614_polyic___E3_P1_4,adapted,16,middle 60%,True,0.9673461683654209,22,324
POLYIC_20190614_polyic___E3_P1_4,adapted,17,middle 60%,True,0.9701282891656522,44,275
POLYIC_20190614_polyic___E3_P1_4,adapted,18,middle 60%,True,0.9687410926365796,28,301
POLYIC_20190614_polyic___E3_P1_4,adapted,19,middle 60%,True,0.9639516757599377,24,346
POLYIC_20190614_polyic___E3_P1_4,adapted,20,middle 60%,True,0.9707029297070293,29,264
POLYIC_20190614_polyic___E3_P1_4,adapted,21,middle 60%,True,0.9621059335527015,73,284
POLYIC_20190614_polyic___E3_P1_4,adapted,22,middle 60%,True,0.9637376378310788,84,235
POLYIC_20190614_polyic___E3_P1_4,adapted,23,middle 60%,True,0.9635429410325422,61,237
POLYIC_20190614_polyic___E3_P1_4,adapted,24,middle 60%,True,0.9580649401866702,87,232
POLYIC_20190614_polyic___E3_P1_4,adapted,25,middle 60%,True,0.9571158598633522,53,242
POLYIC_20190614_polyic___E3_P1_4,adapted,26,middle 60%,True,0.9496047430830039,58,248
POLYIC_20190614_polyic___E3_P1_4,adapted,27,middle 60%,True,0.940549405494055,36,254
POLYIC_20190614_polyic___E3_P1_4,adapted,28,middle 60%,True,0.9159403992128198,105,194
POLYIC_20190614_polyic___E3_P1_4,adapted,29,middle 60%,True,0.9015583428354238,73,186
POLYIC_20190614_polyic___E3_P1_4,adapted,30,last 20%,True,0.9397233201581028,17,105
POLYIC_20190614_polyic___E3_P1_4,adapted,31,last 20%,True,0.9312470365101944,16,129
POLYIC_20190614_polyic___E3_P1_4,adapted,32,last 20%,True,0.9155509783728115,0,164
POLYIC_20190614_polyic___E3_P1_4,adapted,33,last 20%,True,0.8316708229426434,0,270
POLYIC_20190614_polyic___E3_P1_4,adapted,34,last 20%,True,0.8296178343949044,0,214
POLYIC_20190614_polyic___E3_P1_4,adapted,35,last 20%,True,0.76875,6,142
POLYIC_20190614_polyic___E3_P1_4,adapted,36,last 20%,True,0.1414141414141414,4,166
POLYIC_20190614_polyic___E3_P1_4,adapted,37,outside,False,1.0,0,0
POLYIC_20190614_polyic___E3_P1_5,adapted,0,first 20%,True,0.6120906801007556,10,298
POLYIC_20190614_polyic___E3_P1_5,adapted,1,first 20%,True,0.6864686468646864,39,246
POLYIC_20190614_polyic___E3_P1_5,adapted,2,first 20%,True,0.9295889295889296,49,124
POLYIC_20190614_polyic___E3_P1_5,adapted,3,first 20%,True,0.8910505836575876,77,371
POLYIC_20190614_polyic___E3_P1_5,adapted,4,first 20%,True,0.9010305269298075,78,431
POLYIC_20190614_polyic___E3_P1_5,adapted,5,first 20%,True,0.9193771626297578,65,401
POLYIC_20190614_polyic___E3_P1_5,adapted,6,first 20%,True,0.9461038961038961,54,278
POLYIC_20190614_polyic___E3_P1_5,adapted,7,first 20%,True,0.934273019764057,17,412
POLYIC_20190614_polyic___E3_P1_5,adapted,8,middle 60%,True,0.9367541766109785,38,386
POLYIC_20190614_polyic___E3_P1_5,adapted,9,middle 60%,True,0.9446548208563939,24,356
POLYIC_20190614_polyic___E3_P1_5,adapted,10,middle 60%,True,0.9625968474485707,47,233
POLYIC_20190614_polyic___E3_P1_5,adapted,11,middle 60%,True,0.9488522954091816,30,380
POLYIC_20190614_polyic___E3_P1_5,adapted,12,middle 60%,True,0.9503802969938429,34,377
POLYIC_20190614_polyic___E3_P1_5,adapted,13,middle 60%,True,0.9512397674694507,21,390
POLYIC_20190614_polyic___E3_P1_5,adapted,14,middle 60%,True,0.9545093590470789,22,379
POLYIC_20190614_polyic___E3_P1_5,adapted,15,middle 60%,True,0.9570986289252543,21,367
POLYIC_20190614_polyic___E3_P1_5,adapted,16,middle 60%,True,0.9520255863539445,42,408
POLYIC_20190614_polyic___E3_P1_5,adapted,17,middle 60%,True,0.963238331268071,62,294
POLYIC_20190614_polyic___E3_P1_5,adapted,18,middle 60%,True,0.9612117490533211,46,333
POLYIC_20190614_polyic___E3_P1_5,adapted,19,middle 60%,True,0.9613225202744854,24,348
POLYIC_20190614_polyic___E3_P1_5,adapted,20,middle 60%,True,0.9662683726340277,23,296
POLYIC_20190614_polyic___E3_P1_5,adapted,21,middle 60%,True,0.9643331856446611,58,264
POLYIC_20190614_polyic___E3_P1_5,adapted,22,middle 60%,True,0.9605385329619313,119,221
POLYIC_20190614_polyic___E3_P1_5,adapted,23,middle 60%,True,0.9454634987073741,222,221
POLYIC_20190614_polyic___E3_P1_5,adapted,24,middle 60%,True,0.8997733568370687,556,240
POLYIC_20190614_polyic___E3_P1_5,adapted,25,middle 60%,True,0.8841906813897118,631,229
POLYIC_20190614_polyic___E3_P1_5,adapted,26,middle 60%,True,0.8389031705227078,907,221
POLYIC_20190614_polyic___E3_P1_5,adapted,27,middle 60%,True,0.8182425659873037,825,263
POLYIC_20190614_polyic___E3_P1_5,adapted,28,middle 60%,True,0.7221269296740995,1068,228
POLYIC_20190614_polyic___E3_P1_5,adapted,29,middle 60%,True,0.6777746399322225,971,170
POLYIC_20190614_polyic___E3_P1_5,adapted,30,last 20%,True,0.7437888198757764,545,115
POLYIC_20190614_polyic___E3_P1_5,adapted,31,last 20%,True,0.8414154652686763,225,138
POLYIC_20190614_polyic___E3_P1_5,adapted,32,last 20%,True,0.8106796116504854,197,193
POLYIC_20190614_polyic___E3_P1_5,adapted,33,last 20%,True,0.7768698931489629,65,290
POLYIC_20190614_polyic___E3_P1_5,adapted,34,last 20%,True,0.6938775510204082,100,275
POLYIC_20190614_polyic___E3_P1_5,adapted,35,last 20%,True,0.6189624329159212,54,159
POLYIC_20190614_polyic___E3_P1_5,adapted,36,last 20%,True,0.06486486486486487,26,147
POLYIC_20190614_polyic___E3_P1_5,adapted,37,outside,False,0.0,507,0
POLYIC_20190614_polyic___E3_P1_6,adapted,0,first 20%,True,0.7734187349879904,222,61
POLYIC_20190614_polyic___E3_P1_6,adapted,1,first 20%,True,0.9248090068355448,79,108
POLYIC_20190614_polyic___E3_P1_6,adapted,2,first 20%,True,0.9132194244604317,119,267
POLYIC_20190614_polyic___E3_P1_6,adapted,3,first 20%,True,0.9150255288110868,107,359
POLYIC_20190614_polyic___E3_P1_6,adapted,4,first 20%,True,0.9208250166333999,90,386
POLYIC_20190614_polyic___E3_P1_6,adapted,5,first 20%,True,0.9359156038419146,53,354
POLYIC_20190614_polyic___E3_P1_6,adapted,6,first 20%,True,0.9093537660835622,8,619
POLYIC_20190614_polyic___E3_P1_6,adapted,7,first 20%,True,0.9110096976611524,7,617
POLYIC_20190614_polyic___E3_P1_6,adapted,8,middle 60%,True,0.9349907129589942,11,444
POLYIC_20190614_polyic___E3_P1_6,adapted,9,middle 60%,True,0.9513776337115073,18,342
POLYIC_20190614_polyic___E3_P1_6,adapted,10,middle 60%,True,0.9505522088353414,11,383
POLYIC_20190614_polyic___E3_P1_6,adapted,11,middle 60%,True,0.9467753536322225,12,432
POLYIC_20190614_polyic___E3_P1_6,adapted,12,middle 60%,True,0.9523482245131729,33,383
POLYIC_20190614_polyic___E3_P1_6,adapted,13,middle 60%,True,0.9535160905840286,47,382
POLYIC_20190614_polyic___E3_P1_6,adapted,14,middle 60%,True,0.9540939035867405,6,433
POLYIC_20190614_polyic___E3_P1_6,adapted,15,middle 60%,True,0.9491005723630417,1,497
POLYIC_20190614_polyic___E3_P1_6,adapted,16,middle 60%,True,0.9591269841269842,5,407
POLYIC_20190614_polyic___E3_P1_6,adapted,17,middle 60%,True,0.9533193988255201,4,465
POLYIC_20190614_polyic___E3_P1_6,adapted,18,middle 60%,True,0.9588903407377626,19,390
POLYIC_20190614_polyic___E3_P1_6,adapted,19,middle 60%,True,0.9542645241038319,18,426
POLYIC_20190614_polyic___E3_P1_6,adapted,20,middle 60%,True,0.9600427350427351,42,332
POLYIC_20190614_polyic___E3_P1_6,adapted,21,middle 60%,True,0.9570122983188537,59,322
POLYIC_20190614_polyic___E3_P1_6,adapted,22,middle 60%,True,0.9548294089380106,47,329
POLYIC_20190614_polyic___E3_P1_6,adapted,23,middle 60%,True,0.9558118439808215,33,308
POLYIC_20190614_polyic___E3_P1_6,adapted,24,middle 60%,True,0.9541181422758523,38,289
POLYIC_20190614_polyic___E3_P1_6,adapted,25,middle 60%,True,0.9510835913312693,30,286
POLYIC_20190614_polyic___E3_P1_6,adapted,26,middle 60%,True,0.9463241806908769,23,280
POLYIC_20190614_polyic___E3_P1_6,adapted,27,middle 60%,True,0.9247874427730542,35,310
POLYIC_20190614_polyic___E3_P1_6,adapted,28,middle 60%,True,0.9188047087232116,41,228
POLYIC_20190614_polyic___E3_P1_6,adapted,29,middle 60%,True,0.9048034934497816,26,192
POLYIC_20190614_polyic___E3_P1_6,adapted,30,last 20%,True,0.9103448275862069,1,168
POLYIC_20190614_polyic___E3_P1_6,adapted,31,last 20%,True,0.8882051282051282,2,216
POLYIC_20190614_polyic___E3_P1_6,adapted,32,last 20%,True,0.8286358511837655,0,304
POLYIC_20190614_polyic___E3_P1_6,adapted,33,last 20%,True,0.7640297498309668,0,349
POLYIC_20190614_polyic___E3_P1_6,adapted,34,last 20%,True,0.6564472497745717,0,381
POLYIC_20190614_polyic___E3_P1_6,adapted,35,last 20%,True,0.42290748898678415,0,262
POLYIC_20190614_polyic___E3_P1_6,adapted,36,last 20%,True,0.0,0,188
POLYIC_20190614_polyic___E3_P1_6,adapted,37,outside,False,0.0,4,0
POLYIC_20190614_polyic___E4_P1_5,adapted,0,first 20%,True,0.9257075471698113,61,65
POLYIC_20190614_polyic___E4_P1_5,adapted,1,first 20%,True,0.9113737075332349,161,79
POLYIC_20190614_polyic___E4_P1_5,adapted,2,first 20%,True,0.9407733724914341,145,97
POLYIC_20190614_polyic___E4_P1_5,adapted,3,first 20%,True,0.938994071524192,95,224
POLYIC_20190614_polyic___E4_P1_5,adapted,4,first 20%,True,0.9389639254573431,52,305
POLYIC_20190614_polyic___E4_P1_5,adapted,5,first 20%,True,0.9430280138495436,25,337
POLYIC_20190614_polyic___E4_P1_5,adapted,6,first 20%,True,0.9101934738665897,61,561
POLYIC_20190614_polyic___E4_P1_5,adapted,7,first 20%,True,0.9135557132718239,27,582
POLYIC_20190614_polyic___E4_P1_5,adapted,8,middle 60%,True,0.9124949124949125,340,305
POLYIC_20190614_polyic___E4_P1_5,adapted,9,middle 60%,True,0.9475885505162723,79,322
POLYIC_20190614_polyic___E4_P1_5,adapted,10,middle 60%,True,0.9024896265560166,506,340
POLYIC_20190614_polyic___E4_P1_5,adapted,11,middle 60%,True,0.9034505279198868,556,331
POLYIC_20190614_polyic___E4_P1_5,adapted,12,middle 60%,True,0.903804064616988,546,377
POLYIC_20190614_polyic___E4_P1_5,adapted,13,middle 60%,True,0.9157739557739558,492,365
POLYIC_20190614_polyic___E4_P1_5,adapted,14,middle 60%,True,0.9165542493736751,464,402
POLYIC_20190614_polyic___E4_P1_5,adapted,15,middle 60%,True,0.9500830321383218,134,377
POLYIC_20190614_polyic___E4_P1_5,adapted,16,middle 60%,True,0.9539410291000193,152,326
POLYIC_20190614_polyic___E4_P1_5,adapted,17,middle 60%,True,0.9721518987341772,39,247
POLYIC_20190614_polyic___E4_P1_5,adapted,18,middle 60%,True,0.9711073858593827,62,231
POLYIC_20190614_polyic___E4_P1_5,adapted,19,middle 60%,True,0.9667539794479145,65,265
POLYIC_20190614_polyic___E4_P1_5,adapted,20,middle 60%,True,0.9559384996388401,219,208
POLYIC_20190614_polyic___E4_P1_5,adapted,21,middle 60%,True,0.9580327868852458,182,202
POLYIC_20190614_polyic___E4_P1_5,adapted,22,middle 60%,True,0.9492990654205608,193,241
POLYIC_20190614_polyic___E4_P1_5,adapted,23,middle 60%,True,0.9553515281096717,124,231
POLYIC_20190614_polyic___E4_P1_5,adapted,24,middle 60%,True,0.9510951921752308,139,216
POLYIC_20190614_polyic___E4_P1_5,adapted,25,middle 60%,True,0.9495668316831684,68,258
POLYIC_20190614_polyic___E4_P1_5,adapted,26,middle 60%,True,0.95355587808418,32,224
POLYIC_20190614_polyic___E4_P1_5,adapted,27,middle 60%,True,0.9199074074074074,69,277
POLYIC_20190614_polyic___E4_P1_5,adapted,28,middle 60%,True,0.9217494793216304,69,194
POLYIC_20190614_polyic___E4_P1_5,adapted,29,last 20%,True,0.8935989826197541,31,220
POLYIC_20190614_polyic___E4_P1_5,adapted,30,last 20%,True,0.9046563192904656,19,153
POLYIC_20190614_polyic___E4_P1_5,adapted,31,last 20%,True,0.8970203868269734,1,196
POLYIC_20190614_polyic___E4_P1_5,adapted,32,last 20%,True,0.8052884615384616,0,324
POLYIC_20190614_polyic___E4_P1_5,adapted,33,last 20%,True,0.7522123893805309,0,336
POLYIC_20190614_polyic___E4_P1_5,adapted,34,last 20%,True,0.64,4,329
POLYIC_20190614_polyic___E4_P1_5,adapted,35,last 20%,True,0.5986394557823129,0,177
POLYIC_20190614_polyic___E4_P1_5,adapted,36,outside,False,1.0,0,0
POLYIC_20190614_polyic___E4_P1_5,adapted,37,outside,False,1.0,0,0
POLYIC_20190618_mouse33__E3_P1,adapted,0,first 20%,True,0.5651942522618414,796,21
POLYIC_20190618_mouse33__E3_P1,adapted,1,first 20%,True,0.9148569458807307,117,130
POLYIC_20190618_mouse33__E3_P1,adapted,2,first 20%,True,0.9302132946779872,121,216
POLYIC_20190618_mouse33__E3_P1,adapted,3,first 20%,True,0.9441340782122905,100,220
POLYIC_20190618_mouse33__E3_P1,adapted,4,first 20%,True,0.9484402780022628,85,234
POLYIC_20190618_mouse33__E3_P1,adapted,5,first 20%,True,0.950316169828365,37,293
POLYIC_20190618_mouse33__E3_P1,adapted,6,first 20%,True,0.919396183423526,21,545
POLYIC_20190618_mouse33__E3_P1,adapted,7,first 20%,True,0.9296697038724373,21,473
POLYIC_20190618_mouse33__E3_P1,adapted,8,middle 60%,True,0.9528676888131743,25,307
POLYIC_20190618_mouse33__E3_P1,adapted,9,middle 60%,True,0.961149547631719,56,236
POLYIC_20190618_mouse33__E3_P1,adapted,10,middle 60%,True,0.9531289587028122,48,322
POLYIC_20190618_mouse33__E3_P1,adapted,11,middle 60%,True,0.9595015576323987,34,304
POLYIC_20190618_mouse33__E3_P1,adapted,12,middle 60%,True,0.9596280335677024,69,287
POLYIC_20190618_mouse33__E3_P1,adapted,13,middle 60%,True,0.9638898035341894,12,317
POLYIC_20190618_mouse33__E3_P1,adapted,14,middle 60%,True,0.9655246252676659,16,306
POLYIC_20190618_mouse33__E3_P1,adapted,15,middle 60%,True,0.9685442574981712,26,275
POLYIC_20190618_mouse33__E3_P1,adapted,16,middle 60%,True,0.972809667673716,51,210
POLYIC_20190618_mouse33__E3_P1,adapted,17,middle 60%,True,0.9725020990764064,43,219
POLYIC_20190618_mouse33__E3_P1,adapted,18,middle 60%,True,0.9668146269287677,54,260
POLYIC_20190618_mouse33__E3_P1,adapted,19,middle 60%,True,0.9717799494894037,42,215
POLYIC_20190618_mouse33__E3_P1,adapted,20,middle 60%,True,0.9692997585374267,83,184
POLYIC_20190618_mouse33__E3_P1,adapted,21,middle 60%,True,0.96429438911829,103,191
POLYIC_20190618_mouse33__E3_P1,adapted,22,middle 60%,True,0.9597332649397281,116,198
POLYIC_20190618_mouse33__E3_P1,adapted,23,middle 60%,True,0.9630344827586207,73,195
POLYIC_20190618_mouse33__E3_P1,adapted,24,middle 60%,True,0.9613708101608297,61,196
POLYIC_20190618_mouse33__E3_P1,adapted,25,middle 60%,True,0.9539223781998348,46,233
POLYIC_20190618_mouse33__E3_P1,adapted,26,middle 60%,True,0.9388523047977423,22,303
POLYIC_20190618_mouse33__E3_P1,adapted,27,middle 60%,True,0.9300205151584227,35,272
POLYIC_20190618_mouse33__E3_P1,adapted,28,middle 60%,True,0.9099582587954681,59,243
POLYIC_20190618_mouse33__E3_P1,adapted,29,middle 60%,True,0.8856181665264928,51,221
POLYIC_20190618_mouse33__E3_P1,adapted,30,last 20%,True,0.9087893864013267,25,140
POLYIC_20190618_mouse33__E3_P1,adapted,31,last 20%,True,0.8974492451847996,12,185
POLYIC_20190618_mouse33__E3_P1,adapted,32,last 20%,True,0.8540354894104178,0,255
POLYIC_20190618_mouse33__E3_P1,adapted,33,last 20%,True,0.8062542488103331,1,284
POLYIC_20190618_mouse33__E3_P1,adapted,34,last 20%,True,0.7696381288614298,1,260
POLYIC_20190618_mouse33__E3_P1,adapted,35,last 20%,True,0.4817204301075269,15,226
POLYIC_20190618_mouse33__E3_P1,adapted,36,last 20%,True,0.1702127659574468,2,154
POLYIC_20190618_mouse33__E3_P1,adapted,37,outside,False,1.0,0,0
POLYIC_20190618_mouse34__E3_P1,adapted,0,first 20%,True,0.6115795390668916,677,14
POLYIC_20190618_mouse34__E3_P1,adapted,1,first 20%,True,0.906891495601173,215,39
POLYIC_20190618_mouse34__E3_P1,adapted,2,first 20%,True,0.9448094612352168,131,121
POLYIC_20190618_mouse34__E3_P1,adapted,3,first 20%,True,0.9502148997134671,116,162
POLYIC_20190618_mouse34__E3_P1,adapted,4,first 20%,True,0.9490529065969955,72,240
POLYIC_20190618_mouse34__E3_P1,adapted,5,first 20%,True,0.9520237537115174,60,247
POLYIC_20190618_mouse34__E3_P1,adapted,6,first 20%,True,0.920080206244629,17,541
POLYIC_20190618_mouse34__E3_P1,adapted,7,first 20%,True,0.9339105339105339,39,419
POLYIC_20190618_mouse34__E3_P1,adapted,8,middle 60%,True,0.9650630011454754,92,152
POLYIC_20190618_mouse34__E3_P1,adapted,9,middle 60%,True,0.9449103341504322,149,278
POLYIC_20190618_mouse34__E3_P1,adapted,10,middle 60%,True,0.948206195665483,125,298
POLYIC_20190618_mouse34__E3_P1,adapted,11,middle 60%,True,0.9536866359447005,155,247
POLYIC_20190618_mouse34__E3_P1,adapted,12,middle 60%,True,0.9475547687541491,176,298
POLYIC_20190618_mouse34__E3_P1,adapted,13,middle 60%,True,0.9559680552557738,124,284
POLYIC_20190618_mouse34__E3_P1,adapted,14,middle 60%,True,0.9599076406381192,96,286
POLYIC_20190618_mouse34__E3_P1,adapted,15,middle 60%,True,0.9681568302043356,92,215
POLYIC_20190618_mouse34__E3_P1,adapted,16,middle 60%,True,0.9659392208851724,105,229
POLYIC_20190618_mouse34__E3_P1,adapted,17,middle 60%,True,0.9668479934311813,75,248
POLYIC_20190618_mouse34__E3_P1,adapted,18,middle 60%,True,0.9703981655201167,49,235
POLYIC_20190618_mouse34__E3_P1,adapted,19,middle 60%,True,0.9670808807499455,50,252
POLYIC_20190618_mouse34__E3_P1,adapted,20,middle 60%,True,0.9677053824362606,77,208
POLYIC_20190618_mouse34__E3_P1,adapted,21,middle 60%,True,0.9655089820359282,59,229
POLYIC_20190618_mouse34__E3_P1,adapted,22,middle 60%,True,0.9640548228600982,33,245
POLYIC_20190618_mouse34__E3_P1,adapted,23,middle 60%,True,0.9642907155860524,39,216
POLYIC_20190618_mouse34__E3_P1,adapted,24,middle 60%,True,0.9606732976281561,40,217
POLYIC_20190618_mouse34__E3_P1,adapted,25,middle 60%,True,0.9588385994876174,20,221
POLYIC_20190618_mouse34__E3_P1,adapted,26,middle 60%,True,0.9416802610114192,22,264
POLYIC_20190618_mouse34__E3_P1,adapted,27,middle 60%,True,0.9304164470216131,26,238
POLYIC_20190618_mouse34__E3_P1,adapted,28,middle 60%,True,0.9204152249134948,61,169
POLYIC_20190618_mouse34__E3_P1,adapted,29,middle 60%,True,0.875544794188862,15,242
POLYIC_20190618_mouse34__E3_P1,adapted,30,last 20%,True,0.9052132701421801,7,153
POLYIC_20190618_mouse34__E3_P1,adapted,31,last 20%,True,0.888385269121813,1,196
POLYIC_20190618_mouse34__E3_P1,adapted,32,last 20%,True,0.8357098574085555,0,265
POLYIC_20190618_mouse34__E3_P1,adapted,33,last 20%,True,0.7610486891385768,0,319
POLYIC_20190618_mouse34__E3_P1,adapted,34,last 20%,True,0.7222767419038273,3,280
POLYIC_20190618_mouse34__E3_P1,adapted,35,last 20%,True,0.3741935483870968,0,291
POLYIC_20190618_mouse34__E3_P1,adapted,36,last 20%,True,0.2965779467680608,0,185
POLYIC_20190618_mouse34__E3_P1,adapted,37,outside,False,1.0,0,0
POLYIC_20190618_mouse35__E3_P1,adapted,0,first 20%,True,0.5511189118034225,1015,8
POLYIC_20190618_mouse35__E3_P1,adapted,1,first 20%,True,0.9354406643450308,142,99
POLYIC_20190618_mouse35__E3_P1,adapted,2,first 20%,True,0.9481592787377912,132,144
POLYIC_20190618_mouse35__E3_P1,adapted,3,first 20%,True,0.9574328749181401,136,124
POLYIC_20190618_mouse35__E3_P1,adapted,4,first 20%,True,0.9562934362934363,44,239
POLYIC_20190618_mouse35__E3_P1,adapted,5,first 20%,True,0.9391304347826087,63,357
POLYIC_20190618_mouse35__E3_P1,adapted,6,first 20%,True,0.9324514494793132,34,446
POLYIC_20190618_mouse35__E3_P1,adapted,7,first 20%,True,0.9358500889071263,274,195
POLYIC_20190618_mouse35__E3_P1,adapted,8,middle 60%,True,0.9602925809822361,110,194
POLYIC_20190618_mouse35__E3_P1,adapted,9,middle 60%,True,0.9109792284866469,495,285
POLYIC_20190618_mouse35__E3_P1,adapted,10,middle 60%,True,0.9138175860185691,525,264
POLYIC_20190618_mouse35__E3_P1,adapted,11,middle 60%,True,0.8986025007880635,655,310
POLYIC_20190618_mouse35__E3_P1,adapted,12,middle 60%,True,0.9032126880845872,621,331
POLYIC_20190618_mouse35__E3_P1,adapted,13,middle 60%,True,0.895162882527147,719,343
POLYIC_20190618_mouse35__E3_P1,adapted,14,middle 60%,True,0.9033830554743102,634,357
POLYIC_20190618_mouse35__E3_P1,adapted,15,middle 60%,True,0.9058869093725794,618,354
POLYIC_20190618_mouse35__E3_P1,adapted,16,middle 60%,True,0.907795957651588,645,313
POLYIC_20190618_mouse35__E3_P1,adapted,17,middle 60%,True,0.9107596172622535,622,292
POLYIC_20190618_mouse35__E3_P1,adapted,18,middle 60%,True,0.9136468004392533,520,345
POLYIC_20190618_mouse35__E3_P1,adapted,19,middle 60%,True,0.9315557421792987,345,307
POLYIC_20190618_mouse35__E3_P1,adapted,20,middle 60%,True,0.9464325905919424,213,263
POLYIC_20190618_mouse35__E3_P1,adapted,21,middle 60%,True,0.9568849035744994,65,286
POLYIC_20190618_mouse35__E3_P1,adapted,22,middle 60%,True,0.9564183835182251,48,282
POLYIC_20190618_mouse35__E3_P1,adapted,23,middle 60%,True,0.9546179498332609,24,289
POLYIC_20190618_mouse35__E3_P1,adapted,24,middle 60%,True,0.9513735396274077,28,280
POLYIC_20190618_mouse35__E3_P1,adapted,25,middle 60%,True,0.9366856303908974,3,342
POLYIC_20190618_mouse35__E3_P1,adapted,26,middle 60%,True,0.9194570135746606,7,349
POLYIC_20190618_mouse35__E3_P1,adapted,27,middle 60%,True,0.9128630705394191,31,242
POLYIC_20190618_mouse35__E3_P1,adapted,28,middle 60%,True,0.8984198645598194,30,195
POLYIC_20190618_mouse35__E3_P1,adapted,29,last 20%,True,0.9166235111341274,26,135
POLYIC_20190618_mouse35__E3_P1,adapted,30,last 20%,True,0.8850754030161206,5,216
POLYIC_20190618_mouse35__E3_P1,adapted,31,last 20%,True,0.793988728866625,0,329
POLYIC_20190618_mouse35__E3_P1,adapted,32,last 20%,True,0.6222990492653414,0,437
POLYIC_20190618_mouse35__E3_P1,adapted,33,last 20%,True,0.4473684210526316,0,378
POLYIC_20190618_mouse35__E3_P1,adapted,34,last 20%,True,0.0,0,285
POLYIC_20190618_mouse35__E3_P1,adapted,35,last 20%,True,0.0,0,109
POLYIC_20190618_mouse35__E3_P1,adapted,36,outside,False,1.0,0,0
POLYIC_20190618_mouse35__E3_P1,adapted,37,outside,False,0.0,6,0
POLYIC_20190618_mouse36__E3_P1,adapted,0,first 20%,True,0.806954971020954,403,30
POLYIC_20190618_mouse36__E3_P1,adapted,1,first 20%,True,0.9521188772702256,60,114
POLYIC_20190618_mouse36__E3_P1,adapted,2,first 20%,True,0.9426972795678179,128,169
POLYIC_20190618_mouse36__E3_P1,adapted,3,first 20%,True,0.9425287356321839,114,231
POLYIC_20190618_mouse36__E3_P1,adapted,4,first 20%,True,0.9416149068322981,83,293
POLYIC_20190618_mouse36__E3_P1,adapted,5,first 20%,True,0.9471794104444112,20,333
POLYIC_20190618_mouse36__E3_P1,adapted,6,first 20%,True,0.9209592734496949,15,542
POLYIC_20190618_mouse36__E3_P1,adapted,7,first 20%,True,0.944634703196347,23,365
POLYIC_20190618_mouse36__E3_P1,adapted,8,middle 60%,True,0.9598599137931034,55,243
POLYIC_20190618_mouse36__E3_P1,adapted,9,middle 60%,True,0.9568031868542263,76,271
POLYIC_20190618_mouse36__E3_P1,adapted,10,middle 60%,True,0.9318838903666011,341,248
POLYIC_20190618_mouse36__E3_P1,adapted,11,middle 60%,True,0.9197415964086281,442,291
POLYIC_20190618_mouse36__E3_P1,adapted,12,middle 60%,True,0.923289124668435,413,310
POLYIC_20190618_mouse36__E3_P1,adapted,13,middle 60%,True,0.9198329428542324,420,367
POLYIC_20190618_mouse36__E3_P1,adapted,14,middle 60%,True,0.9221060934726878,393,397
POLYIC_20190618_mouse36__E3_P1,adapted,15,middle 60%,True,0.9306988514697294,394,318
POLYIC_20190618_mouse36__E3_P1,adapted,16,middle 60%,True,0.955425219941349,216,240
POLYIC_20190618_mouse36__E3_P1,adapted,17,middle 60%,True,0.9688967136150235,84,234
POLYIC_20190618_mouse36__E3_P1,adapted,18,middle 60%,True,0.975925189017111,57,185
POLYIC_20190618_mouse36__E3_P1,adapted,19,middle 60%,True,0.9685442574981712,39,262
POLYIC_20190618_mouse36__E3_P1,adapted,20,middle 60%,True,0.967198775420949,93,207
POLYIC_20190618_mouse36__E3_P1,adapted,21,middle 60%,True,0.9592833876221498,108,242
POLYIC_20190618_mouse36__E3_P1,adapted,22,middle 60%,True,0.9583333333333334,69,265
POLYIC_20190618_mouse36__E3_P1,adapted,23,middle 60%,True,0.959523487207256,36,263
POLYIC_20190618_mouse36__E3_P1,adapted,24,middle 60%,True,0.9568292323559746,42,251
POLYIC_20190618_mouse36__E3_P1,adapted,25,middle 60%,True,0.952207706300645,13,276
POLYIC_20190618_mouse36__E3_P1,adapted,26,middle 60%,True,0.9297043273937733,7,352
POLYIC_20190618_mouse36__E3_P1,adapted,27,middle 60%,True,0.916772071844169,24,305
POLYIC_20190618_mouse36__E3_P1,adapted,28,middle 60%,True,0.8980446927374302,30,262
POLYIC_20190618_mouse36__E3_P1,adapted,29,middle 60%,True,0.8945752302968271,16,190
POLYIC_20190618_mouse36__E3_P1,adapted,30,last 20%,True,0.9168443496801706,22,134
POLYIC_20190618_mouse36__E3_P1,adapted,31,last 20%,True,0.8956796628029505,0,198
POLYIC_20190618_mouse36__E3_P1,adapted,32,last 20%,True,0.8427973699940227,0,263
POLYIC_20190618_mouse36__E3_P1,adapted,33,last 20%,True,0.7706685837526959,0,319
POLYIC_20190618_mouse36__E3_P1,adapted,34,last 20%,True,0.6771037181996086,4,326
POLYIC_20190618_mouse36__E3_P1,adapted,35,last 20%,True,0.42213114754098363,0,282
POLYIC_20190618_mouse36__E3_P1,adapted,36,last 20%,True,0.22784810126582278,0,183
POLYIC_20190618_mouse36__E3_P1,adapted,37,outside,False,1.0,0,0
POLYIC_20190619_mouse38__E3_P1,adapted,0,first 20%,True,0.571256764882742,664,49
POLYIC_20190619_mouse38__E3_P1,adapted,1,first 20%,True,0.908034188034188,205,64
POLYIC_20190619_mouse38__E3_P1,adapted,2,first 20%,True,0.9160271870203902,159,224
POLYIC_20190619_mouse38__E3_P1,adapted,3,first 20%,True,0.9354423395254736,140,211
POLYIC_20190619_mouse38__E3_P1,adapted,4,first 20%,True,0.9419761273209549,104,246
POLYIC_20190619_mouse38__E3_P1,adapted,5,first 20%,True,0.9353600491325043,182,239
POLYIC_20190619_mouse38__E3_P1,adapted,6,first 20%,True,0.914572864321608,109,486
POLYIC_20190619_mouse38__E3_P1,adapted,7,first 20%,True,0.9226393629124005,165,379
POLYIC_20190619_mouse38__E3_P1,adapted,8,middle 60%,True,0.9084516565246789,388,289
POLYIC_20190619_mouse38__E3_P1,adapted,9,middle 60%,True,0.9110571081409478,477,255
POLYIC_20190619_mouse38__E3_P1,adapted,10,middle 60%,True,0.8851321092700403,704,322
POLYIC_20190619_mouse38__E3_P1,adapted,11,middle 60%,True,0.8852922007386487,741,315
POLYIC_20190619_mouse38__E3_P1,adapted,12,middle 60%,True,0.8775069423017587,854,337
POLYIC_20190619_mouse38__E3_P1,adapted,13,middle 60%,True,0.8851418369371157,807,351
POLYIC_20190619_mouse38__E3_P1,adapted,14,middle 60%,True,0.8885226832105467,801,349
POLYIC_20190619_mouse38__E3_P1,adapted,15,middle 60%,True,0.8961603934178173,789,309
POLYIC_20190619_mouse38__E3_P1,adapted,16,middle 60%,True,0.9079071522928854,680,296
POLYIC_20190619_mouse38__E3_P1,adapted,17,middle 60%,True,0.9215036454881167,528,301
POLYIC_20190619_mouse38__E3_P1,adapted,18,middle 60%,True,0.9438956934018174,264,304
POLYIC_20190619_mouse38__E3_P1,adapted,19,middle 60%,True,0.9684166492365613,46,256
POLYIC_20190619_mouse38__E3_P1,adapted,20,middle 60%,True,0.9643715846994535,82,244
POLYIC_20190619_mouse38__E3_P1,adapted,21,middle 60%,True,0.9661194551170101,62,229
POLYIC_20190619_mouse38__E3_P1,adapted,22,middle 60%,True,0.9620954539730513,75,226
POLYIC_20190619_mouse38__E3_P1,adapted,23,middle 60%,True,0.9637837837837838,56,212
POLYIC_20190619_mouse38__E3_P1,adapted,24,middle 60%,True,0.9628853636635738,42,206
POLYIC_20190619_mouse38__E3_P1,adapted,25,middle 60%,True,0.9486875529212532,38,265
POLYIC_20190619_mouse38__E3_P1,adapted,26,middle 60%,True,0.9297144014583756,27,320
POLYIC_20190619_mouse38__E3_P1,adapted,27,middle 60%,True,0.9162402370051171,61,250
POLYIC_20190619_mouse38__E3_P1,adapted,28,middle 60%,True,0.8915748311411305,59,246
POLYIC_20190619_mouse38__E3_P1,adapted,29,middle 60%,True,0.8970976253298153,14,181
POLYIC_20190619_mouse38__E3_P1,adapted,30,last 20%,True,0.9119592875318067,23,150
POLYIC_20190619_mouse38__E3_P1,adapted,31,last 20%,True,0.8703604088219473,0,241
POLYIC_20190619_mouse38__E3_P1,adapted,32,last 20%,True,0.8038216560509555,0,308
POLYIC_20190619_mouse38__E3_P1,adapted,33,last 20%,True,0.7334963325183375,0,327
POLYIC_20190619_mouse38__E3_P1,adapted,34,last 20%,True,0.6998754669987547,15,226
POLYIC_20190619_mouse38__E3_P1,adapted,35,last 20%,True,0.4549763033175355,3,227
POLYIC_20190619_mouse38__E3_P1,adapted,36,last 20%,True,0.0,0,113
POLYIC_20190619_mouse38__E3_P1,adapted,37,outside,False,1.0,0,0
POLYIC_20190619_mouse39__E3_P1,adapted,0,first 20%,True,0.8220015278838808,209,24
POLYIC_20190619_mouse39__E3_P1,adapted,1,first 20%,True,0.8981222532960448,157,98
POLYIC_20190619_mouse39__E3_P1,adapted,2,first 20%,True,0.9291553133514986,185,127
POLYIC_20190619_mouse39__E3_P1,adapted,3,first 20%,True,0.9212010919017288,225,208
POLYIC_20190619_mouse39__E3_P1,adapted,4,first 20%,True,0.928466197413652,106,331
POLYIC_20190619_mouse39__E3_P1,adapted,5,first 20%,True,0.9490001550147265,31,298
POLYIC_20190619_mouse39__E3_P1,adapted,6,first 20%,True,0.9128277817150957,61,554
POLYIC_20190619_mouse39__E3_P1,adapted,7,first 20%,True,0.9080649600880815,76,592
POLYIC_20190619_mouse39__E3_P1,adapted,8,middle 60%,True,0.9358166189111747,62,386
POLYIC_20190619_mouse39__E3_P1,adapted,9,middle 60%,True,0.9507712944332662,42,325
POLYIC_20190619_mouse39__E3_P1,adapted,10,middle 60%,True,0.9399239543726235,33,441
POLYIC_20190619_mouse39__E3_P1,adapted,11,middle 60%,True,0.9446254071661238,14,445
POLYIC_20190619_mouse39__E3_P1,adapted,12,middle 60%,True,0.9478231215186995,26,433
POLYIC_20190619_mouse39__E3_P1,adapted,13,middle 60%,True,0.9464440589765828,38,456
POLYIC_20190619_mouse39__E3_P1,adapted,14,middle 60%,True,0.9461943612516782,44,477
POLYIC_20190619_mouse39__E3_P1,adapted,15,middle 60%,True,0.9554485249849488,25,419
POLYIC_20190619_mouse39__E3_P1,adapted,16,middle 60%,True,0.9621844612513506,19,366
POLYIC_20190619_mouse39__E3_P1,adapted,17,middle 60%,True,0.9588959491660047,9,405
POLYIC_20190619_mouse39__E3_P1,adapted,18,middle 60%,True,0.961803131544829,14,369
POLYIC_20190619_mouse39__E3_P1,adapted,19,middle 60%,True,0.957995275752285,7,402
POLYIC_20190619_mouse39__E3_P1,adapted,20,middle 60%,True,0.9595797148064759,33,344
POLYIC_20190619_mouse39__E3_P1,adapted,21,middle 60%,True,0.9598744676081596,58,300
POLYIC_20190619_mouse39__E3_P1,adapted,22,middle 60%,True,0.9604885057471264,40,290
POLYIC_20190619_mouse39__E3_P1,adapted,23,middle 60%,True,0.9606421543241843,26,278
POLYIC_20190619_mouse39__E3_P1,adapted,24,middle 60%,True,0.9575246132208157,50,252
POLYIC_20190619_mouse39__E3_P1,adapted,25,middle 60%,True,0.95559337768838,32,255
POLYIC_20190619_mouse39__E3_P1,adapted,26,middle 60%,True,0.9467497773820125,7,292
POLYIC_20190619_mouse39__E3_P1,adapted,27,middle 60%,True,0.933955970647098,22,275
POLYIC_20190619_mouse39__E3_P1,adapted,28,middle 60%,True,0.9113202167094383,66,245
POLYIC_20190619_mouse39__E3_P1,adapted,29,middle 60%,True,0.8938807126258714,38,236
POLYIC_20190619_mouse39__E3_P1,adapted,30,last 20%,True,0.898828541001065,17,173
POLYIC_20190619_mouse39__E3_P1,adapted,31,last 20%,True,0.8826933193056287,10,213
POLYIC_20190619_mouse39__E3_P1,adapted,32,last 20%,True,0.8572955638695885,0,267
POLYIC_20190619_mouse39__E3_P1,adapted,33,last 20%,True,0.8,0,324
POLYIC_20190619_mouse39__E3_P1,adapted,34,last 20%,True,0.7048528241845664,0,371
POLYIC_20190619_mouse39__E3_P1,adapted,35,last 20%,True,0.5936199722607489,0,293
POLYIC_20190619_mouse39__E3_P1,adapted,36,last 20%,True,0.3804347826086957,0,228
POLYIC_20190619_mouse39__E3_P1,adapted,37,outside,False,1.0,0,0
POLYIC_20190619_mouse42__E3_P1,adapted,0,first 20%,True,0.8233890214797136,296,0
POLYIC_20190619_mouse42__E3_P1,adapted,1,first 20%,True,0.9210423959548814,177,26
POLYIC_20190619_mouse42__E3_P1,adapted,2,first 20%,True,0.912961210974456,348,20
POLYIC_20190619_mouse42__E3_P1,adapted,3,first 20%,True,0.9113877700476016,326,158
POLYIC_20190619_mouse42__E3_P1,adapted,4,first 20%,True,0.9370014650822074,174,213
POLYIC_20190619_mouse42__E3_P1,adapted,5,first 20%,True,0.9384944920440637,156,246
POLYIC_20190619_mouse42__E3_P1,adapted,6,first 20%,True,0.9190710767065446,102,473
POLYIC_20190619_mouse42__E3_P1,adapted,7,first 20%,True,0.9216577171967506,86,483
POLYIC_20190619_mouse42__E3_P1,adapted,8,middle 60%,True,0.949235807860262,138,234
POLYIC_20190619_mouse42__E3_P1,adapted,9,middle 60%,True,0.9561112528706303,107,237
POLYIC_20190619_mouse42__E3_P1,adapted,10,middle 60%,True,0.9478312537136067,186,253
POLYIC_20190619_mouse42__E3_P1,adapted,11,middle 60%,True,0.9565612917898567,55,327
POLYIC_20190619_mouse42__E3_P1,adapted,12,middle 60%,True,0.9635671560630777,82,253
POLYIC_20190619_mouse42__E3_P1,adapted,13,middle 60%,True,0.9630791758184291,63,290
POLYIC_20190619_mouse42__E3_P1,adapted,14,middle 60%,True,0.9605196386887243,61,328
POLYIC_20190619_mouse42__E3_P1,adapted,15,middle 60%,True,0.9675568743818002,67,261
POLYIC_20190619_mouse42__E3_P1,adapted,16,middle 60%,True,0.9702218762164266,26,280
POLYIC_20190619_mouse42__E3_P1,adapted,17,middle 60%,True,0.969140625,21,295
POLYIC_20190619_mouse42__E3_P1,adapted,18,middle 60%,True,0.9689318473222212,31,284
POLYIC_20190619_mouse42__E3_P1,adapted,19,middle 60%,True,0.9580391365745411,85,331
POLYIC_20190619_mouse42__E3_P1,adapted,20,middle 60%,True,0.9393593863377215,310,275
POLYIC_20190619_mouse42__E3_P1,adapted,21,middle 60%,True,0.9300259965337955,355,291
POLYIC_20190619_mouse42__E3_P1,adapted,22,middle 60%,True,0.9279134039613082,359,267
POLYIC_20190619_mouse42__E3_P1,adapted,23,middle 60%,True,0.9304120502925433,297,262
POLYIC_20190619_mouse42__E3_P1,adapted,24,middle 60%,True,0.944860072042117,140,258
POLYIC_20190619_mouse42__E3_P1,adapted,25,middle 60%,True,0.9476807746368889,39,296
POLYIC_20190619_mouse42__E3_P1,adapted,26,middle 60%,True,0.9309265058021735,24,351
POLYIC_20190619_mouse42__E3_P1,adapted,27,middle 60%,True,0.9026632099929295,21,392
POLYIC_20190619_mouse42__E3_P1,adapted,28,middle 60%,True,0.903448275862069,44,264
POLYIC_20190619_mouse42__E3_P1,adapted,29,middle 60%,True,0.9136137494346449,17,174
POLYIC_20190619_mouse42__E3_P1,adapted,30,last 20%,True,0.9007957559681697,34,153
POLYIC_20190619_mouse42__E3_P1,adapted,31,last 20%,True,0.8991683991683992,1,193
POLYIC_20190619_mouse42__E3_P1,adapted,32,last 20%,True,0.8407494145199064,0,272
POLYIC_20190619_mouse42__E3_P1,adapted,33,last 20%,True,0.7201800450112528,0,373
POLYIC_20190619_mouse42__E3_P1,adapted,34,last 20%,True,0.7058823529411765,1,264
POLYIC_20190619_mouse42__E3_P1,adapted,35,last 20%,True,0.38095238095238093,0,221
POLYIC_20190619_mouse42__E3_P1,adapted,36,last 20%,True,0.0,0,118
POLYIC_20190619_mouse42__E3_P1,adapted,37,outside,False,1.0,0,0
POLYIC_20190619_mouse43__E3_P1,adapted,0,first 20%,True,0.6807928913192071,800,134
POLYIC_20190619_mouse43__E3_P1,adapted,1,first 20%,True,0.9534450651769087,27,173
POLYIC_20190619_mouse43__E3_P1,adapted,2,first 20%,True,0.9540526587506454,145,122
POLYIC_20190619_mouse43__E3_P1,adapted,3,first 20%,True,0.9480249480249481,156,194
POLYIC_20190619_mouse43__E3_P1,adapted,4,first 20%,True,0.9446381257844094,100,297
POLYIC_20190619_mouse43__E3_P1,adapted,5,first 20%,True,0.9417890520694259,68,368
POLYIC_20190619_mouse43__E3_P1,adapted,6,first 20%,True,0.9380733944954128,22,464
POLYIC_20190619_mouse43__E3_P1,adapted,7,middle 60%,True,0.9446458786560309,8,450
POLYIC_20190619_mouse43__E3_P1,adapted,8,middle 60%,True,0.9615084235189111,37,308
POLYIC_20190619_mouse43__E3_P1,adapted,9,middle 60%,True,0.9632462290206076,82,264
POLYIC_20190619_mouse43__E3_P1,adapted,10,middle 60%,True,0.962800438815199,148,225
POLYIC_20190619_mouse43__E3_P1,adapted,11,middle 60%,True,0.9671919912776291,75,256
POLYIC_20190619_mouse43__E3_P1,adapted,12,middle 60%,True,0.9685879244544476,72,249
POLYIC_20190619_mouse43__E3_P1,adapted,13,middle 60%,True,0.9700087353198098,35,274
POLYIC_20190619_mouse43__E3_P1,adapted,14,middle 60%,True,0.971143706260186,34,267
POLYIC_20190619_mouse43__E3_P1,adapted,15,middle 60%,True,0.9681923972071373,27,301
POLYIC_20190619_mouse43__E3_P1,adapted,16,middle 60%,True,0.9659135177249708,38,312
POLYIC_20190619_mouse43__E3_P1,adapted,17,middle 60%,True,0.9641394466087304,39,320
POLYIC_20190619_mouse43__E3_P1,adapted,18,middle 60%,True,0.9697407828152432,30,263
POLYIC_20190619_mouse43__E3_P1,adapted,19,middle 60%,True,0.9674054758800521,25,275
POLYIC_20190619_mouse43__E3_P1,adapted,20,middle 60%,True,0.9654700854700855,78,225
POLYIC_20190619_mouse43__E3_P1,adapted,21,middle 60%,True,0.9639112411606925,82,214
POLYIC_20190619_mouse43__E3_P1,adapted,22,middle 60%,True,0.9666099253633625,70,185
POLYIC_20190619_mouse43__E3_P1,adapted,23,middle 60%,True,0.9650290244938411,38,209
POLYIC_20190619_mouse43__E3_P1,adapted,24,middle 60%,True,0.958594730238394,30,234
POLYIC_20190619_mouse43__E3_P1,adapted,25,middle 60%,True,0.9416651616398772,2,321
POLYIC_20190619_mouse43__E3_P1,adapted,26,middle 60%,True,0.936544696618805,67,207
POLYIC_20190619_mouse43__E3_P1,adapted,27,middle 60%,True,0.9042145593869731,142,158
POLYIC_20190619_mouse43__E3_P1,adapted,28,last 20%,True,0.9062776304155614,48,164
POLYIC_20190619_mouse43__E3_P1,adapted,29,last 20%,True,0.9333333333333333,31,115
POLYIC_20190619_mouse43__E3_P1,adapted,30,last 20%,True,0.8939247830279653,4,216
POLYIC_20190619_mouse43__E3_P1,adapted,31,last 20%,True,0.8468872686483455,0,273
POLYIC_20190619_mouse43__E3_P1,adapted,32,last 20%,True,0.7135922330097088,0,354
POLYIC_20190619_mouse43__E3_P1,adapted,33,last 20%,True,0.5074135090609555,0,299
POLYIC_20190619_mouse43__E3_P1,adapted,34,last 20%,True,0.017094017094017096,0,230
POLYIC_20190619_mouse43__E3_P1,adapted,35,outside,False,1.0,0,0
POLYIC_20190619_mouse43__E3_P1,adapted,36,outside,False,1.0,0,0
POLYIC_20190619_mouse43__E3_P1,adapted,37,outside,False,1.0,0,0
POLYIC_20190628_mouse33__E3_P1,adapted,0,first 20%,True,0.9332220367278798,150,10
POLYIC_20190628_mouse33__E3_P1,adapted,1,first 20%,True,0.8939311098961181,71,317
POLYIC_20190628_mouse33__E3_P1,adapted,2,first 20%,True,0.9198661153770428,63,344
POLYIC_20190628_mouse33__E3_P1,adapted,3,first 20%,True,0.9291311754684838,62,354
POLYIC_20190628_mouse33__E3_P1,adapted,4,first 20%,True,0.9282126073569924,34,409
POLYIC_20190628_mouse33__E3_P1,adapted,5,first 20%,True,0.8980306345733041,3,696
POLYIC_20190628_mouse33__E3_P1,adapted,6,first 20%,True,0.9005486003657336,9,698
POLYIC_20190628_mouse33__E3_P1,adapted,7,first 20%,True,0.9228140131016804,8,534
POLYIC_20190628_mouse33__E3_P1,adapted,8,middle 60%,True,0.9449502731474997,64,329
POLYIC_20190628_mouse33__E3_P1,adapted,9,middle 60%,True,0.9499473129610115,19,361
POLYIC_20190628_mouse33__E3_P1,adapted,10,middle 60%,True,0.961519364448858,32,278
POLYIC_20190628_mouse33__E3_P1,adapted,11,middle 60%,True,0.9591669591669592,54,295
POLYIC_20190628_mouse33__E3_P1,adapted,12,middle 60%,True,0.9566766900545718,56,333
POLYIC_20190628_mouse33__E3_P1,adapted,13,middle 60%,True,0.9591439688715954,29,349
POLYIC_20190628_mouse33__E3_P1,adapted,14,middle 60%,True,0.9666527719883284,35,285
POLYIC_20190628_mouse33__E3_P1,adapted,15,middle 60%,True,0.9671059458337657,18,299
POLYIC_20190628_mouse33__E3_P1,adapted,16,middle 60%,True,0.9658506480148118,21,311
POLYIC_20190628_mouse33__E3_P1,adapted,17,middle 60%,True,0.9660981697171381,20,306
POLYIC_20190628_mouse33__E3_P1,adapted,18,middle 60%,True,0.9655465759251383,17,307
POLYIC_20190628_mouse33__E3_P1,adapted,19,middle 60%,True,0.9634255129348795,12,316
POLYIC_20190628_mouse33__E3_P1,adapted,20,middle 60%,True,0.9709658762290341,43,208
POLYIC_20190628_mouse33__E3_P1,adapted,21,middle 60%,True,0.9655172413793104,43,238
POLYIC_20190628_mouse33__E3_P1,adapted,22,middle 60%,True,0.9620384815392615,45,247
POLYIC_20190628_mouse33__E3_P1,adapted,23,middle 60%,True,0.9645469893078221,31,221
POLYIC_20190628_mouse33__E3_P1,adapted,24,middle 60%,True,0.964619390412008,39,192
POLYIC_20190628_mouse33__E3_P1,adapted,25,middle 60%,True,0.9580030359251138,40,209
POLYIC_20190628_mouse33__E3_P1,adapted,26,middle 60%,True,0.9488936753475622,21,240
POLYIC_20190628_mouse33__E3_P1,adapted,27,middle 60%,True,0.936275725266551,65,192
POLYIC_20190628_mouse33__E3_P1,adapted,28,middle 60%,True,0.9155155798265339,65,198
POLYIC_20190628_mouse33__E3_P1,adapted,29,middle 60%,True,0.8734117647058823,12,257
POLYIC_20190628_mouse33__E3_P1,adapted,30,last 20%,True,0.9073869900771775,23,145
POLYIC_20190628_mouse33__E3_P1,adapted,31,last 20%,True,0.8685470995210218,1,246
POLYIC_20190628_mouse33__E3_P1,adapted,32,last 20%,True,0.822262118491921,0,297
POLYIC_20190628_mouse33__E3_P1,adapted,33,last 20%,True,0.7230883444691908,0,373
POLYIC_20190628_mouse33__E3_P1,adapted,34,last 20%,True,0.6563876651982379,17,295
POLYIC_20190628_mouse33__E3_P1,adapted,35,last 20%,True,0.47575057736720555,8,219
POLYIC_20190628_mouse33__E3_P1,adapted,36,last 20%,True,0.0,0,124
POLYIC_20190628_mouse33__E3_P1,adapted,37,outside,False,1.0,0,0
POLYIC_20190628_mouse34__E6_P1,adapted,0,first 20%,True,0.693012600229095,506,30
POLYIC_20190628_mouse34__E6_P1,adapted,1,first 20%,True,0.9321208184475479,90,119
POLYIC_20190628_mouse34__E6_P1,adapted,2,first 20%,True,0.9081058553865389,281,160
POLYIC_20190628_mouse34__E6_P1,adapted,3,first 20%,True,0.9086242299794661,303,231
POLYIC_20190628_mouse34__E6_P1,adapted,4,first 20%,True,0.9265083440308087,152,306
POLYIC_20190628_mouse34__E6_P1,adapted,5,first 20%,True,0.9139688249400479,105,469
POLYIC_20190628_mouse34__E6_P1,adapted,6,first 20%,True,0.896483267158253,107,623
POLYIC_20190628_mouse34__E6_P1,adapted,7,first 20%,True,0.9119683481701286,147,476
POLYIC_20190628_mouse34__E6_P1,adapted,8,middle 60%,True,0.9449767314535997,116,286
POLYIC_20190628_mouse34__E6_P1,adapted,9,middle 60%,True,0.9410576801716521,178,289
POLYIC_20190628_mouse34__E6_P1,adapted,10,middle 60%,True,0.9461121157323689,92,355
POLYIC_20190628_mouse34__E6_P1,adapted,11,middle 60%,True,0.9390313390313391,134,401
POLYIC_20190628_mouse34__E6_P1,adapted,12,middle 60%,True,0.9462909971384548,117,371
POLYIC_20190628_mouse34__E6_P1,adapted,13,middle 60%,True,0.9460358330651217,103,400
POLYIC_20190628_mouse34__E6_P1,adapted,14,middle 60%,True,0.9446923316384767,204,329
POLYIC_20190628_mouse34__E6_P1,adapted,15,middle 60%,True,0.9701291989664083,55,234
POLYIC_20190628_mouse34__E6_P1,adapted,16,middle 60%,True,0.9674190583188642,111,208
POLYIC_20190628_mouse34__E6_P1,adapted,17,middle 60%,True,0.9697220212875891,40,253
POLYIC_20190628_mouse34__E6_P1,adapted,18,middle 60%,True,0.9704005857127915,35,248
POLYIC_20190628_mouse34__E6_P1,adapted,19,middle 60%,True,0.9705978083975263,20,251
POLYIC_20190628_mouse34__E6_P1,adapted,20,middle 60%,True,0.9656189719732213,97,206
POLYIC_20190628_mouse34__E6_P1,adapted,21,middle 60%,True,0.9648205371999049,97,199
POLYIC_20190628_mouse34__E6_P1,adapted,22,middle 60%,True,0.9669159589301559,87,174
POLYIC_20190628_mouse34__E6_P1,adapted,23,middle 60%,True,0.9643054786939679,58,200
POLYIC_20190628_mouse34__E6_P1,adapted,24,middle 60%,True,0.9633998790078645,56,186
POLYIC_20190628_mouse34__E6_P1,adapted,25,middle 60%,True,0.95407813570939,51,217
POLYIC_20190628_mouse34__E6_P1,adapted,26,middle 60%,True,0.9441727791361043,31,243
POLYIC_20190628_mouse34__E6_P1,adapted,27,middle 60%,True,0.9288189816049054,39,228
POLYIC_20190628_mouse34__E6_P1,adapted,28,middle 60%,True,0.9123434704830053,54,191
POLYIC_20190628_mouse34__E6_P1,adapted,29,middle 60%,True,0.8788177339901477,18,228
POLYIC_20190628_mouse34__E6_P1,adapted,30,last 20%,True,0.9100346020761245,6,150
POLYIC_20190628_mouse34__E6_P1,adapted,31,last 20%,True,0.8657565415244596,0,236
POLYIC_20190628_mouse34__E6_P1,adapted,32,last 20%,True,0.8333333333333334,0,268
POLYIC_20190628_mouse34__E6_P1,adapted,33,last 20%,True,0.7918552036199095,0,276
POLYIC_20190628_mouse34__E6_P1,adapted,34,last 20%,True,0.6600221483942414,0,307
POLYIC_20190628_mouse34__E6_P1,adapted,35,last 20%,True,0.49209932279909707,0,225
POLYIC_20190628_mouse34__E6_P1,adapted,36,last 20%,True,0.14906832298136646,0,137
POLYIC_20190628_mouse34__E6_P1,adapted,37,outside,False,1.0,0,0
POLYIC_20190628_mouse35__E3_P1,adapted,0,first 20%,True,0.7520075578649031,475,50
POLYIC_20190628_mouse35__E3_P1,adapted,1,first 20%,True,0.9047026623538194,60,323
POLYIC_20190628_mouse35__E3_P1,adapted,2,first 20%,True,0.9271202236719478,67,324
POLYIC_20190628_mouse35__E3_P1,adapted,3,first 20%,True,0.9293692509855453,103,327
POLYIC_20190628_mouse35__E3_P1,adapted,4,first 20%,True,0.9289684990735022,75,385
POLYIC_20190628_mouse35__E3_P1,adapted,5,first 20%,True,0.9313941530777141,27,440
POLYIC_20190628_mouse35__E3_P1,adapted,6,first 20%,True,0.9257467994310099,32,490
POLYIC_20190628_mouse35__E3_P1,adapted,7,first 20%,True,0.9477497561655288,53,322
POLYIC_20190628_mouse35__E3_P1,adapted,8,middle 60%,True,0.9610490781615165,57,243
POLYIC_20190628_mouse35__E3_P1,adapted,9,middle 60%,True,0.950523311132255,108,308
POLYIC_20190628_mouse35__E3_P1,adapted,10,middle 60%,True,0.9571002523514568,60,314
POLYIC_20190628_mouse35__E3_P1,adapted,11,middle 60%,True,0.9592083562396921,89,282
POLYIC_20190628_mouse35__E3_P1,adapted,12,middle 60%,True,0.9518329070758739,170,282
POLYIC_20190628_mouse35__E3_P1,adapted,13,middle 60%,True,0.9568965517241379,146,264
POLYIC_20190628_mouse35__E3_P1,adapted,14,middle 60%,True,0.9585118612185182,151,246
POLYIC_20190628_mouse35__E3_P1,adapted,15,middle 60%,True,0.9594276954522228,86,311
POLYIC_20190628_mouse35__E3_P1,adapted,16,middle 60%,True,0.9693701027780605,56,245
POLYIC_20190628_mouse35__E3_P1,adapted,17,middle 60%,True,0.964804583589114,31,313
POLYIC_20190628_mouse35__E3_P1,adapted,18,middle 60%,True,0.9638880216463732,30,317
POLYIC_20190628_mouse35__E3_P1,adapted,19,middle 60%,True,0.9651623968270983,36,289
POLYIC_20190628_mouse35__E3_P1,adapted,20,middle 60%,True,0.96614759647935,43,257
POLYIC_20190628_mouse35__E3_P1,adapted,21,middle 60%,True,0.961169702780441,46,278
POLYIC_20190628_mouse35__E3_P1,adapted,22,middle 60%,True,0.9598981540420115,25,290
POLYIC_20190628_mouse35__E3_P1,adapted,23,middle 60%,True,0.9586731167933655,31,268
POLYIC_20190628_mouse35__E3_P1,adapted,24,middle 60%,True,0.9644988066825776,27,211
POLYIC_20190628_mouse35__E3_P1,adapted,25,middle 60%,True,0.951313367910323,18,273
POLYIC_20190628_mouse35__E3_P1,adapted,26,middle 60%,True,0.9292888710325432,15,337
POLYIC_20190628_mouse35__E3_P1,adapted,27,middle 60%,True,0.922497308934338,79,209
POLYIC_20190628_mouse35__E3_P1,adapted,28,middle 60%,True,0.9058561897702001,52,202
POLYIC_20190628_mouse35__E3_P1,adapted,29,last 20%,True,0.9123173277661796,19,149
POLYIC_20190628_mouse35__E3_P1,adapted,30,last 20%,True,0.91324200913242,22,149
POLYIC_20190628_mouse35__E3_P1,adapted,31,last 20%,True,0.8897216274089935,0,206
POLYIC_20190628_mouse35__E3_P1,adapted,32,last 20%,True,0.8249522597071929,0,275
POLYIC_20190628_mouse35__E3_P1,adapted,33,last 20%,True,0.6697332106715731,8,351
POLYIC_20190628_mouse35__E3_P1,adapted,34,last 20%,True,0.5816876122082585,12,221
POLYIC_20190628_mouse35__E3_P1,adapted,35,last 20%,True,0.27636363636363637,0,199
POLYIC_20190628_mouse35__E3_P1,adapted,36,outside,False,1.0,0,0
POLYIC_20190628_mouse35__E3_P1,adapted,37,outside,False,1.0,0,0
POLYIC_20190628_mouse36__E3_P1,adapted,0,first 20%,True,0.8689492325855962,127,95
POLYIC_20190628_mouse36__E3_P1,adapted,1,first 20%,True,0.9183032207384132,20,188
POLYIC_20190628_mouse36__E3_P1,adapted,2,first 20%,True,0.927426536064114,106,220
POLYIC_20190628_mouse36__E3_P1,adapted,3,first 20%,True,0.9344616492617933,90,274
POLYIC_20190628_mouse36__E3_P1,adapted,4,first 20%,True,0.9324568611339359,60,351
POLYIC_20190628_mouse36__E3_P1,adapted,5,first 20%,True,0.9388572308640074,1,396
POLYIC_20190628_mouse36__E3_P1,adapted,6,first 20%,True,0.9168244719592133,12,559
POLYIC_20190628_mouse36__E3_P1,adapted,7,first 20%,True,0.9158058582142352,14,581
POLYIC_20190628_mouse36__E3_P1,adapted,8,middle 60%,True,0.9448455096736933,11,371
POLYIC_20190628_mouse36__E3_P1,adapted,9,middle 60%,True,0.9600763046736612,32,261
POLYIC_20190628_mouse36__E3_P1,adapted,10,middle 60%,True,0.9533157166226249,24,347
POLYIC_20190628_mouse36__E3_P1,adapted,11,middle 60%,True,0.9630671825536405,59,256
POLYIC_20190628_mouse36__E3_P1,adapted,12,middle 60%,True,0.961878144214645,56,285
POLYIC_20190628_mouse36__E3_P1,adapted,13,middle 60%,True,0.9598884598884599,47,327
POLYIC_20190628_mouse36__E3_P1,adapted,14,middle 60%,True,0.9580838323353293,59,347
POLYIC_20190628_mouse36__E3_P1,adapted,15,middle 60%,True,0.9612124837969888,36,353
POLYIC_20190628_mouse36__E3_P1,adapted,16,middle 60%,True,0.9683302284537699,40,283
POLYIC_20190628_mouse36__E3_P1,adapted,17,middle 60%,True,0.9662811213487551,34,310
POLYIC_20190628_mouse36__E3_P1,adapted,18,middle 60%,True,0.9676717745921898,33,294
POLYIC_20190628_mouse36__E3_P1,adapted,19,middle 60%,True,0.969411292748972,25,280
POLYIC_20190628_mouse36__E3_P1,adapted,20,middle 60%,True,0.9675485737908227,36,278
POLYIC_20190628_mouse36__E3_P1,adapted,21,middle 60%,True,0.9651847884306374,12,313
POLYIC_20190628_mouse36__E3_P1,adapted,22,middle 60%,True,0.9671662281203524,63,224
POLYIC_20190628_mouse36__E3_P1,adapted,23,middle 60%,True,0.960069016514666,75,249
POLYIC_20190628_mouse36__E3_P1,adapted,24,middle 60%,True,0.9584062457935119,61,248
POLYIC_20190628_mouse36__E3_P1,adapted,25,middle 60%,True,0.955595026642984,60,240
POLYIC_20190628_mouse36__E3_P1,adapted,26,middle 60%,True,0.9515374331550802,37,253
POLYIC_20190628_mouse36__E3_P1,adapted,27,middle 60%,True,0.9267197387221882,25,334
POLYIC_20190628_mouse36__E3_P1,adapted,28,middle 60%,True,0.9302325581395349,50,211
POLYIC_20190628_mouse36__E3_P1,adapted,29,middle 60%,True,0.8993779729235273,70,205
POLYIC_20190628_mouse36__E3_P1,adapted,30,middle 60%,True,0.905974025974026,22,159
POLYIC_20190628_mouse36__E3_P1,adapted,31,last 20%,True,0.9256689791873142,14,136
POLYIC_20190628_mouse36__E3_P1,adapted,32,last 20%,True,0.9080751650584052,1,180
POLYIC_20190628_mouse36__E3_P1,adapted,33,last 20%,True,0.8507638072855465,0,254
POLYIC_20190628_mouse36__E3_P1,adapted,34,last 20%,True,0.863059452237809,0,205
POLYIC_20190628_mouse36__E3_P1,adapted,35,last 20%,True,0.673202614379085,1,299
POLYIC_20190628_mouse36__E3_P1,adapted,36,last 20%,True,0.6330645161290323,0,182
POLYIC_20190628_mouse36__E3_P1,adapted,37,last 20%,True,0.3333333333333333,6,102
POLYIC_20190629_polyic_mo__E3_P1,adapted,0,first 20%,True,0.8039041703637977,140,81
POLYIC_20190629_polyic_mo__E3_P1,adapted,1,first 20%,True,0.9168067226890756,39,159
POLYIC_20190629_polyic_mo__E3_P1,adapted,2,first 20%,True,0.9036259541984732,48,356
POLYIC_20190629_polyic_mo__E3_P1,adapted,3,first 20%,True,0.9124809741248098,41,419
POLYIC_20190629_polyic_mo__E3_P1,adapted,4,first 20%,True,0.9070594210259014,34,515
POLYIC_20190629_polyic_mo__E3_P1,adapted,5,first 20%,True,0.9221802142407057,7,487
POLYIC_20190629_polyic_mo__E3_P1,adapted,6,first 20%,True,0.9013511550196135,17,662
POLYIC_20190629_polyic_mo__E3_P1,adapted,7,first 20%,True,0.9018544935805991,70,618
POLYIC_20190629_polyic_mo__E3_P1,adapted,8,middle 60%,True,0.9316963025684448,57,427
POLYIC_20190629_polyic_mo__E3_P1,adapted,9,middle 60%,True,0.9228600717580728,289,313
POLYIC_20190629_polyic_mo__E3_P1,adapted,10,middle 60%,True,0.9140634209595662,357,372
POLYIC_20190629_polyic_mo__E3_P1,adapted,11,middle 60%,True,0.9178733031674208,273,453
POLYIC_20190629_polyic_mo__E3_P1,adapted,12,middle 60%,True,0.9104315766644979,466,360
POLYIC_20190629_polyic_mo__E3_P1,adapted,13,middle 60%,True,0.9285257094090036,268,402
POLYIC_20190629_polyic_mo__E3_P1,adapted,14,middle 60%,True,0.9224447868515665,385,370
POLYIC_20190629_polyic_mo__E3_P1,adapted,15,middle 60%,True,0.9333333333333333,285,373
POLYIC_20190629_polyic_mo__E3_P1,adapted,16,middle 60%,True,0.9383541441352866,308,319
POLYIC_20190629_polyic_mo__E3_P1,adapted,17,middle 60%,True,0.945676821453219,196,355
POLYIC_20190629_polyic_mo__E3_P1,adapted,18,middle 60%,True,0.9626382385174853,91,284
POLYIC_20190629_polyic_mo__E3_P1,adapted,19,middle 60%,True,0.961758691206544,27,347
POLYIC_20190629_polyic_mo__E3_P1,adapted,20,middle 60%,True,0.9623707493870589,41,312
POLYIC_20190629_polyic_mo__E3_P1,adapted,21,middle 60%,True,0.9633344477878079,51,278
POLYIC_20190629_polyic_mo__E3_P1,adapted,22,middle 60%,True,0.9636212821424339,54,253
POLYIC_20190629_polyic_mo__E3_P1,adapted,23,middle 60%,True,0.9640452293228307,37,246
POLYIC_20190629_polyic_mo__E3_P1,adapted,24,middle 60%,True,0.9627295149355988,71,201
POLYIC_20190629_polyic_mo__E3_P1,adapted,25,middle 60%,True,0.9545864661654135,29,273
POLYIC_20190629_polyic_mo__E3_P1,adapted,26,middle 60%,True,0.9533661183652705,12,263
POLYIC_20190629_polyic_mo__E3_P1,adapted,27,middle 60%,True,0.9228122984304451,16,343
POLYIC_20190629_polyic_mo__E3_P1,adapted,28,middle 60%,True,0.9141716566866267,92,209
POLYIC_20190629_polyic_mo__E3_P1,adapted,29,middle 60%,True,0.9070904645476773,40,188
POLYIC_20190629_polyic_mo__E3_P1,adapted,30,last 20%,True,0.9085903083700441,7,159
POLYIC_20190629_polyic_mo__E3_P1,adapted,31,last 20%,True,0.9019807008633824,6,187
POLYIC_20190629_polyic_mo__E3_P1,adapted,32,last 20%,True,0.8585418933623504,0,260
POLYIC_20190629_polyic_mo__E3_P1,adapted,33,last 20%,True,0.8208762886597938,0,278
POLYIC_20190629_polyic_mo__E3_P1,adapted,34,last 20%,True,0.7222222222222222,2,308
POLYIC_20190629_polyic_mo__E3_P1,adapted,35,last 20%,True,0.54421768707483,0,268
POLYIC_20190629_polyic_mo__E3_P1,adapted,36,last 20%,True,0.0,0,175
POLYIC_20190629_polyic_mo__E3_P1,adapted,37,outside,False,0.0,11,0
POLYIC_20190629_polyic_mo__E3_P1_1,adapted,0,first 20%,True,0.7172995780590717,5,196
POLYIC_20190629_polyic_mo__E3_P1_1,adapted,1,first 20%,True,0.7032348804500703,0,211
POLYIC_20190629_polyic_mo__E3_P1_1,adapted,2,first 20%,True,0.5559888579387187,694,103
POLYIC_20190629_polyic_mo__E3_P1_1,adapted,3,first 20%,True,0.9263059701492538,218,98
POLYIC_20190629_polyic_mo__E3_P1_1,adapted,4,first 20%,True,0.9522500858811405,233,45
POLYIC_20190629_polyic_mo__E3_P1_1,adapted,5,first 20%,True,0.9575625680087051,68,205
POLYIC_20190629_polyic_mo__E3_P1_1,adapted,6,first 20%,True,0.9554879734586674,102,220
POLYIC_20190629_polyic_mo__E3_P1_1,adapted,7,first 20%,True,0.9563821246989563,80,246
POLYIC_20190629_polyic_mo__E3_P1_1,adapted,8,middle 60%,True,0.9441437007874016,45,409
POLYIC_20190629_polyic_mo__E3_P1_1,adapted,9,middle 60%,True,0.9398554752640356,15,526
POLYIC_20190629_polyic_mo__E3_P1_1,adapted,10,middle 60%,True,0.9464189842156125,13,486
POLYIC_20190629_polyic_mo__E3_P1_1,adapted,11,middle 60%,True,0.9595865633074936,24,367
POLYIC_20190629_polyic_mo__E3_P1_1,adapted,12,middle 60%,True,0.955812101910828,14,430
POLYIC_20190629_polyic_mo__E3_P1_1,adapted,13,middle 60%,True,0.9602111643366898,27,380
POLYIC_20190629_polyic_mo__E3_P1_1,adapted,14,middle 60%,True,0.958828731453277,18,401
POLYIC_20190629_polyic_mo__E3_P1_1,adapted,15,middle 60%,True,0.9584883493244566,20,404
POLYIC_20190629_polyic_mo__E3_P1_1,adapted,16,middle 60%,True,0.957258300068153,36,403
POLYIC_20190629_polyic_mo__E3_P1_1,adapted,17,middle 60%,True,0.9554328534805758,24,428
POLYIC_20190629_polyic_mo__E3_P1_1,adapted,18,middle 60%,True,0.9599299747130908,42,370
POLYIC_20190629_polyic_mo__E3_P1_1,adapted,19,middle 60%,True,0.9608038201352964,13,381
POLYIC_20190629_polyic_mo__E3_P1_1,adapted,20,middle 60%,True,0.9665721231766613,11,319
POLYIC_20190629_polyic_mo__E3_P1_1,adapted,21,middle 60%,True,0.9668276296451817,10,306
POLYIC_20190629_polyic_mo__E3_P1_1,adapted,22,middle 60%,True,0.9612454455117588,27,324
POLYIC_20190629_polyic_mo__E3_P1_1,adapted,23,middle 60%,True,0.9632885826303909,42,267
POLYIC_20190629_polyic_mo__E3_P1_1,adapted,24,middle 60%,True,0.960919540229885,75,231
POLYIC_20190629_polyic_mo__E3_P1_1,adapted,25,middle 60%,True,0.9618256092407381,44,227
POLYIC_20190629_polyic_mo__E3_P1_1,adapted,26,middle 60%,True,0.9535670356703567,68,234
POLYIC_20190629_polyic_mo__E3_P1_1,adapted,27,middle 60%,True,0.9521322889469104,16,259
POLYIC_20190629_polyic_mo__E3_P1_1,adapted,28,middle 60%,True,0.9357674104124408,79,206
POLYIC_20190629_polyic_mo__E3_P1_1,adapted,29,last 20%,True,0.8827758674585808,169,206
POLYIC_20190629_polyic_mo__E3_P1_1,adapted,30,last 20%,True,0.908150064683053,94,119
POLYIC_20190629_polyic_mo__E3_P1_1,adapted,31,last 20%,True,0.9210300429184549,37,147
POLYIC_20190629_polyic_mo__E3_P1_1,adapted,32,last 20%,True,0.9028896257697774,1,204
POLYIC_20190629_polyic_mo__E3_P1_1,adapted,33,last 20%,True,0.8424135910954892,1,268
POLYIC_20190629_polyic_mo__E3_P1_1,adapted,34,last 20%,True,0.7793427230046949,8,227
POLYIC_20190629_polyic_mo__E3_P1_1,adapted,35,last 20%,True,0.6414342629482072,4,176
POLYIC_20190629_polyic_mo__E3_P1_1,adapted,36,outside,False,1.0,0,0
POLYIC_20190629_polyic_mo__E3_P1_1,adapted,37,outside,False,0.0,39,0
POLYIC_20190629_polyic_mo__E3_P1_2,adapted,0,first 20%,True,0.7592319054652881,212,114
POLYIC_20190629_polyic_mo__E3_P1_2,adapted,1,first 20%,True,0.8743961352657005,16,192
POLYIC_20190629_polyic_mo__E3_P1_2,adapted,2,first 20%,True,0.9280618311533888,203,39
POLYIC_20190629_polyic_mo__E3_P1_2,adapted,3,first 20%,True,0.956661963313848,142,73
POLYIC_20190629_polyic_mo__E3_P1_2,adapted,4,first 20%,True,0.9548685733179038,57,216
POLYIC_20190629_polyic_mo__E3_P1_2,adapted,5,first 20%,True,0.950207468879668,17,319
POLYIC_20190629_polyic_mo__E3_P1_2,adapted,6,first 20%,True,0.9470065883700945,14,356
POLYIC_20190629_polyic_mo__E3_P1_2,adapted,7,first 20%,True,0.9254415531886208,19,534
POLYIC_20190629_polyic_mo__E3_P1_2,adapted,8,middle 60%,True,0.9300368227248816,34,498
POLYIC_20190629_polyic_mo__E3_P1_2,adapted,9,middle 60%,True,0.9334735734946095,6,500
POLYIC_20190629_polyic_mo__E3_P1_2,adapted,10,middle 60%,True,0.9474191992281717,10,426
POLYIC_20190629_polyic_mo__E3_P1_2,adapted,11,middle 60%,True,0.9407585653718346,8,509
POLYIC_20190629_polyic_mo__E3_P1_2,adapted,12,middle 60%,True,0.9468968531468531,27,459
POLYIC_20190629_polyic_mo__E3_P1_2,adapted,13,middle 60%,True,0.9457364341085271,58,453
POLYIC_20190629_polyic_mo__E3_P1_2,adapted,14,middle 60%,True,0.9436920883820384,88,465
POLYIC_20190629_polyic_mo__E3_P1_2,adapted,15,middle 60%,True,0.944729569680221,108,452
POLYIC_20190629_polyic_mo__E3_P1_2,adapted,16,middle 60%,True,0.9543431998452312,42,430
POLYIC_20190629_polyic_mo__E3_P1_2,adapted,17,middle 60%,True,0.9595815501664289,27,398
POLYIC_20190629_polyic_mo__E3_P1_2,adapted,18,middle 60%,True,0.9609626681826795,7,405
POLYIC_20190629_polyic_mo__E3_P1_2,adapted,19,middle 60%,True,0.9618700900555662,3,395
POLYIC_20190629_polyic_mo__E3_P1_2,adapted,20,middle 60%,True,0.9635107521650287,2,373
POLYIC_20190629_polyic_mo__E3_P1_2,adapted,21,middle 60%,True,0.9630828360473349,4,361
POLYIC_20190629_polyic_mo__E3_P1_2,adapted,22,middle 60%,True,0.9691091196626253,30,263
POLYIC_20190629_polyic_mo__E3_P1_2,adapted,23,middle 60%,True,0.9551735760026964,132,267
POLYIC_20190629_polyic_mo__E3_P1_2,adapted,24,middle 60%,True,0.9365192582025678,279,255
POLYIC_20190629_polyic_mo__E3_P1_2,adapted,25,middle 60%,True,0.935895782277828,248,249
POLYIC_20190629_polyic_mo__E3_P1_2,adapted,26,middle 60%,True,0.9201196070055532,255,306
POLYIC_20190629_polyic_mo__E3_P1_2,adapted,27,middle 60%,True,0.9316181448882871,104,300
POLYIC_20190629_polyic_mo__E3_P1_2,adapted,28,middle 60%,True,0.9357993197278912,65,237
POLYIC_20190629_polyic_mo__E3_P1_2,adapted,29,middle 60%,True,0.9204777162831342,76,197
POLYIC_20190629_polyic_mo__E3_P1_2,adapted,30,last 20%,True,0.9020442930153322,41,189
POLYIC_20190629_polyic_mo__E3_P1_2,adapted,31,last 20%,True,0.9107843137254902,9,173
POLYIC_20190629_polyic_mo__E3_P1_2,adapted,32,last 20%,True,0.8876953125,0,230
POLYIC_20190629_polyic_mo__E3_P1_2,adapted,33,last 20%,True,0.844106463878327,0,287
POLYIC_20190629_polyic_mo__E3_P1_2,adapted,34,last 20%,True,0.8044619422572179,0,298
POLYIC_20190629_polyic_mo__E3_P1_2,adapted,35,last 20%,True,0.7255092143549952,1,282
POLYIC_20190629_polyic_mo__E3_P1_2,adapted,36,last 20%,True,0.6928571428571428,0,172
POLYIC_20190629_polyic_mo__E3_P1_2,adapted,37,outside,False,0.0,8,0
POLYIC_20190629_polyic_mo__E3_P1_3,adapted,0,first 20%,True,0.7889908256880734,207,46
POLYIC_20190629_polyic_mo__E3_P1_3,adapted,1,first 20%,True,0.6588881262868909,418,79
POLYIC_20190629_polyic_mo__E3_P1_3,adapted,2,first 20%,True,0.9335394126738794,131,127
POLYIC_20190629_polyic_mo__E3_P1_3,adapted,3,first 20%,True,0.9202619414483821,86,328
POLYIC_20190629_polyic_mo__E3_P1_3,adapted,4,first 20%,True,0.9107387140902873,113,409
POLYIC_20190629_polyic_mo__E3_P1_3,adapted,5,first 20%,True,0.9255886970172684,50,424
POLYIC_20190629_polyic_mo__E3_P1_3,adapted,6,first 20%,True,0.9274596182085169,23,471
POLYIC_20190629_polyic_mo__E3_P1_3,adapted,7,first 20%,True,0.9212885154061624,36,526
POLYIC_20190629_polyic_mo__E3_P1_3,adapted,8,middle 60%,True,0.9379234066085995,56,393
POLYIC_20190629_polyic_mo__E3_P1_3,adapted,9,middle 60%,True,0.9632469592808038,41,237
POLYIC_20190629_polyic_mo__E3_P1_3,adapted,10,middle 60%,True,0.9612570468993643,76,247
POLYIC_20190629_polyic_mo__E3_P1_3,adapted,11,middle 60%,True,0.9546292031321971,65,329
POLYIC_20190629_polyic_mo__E3_P1_3,adapted,12,middle 60%,True,0.9578433547814511,82,298
POLYIC_20190629_polyic_mo__E3_P1_3,adapted,13,middle 60%,True,0.954564937848264,91,333
POLYIC_20190629_polyic_mo__E3_P1_3,adapted,14,middle 60%,True,0.9524588487884674,106,359
POLYIC_20190629_polyic_mo__E3_P1_3,adapted,15,middle 60%,True,0.957159857199524,74,358
POLYIC_20190629_polyic_mo__E3_P1_3,adapted,16,middle 60%,True,0.9669527473611522,5,330
POLYIC_20190629_polyic_mo__E3_P1_3,adapted,17,middle 60%,True,0.9641197983591974,24,339
POLYIC_20190629_polyic_mo__E3_P1_3,adapted,18,middle 60%,True,0.9634644101543056,27,340
POLYIC_20190629_polyic_mo__E3_P1_3,adapted,19,middle 60%,True,0.9653208583341808,19,322
POLYIC_20190629_polyic_mo__E3_P1_3,adapted,20,middle 60%,True,0.9665679221328819,34,282
POLYIC_20190629_polyic_mo__E3_P1_3,adapted,21,middle 60%,True,0.9619100499722376,112,231
POLYIC_20190629_polyic_mo__E3_P1_3,adapted,22,middle 60%,True,0.9628933771723814,113,203
POLYIC_20190629_polyic_mo__E3_P1_3,adapted,23,middle 60%,True,0.9604863221884499,95,217
POLYIC_20190629_polyic_mo__E3_P1_3,adapted,24,middle 60%,True,0.9589603283173734,60,240
POLYIC_20190629_polyic_mo__E3_P1_3,adapted,25,middle 60%,True,0.9555154794108807,44,252
POLYIC_20190629_polyic_mo__E3_P1_3,adapted,26,middle 60%,True,0.9451867077766358,29,291
POLYIC_20190629_polyic_mo__E3_P1_3,adapted,27,middle 60%,True,0.9197233284426745,14,369
POLYIC_20190629_polyic_mo__E3_P1_3,adapted,28,middle 60%,True,0.9178437590083598,37,248
POLYIC_20190629_polyic_mo__E3_P1_3,adapted,29,middle 60%,True,0.9036792062835882,20,213
POLYIC_20190629_polyic_mo__E3_P1_3,adapted,30,last 20%,True,0.8933843630399125,13,182
POLYIC_20190629_polyic_mo__E3_P1_3,adapted,31,last 20%,True,0.8834291688447464,3,220
POLYIC_20190629_polyic_mo__E3_P1_3,adapted,32,last 20%,True,0.8425241614553723,0,277
POLYIC_20190629_polyic_mo__E3_P1_3,adapted,33,last 20%,True,0.7109826589595376,0,400
POLYIC_20190629_polyic_mo__E3_P1_3,adapted,34,last 20%,True,0.6570605187319885,0,357
POLYIC_20190629_polyic_mo__E3_P1_3,adapted,35,last 20%,True,0.28921568627450983,0,290
POLYIC_20190629_polyic_mo__E3_P1_3,adapted,36,last 20%,True,0.0,0,186
POLYIC_20190629_polyic_mo__E3_P1_3,adapted,37,outside,False,1.0,0,0
POLYIC_20190629_polyic_mo__E3_P1_5,adapted,0,first 20%,True,0.8117647058823529,64,128
POLYIC_20190629_polyic_mo__E3_P1_5,adapted,1,first 20%,True,0.8769716088328076,46,110
POLYIC_20190629_polyic_mo__E3_P1_5,adapted,2,first 20%,True,0.9364120781527531,115,64
POLYIC_20190629_polyic_mo__E3_P1_5,adapted,3,first 20%,True,0.9349420392713509,182,93
POLYIC_20190629_polyic_mo__E3_P1_5,adapted,4,first 20%,True,0.9497164461247637,42,224
POLYIC_20190629_polyic_mo__E3_P1_5,adapted,5,first 20%,True,0.948,45,267
POLYIC_20190629_polyic_mo__E3_P1_5,adapted,6,first 20%,True,0.9406307977736549,5,379
POLYIC_20190629_polyic_mo__E3_P1_5,adapted,7,first 20%,True,0.9085730561093706,1,641
POLYIC_20190629_polyic_mo__E3_P1_5,adapted,8,middle 60%,True,0.9079427448779118,7,649
POLYIC_20190629_polyic_mo__E3_P1_5,adapted,9,middle 60%,True,0.9462792345854004,21,358
POLYIC_20190629_polyic_mo__E3_P1_5,adapted,10,middle 60%,True,0.9530704589528118,15,348
POLYIC_20190629_polyic_mo__E3_P1_5,adapted,11,middle 60%,True,0.9355219650448748,2,544
POLYIC_20190629_polyic_mo__E3_P1_5,adapted,12,middle 60%,True,0.9477296122612375,9,448
POLYIC_20190629_polyic_mo__E3_P1_5,adapted,13,middle 60%,True,0.9526102659516252,4,429
POLYIC_20190629_polyic_mo__E3_P1_5,adapted,14,middle 60%,True,0.9492348284960422,7,474
POLYIC_20190629_polyic_mo__E3_P1_5,adapted,15,middle 60%,True,0.955687155401266,12,422
POLYIC_20190629_polyic_mo__E3_P1_5,adapted,16,middle 60%,True,0.9573268921095008,29,395
POLYIC_20190629_polyic_mo__E3_P1_5,adapted,17,middle 60%,True,0.9603221371046946,36,368
POLYIC_20190629_polyic_mo__E3_P1_5,adapted,18,middle 60%,True,0.9665182891426359,27,319
POLYIC_20190629_polyic_mo__E3_P1_5,adapted,19,middle 60%,True,0.9552534973707709,4,447
POLYIC_20190629_polyic_mo__E3_P1_5,adapted,20,middle 60%,True,0.9570206341217916,5,422
POLYIC_20190629_polyic_mo__E3_P1_5,adapted,21,middle 60%,True,0.96408753010156,24,319
POLYIC_20190629_polyic_mo__E3_P1_5,adapted,22,middle 60%,True,0.9628240485383343,81,256
POLYIC_20190629_polyic_mo__E3_P1_5,adapted,23,middle 60%,True,0.9626399528579846,61,256
POLYIC_20190629_polyic_mo__E3_P1_5,adapted,24,middle 60%,True,0.9599494630448515,51,266
POLYIC_20190629_polyic_mo__E3_P1_5,adapted,25,middle 60%,True,0.9563173901022948,34,282
POLYIC_20190629_polyic_mo__E3_P1_5,adapted,26,middle 60%,True,0.9567468778556198,32,252
POLYIC_20190629_polyic_mo__E3_P1_5,adapted,27,middle 60%,True,0.9478538488825825,27,267
POLYIC_20190629_polyic_mo__E3_P1_5,adapted,28,middle 60%,True,0.9355629877369008,25,264
POLYIC_20190629_polyic_mo__E3_P1_5,adapted,29,middle 60%,True,0.9074700276667691,79,222
POLYIC_20190629_polyic_mo__E3_P1_5,adapted,30,last 20%,True,0.9141205615194055,26,182
POLYIC_20190629_polyic_mo__E3_P1_5,adapted,31,last 20%,True,0.8925013109596225,15,190
POLYIC_20190629_polyic_mo__E3_P1_5,adapted,32,last 20%,True,0.909,0,182
POLYIC_20190629_polyic_mo__E3_P1_5,adapted,33,last 20%,True,0.8498871331828443,0,266
POLYIC_20190629_polyic_mo__E3_P1_5,adapted,34,last 20%,True,0.7909922589725545,0,297
POLYIC_20190629_polyic_mo__E3_P1_5,adapted,35,last 20%,True,0.7197382769901853,0,257
POLYIC_20190629_polyic_mo__E3_P1_5,adapted,36,last 20%,True,0.3241590214067278,0,221
POLYIC_20190629_polyic_mo__E3_P1_5,adapted,37,outside,False,1.0,0,0
POLYIC_20190629_polyic_mo__E4_P1_2,adapted,0,first 20%,True,0.7858472998137802,95,135
POLYIC_20190629_polyic_mo__E4_P1_2,adapted,1,first 20%,True,0.831353919239905,153,131
POLYIC_20190629_polyic_mo__E4_P1_2,adapted,2,first 20%,True,0.9226377390807879,106,165
POLYIC_20190629_polyic_mo__E4_P1_2,adapted,3,first 20%,True,0.9288044521205143,70,301
POLYIC_20190629_polyic_mo__E4_P1_2,adapted,4,first 20%,True,0.9286418941137784,64,370
POLYIC_20190629_polyic_mo__E4_P1_2,adapted,5,first 20%,True,0.9287321830457614,89,386
POLYIC_20190629_polyic_mo__E4_P1_2,adapted,6,first 20%,True,0.9139165847493329,87,526
POLYIC_20190629_polyic_mo__E4_P1_2,adapted,7,first 20%,True,0.8988824559041335,164,587
POLYIC_20190629_polyic_mo__E4_P1_2,adapted,8,middle 60%,True,0.9035901573215006,288,429
POLYIC_20190629_polyic_mo__E4_P1_2,adapted,9,middle 60%,True,0.8799705449189985,614,364
POLYIC_20190629_polyic_mo__E4_P1_2,adapted,10,middle 60%,True,0.8878842676311031,565,427
POLYIC_20190629_polyic_mo__E4_P1_2,adapted,11,middle 60%,True,0.8847120533275052,602,453
POLYIC_20190629_polyic_mo__E4_P1_2,adapted,12,middle 60%,True,0.8886804252657912,587,481
POLYIC_20190629_polyic_mo__E4_P1_2,adapted,13,middle 60%,True,0.9050439044312845,450,480
POLYIC_20190629_polyic_mo__E4_P1_2,adapted,14,middle 60%,True,0.9058419243986254,439,520
POLYIC_20190629_polyic_mo__E4_P1_2,adapted,15,middle 60%,True,0.9289033916740829,222,497
POLYIC_20190629_polyic_mo__E4_P1_2,adapted,16,middle 60%,True,0.9413007973868768,209,402
POLYIC_20190629_polyic_mo__E4_P1_2,adapted,17,middle 60%,True,0.946524064171123,116,444
POLYIC_20190629_polyic_mo__E4_P1_2,adapted,18,middle 60%,True,0.958156575395295,13,421
POLYIC_20190629_polyic_mo__E4_P1_2,adapted,19,middle 60%,True,0.9580111578741314,0,429
POLYIC_20190629_polyic_mo__E4_P1_2,adapted,20,middle 60%,True,0.9607843137254902,11,377
POLYIC_20190629_polyic_mo__E4_P1_2,adapted,21,middle 60%,True,0.9623200677392041,19,337
POLYIC_20190629_polyic_mo__E4_P1_2,adapted,22,middle 60%,True,0.9613531981628767,51,294
POLYIC_20190629_polyic_mo__E4_P1_2,adapted,23,middle 60%,True,0.960210299916358,47,286
POLYIC_20190629_polyic_mo__E4_P1_2,adapted,24,middle 60%,True,0.9573411435120336,80,255
POLYIC_20190629_polyic_mo__E4_P1_2,adapted,25,middle 60%,True,0.944643348939686,123,279
POLYIC_20190629_polyic_mo__E4_P1_2,adapted,26,middle 60%,True,0.930183883988638,182,285
POLYIC_20190629_polyic_mo__E4_P1_2,adapted,27,middle 60%,True,0.9090588027547236,137,378
POLYIC_20190629_polyic_mo__E4_P1_2,adapted,28,middle 60%,True,0.9044197692140213,138,301
POLYIC_20190629_polyic_mo__E4_P1_2,adapted,29,middle 60%,True,0.8898678414096917,141,234
POLYIC_20190629_polyic_mo__E4_P1_2,adapted,30,last 20%,True,0.8901482127288579,79,173
POLYIC_20190629_polyic_mo__E4_P1_2,adapted,31,last 20%,True,0.9193626267503622,13,154
POLYIC_20190629_polyic_mo__E4_P1_2,adapted,32,last 20%,True,0.9071969696969697,1,195
POLYIC_20190629_polyic_mo__E4_P1_2,adapted,33,last 20%,True,0.864,0,255
POLYIC_20190629_polyic_mo__E4_P1_2,adapted,34,last 20%,True,0.7706919945725916,0,338
POLYIC_20190629_polyic_mo__E4_P1_2,adapted,35,last 20%,True,0.7247796278158668,0,281
POLYIC_20190629_polyic_mo__E4_P1_2,adapted,36,last 20%,True,0.6276803118908382,2,189
POLYIC_20190629_polyic_mo__E4_P1_2,adapted,37,outside,False,0.0,21,0
POLYIC_20190629_polyic_mo__E4_P1_4,adapted,0,first 20%,True,0.8380952380952381,80,90
POLYIC_20190629_polyic_mo__E4_P1_4,adapted,1,first 20%,True,0.8747323340471093,76,158
POLYIC_20190629_polyic_mo__E4_P1_4,adapted,2,first 20%,True,0.9129564782391195,169,179
POLYIC_20190629_polyic_mo__E4_P1_4,adapted,3,first 20%,True,0.9008550118246316,202,343
POLYIC_20190629_polyic_mo__E4_P1_4,adapted,4,first 20%,True,0.9125512715340443,77,456
POLYIC_20190629_polyic_mo__E4_P1_4,adapted,5,first 20%,True,0.9157633942397027,151,393
POLYIC_20190629_polyic_mo__E4_P1_4,adapted,6,first 20%,True,0.9034502754421572,147,519
POLYIC_20190629_polyic_mo__E4_P1_4,adapted,7,first 20%,True,0.8831699346405228,272,586
POLYIC_20190629_polyic_mo__E4_P1_4,adapted,8,middle 60%,True,0.8840875118902025,294,559
POLYIC_20190629_polyic_mo__E4_P1_4,adapted,9,middle 60%,True,0.9150428682774747,359,295
POLYIC_20190629_polyic_mo__E4_P1_4,adapted,10,middle 60%,True,0.9195623421906938,339,330
POLYIC_20190629_polyic_mo__E4_P1_4,adapted,11,middle 60%,True,0.9137712108969179,310,437
POLYIC_20190629_polyic_mo__E4_P1_4,adapted,12,middle 60%,True,0.9262785034314811,313,353
POLYIC_20190629_polyic_mo__E4_P1_4,adapted,13,middle 60%,True,0.9509182687144238,98,359
POLYIC_20190629_polyic_mo__E4_P1_4,adapted,14,middle 60%,True,0.9522731948158815,89,375
POLYIC_20190629_polyic_mo__E4_P1_4,adapted,15,middle 60%,True,0.9538057212170221,32,425
POLYIC_20190629_polyic_mo__E4_P1_4,adapted,16,middle 60%,True,0.9587659448234945,27,390
POLYIC_20190629_polyic_mo__E4_P1_4,adapted,17,middle 60%,True,0.9630729630729631,16,357
POLYIC_20190629_polyic_mo__E4_P1_4,adapted,18,middle 60%,True,0.9575781716789484,16,410
POLYIC_20190629_polyic_mo__E4_P1_4,adapted,19,middle 60%,True,0.9598056089905842,11,386
POLYIC_20190629_polyic_mo__E4_P1_4,adapted,20,middle 60%,True,0.9616695939663188,15,356
POLYIC_20190629_polyic_mo__E4_P1_4,adapted,21,middle 60%,True,0.9607971966710469,40,318
POLYIC_20190629_polyic_mo__E4_P1_4,adapted,22,middle 60%,True,0.9518251516191784,159,262
POLYIC_20190629_polyic_mo__E4_P1_4,adapted,23,middle 60%,True,0.9441489361702128,219,243
POLYIC_20190629_polyic_mo__E4_P1_4,adapted,24,middle 60%,True,0.9336266011126925,284,229
POLYIC_20190629_polyic_mo__E4_P1_4,adapted,25,middle 60%,True,0.9274170683300255,263,249
POLYIC_20190629_polyic_mo__E4_P1_4,adapted,26,middle 60%,True,0.910032972209138,283,290
POLYIC_20190629_polyic_mo__E4_P1_4,adapted,27,middle 60%,True,0.8986884622695305,154,379
POLYIC_20190629_polyic_mo__E4_P1_4,adapted,28,middle 60%,True,0.8938434253863694,174,245
POLYIC_20190629_polyic_mo__E4_P1_4,adapted,29,middle 60%,True,0.8436363636363636,98,375
POLYIC_20190629_polyic_mo__E4_P1_4,adapted,30,last 20%,True,0.8881048387096774,41,181
POLYIC_20190629_polyic_mo__E4_P1_4,adapted,31,last 20%,True,0.9104403760514597,3,178
POLYIC_20190629_polyic_mo__E4_P1_4,adapted,32,last 20%,True,0.8538380651945321,0,278
POLYIC_20190629_polyic_mo__E4_P1_4,adapted,33,last 20%,True,0.785012285012285,0,350
POLYIC_20190629_polyic_mo__E4_P1_4,adapted,34,last 20%,True,0.7162055335968379,2,357
POLYIC_20190629_polyic_mo__E4_P1_4,adapted,35,last 20%,True,0.7048951048951049,12,199
POLYIC_20190629_polyic_mo__E4_P1_4,adapted,36,last 20%,True,0.391025641025641,2,188
POLYIC_20190629_polyic_mo__E4_P1_4,adapted,37,outside,False,1.0,0,0
