subject_id,StudyInstanceUID,SeriesInstanceUID,SeriesDescription,ProtocolName,ImageType,rows,columns,pixel_spacing,slice_thickness,spacing_between_slices,instances,unique_spatial_slices,maximum_position_repetitions,reconstructed_shape,qc_class,qc_reason,visual_review_status,contact_sheet_path,metadata_path,example_dicom_path
TVD_GBM_IC1_070610_16_100110,1.3.46.670589.11.17169.5.0.6060.2010100109470843631.2,1.3.46.670589.11.17169.5.0.5780.2010100110490460987.2,TSE_100_Cor_P4 SENSE,TSE_100_Cor_P4 SENSE,ORIGINAL\PRIMARY\M_SE\M\SE,256,256,0.117188\0.117188,0.5,0.5,30,30,1,256x256x30,primary anatomical,full TSE or coronal T1 anatomical acquisition,contact sheet generated,/Users/estebanfelixmoran/Desktop/Purdue/Medical_Imaging/3D-Medical-Segment-Anything/outputs/mouse_astrocytoma_zero_shot/series_qc/TVD_GBM_IC1_070610_16_100110/001_00110490460987_2/contact_sheet.png,/Users/estebanfelixmoran/Desktop/Purdue/Medical_Imaging/3D-Medical-Segment-Anything/outputs/mouse_astrocytoma_zero_shot/series_qc/TVD_GBM_IC1_070610_16_100110/001_00110490460987_2/metadata.json,/Users/estebanfelixmoran/Desktop/Purdue/Medical_Imaging/Datasets/Mouse-Astrocytoma-doiJNLP/mouse_astrocytoma/TVD_GBM_IC1_070610_16_100110/631.2/987.2/eb4eab08-81b2-4f0d-893a-78e39ec397d2.dcm
TVD_GBM_IC1_070610_16_100110,1.3.46.670589.11.17169.5.0.6060.2010100109470843631.2,1.3.46.670589.11.17169.5.0.5780.2010100111190240011.2,T1_FFE_Cor_PreC SENSE,T1_FFE_Cor_PreC SENSE,ORIGINAL\PRIMARY\M_FFE\M\FFE,256,256,0.117188\0.117188,0.5,0.25,48,48,1,256x256x48,primary anatomical,full TSE or coronal T1 anatomical acquisition,contact sheet generated,/Users/estebanfelixmoran/Desktop/Purdue/Medical_Imaging/3D-Medical-Segment-Anything/outputs/mouse_astrocytoma_zero_shot/series_qc/TVD_GBM_IC1_070610_16_100110/002_00111190240011_2/contact_sheet.png,/Users/estebanfelixmoran/Desktop/Purdue/Medical_Imaging/3D-Medical-Segment-Anything/outputs/mouse_astrocytoma_zero_shot/series_qc/TVD_GBM_IC1_070610_16_100110/002_00111190240011_2/metadata.json,/Users/estebanfelixmoran/Desktop/Purdue/Medical_Imaging/Datasets/Mouse-Astrocytoma-doiJNLP/mouse_astrocytoma/TVD_GBM_IC1_070610_16_100110/631.2/011.2/5bea2418-432f-42a4-9834-3015a8731988.dcm
TVD_GBM_IC1_070610_16_100110,1.3.46.670589.11.17169.5.0.6060.2010100109470843631.2,1.3.46.670589.11.17169.5.0.5780.2010100111263914038.2,T1_FFE_PreFA5 SENSE,T1_FFE_PreFA5 SENSE,ORIGINAL\PRIMARY\M_FFE\M\FFE,132,132,0.227273\0.227273,1.0,1.0,12,12,1,132x132x12,secondary anatomical,low-flip-angle anatomical reference,contact sheet generated,/Users/estebanfelixmoran/Desktop/Purdue/Medical_Imaging/3D-Medical-Segment-Anything/outputs/mouse_astrocytoma_zero_shot/series_qc/TVD_GBM_IC1_070610_16_100110/003_00111263914038_2/contact_sheet.png,/Users/estebanfelixmoran/Desktop/Purdue/Medical_Imaging/3D-Medical-Segment-Anything/outputs/mouse_astrocytoma_zero_shot/series_qc/TVD_GBM_IC1_070610_16_100110/003_00111263914038_2/metadata.json,/Users/estebanfelixmoran/Desktop/Purdue/Medical_Imaging/Datasets/Mouse-Astrocytoma-doiJNLP/mouse_astrocytoma/TVD_GBM_IC1_070610_16_100110/631.2/038.2/67f4c088-947b-4054-bf8e-9281fac202d2.dcm
TVD_GBM_IC1_070610_16_100110,1.3.46.670589.11.17169.5.0.6060.2010100109470843631.2,1.3.46.670589.11.17169.5.0.5780.2010100111281740115.2,3D_12Sl_Dyn22s_AP_TR9/TE3 SENSE,3D_12Sl_Dyn22s_AP_TR9/TE3 SENSE,ORIGINAL\PRIMARY\M_FFE\M\FFE,132,132,0.227273\0.227273,1.0,1.0,600,12,50,132x132x12,dynamic,50 repeated images per spatial position,contact sheet generated,/Users/estebanfelixmoran/Desktop/Purdue/Medical_Imaging/3D-Medical-Segment-Anything/outputs/mouse_astrocytoma_zero_shot/series_qc/TVD_GBM_IC1_070610_16_100110/004_00111281740115_2/contact_sheet.png,/Users/estebanfelixmoran/Desktop/Purdue/Medical_Imaging/3D-Medical-Segment-Anything/outputs/mouse_astrocytoma_zero_shot/series_qc/TVD_GBM_IC1_070610_16_100110/004_00111281740115_2/metadata.json,/Users/estebanfelixmoran/Desktop/Purdue/Medical_Imaging/Datasets/Mouse-Astrocytoma-doiJNLP/mouse_astrocytoma/TVD_GBM_IC1_070610_16_100110/631.2/115.2/118ba1d1-4c17-4bde-a3ce-7dd06c765002.dcm
TVD_GBM_IC1_070610_16_100110,1.3.46.670589.11.17169.5.0.6060.2010100109470843631.2,1.3.46.670589.11.17169.5.0.5780.2010100111465823324.2,T1_FFE_Cor_PostC SENSE,T1_FFE_Cor_PostC SENSE,ORIGINAL\PRIMARY\M_FFE\M\FFE,256,256,0.117188\0.117188,0.5,0.25,48,48,1,256x256x48,primary anatomical,full TSE or coronal T1 anatomical acquisition,contact sheet generated,/Users/estebanfelixmoran/Desktop/Purdue/Medical_Imaging/3D-Medical-Segment-Anything/outputs/mouse_astrocytoma_zero_shot/series_qc/TVD_GBM_IC1_070610_16_100110/005_00111465823324_2/contact_sheet.png,/Users/estebanfelixmoran/Desktop/Purdue/Medical_Imaging/3D-Medical-Segment-Anything/outputs/mouse_astrocytoma_zero_shot/series_qc/TVD_GBM_IC1_070610_16_100110/005_00111465823324_2/metadata.json,/Users/estebanfelixmoran/Desktop/Purdue/Medical_Imaging/Datasets/Mouse-Astrocytoma-doiJNLP/mouse_astrocytoma/TVD_GBM_IC1_070610_16_100110/631.2/324.2/7f05a464-e117-41f9-848d-9d325ceea49f.dcm
TVD_GBM_IC1_070610_16_100110,1.3.46.670589.11.17169.5.0.6060.2010100109470843631.2,1.3.46.670589.11.17169.5.0.9348.2012020709052553000.2,sT1_FFE_Subtr,sT1_FFE_Subtr,ORIGINAL\PRIMARY\M_FFE\M\FFE,256,256,0.117188\0.117188,0.5,0.25,48,48,1,256x256x48,subtraction,subtraction series,contact sheet generated,/Users/estebanfelixmoran/Desktop/Purdue/Medical_Imaging/3D-Medical-Segment-Anything/outputs/mouse_astrocytoma_zero_shot/series_qc/TVD_GBM_IC1_070610_16_100110/006_20709052553000_2/contact_sheet.png,/Users/estebanfelixmoran/Desktop/Purdue/Medical_Imaging/3D-Medical-Segment-Anything/outputs/mouse_astrocytoma_zero_shot/series_qc/TVD_GBM_IC1_070610_16_100110/006_20709052553000_2/metadata.json,/Users/estebanfelixmoran/Desktop/Purdue/Medical_Imaging/Datasets/Mouse-Astrocytoma-doiJNLP/mouse_astrocytoma/TVD_GBM_IC1_070610_16_100110/631.2/000.2/596bce3d-ab3c-4616-9e3b-c916c483cc49.dcm
TVD_GBM_IC1_070610_19,1.3.46.670589.11.17169.5.0.6060.2010092709381189369.3,1.3.46.670589.11.17169.5.0.5780.2010092711281771299.3,TSE_100_Cor_P4 SENSE,TSE_100_Cor_P4 SENSE,ORIGINAL\PRIMARY\M_SE\M\SE,256,256,0.117188\0.117188,0.5,0.5,30,30,1,256x256x30,primary anatomical,full TSE or coronal T1 anatomical acquisition,contact sheet generated,/Users/estebanfelixmoran/Desktop/Purdue/Medical_Imaging/3D-Medical-Segment-Anything/outputs/mouse_astrocytoma_zero_shot/series_qc/TVD_GBM_IC1_070610_19/007_92711281771299_3/contact_sheet.png,/Users/estebanfelixmoran/Desktop/Purdue/Medical_Imaging/3D-Medical-Segment-Anything/outputs/mouse_astrocytoma_zero_shot/series_qc/TVD_GBM_IC1_070610_19/007_92711281771299_3/metadata.json,/Users/estebanfelixmoran/Desktop/Purdue/Medical_Imaging/Datasets/Mouse-Astrocytoma-doiJNLP/mouse_astrocytoma/TVD_GBM_IC1_070610_19/369.3/299.3/e553aa05-3114-4bda-a14b-6f63b5617445.dcm
TVD_GBM_IC1_070610_19,1.3.46.670589.11.17169.5.0.6060.2010092709381189369.3,1.3.46.670589.11.17169.5.0.5780.2010092712020389349.3,T1_FFE_Cor_PreC SENSE,T1_FFE_Cor_PreC SENSE,ORIGINAL\PRIMARY\M_FFE\M\FFE,256,256,0.117188\0.117188,0.5,0.25,48,48,1,256x256x48,primary anatomical,full TSE or coronal T1 anatomical acquisition,contact sheet generated,/Users/estebanfelixmoran/Desktop/Purdue/Medical_Imaging/3D-Medical-Segment-Anything/outputs/mouse_astrocytoma_zero_shot/series_qc/TVD_GBM_IC1_070610_19/008_92712020389349_3/contact_sheet.png,/Users/estebanfelixmoran/Desktop/Purdue/Medical_Imaging/3D-Medical-Segment-Anything/outputs/mouse_astrocytoma_zero_shot/series_qc/TVD_GBM_IC1_070610_19/008_92712020389349_3/metadata.json,/Users/estebanfelixmoran/Desktop/Purdue/Medical_Imaging/Datasets/Mouse-Astrocytoma-doiJNLP/mouse_astrocytoma/TVD_GBM_IC1_070610_19/369.3/349.3/2a1ea27c-13f8-4868-b329-effd02f60b81.dcm
TVD_GBM_IC1_070610_19,1.3.46.670589.11.17169.5.0.6060.2010092709381189369.3,1.3.46.670589.11.17169.5.0.5780.2010092712094570350.3,T1_FFE_PreFA5,T1_FFE_PreFA5 SENSE,ORIGINAL\PRIMARY\M_FFE\M\FFE,132,132,0.227273\0.227273,1.0,1.0,12,12,1,132x132x12,secondary anatomical,low-flip-angle anatomical reference,contact sheet generated,/Users/estebanfelixmoran/Desktop/Purdue/Medical_Imaging/3D-Medical-Segment-Anything/outputs/mouse_astrocytoma_zero_shot/series_qc/TVD_GBM_IC1_070610_19/009_92712094570350_3/contact_sheet.png,/Users/estebanfelixmoran/Desktop/Purdue/Medical_Imaging/3D-Medical-Segment-Anything/outputs/mouse_astrocytoma_zero_shot/series_qc/TVD_GBM_IC1_070610_19/009_92712094570350_3/metadata.json,/Users/estebanfelixmoran/Desktop/Purdue/Medical_Imaging/Datasets/Mouse-Astrocytoma-doiJNLP/mouse_astrocytoma/TVD_GBM_IC1_070610_19/369.3/350.3/a666a29b-50a3-446a-867e-1ffb90a5fe2b.dcm
TVD_GBM_IC1_070610_19,1.3.46.670589.11.17169.5.0.6060.2010092709381189369.3,1.3.46.670589.11.17169.5.0.5780.2010092712125435427.3,3D_12Sl_Dyn22s_AP_TR9/TE3,3D_12Sl_Dyn22s_AP_TR9/TE3 SENSE,ORIGINAL\PRIMARY\M_FFE\M\FFE,132,132,0.227273\0.227273,1.0,1.0,24,12,2,132x132x12,dynamic,2 repeated images per spatial position,contact sheet generated,/Users/estebanfelixmoran/Desktop/Purdue/Medical_Imaging/3D-Medical-Segment-Anything/outputs/mouse_astrocytoma_zero_shot/series_qc/TVD_GBM_IC1_070610_19/010_92712125435427_3/contact_sheet.png,/Users/estebanfelixmoran/Desktop/Purdue/Medical_Imaging/3D-Medical-Segment-Anything/outputs/mouse_astrocytoma_zero_shot/series_qc/TVD_GBM_IC1_070610_19/010_92712125435427_3/metadata.json,/Users/estebanfelixmoran/Desktop/Purdue/Medical_Imaging/Datasets/Mouse-Astrocytoma-doiJNLP/mouse_astrocytoma/TVD_GBM_IC1_070610_19/369.3/427.3/19ab02c4-2394-49ce-a8b0-d3fe636ba094.dcm
TVD_GBM_IC1_070610_19,1.3.46.670589.11.17169.5.0.6060.2010092709381189369.3,1.3.46.670589.11.17169.5.0.5780.2010092712183762484.3,3D_12Sl_Dyn22s_AP_TR9/TE3,3D_12Sl_Dyn22s_AP_TR9/TE3 SENSE,ORIGINAL\PRIMARY\M_FFE\M\FFE,132,132,0.227273\0.227273,1.0,1.0,600,12,50,132x132x12,dynamic,50 repeated images per spatial position,contact sheet generated,/Users/estebanfelixmoran/Desktop/Purdue/Medical_Imaging/3D-Medical-Segment-Anything/outputs/mouse_astrocytoma_zero_shot/series_qc/TVD_GBM_IC1_070610_19/011_92712183762484_3/contact_sheet.png,/Users/estebanfelixmoran/Desktop/Purdue/Medical_Imaging/3D-Medical-Segment-Anything/outputs/mouse_astrocytoma_zero_shot/series_qc/TVD_GBM_IC1_070610_19/011_92712183762484_3/metadata.json,/Users/estebanfelixmoran/Desktop/Purdue/Medical_Imaging/Datasets/Mouse-Astrocytoma-doiJNLP/mouse_astrocytoma/TVD_GBM_IC1_070610_19/369.3/484.3/c554bd6c-7e35-45fd-802f-2ea884e88983.dcm
TVD_GBM_IC1_070610_19,1.3.46.670589.11.17169.5.0.6060.2010092709381189369.3,1.3.46.670589.11.17169.5.0.5780.2010092712373179693.3,T1_FFE_Cor_PostC SENSE,T1_FFE_Cor_PostC SENSE,ORIGINAL\PRIMARY\M_FFE\M\FFE,256,256,0.117188\0.117188,0.5,0.25,48,48,1,256x256x48,primary anatomical,full TSE or coronal T1 anatomical acquisition,contact sheet generated,/Users/estebanfelixmoran/Desktop/Purdue/Medical_Imaging/3D-Medical-Segment-Anything/outputs/mouse_astrocytoma_zero_shot/series_qc/TVD_GBM_IC1_070610_19/012_92712373179693_3/contact_sheet.png,/Users/estebanfelixmoran/Desktop/Purdue/Medical_Imaging/3D-Medical-Segment-Anything/outputs/mouse_astrocytoma_zero_shot/series_qc/TVD_GBM_IC1_070610_19/012_92712373179693_3/metadata.json,/Users/estebanfelixmoran/Desktop/Purdue/Medical_Imaging/Datasets/Mouse-Astrocytoma-doiJNLP/mouse_astrocytoma/TVD_GBM_IC1_070610_19/369.3/693.3/774d02f9-be37-4e94-86a0-fce48c4d4756.dcm
TVD_GBM_IC1_070610_22_093010,1.3.46.670589.11.17169.5.0.6060.2010093011141718595.1,1.3.46.670589.11.17169.5.0.5780.2010093011205775404.1,TSE_100_Cor_P4 SENSE,TSE_100_Cor_P4 SENSE,ORIGINAL\PRIMARY\M_SE\M\SE,256,256,0.117188\0.117188,0.5,0.5,30,30,1,256x256x30,primary anatomical,full TSE or coronal T1 anatomical acquisition,contact sheet generated,/Users/estebanfelixmoran/Desktop/Purdue/Medical_Imaging/3D-Medical-Segment-Anything/outputs/mouse_astrocytoma_zero_shot/series_qc/TVD_GBM_IC1_070610_22_093010/013_93011205775404_1/contact_sheet.png,/Users/estebanfelixmoran/Desktop/Purdue/Medical_Imaging/3D-Medical-Segment-Anything/outputs/mouse_astrocytoma_zero_shot/series_qc/TVD_GBM_IC1_070610_22_093010/013_93011205775404_1/metadata.json,/Users/estebanfelixmoran/Desktop/Purdue/Medical_Imaging/Datasets/Mouse-Astrocytoma-doiJNLP/mouse_astrocytoma/TVD_GBM_IC1_070610_22_093010/595.1/404.1/0e7b3f0b-025f-424a-bc23-e45bbd7599ed.dcm
TVD_GBM_IC1_070610_22_093010,1.3.46.670589.11.17169.5.0.6060.2010093011141718595.1,1.3.46.670589.11.17169.5.0.5780.2010093011505534428.1,T1_FFE_Cor_PreC SENSE,T1_FFE_Cor_PreC SENSE,ORIGINAL\PRIMARY\M_FFE\M\FFE,256,256,0.117188\0.117188,0.5,0.25,48,48,1,256x256x48,primary anatomical,full TSE or coronal T1 anatomical acquisition,contact sheet generated,/Users/estebanfelixmoran/Desktop/Purdue/Medical_Imaging/3D-Medical-Segment-Anything/outputs/mouse_astrocytoma_zero_shot/series_qc/TVD_GBM_IC1_070610_22_093010/014_93011505534428_1/contact_sheet.png,/Users/estebanfelixmoran/Desktop/Purdue/Medical_Imaging/3D-Medical-Segment-Anything/outputs/mouse_astrocytoma_zero_shot/series_qc/TVD_GBM_IC1_070610_22_093010/014_93011505534428_1/metadata.json,/Users/estebanfelixmoran/Desktop/Purdue/Medical_Imaging/Datasets/Mouse-Astrocytoma-doiJNLP/mouse_astrocytoma/TVD_GBM_IC1_070610_22_093010/595.1/428.1/6d054ba6-c517-49e8-a199-dfec86e2711a.dcm
TVD_GBM_IC1_070610_22_093010,1.3.46.670589.11.17169.5.0.6060.2010093011141718595.1,1.3.46.670589.11.17169.5.0.5780.2010093011593739511.1,T1_FFE_PreFA5 SENSE,T1_FFE_PreFA5 SENSE,ORIGINAL\PRIMARY\M_FFE\M\FFE,132,132,0.227273\0.227273,1.0,1.0,12,12,1,132x132x12,secondary anatomical,low-flip-angle anatomical reference,contact sheet generated,/Users/estebanfelixmoran/Desktop/Purdue/Medical_Imaging/3D-Medical-Segment-Anything/outputs/mouse_astrocytoma_zero_shot/series_qc/TVD_GBM_IC1_070610_22_093010/015_93011593739511_1/contact_sheet.png,/Users/estebanfelixmoran/Desktop/Purdue/Medical_Imaging/3D-Medical-Segment-Anything/outputs/mouse_astrocytoma_zero_shot/series_qc/TVD_GBM_IC1_070610_22_093010/015_93011593739511_1/metadata.json,/Users/estebanfelixmoran/Desktop/Purdue/Medical_Imaging/Datasets/Mouse-Astrocytoma-doiJNLP/mouse_astrocytoma/TVD_GBM_IC1_070610_22_093010/595.1/511.1/ec659d2f-87d1-4257-bc3c-aa7b3be3ce33.dcm
TVD_GBM_IC1_070610_22_093010,1.3.46.670589.11.17169.5.0.6060.2010093011141718595.1,1.3.46.670589.11.17169.5.0.5780.2010093012000596532.1,3D_12Sl_Dyn22s_AP_TR9/TE3 SENSE,3D_12Sl_Dyn22s_AP_TR9/TE3 SENSE,ORIGINAL\PRIMARY\M_FFE\M\FFE,132,132,0.227273\0.227273,1.0,1.0,600,12,50,132x132x12,dynamic,50 repeated images per spatial position,contact sheet generated,/Users/estebanfelixmoran/Desktop/Purdue/Medical_Imaging/3D-Medical-Segment-Anything/outputs/mouse_astrocytoma_zero_shot/series_qc/TVD_GBM_IC1_070610_22_093010/016_93012000596532_1/contact_sheet.png,/Users/estebanfelixmoran/Desktop/Purdue/Medical_Imaging/3D-Medical-Segment-Anything/outputs/mouse_astrocytoma_zero_shot/series_qc/TVD_GBM_IC1_070610_22_093010/016_93012000596532_1/metadata.json,/Users/estebanfelixmoran/Desktop/Purdue/Medical_Imaging/Datasets/Mouse-Astrocytoma-doiJNLP/mouse_astrocytoma/TVD_GBM_IC1_070610_22_093010/595.1/532.1/e64c13d9-6e4e-4ff6-abf9-e1c90e29788d.dcm
TVD_GBM_IC1_070610_22_093010,1.3.46.670589.11.17169.5.0.6060.2010093011141718595.1,1.3.46.670589.11.17169.5.0.5780.2010093012184476741.1,T1_FFE_Cor_PostC SENSE,T1_FFE_Cor_PostC SENSE,ORIGINAL\PRIMARY\M_FFE\M\FFE,256,256,0.117188\0.117188,0.5,0.25,48,48,1,256x256x48,primary anatomical,full TSE or coronal T1 anatomical acquisition,contact sheet generated,/Users/estebanfelixmoran/Desktop/Purdue/Medical_Imaging/3D-Medical-Segment-Anything/outputs/mouse_astrocytoma_zero_shot/series_qc/TVD_GBM_IC1_070610_22_093010/017_93012184476741_1/contact_sheet.png,/Users/estebanfelixmoran/Desktop/Purdue/Medical_Imaging/3D-Medical-Segment-Anything/outputs/mouse_astrocytoma_zero_shot/series_qc/TVD_GBM_IC1_070610_22_093010/017_93012184476741_1/metadata.json,/Users/estebanfelixmoran/Desktop/Purdue/Medical_Imaging/Datasets/Mouse-Astrocytoma-doiJNLP/mouse_astrocytoma/TVD_GBM_IC1_070610_22_093010/595.1/741.1/e9560cca-6442-4893-b846-ef14ff2306b1.dcm
TVD_GBM_IC1_070610_22_093010,1.3.46.670589.11.17169.5.0.6060.2010093011141718595.1,1.3.46.670589.11.17169.5.0.8704.2012020612500053000.1,sT1_FFE_Subtr,sT1_FFE_Subtr,ORIGINAL\PRIMARY\M_FFE\M\FFE,256,256,0.117188\0.117188,0.5,0.25,48,48,1,256x256x48,subtraction,subtraction series,contact sheet generated,/Users/estebanfelixmoran/Desktop/Purdue/Medical_Imaging/3D-Medical-Segment-Anything/outputs/mouse_astrocytoma_zero_shot/series_qc/TVD_GBM_IC1_070610_22_093010/018_20612500053000_1/contact_sheet.png,/Users/estebanfelixmoran/Desktop/Purdue/Medical_Imaging/3D-Medical-Segment-Anything/outputs/mouse_astrocytoma_zero_shot/series_qc/TVD_GBM_IC1_070610_22_093010/018_20612500053000_1/metadata.json,/Users/estebanfelixmoran/Desktop/Purdue/Medical_Imaging/Datasets/Mouse-Astrocytoma-doiJNLP/mouse_astrocytoma/TVD_GBM_IC1_070610_22_093010/595.1/000.1/dcabf586-47c8-4c4f-b4fb-2841a66724e7.dcm
TVD_GBM_IC1_070610_33_100110,1.3.46.670589.11.17169.5.0.6060.2010100109470843631.4,1.3.46.670589.11.17169.5.0.5780.2010100110490460987.4,TSE_100_Cor_P4 SENSE,TSE_100_Cor_P4 SENSE,ORIGINAL\PRIMARY\M_SE\M\SE,256,256,0.117188\0.117188,0.5,0.5,30,30,1,256x256x30,primary anatomical,full TSE or coronal T1 anatomical acquisition,contact sheet generated,/Users/estebanfelixmoran/Desktop/Purdue/Medical_Imaging/3D-Medical-Segment-Anything/outputs/mouse_astrocytoma_zero_shot/series_qc/TVD_GBM_IC1_070610_33_100110/019_00110490460987_4/contact_sheet.png,/Users/estebanfelixmoran/Desktop/Purdue/Medical_Imaging/3D-Medical-Segment-Anything/outputs/mouse_astrocytoma_zero_shot/series_qc/TVD_GBM_IC1_070610_33_100110/019_00110490460987_4/metadata.json,/Users/estebanfelixmoran/Desktop/Purdue/Medical_Imaging/Datasets/Mouse-Astrocytoma-doiJNLP/mouse_astrocytoma/TVD_GBM_IC1_070610_33_100110/631.4/987.4/94fcdd16-e5a0-49d7-849d-1ba7c4072609.dcm
TVD_GBM_IC1_070610_33_100110,1.3.46.670589.11.17169.5.0.6060.2010100109470843631.4,1.3.46.670589.11.17169.5.0.5780.2010100111190240011.4,T1_FFE_Cor_PreC SENSE,T1_FFE_Cor_PreC SENSE,ORIGINAL\PRIMARY\M_FFE\M\FFE,256,256,0.117188\0.117188,0.5,0.25,48,48,1,256x256x48,primary anatomical,full TSE or coronal T1 anatomical acquisition,contact sheet generated,/Users/estebanfelixmoran/Desktop/Purdue/Medical_Imaging/3D-Medical-Segment-Anything/outputs/mouse_astrocytoma_zero_shot/series_qc/TVD_GBM_IC1_070610_33_100110/020_00111190240011_4/contact_sheet.png,/Users/estebanfelixmoran/Desktop/Purdue/Medical_Imaging/3D-Medical-Segment-Anything/outputs/mouse_astrocytoma_zero_shot/series_qc/TVD_GBM_IC1_070610_33_100110/020_00111190240011_4/metadata.json,/Users/estebanfelixmoran/Desktop/Purdue/Medical_Imaging/Datasets/Mouse-Astrocytoma-doiJNLP/mouse_astrocytoma/TVD_GBM_IC1_070610_33_100110/631.4/011.4/64c07b31-61ae-4907-acb7-bd2b54320417.dcm
TVD_GBM_IC1_070610_33_100110,1.3.46.670589.11.17169.5.0.6060.2010100109470843631.4,1.3.46.670589.11.17169.5.0.5780.2010100111263914038.4,T1_FFE_PreFA5 SENSE,T1_FFE_PreFA5 SENSE,ORIGINAL\PRIMARY\M_FFE\M\FFE,132,132,0.227273\0.227273,1.0,1.0,12,12,1,132x132x12,secondary anatomical,low-flip-angle anatomical reference,contact sheet generated,/Users/estebanfelixmoran/Desktop/Purdue/Medical_Imaging/3D-Medical-Segment-Anything/outputs/mouse_astrocytoma_zero_shot/series_qc/TVD_GBM_IC1_070610_33_100110/021_00111263914038_4/contact_sheet.png,/Users/estebanfelixmoran/Desktop/Purdue/Medical_Imaging/3D-Medical-Segment-Anything/outputs/mouse_astrocytoma_zero_shot/series_qc/TVD_GBM_IC1_070610_33_100110/021_00111263914038_4/metadata.json,/Users/estebanfelixmoran/Desktop/Purdue/Medical_Imaging/Datasets/Mouse-Astrocytoma-doiJNLP/mouse_astrocytoma/TVD_GBM_IC1_070610_33_100110/631.4/038.4/2aaa1e5f-bd4a-4771-8928-cc1f7e3f1c7d.dcm
TVD_GBM_IC1_070610_33_100110,1.3.46.670589.11.17169.5.0.6060.2010100109470843631.4,1.3.46.670589.11.17169.5.0.5780.2010100111281740115.4,3D_12Sl_Dyn22s_AP_TR9/TE3 SENSE,3D_12Sl_Dyn22s_AP_TR9/TE3 SENSE,ORIGINAL\PRIMARY\M_FFE\M\FFE,132,132,0.227273\0.227273,1.0,1.0,600,12,50,132x132x12,dynamic,50 repeated images per spatial position,contact sheet generated,/Users/estebanfelixmoran/Desktop/Purdue/Medical_Imaging/3D-Medical-Segment-Anything/outputs/mouse_astrocytoma_zero_shot/series_qc/TVD_GBM_IC1_070610_33_100110/022_00111281740115_4/contact_sheet.png,/Users/estebanfelixmoran/Desktop/Purdue/Medical_Imaging/3D-Medical-Segment-Anything/outputs/mouse_astrocytoma_zero_shot/series_qc/TVD_GBM_IC1_070610_33_100110/022_00111281740115_4/metadata.json,/Users/estebanfelixmoran/Desktop/Purdue/Medical_Imaging/Datasets/Mouse-Astrocytoma-doiJNLP/mouse_astrocytoma/TVD_GBM_IC1_070610_33_100110/631.4/115.4/7bd6ea23-33ab-4393-a556-e742821673d8.dcm
TVD_GBM_IC1_070610_33_100110,1.3.46.670589.11.17169.5.0.6060.2010100109470843631.4,1.3.46.670589.11.17169.5.0.5780.2010100111465823324.4,T1_FFE_Cor_PostC SENSE,T1_FFE_Cor_PostC SENSE,ORIGINAL\PRIMARY\M_FFE\M\FFE,256,256,0.117188\0.117188,0.5,0.25,48,48,1,256x256x48,primary anatomical,full TSE or coronal T1 anatomical acquisition,contact sheet generated,/Users/estebanfelixmoran/Desktop/Purdue/Medical_Imaging/3D-Medical-Segment-Anything/outputs/mouse_astrocytoma_zero_shot/series_qc/TVD_GBM_IC1_070610_33_100110/023_00111465823324_4/contact_sheet.png,/Users/estebanfelixmoran/Desktop/Purdue/Medical_Imaging/3D-Medical-Segment-Anything/outputs/mouse_astrocytoma_zero_shot/series_qc/TVD_GBM_IC1_070610_33_100110/023_00111465823324_4/metadata.json,/Users/estebanfelixmoran/Desktop/Purdue/Medical_Imaging/Datasets/Mouse-Astrocytoma-doiJNLP/mouse_astrocytoma/TVD_GBM_IC1_070610_33_100110/631.4/324.4/15a34b1d-ecfd-46dc-8cfc-4d4213056360.dcm
TVD_GBM_IC1_070610_33_100110,1.3.46.670589.11.17169.5.0.6060.2010100109470843631.4,1.3.46.670589.11.17169.5.0.9348.2012020709052553000.4,sT1_FFE_Subtr,sT1_FFE_Subtr,ORIGINAL\PRIMARY\M_FFE\M\FFE,256,256,0.117188\0.117188,0.5,0.25,48,48,1,256x256x48,subtraction,subtraction series,contact sheet generated,/Users/estebanfelixmoran/Desktop/Purdue/Medical_Imaging/3D-Medical-Segment-Anything/outputs/mouse_astrocytoma_zero_shot/series_qc/TVD_GBM_IC1_070610_33_100110/024_20709052553000_4/contact_sheet.png,/Users/estebanfelixmoran/Desktop/Purdue/Medical_Imaging/3D-Medical-Segment-Anything/outputs/mouse_astrocytoma_zero_shot/series_qc/TVD_GBM_IC1_070610_33_100110/024_20709052553000_4/metadata.json,/Users/estebanfelixmoran/Desktop/Purdue/Medical_Imaging/Datasets/Mouse-Astrocytoma-doiJNLP/mouse_astrocytoma/TVD_GBM_IC1_070610_33_100110/631.4/000.4/147a6fd3-0eae-4b7e-a7d5-bf092bba4117.dcm
TVD_GBM_IC1_070610_34,1.3.46.670589.11.17169.5.0.6060.2010100409431882673.1,1.3.46.670589.11.17169.5.0.5780.2010100410311348570.1,TSE_100_Cor_P4 SENSE,TSE_100_Cor_P4 SENSE,ORIGINAL\PRIMARY\M_SE\M\SE,256,256,0.117188\0.117188,0.5,0.5,30,30,1,256x256x30,primary anatomical,full TSE or coronal T1 anatomical acquisition,contact sheet generated,/Users/estebanfelixmoran/Desktop/Purdue/Medical_Imaging/3D-Medical-Segment-Anything/outputs/mouse_astrocytoma_zero_shot/series_qc/TVD_GBM_IC1_070610_34/025_00410311348570_1/contact_sheet.png,/Users/estebanfelixmoran/Desktop/Purdue/Medical_Imaging/3D-Medical-Segment-Anything/outputs/mouse_astrocytoma_zero_shot/series_qc/TVD_GBM_IC1_070610_34/025_00410311348570_1/metadata.json,/Users/estebanfelixmoran/Desktop/Purdue/Medical_Imaging/Datasets/Mouse-Astrocytoma-doiJNLP/mouse_astrocytoma/TVD_GBM_IC1_070610_34/673.1/570.1/dd35894c-8cbc-4512-a284-b335fcf83785.dcm
TVD_GBM_IC1_070610_34,1.3.46.670589.11.17169.5.0.6060.2010100409431882673.1,1.3.46.670589.11.17169.5.0.5780.2010100411011110594.1,T1_FFE_Cor_PreC SENSE,T1_FFE_Cor_PreC SENSE,ORIGINAL\PRIMARY\M_FFE\M\FFE,256,256,0.117188\0.117188,0.5,0.25,48,48,1,256x256x48,primary anatomical,full TSE or coronal T1 anatomical acquisition,contact sheet generated,/Users/estebanfelixmoran/Desktop/Purdue/Medical_Imaging/3D-Medical-Segment-Anything/outputs/mouse_astrocytoma_zero_shot/series_qc/TVD_GBM_IC1_070610_34/026_00411011110594_1/contact_sheet.png,/Users/estebanfelixmoran/Desktop/Purdue/Medical_Imaging/3D-Medical-Segment-Anything/outputs/mouse_astrocytoma_zero_shot/series_qc/TVD_GBM_IC1_070610_34/026_00411011110594_1/metadata.json,/Users/estebanfelixmoran/Desktop/Purdue/Medical_Imaging/Datasets/Mouse-Astrocytoma-doiJNLP/mouse_astrocytoma/TVD_GBM_IC1_070610_34/673.1/594.1/a75c3ae8-d225-436d-a48c-7f08322c28c1.dcm
TVD_GBM_IC1_070610_34,1.3.46.670589.11.17169.5.0.6060.2010100409431882673.1,1.3.46.670589.11.17169.5.0.5780.2010100411084784621.1,T1_FFE_PreFA5 SENSE,T1_FFE_PreFA5 SENSE,ORIGINAL\PRIMARY\M_FFE\M\FFE,132,132,0.227273\0.227273,1.0,1.0,12,12,1,132x132x12,secondary anatomical,low-flip-angle anatomical reference,contact sheet generated,/Users/estebanfelixmoran/Desktop/Purdue/Medical_Imaging/3D-Medical-Segment-Anything/outputs/mouse_astrocytoma_zero_shot/series_qc/TVD_GBM_IC1_070610_34/027_00411084784621_1/contact_sheet.png,/Users/estebanfelixmoran/Desktop/Purdue/Medical_Imaging/3D-Medical-Segment-Anything/outputs/mouse_astrocytoma_zero_shot/series_qc/TVD_GBM_IC1_070610_34/027_00411084784621_1/metadata.json,/Users/estebanfelixmoran/Desktop/Purdue/Medical_Imaging/Datasets/Mouse-Astrocytoma-doiJNLP/mouse_astrocytoma/TVD_GBM_IC1_070610_34/673.1/621.1/dbf3a423-8b06-4577-afa3-9feb45534e9e.dcm
TVD_GBM_IC1_070610_34,1.3.46.670589.11.17169.5.0.6060.2010100409431882673.1,1.3.46.670589.11.17169.5.0.5780.2010100411103937698.1,Dyn22s_AP_TR9/TE3 SENSE,Dyn22s_AP_TR9/TE3 SENSE,ORIGINAL\PRIMARY\M_FFE\M\FFE,132,132,0.227273\0.227273,1.0,1.0,600,12,50,132x132x12,dynamic,50 repeated images per spatial position,contact sheet generated,/Users/estebanfelixmoran/Desktop/Purdue/Medical_Imaging/3D-Medical-Segment-Anything/outputs/mouse_astrocytoma_zero_shot/series_qc/TVD_GBM_IC1_070610_34/028_00411103937698_1/contact_sheet.png,/Users/estebanfelixmoran/Desktop/Purdue/Medical_Imaging/3D-Medical-Segment-Anything/outputs/mouse_astrocytoma_zero_shot/series_qc/TVD_GBM_IC1_070610_34/028_00411103937698_1/metadata.json,/Users/estebanfelixmoran/Desktop/Purdue/Medical_Imaging/Datasets/Mouse-Astrocytoma-doiJNLP/mouse_astrocytoma/TVD_GBM_IC1_070610_34/673.1/698.1/9fcf4c5a-4ead-47a7-880e-aca43a832031.dcm
TVD_GBM_IC1_070610_34,1.3.46.670589.11.17169.5.0.6060.2010100409431882673.1,1.3.46.670589.11.17169.5.0.5780.2010100411292239907.1,T1_FFE_Cor_PostC SENSE,T1_FFE_Cor_PostC SENSE,ORIGINAL\PRIMARY\M_FFE\M\FFE,256,256,0.117188\0.117188,0.5,0.25,48,48,1,256x256x48,primary anatomical,full TSE or coronal T1 anatomical acquisition,contact sheet generated,/Users/estebanfelixmoran/Desktop/Purdue/Medical_Imaging/3D-Medical-Segment-Anything/outputs/mouse_astrocytoma_zero_shot/series_qc/TVD_GBM_IC1_070610_34/029_00411292239907_1/contact_sheet.png,/Users/estebanfelixmoran/Desktop/Purdue/Medical_Imaging/3D-Medical-Segment-Anything/outputs/mouse_astrocytoma_zero_shot/series_qc/TVD_GBM_IC1_070610_34/029_00411292239907_1/metadata.json,/Users/estebanfelixmoran/Desktop/Purdue/Medical_Imaging/Datasets/Mouse-Astrocytoma-doiJNLP/mouse_astrocytoma/TVD_GBM_IC1_070610_34/673.1/907.1/a1d1f707-183f-4c8a-8340-dfe356b9e78c.dcm
TVD_GBM_IC1_070610_34,1.3.46.670589.11.17169.5.0.6060.2010100409431882673.1,1.3.46.670589.11.17169.5.0.9016.2012020616452439000.1,sT1_FFE_Subtr,sT1_FFE_Subtr,ORIGINAL\PRIMARY\M_FFE\M\FFE,256,256,0.117188\0.117188,0.5,0.25,48,48,1,256x256x48,subtraction,subtraction series,contact sheet generated,/Users/estebanfelixmoran/Desktop/Purdue/Medical_Imaging/3D-Medical-Segment-Anything/outputs/mouse_astrocytoma_zero_shot/series_qc/TVD_GBM_IC1_070610_34/030_20616452439000_1/contact_sheet.png,/Users/estebanfelixmoran/Desktop/Purdue/Medical_Imaging/3D-Medical-Segment-Anything/outputs/mouse_astrocytoma_zero_shot/series_qc/TVD_GBM_IC1_070610_34/030_20616452439000_1/metadata.json,/Users/estebanfelixmoran/Desktop/Purdue/Medical_Imaging/Datasets/Mouse-Astrocytoma-doiJNLP/mouse_astrocytoma/TVD_GBM_IC1_070610_34/673.1/000.1/9c2ec49a-2741-498f-bccc-cafd780fa6a3.dcm
TVD_GBM_IC1_070610_51_093010,1.3.46.670589.11.17169.5.0.6060.2010093011141718595.3,1.3.46.670589.11.17169.5.0.5780.2010093011205775404.3,TSE_100_Cor_P4 SENSE,TSE_100_Cor_P4 SENSE,ORIGINAL\PRIMARY\M_SE\M\SE,256,256,0.117188\0.117188,0.5,0.5,30,30,1,256x256x30,primary anatomical,full TSE or coronal T1 anatomical acquisition,contact sheet generated,/Users/estebanfelixmoran/Desktop/Purdue/Medical_Imaging/3D-Medical-Segment-Anything/outputs/mouse_astrocytoma_zero_shot/series_qc/TVD_GBM_IC1_070610_51_093010/031_93011205775404_3/contact_sheet.png,/Users/estebanfelixmoran/Desktop/Purdue/Medical_Imaging/3D-Medical-Segment-Anything/outputs/mouse_astrocytoma_zero_shot/series_qc/TVD_GBM_IC1_070610_51_093010/031_93011205775404_3/metadata.json,/Users/estebanfelixmoran/Desktop/Purdue/Medical_Imaging/Datasets/Mouse-Astrocytoma-doiJNLP/mouse_astrocytoma/TVD_GBM_IC1_070610_51_093010/595.3/404.3/25df6f1f-a415-4cf3-996a-f6f93364834e.dcm
TVD_GBM_IC1_070610_51_093010,1.3.46.670589.11.17169.5.0.6060.2010093011141718595.3,1.3.46.670589.11.17169.5.0.5780.2010093011505534428.3,T1_FFE_Cor_PreC SENSE,T1_FFE_Cor_PreC SENSE,ORIGINAL\PRIMARY\M_FFE\M\FFE,256,256,0.117188\0.117188,0.5,0.25,48,48,1,256x256x48,primary anatomical,full TSE or coronal T1 anatomical acquisition,contact sheet generated,/Users/estebanfelixmoran/Desktop/Purdue/Medical_Imaging/3D-Medical-Segment-Anything/outputs/mouse_astrocytoma_zero_shot/series_qc/TVD_GBM_IC1_070610_51_093010/032_93011505534428_3/contact_sheet.png,/Users/estebanfelixmoran/Desktop/Purdue/Medical_Imaging/3D-Medical-Segment-Anything/outputs/mouse_astrocytoma_zero_shot/series_qc/TVD_GBM_IC1_070610_51_093010/032_93011505534428_3/metadata.json,/Users/estebanfelixmoran/Desktop/Purdue/Medical_Imaging/Datasets/Mouse-Astrocytoma-doiJNLP/mouse_astrocytoma/TVD_GBM_IC1_070610_51_093010/595.3/428.3/52cac8b8-9d22-4d52-9d51-a12dee3d456f.dcm
TVD_GBM_IC1_070610_51_093010,1.3.46.670589.11.17169.5.0.6060.2010093011141718595.3,1.3.46.670589.11.17169.5.0.5780.2010093011593739511.3,T1_FFE_PreFA5 SENSE,T1_FFE_PreFA5 SENSE,ORIGINAL\PRIMARY\M_FFE\M\FFE,132,132,0.227273\0.227273,1.0,1.0,12,12,1,132x132x12,secondary anatomical,low-flip-angle anatomical reference,contact sheet generated,/Users/estebanfelixmoran/Desktop/Purdue/Medical_Imaging/3D-Medical-Segment-Anything/outputs/mouse_astrocytoma_zero_shot/series_qc/TVD_GBM_IC1_070610_51_093010/033_93011593739511_3/contact_sheet.png,/Users/estebanfelixmoran/Desktop/Purdue/Medical_Imaging/3D-Medical-Segment-Anything/outputs/mouse_astrocytoma_zero_shot/series_qc/TVD_GBM_IC1_070610_51_093010/033_93011593739511_3/metadata.json,/Users/estebanfelixmoran/Desktop/Purdue/Medical_Imaging/Datasets/Mouse-Astrocytoma-doiJNLP/mouse_astrocytoma/TVD_GBM_IC1_070610_51_093010/595.3/511.3/a0221f65-2019-45b3-9b66-41fb43ad8467.dcm
TVD_GBM_IC1_070610_51_093010,1.3.46.670589.11.17169.5.0.6060.2010093011141718595.3,1.3.46.670589.11.17169.5.0.5780.2010093012000596532.3,3D_12Sl_Dyn22s_AP_TR9/TE3 SENSE,3D_12Sl_Dyn22s_AP_TR9/TE3 SENSE,ORIGINAL\PRIMARY\M_FFE\M\FFE,132,132,0.227273\0.227273,1.0,1.0,600,12,50,132x132x12,dynamic,50 repeated images per spatial position,contact sheet generated,/Users/estebanfelixmoran/Desktop/Purdue/Medical_Imaging/3D-Medical-Segment-Anything/outputs/mouse_astrocytoma_zero_shot/series_qc/TVD_GBM_IC1_070610_51_093010/034_93012000596532_3/contact_sheet.png,/Users/estebanfelixmoran/Desktop/Purdue/Medical_Imaging/3D-Medical-Segment-Anything/outputs/mouse_astrocytoma_zero_shot/series_qc/TVD_GBM_IC1_070610_51_093010/034_93012000596532_3/metadata.json,/Users/estebanfelixmoran/Desktop/Purdue/Medical_Imaging/Datasets/Mouse-Astrocytoma-doiJNLP/mouse_astrocytoma/TVD_GBM_IC1_070610_51_093010/595.3/532.3/49c27945-d118-40b8-8143-e420a39cef21.dcm
TVD_GBM_IC1_070610_51_093010,1.3.46.670589.11.17169.5.0.6060.2010093011141718595.3,1.3.46.670589.11.17169.5.0.5780.2010093012184476741.3,T1_FFE_Cor_PostC SENSE,T1_FFE_Cor_PostC SENSE,ORIGINAL\PRIMARY\M_FFE\M\FFE,256,256,0.117188\0.117188,0.5,0.25,48,48,1,256x256x48,primary anatomical,full TSE or coronal T1 anatomical acquisition,contact sheet generated,/Users/estebanfelixmoran/Desktop/Purdue/Medical_Imaging/3D-Medical-Segment-Anything/outputs/mouse_astrocytoma_zero_shot/series_qc/TVD_GBM_IC1_070610_51_093010/035_93012184476741_3/contact_sheet.png,/Users/estebanfelixmoran/Desktop/Purdue/Medical_Imaging/3D-Medical-Segment-Anything/outputs/mouse_astrocytoma_zero_shot/series_qc/TVD_GBM_IC1_070610_51_093010/035_93012184476741_3/metadata.json,/Users/estebanfelixmoran/Desktop/Purdue/Medical_Imaging/Datasets/Mouse-Astrocytoma-doiJNLP/mouse_astrocytoma/TVD_GBM_IC1_070610_51_093010/595.3/741.3/17a725d5-871f-4b12-bbe8-33e6f107d11c.dcm
TVD_GBM_IC1_070610_51_093010,1.3.46.670589.11.17169.5.0.6060.2010093011141718595.3,1.3.46.670589.11.17169.5.0.8704.2012020612500053000.3,sT1_FFE_Subtr,sT1_FFE_Subtr,ORIGINAL\PRIMARY\M_FFE\M\FFE,256,256,0.117188\0.117188,0.5,0.25,48,48,1,256x256x48,subtraction,subtraction series,contact sheet generated,/Users/estebanfelixmoran/Desktop/Purdue/Medical_Imaging/3D-Medical-Segment-Anything/outputs/mouse_astrocytoma_zero_shot/series_qc/TVD_GBM_IC1_070610_51_093010/036_20612500053000_3/contact_sheet.png,/Users/estebanfelixmoran/Desktop/Purdue/Medical_Imaging/3D-Medical-Segment-Anything/outputs/mouse_astrocytoma_zero_shot/series_qc/TVD_GBM_IC1_070610_51_093010/036_20612500053000_3/metadata.json,/Users/estebanfelixmoran/Desktop/Purdue/Medical_Imaging/Datasets/Mouse-Astrocytoma-doiJNLP/mouse_astrocytoma/TVD_GBM_IC1_070610_51_093010/595.3/000.3/f8a13463-aff7-498c-a746-56dc59afdedb.dcm
TVD_GBM_IC2_11311002_020811,1.3.46.670589.11.17169.5.0.3164.2011020809040192350.1,1.3.46.670589.11.17169.5.0.6148.2011020809463859089.1,TSE_100_Cor_P4 SENSE,TSE_100_Cor_P4 SENSE,ORIGINAL\PRIMARY\M_SE\M\SE,256,256,0.117188\0.117188,0.5,0.5,30,30,1,256x256x30,primary anatomical,full TSE or coronal T1 anatomical acquisition,contact sheet generated,/Users/estebanfelixmoran/Desktop/Purdue/Medical_Imaging/3D-Medical-Segment-Anything/outputs/mouse_astrocytoma_zero_shot/series_qc/TVD_GBM_IC2_11311002_020811/037_20809463859089_1/contact_sheet.png,/Users/estebanfelixmoran/Desktop/Purdue/Medical_Imaging/3D-Medical-Segment-Anything/outputs/mouse_astrocytoma_zero_shot/series_qc/TVD_GBM_IC2_11311002_020811/037_20809463859089_1/metadata.json,/Users/estebanfelixmoran/Desktop/Purdue/Medical_Imaging/Datasets/Mouse-Astrocytoma-doiJNLP/mouse_astrocytoma/TVD_GBM_IC2_11311002_020811/350.1/089.1/7038b3f7-61d5-49de-acb9-7e6dd161caea.dcm
TVD_GBM_IC2_11311002_020811,1.3.46.670589.11.17169.5.0.3164.2011020809040192350.1,1.3.46.670589.11.17169.5.0.6148.2011020810163662113.1,T1_FFE_Cor_PreC SENSE,T1_FFE_Cor_PreC SENSE,ORIGINAL\PRIMARY\M_FFE\M\FFE,256,256,0.117188\0.117188,0.5,0.25,48,48,1,256x256x48,primary anatomical,full TSE or coronal T1 anatomical acquisition,contact sheet generated,/Users/estebanfelixmoran/Desktop/Purdue/Medical_Imaging/3D-Medical-Segment-Anything/outputs/mouse_astrocytoma_zero_shot/series_qc/TVD_GBM_IC2_11311002_020811/038_20810163662113_1/contact_sheet.png,/Users/estebanfelixmoran/Desktop/Purdue/Medical_Imaging/3D-Medical-Segment-Anything/outputs/mouse_astrocytoma_zero_shot/series_qc/TVD_GBM_IC2_11311002_020811/038_20810163662113_1/metadata.json,/Users/estebanfelixmoran/Desktop/Purdue/Medical_Imaging/Datasets/Mouse-Astrocytoma-doiJNLP/mouse_astrocytoma/TVD_GBM_IC2_11311002_020811/350.1/113.1/b9444ece-466c-4495-a6a2-41f0d5d64b10.dcm
TVD_GBM_IC2_11311002_020811,1.3.46.670589.11.17169.5.0.3164.2011020809040192350.1,1.3.46.670589.11.17169.5.0.6148.2011020810241335140.1,T1_FFE_PreFA5 SENSE,T1_FFE_PreFA5 SENSE,ORIGINAL\PRIMARY\M_FFE\M\FFE,132,132,0.227273\0.227273,1.0,1.0,12,12,1,132x132x12,secondary anatomical,low-flip-angle anatomical reference,contact sheet generated,/Users/estebanfelixmoran/Desktop/Purdue/Medical_Imaging/3D-Medical-Segment-Anything/outputs/mouse_astrocytoma_zero_shot/series_qc/TVD_GBM_IC2_11311002_020811/039_20810241335140_1/contact_sheet.png,/Users/estebanfelixmoran/Desktop/Purdue/Medical_Imaging/3D-Medical-Segment-Anything/outputs/mouse_astrocytoma_zero_shot/series_qc/TVD_GBM_IC2_11311002_020811/039_20810241335140_1/metadata.json,/Users/estebanfelixmoran/Desktop/Purdue/Medical_Imaging/Datasets/Mouse-Astrocytoma-doiJNLP/mouse_astrocytoma/TVD_GBM_IC2_11311002_020811/350.1/140.1/36c4188e-d64a-4c69-9e5a-16628121baca.dcm
TVD_GBM_IC2_11311002_020811,1.3.46.670589.11.17169.5.0.3164.2011020809040192350.1,1.3.46.670589.11.17169.5.0.6148.2011020810244329178.1,Dyn22s_AP_TR9/TE3 SENSE,Dyn22s_AP_TR9/TE3 SENSE,ORIGINAL\PRIMARY\M_FFE\M\FFE,132,132,0.227273\0.227273,1.0,1.0,600,12,50,132x132x12,dynamic,50 repeated images per spatial position,contact sheet generated,/Users/estebanfelixmoran/Desktop/Purdue/Medical_Imaging/3D-Medical-Segment-Anything/outputs/mouse_astrocytoma_zero_shot/series_qc/TVD_GBM_IC2_11311002_020811/040_20810244329178_1/contact_sheet.png,/Users/estebanfelixmoran/Desktop/Purdue/Medical_Imaging/3D-Medical-Segment-Anything/outputs/mouse_astrocytoma_zero_shot/series_qc/TVD_GBM_IC2_11311002_020811/040_20810244329178_1/metadata.json,/Users/estebanfelixmoran/Desktop/Purdue/Medical_Imaging/Datasets/Mouse-Astrocytoma-doiJNLP/mouse_astrocytoma/TVD_GBM_IC2_11311002_020811/350.1/178.1/9949c0ae-1930-436b-88fb-a3305781e2ff.dcm
TVD_GBM_IC2_11311002_020811,1.3.46.670589.11.17169.5.0.3164.2011020809040192350.1,1.3.46.670589.11.17169.5.0.6148.2011020810431689426.1,T1_FFE_Cor_PostC SENSE,T1_FFE_Cor_PostC SENSE,ORIGINAL\PRIMARY\M_FFE\M\FFE,256,256,0.117188\0.117188,0.5,0.25,48,48,1,256x256x48,primary anatomical,full TSE or coronal T1 anatomical acquisition,contact sheet generated,/Users/estebanfelixmoran/Desktop/Purdue/Medical_Imaging/3D-Medical-Segment-Anything/outputs/mouse_astrocytoma_zero_shot/series_qc/TVD_GBM_IC2_11311002_020811/041_20810431689426_1/contact_sheet.png,/Users/estebanfelixmoran/Desktop/Purdue/Medical_Imaging/3D-Medical-Segment-Anything/outputs/mouse_astrocytoma_zero_shot/series_qc/TVD_GBM_IC2_11311002_020811/041_20810431689426_1/metadata.json,/Users/estebanfelixmoran/Desktop/Purdue/Medical_Imaging/Datasets/Mouse-Astrocytoma-doiJNLP/mouse_astrocytoma/TVD_GBM_IC2_11311002_020811/350.1/426.1/8aff87a8-3e5c-4eef-92de-aaeb1684dc0a.dcm
TVD_GBM_IC2_11311002_020811,1.3.46.670589.11.17169.5.0.3164.2011020809040192350.1,1.3.46.670589.11.17169.5.0.9740.2012020610495343000.1,sT1_FFE_Subtr,sT1_FFE_Subtr,ORIGINAL\PRIMARY\M_FFE\M\FFE,256,256,0.117188\0.117188,0.5,0.25,48,48,1,256x256x48,subtraction,subtraction series,contact sheet generated,/Users/estebanfelixmoran/Desktop/Purdue/Medical_Imaging/3D-Medical-Segment-Anything/outputs/mouse_astrocytoma_zero_shot/series_qc/TVD_GBM_IC2_11311002_020811/042_20610495343000_1/contact_sheet.png,/Users/estebanfelixmoran/Desktop/Purdue/Medical_Imaging/3D-Medical-Segment-Anything/outputs/mouse_astrocytoma_zero_shot/series_qc/TVD_GBM_IC2_11311002_020811/042_20610495343000_1/metadata.json,/Users/estebanfelixmoran/Desktop/Purdue/Medical_Imaging/Datasets/Mouse-Astrocytoma-doiJNLP/mouse_astrocytoma/TVD_GBM_IC2_11311002_020811/350.1/000.1/f225a488-04eb-4aba-853d-93bf527ef2bf.dcm
TVD_GBM_IC2_11311004_020811,1.3.46.670589.11.17169.5.0.3164.2011020809040192350.2,1.3.46.670589.11.17169.5.0.6148.2011020809463859089.2,TSE_100_Cor_P4 SENSE,TSE_100_Cor_P4 SENSE,ORIGINAL\PRIMARY\M_SE\M\SE,256,256,0.117188\0.117188,0.5,0.5,30,30,1,256x256x30,primary anatomical,full TSE or coronal T1 anatomical acquisition,contact sheet generated,/Users/estebanfelixmoran/Desktop/Purdue/Medical_Imaging/3D-Medical-Segment-Anything/outputs/mouse_astrocytoma_zero_shot/series_qc/TVD_GBM_IC2_11311004_020811/043_20809463859089_2/contact_sheet.png,/Users/estebanfelixmoran/Desktop/Purdue/Medical_Imaging/3D-Medical-Segment-Anything/outputs/mouse_astrocytoma_zero_shot/series_qc/TVD_GBM_IC2_11311004_020811/043_20809463859089_2/metadata.json,/Users/estebanfelixmoran/Desktop/Purdue/Medical_Imaging/Datasets/Mouse-Astrocytoma-doiJNLP/mouse_astrocytoma/TVD_GBM_IC2_11311004_020811/350.2/089.2/7d8c302b-864c-4cde-85b8-e9fb65cb7686.dcm
TVD_GBM_IC2_11311004_020811,1.3.46.670589.11.17169.5.0.3164.2011020809040192350.2,1.3.46.670589.11.17169.5.0.6148.2011020810163662113.2,T1_FFE_Cor_PreC SENSE,T1_FFE_Cor_PreC SENSE,ORIGINAL\PRIMARY\M_FFE\M\FFE,256,256,0.117188\0.117188,0.5,0.25,48,48,1,256x256x48,primary anatomical,full TSE or coronal T1 anatomical acquisition,contact sheet generated,/Users/estebanfelixmoran/Desktop/Purdue/Medical_Imaging/3D-Medical-Segment-Anything/outputs/mouse_astrocytoma_zero_shot/series_qc/TVD_GBM_IC2_11311004_020811/044_20810163662113_2/contact_sheet.png,/Users/estebanfelixmoran/Desktop/Purdue/Medical_Imaging/3D-Medical-Segment-Anything/outputs/mouse_astrocytoma_zero_shot/series_qc/TVD_GBM_IC2_11311004_020811/044_20810163662113_2/metadata.json,/Users/estebanfelixmoran/Desktop/Purdue/Medical_Imaging/Datasets/Mouse-Astrocytoma-doiJNLP/mouse_astrocytoma/TVD_GBM_IC2_11311004_020811/350.2/113.2/c17b1d6c-8d33-4e8a-81ad-aeb9682279fb.dcm
TVD_GBM_IC2_11311004_020811,1.3.46.670589.11.17169.5.0.3164.2011020809040192350.2,1.3.46.670589.11.17169.5.0.6148.2011020810241335140.2,T1_FFE_PreFA5 SENSE,T1_FFE_PreFA5 SENSE,ORIGINAL\PRIMARY\M_FFE\M\FFE,132,132,0.227273\0.227273,1.0,1.0,12,12,1,132x132x12,secondary anatomical,low-flip-angle anatomical reference,contact sheet generated,/Users/estebanfelixmoran/Desktop/Purdue/Medical_Imaging/3D-Medical-Segment-Anything/outputs/mouse_astrocytoma_zero_shot/series_qc/TVD_GBM_IC2_11311004_020811/045_20810241335140_2/contact_sheet.png,/Users/estebanfelixmoran/Desktop/Purdue/Medical_Imaging/3D-Medical-Segment-Anything/outputs/mouse_astrocytoma_zero_shot/series_qc/TVD_GBM_IC2_11311004_020811/045_20810241335140_2/metadata.json,/Users/estebanfelixmoran/Desktop/Purdue/Medical_Imaging/Datasets/Mouse-Astrocytoma-doiJNLP/mouse_astrocytoma/TVD_GBM_IC2_11311004_020811/350.2/140.2/8076544b-9904-440b-b5c4-133b6d9c1365.dcm
TVD_GBM_IC2_11311004_020811,1.3.46.670589.11.17169.5.0.3164.2011020809040192350.2,1.3.46.670589.11.17169.5.0.6148.2011020810244329178.2,Dyn22s_AP_TR9/TE3 SENSE,Dyn22s_AP_TR9/TE3 SENSE,ORIGINAL\PRIMARY\M_FFE\M\FFE,132,132,0.227273\0.227273,1.0,1.0,600,12,50,132x132x12,dynamic,50 repeated images per spatial position,contact sheet generated,/Users/estebanfelixmoran/Desktop/Purdue/Medical_Imaging/3D-Medical-Segment-Anything/outputs/mouse_astrocytoma_zero_shot/series_qc/TVD_GBM_IC2_11311004_020811/046_20810244329178_2/contact_sheet.png,/Users/estebanfelixmoran/Desktop/Purdue/Medical_Imaging/3D-Medical-Segment-Anything/outputs/mouse_astrocytoma_zero_shot/series_qc/TVD_GBM_IC2_11311004_020811/046_20810244329178_2/metadata.json,/Users/estebanfelixmoran/Desktop/Purdue/Medical_Imaging/Datasets/Mouse-Astrocytoma-doiJNLP/mouse_astrocytoma/TVD_GBM_IC2_11311004_020811/350.2/178.2/5079f002-e6b5-4c6f-a036-3378d0b97729.dcm
TVD_GBM_IC2_11311004_020811,1.3.46.670589.11.17169.5.0.3164.2011020809040192350.2,1.3.46.670589.11.17169.5.0.6148.2011020810431689426.2,T1_FFE_Cor_PostC SENSE,T1_FFE_Cor_PostC SENSE,ORIGINAL\PRIMARY\M_FFE\M\FFE,256,256,0.117188\0.117188,0.5,0.25,48,48,1,256x256x48,primary anatomical,full TSE or coronal T1 anatomical acquisition,contact sheet generated,/Users/estebanfelixmoran/Desktop/Purdue/Medical_Imaging/3D-Medical-Segment-Anything/outputs/mouse_astrocytoma_zero_shot/series_qc/TVD_GBM_IC2_11311004_020811/047_20810431689426_2/contact_sheet.png,/Users/estebanfelixmoran/Desktop/Purdue/Medical_Imaging/3D-Medical-Segment-Anything/outputs/mouse_astrocytoma_zero_shot/series_qc/TVD_GBM_IC2_11311004_020811/047_20810431689426_2/metadata.json,/Users/estebanfelixmoran/Desktop/Purdue/Medical_Imaging/Datasets/Mouse-Astrocytoma-doiJNLP/mouse_astrocytoma/TVD_GBM_IC2_11311004_020811/350.2/426.2/5c10e2d5-e83f-47ce-b118-91b383baa0f0.dcm
TVD_GBM_IC2_11311004_020811,1.3.46.670589.11.17169.5.0.3164.2011020809040192350.2,1.3.46.670589.11.17169.5.0.9740.2012020610495343000.2,sT1_FFE_Subtr,sT1_FFE_Subtr,ORIGINAL\PRIMARY\M_FFE\M\FFE,256,256,0.117188\0.117188,0.5,0.25,48,48,1,256x256x48,subtraction,subtraction series,contact sheet generated,/Users/estebanfelixmoran/Desktop/Purdue/Medical_Imaging/3D-Medical-Segment-Anything/outputs/mouse_astrocytoma_zero_shot/series_qc/TVD_GBM_IC2_11311004_020811/048_20610495343000_2/contact_sheet.png,/Users/estebanfelixmoran/Desktop/Purdue/Medical_Imaging/3D-Medical-Segment-Anything/outputs/mouse_astrocytoma_zero_shot/series_qc/TVD_GBM_IC2_11311004_020811/048_20610495343000_2/metadata.json,/Users/estebanfelixmoran/Desktop/Purdue/Medical_Imaging/Datasets/Mouse-Astrocytoma-doiJNLP/mouse_astrocytoma/TVD_GBM_IC2_11311004_020811/350.2/000.2/061d563b-4bff-43ed-bc27-615979f15987.dcm
TVD_GBM_IC2_11311007_020111,1.3.46.670589.11.17169.5.0.2964.2011020108354798122.2,1.3.46.670589.11.17169.5.0.5936.2012020709115638000.2,sT1_FFE_Subtr,sT1_FFE_Subtr,ORIGINAL\PRIMARY\M_FFE\M\FFE,256,256,0.117188\0.117188,0.5,0.25,48,48,1,256x256x48,subtraction,subtraction series,contact sheet generated,/Users/estebanfelixmoran/Desktop/Purdue/Medical_Imaging/3D-Medical-Segment-Anything/outputs/mouse_astrocytoma_zero_shot/series_qc/TVD_GBM_IC2_11311007_020111/049_20709115638000_2/contact_sheet.png,/Users/estebanfelixmoran/Desktop/Purdue/Medical_Imaging/3D-Medical-Segment-Anything/outputs/mouse_astrocytoma_zero_shot/series_qc/TVD_GBM_IC2_11311007_020111/049_20709115638000_2/metadata.json,/Users/estebanfelixmoran/Desktop/Purdue/Medical_Imaging/Datasets/Mouse-Astrocytoma-doiJNLP/mouse_astrocytoma/TVD_GBM_IC2_11311007_020111/122.2/000.2/2be5bce1-ab6d-48c4-97b8-bfb24d2788f9.dcm
TVD_GBM_IC2_11311008_020111,1.3.46.670589.11.17169.5.0.2964.2011020109561014136.2,1.3.46.670589.11.17169.5.0.10748.2012020709125741000.2,sT1_FFE_Subtr,sT1_FFE_Subtr,ORIGINAL\PRIMARY\M_FFE\M\FFE,256,256,0.117188\0.117188,0.5,0.25,48,48,1,256x256x48,subtraction,subtraction series,contact sheet generated,/Users/estebanfelixmoran/Desktop/Purdue/Medical_Imaging/3D-Medical-Segment-Anything/outputs/mouse_astrocytoma_zero_shot/series_qc/TVD_GBM_IC2_11311008_020111/050_20709125741000_2/contact_sheet.png,/Users/estebanfelixmoran/Desktop/Purdue/Medical_Imaging/3D-Medical-Segment-Anything/outputs/mouse_astrocytoma_zero_shot/series_qc/TVD_GBM_IC2_11311008_020111/050_20709125741000_2/metadata.json,/Users/estebanfelixmoran/Desktop/Purdue/Medical_Imaging/Datasets/Mouse-Astrocytoma-doiJNLP/mouse_astrocytoma/TVD_GBM_IC2_11311008_020111/136.2/000.2/d0199e14-c740-4da7-9ffa-e8a6b4595a9a.dcm
TVD_GBM_IC2_11311008_020111,1.3.46.670589.11.17169.5.0.2964.2011020109561014136.2,1.3.46.670589.11.17169.5.0.5800.2011020110494625498.2,TSE_100_Cor_P4 SENSE,TSE_100_Cor_P4 SENSE,ORIGINAL\PRIMARY\M_SE\M\SE,256,256,0.117188\0.117188,0.5,0.5,30,30,1,256x256x30,primary anatomical,full TSE or coronal T1 anatomical acquisition,contact sheet generated,/Users/estebanfelixmoran/Desktop/Purdue/Medical_Imaging/3D-Medical-Segment-Anything/outputs/mouse_astrocytoma_zero_shot/series_qc/TVD_GBM_IC2_11311008_020111/051_20110494625498_2/contact_sheet.png,/Users/estebanfelixmoran/Desktop/Purdue/Medical_Imaging/3D-Medical-Segment-Anything/outputs/mouse_astrocytoma_zero_shot/series_qc/TVD_GBM_IC2_11311008_020111/051_20110494625498_2/metadata.json,/Users/estebanfelixmoran/Desktop/Purdue/Medical_Imaging/Datasets/Mouse-Astrocytoma-doiJNLP/mouse_astrocytoma/TVD_GBM_IC2_11311008_020111/136.2/498.2/e5e8643c-e00a-47fe-ad20-7719b23829dd.dcm
TVD_GBM_IC2_11311008_020111,1.3.46.670589.11.17169.5.0.2964.2011020109561014136.2,1.3.46.670589.11.17169.5.0.5800.2011020111194384522.2,T1_FFE_Cor_PreC SENSE,T1_FFE_Cor_PreC SENSE,ORIGINAL\PRIMARY\M_FFE\M\FFE,256,256,0.117188\0.117188,0.5,0.25,48,48,1,256x256x48,primary anatomical,full TSE or coronal T1 anatomical acquisition,contact sheet generated,/Users/estebanfelixmoran/Desktop/Purdue/Medical_Imaging/3D-Medical-Segment-Anything/outputs/mouse_astrocytoma_zero_shot/series_qc/TVD_GBM_IC2_11311008_020111/052_20111194384522_2/contact_sheet.png,/Users/estebanfelixmoran/Desktop/Purdue/Medical_Imaging/3D-Medical-Segment-Anything/outputs/mouse_astrocytoma_zero_shot/series_qc/TVD_GBM_IC2_11311008_020111/052_20111194384522_2/metadata.json,/Users/estebanfelixmoran/Desktop/Purdue/Medical_Imaging/Datasets/Mouse-Astrocytoma-doiJNLP/mouse_astrocytoma/TVD_GBM_IC2_11311008_020111/136.2/522.2/701c8136-6024-4368-98d9-ca0661f80473.dcm
TVD_GBM_IC2_11311008_020111,1.3.46.670589.11.17169.5.0.2964.2011020109561014136.2,1.3.46.670589.11.17169.5.0.5800.2011020111272084549.2,T1_FFE_PreFA5 SENSE,T1_FFE_PreFA5 SENSE,ORIGINAL\PRIMARY\M_FFE\M\FFE,132,132,0.227273\0.227273,1.0,1.0,12,12,1,132x132x12,secondary anatomical,low-flip-angle anatomical reference,contact sheet generated,/Users/estebanfelixmoran/Desktop/Purdue/Medical_Imaging/3D-Medical-Segment-Anything/outputs/mouse_astrocytoma_zero_shot/series_qc/TVD_GBM_IC2_11311008_020111/053_20111272084549_2/contact_sheet.png,/Users/estebanfelixmoran/Desktop/Purdue/Medical_Imaging/3D-Medical-Segment-Anything/outputs/mouse_astrocytoma_zero_shot/series_qc/TVD_GBM_IC2_11311008_020111/053_20111272084549_2/metadata.json,/Users/estebanfelixmoran/Desktop/Purdue/Medical_Imaging/Datasets/Mouse-Astrocytoma-doiJNLP/mouse_astrocytoma/TVD_GBM_IC2_11311008_020111/136.2/549.2/ee1b0a29-9ea5-4798-b0f0-3887d0b01f57.dcm
TVD_GBM_IC2_11311008_020111,1.3.46.670589.11.17169.5.0.2964.2011020109561014136.2,1.3.46.670589.11.17169.5.0.5800.2011020111293426627.2,Dyn22s_AP_TR9/TE3 SENSE,Dyn22s_AP_TR9/TE3 SENSE,ORIGINAL\PRIMARY\M_FFE\M\FFE,132,132,0.227273\0.227273,1.0,1.0,600,12,50,132x132x12,dynamic,50 repeated images per spatial position,contact sheet generated,/Users/estebanfelixmoran/Desktop/Purdue/Medical_Imaging/3D-Medical-Segment-Anything/outputs/mouse_astrocytoma_zero_shot/series_qc/TVD_GBM_IC2_11311008_020111/054_20111293426627_2/contact_sheet.png,/Users/estebanfelixmoran/Desktop/Purdue/Medical_Imaging/3D-Medical-Segment-Anything/outputs/mouse_astrocytoma_zero_shot/series_qc/TVD_GBM_IC2_11311008_020111/054_20111293426627_2/metadata.json,/Users/estebanfelixmoran/Desktop/Purdue/Medical_Imaging/Datasets/Mouse-Astrocytoma-doiJNLP/mouse_astrocytoma/TVD_GBM_IC2_11311008_020111/136.2/627.2/008fed33-902e-4096-bde5-c1b1606fa644.dcm
TVD_GBM_IC2_11311008_020111,1.3.46.670589.11.17169.5.0.2964.2011020109561014136.2,1.3.46.670589.11.17169.5.0.5800.2011020111480776836.2,T1_FFE_Cor_PostC SENSE,T1_FFE_Cor_PostC SENSE,ORIGINAL\PRIMARY\M_FFE\M\FFE,256,256,0.117188\0.117188,0.5,0.25,48,48,1,256x256x48,primary anatomical,full TSE or coronal T1 anatomical acquisition,contact sheet generated,/Users/estebanfelixmoran/Desktop/Purdue/Medical_Imaging/3D-Medical-Segment-Anything/outputs/mouse_astrocytoma_zero_shot/series_qc/TVD_GBM_IC2_11311008_020111/055_20111480776836_2/contact_sheet.png,/Users/estebanfelixmoran/Desktop/Purdue/Medical_Imaging/3D-Medical-Segment-Anything/outputs/mouse_astrocytoma_zero_shot/series_qc/TVD_GBM_IC2_11311008_020111/055_20111480776836_2/metadata.json,/Users/estebanfelixmoran/Desktop/Purdue/Medical_Imaging/Datasets/Mouse-Astrocytoma-doiJNLP/mouse_astrocytoma/TVD_GBM_IC2_11311008_020111/136.2/836.2/a6813970-55dc-426f-903c-648b61521f3c.dcm
TVD_GBM_IC2_11311010_021511,1.3.46.670589.11.17169.5.0.4584.2011021511013196216.1,1.3.46.670589.11.17169.5.0.10364.2012020709270748000.1,sT1_FFE_Subtr,sT1_FFE_Subtr,ORIGINAL\PRIMARY\M_FFE\M\FFE,256,256,0.117188\0.117188,0.5,0.25,48,48,1,256x256x48,subtraction,subtraction series,contact sheet generated,/Users/estebanfelixmoran/Desktop/Purdue/Medical_Imaging/3D-Medical-Segment-Anything/outputs/mouse_astrocytoma_zero_shot/series_qc/TVD_GBM_IC2_11311010_021511/056_20709270748000_1/contact_sheet.png,/Users/estebanfelixmoran/Desktop/Purdue/Medical_Imaging/3D-Medical-Segment-Anything/outputs/mouse_astrocytoma_zero_shot/series_qc/TVD_GBM_IC2_11311010_021511/056_20709270748000_1/metadata.json,/Users/estebanfelixmoran/Desktop/Purdue/Medical_Imaging/Datasets/Mouse-Astrocytoma-doiJNLP/mouse_astrocytoma/TVD_GBM_IC2_11311010_021511/216.1/000.1/e1f926b3-98d8-4979-a527-ca72ca6ebf5f.dcm
TVD_GBM_IC2_11311010_021511,1.3.46.670589.11.17169.5.0.4584.2011021511013196216.1,1.3.46.670589.11.17169.5.0.4564.2011021511582801965.1,TSE_100_Cor_P4 SENSE,TSE_100_Cor_P4 SENSE,ORIGINAL\PRIMARY\M_SE\M\SE,256,256,0.117188\0.117188,0.5,0.5,30,30,1,256x256x30,primary anatomical,full TSE or coronal T1 anatomical acquisition,contact sheet generated,/Users/estebanfelixmoran/Desktop/Purdue/Medical_Imaging/3D-Medical-Segment-Anything/outputs/mouse_astrocytoma_zero_shot/series_qc/TVD_GBM_IC2_11311010_021511/057_21511582801965_1/contact_sheet.png,/Users/estebanfelixmoran/Desktop/Purdue/Medical_Imaging/3D-Medical-Segment-Anything/outputs/mouse_astrocytoma_zero_shot/series_qc/TVD_GBM_IC2_11311010_021511/057_21511582801965_1/metadata.json,/Users/estebanfelixmoran/Desktop/Purdue/Medical_Imaging/Datasets/Mouse-Astrocytoma-doiJNLP/mouse_astrocytoma/TVD_GBM_IC2_11311010_021511/216.1/965.1/c41af9cc-2347-4ada-b059-f8c8fec70db9.dcm
TVD_GBM_IC2_11311010_021511,1.3.46.670589.11.17169.5.0.4584.2011021511013196216.1,1.3.46.670589.11.17169.5.0.4564.2011021512305717015.1,T1_FFE_Cor_PreC SENSE,T1_FFE_Cor_PreC SENSE,ORIGINAL\PRIMARY\M_FFE\M\FFE,256,256,0.117188\0.117188,0.5,0.25,48,48,1,256x256x48,primary anatomical,full TSE or coronal T1 anatomical acquisition,contact sheet generated,/Users/estebanfelixmoran/Desktop/Purdue/Medical_Imaging/3D-Medical-Segment-Anything/outputs/mouse_astrocytoma_zero_shot/series_qc/TVD_GBM_IC2_11311010_021511/058_21512305717015_1/contact_sheet.png,/Users/estebanfelixmoran/Desktop/Purdue/Medical_Imaging/3D-Medical-Segment-Anything/outputs/mouse_astrocytoma_zero_shot/series_qc/TVD_GBM_IC2_11311010_021511/058_21512305717015_1/metadata.json,/Users/estebanfelixmoran/Desktop/Purdue/Medical_Imaging/Datasets/Mouse-Astrocytoma-doiJNLP/mouse_astrocytoma/TVD_GBM_IC2_11311010_021511/216.1/015.1/4fda8269-79b8-4687-a4c0-2fef5b00bdf5.dcm
TVD_GBM_IC2_11311010_021511,1.3.46.670589.11.17169.5.0.4584.2011021511013196216.1,1.3.46.670589.11.17169.5.0.4564.2011021512383914016.1,T1_FFE_PreFA5 SENSE,T1_FFE_PreFA5 SENSE,ORIGINAL\PRIMARY\M_FFE\M\FFE,132,132,0.227273\0.227273,1.0,1.0,12,12,1,132x132x12,secondary anatomical,low-flip-angle anatomical reference,contact sheet generated,/Users/estebanfelixmoran/Desktop/Purdue/Medical_Imaging/3D-Medical-Segment-Anything/outputs/mouse_astrocytoma_zero_shot/series_qc/TVD_GBM_IC2_11311010_021511/059_21512383914016_1/contact_sheet.png,/Users/estebanfelixmoran/Desktop/Purdue/Medical_Imaging/3D-Medical-Segment-Anything/outputs/mouse_astrocytoma_zero_shot/series_qc/TVD_GBM_IC2_11311010_021511/059_21512383914016_1/metadata.json,/Users/estebanfelixmoran/Desktop/Purdue/Medical_Imaging/Datasets/Mouse-Astrocytoma-doiJNLP/mouse_astrocytoma/TVD_GBM_IC2_11311010_021511/216.1/016.1/bd85a6f9-089f-45c1-83e3-295c85d2f729.dcm
TVD_GBM_IC2_11311010_021511,1.3.46.670589.11.17169.5.0.4584.2011021511013196216.1,1.3.46.670589.11.17169.5.0.4564.2011021512390881054.1,Dyn22s_AP_TR9/TE3 SENSE,Dyn22s_AP_TR9/TE3 SENSE,ORIGINAL\PRIMARY\M_FFE\M\FFE,132,132,0.227273\0.227273,1.0,1.0,600,12,50,132x132x12,dynamic,50 repeated images per spatial position,contact sheet generated,/Users/estebanfelixmoran/Desktop/Purdue/Medical_Imaging/3D-Medical-Segment-Anything/outputs/mouse_astrocytoma_zero_shot/series_qc/TVD_GBM_IC2_11311010_021511/060_21512390881054_1/contact_sheet.png,/Users/estebanfelixmoran/Desktop/Purdue/Medical_Imaging/3D-Medical-Segment-Anything/outputs/mouse_astrocytoma_zero_shot/series_qc/TVD_GBM_IC2_11311010_021511/060_21512390881054_1/metadata.json,/Users/estebanfelixmoran/Desktop/Purdue/Medical_Imaging/Datasets/Mouse-Astrocytoma-doiJNLP/mouse_astrocytoma/TVD_GBM_IC2_11311010_021511/216.1/054.1/c0eae88f-3b11-429f-9751-8d73435aa016.dcm
TVD_GBM_IC2_11311010_021511,1.3.46.670589.11.17169.5.0.4584.2011021511013196216.1,1.3.46.670589.11.17169.5.0.4564.2011021512574228302.1,T1_FFE_Cor_PostC SENSE,T1_FFE_Cor_PostC SENSE,ORIGINAL\PRIMARY\M_FFE\M\FFE,256,256,0.117188\0.117188,0.5,0.25,48,48,1,256x256x48,primary anatomical,full TSE or coronal T1 anatomical acquisition,contact sheet generated,/Users/estebanfelixmoran/Desktop/Purdue/Medical_Imaging/3D-Medical-Segment-Anything/outputs/mouse_astrocytoma_zero_shot/series_qc/TVD_GBM_IC2_11311010_021511/061_21512574228302_1/contact_sheet.png,/Users/estebanfelixmoran/Desktop/Purdue/Medical_Imaging/3D-Medical-Segment-Anything/outputs/mouse_astrocytoma_zero_shot/series_qc/TVD_GBM_IC2_11311010_021511/061_21512574228302_1/metadata.json,/Users/estebanfelixmoran/Desktop/Purdue/Medical_Imaging/Datasets/Mouse-Astrocytoma-doiJNLP/mouse_astrocytoma/TVD_GBM_IC2_11311010_021511/216.1/302.1/3a88b80e-85f1-432a-a31e-b46a4a751818.dcm
TVD_GBM_IC2_11311011_021511,1.3.46.670589.11.17169.5.0.4584.2011021511013196216.2,1.3.46.670589.11.17169.5.0.10364.2012020709270748000.2,sT1_FFE_Subtr,sT1_FFE_Subtr,ORIGINAL\PRIMARY\M_FFE\M\FFE,256,256,0.117188\0.117188,0.5,0.25,48,48,1,256x256x48,subtraction,subtraction series,contact sheet generated,/Users/estebanfelixmoran/Desktop/Purdue/Medical_Imaging/3D-Medical-Segment-Anything/outputs/mouse_astrocytoma_zero_shot/series_qc/TVD_GBM_IC2_11311011_021511/062_20709270748000_2/contact_sheet.png,/Users/estebanfelixmoran/Desktop/Purdue/Medical_Imaging/3D-Medical-Segment-Anything/outputs/mouse_astrocytoma_zero_shot/series_qc/TVD_GBM_IC2_11311011_021511/062_20709270748000_2/metadata.json,/Users/estebanfelixmoran/Desktop/Purdue/Medical_Imaging/Datasets/Mouse-Astrocytoma-doiJNLP/mouse_astrocytoma/TVD_GBM_IC2_11311011_021511/216.2/000.2/b8cd3a92-f585-43c2-99af-7931a7321881.dcm
TVD_GBM_IC2_11311011_021511,1.3.46.670589.11.17169.5.0.4584.2011021511013196216.2,1.3.46.670589.11.17169.5.0.4564.2011021511582801965.2,TSE_100_Cor_P4 SENSE,TSE_100_Cor_P4 SENSE,ORIGINAL\PRIMARY\M_SE\M\SE,256,256,0.117188\0.117188,0.5,0.5,30,30,1,256x256x30,primary anatomical,full TSE or coronal T1 anatomical acquisition,contact sheet generated,/Users/estebanfelixmoran/Desktop/Purdue/Medical_Imaging/3D-Medical-Segment-Anything/outputs/mouse_astrocytoma_zero_shot/series_qc/TVD_GBM_IC2_11311011_021511/063_21511582801965_2/contact_sheet.png,/Users/estebanfelixmoran/Desktop/Purdue/Medical_Imaging/3D-Medical-Segment-Anything/outputs/mouse_astrocytoma_zero_shot/series_qc/TVD_GBM_IC2_11311011_021511/063_21511582801965_2/metadata.json,/Users/estebanfelixmoran/Desktop/Purdue/Medical_Imaging/Datasets/Mouse-Astrocytoma-doiJNLP/mouse_astrocytoma/TVD_GBM_IC2_11311011_021511/216.2/965.2/673f2304-9cd3-4baf-a4bc-7d02e3d116a3.dcm
TVD_GBM_IC2_11311011_021511,1.3.46.670589.11.17169.5.0.4584.2011021511013196216.2,1.3.46.670589.11.17169.5.0.4564.2011021512305717015.2,T1_FFE_Cor_PreC SENSE,T1_FFE_Cor_PreC SENSE,ORIGINAL\PRIMARY\M_FFE\M\FFE,256,256,0.117188\0.117188,0.5,0.25,48,48,1,256x256x48,primary anatomical,full TSE or coronal T1 anatomical acquisition,contact sheet generated,/Users/estebanfelixmoran/Desktop/Purdue/Medical_Imaging/3D-Medical-Segment-Anything/outputs/mouse_astrocytoma_zero_shot/series_qc/TVD_GBM_IC2_11311011_021511/064_21512305717015_2/contact_sheet.png,/Users/estebanfelixmoran/Desktop/Purdue/Medical_Imaging/3D-Medical-Segment-Anything/outputs/mouse_astrocytoma_zero_shot/series_qc/TVD_GBM_IC2_11311011_021511/064_21512305717015_2/metadata.json,/Users/estebanfelixmoran/Desktop/Purdue/Medical_Imaging/Datasets/Mouse-Astrocytoma-doiJNLP/mouse_astrocytoma/TVD_GBM_IC2_11311011_021511/216.2/015.2/e33c470c-f21d-4305-aa37-5b8d1f41ee15.dcm
TVD_GBM_IC2_11311011_021511,1.3.46.670589.11.17169.5.0.4584.2011021511013196216.2,1.3.46.670589.11.17169.5.0.4564.2011021512383914016.2,T1_FFE_PreFA5 SENSE,T1_FFE_PreFA5 SENSE,ORIGINAL\PRIMARY\M_FFE\M\FFE,132,132,0.227273\0.227273,1.0,1.0,12,12,1,132x132x12,secondary anatomical,low-flip-angle anatomical reference,contact sheet generated,/Users/estebanfelixmoran/Desktop/Purdue/Medical_Imaging/3D-Medical-Segment-Anything/outputs/mouse_astrocytoma_zero_shot/series_qc/TVD_GBM_IC2_11311011_021511/065_21512383914016_2/contact_sheet.png,/Users/estebanfelixmoran/Desktop/Purdue/Medical_Imaging/3D-Medical-Segment-Anything/outputs/mouse_astrocytoma_zero_shot/series_qc/TVD_GBM_IC2_11311011_021511/065_21512383914016_2/metadata.json,/Users/estebanfelixmoran/Desktop/Purdue/Medical_Imaging/Datasets/Mouse-Astrocytoma-doiJNLP/mouse_astrocytoma/TVD_GBM_IC2_11311011_021511/216.2/016.2/39df814d-0758-4b34-bf1b-033983c7f584.dcm
TVD_GBM_IC2_11311011_021511,1.3.46.670589.11.17169.5.0.4584.2011021511013196216.2,1.3.46.670589.11.17169.5.0.4564.2011021512390881054.2,Dyn22s_AP_TR9/TE3 SENSE,Dyn22s_AP_TR9/TE3 SENSE,ORIGINAL\PRIMARY\M_FFE\M\FFE,132,132,0.227273\0.227273,1.0,1.0,600,12,50,132x132x12,dynamic,50 repeated images per spatial position,contact sheet generated,/Users/estebanfelixmoran/Desktop/Purdue/Medical_Imaging/3D-Medical-Segment-Anything/outputs/mouse_astrocytoma_zero_shot/series_qc/TVD_GBM_IC2_11311011_021511/066_21512390881054_2/contact_sheet.png,/Users/estebanfelixmoran/Desktop/Purdue/Medical_Imaging/3D-Medical-Segment-Anything/outputs/mouse_astrocytoma_zero_shot/series_qc/TVD_GBM_IC2_11311011_021511/066_21512390881054_2/metadata.json,/Users/estebanfelixmoran/Desktop/Purdue/Medical_Imaging/Datasets/Mouse-Astrocytoma-doiJNLP/mouse_astrocytoma/TVD_GBM_IC2_11311011_021511/216.2/054.2/e8da35b1-2457-4b37-bfad-27dd6d7b6c4c.dcm
TVD_GBM_IC2_11311011_021511,1.3.46.670589.11.17169.5.0.4584.2011021511013196216.2,1.3.46.670589.11.17169.5.0.4564.2011021512574228302.2,T1_FFE_Cor_PostC SENSE,T1_FFE_Cor_PostC SENSE,ORIGINAL\PRIMARY\M_FFE\M\FFE,256,256,0.117188\0.117188,0.5,0.25,48,48,1,256x256x48,primary anatomical,full TSE or coronal T1 anatomical acquisition,contact sheet generated,/Users/estebanfelixmoran/Desktop/Purdue/Medical_Imaging/3D-Medical-Segment-Anything/outputs/mouse_astrocytoma_zero_shot/series_qc/TVD_GBM_IC2_11311011_021511/067_21512574228302_2/contact_sheet.png,/Users/estebanfelixmoran/Desktop/Purdue/Medical_Imaging/3D-Medical-Segment-Anything/outputs/mouse_astrocytoma_zero_shot/series_qc/TVD_GBM_IC2_11311011_021511/067_21512574228302_2/metadata.json,/Users/estebanfelixmoran/Desktop/Purdue/Medical_Imaging/Datasets/Mouse-Astrocytoma-doiJNLP/mouse_astrocytoma/TVD_GBM_IC2_11311011_021511/216.2/302.2/892c0fe0-2cc4-4ea6-b89a-d8213a817e1b.dcm
TVD_GBM_IC2_11311013_020811,1.3.46.670589.11.17169.5.0.3164.2011020809040192350.3,1.3.46.670589.11.17169.5.0.6148.2011020809463859089.3,TSE_100_Cor_P4 SENSE,TSE_100_Cor_P4 SENSE,ORIGINAL\PRIMARY\M_SE\M\SE,256,256,0.117188\0.117188,0.5,0.5,30,30,1,256x256x30,primary anatomical,full TSE or coronal T1 anatomical acquisition,contact sheet generated,/Users/estebanfelixmoran/Desktop/Purdue/Medical_Imaging/3D-Medical-Segment-Anything/outputs/mouse_astrocytoma_zero_shot/series_qc/TVD_GBM_IC2_11311013_020811/068_20809463859089_3/contact_sheet.png,/Users/estebanfelixmoran/Desktop/Purdue/Medical_Imaging/3D-Medical-Segment-Anything/outputs/mouse_astrocytoma_zero_shot/series_qc/TVD_GBM_IC2_11311013_020811/068_20809463859089_3/metadata.json,/Users/estebanfelixmoran/Desktop/Purdue/Medical_Imaging/Datasets/Mouse-Astrocytoma-doiJNLP/mouse_astrocytoma/TVD_GBM_IC2_11311013_020811/350.3/089.3/9babda3b-176f-4736-bba6-27925cfb842d.dcm
TVD_GBM_IC2_11311013_020811,1.3.46.670589.11.17169.5.0.3164.2011020809040192350.3,1.3.46.670589.11.17169.5.0.6148.2011020810163662113.3,T1_FFE_Cor_PreC SENSE,T1_FFE_Cor_PreC SENSE,ORIGINAL\PRIMARY\M_FFE\M\FFE,256,256,0.117188\0.117188,0.5,0.25,48,48,1,256x256x48,primary anatomical,full TSE or coronal T1 anatomical acquisition,contact sheet generated,/Users/estebanfelixmoran/Desktop/Purdue/Medical_Imaging/3D-Medical-Segment-Anything/outputs/mouse_astrocytoma_zero_shot/series_qc/TVD_GBM_IC2_11311013_020811/069_20810163662113_3/contact_sheet.png,/Users/estebanfelixmoran/Desktop/Purdue/Medical_Imaging/3D-Medical-Segment-Anything/outputs/mouse_astrocytoma_zero_shot/series_qc/TVD_GBM_IC2_11311013_020811/069_20810163662113_3/metadata.json,/Users/estebanfelixmoran/Desktop/Purdue/Medical_Imaging/Datasets/Mouse-Astrocytoma-doiJNLP/mouse_astrocytoma/TVD_GBM_IC2_11311013_020811/350.3/113.3/f508dee9-0338-46d6-861f-e06df29a452e.dcm
TVD_GBM_IC2_11311013_020811,1.3.46.670589.11.17169.5.0.3164.2011020809040192350.3,1.3.46.670589.11.17169.5.0.6148.2011020810241335140.3,T1_FFE_PreFA5 SENSE,T1_FFE_PreFA5 SENSE,ORIGINAL\PRIMARY\M_FFE\M\FFE,132,132,0.227273\0.227273,1.0,1.0,12,12,1,132x132x12,secondary anatomical,low-flip-angle anatomical reference,contact sheet generated,/Users/estebanfelixmoran/Desktop/Purdue/Medical_Imaging/3D-Medical-Segment-Anything/outputs/mouse_astrocytoma_zero_shot/series_qc/TVD_GBM_IC2_11311013_020811/070_20810241335140_3/contact_sheet.png,/Users/estebanfelixmoran/Desktop/Purdue/Medical_Imaging/3D-Medical-Segment-Anything/outputs/mouse_astrocytoma_zero_shot/series_qc/TVD_GBM_IC2_11311013_020811/070_20810241335140_3/metadata.json,/Users/estebanfelixmoran/Desktop/Purdue/Medical_Imaging/Datasets/Mouse-Astrocytoma-doiJNLP/mouse_astrocytoma/TVD_GBM_IC2_11311013_020811/350.3/140.3/ce370649-ae88-4628-ab77-637a4b85bb20.dcm
TVD_GBM_IC2_11311013_020811,1.3.46.670589.11.17169.5.0.3164.2011020809040192350.3,1.3.46.670589.11.17169.5.0.6148.2011020810244329178.3,Dyn22s_AP_TR9/TE3 SENSE,Dyn22s_AP_TR9/TE3 SENSE,ORIGINAL\PRIMARY\M_FFE\M\FFE,132,132,0.227273\0.227273,1.0,1.0,600,12,50,132x132x12,dynamic,50 repeated images per spatial position,contact sheet generated,/Users/estebanfelixmoran/Desktop/Purdue/Medical_Imaging/3D-Medical-Segment-Anything/outputs/mouse_astrocytoma_zero_shot/series_qc/TVD_GBM_IC2_11311013_020811/071_20810244329178_3/contact_sheet.png,/Users/estebanfelixmoran/Desktop/Purdue/Medical_Imaging/3D-Medical-Segment-Anything/outputs/mouse_astrocytoma_zero_shot/series_qc/TVD_GBM_IC2_11311013_020811/071_20810244329178_3/metadata.json,/Users/estebanfelixmoran/Desktop/Purdue/Medical_Imaging/Datasets/Mouse-Astrocytoma-doiJNLP/mouse_astrocytoma/TVD_GBM_IC2_11311013_020811/350.3/178.3/28d6b328-d672-4f06-a989-c2807a0440c8.dcm
TVD_GBM_IC2_11311013_020811,1.3.46.670589.11.17169.5.0.3164.2011020809040192350.3,1.3.46.670589.11.17169.5.0.6148.2011020810431689426.3,T1_FFE_Cor_PostC SENSE,T1_FFE_Cor_PostC SENSE,ORIGINAL\PRIMARY\M_FFE\M\FFE,256,256,0.117188\0.117188,0.5,0.25,48,48,1,256x256x48,primary anatomical,full TSE or coronal T1 anatomical acquisition,contact sheet generated,/Users/estebanfelixmoran/Desktop/Purdue/Medical_Imaging/3D-Medical-Segment-Anything/outputs/mouse_astrocytoma_zero_shot/series_qc/TVD_GBM_IC2_11311013_020811/072_20810431689426_3/contact_sheet.png,/Users/estebanfelixmoran/Desktop/Purdue/Medical_Imaging/3D-Medical-Segment-Anything/outputs/mouse_astrocytoma_zero_shot/series_qc/TVD_GBM_IC2_11311013_020811/072_20810431689426_3/metadata.json,/Users/estebanfelixmoran/Desktop/Purdue/Medical_Imaging/Datasets/Mouse-Astrocytoma-doiJNLP/mouse_astrocytoma/TVD_GBM_IC2_11311013_020811/350.3/426.3/36a51ad0-a30b-4ad4-9e4f-d213c49b161b.dcm
TVD_GBM_IC2_11311013_020811,1.3.46.670589.11.17169.5.0.3164.2011020809040192350.3,1.3.46.670589.11.17169.5.0.9740.2012020610495343000.3,sT1_FFE_Subtr,sT1_FFE_Subtr,ORIGINAL\PRIMARY\M_FFE\M\FFE,256,256,0.117188\0.117188,0.5,0.25,48,48,1,256x256x48,subtraction,subtraction series,contact sheet generated,/Users/estebanfelixmoran/Desktop/Purdue/Medical_Imaging/3D-Medical-Segment-Anything/outputs/mouse_astrocytoma_zero_shot/series_qc/TVD_GBM_IC2_11311013_020811/073_20610495343000_3/contact_sheet.png,/Users/estebanfelixmoran/Desktop/Purdue/Medical_Imaging/3D-Medical-Segment-Anything/outputs/mouse_astrocytoma_zero_shot/series_qc/TVD_GBM_IC2_11311013_020811/073_20610495343000_3/metadata.json,/Users/estebanfelixmoran/Desktop/Purdue/Medical_Imaging/Datasets/Mouse-Astrocytoma-doiJNLP/mouse_astrocytoma/TVD_GBM_IC2_11311013_020811/350.3/000.3/75fe8535-e838-4e6a-b623-c79719f79b55.dcm
TVD_GBM_IC2_11311014_021811,1.3.46.670589.11.17169.5.0.4584.2011021810251949513.3,1.3.46.670589.11.17169.5.0.4564.2011021811161058676.3,TSE_100_Cor_P4 SENSE,TSE_100_Cor_P4 SENSE,ORIGINAL\PRIMARY\M_SE\M\SE,256,256,0.117188\0.117188,0.5,0.5,30,30,1,256x256x30,primary anatomical,full TSE or coronal T1 anatomical acquisition,contact sheet generated,/Users/estebanfelixmoran/Desktop/Purdue/Medical_Imaging/3D-Medical-Segment-Anything/outputs/mouse_astrocytoma_zero_shot/series_qc/TVD_GBM_IC2_11311014_021811/074_21811161058676_3/contact_sheet.png,/Users/estebanfelixmoran/Desktop/Purdue/Medical_Imaging/3D-Medical-Segment-Anything/outputs/mouse_astrocytoma_zero_shot/series_qc/TVD_GBM_IC2_11311014_021811/074_21811161058676_3/metadata.json,/Users/estebanfelixmoran/Desktop/Purdue/Medical_Imaging/Datasets/Mouse-Astrocytoma-doiJNLP/mouse_astrocytoma/TVD_GBM_IC2_11311014_021811/513.3/676.3/90fd1af4-5647-473d-b22f-3ac69549731b.dcm
TVD_GBM_IC2_11311014_021811,1.3.46.670589.11.17169.5.0.4584.2011021810251949513.3,1.3.46.670589.11.17169.5.0.4564.2011021811460863701.3,T1_FFE_PreFA5 SENSE,T1_FFE_PreFA5 SENSE,ORIGINAL\PRIMARY\M_FFE\M\FFE,132,132,0.227273\0.227273,1.0,1.0,12,12,1,132x132x12,secondary anatomical,low-flip-angle anatomical reference,contact sheet generated,/Users/estebanfelixmoran/Desktop/Purdue/Medical_Imaging/3D-Medical-Segment-Anything/outputs/mouse_astrocytoma_zero_shot/series_qc/TVD_GBM_IC2_11311014_021811/075_21811460863701_3/contact_sheet.png,/Users/estebanfelixmoran/Desktop/Purdue/Medical_Imaging/3D-Medical-Segment-Anything/outputs/mouse_astrocytoma_zero_shot/series_qc/TVD_GBM_IC2_11311014_021811/075_21811460863701_3/metadata.json,/Users/estebanfelixmoran/Desktop/Purdue/Medical_Imaging/Datasets/Mouse-Astrocytoma-doiJNLP/mouse_astrocytoma/TVD_GBM_IC2_11311014_021811/513.3/701.3/7b1984e7-3ff6-43bf-acb6-0bb706eb4d94.dcm
TVD_GBM_IC2_11311014_021811,1.3.46.670589.11.17169.5.0.4584.2011021810251949513.3,1.3.46.670589.11.17169.5.0.4564.2011021811510280972.3,Dyn22s_AP_TR9/TE3 SENSE,Dyn22s_AP_TR9/TE3 SENSE,ORIGINAL\PRIMARY\M_FFE\M\FFE,132,132,0.227273\0.227273,1.0,1.0,600,12,50,132x132x12,dynamic,50 repeated images per spatial position,contact sheet generated,/Users/estebanfelixmoran/Desktop/Purdue/Medical_Imaging/3D-Medical-Segment-Anything/outputs/mouse_astrocytoma_zero_shot/series_qc/TVD_GBM_IC2_11311014_021811/076_21811510280972_3/contact_sheet.png,/Users/estebanfelixmoran/Desktop/Purdue/Medical_Imaging/3D-Medical-Segment-Anything/outputs/mouse_astrocytoma_zero_shot/series_qc/TVD_GBM_IC2_11311014_021811/076_21811510280972_3/metadata.json,/Users/estebanfelixmoran/Desktop/Purdue/Medical_Imaging/Datasets/Mouse-Astrocytoma-doiJNLP/mouse_astrocytoma/TVD_GBM_IC2_11311014_021811/513.3/972.3/1e79aecf-f9ce-4666-8c02-180343ba8118.dcm
TVD_GBM_IC2_11311014_021811,1.3.46.670589.11.17169.5.0.4584.2011021810251949513.3,1.3.46.670589.11.17169.5.0.4564.2011021812093597181.3,T1_FFE_Cor_PostC SENSE,T1_FFE_Cor_PostC SENSE,ORIGINAL\PRIMARY\M_FFE\M\FFE,256,256,0.117188\0.117188,0.5,0.25,48,48,1,256x256x48,primary anatomical,full TSE or coronal T1 anatomical acquisition,contact sheet generated,/Users/estebanfelixmoran/Desktop/Purdue/Medical_Imaging/3D-Medical-Segment-Anything/outputs/mouse_astrocytoma_zero_shot/series_qc/TVD_GBM_IC2_11311014_021811/077_21812093597181_3/contact_sheet.png,/Users/estebanfelixmoran/Desktop/Purdue/Medical_Imaging/3D-Medical-Segment-Anything/outputs/mouse_astrocytoma_zero_shot/series_qc/TVD_GBM_IC2_11311014_021811/077_21812093597181_3/metadata.json,/Users/estebanfelixmoran/Desktop/Purdue/Medical_Imaging/Datasets/Mouse-Astrocytoma-doiJNLP/mouse_astrocytoma/TVD_GBM_IC2_11311014_021811/513.3/181.3/a6af13a3-5c74-4243-84ef-0e748a41542b.dcm
TVD_GBM_IC2_11311017_020811,1.3.46.670589.11.17169.5.0.3164.2011020810281157364.3,1.3.46.670589.11.17169.5.0.2484.2012020611103543000.3,sT1_FFE_Subtr,sT1_FFE_Subtr,ORIGINAL\PRIMARY\M_FFE\M\FFE,256,256,0.117188\0.117188,0.5,0.25,48,48,1,256x256x48,subtraction,subtraction series,contact sheet generated,/Users/estebanfelixmoran/Desktop/Purdue/Medical_Imaging/3D-Medical-Segment-Anything/outputs/mouse_astrocytoma_zero_shot/series_qc/TVD_GBM_IC2_11311017_020811/078_20611103543000_3/contact_sheet.png,/Users/estebanfelixmoran/Desktop/Purdue/Medical_Imaging/3D-Medical-Segment-Anything/outputs/mouse_astrocytoma_zero_shot/series_qc/TVD_GBM_IC2_11311017_020811/078_20611103543000_3/metadata.json,/Users/estebanfelixmoran/Desktop/Purdue/Medical_Imaging/Datasets/Mouse-Astrocytoma-doiJNLP/mouse_astrocytoma/TVD_GBM_IC2_11311017_020811/364.3/000.3/dc44d3aa-0655-48a3-9659-5a4626c1df3f.dcm
TVD_GBM_IC2_11311017_020811,1.3.46.670589.11.17169.5.0.3164.2011020810281157364.3,1.3.46.670589.11.17169.5.0.6148.2011020811181790649.3,TSE_100_Cor_P4 SENSE,TSE_100_Cor_P4 SENSE,ORIGINAL\PRIMARY\M_SE\M\SE,256,256,0.117188\0.117188,0.5,0.5,30,30,1,256x256x30,primary anatomical,full TSE or coronal T1 anatomical acquisition,contact sheet generated,/Users/estebanfelixmoran/Desktop/Purdue/Medical_Imaging/3D-Medical-Segment-Anything/outputs/mouse_astrocytoma_zero_shot/series_qc/TVD_GBM_IC2_11311017_020811/079_20811181790649_3/contact_sheet.png,/Users/estebanfelixmoran/Desktop/Purdue/Medical_Imaging/3D-Medical-Segment-Anything/outputs/mouse_astrocytoma_zero_shot/series_qc/TVD_GBM_IC2_11311017_020811/079_20811181790649_3/metadata.json,/Users/estebanfelixmoran/Desktop/Purdue/Medical_Imaging/Datasets/Mouse-Astrocytoma-doiJNLP/mouse_astrocytoma/TVD_GBM_IC2_11311017_020811/364.3/649.3/8c9b7314-ce9c-464a-bc20-eb0e12322a56.dcm
TVD_GBM_IC2_11311017_020811,1.3.46.670589.11.17169.5.0.3164.2011020810281157364.3,1.3.46.670589.11.17169.5.0.6148.2011020811491521699.3,T1_FFE_Cor_PreC SENSE,T1_FFE_Cor_PreC SENSE,ORIGINAL\PRIMARY\M_FFE\M\FFE,256,256,0.117188\0.117188,0.5,0.25,48,48,1,256x256x48,primary anatomical,full TSE or coronal T1 anatomical acquisition,contact sheet generated,/Users/estebanfelixmoran/Desktop/Purdue/Medical_Imaging/3D-Medical-Segment-Anything/outputs/mouse_astrocytoma_zero_shot/series_qc/TVD_GBM_IC2_11311017_020811/080_20811491521699_3/contact_sheet.png,/Users/estebanfelixmoran/Desktop/Purdue/Medical_Imaging/3D-Medical-Segment-Anything/outputs/mouse_astrocytoma_zero_shot/series_qc/TVD_GBM_IC2_11311017_020811/080_20811491521699_3/metadata.json,/Users/estebanfelixmoran/Desktop/Purdue/Medical_Imaging/Datasets/Mouse-Astrocytoma-doiJNLP/mouse_astrocytoma/TVD_GBM_IC2_11311017_020811/364.3/699.3/557e7b65-e275-46e7-8480-5e80ea079069.dcm
TVD_GBM_IC2_11311017_020811,1.3.46.670589.11.17169.5.0.3164.2011020810281157364.3,1.3.46.670589.11.17169.5.0.6148.2011020811583112756.3,T1_FFE_PreFA5 SENSE,T1_FFE_PreFA5 SENSE,ORIGINAL\PRIMARY\M_FFE\M\FFE,132,132,0.227273\0.227273,1.0,1.0,12,12,1,132x132x12,secondary anatomical,low-flip-angle anatomical reference,contact sheet generated,/Users/estebanfelixmoran/Desktop/Purdue/Medical_Imaging/3D-Medical-Segment-Anything/outputs/mouse_astrocytoma_zero_shot/series_qc/TVD_GBM_IC2_11311017_020811/081_20811583112756_3/contact_sheet.png,/Users/estebanfelixmoran/Desktop/Purdue/Medical_Imaging/3D-Medical-Segment-Anything/outputs/mouse_astrocytoma_zero_shot/series_qc/TVD_GBM_IC2_11311017_020811/081_20811583112756_3/metadata.json,/Users/estebanfelixmoran/Desktop/Purdue/Medical_Imaging/Datasets/Mouse-Astrocytoma-doiJNLP/mouse_astrocytoma/TVD_GBM_IC2_11311017_020811/364.3/756.3/ac7273e6-e648-4140-a6cd-245b0d9ec81a.dcm
TVD_GBM_IC2_11311017_020811,1.3.46.670589.11.17169.5.0.3164.2011020810281157364.3,1.3.46.670589.11.17169.5.0.6148.2011020811590420777.3,Dyn22s_AP_TR9/TE3 SENSE,Dyn22s_AP_TR9/TE3 SENSE,ORIGINAL\PRIMARY\M_FFE\M\FFE,132,132,0.227273\0.227273,1.0,1.0,48,12,4,132x132x12,dynamic,4 repeated images per spatial position,contact sheet generated,/Users/estebanfelixmoran/Desktop/Purdue/Medical_Imaging/3D-Medical-Segment-Anything/outputs/mouse_astrocytoma_zero_shot/series_qc/TVD_GBM_IC2_11311017_020811/082_20811590420777_3/contact_sheet.png,/Users/estebanfelixmoran/Desktop/Purdue/Medical_Imaging/3D-Medical-Segment-Anything/outputs/mouse_astrocytoma_zero_shot/series_qc/TVD_GBM_IC2_11311017_020811/082_20811590420777_3/metadata.json,/Users/estebanfelixmoran/Desktop/Purdue/Medical_Imaging/Datasets/Mouse-Astrocytoma-doiJNLP/mouse_astrocytoma/TVD_GBM_IC2_11311017_020811/364.3/777.3/aa2ebe14-3983-453f-8c12-e264cd3c3c96.dcm
TVD_GBM_IC2_11311017_020811,1.3.46.670589.11.17169.5.0.3164.2011020810281157364.3,1.3.46.670589.11.17169.5.0.6148.2011020812003226882.3,Dyn22s_AP_TR9/TE3 SENSE,Dyn22s_AP_TR9/TE3 SENSE,ORIGINAL\PRIMARY\M_FFE\M\FFE,132,132,0.227273\0.227273,1.0,1.0,600,12,50,132x132x12,dynamic,50 repeated images per spatial position,contact sheet generated,/Users/estebanfelixmoran/Desktop/Purdue/Medical_Imaging/3D-Medical-Segment-Anything/outputs/mouse_astrocytoma_zero_shot/series_qc/TVD_GBM_IC2_11311017_020811/083_20812003226882_3/contact_sheet.png,/Users/estebanfelixmoran/Desktop/Purdue/Medical_Imaging/3D-Medical-Segment-Anything/outputs/mouse_astrocytoma_zero_shot/series_qc/TVD_GBM_IC2_11311017_020811/083_20812003226882_3/metadata.json,/Users/estebanfelixmoran/Desktop/Purdue/Medical_Imaging/Datasets/Mouse-Astrocytoma-doiJNLP/mouse_astrocytoma/TVD_GBM_IC2_11311017_020811/364.3/882.3/da889107-17bb-47ee-9825-d401b4381157.dcm
TVD_GBM_IC2_11311017_020811,1.3.46.670589.11.17169.5.0.3164.2011020810281157364.3,1.3.46.670589.11.17169.5.0.6148.2011020812190535091.3,T1_FFE_Cor_PostC SENSE,T1_FFE_Cor_PostC SENSE,ORIGINAL\PRIMARY\M_FFE\M\FFE,256,256,0.117188\0.117188,0.5,0.25,48,48,1,256x256x48,primary anatomical,full TSE or coronal T1 anatomical acquisition,contact sheet generated,/Users/estebanfelixmoran/Desktop/Purdue/Medical_Imaging/3D-Medical-Segment-Anything/outputs/mouse_astrocytoma_zero_shot/series_qc/TVD_GBM_IC2_11311017_020811/084_20812190535091_3/contact_sheet.png,/Users/estebanfelixmoran/Desktop/Purdue/Medical_Imaging/3D-Medical-Segment-Anything/outputs/mouse_astrocytoma_zero_shot/series_qc/TVD_GBM_IC2_11311017_020811/084_20812190535091_3/metadata.json,/Users/estebanfelixmoran/Desktop/Purdue/Medical_Imaging/Datasets/Mouse-Astrocytoma-doiJNLP/mouse_astrocytoma/TVD_GBM_IC2_11311017_020811/364.3/091.3/0e5d7c37-b5b8-4a3c-b493-bb9342850f2a.dcm
TVD_GBM_IC2_11311019_020811,1.3.46.670589.11.17169.5.0.3164.2011020810281157364.4,1.3.46.670589.11.17169.5.0.2484.2012020611103543000.4,sT1_FFE_Subtr,sT1_FFE_Subtr,ORIGINAL\PRIMARY\M_FFE\M\FFE,256,256,0.117188\0.117188,0.5,0.25,48,48,1,256x256x48,subtraction,subtraction series,contact sheet generated,/Users/estebanfelixmoran/Desktop/Purdue/Medical_Imaging/3D-Medical-Segment-Anything/outputs/mouse_astrocytoma_zero_shot/series_qc/TVD_GBM_IC2_11311019_020811/085_20611103543000_4/contact_sheet.png,/Users/estebanfelixmoran/Desktop/Purdue/Medical_Imaging/3D-Medical-Segment-Anything/outputs/mouse_astrocytoma_zero_shot/series_qc/TVD_GBM_IC2_11311019_020811/085_20611103543000_4/metadata.json,/Users/estebanfelixmoran/Desktop/Purdue/Medical_Imaging/Datasets/Mouse-Astrocytoma-doiJNLP/mouse_astrocytoma/TVD_GBM_IC2_11311019_020811/364.4/000.4/abbd94ea-0b7a-41de-8991-5f9fc43d78d3.dcm
TVD_GBM_IC2_11311019_020811,1.3.46.670589.11.17169.5.0.3164.2011020810281157364.4,1.3.46.670589.11.17169.5.0.6148.2011020811181790649.4,TSE_100_Cor_P4 SENSE,TSE_100_Cor_P4 SENSE,ORIGINAL\PRIMARY\M_SE\M\SE,256,256,0.117188\0.117188,0.5,0.5,30,30,1,256x256x30,primary anatomical,full TSE or coronal T1 anatomical acquisition,contact sheet generated,/Users/estebanfelixmoran/Desktop/Purdue/Medical_Imaging/3D-Medical-Segment-Anything/outputs/mouse_astrocytoma_zero_shot/series_qc/TVD_GBM_IC2_11311019_020811/086_20811181790649_4/contact_sheet.png,/Users/estebanfelixmoran/Desktop/Purdue/Medical_Imaging/3D-Medical-Segment-Anything/outputs/mouse_astrocytoma_zero_shot/series_qc/TVD_GBM_IC2_11311019_020811/086_20811181790649_4/metadata.json,/Users/estebanfelixmoran/Desktop/Purdue/Medical_Imaging/Datasets/Mouse-Astrocytoma-doiJNLP/mouse_astrocytoma/TVD_GBM_IC2_11311019_020811/364.4/649.4/03cefefa-1fd0-465f-9eb6-cde7cc6d930f.dcm
TVD_GBM_IC2_11311019_020811,1.3.46.670589.11.17169.5.0.3164.2011020810281157364.4,1.3.46.670589.11.17169.5.0.6148.2011020811491521699.4,T1_FFE_Cor_PreC SENSE,T1_FFE_Cor_PreC SENSE,ORIGINAL\PRIMARY\M_FFE\M\FFE,256,256,0.117188\0.117188,0.5,0.25,48,48,1,256x256x48,primary anatomical,full TSE or coronal T1 anatomical acquisition,contact sheet generated,/Users/estebanfelixmoran/Desktop/Purdue/Medical_Imaging/3D-Medical-Segment-Anything/outputs/mouse_astrocytoma_zero_shot/series_qc/TVD_GBM_IC2_11311019_020811/087_20811491521699_4/contact_sheet.png,/Users/estebanfelixmoran/Desktop/Purdue/Medical_Imaging/3D-Medical-Segment-Anything/outputs/mouse_astrocytoma_zero_shot/series_qc/TVD_GBM_IC2_11311019_020811/087_20811491521699_4/metadata.json,/Users/estebanfelixmoran/Desktop/Purdue/Medical_Imaging/Datasets/Mouse-Astrocytoma-doiJNLP/mouse_astrocytoma/TVD_GBM_IC2_11311019_020811/364.4/699.4/83495da4-2824-4b62-b441-fb6e813f8896.dcm
TVD_GBM_IC2_11311019_020811,1.3.46.670589.11.17169.5.0.3164.2011020810281157364.4,1.3.46.670589.11.17169.5.0.6148.2011020811583112756.4,T1_FFE_PreFA5 SENSE,T1_FFE_PreFA5 SENSE,ORIGINAL\PRIMARY\M_FFE\M\FFE,132,132,0.227273\0.227273,1.0,1.0,12,12,1,132x132x12,secondary anatomical,low-flip-angle anatomical reference,contact sheet generated,/Users/estebanfelixmoran/Desktop/Purdue/Medical_Imaging/3D-Medical-Segment-Anything/outputs/mouse_astrocytoma_zero_shot/series_qc/TVD_GBM_IC2_11311019_020811/088_20811583112756_4/contact_sheet.png,/Users/estebanfelixmoran/Desktop/Purdue/Medical_Imaging/3D-Medical-Segment-Anything/outputs/mouse_astrocytoma_zero_shot/series_qc/TVD_GBM_IC2_11311019_020811/088_20811583112756_4/metadata.json,/Users/estebanfelixmoran/Desktop/Purdue/Medical_Imaging/Datasets/Mouse-Astrocytoma-doiJNLP/mouse_astrocytoma/TVD_GBM_IC2_11311019_020811/364.4/756.4/73b13edc-66f4-4539-b7a0-27971f55a9b1.dcm
TVD_GBM_IC2_11311019_020811,1.3.46.670589.11.17169.5.0.3164.2011020810281157364.4,1.3.46.670589.11.17169.5.0.6148.2011020811590420777.4,Dyn22s_AP_TR9/TE3 SENSE,Dyn22s_AP_TR9/TE3 SENSE,ORIGINAL\PRIMARY\M_FFE\M\FFE,132,132,0.227273\0.227273,1.0,1.0,48,12,4,132x132x12,dynamic,4 repeated images per spatial position,contact sheet generated,/Users/estebanfelixmoran/Desktop/Purdue/Medical_Imaging/3D-Medical-Segment-Anything/outputs/mouse_astrocytoma_zero_shot/series_qc/TVD_GBM_IC2_11311019_020811/089_20811590420777_4/contact_sheet.png,/Users/estebanfelixmoran/Desktop/Purdue/Medical_Imaging/3D-Medical-Segment-Anything/outputs/mouse_astrocytoma_zero_shot/series_qc/TVD_GBM_IC2_11311019_020811/089_20811590420777_4/metadata.json,/Users/estebanfelixmoran/Desktop/Purdue/Medical_Imaging/Datasets/Mouse-Astrocytoma-doiJNLP/mouse_astrocytoma/TVD_GBM_IC2_11311019_020811/364.4/777.4/2c22a8b6-de11-4c40-9ac2-cf81e1b7d08b.dcm
TVD_GBM_IC2_11311019_020811,1.3.46.670589.11.17169.5.0.3164.2011020810281157364.4,1.3.46.670589.11.17169.5.0.6148.2011020812003226882.4,Dyn22s_AP_TR9/TE3 SENSE,Dyn22s_AP_TR9/TE3 SENSE,ORIGINAL\PRIMARY\M_FFE\M\FFE,132,132,0.227273\0.227273,1.0,1.0,600,12,50,132x132x12,dynamic,50 repeated images per spatial position,contact sheet generated,/Users/estebanfelixmoran/Desktop/Purdue/Medical_Imaging/3D-Medical-Segment-Anything/outputs/mouse_astrocytoma_zero_shot/series_qc/TVD_GBM_IC2_11311019_020811/090_20812003226882_4/contact_sheet.png,/Users/estebanfelixmoran/Desktop/Purdue/Medical_Imaging/3D-Medical-Segment-Anything/outputs/mouse_astrocytoma_zero_shot/series_qc/TVD_GBM_IC2_11311019_020811/090_20812003226882_4/metadata.json,/Users/estebanfelixmoran/Desktop/Purdue/Medical_Imaging/Datasets/Mouse-Astrocytoma-doiJNLP/mouse_astrocytoma/TVD_GBM_IC2_11311019_020811/364.4/882.4/6fd92eb4-dc35-44d5-b9e8-9569b12df81b.dcm
TVD_GBM_IC2_11311019_020811,1.3.46.670589.11.17169.5.0.3164.2011020810281157364.4,1.3.46.670589.11.17169.5.0.6148.2011020812190535091.4,T1_FFE_Cor_PostC SENSE,T1_FFE_Cor_PostC SENSE,ORIGINAL\PRIMARY\M_FFE\M\FFE,256,256,0.117188\0.117188,0.5,0.25,48,48,1,256x256x48,primary anatomical,full TSE or coronal T1 anatomical acquisition,contact sheet generated,/Users/estebanfelixmoran/Desktop/Purdue/Medical_Imaging/3D-Medical-Segment-Anything/outputs/mouse_astrocytoma_zero_shot/series_qc/TVD_GBM_IC2_11311019_020811/091_20812190535091_4/contact_sheet.png,/Users/estebanfelixmoran/Desktop/Purdue/Medical_Imaging/3D-Medical-Segment-Anything/outputs/mouse_astrocytoma_zero_shot/series_qc/TVD_GBM_IC2_11311019_020811/091_20812190535091_4/metadata.json,/Users/estebanfelixmoran/Desktop/Purdue/Medical_Imaging/Datasets/Mouse-Astrocytoma-doiJNLP/mouse_astrocytoma/TVD_GBM_IC2_11311019_020811/364.4/091.4/c2f0be61-348c-4869-97e6-6b2c4f1a9d27.dcm
TVD_GBM_IC2_11311020_020811,1.3.46.670589.11.17169.5.0.3164.2011020809040192350.4,1.3.46.670589.11.17169.5.0.6148.2011020809463859089.4,TSE_100_Cor_P4 SENSE,TSE_100_Cor_P4 SENSE,ORIGINAL\PRIMARY\M_SE\M\SE,256,256,0.117188\0.117188,0.5,0.5,30,30,1,256x256x30,primary anatomical,full TSE or coronal T1 anatomical acquisition,contact sheet generated,/Users/estebanfelixmoran/Desktop/Purdue/Medical_Imaging/3D-Medical-Segment-Anything/outputs/mouse_astrocytoma_zero_shot/series_qc/TVD_GBM_IC2_11311020_020811/092_20809463859089_4/contact_sheet.png,/Users/estebanfelixmoran/Desktop/Purdue/Medical_Imaging/3D-Medical-Segment-Anything/outputs/mouse_astrocytoma_zero_shot/series_qc/TVD_GBM_IC2_11311020_020811/092_20809463859089_4/metadata.json,/Users/estebanfelixmoran/Desktop/Purdue/Medical_Imaging/Datasets/Mouse-Astrocytoma-doiJNLP/mouse_astrocytoma/TVD_GBM_IC2_11311020_020811/350.4/089.4/946b0744-f0ef-496c-ac9e-01752fb1ba60.dcm
TVD_GBM_IC2_11311020_020811,1.3.46.670589.11.17169.5.0.3164.2011020809040192350.4,1.3.46.670589.11.17169.5.0.6148.2011020810163662113.4,T1_FFE_Cor_PreC SENSE,T1_FFE_Cor_PreC SENSE,ORIGINAL\PRIMARY\M_FFE\M\FFE,256,256,0.117188\0.117188,0.5,0.25,48,48,1,256x256x48,primary anatomical,full TSE or coronal T1 anatomical acquisition,contact sheet generated,/Users/estebanfelixmoran/Desktop/Purdue/Medical_Imaging/3D-Medical-Segment-Anything/outputs/mouse_astrocytoma_zero_shot/series_qc/TVD_GBM_IC2_11311020_020811/093_20810163662113_4/contact_sheet.png,/Users/estebanfelixmoran/Desktop/Purdue/Medical_Imaging/3D-Medical-Segment-Anything/outputs/mouse_astrocytoma_zero_shot/series_qc/TVD_GBM_IC2_11311020_020811/093_20810163662113_4/metadata.json,/Users/estebanfelixmoran/Desktop/Purdue/Medical_Imaging/Datasets/Mouse-Astrocytoma-doiJNLP/mouse_astrocytoma/TVD_GBM_IC2_11311020_020811/350.4/113.4/860d11f3-eb96-4791-9eb9-4ccc7bb8dc9f.dcm
TVD_GBM_IC2_11311020_020811,1.3.46.670589.11.17169.5.0.3164.2011020809040192350.4,1.3.46.670589.11.17169.5.0.6148.2011020810241335140.4,T1_FFE_PreFA5 SENSE,T1_FFE_PreFA5 SENSE,ORIGINAL\PRIMARY\M_FFE\M\FFE,132,132,0.227273\0.227273,1.0,1.0,12,12,1,132x132x12,secondary anatomical,low-flip-angle anatomical reference,contact sheet generated,/Users/estebanfelixmoran/Desktop/Purdue/Medical_Imaging/3D-Medical-Segment-Anything/outputs/mouse_astrocytoma_zero_shot/series_qc/TVD_GBM_IC2_11311020_020811/094_20810241335140_4/contact_sheet.png,/Users/estebanfelixmoran/Desktop/Purdue/Medical_Imaging/3D-Medical-Segment-Anything/outputs/mouse_astrocytoma_zero_shot/series_qc/TVD_GBM_IC2_11311020_020811/094_20810241335140_4/metadata.json,/Users/estebanfelixmoran/Desktop/Purdue/Medical_Imaging/Datasets/Mouse-Astrocytoma-doiJNLP/mouse_astrocytoma/TVD_GBM_IC2_11311020_020811/350.4/140.4/32110025-9ad1-46fe-a744-45450a21fb33.dcm
TVD_GBM_IC2_11311020_020811,1.3.46.670589.11.17169.5.0.3164.2011020809040192350.4,1.3.46.670589.11.17169.5.0.6148.2011020810244329178.4,Dyn22s_AP_TR9/TE3 SENSE,Dyn22s_AP_TR9/TE3 SENSE,ORIGINAL\PRIMARY\M_FFE\M\FFE,132,132,0.227273\0.227273,1.0,1.0,600,12,50,132x132x12,dynamic,50 repeated images per spatial position,contact sheet generated,/Users/estebanfelixmoran/Desktop/Purdue/Medical_Imaging/3D-Medical-Segment-Anything/outputs/mouse_astrocytoma_zero_shot/series_qc/TVD_GBM_IC2_11311020_020811/095_20810244329178_4/contact_sheet.png,/Users/estebanfelixmoran/Desktop/Purdue/Medical_Imaging/3D-Medical-Segment-Anything/outputs/mouse_astrocytoma_zero_shot/series_qc/TVD_GBM_IC2_11311020_020811/095_20810244329178_4/metadata.json,/Users/estebanfelixmoran/Desktop/Purdue/Medical_Imaging/Datasets/Mouse-Astrocytoma-doiJNLP/mouse_astrocytoma/TVD_GBM_IC2_11311020_020811/350.4/178.4/a0fa8cc3-b5a2-4aba-adf6-998657e4f5f5.dcm
TVD_GBM_IC2_11311020_020811,1.3.46.670589.11.17169.5.0.3164.2011020809040192350.4,1.3.46.670589.11.17169.5.0.6148.2011020810431689426.4,T1_FFE_Cor_PostC SENSE,T1_FFE_Cor_PostC SENSE,ORIGINAL\PRIMARY\M_FFE\M\FFE,256,256,0.117188\0.117188,0.5,0.25,48,48,1,256x256x48,primary anatomical,full TSE or coronal T1 anatomical acquisition,contact sheet generated,/Users/estebanfelixmoran/Desktop/Purdue/Medical_Imaging/3D-Medical-Segment-Anything/outputs/mouse_astrocytoma_zero_shot/series_qc/TVD_GBM_IC2_11311020_020811/096_20810431689426_4/contact_sheet.png,/Users/estebanfelixmoran/Desktop/Purdue/Medical_Imaging/3D-Medical-Segment-Anything/outputs/mouse_astrocytoma_zero_shot/series_qc/TVD_GBM_IC2_11311020_020811/096_20810431689426_4/metadata.json,/Users/estebanfelixmoran/Desktop/Purdue/Medical_Imaging/Datasets/Mouse-Astrocytoma-doiJNLP/mouse_astrocytoma/TVD_GBM_IC2_11311020_020811/350.4/426.4/660797ce-ee90-4440-bfbf-1087ed9356db.dcm
TVD_GBM_IC2_11311020_020811,1.3.46.670589.11.17169.5.0.3164.2011020809040192350.4,1.3.46.670589.11.17169.5.0.9740.2012020610495343000.4,sT1_FFE_Subtr,sT1_FFE_Subtr,ORIGINAL\PRIMARY\M_FFE\M\FFE,256,256,0.117188\0.117188,0.5,0.25,48,48,1,256x256x48,subtraction,subtraction series,contact sheet generated,/Users/estebanfelixmoran/Desktop/Purdue/Medical_Imaging/3D-Medical-Segment-Anything/outputs/mouse_astrocytoma_zero_shot/series_qc/TVD_GBM_IC2_11311020_020811/097_20610495343000_4/contact_sheet.png,/Users/estebanfelixmoran/Desktop/Purdue/Medical_Imaging/3D-Medical-Segment-Anything/outputs/mouse_astrocytoma_zero_shot/series_qc/TVD_GBM_IC2_11311020_020811/097_20610495343000_4/metadata.json,/Users/estebanfelixmoran/Desktop/Purdue/Medical_Imaging/Datasets/Mouse-Astrocytoma-doiJNLP/mouse_astrocytoma/TVD_GBM_IC2_11311020_020811/350.4/000.4/6af17382-b359-4292-9763-b77ab01da7b9.dcm
TVD_GBM_IC2_11311021_020111,1.3.46.670589.11.17169.5.0.2964.2011020108354798122.3,1.3.46.670589.11.17169.5.0.5800.2011020109221331908.3,TSE_100_Cor_P4 SENSE,TSE_100_Cor_P4 SENSE,ORIGINAL\PRIMARY\M_SE\M\SE,256,256,0.117188\0.117188,0.5,0.5,30,30,1,256x256x30,primary anatomical,full TSE or coronal T1 anatomical acquisition,contact sheet generated,/Users/estebanfelixmoran/Desktop/Purdue/Medical_Imaging/3D-Medical-Segment-Anything/outputs/mouse_astrocytoma_zero_shot/series_qc/TVD_GBM_IC2_11311021_020111/098_20109221331908_3/contact_sheet.png,/Users/estebanfelixmoran/Desktop/Purdue/Medical_Imaging/3D-Medical-Segment-Anything/outputs/mouse_astrocytoma_zero_shot/series_qc/TVD_GBM_IC2_11311021_020111/098_20109221331908_3/metadata.json,/Users/estebanfelixmoran/Desktop/Purdue/Medical_Imaging/Datasets/Mouse-Astrocytoma-doiJNLP/mouse_astrocytoma/TVD_GBM_IC2_11311021_020111/122.3/908.3/5a66d4a5-5249-4992-ba91-eefe4a5b86af.dcm
TVD_GBM_IC2_11311021_020111,1.3.46.670589.11.17169.5.0.2964.2011020108354798122.3,1.3.46.670589.11.17169.5.0.5800.2011020109521098932.3,T1_FFE_Cor_PreC SENSE,T1_FFE_Cor_PreC SENSE,ORIGINAL\PRIMARY\M_FFE\M\FFE,256,256,0.117188\0.117188,0.5,0.25,48,48,1,256x256x48,primary anatomical,full TSE or coronal T1 anatomical acquisition,contact sheet generated,/Users/estebanfelixmoran/Desktop/Purdue/Medical_Imaging/3D-Medical-Segment-Anything/outputs/mouse_astrocytoma_zero_shot/series_qc/TVD_GBM_IC2_11311021_020111/099_20109521098932_3/contact_sheet.png,/Users/estebanfelixmoran/Desktop/Purdue/Medical_Imaging/3D-Medical-Segment-Anything/outputs/mouse_astrocytoma_zero_shot/series_qc/TVD_GBM_IC2_11311021_020111/099_20109521098932_3/metadata.json,/Users/estebanfelixmoran/Desktop/Purdue/Medical_Imaging/Datasets/Mouse-Astrocytoma-doiJNLP/mouse_astrocytoma/TVD_GBM_IC2_11311021_020111/122.3/932.3/c3edeaa1-ac94-418c-b3cc-b4e2da1ad159.dcm
TVD_GBM_IC2_11311021_020111,1.3.46.670589.11.17169.5.0.2964.2011020108354798122.3,1.3.46.670589.11.17169.5.0.5800.2011020109594775959.3,T1_FFE_PreFA5 SENSE,T1_FFE_PreFA5 SENSE,ORIGINAL\PRIMARY\M_FFE\M\FFE,132,132,0.227273\0.227273,1.0,1.0,12,12,1,132x132x12,secondary anatomical,low-flip-angle anatomical reference,contact sheet generated,/Users/estebanfelixmoran/Desktop/Purdue/Medical_Imaging/3D-Medical-Segment-Anything/outputs/mouse_astrocytoma_zero_shot/series_qc/TVD_GBM_IC2_11311021_020111/100_20109594775959_3/contact_sheet.png,/Users/estebanfelixmoran/Desktop/Purdue/Medical_Imaging/3D-Medical-Segment-Anything/outputs/mouse_astrocytoma_zero_shot/series_qc/TVD_GBM_IC2_11311021_020111/100_20109594775959_3/metadata.json,/Users/estebanfelixmoran/Desktop/Purdue/Medical_Imaging/Datasets/Mouse-Astrocytoma-doiJNLP/mouse_astrocytoma/TVD_GBM_IC2_11311021_020111/122.3/959.3/f19a31ea-d10d-4ed5-9ea7-6d3435da256c.dcm
TVD_GBM_IC2_11311021_020111,1.3.46.670589.11.17169.5.0.2964.2011020108354798122.3,1.3.46.670589.11.17169.5.0.5800.2011020110010465043.3,Dyn22s_AP_TR9/TE3 SENSE,Dyn22s_AP_TR9/TE3 SENSE,ORIGINAL\PRIMARY\M_FFE\M\FFE,132,132,0.227273\0.227273,1.0,1.0,600,12,50,132x132x12,dynamic,50 repeated images per spatial position,contact sheet generated,/Users/estebanfelixmoran/Desktop/Purdue/Medical_Imaging/3D-Medical-Segment-Anything/outputs/mouse_astrocytoma_zero_shot/series_qc/TVD_GBM_IC2_11311021_020111/101_20110010465043_3/contact_sheet.png,/Users/estebanfelixmoran/Desktop/Purdue/Medical_Imaging/3D-Medical-Segment-Anything/outputs/mouse_astrocytoma_zero_shot/series_qc/TVD_GBM_IC2_11311021_020111/101_20110010465043_3/metadata.json,/Users/estebanfelixmoran/Desktop/Purdue/Medical_Imaging/Datasets/Mouse-Astrocytoma-doiJNLP/mouse_astrocytoma/TVD_GBM_IC2_11311021_020111/122.3/043.3/ec313a78-7ab9-4a57-be90-e64c8b834aac.dcm
TVD_GBM_IC2_11311021_020111,1.3.46.670589.11.17169.5.0.2964.2011020108354798122.3,1.3.46.670589.11.17169.5.0.5800.2011020110194632252.3,T1_FFE_Cor_PostC SENSE,T1_FFE_Cor_PostC SENSE,ORIGINAL\PRIMARY\M_FFE\M\FFE,256,256,0.117188\0.117188,0.5,0.25,48,48,1,256x256x48,primary anatomical,full TSE or coronal T1 anatomical acquisition,contact sheet generated,/Users/estebanfelixmoran/Desktop/Purdue/Medical_Imaging/3D-Medical-Segment-Anything/outputs/mouse_astrocytoma_zero_shot/series_qc/TVD_GBM_IC2_11311021_020111/102_20110194632252_3/contact_sheet.png,/Users/estebanfelixmoran/Desktop/Purdue/Medical_Imaging/3D-Medical-Segment-Anything/outputs/mouse_astrocytoma_zero_shot/series_qc/TVD_GBM_IC2_11311021_020111/102_20110194632252_3/metadata.json,/Users/estebanfelixmoran/Desktop/Purdue/Medical_Imaging/Datasets/Mouse-Astrocytoma-doiJNLP/mouse_astrocytoma/TVD_GBM_IC2_11311021_020111/122.3/252.3/ee737f87-5f07-46a3-b90f-9c1f1395abd7.dcm
TVD_GBM_IC2_11311021_020111,1.3.46.670589.11.17169.5.0.2964.2011020108354798122.3,1.3.46.670589.11.17169.5.0.5936.2012020709115638000.3,sT1_FFE_Subtr,sT1_FFE_Subtr,ORIGINAL\PRIMARY\M_FFE\M\FFE,256,256,0.117188\0.117188,0.5,0.25,48,48,1,256x256x48,subtraction,subtraction series,contact sheet generated,/Users/estebanfelixmoran/Desktop/Purdue/Medical_Imaging/3D-Medical-Segment-Anything/outputs/mouse_astrocytoma_zero_shot/series_qc/TVD_GBM_IC2_11311021_020111/103_20709115638000_3/contact_sheet.png,/Users/estebanfelixmoran/Desktop/Purdue/Medical_Imaging/3D-Medical-Segment-Anything/outputs/mouse_astrocytoma_zero_shot/series_qc/TVD_GBM_IC2_11311021_020111/103_20709115638000_3/metadata.json,/Users/estebanfelixmoran/Desktop/Purdue/Medical_Imaging/Datasets/Mouse-Astrocytoma-doiJNLP/mouse_astrocytoma/TVD_GBM_IC2_11311021_020111/122.3/000.3/038ecbee-2fdb-4e73-a982-881dbfaf6b7f.dcm
TVD_GBM_IC2_11311022_020111,1.3.46.670589.11.17169.5.0.2964.2011020109561014136.3,1.3.46.670589.11.17169.5.0.10748.2012020709125741000.3,sT1_FFE_Subtr,sT1_FFE_Subtr,ORIGINAL\PRIMARY\M_FFE\M\FFE,256,256,0.117188\0.117188,0.5,0.25,48,48,1,256x256x48,subtraction,subtraction series,contact sheet generated,/Users/estebanfelixmoran/Desktop/Purdue/Medical_Imaging/3D-Medical-Segment-Anything/outputs/mouse_astrocytoma_zero_shot/series_qc/TVD_GBM_IC2_11311022_020111/104_20709125741000_3/contact_sheet.png,/Users/estebanfelixmoran/Desktop/Purdue/Medical_Imaging/3D-Medical-Segment-Anything/outputs/mouse_astrocytoma_zero_shot/series_qc/TVD_GBM_IC2_11311022_020111/104_20709125741000_3/metadata.json,/Users/estebanfelixmoran/Desktop/Purdue/Medical_Imaging/Datasets/Mouse-Astrocytoma-doiJNLP/mouse_astrocytoma/TVD_GBM_IC2_11311022_020111/136.3/000.3/f5116f0b-e057-43b2-a003-a0327f5bd672.dcm
TVD_GBM_IC2_11311022_020111,1.3.46.670589.11.17169.5.0.2964.2011020109561014136.3,1.3.46.670589.11.17169.5.0.5800.2011020110494625498.3,TSE_100_Cor_P4 SENSE,TSE_100_Cor_P4 SENSE,ORIGINAL\PRIMARY\M_SE\M\SE,256,256,0.117188\0.117188,0.5,0.5,30,30,1,256x256x30,primary anatomical,full TSE or coronal T1 anatomical acquisition,contact sheet generated,/Users/estebanfelixmoran/Desktop/Purdue/Medical_Imaging/3D-Medical-Segment-Anything/outputs/mouse_astrocytoma_zero_shot/series_qc/TVD_GBM_IC2_11311022_020111/105_20110494625498_3/contact_sheet.png,/Users/estebanfelixmoran/Desktop/Purdue/Medical_Imaging/3D-Medical-Segment-Anything/outputs/mouse_astrocytoma_zero_shot/series_qc/TVD_GBM_IC2_11311022_020111/105_20110494625498_3/metadata.json,/Users/estebanfelixmoran/Desktop/Purdue/Medical_Imaging/Datasets/Mouse-Astrocytoma-doiJNLP/mouse_astrocytoma/TVD_GBM_IC2_11311022_020111/136.3/498.3/0c7d996e-746d-4824-9e5b-82ec54eaa0cb.dcm
TVD_GBM_IC2_11311022_020111,1.3.46.670589.11.17169.5.0.2964.2011020109561014136.3,1.3.46.670589.11.17169.5.0.5800.2011020111194384522.3,T1_FFE_Cor_PreC SENSE,T1_FFE_Cor_PreC SENSE,ORIGINAL\PRIMARY\M_FFE\M\FFE,256,256,0.117188\0.117188,0.5,0.25,48,48,1,256x256x48,primary anatomical,full TSE or coronal T1 anatomical acquisition,contact sheet generated,/Users/estebanfelixmoran/Desktop/Purdue/Medical_Imaging/3D-Medical-Segment-Anything/outputs/mouse_astrocytoma_zero_shot/series_qc/TVD_GBM_IC2_11311022_020111/106_20111194384522_3/contact_sheet.png,/Users/estebanfelixmoran/Desktop/Purdue/Medical_Imaging/3D-Medical-Segment-Anything/outputs/mouse_astrocytoma_zero_shot/series_qc/TVD_GBM_IC2_11311022_020111/106_20111194384522_3/metadata.json,/Users/estebanfelixmoran/Desktop/Purdue/Medical_Imaging/Datasets/Mouse-Astrocytoma-doiJNLP/mouse_astrocytoma/TVD_GBM_IC2_11311022_020111/136.3/522.3/702c2ffb-410e-470f-8176-546a808e5d1a.dcm
TVD_GBM_IC2_11311022_020111,1.3.46.670589.11.17169.5.0.2964.2011020109561014136.3,1.3.46.670589.11.17169.5.0.5800.2011020111272084549.3,T1_FFE_PreFA5 SENSE,T1_FFE_PreFA5 SENSE,ORIGINAL\PRIMARY\M_FFE\M\FFE,132,132,0.227273\0.227273,1.0,1.0,12,12,1,132x132x12,secondary anatomical,low-flip-angle anatomical reference,contact sheet generated,/Users/estebanfelixmoran/Desktop/Purdue/Medical_Imaging/3D-Medical-Segment-Anything/outputs/mouse_astrocytoma_zero_shot/series_qc/TVD_GBM_IC2_11311022_020111/107_20111272084549_3/contact_sheet.png,/Users/estebanfelixmoran/Desktop/Purdue/Medical_Imaging/3D-Medical-Segment-Anything/outputs/mouse_astrocytoma_zero_shot/series_qc/TVD_GBM_IC2_11311022_020111/107_20111272084549_3/metadata.json,/Users/estebanfelixmoran/Desktop/Purdue/Medical_Imaging/Datasets/Mouse-Astrocytoma-doiJNLP/mouse_astrocytoma/TVD_GBM_IC2_11311022_020111/136.3/549.3/6685531d-e239-4cd3-848d-b5b2a733fa82.dcm
TVD_GBM_IC2_11311022_020111,1.3.46.670589.11.17169.5.0.2964.2011020109561014136.3,1.3.46.670589.11.17169.5.0.5800.2011020111293426627.3,Dyn22s_AP_TR9/TE3 SENSE,Dyn22s_AP_TR9/TE3 SENSE,ORIGINAL\PRIMARY\M_FFE\M\FFE,132,132,0.227273\0.227273,1.0,1.0,600,12,50,132x132x12,dynamic,50 repeated images per spatial position,contact sheet generated,/Users/estebanfelixmoran/Desktop/Purdue/Medical_Imaging/3D-Medical-Segment-Anything/outputs/mouse_astrocytoma_zero_shot/series_qc/TVD_GBM_IC2_11311022_020111/108_20111293426627_3/contact_sheet.png,/Users/estebanfelixmoran/Desktop/Purdue/Medical_Imaging/3D-Medical-Segment-Anything/outputs/mouse_astrocytoma_zero_shot/series_qc/TVD_GBM_IC2_11311022_020111/108_20111293426627_3/metadata.json,/Users/estebanfelixmoran/Desktop/Purdue/Medical_Imaging/Datasets/Mouse-Astrocytoma-doiJNLP/mouse_astrocytoma/TVD_GBM_IC2_11311022_020111/136.3/627.3/83f8648c-6e34-422a-9947-fef6dbd0c65b.dcm
TVD_GBM_IC2_11311022_020111,1.3.46.670589.11.17169.5.0.2964.2011020109561014136.3,1.3.46.670589.11.17169.5.0.5800.2011020111480776836.3,T1_FFE_Cor_PostC SENSE,T1_FFE_Cor_PostC SENSE,ORIGINAL\PRIMARY\M_FFE\M\FFE,256,256,0.117188\0.117188,0.5,0.25,48,48,1,256x256x48,primary anatomical,full TSE or coronal T1 anatomical acquisition,contact sheet generated,/Users/estebanfelixmoran/Desktop/Purdue/Medical_Imaging/3D-Medical-Segment-Anything/outputs/mouse_astrocytoma_zero_shot/series_qc/TVD_GBM_IC2_11311022_020111/109_20111480776836_3/contact_sheet.png,/Users/estebanfelixmoran/Desktop/Purdue/Medical_Imaging/3D-Medical-Segment-Anything/outputs/mouse_astrocytoma_zero_shot/series_qc/TVD_GBM_IC2_11311022_020111/109_20111480776836_3/metadata.json,/Users/estebanfelixmoran/Desktop/Purdue/Medical_Imaging/Datasets/Mouse-Astrocytoma-doiJNLP/mouse_astrocytoma/TVD_GBM_IC2_11311022_020111/136.3/836.3/86260465-e825-4342-95d5-8941dc8c5820.dcm
TVD_GBM_IC2_11311023_020111,1.3.46.670589.11.17169.5.0.2964.2011020108354798122.4,1.3.46.670589.11.17169.5.0.5800.2011020109221331908.4,TSE_100_Cor_P4 SENSE,TSE_100_Cor_P4 SENSE,ORIGINAL\PRIMARY\M_SE\M\SE,256,256,0.117188\0.117188,0.5,0.5,30,30,1,256x256x30,primary anatomical,full TSE or coronal T1 anatomical acquisition,contact sheet generated,/Users/estebanfelixmoran/Desktop/Purdue/Medical_Imaging/3D-Medical-Segment-Anything/outputs/mouse_astrocytoma_zero_shot/series_qc/TVD_GBM_IC2_11311023_020111/110_20109221331908_4/contact_sheet.png,/Users/estebanfelixmoran/Desktop/Purdue/Medical_Imaging/3D-Medical-Segment-Anything/outputs/mouse_astrocytoma_zero_shot/series_qc/TVD_GBM_IC2_11311023_020111/110_20109221331908_4/metadata.json,/Users/estebanfelixmoran/Desktop/Purdue/Medical_Imaging/Datasets/Mouse-Astrocytoma-doiJNLP/mouse_astrocytoma/TVD_GBM_IC2_11311023_020111/122.4/908.4/91d93a59-60a6-4b9b-9b4d-28c54036e3e7.dcm
TVD_GBM_IC2_11311023_020111,1.3.46.670589.11.17169.5.0.2964.2011020108354798122.4,1.3.46.670589.11.17169.5.0.5800.2011020109521098932.4,T1_FFE_Cor_PreC SENSE,T1_FFE_Cor_PreC SENSE,ORIGINAL\PRIMARY\M_FFE\M\FFE,256,256,0.117188\0.117188,0.5,0.25,48,48,1,256x256x48,primary anatomical,full TSE or coronal T1 anatomical acquisition,contact sheet generated,/Users/estebanfelixmoran/Desktop/Purdue/Medical_Imaging/3D-Medical-Segment-Anything/outputs/mouse_astrocytoma_zero_shot/series_qc/TVD_GBM_IC2_11311023_020111/111_20109521098932_4/contact_sheet.png,/Users/estebanfelixmoran/Desktop/Purdue/Medical_Imaging/3D-Medical-Segment-Anything/outputs/mouse_astrocytoma_zero_shot/series_qc/TVD_GBM_IC2_11311023_020111/111_20109521098932_4/metadata.json,/Users/estebanfelixmoran/Desktop/Purdue/Medical_Imaging/Datasets/Mouse-Astrocytoma-doiJNLP/mouse_astrocytoma/TVD_GBM_IC2_11311023_020111/122.4/932.4/794ca29b-4535-4125-8355-cc11176fc188.dcm
TVD_GBM_IC2_11311023_020111,1.3.46.670589.11.17169.5.0.2964.2011020108354798122.4,1.3.46.670589.11.17169.5.0.5800.2011020109594775959.4,T1_FFE_PreFA5 SENSE,T1_FFE_PreFA5 SENSE,ORIGINAL\PRIMARY\M_FFE\M\FFE,132,132,0.227273\0.227273,1.0,1.0,12,12,1,132x132x12,secondary anatomical,low-flip-angle anatomical reference,contact sheet generated,/Users/estebanfelixmoran/Desktop/Purdue/Medical_Imaging/3D-Medical-Segment-Anything/outputs/mouse_astrocytoma_zero_shot/series_qc/TVD_GBM_IC2_11311023_020111/112_20109594775959_4/contact_sheet.png,/Users/estebanfelixmoran/Desktop/Purdue/Medical_Imaging/3D-Medical-Segment-Anything/outputs/mouse_astrocytoma_zero_shot/series_qc/TVD_GBM_IC2_11311023_020111/112_20109594775959_4/metadata.json,/Users/estebanfelixmoran/Desktop/Purdue/Medical_Imaging/Datasets/Mouse-Astrocytoma-doiJNLP/mouse_astrocytoma/TVD_GBM_IC2_11311023_020111/122.4/959.4/1b3a69df-771c-46bd-891e-c984403b52cd.dcm
TVD_GBM_IC2_11311023_020111,1.3.46.670589.11.17169.5.0.2964.2011020108354798122.4,1.3.46.670589.11.17169.5.0.5800.2011020110010465043.4,Dyn22s_AP_TR9/TE3 SENSE,Dyn22s_AP_TR9/TE3 SENSE,ORIGINAL\PRIMARY\M_FFE\M\FFE,132,132,0.227273\0.227273,1.0,1.0,600,12,50,132x132x12,dynamic,50 repeated images per spatial position,contact sheet generated,/Users/estebanfelixmoran/Desktop/Purdue/Medical_Imaging/3D-Medical-Segment-Anything/outputs/mouse_astrocytoma_zero_shot/series_qc/TVD_GBM_IC2_11311023_020111/113_20110010465043_4/contact_sheet.png,/Users/estebanfelixmoran/Desktop/Purdue/Medical_Imaging/3D-Medical-Segment-Anything/outputs/mouse_astrocytoma_zero_shot/series_qc/TVD_GBM_IC2_11311023_020111/113_20110010465043_4/metadata.json,/Users/estebanfelixmoran/Desktop/Purdue/Medical_Imaging/Datasets/Mouse-Astrocytoma-doiJNLP/mouse_astrocytoma/TVD_GBM_IC2_11311023_020111/122.4/043.4/5113a866-407a-4655-9a5d-71bf660b6258.dcm
TVD_GBM_IC2_11311023_020111,1.3.46.670589.11.17169.5.0.2964.2011020108354798122.4,1.3.46.670589.11.17169.5.0.5800.2011020110194632252.4,T1_FFE_Cor_PostC SENSE,T1_FFE_Cor_PostC SENSE,ORIGINAL\PRIMARY\M_FFE\M\FFE,256,256,0.117188\0.117188,0.5,0.25,48,48,1,256x256x48,primary anatomical,full TSE or coronal T1 anatomical acquisition,contact sheet generated,/Users/estebanfelixmoran/Desktop/Purdue/Medical_Imaging/3D-Medical-Segment-Anything/outputs/mouse_astrocytoma_zero_shot/series_qc/TVD_GBM_IC2_11311023_020111/114_20110194632252_4/contact_sheet.png,/Users/estebanfelixmoran/Desktop/Purdue/Medical_Imaging/3D-Medical-Segment-Anything/outputs/mouse_astrocytoma_zero_shot/series_qc/TVD_GBM_IC2_11311023_020111/114_20110194632252_4/metadata.json,/Users/estebanfelixmoran/Desktop/Purdue/Medical_Imaging/Datasets/Mouse-Astrocytoma-doiJNLP/mouse_astrocytoma/TVD_GBM_IC2_11311023_020111/122.4/252.4/43074121-d474-4160-bbd3-9b7af7d5fab8.dcm
TVD_GBM_IC2_11311023_020111,1.3.46.670589.11.17169.5.0.2964.2011020108354798122.4,1.3.46.670589.11.17169.5.0.5936.2012020709115638000.4,sT1_FFE_Subtr,sT1_FFE_Subtr,ORIGINAL\PRIMARY\M_FFE\M\FFE,256,256,0.117188\0.117188,0.5,0.25,48,48,1,256x256x48,subtraction,subtraction series,contact sheet generated,/Users/estebanfelixmoran/Desktop/Purdue/Medical_Imaging/3D-Medical-Segment-Anything/outputs/mouse_astrocytoma_zero_shot/series_qc/TVD_GBM_IC2_11311023_020111/115_20709115638000_4/contact_sheet.png,/Users/estebanfelixmoran/Desktop/Purdue/Medical_Imaging/3D-Medical-Segment-Anything/outputs/mouse_astrocytoma_zero_shot/series_qc/TVD_GBM_IC2_11311023_020111/115_20709115638000_4/metadata.json,/Users/estebanfelixmoran/Desktop/Purdue/Medical_Imaging/Datasets/Mouse-Astrocytoma-doiJNLP/mouse_astrocytoma/TVD_GBM_IC2_11311023_020111/122.4/000.4/f7384439-fc4b-446d-8fd8-4a1df4df19c3.dcm
TVD_GBM_IC2_11311024_020111,1.3.46.670589.11.17169.5.0.2964.2011020109561014136.4,1.3.46.670589.11.17169.5.0.10748.2012020709125741000.4,sT1_FFE_Subtr,sT1_FFE_Subtr,ORIGINAL\PRIMARY\M_FFE\M\FFE,256,256,0.117188\0.117188,0.5,0.25,48,48,1,256x256x48,subtraction,subtraction series,contact sheet generated,/Users/estebanfelixmoran/Desktop/Purdue/Medical_Imaging/3D-Medical-Segment-Anything/outputs/mouse_astrocytoma_zero_shot/series_qc/TVD_GBM_IC2_11311024_020111/116_20709125741000_4/contact_sheet.png,/Users/estebanfelixmoran/Desktop/Purdue/Medical_Imaging/3D-Medical-Segment-Anything/outputs/mouse_astrocytoma_zero_shot/series_qc/TVD_GBM_IC2_11311024_020111/116_20709125741000_4/metadata.json,/Users/estebanfelixmoran/Desktop/Purdue/Medical_Imaging/Datasets/Mouse-Astrocytoma-doiJNLP/mouse_astrocytoma/TVD_GBM_IC2_11311024_020111/136.4/000.4/20444276-8e96-46e4-8174-0af25f5072ec.dcm
TVD_GBM_IC2_11311024_020111,1.3.46.670589.11.17169.5.0.2964.2011020109561014136.4,1.3.46.670589.11.17169.5.0.5800.2011020110494625498.4,TSE_100_Cor_P4 SENSE,TSE_100_Cor_P4 SENSE,ORIGINAL\PRIMARY\M_SE\M\SE,256,256,0.117188\0.117188,0.5,0.5,30,30,1,256x256x30,primary anatomical,full TSE or coronal T1 anatomical acquisition,contact sheet generated,/Users/estebanfelixmoran/Desktop/Purdue/Medical_Imaging/3D-Medical-Segment-Anything/outputs/mouse_astrocytoma_zero_shot/series_qc/TVD_GBM_IC2_11311024_020111/117_20110494625498_4/contact_sheet.png,/Users/estebanfelixmoran/Desktop/Purdue/Medical_Imaging/3D-Medical-Segment-Anything/outputs/mouse_astrocytoma_zero_shot/series_qc/TVD_GBM_IC2_11311024_020111/117_20110494625498_4/metadata.json,/Users/estebanfelixmoran/Desktop/Purdue/Medical_Imaging/Datasets/Mouse-Astrocytoma-doiJNLP/mouse_astrocytoma/TVD_GBM_IC2_11311024_020111/136.4/498.4/86aeebec-e86c-4b97-9ed4-f5c5c4462cc6.dcm
TVD_GBM_IC2_11311024_020111,1.3.46.670589.11.17169.5.0.2964.2011020109561014136.4,1.3.46.670589.11.17169.5.0.5800.2011020111194384522.4,T1_FFE_Cor_PreC SENSE,T1_FFE_Cor_PreC SENSE,ORIGINAL\PRIMARY\M_FFE\M\FFE,256,256,0.117188\0.117188,0.5,0.25,48,48,1,256x256x48,primary anatomical,full TSE or coronal T1 anatomical acquisition,contact sheet generated,/Users/estebanfelixmoran/Desktop/Purdue/Medical_Imaging/3D-Medical-Segment-Anything/outputs/mouse_astrocytoma_zero_shot/series_qc/TVD_GBM_IC2_11311024_020111/118_20111194384522_4/contact_sheet.png,/Users/estebanfelixmoran/Desktop/Purdue/Medical_Imaging/3D-Medical-Segment-Anything/outputs/mouse_astrocytoma_zero_shot/series_qc/TVD_GBM_IC2_11311024_020111/118_20111194384522_4/metadata.json,/Users/estebanfelixmoran/Desktop/Purdue/Medical_Imaging/Datasets/Mouse-Astrocytoma-doiJNLP/mouse_astrocytoma/TVD_GBM_IC2_11311024_020111/136.4/522.4/a262ad4f-ed78-4633-ad22-1342d1858e93.dcm
TVD_GBM_IC2_11311024_020111,1.3.46.670589.11.17169.5.0.2964.2011020109561014136.4,1.3.46.670589.11.17169.5.0.5800.2011020111272084549.4,T1_FFE_PreFA5 SENSE,T1_FFE_PreFA5 SENSE,ORIGINAL\PRIMARY\M_FFE\M\FFE,132,132,0.227273\0.227273,1.0,1.0,12,12,1,132x132x12,secondary anatomical,low-flip-angle anatomical reference,contact sheet generated,/Users/estebanfelixmoran/Desktop/Purdue/Medical_Imaging/3D-Medical-Segment-Anything/outputs/mouse_astrocytoma_zero_shot/series_qc/TVD_GBM_IC2_11311024_020111/119_20111272084549_4/contact_sheet.png,/Users/estebanfelixmoran/Desktop/Purdue/Medical_Imaging/3D-Medical-Segment-Anything/outputs/mouse_astrocytoma_zero_shot/series_qc/TVD_GBM_IC2_11311024_020111/119_20111272084549_4/metadata.json,/Users/estebanfelixmoran/Desktop/Purdue/Medical_Imaging/Datasets/Mouse-Astrocytoma-doiJNLP/mouse_astrocytoma/TVD_GBM_IC2_11311024_020111/136.4/549.4/d50d1ed4-f998-44fb-a71e-93bf54288944.dcm
TVD_GBM_IC2_11311024_020111,1.3.46.670589.11.17169.5.0.2964.2011020109561014136.4,1.3.46.670589.11.17169.5.0.5800.2011020111293426627.4,Dyn22s_AP_TR9/TE3 SENSE,Dyn22s_AP_TR9/TE3 SENSE,ORIGINAL\PRIMARY\M_FFE\M\FFE,132,132,0.227273\0.227273,1.0,1.0,600,12,50,132x132x12,dynamic,50 repeated images per spatial position,contact sheet generated,/Users/estebanfelixmoran/Desktop/Purdue/Medical_Imaging/3D-Medical-Segment-Anything/outputs/mouse_astrocytoma_zero_shot/series_qc/TVD_GBM_IC2_11311024_020111/120_20111293426627_4/contact_sheet.png,/Users/estebanfelixmoran/Desktop/Purdue/Medical_Imaging/3D-Medical-Segment-Anything/outputs/mouse_astrocytoma_zero_shot/series_qc/TVD_GBM_IC2_11311024_020111/120_20111293426627_4/metadata.json,/Users/estebanfelixmoran/Desktop/Purdue/Medical_Imaging/Datasets/Mouse-Astrocytoma-doiJNLP/mouse_astrocytoma/TVD_GBM_IC2_11311024_020111/136.4/627.4/56caf2b1-1b7f-4de2-ab64-d7cd31aeecef.dcm
TVD_GBM_IC2_11311024_020111,1.3.46.670589.11.17169.5.0.2964.2011020109561014136.4,1.3.46.670589.11.17169.5.0.5800.2011020111480776836.4,T1_FFE_Cor_PostC SENSE,T1_FFE_Cor_PostC SENSE,ORIGINAL\PRIMARY\M_FFE\M\FFE,256,256,0.117188\0.117188,0.5,0.25,48,48,1,256x256x48,primary anatomical,full TSE or coronal T1 anatomical acquisition,contact sheet generated,/Users/estebanfelixmoran/Desktop/Purdue/Medical_Imaging/3D-Medical-Segment-Anything/outputs/mouse_astrocytoma_zero_shot/series_qc/TVD_GBM_IC2_11311024_020111/121_20111480776836_4/contact_sheet.png,/Users/estebanfelixmoran/Desktop/Purdue/Medical_Imaging/3D-Medical-Segment-Anything/outputs/mouse_astrocytoma_zero_shot/series_qc/TVD_GBM_IC2_11311024_020111/121_20111480776836_4/metadata.json,/Users/estebanfelixmoran/Desktop/Purdue/Medical_Imaging/Datasets/Mouse-Astrocytoma-doiJNLP/mouse_astrocytoma/TVD_GBM_IC2_11311024_020111/136.4/836.4/f02010fd-d88b-46f3-8f16-7ce76846a67d.dcm
TVD_GBM_IC2_11311045_022311,1.3.46.670589.11.17169.5.0.4584.2011022312420330645.2,1.3.46.670589.11.17169.5.0.2416.2012020612001246000.2,sT1_FFE_Subtr,sT1_FFE_Subtr,ORIGINAL\PRIMARY\M_FFE\M\FFE,256,256,0.117188\0.117188,0.5,0.25,48,48,1,256x256x48,subtraction,subtraction series,contact sheet generated,/Users/estebanfelixmoran/Desktop/Purdue/Medical_Imaging/3D-Medical-Segment-Anything/outputs/mouse_astrocytoma_zero_shot/series_qc/TVD_GBM_IC2_11311045_022311/122_20612001246000_2/contact_sheet.png,/Users/estebanfelixmoran/Desktop/Purdue/Medical_Imaging/3D-Medical-Segment-Anything/outputs/mouse_astrocytoma_zero_shot/series_qc/TVD_GBM_IC2_11311045_022311/122_20612001246000_2/metadata.json,/Users/estebanfelixmoran/Desktop/Purdue/Medical_Imaging/Datasets/Mouse-Astrocytoma-doiJNLP/mouse_astrocytoma/TVD_GBM_IC2_11311045_022311/645.2/000.2/bb71049f-0b76-4221-87ea-668565ef4dde.dcm
TVD_GBM_IC2_11311045_022311,1.3.46.670589.11.17169.5.0.4584.2011022312420330645.2,1.3.46.670589.11.17169.5.0.4564.2011022313341397935.2,TSE_100_Cor_P4 SENSE,TSE_100_Cor_P4 SENSE,ORIGINAL\PRIMARY\M_SE\M\SE,256,256,0.117188\0.117188,0.5,0.5,30,30,1,256x256x30,primary anatomical,full TSE or coronal T1 anatomical acquisition,contact sheet generated,/Users/estebanfelixmoran/Desktop/Purdue/Medical_Imaging/3D-Medical-Segment-Anything/outputs/mouse_astrocytoma_zero_shot/series_qc/TVD_GBM_IC2_11311045_022311/123_22313341397935_2/contact_sheet.png,/Users/estebanfelixmoran/Desktop/Purdue/Medical_Imaging/3D-Medical-Segment-Anything/outputs/mouse_astrocytoma_zero_shot/series_qc/TVD_GBM_IC2_11311045_022311/123_22313341397935_2/metadata.json,/Users/estebanfelixmoran/Desktop/Purdue/Medical_Imaging/Datasets/Mouse-Astrocytoma-doiJNLP/mouse_astrocytoma/TVD_GBM_IC2_11311045_022311/645.2/935.2/da54d6bd-a46c-4bc3-9980-3f1f66bcbf15.dcm
TVD_GBM_IC2_11311045_022311,1.3.46.670589.11.17169.5.0.4584.2011022312420330645.2,1.3.46.670589.11.17169.5.0.4564.2011022314041191960.2,T1_FFE_Cor_PreC SENSE,T1_FFE_Cor_PreC SENSE,ORIGINAL\PRIMARY\M_FFE\M\FFE,256,256,0.117188\0.117188,0.5,0.25,48,48,1,256x256x48,primary anatomical,full TSE or coronal T1 anatomical acquisition,contact sheet generated,/Users/estebanfelixmoran/Desktop/Purdue/Medical_Imaging/3D-Medical-Segment-Anything/outputs/mouse_astrocytoma_zero_shot/series_qc/TVD_GBM_IC2_11311045_022311/124_22314041191960_2/contact_sheet.png,/Users/estebanfelixmoran/Desktop/Purdue/Medical_Imaging/3D-Medical-Segment-Anything/outputs/mouse_astrocytoma_zero_shot/series_qc/TVD_GBM_IC2_11311045_022311/124_22314041191960_2/metadata.json,/Users/estebanfelixmoran/Desktop/Purdue/Medical_Imaging/Datasets/Mouse-Astrocytoma-doiJNLP/mouse_astrocytoma/TVD_GBM_IC2_11311045_022311/645.2/960.2/af00c35d-077d-4d9e-92c9-7417632ba286.dcm
TVD_GBM_IC2_11311045_022311,1.3.46.670589.11.17169.5.0.4584.2011022312420330645.2,1.3.46.670589.11.17169.5.0.4564.2011022314114860986.2,T1_FFE_PreFA5 SENSE,T1_FFE_PreFA5 SENSE,ORIGINAL\PRIMARY\M_FFE\M\FFE,132,132,0.227273\0.227273,1.0,1.0,12,12,1,132x132x12,secondary anatomical,low-flip-angle anatomical reference,contact sheet generated,/Users/estebanfelixmoran/Desktop/Purdue/Medical_Imaging/3D-Medical-Segment-Anything/outputs/mouse_astrocytoma_zero_shot/series_qc/TVD_GBM_IC2_11311045_022311/125_22314114860986_2/contact_sheet.png,/Users/estebanfelixmoran/Desktop/Purdue/Medical_Imaging/3D-Medical-Segment-Anything/outputs/mouse_astrocytoma_zero_shot/series_qc/TVD_GBM_IC2_11311045_022311/125_22314114860986_2/metadata.json,/Users/estebanfelixmoran/Desktop/Purdue/Medical_Imaging/Datasets/Mouse-Astrocytoma-doiJNLP/mouse_astrocytoma/TVD_GBM_IC2_11311045_022311/645.2/986.2/f698aad2-fff8-46f9-99b2-0f592e5d7e1a.dcm
TVD_GBM_IC2_11311045_022311,1.3.46.670589.11.17169.5.0.4584.2011022312420330645.2,1.3.46.670589.11.17169.5.0.4564.2011022314134221063.2,Dyn22s_AP_TR9/TE3 SENSE,Dyn22s_AP_TR9/TE3 SENSE,ORIGINAL\PRIMARY\M_FFE\M\FFE,132,132,0.227273\0.227273,1.0,1.0,600,12,50,132x132x12,dynamic,50 repeated images per spatial position,contact sheet generated,/Users/estebanfelixmoran/Desktop/Purdue/Medical_Imaging/3D-Medical-Segment-Anything/outputs/mouse_astrocytoma_zero_shot/series_qc/TVD_GBM_IC2_11311045_022311/126_22314134221063_2/contact_sheet.png,/Users/estebanfelixmoran/Desktop/Purdue/Medical_Imaging/3D-Medical-Segment-Anything/outputs/mouse_astrocytoma_zero_shot/series_qc/TVD_GBM_IC2_11311045_022311/126_22314134221063_2/metadata.json,/Users/estebanfelixmoran/Desktop/Purdue/Medical_Imaging/Datasets/Mouse-Astrocytoma-doiJNLP/mouse_astrocytoma/TVD_GBM_IC2_11311045_022311/645.2/063.2/6c224f06-3744-4877-8cb9-7838a915b7d1.dcm
TVD_GBM_IC2_11311045_022311,1.3.46.670589.11.17169.5.0.4584.2011022312420330645.2,1.3.46.670589.11.17169.5.0.4564.2011022314321557272.2,T1_FFE_Cor_PostC SENSE,T1_FFE_Cor_PostC SENSE,ORIGINAL\PRIMARY\M_FFE\M\FFE,256,256,0.117188\0.117188,0.5,0.25,48,48,1,256x256x48,primary anatomical,full TSE or coronal T1 anatomical acquisition,contact sheet generated,/Users/estebanfelixmoran/Desktop/Purdue/Medical_Imaging/3D-Medical-Segment-Anything/outputs/mouse_astrocytoma_zero_shot/series_qc/TVD_GBM_IC2_11311045_022311/127_22314321557272_2/contact_sheet.png,/Users/estebanfelixmoran/Desktop/Purdue/Medical_Imaging/3D-Medical-Segment-Anything/outputs/mouse_astrocytoma_zero_shot/series_qc/TVD_GBM_IC2_11311045_022311/127_22314321557272_2/metadata.json,/Users/estebanfelixmoran/Desktop/Purdue/Medical_Imaging/Datasets/Mouse-Astrocytoma-doiJNLP/mouse_astrocytoma/TVD_GBM_IC2_11311045_022311/645.2/272.2/cbd5a6ee-2cad-4c8b-8f2c-5a6891d937c0.dcm
TVD_GBM_IC2_11311059_021811,1.3.46.670589.11.17169.5.0.4584.2011021811534083539.1,1.3.46.670589.11.17169.5.0.4564.2011021812452733404.1,TSE_100_Cor_P4 SENSE,TSE_100_Cor_P4 SENSE,ORIGINAL\PRIMARY\M_SE\M\SE,256,256,0.117188\0.117188,0.5,0.5,30,30,1,256x256x30,primary anatomical,full TSE or coronal T1 anatomical acquisition,contact sheet generated,/Users/estebanfelixmoran/Desktop/Purdue/Medical_Imaging/3D-Medical-Segment-Anything/outputs/mouse_astrocytoma_zero_shot/series_qc/TVD_GBM_IC2_11311059_021811/128_21812452733404_1/contact_sheet.png,/Users/estebanfelixmoran/Desktop/Purdue/Medical_Imaging/3D-Medical-Segment-Anything/outputs/mouse_astrocytoma_zero_shot/series_qc/TVD_GBM_IC2_11311059_021811/128_21812452733404_1/metadata.json,/Users/estebanfelixmoran/Desktop/Purdue/Medical_Imaging/Datasets/Mouse-Astrocytoma-doiJNLP/mouse_astrocytoma/TVD_GBM_IC2_11311059_021811/539.1/404.1/1bd9f8ac-f4df-4994-acd8-6964365d1df7.dcm
TVD_GBM_IC2_11311059_021811,1.3.46.670589.11.17169.5.0.4584.2011021811534083539.1,1.3.46.670589.11.17169.5.0.4564.2011021813152497428.1,T1_FFE_Cor_PreC SENSE,T1_FFE_Cor_PreC SENSE,ORIGINAL\PRIMARY\M_FFE\M\FFE,256,256,0.117188\0.117188,0.5,0.25,48,48,1,256x256x48,primary anatomical,full TSE or coronal T1 anatomical acquisition,contact sheet generated,/Users/estebanfelixmoran/Desktop/Purdue/Medical_Imaging/3D-Medical-Segment-Anything/outputs/mouse_astrocytoma_zero_shot/series_qc/TVD_GBM_IC2_11311059_021811/129_21813152497428_1/contact_sheet.png,/Users/estebanfelixmoran/Desktop/Purdue/Medical_Imaging/3D-Medical-Segment-Anything/outputs/mouse_astrocytoma_zero_shot/series_qc/TVD_GBM_IC2_11311059_021811/129_21813152497428_1/metadata.json,/Users/estebanfelixmoran/Desktop/Purdue/Medical_Imaging/Datasets/Mouse-Astrocytoma-doiJNLP/mouse_astrocytoma/TVD_GBM_IC2_11311059_021811/539.1/428.1/aa794796-fa50-46cd-8252-f93b3cc6fd9b.dcm
TVD_GBM_IC2_11311059_021811,1.3.46.670589.11.17169.5.0.4584.2011021811534083539.1,1.3.46.670589.11.17169.5.0.4564.2011021813275085512.1,T1_FFE_PreFA5 SENSE,T1_FFE_PreFA5 SENSE,ORIGINAL\PRIMARY\M_FFE\M\FFE,132,132,0.227273\0.227273,1.0,1.0,12,12,1,132x132x12,secondary anatomical,low-flip-angle anatomical reference,contact sheet generated,/Users/estebanfelixmoran/Desktop/Purdue/Medical_Imaging/3D-Medical-Segment-Anything/outputs/mouse_astrocytoma_zero_shot/series_qc/TVD_GBM_IC2_11311059_021811/130_21813275085512_1/contact_sheet.png,/Users/estebanfelixmoran/Desktop/Purdue/Medical_Imaging/3D-Medical-Segment-Anything/outputs/mouse_astrocytoma_zero_shot/series_qc/TVD_GBM_IC2_11311059_021811/130_21813275085512_1/metadata.json,/Users/estebanfelixmoran/Desktop/Purdue/Medical_Imaging/Datasets/Mouse-Astrocytoma-doiJNLP/mouse_astrocytoma/TVD_GBM_IC2_11311059_021811/539.1/512.1/6c214130-375b-4190-84ba-be13416db521.dcm
TVD_GBM_IC2_11311059_021811,1.3.46.670589.11.17169.5.0.4584.2011021811534083539.1,1.3.46.670589.11.17169.5.0.4564.2011021813282453533.1,Dyn22s_AP_TR9/TE3 SENSE,Dyn22s_AP_TR9/TE3 SENSE,ORIGINAL\PRIMARY\M_FFE\M\FFE,132,132,0.227273\0.227273,1.0,1.0,600,12,50,132x132x12,dynamic,50 repeated images per spatial position,contact sheet generated,/Users/estebanfelixmoran/Desktop/Purdue/Medical_Imaging/3D-Medical-Segment-Anything/outputs/mouse_astrocytoma_zero_shot/series_qc/TVD_GBM_IC2_11311059_021811/131_21813282453533_1/contact_sheet.png,/Users/estebanfelixmoran/Desktop/Purdue/Medical_Imaging/3D-Medical-Segment-Anything/outputs/mouse_astrocytoma_zero_shot/series_qc/TVD_GBM_IC2_11311059_021811/131_21813282453533_1/metadata.json,/Users/estebanfelixmoran/Desktop/Purdue/Medical_Imaging/Datasets/Mouse-Astrocytoma-doiJNLP/mouse_astrocytoma/TVD_GBM_IC2_11311059_021811/539.1/533.1/0a0f9497-3d76-4abf-9222-8660542dfcfc.dcm
TVD_GBM_IC2_11311059_021811,1.3.46.670589.11.17169.5.0.4584.2011021811534083539.1,1.3.46.670589.11.17169.5.0.4564.2011021813465799742.1,T1_FFE_Cor_PostC SENSE,T1_FFE_Cor_PostC SENSE,ORIGINAL\PRIMARY\M_FFE\M\FFE,256,256,0.117188\0.117188,0.5,0.25,48,48,1,256x256x48,primary anatomical,full TSE or coronal T1 anatomical acquisition,contact sheet generated,/Users/estebanfelixmoran/Desktop/Purdue/Medical_Imaging/3D-Medical-Segment-Anything/outputs/mouse_astrocytoma_zero_shot/series_qc/TVD_GBM_IC2_11311059_021811/132_21813465799742_1/contact_sheet.png,/Users/estebanfelixmoran/Desktop/Purdue/Medical_Imaging/3D-Medical-Segment-Anything/outputs/mouse_astrocytoma_zero_shot/series_qc/TVD_GBM_IC2_11311059_021811/132_21813465799742_1/metadata.json,/Users/estebanfelixmoran/Desktop/Purdue/Medical_Imaging/Datasets/Mouse-Astrocytoma-doiJNLP/mouse_astrocytoma/TVD_GBM_IC2_11311059_021811/539.1/742.1/4ed65a39-5b4b-4b15-9786-6b8d8779aeca.dcm
TVD_GBM_IC2_11311059_021811,1.3.46.670589.11.17169.5.0.4584.2011021811534083539.1,1.3.46.670589.11.17169.5.0.9496.2012020611365541000.1,sT1_FFE_Subtr,sT1_FFE_Subtr,ORIGINAL\PRIMARY\M_FFE\M\FFE,256,256,0.117188\0.117188,0.5,0.25,48,48,1,256x256x48,subtraction,subtraction series,contact sheet generated,/Users/estebanfelixmoran/Desktop/Purdue/Medical_Imaging/3D-Medical-Segment-Anything/outputs/mouse_astrocytoma_zero_shot/series_qc/TVD_GBM_IC2_11311059_021811/133_20611365541000_1/contact_sheet.png,/Users/estebanfelixmoran/Desktop/Purdue/Medical_Imaging/3D-Medical-Segment-Anything/outputs/mouse_astrocytoma_zero_shot/series_qc/TVD_GBM_IC2_11311059_021811/133_20611365541000_1/metadata.json,/Users/estebanfelixmoran/Desktop/Purdue/Medical_Imaging/Datasets/Mouse-Astrocytoma-doiJNLP/mouse_astrocytoma/TVD_GBM_IC2_11311059_021811/539.1/000.1/ec11e90c-76fd-4143-be75-56b25baed12c.dcm
TVD_GBM_IC2_11311061_021811,1.3.46.670589.11.17169.5.0.4584.2011021811534083539.2,1.3.46.670589.11.17169.5.0.4564.2011021812452733404.2,TSE_100_Cor_P4 SENSE,TSE_100_Cor_P4 SENSE,ORIGINAL\PRIMARY\M_SE\M\SE,256,256,0.117188\0.117188,0.5,0.5,30,30,1,256x256x30,primary anatomical,full TSE or coronal T1 anatomical acquisition,contact sheet generated,/Users/estebanfelixmoran/Desktop/Purdue/Medical_Imaging/3D-Medical-Segment-Anything/outputs/mouse_astrocytoma_zero_shot/series_qc/TVD_GBM_IC2_11311061_021811/134_21812452733404_2/contact_sheet.png,/Users/estebanfelixmoran/Desktop/Purdue/Medical_Imaging/3D-Medical-Segment-Anything/outputs/mouse_astrocytoma_zero_shot/series_qc/TVD_GBM_IC2_11311061_021811/134_21812452733404_2/metadata.json,/Users/estebanfelixmoran/Desktop/Purdue/Medical_Imaging/Datasets/Mouse-Astrocytoma-doiJNLP/mouse_astrocytoma/TVD_GBM_IC2_11311061_021811/539.2/404.2/844958b9-6bac-4add-a26e-756324c4460b.dcm
TVD_GBM_IC2_11311061_021811,1.3.46.670589.11.17169.5.0.4584.2011021811534083539.2,1.3.46.670589.11.17169.5.0.4564.2011021813152497428.2,T1_FFE_Cor_PreC SENSE,T1_FFE_Cor_PreC SENSE,ORIGINAL\PRIMARY\M_FFE\M\FFE,256,256,0.117188\0.117188,0.5,0.25,48,48,1,256x256x48,primary anatomical,full TSE or coronal T1 anatomical acquisition,contact sheet generated,/Users/estebanfelixmoran/Desktop/Purdue/Medical_Imaging/3D-Medical-Segment-Anything/outputs/mouse_astrocytoma_zero_shot/series_qc/TVD_GBM_IC2_11311061_021811/135_21813152497428_2/contact_sheet.png,/Users/estebanfelixmoran/Desktop/Purdue/Medical_Imaging/3D-Medical-Segment-Anything/outputs/mouse_astrocytoma_zero_shot/series_qc/TVD_GBM_IC2_11311061_021811/135_21813152497428_2/metadata.json,/Users/estebanfelixmoran/Desktop/Purdue/Medical_Imaging/Datasets/Mouse-Astrocytoma-doiJNLP/mouse_astrocytoma/TVD_GBM_IC2_11311061_021811/539.2/428.2/da4f4ac3-4cb9-4bdc-ae62-29a2d4fc7105.dcm
TVD_GBM_IC2_11311061_021811,1.3.46.670589.11.17169.5.0.4584.2011021811534083539.2,1.3.46.670589.11.17169.5.0.4564.2011021813275085512.2,T1_FFE_PreFA5 SENSE,T1_FFE_PreFA5 SENSE,ORIGINAL\PRIMARY\M_FFE\M\FFE,132,132,0.227273\0.227273,1.0,1.0,12,12,1,132x132x12,secondary anatomical,low-flip-angle anatomical reference,contact sheet generated,/Users/estebanfelixmoran/Desktop/Purdue/Medical_Imaging/3D-Medical-Segment-Anything/outputs/mouse_astrocytoma_zero_shot/series_qc/TVD_GBM_IC2_11311061_021811/136_21813275085512_2/contact_sheet.png,/Users/estebanfelixmoran/Desktop/Purdue/Medical_Imaging/3D-Medical-Segment-Anything/outputs/mouse_astrocytoma_zero_shot/series_qc/TVD_GBM_IC2_11311061_021811/136_21813275085512_2/metadata.json,/Users/estebanfelixmoran/Desktop/Purdue/Medical_Imaging/Datasets/Mouse-Astrocytoma-doiJNLP/mouse_astrocytoma/TVD_GBM_IC2_11311061_021811/539.2/512.2/393624d0-0cc7-4d11-a921-368dd1c5526b.dcm
TVD_GBM_IC2_11311061_021811,1.3.46.670589.11.17169.5.0.4584.2011021811534083539.2,1.3.46.670589.11.17169.5.0.4564.2011021813282453533.2,Dyn22s_AP_TR9/TE3 SENSE,Dyn22s_AP_TR9/TE3 SENSE,ORIGINAL\PRIMARY\M_FFE\M\FFE,132,132,0.227273\0.227273,1.0,1.0,600,12,50,132x132x12,dynamic,50 repeated images per spatial position,contact sheet generated,/Users/estebanfelixmoran/Desktop/Purdue/Medical_Imaging/3D-Medical-Segment-Anything/outputs/mouse_astrocytoma_zero_shot/series_qc/TVD_GBM_IC2_11311061_021811/137_21813282453533_2/contact_sheet.png,/Users/estebanfelixmoran/Desktop/Purdue/Medical_Imaging/3D-Medical-Segment-Anything/outputs/mouse_astrocytoma_zero_shot/series_qc/TVD_GBM_IC2_11311061_021811/137_21813282453533_2/metadata.json,/Users/estebanfelixmoran/Desktop/Purdue/Medical_Imaging/Datasets/Mouse-Astrocytoma-doiJNLP/mouse_astrocytoma/TVD_GBM_IC2_11311061_021811/539.2/533.2/9ad290aa-4b23-4d9a-96d2-df57fc301ee6.dcm
TVD_GBM_IC2_11311061_021811,1.3.46.670589.11.17169.5.0.4584.2011021811534083539.2,1.3.46.670589.11.17169.5.0.4564.2011021813465799742.2,T1_FFE_Cor_PostC SENSE,T1_FFE_Cor_PostC SENSE,ORIGINAL\PRIMARY\M_FFE\M\FFE,256,256,0.117188\0.117188,0.5,0.25,48,48,1,256x256x48,primary anatomical,full TSE or coronal T1 anatomical acquisition,contact sheet generated,/Users/estebanfelixmoran/Desktop/Purdue/Medical_Imaging/3D-Medical-Segment-Anything/outputs/mouse_astrocytoma_zero_shot/series_qc/TVD_GBM_IC2_11311061_021811/138_21813465799742_2/contact_sheet.png,/Users/estebanfelixmoran/Desktop/Purdue/Medical_Imaging/3D-Medical-Segment-Anything/outputs/mouse_astrocytoma_zero_shot/series_qc/TVD_GBM_IC2_11311061_021811/138_21813465799742_2/metadata.json,/Users/estebanfelixmoran/Desktop/Purdue/Medical_Imaging/Datasets/Mouse-Astrocytoma-doiJNLP/mouse_astrocytoma/TVD_GBM_IC2_11311061_021811/539.2/742.2/45c864f9-db46-4e82-bb1b-10f617d49c79.dcm
TVD_GBM_IC2_11311061_021811,1.3.46.670589.11.17169.5.0.4584.2011021811534083539.2,1.3.46.670589.11.17169.5.0.9496.2012020611365541000.2,sT1_FFE_Subtr,sT1_FFE_Subtr,ORIGINAL\PRIMARY\M_FFE\M\FFE,256,256,0.117188\0.117188,0.5,0.25,48,48,1,256x256x48,subtraction,subtraction series,contact sheet generated,/Users/estebanfelixmoran/Desktop/Purdue/Medical_Imaging/3D-Medical-Segment-Anything/outputs/mouse_astrocytoma_zero_shot/series_qc/TVD_GBM_IC2_11311061_021811/139_20611365541000_2/contact_sheet.png,/Users/estebanfelixmoran/Desktop/Purdue/Medical_Imaging/3D-Medical-Segment-Anything/outputs/mouse_astrocytoma_zero_shot/series_qc/TVD_GBM_IC2_11311061_021811/139_20611365541000_2/metadata.json,/Users/estebanfelixmoran/Desktop/Purdue/Medical_Imaging/Datasets/Mouse-Astrocytoma-doiJNLP/mouse_astrocytoma/TVD_GBM_IC2_11311061_021811/539.2/000.2/ea4a75fe-e2ae-4a95-8ba2-6c60d32975ca.dcm
TVD_GBM_IC2_11311063_021811,1.3.46.670589.11.17169.5.0.4584.2011021811534083539.3,1.3.46.670589.11.17169.5.0.4564.2011021812452733404.3,TSE_100_Cor_P4 SENSE,TSE_100_Cor_P4 SENSE,ORIGINAL\PRIMARY\M_SE\M\SE,256,256,0.117188\0.117188,0.5,0.5,30,30,1,256x256x30,primary anatomical,full TSE or coronal T1 anatomical acquisition,contact sheet generated,/Users/estebanfelixmoran/Desktop/Purdue/Medical_Imaging/3D-Medical-Segment-Anything/outputs/mouse_astrocytoma_zero_shot/series_qc/TVD_GBM_IC2_11311063_021811/140_21812452733404_3/contact_sheet.png,/Users/estebanfelixmoran/Desktop/Purdue/Medical_Imaging/3D-Medical-Segment-Anything/outputs/mouse_astrocytoma_zero_shot/series_qc/TVD_GBM_IC2_11311063_021811/140_21812452733404_3/metadata.json,/Users/estebanfelixmoran/Desktop/Purdue/Medical_Imaging/Datasets/Mouse-Astrocytoma-doiJNLP/mouse_astrocytoma/TVD_GBM_IC2_11311063_021811/539.3/404.3/421079f3-b5c8-44a8-ad2b-21905d9672b5.dcm
TVD_GBM_IC2_11311063_021811,1.3.46.670589.11.17169.5.0.4584.2011021811534083539.3,1.3.46.670589.11.17169.5.0.4564.2011021813152497428.3,T1_FFE_Cor_PreC SENSE,T1_FFE_Cor_PreC SENSE,ORIGINAL\PRIMARY\M_FFE\M\FFE,256,256,0.117188\0.117188,0.5,0.25,48,48,1,256x256x48,primary anatomical,full TSE or coronal T1 anatomical acquisition,contact sheet generated,/Users/estebanfelixmoran/Desktop/Purdue/Medical_Imaging/3D-Medical-Segment-Anything/outputs/mouse_astrocytoma_zero_shot/series_qc/TVD_GBM_IC2_11311063_021811/141_21813152497428_3/contact_sheet.png,/Users/estebanfelixmoran/Desktop/Purdue/Medical_Imaging/3D-Medical-Segment-Anything/outputs/mouse_astrocytoma_zero_shot/series_qc/TVD_GBM_IC2_11311063_021811/141_21813152497428_3/metadata.json,/Users/estebanfelixmoran/Desktop/Purdue/Medical_Imaging/Datasets/Mouse-Astrocytoma-doiJNLP/mouse_astrocytoma/TVD_GBM_IC2_11311063_021811/539.3/428.3/fe0c9aa1-cb12-4c87-a9d6-98bb407cc6c6.dcm
TVD_GBM_IC2_11311063_021811,1.3.46.670589.11.17169.5.0.4584.2011021811534083539.3,1.3.46.670589.11.17169.5.0.4564.2011021813275085512.3,T1_FFE_PreFA5 SENSE,T1_FFE_PreFA5 SENSE,ORIGINAL\PRIMARY\M_FFE\M\FFE,132,132,0.227273\0.227273,1.0,1.0,12,12,1,132x132x12,secondary anatomical,low-flip-angle anatomical reference,contact sheet generated,/Users/estebanfelixmoran/Desktop/Purdue/Medical_Imaging/3D-Medical-Segment-Anything/outputs/mouse_astrocytoma_zero_shot/series_qc/TVD_GBM_IC2_11311063_021811/142_21813275085512_3/contact_sheet.png,/Users/estebanfelixmoran/Desktop/Purdue/Medical_Imaging/3D-Medical-Segment-Anything/outputs/mouse_astrocytoma_zero_shot/series_qc/TVD_GBM_IC2_11311063_021811/142_21813275085512_3/metadata.json,/Users/estebanfelixmoran/Desktop/Purdue/Medical_Imaging/Datasets/Mouse-Astrocytoma-doiJNLP/mouse_astrocytoma/TVD_GBM_IC2_11311063_021811/539.3/512.3/db7d683c-536f-4e79-9ffc-46b3a78b2dd7.dcm
TVD_GBM_IC2_11311063_021811,1.3.46.670589.11.17169.5.0.4584.2011021811534083539.3,1.3.46.670589.11.17169.5.0.4564.2011021813282453533.3,Dyn22s_AP_TR9/TE3 SENSE,Dyn22s_AP_TR9/TE3 SENSE,ORIGINAL\PRIMARY\M_FFE\M\FFE,132,132,0.227273\0.227273,1.0,1.0,600,12,50,132x132x12,dynamic,50 repeated images per spatial position,contact sheet generated,/Users/estebanfelixmoran/Desktop/Purdue/Medical_Imaging/3D-Medical-Segment-Anything/outputs/mouse_astrocytoma_zero_shot/series_qc/TVD_GBM_IC2_11311063_021811/143_21813282453533_3/contact_sheet.png,/Users/estebanfelixmoran/Desktop/Purdue/Medical_Imaging/3D-Medical-Segment-Anything/outputs/mouse_astrocytoma_zero_shot/series_qc/TVD_GBM_IC2_11311063_021811/143_21813282453533_3/metadata.json,/Users/estebanfelixmoran/Desktop/Purdue/Medical_Imaging/Datasets/Mouse-Astrocytoma-doiJNLP/mouse_astrocytoma/TVD_GBM_IC2_11311063_021811/539.3/533.3/5dbca58e-0d7e-4ea6-98a2-43e93dea0384.dcm
TVD_GBM_IC2_11311063_021811,1.3.46.670589.11.17169.5.0.4584.2011021811534083539.3,1.3.46.670589.11.17169.5.0.4564.2011021813465799742.3,T1_FFE_Cor_PostC SENSE,T1_FFE_Cor_PostC SENSE,ORIGINAL\PRIMARY\M_FFE\M\FFE,256,256,0.117188\0.117188,0.5,0.25,48,48,1,256x256x48,primary anatomical,full TSE or coronal T1 anatomical acquisition,contact sheet generated,/Users/estebanfelixmoran/Desktop/Purdue/Medical_Imaging/3D-Medical-Segment-Anything/outputs/mouse_astrocytoma_zero_shot/series_qc/TVD_GBM_IC2_11311063_021811/144_21813465799742_3/contact_sheet.png,/Users/estebanfelixmoran/Desktop/Purdue/Medical_Imaging/3D-Medical-Segment-Anything/outputs/mouse_astrocytoma_zero_shot/series_qc/TVD_GBM_IC2_11311063_021811/144_21813465799742_3/metadata.json,/Users/estebanfelixmoran/Desktop/Purdue/Medical_Imaging/Datasets/Mouse-Astrocytoma-doiJNLP/mouse_astrocytoma/TVD_GBM_IC2_11311063_021811/539.3/742.3/62093c65-aad1-4775-8aa4-6d22fd16c9bf.dcm
TVD_GBM_IC2_11311063_021811,1.3.46.670589.11.17169.5.0.4584.2011021811534083539.3,1.3.46.670589.11.17169.5.0.9496.2012020611365541000.3,sT1_FFE_Subtr,sT1_FFE_Subtr,ORIGINAL\PRIMARY\M_FFE\M\FFE,256,256,0.117188\0.117188,0.5,0.25,48,48,1,256x256x48,subtraction,subtraction series,contact sheet generated,/Users/estebanfelixmoran/Desktop/Purdue/Medical_Imaging/3D-Medical-Segment-Anything/outputs/mouse_astrocytoma_zero_shot/series_qc/TVD_GBM_IC2_11311063_021811/145_20611365541000_3/contact_sheet.png,/Users/estebanfelixmoran/Desktop/Purdue/Medical_Imaging/3D-Medical-Segment-Anything/outputs/mouse_astrocytoma_zero_shot/series_qc/TVD_GBM_IC2_11311063_021811/145_20611365541000_3/metadata.json,/Users/estebanfelixmoran/Desktop/Purdue/Medical_Imaging/Datasets/Mouse-Astrocytoma-doiJNLP/mouse_astrocytoma/TVD_GBM_IC2_11311063_021811/539.3/000.3/074d2612-1a30-4305-b265-b374e12b7a11.dcm
TVD_GBM_IC2_11311070_021811,1.3.46.670589.11.17169.5.0.4584.2011021813241574561.1,1.3.46.670589.11.17169.5.0.4564.2011021814190958965.1,TSE_100_Cor_P4 SENSE,TSE_100_Cor_P4 SENSE,ORIGINAL\PRIMARY\M_SE\M\SE,256,256,0.117188\0.117188,0.5,0.5,30,30,1,256x256x30,primary anatomical,full TSE or coronal T1 anatomical acquisition,contact sheet generated,/Users/estebanfelixmoran/Desktop/Purdue/Medical_Imaging/3D-Medical-Segment-Anything/outputs/mouse_astrocytoma_zero_shot/series_qc/TVD_GBM_IC2_11311070_021811/146_21814190958965_1/contact_sheet.png,/Users/estebanfelixmoran/Desktop/Purdue/Medical_Imaging/3D-Medical-Segment-Anything/outputs/mouse_astrocytoma_zero_shot/series_qc/TVD_GBM_IC2_11311070_021811/146_21814190958965_1/metadata.json,/Users/estebanfelixmoran/Desktop/Purdue/Medical_Imaging/Datasets/Mouse-Astrocytoma-doiJNLP/mouse_astrocytoma/TVD_GBM_IC2_11311070_021811/561.1/965.1/c22269db-e8df-4dce-9408-8a325aad6f9e.dcm
TVD_GBM_IC2_11311070_021811,1.3.46.670589.11.17169.5.0.4584.2011021813241574561.1,1.3.46.670589.11.17169.5.0.4564.2011021814490747990.1,T1_FFE_Cor_PreC SENSE,T1_FFE_Cor_PreC SENSE,ORIGINAL\PRIMARY\M_FFE\M\FFE,256,256,0.117188\0.117188,0.5,0.25,48,48,1,256x256x48,primary anatomical,full TSE or coronal T1 anatomical acquisition,contact sheet generated,/Users/estebanfelixmoran/Desktop/Purdue/Medical_Imaging/3D-Medical-Segment-Anything/outputs/mouse_astrocytoma_zero_shot/series_qc/TVD_GBM_IC2_11311070_021811/147_21814490747990_1/contact_sheet.png,/Users/estebanfelixmoran/Desktop/Purdue/Medical_Imaging/3D-Medical-Segment-Anything/outputs/mouse_astrocytoma_zero_shot/series_qc/TVD_GBM_IC2_11311070_021811/147_21814490747990_1/metadata.json,/Users/estebanfelixmoran/Desktop/Purdue/Medical_Imaging/Datasets/Mouse-Astrocytoma-doiJNLP/mouse_astrocytoma/TVD_GBM_IC2_11311070_021811/561.1/990.1/dde49104-4d12-4f4e-92df-3eb267d0f686.dcm
TVD_GBM_IC2_11311070_021811,1.3.46.670589.11.17169.5.0.4584.2011021813241574561.1,1.3.46.670589.11.17169.5.0.4564.2011021814574974072.1,T1_FFE_PreFA5 SENSE,T1_FFE_PreFA5 SENSE,ORIGINAL\PRIMARY\M_FFE\M\FFE,132,132,0.227273\0.227273,1.0,1.0,12,12,1,132x132x12,secondary anatomical,low-flip-angle anatomical reference,contact sheet generated,/Users/estebanfelixmoran/Desktop/Purdue/Medical_Imaging/3D-Medical-Segment-Anything/outputs/mouse_astrocytoma_zero_shot/series_qc/TVD_GBM_IC2_11311070_021811/148_21814574974072_1/contact_sheet.png,/Users/estebanfelixmoran/Desktop/Purdue/Medical_Imaging/3D-Medical-Segment-Anything/outputs/mouse_astrocytoma_zero_shot/series_qc/TVD_GBM_IC2_11311070_021811/148_21814574974072_1/metadata.json,/Users/estebanfelixmoran/Desktop/Purdue/Medical_Imaging/Datasets/Mouse-Astrocytoma-doiJNLP/mouse_astrocytoma/TVD_GBM_IC2_11311070_021811/561.1/072.1/dba59a1f-3573-406d-96e7-801f3ba7788d.dcm
TVD_GBM_IC2_11311070_021811,1.3.46.670589.11.17169.5.0.4584.2011021813241574561.1,1.3.46.670589.11.17169.5.0.4564.2011021814581832093.1,Dyn22s_AP_TR9/TE3 SENSE,Dyn22s_AP_TR9/TE3 SENSE,ORIGINAL\PRIMARY\M_FFE\M\FFE,132,132,0.227273\0.227273,1.0,1.0,600,12,50,132x132x12,dynamic,50 repeated images per spatial position,contact sheet generated,/Users/estebanfelixmoran/Desktop/Purdue/Medical_Imaging/3D-Medical-Segment-Anything/outputs/mouse_astrocytoma_zero_shot/series_qc/TVD_GBM_IC2_11311070_021811/149_21814581832093_1/contact_sheet.png,/Users/estebanfelixmoran/Desktop/Purdue/Medical_Imaging/3D-Medical-Segment-Anything/outputs/mouse_astrocytoma_zero_shot/series_qc/TVD_GBM_IC2_11311070_021811/149_21814581832093_1/metadata.json,/Users/estebanfelixmoran/Desktop/Purdue/Medical_Imaging/Datasets/Mouse-Astrocytoma-doiJNLP/mouse_astrocytoma/TVD_GBM_IC2_11311070_021811/561.1/093.1/4253b85a-df23-488f-8c57-a44a445ae19e.dcm
TVD_GBM_IC2_11311070_021811,1.3.46.670589.11.17169.5.0.4584.2011021813241574561.1,1.3.46.670589.11.17169.5.0.4564.2011021815165169302.1,T1_FFE_Cor_PostC SENSE,T1_FFE_Cor_PostC SENSE,ORIGINAL\PRIMARY\M_FFE\M\FFE,256,256,0.117188\0.117188,0.5,0.25,48,48,1,256x256x48,primary anatomical,full TSE or coronal T1 anatomical acquisition,contact sheet generated,/Users/estebanfelixmoran/Desktop/Purdue/Medical_Imaging/3D-Medical-Segment-Anything/outputs/mouse_astrocytoma_zero_shot/series_qc/TVD_GBM_IC2_11311070_021811/150_21815165169302_1/contact_sheet.png,/Users/estebanfelixmoran/Desktop/Purdue/Medical_Imaging/3D-Medical-Segment-Anything/outputs/mouse_astrocytoma_zero_shot/series_qc/TVD_GBM_IC2_11311070_021811/150_21815165169302_1/metadata.json,/Users/estebanfelixmoran/Desktop/Purdue/Medical_Imaging/Datasets/Mouse-Astrocytoma-doiJNLP/mouse_astrocytoma/TVD_GBM_IC2_11311070_021811/561.1/302.1/fb1528e2-a300-4bac-a558-2f0011eb3256.dcm
TVD_GBM_IC2_11311070_021811,1.3.46.670589.11.17169.5.0.4584.2011021813241574561.1,1.3.46.670589.11.17169.5.0.9400.2012020611480849000.1,sT1_FFE_Subtr,sT1_FFE_Subtr,ORIGINAL\PRIMARY\M_FFE\M\FFE,256,256,0.117188\0.117188,0.5,0.25,48,48,1,256x256x48,subtraction,subtraction series,contact sheet generated,/Users/estebanfelixmoran/Desktop/Purdue/Medical_Imaging/3D-Medical-Segment-Anything/outputs/mouse_astrocytoma_zero_shot/series_qc/TVD_GBM_IC2_11311070_021811/151_20611480849000_1/contact_sheet.png,/Users/estebanfelixmoran/Desktop/Purdue/Medical_Imaging/3D-Medical-Segment-Anything/outputs/mouse_astrocytoma_zero_shot/series_qc/TVD_GBM_IC2_11311070_021811/151_20611480849000_1/metadata.json,/Users/estebanfelixmoran/Desktop/Purdue/Medical_Imaging/Datasets/Mouse-Astrocytoma-doiJNLP/mouse_astrocytoma/TVD_GBM_IC2_11311070_021811/561.1/000.1/6a8dedb6-baa9-4e30-9fa9-31d19109a78a.dcm
TVD_GBM_IC2_11311072_021811,1.3.46.670589.11.17169.5.0.4584.2011021813241574561.2,1.3.46.670589.11.17169.5.0.4564.2011021814190958965.2,TSE_100_Cor_P4 SENSE,TSE_100_Cor_P4 SENSE,ORIGINAL\PRIMARY\M_SE\M\SE,256,256,0.117188\0.117188,0.5,0.5,30,30,1,256x256x30,primary anatomical,full TSE or coronal T1 anatomical acquisition,contact sheet generated,/Users/estebanfelixmoran/Desktop/Purdue/Medical_Imaging/3D-Medical-Segment-Anything/outputs/mouse_astrocytoma_zero_shot/series_qc/TVD_GBM_IC2_11311072_021811/152_21814190958965_2/contact_sheet.png,/Users/estebanfelixmoran/Desktop/Purdue/Medical_Imaging/3D-Medical-Segment-Anything/outputs/mouse_astrocytoma_zero_shot/series_qc/TVD_GBM_IC2_11311072_021811/152_21814190958965_2/metadata.json,/Users/estebanfelixmoran/Desktop/Purdue/Medical_Imaging/Datasets/Mouse-Astrocytoma-doiJNLP/mouse_astrocytoma/TVD_GBM_IC2_11311072_021811/561.2/965.2/a39dffc5-61f0-4032-bdfd-d2a8ce615b62.dcm
TVD_GBM_IC2_11311072_021811,1.3.46.670589.11.17169.5.0.4584.2011021813241574561.2,1.3.46.670589.11.17169.5.0.4564.2011021814490747990.2,T1_FFE_Cor_PreC SENSE,T1_FFE_Cor_PreC SENSE,ORIGINAL\PRIMARY\M_FFE\M\FFE,256,256,0.117188\0.117188,0.5,0.25,48,48,1,256x256x48,primary anatomical,full TSE or coronal T1 anatomical acquisition,contact sheet generated,/Users/estebanfelixmoran/Desktop/Purdue/Medical_Imaging/3D-Medical-Segment-Anything/outputs/mouse_astrocytoma_zero_shot/series_qc/TVD_GBM_IC2_11311072_021811/153_21814490747990_2/contact_sheet.png,/Users/estebanfelixmoran/Desktop/Purdue/Medical_Imaging/3D-Medical-Segment-Anything/outputs/mouse_astrocytoma_zero_shot/series_qc/TVD_GBM_IC2_11311072_021811/153_21814490747990_2/metadata.json,/Users/estebanfelixmoran/Desktop/Purdue/Medical_Imaging/Datasets/Mouse-Astrocytoma-doiJNLP/mouse_astrocytoma/TVD_GBM_IC2_11311072_021811/561.2/990.2/711881c6-981d-41ec-971d-96b1c046f14d.dcm
TVD_GBM_IC2_11311072_021811,1.3.46.670589.11.17169.5.0.4584.2011021813241574561.2,1.3.46.670589.11.17169.5.0.4564.2011021814574974072.2,T1_FFE_PreFA5 SENSE,T1_FFE_PreFA5 SENSE,ORIGINAL\PRIMARY\M_FFE\M\FFE,132,132,0.227273\0.227273,1.0,1.0,12,12,1,132x132x12,secondary anatomical,low-flip-angle anatomical reference,contact sheet generated,/Users/estebanfelixmoran/Desktop/Purdue/Medical_Imaging/3D-Medical-Segment-Anything/outputs/mouse_astrocytoma_zero_shot/series_qc/TVD_GBM_IC2_11311072_021811/154_21814574974072_2/contact_sheet.png,/Users/estebanfelixmoran/Desktop/Purdue/Medical_Imaging/3D-Medical-Segment-Anything/outputs/mouse_astrocytoma_zero_shot/series_qc/TVD_GBM_IC2_11311072_021811/154_21814574974072_2/metadata.json,/Users/estebanfelixmoran/Desktop/Purdue/Medical_Imaging/Datasets/Mouse-Astrocytoma-doiJNLP/mouse_astrocytoma/TVD_GBM_IC2_11311072_021811/561.2/072.2/a4d48f9c-27bf-4eda-b6e3-e34a85a656fd.dcm
TVD_GBM_IC2_11311072_021811,1.3.46.670589.11.17169.5.0.4584.2011021813241574561.2,1.3.46.670589.11.17169.5.0.4564.2011021814581832093.2,Dyn22s_AP_TR9/TE3 SENSE,Dyn22s_AP_TR9/TE3 SENSE,ORIGINAL\PRIMARY\M_FFE\M\FFE,132,132,0.227273\0.227273,1.0,1.0,600,12,50,132x132x12,dynamic,50 repeated images per spatial position,contact sheet generated,/Users/estebanfelixmoran/Desktop/Purdue/Medical_Imaging/3D-Medical-Segment-Anything/outputs/mouse_astrocytoma_zero_shot/series_qc/TVD_GBM_IC2_11311072_021811/155_21814581832093_2/contact_sheet.png,/Users/estebanfelixmoran/Desktop/Purdue/Medical_Imaging/3D-Medical-Segment-Anything/outputs/mouse_astrocytoma_zero_shot/series_qc/TVD_GBM_IC2_11311072_021811/155_21814581832093_2/metadata.json,/Users/estebanfelixmoran/Desktop/Purdue/Medical_Imaging/Datasets/Mouse-Astrocytoma-doiJNLP/mouse_astrocytoma/TVD_GBM_IC2_11311072_021811/561.2/093.2/c3e670f4-8036-4e86-8b63-65e3393f60bf.dcm
TVD_GBM_IC2_11311072_021811,1.3.46.670589.11.17169.5.0.4584.2011021813241574561.2,1.3.46.670589.11.17169.5.0.4564.2011021815165169302.2,T1_FFE_Cor_PostC SENSE,T1_FFE_Cor_PostC SENSE,ORIGINAL\PRIMARY\M_FFE\M\FFE,256,256,0.117188\0.117188,0.5,0.25,48,48,1,256x256x48,primary anatomical,full TSE or coronal T1 anatomical acquisition,contact sheet generated,/Users/estebanfelixmoran/Desktop/Purdue/Medical_Imaging/3D-Medical-Segment-Anything/outputs/mouse_astrocytoma_zero_shot/series_qc/TVD_GBM_IC2_11311072_021811/156_21815165169302_2/contact_sheet.png,/Users/estebanfelixmoran/Desktop/Purdue/Medical_Imaging/3D-Medical-Segment-Anything/outputs/mouse_astrocytoma_zero_shot/series_qc/TVD_GBM_IC2_11311072_021811/156_21815165169302_2/metadata.json,/Users/estebanfelixmoran/Desktop/Purdue/Medical_Imaging/Datasets/Mouse-Astrocytoma-doiJNLP/mouse_astrocytoma/TVD_GBM_IC2_11311072_021811/561.2/302.2/2a15dc3c-d798-43af-92cc-b93d38f56b60.dcm
TVD_GBM_IC2_11311072_021811,1.3.46.670589.11.17169.5.0.4584.2011021813241574561.2,1.3.46.670589.11.17169.5.0.9400.2012020611480849000.2,sT1_FFE_Subtr,sT1_FFE_Subtr,ORIGINAL\PRIMARY\M_FFE\M\FFE,256,256,0.117188\0.117188,0.5,0.25,48,48,1,256x256x48,subtraction,subtraction series,contact sheet generated,/Users/estebanfelixmoran/Desktop/Purdue/Medical_Imaging/3D-Medical-Segment-Anything/outputs/mouse_astrocytoma_zero_shot/series_qc/TVD_GBM_IC2_11311072_021811/157_20611480849000_2/contact_sheet.png,/Users/estebanfelixmoran/Desktop/Purdue/Medical_Imaging/3D-Medical-Segment-Anything/outputs/mouse_astrocytoma_zero_shot/series_qc/TVD_GBM_IC2_11311072_021811/157_20611480849000_2/metadata.json,/Users/estebanfelixmoran/Desktop/Purdue/Medical_Imaging/Datasets/Mouse-Astrocytoma-doiJNLP/mouse_astrocytoma/TVD_GBM_IC2_11311072_021811/561.2/000.2/216aa908-3e38-4bf9-bfd2-1915f974f431.dcm
TVD_GBM_IC2_11311082_021511,1.3.46.670589.11.17169.5.0.4584.2011021511013196216.4,1.3.46.670589.11.17169.5.0.10364.2012020709270748000.4,sT1_FFE_Subtr,sT1_FFE_Subtr,ORIGINAL\PRIMARY\M_FFE\M\FFE,256,256,0.117188\0.117188,0.5,0.25,48,48,1,256x256x48,subtraction,subtraction series,contact sheet generated,/Users/estebanfelixmoran/Desktop/Purdue/Medical_Imaging/3D-Medical-Segment-Anything/outputs/mouse_astrocytoma_zero_shot/series_qc/TVD_GBM_IC2_11311082_021511/158_20709270748000_4/contact_sheet.png,/Users/estebanfelixmoran/Desktop/Purdue/Medical_Imaging/3D-Medical-Segment-Anything/outputs/mouse_astrocytoma_zero_shot/series_qc/TVD_GBM_IC2_11311082_021511/158_20709270748000_4/metadata.json,/Users/estebanfelixmoran/Desktop/Purdue/Medical_Imaging/Datasets/Mouse-Astrocytoma-doiJNLP/mouse_astrocytoma/TVD_GBM_IC2_11311082_021511/216.4/000.4/434e6164-6a1d-4577-beeb-7024711520ab.dcm
TVD_GBM_IC2_11311082_021511,1.3.46.670589.11.17169.5.0.4584.2011021511013196216.4,1.3.46.670589.11.17169.5.0.4564.2011021511582801965.4,TSE_100_Cor_P4 SENSE,TSE_100_Cor_P4 SENSE,ORIGINAL\PRIMARY\M_SE\M\SE,256,256,0.117188\0.117188,0.5,0.5,30,30,1,256x256x30,primary anatomical,full TSE or coronal T1 anatomical acquisition,contact sheet generated,/Users/estebanfelixmoran/Desktop/Purdue/Medical_Imaging/3D-Medical-Segment-Anything/outputs/mouse_astrocytoma_zero_shot/series_qc/TVD_GBM_IC2_11311082_021511/159_21511582801965_4/contact_sheet.png,/Users/estebanfelixmoran/Desktop/Purdue/Medical_Imaging/3D-Medical-Segment-Anything/outputs/mouse_astrocytoma_zero_shot/series_qc/TVD_GBM_IC2_11311082_021511/159_21511582801965_4/metadata.json,/Users/estebanfelixmoran/Desktop/Purdue/Medical_Imaging/Datasets/Mouse-Astrocytoma-doiJNLP/mouse_astrocytoma/TVD_GBM_IC2_11311082_021511/216.4/965.4/c6c2c753-deb3-4546-9534-4cd8b2865a63.dcm
TVD_GBM_IC2_11311082_021511,1.3.46.670589.11.17169.5.0.4584.2011021511013196216.4,1.3.46.670589.11.17169.5.0.4564.2011021512305717015.4,T1_FFE_Cor_PreC SENSE,T1_FFE_Cor_PreC SENSE,ORIGINAL\PRIMARY\M_FFE\M\FFE,256,256,0.117188\0.117188,0.5,0.25,48,48,1,256x256x48,primary anatomical,full TSE or coronal T1 anatomical acquisition,contact sheet generated,/Users/estebanfelixmoran/Desktop/Purdue/Medical_Imaging/3D-Medical-Segment-Anything/outputs/mouse_astrocytoma_zero_shot/series_qc/TVD_GBM_IC2_11311082_021511/160_21512305717015_4/contact_sheet.png,/Users/estebanfelixmoran/Desktop/Purdue/Medical_Imaging/3D-Medical-Segment-Anything/outputs/mouse_astrocytoma_zero_shot/series_qc/TVD_GBM_IC2_11311082_021511/160_21512305717015_4/metadata.json,/Users/estebanfelixmoran/Desktop/Purdue/Medical_Imaging/Datasets/Mouse-Astrocytoma-doiJNLP/mouse_astrocytoma/TVD_GBM_IC2_11311082_021511/216.4/015.4/123e7501-245a-4cd9-be38-1ccf7d2de215.dcm
TVD_GBM_IC2_11311082_021511,1.3.46.670589.11.17169.5.0.4584.2011021511013196216.4,1.3.46.670589.11.17169.5.0.4564.2011021512383914016.4,T1_FFE_PreFA5 SENSE,T1_FFE_PreFA5 SENSE,ORIGINAL\PRIMARY\M_FFE\M\FFE,132,132,0.227273\0.227273,1.0,1.0,12,12,1,132x132x12,secondary anatomical,low-flip-angle anatomical reference,contact sheet generated,/Users/estebanfelixmoran/Desktop/Purdue/Medical_Imaging/3D-Medical-Segment-Anything/outputs/mouse_astrocytoma_zero_shot/series_qc/TVD_GBM_IC2_11311082_021511/161_21512383914016_4/contact_sheet.png,/Users/estebanfelixmoran/Desktop/Purdue/Medical_Imaging/3D-Medical-Segment-Anything/outputs/mouse_astrocytoma_zero_shot/series_qc/TVD_GBM_IC2_11311082_021511/161_21512383914016_4/metadata.json,/Users/estebanfelixmoran/Desktop/Purdue/Medical_Imaging/Datasets/Mouse-Astrocytoma-doiJNLP/mouse_astrocytoma/TVD_GBM_IC2_11311082_021511/216.4/016.4/32ef8a94-ec9a-4556-a256-9b2df135991c.dcm
TVD_GBM_IC2_11311082_021511,1.3.46.670589.11.17169.5.0.4584.2011021511013196216.4,1.3.46.670589.11.17169.5.0.4564.2011021512390881054.4,Dyn22s_AP_TR9/TE3 SENSE,Dyn22s_AP_TR9/TE3 SENSE,ORIGINAL\PRIMARY\M_FFE\M\FFE,132,132,0.227273\0.227273,1.0,1.0,600,12,50,132x132x12,dynamic,50 repeated images per spatial position,contact sheet generated,/Users/estebanfelixmoran/Desktop/Purdue/Medical_Imaging/3D-Medical-Segment-Anything/outputs/mouse_astrocytoma_zero_shot/series_qc/TVD_GBM_IC2_11311082_021511/162_21512390881054_4/contact_sheet.png,/Users/estebanfelixmoran/Desktop/Purdue/Medical_Imaging/3D-Medical-Segment-Anything/outputs/mouse_astrocytoma_zero_shot/series_qc/TVD_GBM_IC2_11311082_021511/162_21512390881054_4/metadata.json,/Users/estebanfelixmoran/Desktop/Purdue/Medical_Imaging/Datasets/Mouse-Astrocytoma-doiJNLP/mouse_astrocytoma/TVD_GBM_IC2_11311082_021511/216.4/054.4/f2f1b666-1362-4d64-8171-20a5972d4d0a.dcm
TVD_GBM_IC2_11311082_021511,1.3.46.670589.11.17169.5.0.4584.2011021511013196216.4,1.3.46.670589.11.17169.5.0.4564.2011021512574228302.4,T1_FFE_Cor_PostC SENSE,T1_FFE_Cor_PostC SENSE,ORIGINAL\PRIMARY\M_FFE\M\FFE,256,256,0.117188\0.117188,0.5,0.25,48,48,1,256x256x48,primary anatomical,full TSE or coronal T1 anatomical acquisition,contact sheet generated,/Users/estebanfelixmoran/Desktop/Purdue/Medical_Imaging/3D-Medical-Segment-Anything/outputs/mouse_astrocytoma_zero_shot/series_qc/TVD_GBM_IC2_11311082_021511/163_21512574228302_4/contact_sheet.png,/Users/estebanfelixmoran/Desktop/Purdue/Medical_Imaging/3D-Medical-Segment-Anything/outputs/mouse_astrocytoma_zero_shot/series_qc/TVD_GBM_IC2_11311082_021511/163_21512574228302_4/metadata.json,/Users/estebanfelixmoran/Desktop/Purdue/Medical_Imaging/Datasets/Mouse-Astrocytoma-doiJNLP/mouse_astrocytoma/TVD_GBM_IC2_11311082_021511/216.4/302.4/1694a292-dd65-4fca-acb1-380aa64430ba.dcm
TVD_GBM_U87_1202141_021412,1.3.46.670589.11.17169.5.0.548.2012021409575487420.1,1.3.46.670589.11.17169.5.0.5388.2012021412475089000.1,s T1_FFE_Cor_Subtr,s T1_FFE_Cor_Subtr,ORIGINAL\PRIMARY\M_FFE\M\FFE,256,256,0.117188\0.117188,0.5,0.25,48,48,1,256x256x48,subtraction,subtraction series,contact sheet generated,/Users/estebanfelixmoran/Desktop/Purdue/Medical_Imaging/3D-Medical-Segment-Anything/outputs/mouse_astrocytoma_zero_shot/series_qc/TVD_GBM_U87_1202141_021412/164_21412475089000_1/contact_sheet.png,/Users/estebanfelixmoran/Desktop/Purdue/Medical_Imaging/3D-Medical-Segment-Anything/outputs/mouse_astrocytoma_zero_shot/series_qc/TVD_GBM_U87_1202141_021412/164_21412475089000_1/metadata.json,/Users/estebanfelixmoran/Desktop/Purdue/Medical_Imaging/Datasets/Mouse-Astrocytoma-doiJNLP/mouse_astrocytoma/TVD_GBM_U87_1202141_021412/420.1/000.1/5d9a1be8-fa4a-48da-bee9-1a0944a93907.dcm
TVD_GBM_U87_1202141_021412,1.3.46.670589.11.17169.5.0.548.2012021409575487420.1,1.3.46.670589.11.17169.5.0.7588.2012021410522906582.1,TSE_100_Cor_P4 SENSE,WIP TSE_100_Cor_P4 SENSE,ORIGINAL\PRIMARY\M_SE\M\SE,256,256,0.117188\0.117188,0.5,0.5,30,30,1,256x256x30,primary anatomical,full TSE or coronal T1 anatomical acquisition,contact sheet generated,/Users/estebanfelixmoran/Desktop/Purdue/Medical_Imaging/3D-Medical-Segment-Anything/outputs/mouse_astrocytoma_zero_shot/series_qc/TVD_GBM_U87_1202141_021412/165_21410522906582_1/contact_sheet.png,/Users/estebanfelixmoran/Desktop/Purdue/Medical_Imaging/3D-Medical-Segment-Anything/outputs/mouse_astrocytoma_zero_shot/series_qc/TVD_GBM_U87_1202141_021412/165_21410522906582_1/metadata.json,/Users/estebanfelixmoran/Desktop/Purdue/Medical_Imaging/Datasets/Mouse-Astrocytoma-doiJNLP/mouse_astrocytoma/TVD_GBM_U87_1202141_021412/420.1/582.1/2d6d0bf1-7ee9-4ee0-8f7b-5831db59ca3c.dcm
TVD_GBM_U87_1202141_021412,1.3.46.670589.11.17169.5.0.548.2012021409575487420.1,1.3.46.670589.11.17169.5.0.7588.2012021411214051607.1,T1_FFE_Cor_PreC SENSE,WIP T1_FFE_Cor_PreC SENSE,ORIGINAL\PRIMARY\M_FFE\M\FFE,256,256,0.117188\0.117188,0.5,0.25,48,48,1,256x256x48,primary anatomical,full TSE or coronal T1 anatomical acquisition,contact sheet generated,/Users/estebanfelixmoran/Desktop/Purdue/Medical_Imaging/3D-Medical-Segment-Anything/outputs/mouse_astrocytoma_zero_shot/series_qc/TVD_GBM_U87_1202141_021412/166_21411214051607_1/contact_sheet.png,/Users/estebanfelixmoran/Desktop/Purdue/Medical_Imaging/3D-Medical-Segment-Anything/outputs/mouse_astrocytoma_zero_shot/series_qc/TVD_GBM_U87_1202141_021412/166_21411214051607_1/metadata.json,/Users/estebanfelixmoran/Desktop/Purdue/Medical_Imaging/Datasets/Mouse-Astrocytoma-doiJNLP/mouse_astrocytoma/TVD_GBM_U87_1202141_021412/420.1/607.1/09c1bdf7-081d-47c6-9a4b-f1a5deda9428.dcm
TVD_GBM_U87_1202141_021412,1.3.46.670589.11.17169.5.0.548.2012021409575487420.1,1.3.46.670589.11.17169.5.0.7588.2012021411291722633.1,T1_FFE_PreFA5 SENSE,WIP T1_FFE_PreFA5 SENSE,ORIGINAL\PRIMARY\M_FFE\M\FFE,132,132,0.227273\0.227273,1.0,1.0,12,12,1,132x132x12,secondary anatomical,low-flip-angle anatomical reference,contact sheet generated,/Users/estebanfelixmoran/Desktop/Purdue/Medical_Imaging/3D-Medical-Segment-Anything/outputs/mouse_astrocytoma_zero_shot/series_qc/TVD_GBM_U87_1202141_021412/167_21411291722633_1/contact_sheet.png,/Users/estebanfelixmoran/Desktop/Purdue/Medical_Imaging/3D-Medical-Segment-Anything/outputs/mouse_astrocytoma_zero_shot/series_qc/TVD_GBM_U87_1202141_021412/167_21411291722633_1/metadata.json,/Users/estebanfelixmoran/Desktop/Purdue/Medical_Imaging/Datasets/Mouse-Astrocytoma-doiJNLP/mouse_astrocytoma/TVD_GBM_U87_1202141_021412/420.1/633.1/31a71844-0e8c-4663-ad5d-c48a1c2f9111.dcm
TVD_GBM_U87_1202141_021412,1.3.46.670589.11.17169.5.0.548.2012021409575487420.1,1.3.46.670589.11.17169.5.0.7588.2012021411304595743.1,Dyn22s_AP_TR9/TE3 SENSE,WIP Dyn22s_AP_TR9/TE3 SENSE,ORIGINAL\PRIMARY\M_FFE\M\FFE,132,132,0.227273\0.227273,1.0,1.0,600,12,50,132x132x12,dynamic,50 repeated images per spatial position,contact sheet generated,/Users/estebanfelixmoran/Desktop/Purdue/Medical_Imaging/3D-Medical-Segment-Anything/outputs/mouse_astrocytoma_zero_shot/series_qc/TVD_GBM_U87_1202141_021412/168_21411304595743_1/contact_sheet.png,/Users/estebanfelixmoran/Desktop/Purdue/Medical_Imaging/3D-Medical-Segment-Anything/outputs/mouse_astrocytoma_zero_shot/series_qc/TVD_GBM_U87_1202141_021412/168_21411304595743_1/metadata.json,/Users/estebanfelixmoran/Desktop/Purdue/Medical_Imaging/Datasets/Mouse-Astrocytoma-doiJNLP/mouse_astrocytoma/TVD_GBM_U87_1202141_021412/420.1/743.1/0ea1c068-c72b-4ba5-ba9a-397667826bf5.dcm
TVD_GBM_U87_1202141_021412,1.3.46.670589.11.17169.5.0.548.2012021409575487420.1,1.3.46.670589.11.17169.5.0.7588.2012021411491925952.1,T1_FFE_Cor_PostC SENSE,WIP T1_FFE_Cor_PostC SENSE,ORIGINAL\PRIMARY\M_FFE\M\FFE,256,256,0.117188\0.117188,0.5,0.25,48,48,1,256x256x48,primary anatomical,full TSE or coronal T1 anatomical acquisition,contact sheet generated,/Users/estebanfelixmoran/Desktop/Purdue/Medical_Imaging/3D-Medical-Segment-Anything/outputs/mouse_astrocytoma_zero_shot/series_qc/TVD_GBM_U87_1202141_021412/169_21411491925952_1/contact_sheet.png,/Users/estebanfelixmoran/Desktop/Purdue/Medical_Imaging/3D-Medical-Segment-Anything/outputs/mouse_astrocytoma_zero_shot/series_qc/TVD_GBM_U87_1202141_021412/169_21411491925952_1/metadata.json,/Users/estebanfelixmoran/Desktop/Purdue/Medical_Imaging/Datasets/Mouse-Astrocytoma-doiJNLP/mouse_astrocytoma/TVD_GBM_U87_1202141_021412/420.1/952.1/5b9505c5-6eba-4957-9d69-f61a02793e62.dcm
TVD_GBM_U87_1202143_021412,1.3.46.670589.11.17169.5.0.548.2012021409575487420.3,1.3.46.670589.11.17169.5.0.5388.2012021412475089000.3,s T1_FFE_Cor_Subtr,s T1_FFE_Cor_Subtr,ORIGINAL\PRIMARY\M_FFE\M\FFE,256,256,0.117188\0.117188,0.5,0.25,48,48,1,256x256x48,subtraction,subtraction series,contact sheet generated,/Users/estebanfelixmoran/Desktop/Purdue/Medical_Imaging/3D-Medical-Segment-Anything/outputs/mouse_astrocytoma_zero_shot/series_qc/TVD_GBM_U87_1202143_021412/170_21412475089000_3/contact_sheet.png,/Users/estebanfelixmoran/Desktop/Purdue/Medical_Imaging/3D-Medical-Segment-Anything/outputs/mouse_astrocytoma_zero_shot/series_qc/TVD_GBM_U87_1202143_021412/170_21412475089000_3/metadata.json,/Users/estebanfelixmoran/Desktop/Purdue/Medical_Imaging/Datasets/Mouse-Astrocytoma-doiJNLP/mouse_astrocytoma/TVD_GBM_U87_1202143_021412/420.3/000.3/bc0a49a8-cc80-4019-bc0a-da57898b5190.dcm
TVD_GBM_U87_1202143_021412,1.3.46.670589.11.17169.5.0.548.2012021409575487420.3,1.3.46.670589.11.17169.5.0.7588.2012021410522906582.3,TSE_100_Cor_P4 SENSE,WIP TSE_100_Cor_P4 SENSE,ORIGINAL\PRIMARY\M_SE\M\SE,256,256,0.117188\0.117188,0.5,0.5,30,30,1,256x256x30,primary anatomical,full TSE or coronal T1 anatomical acquisition,contact sheet generated,/Users/estebanfelixmoran/Desktop/Purdue/Medical_Imaging/3D-Medical-Segment-Anything/outputs/mouse_astrocytoma_zero_shot/series_qc/TVD_GBM_U87_1202143_021412/171_21410522906582_3/contact_sheet.png,/Users/estebanfelixmoran/Desktop/Purdue/Medical_Imaging/3D-Medical-Segment-Anything/outputs/mouse_astrocytoma_zero_shot/series_qc/TVD_GBM_U87_1202143_021412/171_21410522906582_3/metadata.json,/Users/estebanfelixmoran/Desktop/Purdue/Medical_Imaging/Datasets/Mouse-Astrocytoma-doiJNLP/mouse_astrocytoma/TVD_GBM_U87_1202143_021412/420.3/582.3/8e171510-b80b-492a-8598-6d4fbded5a6d.dcm
TVD_GBM_U87_1202143_021412,1.3.46.670589.11.17169.5.0.548.2012021409575487420.3,1.3.46.670589.11.17169.5.0.7588.2012021411214051607.3,T1_FFE_Cor_PreC SENSE,WIP T1_FFE_Cor_PreC SENSE,ORIGINAL\PRIMARY\M_FFE\M\FFE,256,256,0.117188\0.117188,0.5,0.25,48,48,1,256x256x48,primary anatomical,full TSE or coronal T1 anatomical acquisition,contact sheet generated,/Users/estebanfelixmoran/Desktop/Purdue/Medical_Imaging/3D-Medical-Segment-Anything/outputs/mouse_astrocytoma_zero_shot/series_qc/TVD_GBM_U87_1202143_021412/172_21411214051607_3/contact_sheet.png,/Users/estebanfelixmoran/Desktop/Purdue/Medical_Imaging/3D-Medical-Segment-Anything/outputs/mouse_astrocytoma_zero_shot/series_qc/TVD_GBM_U87_1202143_021412/172_21411214051607_3/metadata.json,/Users/estebanfelixmoran/Desktop/Purdue/Medical_Imaging/Datasets/Mouse-Astrocytoma-doiJNLP/mouse_astrocytoma/TVD_GBM_U87_1202143_021412/420.3/607.3/d42f7151-ba85-45c6-aafd-2653e0c66d3f.dcm
TVD_GBM_U87_1202143_021412,1.3.46.670589.11.17169.5.0.548.2012021409575487420.3,1.3.46.670589.11.17169.5.0.7588.2012021411291722633.3,T1_FFE_PreFA5 SENSE,WIP T1_FFE_PreFA5 SENSE,ORIGINAL\PRIMARY\M_FFE\M\FFE,132,132,0.227273\0.227273,1.0,1.0,12,12,1,132x132x12,secondary anatomical,low-flip-angle anatomical reference,contact sheet generated,/Users/estebanfelixmoran/Desktop/Purdue/Medical_Imaging/3D-Medical-Segment-Anything/outputs/mouse_astrocytoma_zero_shot/series_qc/TVD_GBM_U87_1202143_021412/173_21411291722633_3/contact_sheet.png,/Users/estebanfelixmoran/Desktop/Purdue/Medical_Imaging/3D-Medical-Segment-Anything/outputs/mouse_astrocytoma_zero_shot/series_qc/TVD_GBM_U87_1202143_021412/173_21411291722633_3/metadata.json,/Users/estebanfelixmoran/Desktop/Purdue/Medical_Imaging/Datasets/Mouse-Astrocytoma-doiJNLP/mouse_astrocytoma/TVD_GBM_U87_1202143_021412/420.3/633.3/bf03aa04-f049-4c31-88fe-37eb4ac5a5eb.dcm
TVD_GBM_U87_1202143_021412,1.3.46.670589.11.17169.5.0.548.2012021409575487420.3,1.3.46.670589.11.17169.5.0.7588.2012021411304595743.3,Dyn22s_AP_TR9/TE3 SENSE,WIP Dyn22s_AP_TR9/TE3 SENSE,ORIGINAL\PRIMARY\M_FFE\M\FFE,132,132,0.227273\0.227273,1.0,1.0,600,12,50,132x132x12,dynamic,50 repeated images per spatial position,contact sheet generated,/Users/estebanfelixmoran/Desktop/Purdue/Medical_Imaging/3D-Medical-Segment-Anything/outputs/mouse_astrocytoma_zero_shot/series_qc/TVD_GBM_U87_1202143_021412/174_21411304595743_3/contact_sheet.png,/Users/estebanfelixmoran/Desktop/Purdue/Medical_Imaging/3D-Medical-Segment-Anything/outputs/mouse_astrocytoma_zero_shot/series_qc/TVD_GBM_U87_1202143_021412/174_21411304595743_3/metadata.json,/Users/estebanfelixmoran/Desktop/Purdue/Medical_Imaging/Datasets/Mouse-Astrocytoma-doiJNLP/mouse_astrocytoma/TVD_GBM_U87_1202143_021412/420.3/743.3/73196a10-8184-4ac2-8dca-e9a3588d7dda.dcm
TVD_GBM_U87_1202143_021412,1.3.46.670589.11.17169.5.0.548.2012021409575487420.3,1.3.46.670589.11.17169.5.0.7588.2012021411491925952.3,T1_FFE_Cor_PostC SENSE,WIP T1_FFE_Cor_PostC SENSE,ORIGINAL\PRIMARY\M_FFE\M\FFE,256,256,0.117188\0.117188,0.5,0.25,48,48,1,256x256x48,primary anatomical,full TSE or coronal T1 anatomical acquisition,contact sheet generated,/Users/estebanfelixmoran/Desktop/Purdue/Medical_Imaging/3D-Medical-Segment-Anything/outputs/mouse_astrocytoma_zero_shot/series_qc/TVD_GBM_U87_1202143_021412/175_21411491925952_3/contact_sheet.png,/Users/estebanfelixmoran/Desktop/Purdue/Medical_Imaging/3D-Medical-Segment-Anything/outputs/mouse_astrocytoma_zero_shot/series_qc/TVD_GBM_U87_1202143_021412/175_21411491925952_3/metadata.json,/Users/estebanfelixmoran/Desktop/Purdue/Medical_Imaging/Datasets/Mouse-Astrocytoma-doiJNLP/mouse_astrocytoma/TVD_GBM_U87_1202143_021412/420.3/952.3/72460c07-b04f-4a22-980a-17ad1b9a8120.dcm
TVD_GBM_U87_1202144_021412,1.3.46.670589.11.17169.5.0.548.2012021409575487420.4,1.3.46.670589.11.17169.5.0.5388.2012021412475089000.4,s T1_FFE_Cor_Subtr,s T1_FFE_Cor_Subtr,ORIGINAL\PRIMARY\M_FFE\M\FFE,256,256,0.117188\0.117188,0.5,0.25,48,48,1,256x256x48,subtraction,subtraction series,contact sheet generated,/Users/estebanfelixmoran/Desktop/Purdue/Medical_Imaging/3D-Medical-Segment-Anything/outputs/mouse_astrocytoma_zero_shot/series_qc/TVD_GBM_U87_1202144_021412/176_21412475089000_4/contact_sheet.png,/Users/estebanfelixmoran/Desktop/Purdue/Medical_Imaging/3D-Medical-Segment-Anything/outputs/mouse_astrocytoma_zero_shot/series_qc/TVD_GBM_U87_1202144_021412/176_21412475089000_4/metadata.json,/Users/estebanfelixmoran/Desktop/Purdue/Medical_Imaging/Datasets/Mouse-Astrocytoma-doiJNLP/mouse_astrocytoma/TVD_GBM_U87_1202144_021412/420.4/000.4/26f9b9b7-c9fa-4f26-ba54-7c8b8a1d8096.dcm
TVD_GBM_U87_1202144_021412,1.3.46.670589.11.17169.5.0.548.2012021409575487420.4,1.3.46.670589.11.17169.5.0.7588.2012021410522906582.4,TSE_100_Cor_P4 SENSE,WIP TSE_100_Cor_P4 SENSE,ORIGINAL\PRIMARY\M_SE\M\SE,256,256,0.117188\0.117188,0.5,0.5,30,30,1,256x256x30,primary anatomical,full TSE or coronal T1 anatomical acquisition,contact sheet generated,/Users/estebanfelixmoran/Desktop/Purdue/Medical_Imaging/3D-Medical-Segment-Anything/outputs/mouse_astrocytoma_zero_shot/series_qc/TVD_GBM_U87_1202144_021412/177_21410522906582_4/contact_sheet.png,/Users/estebanfelixmoran/Desktop/Purdue/Medical_Imaging/3D-Medical-Segment-Anything/outputs/mouse_astrocytoma_zero_shot/series_qc/TVD_GBM_U87_1202144_021412/177_21410522906582_4/metadata.json,/Users/estebanfelixmoran/Desktop/Purdue/Medical_Imaging/Datasets/Mouse-Astrocytoma-doiJNLP/mouse_astrocytoma/TVD_GBM_U87_1202144_021412/420.4/582.4/bf7f1ffd-e565-4c71-9946-07fc724ee376.dcm
TVD_GBM_U87_1202144_021412,1.3.46.670589.11.17169.5.0.548.2012021409575487420.4,1.3.46.670589.11.17169.5.0.7588.2012021411214051607.4,T1_FFE_Cor_PreC SENSE,WIP T1_FFE_Cor_PreC SENSE,ORIGINAL\PRIMARY\M_FFE\M\FFE,256,256,0.117188\0.117188,0.5,0.25,48,48,1,256x256x48,primary anatomical,full TSE or coronal T1 anatomical acquisition,contact sheet generated,/Users/estebanfelixmoran/Desktop/Purdue/Medical_Imaging/3D-Medical-Segment-Anything/outputs/mouse_astrocytoma_zero_shot/series_qc/TVD_GBM_U87_1202144_021412/178_21411214051607_4/contact_sheet.png,/Users/estebanfelixmoran/Desktop/Purdue/Medical_Imaging/3D-Medical-Segment-Anything/outputs/mouse_astrocytoma_zero_shot/series_qc/TVD_GBM_U87_1202144_021412/178_21411214051607_4/metadata.json,/Users/estebanfelixmoran/Desktop/Purdue/Medical_Imaging/Datasets/Mouse-Astrocytoma-doiJNLP/mouse_astrocytoma/TVD_GBM_U87_1202144_021412/420.4/607.4/390b1005-d690-4151-8d51-c1d6eadf3591.dcm
TVD_GBM_U87_1202144_021412,1.3.46.670589.11.17169.5.0.548.2012021409575487420.4,1.3.46.670589.11.17169.5.0.7588.2012021411291722633.4,T1_FFE_PreFA5 SENSE,WIP T1_FFE_PreFA5 SENSE,ORIGINAL\PRIMARY\M_FFE\M\FFE,132,132,0.227273\0.227273,1.0,1.0,12,12,1,132x132x12,secondary anatomical,low-flip-angle anatomical reference,contact sheet generated,/Users/estebanfelixmoran/Desktop/Purdue/Medical_Imaging/3D-Medical-Segment-Anything/outputs/mouse_astrocytoma_zero_shot/series_qc/TVD_GBM_U87_1202144_021412/179_21411291722633_4/contact_sheet.png,/Users/estebanfelixmoran/Desktop/Purdue/Medical_Imaging/3D-Medical-Segment-Anything/outputs/mouse_astrocytoma_zero_shot/series_qc/TVD_GBM_U87_1202144_021412/179_21411291722633_4/metadata.json,/Users/estebanfelixmoran/Desktop/Purdue/Medical_Imaging/Datasets/Mouse-Astrocytoma-doiJNLP/mouse_astrocytoma/TVD_GBM_U87_1202144_021412/420.4/633.4/b36181ba-2228-4e91-9149-5ae728e036e5.dcm
TVD_GBM_U87_1202144_021412,1.3.46.670589.11.17169.5.0.548.2012021409575487420.4,1.3.46.670589.11.17169.5.0.7588.2012021411304595743.4,Dyn22s_AP_TR9/TE3 SENSE,WIP Dyn22s_AP_TR9/TE3 SENSE,ORIGINAL\PRIMARY\M_FFE\M\FFE,132,132,0.227273\0.227273,1.0,1.0,600,12,50,132x132x12,dynamic,50 repeated images per spatial position,contact sheet generated,/Users/estebanfelixmoran/Desktop/Purdue/Medical_Imaging/3D-Medical-Segment-Anything/outputs/mouse_astrocytoma_zero_shot/series_qc/TVD_GBM_U87_1202144_021412/180_21411304595743_4/contact_sheet.png,/Users/estebanfelixmoran/Desktop/Purdue/Medical_Imaging/3D-Medical-Segment-Anything/outputs/mouse_astrocytoma_zero_shot/series_qc/TVD_GBM_U87_1202144_021412/180_21411304595743_4/metadata.json,/Users/estebanfelixmoran/Desktop/Purdue/Medical_Imaging/Datasets/Mouse-Astrocytoma-doiJNLP/mouse_astrocytoma/TVD_GBM_U87_1202144_021412/420.4/743.4/b22ff7be-70e3-4b64-b81c-17f599d7cec1.dcm
TVD_GBM_U87_1202144_021412,1.3.46.670589.11.17169.5.0.548.2012021409575487420.4,1.3.46.670589.11.17169.5.0.7588.2012021411491925952.4,T1_FFE_Cor_PostC SENSE,WIP T1_FFE_Cor_PostC SENSE,ORIGINAL\PRIMARY\M_FFE\M\FFE,256,256,0.117188\0.117188,0.5,0.25,48,48,1,256x256x48,primary anatomical,full TSE or coronal T1 anatomical acquisition,contact sheet generated,/Users/estebanfelixmoran/Desktop/Purdue/Medical_Imaging/3D-Medical-Segment-Anything/outputs/mouse_astrocytoma_zero_shot/series_qc/TVD_GBM_U87_1202144_021412/181_21411491925952_4/contact_sheet.png,/Users/estebanfelixmoran/Desktop/Purdue/Medical_Imaging/3D-Medical-Segment-Anything/outputs/mouse_astrocytoma_zero_shot/series_qc/TVD_GBM_U87_1202144_021412/181_21411491925952_4/metadata.json,/Users/estebanfelixmoran/Desktop/Purdue/Medical_Imaging/Datasets/Mouse-Astrocytoma-doiJNLP/mouse_astrocytoma/TVD_GBM_U87_1202144_021412/420.4/952.4/97a594b3-1c84-4ff2-bc8a-d06e3b68ed74.dcm
TVD_GBM_U87_1202145_021412,1.3.46.670589.11.17169.5.0.548.2012021411421297446.1,1.3.46.670589.11.17169.5.0.7448.2012021414023043000.1,sWIP T1_FFE_Cor_Subtr,sWIP T1_FFE_Cor_Subtr,ORIGINAL\PRIMARY\M_FFE\M\FFE,256,256,0.117188\0.117188,0.5,0.25,48,48,1,256x256x48,subtraction,subtraction series,contact sheet generated,/Users/estebanfelixmoran/Desktop/Purdue/Medical_Imaging/3D-Medical-Segment-Anything/outputs/mouse_astrocytoma_zero_shot/series_qc/TVD_GBM_U87_1202145_021412/182_21414023043000_1/contact_sheet.png,/Users/estebanfelixmoran/Desktop/Purdue/Medical_Imaging/3D-Medical-Segment-Anything/outputs/mouse_astrocytoma_zero_shot/series_qc/TVD_GBM_U87_1202145_021412/182_21414023043000_1/metadata.json,/Users/estebanfelixmoran/Desktop/Purdue/Medical_Imaging/Datasets/Mouse-Astrocytoma-doiJNLP/mouse_astrocytoma/TVD_GBM_U87_1202145_021412/446.1/000.1/d3d9bd83-fe84-4356-bebe-05596e7c53af.dcm
TVD_GBM_U87_1202145_021412,1.3.46.670589.11.17169.5.0.548.2012021411421297446.1,1.3.46.670589.11.17169.5.0.7588.2012021412450314195.1,TSE_100_Cor_P4 SENSE,WIP TSE_100_Cor_P4 SENSE,ORIGINAL\PRIMARY\M_SE\M\SE,256,256,0.117188\0.117188,0.5,0.5,30,30,1,256x256x30,primary anatomical,full TSE or coronal T1 anatomical acquisition,contact sheet generated,/Users/estebanfelixmoran/Desktop/Purdue/Medical_Imaging/3D-Medical-Segment-Anything/outputs/mouse_astrocytoma_zero_shot/series_qc/TVD_GBM_U87_1202145_021412/183_21412450314195_1/contact_sheet.png,/Users/estebanfelixmoran/Desktop/Purdue/Medical_Imaging/3D-Medical-Segment-Anything/outputs/mouse_astrocytoma_zero_shot/series_qc/TVD_GBM_U87_1202145_021412/183_21412450314195_1/metadata.json,/Users/estebanfelixmoran/Desktop/Purdue/Medical_Imaging/Datasets/Mouse-Astrocytoma-doiJNLP/mouse_astrocytoma/TVD_GBM_U87_1202145_021412/446.1/195.1/2f82707f-9fb3-4aba-805c-a78fc1461470.dcm
TVD_GBM_U87_1202145_021412,1.3.46.670589.11.17169.5.0.548.2012021411421297446.1,1.3.46.670589.11.17169.5.0.7588.2012021413135606219.1,T1_FFE_Cor_PreC SENSE,WIP T1_FFE_Cor_PreC SENSE,ORIGINAL\PRIMARY\M_FFE\M\FFE,256,256,0.117188\0.117188,0.5,0.25,48,48,1,256x256x48,primary anatomical,full TSE or coronal T1 anatomical acquisition,contact sheet generated,/Users/estebanfelixmoran/Desktop/Purdue/Medical_Imaging/3D-Medical-Segment-Anything/outputs/mouse_astrocytoma_zero_shot/series_qc/TVD_GBM_U87_1202145_021412/184_21413135606219_1/contact_sheet.png,/Users/estebanfelixmoran/Desktop/Purdue/Medical_Imaging/3D-Medical-Segment-Anything/outputs/mouse_astrocytoma_zero_shot/series_qc/TVD_GBM_U87_1202145_021412/184_21413135606219_1/metadata.json,/Users/estebanfelixmoran/Desktop/Purdue/Medical_Imaging/Datasets/Mouse-Astrocytoma-doiJNLP/mouse_astrocytoma/TVD_GBM_U87_1202145_021412/446.1/219.1/e71d3fab-0e6c-4392-929b-e90cc69a5359.dcm
TVD_GBM_U87_1202145_021412,1.3.46.670589.11.17169.5.0.548.2012021411421297446.1,1.3.46.670589.11.17169.5.0.7588.2012021413213268246.1,T1_FFE_PreFA5 SENSE,WIP T1_FFE_PreFA5 SENSE,ORIGINAL\PRIMARY\M_FFE\M\FFE,132,132,0.227273\0.227273,1.0,1.0,12,12,1,132x132x12,secondary anatomical,low-flip-angle anatomical reference,contact sheet generated,/Users/estebanfelixmoran/Desktop/Purdue/Medical_Imaging/3D-Medical-Segment-Anything/outputs/mouse_astrocytoma_zero_shot/series_qc/TVD_GBM_U87_1202145_021412/185_21413213268246_1/contact_sheet.png,/Users/estebanfelixmoran/Desktop/Purdue/Medical_Imaging/3D-Medical-Segment-Anything/outputs/mouse_astrocytoma_zero_shot/series_qc/TVD_GBM_U87_1202145_021412/185_21413213268246_1/metadata.json,/Users/estebanfelixmoran/Desktop/Purdue/Medical_Imaging/Datasets/Mouse-Astrocytoma-doiJNLP/mouse_astrocytoma/TVD_GBM_U87_1202145_021412/446.1/246.1/8fd9f695-d9fc-46d4-b57f-045440a21b54.dcm
TVD_GBM_U87_1202145_021412,1.3.46.670589.11.17169.5.0.548.2012021411421297446.1,1.3.46.670589.11.17169.5.0.7588.2012021413230759323.1,Dyn22s_AP_TR9/TE3 SENSE,WIP Dyn22s_AP_TR9/TE3 SENSE,ORIGINAL\PRIMARY\M_FFE\M\FFE,132,132,0.227273\0.227273,1.0,1.0,600,12,50,132x132x12,dynamic,50 repeated images per spatial position,contact sheet generated,/Users/estebanfelixmoran/Desktop/Purdue/Medical_Imaging/3D-Medical-Segment-Anything/outputs/mouse_astrocytoma_zero_shot/series_qc/TVD_GBM_U87_1202145_021412/186_21413230759323_1/contact_sheet.png,/Users/estebanfelixmoran/Desktop/Purdue/Medical_Imaging/3D-Medical-Segment-Anything/outputs/mouse_astrocytoma_zero_shot/series_qc/TVD_GBM_U87_1202145_021412/186_21413230759323_1/metadata.json,/Users/estebanfelixmoran/Desktop/Purdue/Medical_Imaging/Datasets/Mouse-Astrocytoma-doiJNLP/mouse_astrocytoma/TVD_GBM_U87_1202145_021412/446.1/323.1/f25b2541-41a5-4a72-a1ab-d6d06bb8e71d.dcm
TVD_GBM_U87_1202145_021412,1.3.46.670589.11.17169.5.0.548.2012021411421297446.1,1.3.46.670589.11.17169.5.0.7588.2012021413414370532.1,T1_FFE_Cor_PostC SENSE,WIP T1_FFE_Cor_PostC SENSE,ORIGINAL\PRIMARY\M_FFE\M\FFE,256,256,0.117188\0.117188,0.5,0.25,48,48,1,256x256x48,primary anatomical,full TSE or coronal T1 anatomical acquisition,contact sheet generated,/Users/estebanfelixmoran/Desktop/Purdue/Medical_Imaging/3D-Medical-Segment-Anything/outputs/mouse_astrocytoma_zero_shot/series_qc/TVD_GBM_U87_1202145_021412/187_21413414370532_1/contact_sheet.png,/Users/estebanfelixmoran/Desktop/Purdue/Medical_Imaging/3D-Medical-Segment-Anything/outputs/mouse_astrocytoma_zero_shot/series_qc/TVD_GBM_U87_1202145_021412/187_21413414370532_1/metadata.json,/Users/estebanfelixmoran/Desktop/Purdue/Medical_Imaging/Datasets/Mouse-Astrocytoma-doiJNLP/mouse_astrocytoma/TVD_GBM_U87_1202145_021412/446.1/532.1/ac06fd16-0f3a-4779-9a51-fc3066379764.dcm
TVD_GBM_U87_1202252_021512,1.3.46.670589.11.17169.5.0.548.2012021510554459498.1,1.3.46.670589.11.17169.5.0.7588.2012021511485671798.1,TSE_100_Cor_P4 SENSE,WIP TSE_100_Cor_P4 SENSE,ORIGINAL\PRIMARY\M_SE\M\SE,256,256,0.117188\0.117188,0.5,0.5,30,30,1,256x256x30,primary anatomical,full TSE or coronal T1 anatomical acquisition,contact sheet generated,/Users/estebanfelixmoran/Desktop/Purdue/Medical_Imaging/3D-Medical-Segment-Anything/outputs/mouse_astrocytoma_zero_shot/series_qc/TVD_GBM_U87_1202252_021512/188_21511485671798_1/contact_sheet.png,/Users/estebanfelixmoran/Desktop/Purdue/Medical_Imaging/3D-Medical-Segment-Anything/outputs/mouse_astrocytoma_zero_shot/series_qc/TVD_GBM_U87_1202252_021512/188_21511485671798_1/metadata.json,/Users/estebanfelixmoran/Desktop/Purdue/Medical_Imaging/Datasets/Mouse-Astrocytoma-doiJNLP/mouse_astrocytoma/TVD_GBM_U87_1202252_021512/498.1/798.1/bd45bc7e-3ecd-4fbe-886f-f9410e9e8ddc.dcm
TVD_GBM_U87_1202252_021512,1.3.46.670589.11.17169.5.0.548.2012021510554459498.1,1.3.46.670589.11.17169.5.0.7588.2012021512254482849.1,T1_FFE_Cor_PreC SENSE,WIP T1_FFE_Cor_PreC SENSE,ORIGINAL\PRIMARY\M_FFE\M\FFE,256,256,0.117188\0.117188,0.5,0.25,48,48,1,256x256x48,primary anatomical,full TSE or coronal T1 anatomical acquisition,contact sheet generated,/Users/estebanfelixmoran/Desktop/Purdue/Medical_Imaging/3D-Medical-Segment-Anything/outputs/mouse_astrocytoma_zero_shot/series_qc/TVD_GBM_U87_1202252_021512/189_21512254482849_1/contact_sheet.png,/Users/estebanfelixmoran/Desktop/Purdue/Medical_Imaging/3D-Medical-Segment-Anything/outputs/mouse_astrocytoma_zero_shot/series_qc/TVD_GBM_U87_1202252_021512/189_21512254482849_1/metadata.json,/Users/estebanfelixmoran/Desktop/Purdue/Medical_Imaging/Datasets/Mouse-Astrocytoma-doiJNLP/mouse_astrocytoma/TVD_GBM_U87_1202252_021512/498.1/849.1/f0856d02-d693-4bc2-86be-02cce816faa1.dcm
TVD_GBM_U87_1202252_021512,1.3.46.670589.11.17169.5.0.548.2012021510554459498.1,1.3.46.670589.11.17169.5.0.7588.2012021512332107906.1,T1_FFE_PreFA5 SENSE,WIP T1_FFE_PreFA5 SENSE,ORIGINAL\PRIMARY\M_FFE\M\FFE,132,132,0.227273\0.227273,1.0,1.0,12,12,1,132x132x12,secondary anatomical,low-flip-angle anatomical reference,contact sheet generated,/Users/estebanfelixmoran/Desktop/Purdue/Medical_Imaging/3D-Medical-Segment-Anything/outputs/mouse_astrocytoma_zero_shot/series_qc/TVD_GBM_U87_1202252_021512/190_21512332107906_1/contact_sheet.png,/Users/estebanfelixmoran/Desktop/Purdue/Medical_Imaging/3D-Medical-Segment-Anything/outputs/mouse_astrocytoma_zero_shot/series_qc/TVD_GBM_U87_1202252_021512/190_21512332107906_1/metadata.json,/Users/estebanfelixmoran/Desktop/Purdue/Medical_Imaging/Datasets/Mouse-Astrocytoma-doiJNLP/mouse_astrocytoma/TVD_GBM_U87_1202252_021512/498.1/906.1/b1f82bc0-dbad-424e-b57c-92c124428f5f.dcm
TVD_GBM_U87_1202252_021512,1.3.46.670589.11.17169.5.0.548.2012021510554459498.1,1.3.46.670589.11.17169.5.0.7588.2012021512355711112.1,Dyn22s_AP_TR9/TE3 SENSE,WIP Dyn22s_AP_TR9/TE3 SENSE,ORIGINAL\PRIMARY\M_FFE\M\FFE,132,132,0.227273\0.227273,1.0,1.0,600,12,50,132x132x12,dynamic,50 repeated images per spatial position,contact sheet generated,/Users/estebanfelixmoran/Desktop/Purdue/Medical_Imaging/3D-Medical-Segment-Anything/outputs/mouse_astrocytoma_zero_shot/series_qc/TVD_GBM_U87_1202252_021512/191_21512355711112_1/contact_sheet.png,/Users/estebanfelixmoran/Desktop/Purdue/Medical_Imaging/3D-Medical-Segment-Anything/outputs/mouse_astrocytoma_zero_shot/series_qc/TVD_GBM_U87_1202252_021512/191_21512355711112_1/metadata.json,/Users/estebanfelixmoran/Desktop/Purdue/Medical_Imaging/Datasets/Mouse-Astrocytoma-doiJNLP/mouse_astrocytoma/TVD_GBM_U87_1202252_021512/498.1/112.1/16e5e5d8-d515-4a4f-9c22-22e9df607770.dcm
TVD_GBM_U87_1202252_021512,1.3.46.670589.11.17169.5.0.548.2012021510554459498.1,1.3.46.670589.11.17169.5.0.7588.2012021512543057321.1,T1_FFE_Cor_PostC SENSE,WIP T1_FFE_Cor_PostC SENSE,ORIGINAL\PRIMARY\M_FFE\M\FFE,256,256,0.117188\0.117188,0.5,0.25,48,48,1,256x256x48,primary anatomical,full TSE or coronal T1 anatomical acquisition,contact sheet generated,/Users/estebanfelixmoran/Desktop/Purdue/Medical_Imaging/3D-Medical-Segment-Anything/outputs/mouse_astrocytoma_zero_shot/series_qc/TVD_GBM_U87_1202252_021512/192_21512543057321_1/contact_sheet.png,/Users/estebanfelixmoran/Desktop/Purdue/Medical_Imaging/3D-Medical-Segment-Anything/outputs/mouse_astrocytoma_zero_shot/series_qc/TVD_GBM_U87_1202252_021512/192_21512543057321_1/metadata.json,/Users/estebanfelixmoran/Desktop/Purdue/Medical_Imaging/Datasets/Mouse-Astrocytoma-doiJNLP/mouse_astrocytoma/TVD_GBM_U87_1202252_021512/498.1/321.1/e3ace999-a876-4b1c-9562-c359e3017777.dcm
TVD_GBM_U87_1202252_021512,1.3.46.670589.11.17169.5.0.548.2012021510554459498.1,1.3.46.670589.11.17169.5.0.8768.2012021513152731000.1,sT1_FFE_Cor_Subtr,sT1_FFE_Cor_Subtr,ORIGINAL\PRIMARY\M_FFE\M\FFE,256,256,0.117188\0.117188,0.5,0.25,48,48,1,256x256x48,subtraction,subtraction series,contact sheet generated,/Users/estebanfelixmoran/Desktop/Purdue/Medical_Imaging/3D-Medical-Segment-Anything/outputs/mouse_astrocytoma_zero_shot/series_qc/TVD_GBM_U87_1202252_021512/193_21513152731000_1/contact_sheet.png,/Users/estebanfelixmoran/Desktop/Purdue/Medical_Imaging/3D-Medical-Segment-Anything/outputs/mouse_astrocytoma_zero_shot/series_qc/TVD_GBM_U87_1202252_021512/193_21513152731000_1/metadata.json,/Users/estebanfelixmoran/Desktop/Purdue/Medical_Imaging/Datasets/Mouse-Astrocytoma-doiJNLP/mouse_astrocytoma/TVD_GBM_U87_1202252_021512/498.1/000.1/0d57aa86-41fe-45a8-8c63-79daf2d072c0.dcm
TVD_GBM_U87_1202253_021512,1.3.46.670589.11.17169.5.0.548.2012021510554459498.2,1.3.46.670589.11.17169.5.0.7588.2012021511485671798.2,TSE_100_Cor_P4 SENSE,WIP TSE_100_Cor_P4 SENSE,ORIGINAL\PRIMARY\M_SE\M\SE,256,256,0.117188\0.117188,0.5,0.5,30,30,1,256x256x30,primary anatomical,full TSE or coronal T1 anatomical acquisition,contact sheet generated,/Users/estebanfelixmoran/Desktop/Purdue/Medical_Imaging/3D-Medical-Segment-Anything/outputs/mouse_astrocytoma_zero_shot/series_qc/TVD_GBM_U87_1202253_021512/194_21511485671798_2/contact_sheet.png,/Users/estebanfelixmoran/Desktop/Purdue/Medical_Imaging/3D-Medical-Segment-Anything/outputs/mouse_astrocytoma_zero_shot/series_qc/TVD_GBM_U87_1202253_021512/194_21511485671798_2/metadata.json,/Users/estebanfelixmoran/Desktop/Purdue/Medical_Imaging/Datasets/Mouse-Astrocytoma-doiJNLP/mouse_astrocytoma/TVD_GBM_U87_1202253_021512/498.2/798.2/393e652f-6250-46f0-9bd6-7b579e7514bc.dcm
TVD_GBM_U87_1202253_021512,1.3.46.670589.11.17169.5.0.548.2012021510554459498.2,1.3.46.670589.11.17169.5.0.7588.2012021512254482849.2,T1_FFE_Cor_PreC SENSE,WIP T1_FFE_Cor_PreC SENSE,ORIGINAL\PRIMARY\M_FFE\M\FFE,256,256,0.117188\0.117188,0.5,0.25,48,48,1,256x256x48,primary anatomical,full TSE or coronal T1 anatomical acquisition,contact sheet generated,/Users/estebanfelixmoran/Desktop/Purdue/Medical_Imaging/3D-Medical-Segment-Anything/outputs/mouse_astrocytoma_zero_shot/series_qc/TVD_GBM_U87_1202253_021512/195_21512254482849_2/contact_sheet.png,/Users/estebanfelixmoran/Desktop/Purdue/Medical_Imaging/3D-Medical-Segment-Anything/outputs/mouse_astrocytoma_zero_shot/series_qc/TVD_GBM_U87_1202253_021512/195_21512254482849_2/metadata.json,/Users/estebanfelixmoran/Desktop/Purdue/Medical_Imaging/Datasets/Mouse-Astrocytoma-doiJNLP/mouse_astrocytoma/TVD_GBM_U87_1202253_021512/498.2/849.2/6f7bf5be-d011-4a5d-8e04-cdf7f72ef430.dcm
TVD_GBM_U87_1202253_021512,1.3.46.670589.11.17169.5.0.548.2012021510554459498.2,1.3.46.670589.11.17169.5.0.7588.2012021512332107906.2,T1_FFE_PreFA5 SENSE,WIP T1_FFE_PreFA5 SENSE,ORIGINAL\PRIMARY\M_FFE\M\FFE,132,132,0.227273\0.227273,1.0,1.0,12,12,1,132x132x12,secondary anatomical,low-flip-angle anatomical reference,contact sheet generated,/Users/estebanfelixmoran/Desktop/Purdue/Medical_Imaging/3D-Medical-Segment-Anything/outputs/mouse_astrocytoma_zero_shot/series_qc/TVD_GBM_U87_1202253_021512/196_21512332107906_2/contact_sheet.png,/Users/estebanfelixmoran/Desktop/Purdue/Medical_Imaging/3D-Medical-Segment-Anything/outputs/mouse_astrocytoma_zero_shot/series_qc/TVD_GBM_U87_1202253_021512/196_21512332107906_2/metadata.json,/Users/estebanfelixmoran/Desktop/Purdue/Medical_Imaging/Datasets/Mouse-Astrocytoma-doiJNLP/mouse_astrocytoma/TVD_GBM_U87_1202253_021512/498.2/906.2/65e1095b-1302-4988-b9e4-e36d7fd3be62.dcm
TVD_GBM_U87_1202253_021512,1.3.46.670589.11.17169.5.0.548.2012021510554459498.2,1.3.46.670589.11.17169.5.0.7588.2012021512355711112.2,Dyn22s_AP_TR9/TE3 SENSE,WIP Dyn22s_AP_TR9/TE3 SENSE,ORIGINAL\PRIMARY\M_FFE\M\FFE,132,132,0.227273\0.227273,1.0,1.0,600,12,50,132x132x12,dynamic,50 repeated images per spatial position,contact sheet generated,/Users/estebanfelixmoran/Desktop/Purdue/Medical_Imaging/3D-Medical-Segment-Anything/outputs/mouse_astrocytoma_zero_shot/series_qc/TVD_GBM_U87_1202253_021512/197_21512355711112_2/contact_sheet.png,/Users/estebanfelixmoran/Desktop/Purdue/Medical_Imaging/3D-Medical-Segment-Anything/outputs/mouse_astrocytoma_zero_shot/series_qc/TVD_GBM_U87_1202253_021512/197_21512355711112_2/metadata.json,/Users/estebanfelixmoran/Desktop/Purdue/Medical_Imaging/Datasets/Mouse-Astrocytoma-doiJNLP/mouse_astrocytoma/TVD_GBM_U87_1202253_021512/498.2/112.2/bd0c8dae-59e8-47b5-8869-182caa12f90a.dcm
TVD_GBM_U87_1202253_021512,1.3.46.670589.11.17169.5.0.548.2012021510554459498.2,1.3.46.670589.11.17169.5.0.7588.2012021512543057321.2,T1_FFE_Cor_PostC SENSE,WIP T1_FFE_Cor_PostC SENSE,ORIGINAL\PRIMARY\M_FFE\M\FFE,256,256,0.117188\0.117188,0.5,0.25,48,48,1,256x256x48,primary anatomical,full TSE or coronal T1 anatomical acquisition,contact sheet generated,/Users/estebanfelixmoran/Desktop/Purdue/Medical_Imaging/3D-Medical-Segment-Anything/outputs/mouse_astrocytoma_zero_shot/series_qc/TVD_GBM_U87_1202253_021512/198_21512543057321_2/contact_sheet.png,/Users/estebanfelixmoran/Desktop/Purdue/Medical_Imaging/3D-Medical-Segment-Anything/outputs/mouse_astrocytoma_zero_shot/series_qc/TVD_GBM_U87_1202253_021512/198_21512543057321_2/metadata.json,/Users/estebanfelixmoran/Desktop/Purdue/Medical_Imaging/Datasets/Mouse-Astrocytoma-doiJNLP/mouse_astrocytoma/TVD_GBM_U87_1202253_021512/498.2/321.2/9127b587-bbb5-4db8-a683-a0a2171d663d.dcm
TVD_GBM_U87_1202253_021512,1.3.46.670589.11.17169.5.0.548.2012021510554459498.2,1.3.46.670589.11.17169.5.0.8768.2012021513152731000.2,sT1_FFE_Cor_Subtr,sT1_FFE_Cor_Subtr,ORIGINAL\PRIMARY\M_FFE\M\FFE,256,256,0.117188\0.117188,0.5,0.25,48,48,1,256x256x48,subtraction,subtraction series,contact sheet generated,/Users/estebanfelixmoran/Desktop/Purdue/Medical_Imaging/3D-Medical-Segment-Anything/outputs/mouse_astrocytoma_zero_shot/series_qc/TVD_GBM_U87_1202253_021512/199_21513152731000_2/contact_sheet.png,/Users/estebanfelixmoran/Desktop/Purdue/Medical_Imaging/3D-Medical-Segment-Anything/outputs/mouse_astrocytoma_zero_shot/series_qc/TVD_GBM_U87_1202253_021512/199_21513152731000_2/metadata.json,/Users/estebanfelixmoran/Desktop/Purdue/Medical_Imaging/Datasets/Mouse-Astrocytoma-doiJNLP/mouse_astrocytoma/TVD_GBM_U87_1202253_021512/498.2/000.2/1729e6fe-4e69-4b8a-86b7-30af6a28654a.dcm
TVD_GBM_U87_1202254_021512,1.3.46.670589.11.17169.5.0.548.2012021510554459498.3,1.3.46.670589.11.17169.5.0.7588.2012021511485671798.3,TSE_100_Cor_P4 SENSE,WIP TSE_100_Cor_P4 SENSE,ORIGINAL\PRIMARY\M_SE\M\SE,256,256,0.117188\0.117188,0.5,0.5,30,30,1,256x256x30,primary anatomical,full TSE or coronal T1 anatomical acquisition,contact sheet generated,/Users/estebanfelixmoran/Desktop/Purdue/Medical_Imaging/3D-Medical-Segment-Anything/outputs/mouse_astrocytoma_zero_shot/series_qc/TVD_GBM_U87_1202254_021512/200_21511485671798_3/contact_sheet.png,/Users/estebanfelixmoran/Desktop/Purdue/Medical_Imaging/3D-Medical-Segment-Anything/outputs/mouse_astrocytoma_zero_shot/series_qc/TVD_GBM_U87_1202254_021512/200_21511485671798_3/metadata.json,/Users/estebanfelixmoran/Desktop/Purdue/Medical_Imaging/Datasets/Mouse-Astrocytoma-doiJNLP/mouse_astrocytoma/TVD_GBM_U87_1202254_021512/498.3/798.3/459e5edc-c9e5-4342-a5ec-587c5d3d89cb.dcm
TVD_GBM_U87_1202254_021512,1.3.46.670589.11.17169.5.0.548.2012021510554459498.3,1.3.46.670589.11.17169.5.0.7588.2012021512254482849.3,T1_FFE_Cor_PreC SENSE,WIP T1_FFE_Cor_PreC SENSE,ORIGINAL\PRIMARY\M_FFE\M\FFE,256,256,0.117188\0.117188,0.5,0.25,48,48,1,256x256x48,primary anatomical,full TSE or coronal T1 anatomical acquisition,contact sheet generated,/Users/estebanfelixmoran/Desktop/Purdue/Medical_Imaging/3D-Medical-Segment-Anything/outputs/mouse_astrocytoma_zero_shot/series_qc/TVD_GBM_U87_1202254_021512/201_21512254482849_3/contact_sheet.png,/Users/estebanfelixmoran/Desktop/Purdue/Medical_Imaging/3D-Medical-Segment-Anything/outputs/mouse_astrocytoma_zero_shot/series_qc/TVD_GBM_U87_1202254_021512/201_21512254482849_3/metadata.json,/Users/estebanfelixmoran/Desktop/Purdue/Medical_Imaging/Datasets/Mouse-Astrocytoma-doiJNLP/mouse_astrocytoma/TVD_GBM_U87_1202254_021512/498.3/849.3/e561b40c-2297-424c-a134-848cf300a584.dcm
TVD_GBM_U87_1202254_021512,1.3.46.670589.11.17169.5.0.548.2012021510554459498.3,1.3.46.670589.11.17169.5.0.7588.2012021512332107906.3,T1_FFE_PreFA5 SENSE,WIP T1_FFE_PreFA5 SENSE,ORIGINAL\PRIMARY\M_FFE\M\FFE,132,132,0.227273\0.227273,1.0,1.0,12,12,1,132x132x12,secondary anatomical,low-flip-angle anatomical reference,contact sheet generated,/Users/estebanfelixmoran/Desktop/Purdue/Medical_Imaging/3D-Medical-Segment-Anything/outputs/mouse_astrocytoma_zero_shot/series_qc/TVD_GBM_U87_1202254_021512/202_21512332107906_3/contact_sheet.png,/Users/estebanfelixmoran/Desktop/Purdue/Medical_Imaging/3D-Medical-Segment-Anything/outputs/mouse_astrocytoma_zero_shot/series_qc/TVD_GBM_U87_1202254_021512/202_21512332107906_3/metadata.json,/Users/estebanfelixmoran/Desktop/Purdue/Medical_Imaging/Datasets/Mouse-Astrocytoma-doiJNLP/mouse_astrocytoma/TVD_GBM_U87_1202254_021512/498.3/906.3/32bdff79-c0b7-4e96-8775-5dc7d3f724be.dcm
TVD_GBM_U87_1202254_021512,1.3.46.670589.11.17169.5.0.548.2012021510554459498.3,1.3.46.670589.11.17169.5.0.7588.2012021512355711112.3,Dyn22s_AP_TR9/TE3 SENSE,WIP Dyn22s_AP_TR9/TE3 SENSE,ORIGINAL\PRIMARY\M_FFE\M\FFE,132,132,0.227273\0.227273,1.0,1.0,600,12,50,132x132x12,dynamic,50 repeated images per spatial position,contact sheet generated,/Users/estebanfelixmoran/Desktop/Purdue/Medical_Imaging/3D-Medical-Segment-Anything/outputs/mouse_astrocytoma_zero_shot/series_qc/TVD_GBM_U87_1202254_021512/203_21512355711112_3/contact_sheet.png,/Users/estebanfelixmoran/Desktop/Purdue/Medical_Imaging/3D-Medical-Segment-Anything/outputs/mouse_astrocytoma_zero_shot/series_qc/TVD_GBM_U87_1202254_021512/203_21512355711112_3/metadata.json,/Users/estebanfelixmoran/Desktop/Purdue/Medical_Imaging/Datasets/Mouse-Astrocytoma-doiJNLP/mouse_astrocytoma/TVD_GBM_U87_1202254_021512/498.3/112.3/518d1cdf-df0f-4c17-b2a2-22b3fc366c5e.dcm
TVD_GBM_U87_1202254_021512,1.3.46.670589.11.17169.5.0.548.2012021510554459498.3,1.3.46.670589.11.17169.5.0.7588.2012021512543057321.3,T1_FFE_Cor_PostC SENSE,WIP T1_FFE_Cor_PostC SENSE,ORIGINAL\PRIMARY\M_FFE\M\FFE,256,256,0.117188\0.117188,0.5,0.25,48,48,1,256x256x48,primary anatomical,full TSE or coronal T1 anatomical acquisition,contact sheet generated,/Users/estebanfelixmoran/Desktop/Purdue/Medical_Imaging/3D-Medical-Segment-Anything/outputs/mouse_astrocytoma_zero_shot/series_qc/TVD_GBM_U87_1202254_021512/204_21512543057321_3/contact_sheet.png,/Users/estebanfelixmoran/Desktop/Purdue/Medical_Imaging/3D-Medical-Segment-Anything/outputs/mouse_astrocytoma_zero_shot/series_qc/TVD_GBM_U87_1202254_021512/204_21512543057321_3/metadata.json,/Users/estebanfelixmoran/Desktop/Purdue/Medical_Imaging/Datasets/Mouse-Astrocytoma-doiJNLP/mouse_astrocytoma/TVD_GBM_U87_1202254_021512/498.3/321.3/c44235dc-a610-4b86-902a-a4ceb8245c9c.dcm
TVD_GBM_U87_1202254_021512,1.3.46.670589.11.17169.5.0.548.2012021510554459498.3,1.3.46.670589.11.17169.5.0.8768.2012021513152731000.3,sT1_FFE_Cor_Subtr,sT1_FFE_Cor_Subtr,ORIGINAL\PRIMARY\M_FFE\M\FFE,256,256,0.117188\0.117188,0.5,0.25,48,48,1,256x256x48,subtraction,subtraction series,contact sheet generated,/Users/estebanfelixmoran/Desktop/Purdue/Medical_Imaging/3D-Medical-Segment-Anything/outputs/mouse_astrocytoma_zero_shot/series_qc/TVD_GBM_U87_1202254_021512/205_21513152731000_3/contact_sheet.png,/Users/estebanfelixmoran/Desktop/Purdue/Medical_Imaging/3D-Medical-Segment-Anything/outputs/mouse_astrocytoma_zero_shot/series_qc/TVD_GBM_U87_1202254_021512/205_21513152731000_3/metadata.json,/Users/estebanfelixmoran/Desktop/Purdue/Medical_Imaging/Datasets/Mouse-Astrocytoma-doiJNLP/mouse_astrocytoma/TVD_GBM_U87_1202254_021512/498.3/000.3/757f9b71-fc49-4132-86ce-4b007189025f.dcm
TVD_GBM_U87_1202255_021512,1.3.46.670589.11.17169.5.0.548.2012021510554459498.4,1.3.46.670589.11.17169.5.0.7588.2012021511485671798.4,TSE_100_Cor_P4 SENSE,WIP TSE_100_Cor_P4 SENSE,ORIGINAL\PRIMARY\M_SE\M\SE,256,256,0.117188\0.117188,0.5,0.5,30,30,1,256x256x30,primary anatomical,full TSE or coronal T1 anatomical acquisition,contact sheet generated,/Users/estebanfelixmoran/Desktop/Purdue/Medical_Imaging/3D-Medical-Segment-Anything/outputs/mouse_astrocytoma_zero_shot/series_qc/TVD_GBM_U87_1202255_021512/206_21511485671798_4/contact_sheet.png,/Users/estebanfelixmoran/Desktop/Purdue/Medical_Imaging/3D-Medical-Segment-Anything/outputs/mouse_astrocytoma_zero_shot/series_qc/TVD_GBM_U87_1202255_021512/206_21511485671798_4/metadata.json,/Users/estebanfelixmoran/Desktop/Purdue/Medical_Imaging/Datasets/Mouse-Astrocytoma-doiJNLP/mouse_astrocytoma/TVD_GBM_U87_1202255_021512/498.4/798.4/be102d40-ede8-4c7f-8485-7cf6d385c679.dcm
TVD_GBM_U87_1202255_021512,1.3.46.670589.11.17169.5.0.548.2012021510554459498.4,1.3.46.670589.11.17169.5.0.7588.2012021512254482849.4,T1_FFE_Cor_PreC SENSE,WIP T1_FFE_Cor_PreC SENSE,ORIGINAL\PRIMARY\M_FFE\M\FFE,256,256,0.117188\0.117188,0.5,0.25,48,48,1,256x256x48,primary anatomical,full TSE or coronal T1 anatomical acquisition,contact sheet generated,/Users/estebanfelixmoran/Desktop/Purdue/Medical_Imaging/3D-Medical-Segment-Anything/outputs/mouse_astrocytoma_zero_shot/series_qc/TVD_GBM_U87_1202255_021512/207_21512254482849_4/contact_sheet.png,/Users/estebanfelixmoran/Desktop/Purdue/Medical_Imaging/3D-Medical-Segment-Anything/outputs/mouse_astrocytoma_zero_shot/series_qc/TVD_GBM_U87_1202255_021512/207_21512254482849_4/metadata.json,/Users/estebanfelixmoran/Desktop/Purdue/Medical_Imaging/Datasets/Mouse-Astrocytoma-doiJNLP/mouse_astrocytoma/TVD_GBM_U87_1202255_021512/498.4/849.4/c62d37f7-d342-4c1f-8278-1ee29bad0587.dcm
TVD_GBM_U87_1202255_021512,1.3.46.670589.11.17169.5.0.548.2012021510554459498.4,1.3.46.670589.11.17169.5.0.7588.2012021512332107906.4,T1_FFE_PreFA5 SENSE,WIP T1_FFE_PreFA5 SENSE,ORIGINAL\PRIMARY\M_FFE\M\FFE,132,132,0.227273\0.227273,1.0,1.0,12,12,1,132x132x12,secondary anatomical,low-flip-angle anatomical reference,contact sheet generated,/Users/estebanfelixmoran/Desktop/Purdue/Medical_Imaging/3D-Medical-Segment-Anything/outputs/mouse_astrocytoma_zero_shot/series_qc/TVD_GBM_U87_1202255_021512/208_21512332107906_4/contact_sheet.png,/Users/estebanfelixmoran/Desktop/Purdue/Medical_Imaging/3D-Medical-Segment-Anything/outputs/mouse_astrocytoma_zero_shot/series_qc/TVD_GBM_U87_1202255_021512/208_21512332107906_4/metadata.json,/Users/estebanfelixmoran/Desktop/Purdue/Medical_Imaging/Datasets/Mouse-Astrocytoma-doiJNLP/mouse_astrocytoma/TVD_GBM_U87_1202255_021512/498.4/906.4/faea703e-1d6d-4b9a-b51e-6ce247118d23.dcm
TVD_GBM_U87_1202255_021512,1.3.46.670589.11.17169.5.0.548.2012021510554459498.4,1.3.46.670589.11.17169.5.0.7588.2012021512355711112.4,Dyn22s_AP_TR9/TE3 SENSE,WIP Dyn22s_AP_TR9/TE3 SENSE,ORIGINAL\PRIMARY\M_FFE\M\FFE,132,132,0.227273\0.227273,1.0,1.0,600,12,50,132x132x12,dynamic,50 repeated images per spatial position,contact sheet generated,/Users/estebanfelixmoran/Desktop/Purdue/Medical_Imaging/3D-Medical-Segment-Anything/outputs/mouse_astrocytoma_zero_shot/series_qc/TVD_GBM_U87_1202255_021512/209_21512355711112_4/contact_sheet.png,/Users/estebanfelixmoran/Desktop/Purdue/Medical_Imaging/3D-Medical-Segment-Anything/outputs/mouse_astrocytoma_zero_shot/series_qc/TVD_GBM_U87_1202255_021512/209_21512355711112_4/metadata.json,/Users/estebanfelixmoran/Desktop/Purdue/Medical_Imaging/Datasets/Mouse-Astrocytoma-doiJNLP/mouse_astrocytoma/TVD_GBM_U87_1202255_021512/498.4/112.4/88577dec-a2ca-4563-9667-c6884a4f7ecc.dcm
TVD_GBM_U87_1202255_021512,1.3.46.670589.11.17169.5.0.548.2012021510554459498.4,1.3.46.670589.11.17169.5.0.7588.2012021512543057321.4,T1_FFE_Cor_PostC SENSE,WIP T1_FFE_Cor_PostC SENSE,ORIGINAL\PRIMARY\M_FFE\M\FFE,256,256,0.117188\0.117188,0.5,0.25,48,48,1,256x256x48,primary anatomical,full TSE or coronal T1 anatomical acquisition,contact sheet generated,/Users/estebanfelixmoran/Desktop/Purdue/Medical_Imaging/3D-Medical-Segment-Anything/outputs/mouse_astrocytoma_zero_shot/series_qc/TVD_GBM_U87_1202255_021512/210_21512543057321_4/contact_sheet.png,/Users/estebanfelixmoran/Desktop/Purdue/Medical_Imaging/3D-Medical-Segment-Anything/outputs/mouse_astrocytoma_zero_shot/series_qc/TVD_GBM_U87_1202255_021512/210_21512543057321_4/metadata.json,/Users/estebanfelixmoran/Desktop/Purdue/Medical_Imaging/Datasets/Mouse-Astrocytoma-doiJNLP/mouse_astrocytoma/TVD_GBM_U87_1202255_021512/498.4/321.4/1b40eeca-0337-4e0f-8b54-7c06930adbe9.dcm
TVD_GBM_U87_1202255_021512,1.3.46.670589.11.17169.5.0.548.2012021510554459498.4,1.3.46.670589.11.17169.5.0.8768.2012021513152731000.4,sT1_FFE_Cor_Subtr,sT1_FFE_Cor_Subtr,ORIGINAL\PRIMARY\M_FFE\M\FFE,256,256,0.117188\0.117188,0.5,0.25,48,48,1,256x256x48,subtraction,subtraction series,contact sheet generated,/Users/estebanfelixmoran/Desktop/Purdue/Medical_Imaging/3D-Medical-Segment-Anything/outputs/mouse_astrocytoma_zero_shot/series_qc/TVD_GBM_U87_1202255_021512/211_21513152731000_4/contact_sheet.png,/Users/estebanfelixmoran/Desktop/Purdue/Medical_Imaging/3D-Medical-Segment-Anything/outputs/mouse_astrocytoma_zero_shot/series_qc/TVD_GBM_U87_1202255_021512/211_21513152731000_4/metadata.json,/Users/estebanfelixmoran/Desktop/Purdue/Medical_Imaging/Datasets/Mouse-Astrocytoma-doiJNLP/mouse_astrocytoma/TVD_GBM_U87_1202255_021512/498.4/000.4/385b2c77-da14-4d14-b0ba-7a18d030331f.dcm
TVD_GBM_U87_1202444_022112,1.3.46.670589.11.17169.5.0.548.2012022109060329918.1,1.3.46.670589.11.17169.5.0.7588.2012022109591943241.1,TSE_100_Cor_P4 SENSE,WIP TSE_100_Cor_P4 SENSE,ORIGINAL\PRIMARY\M_SE\M\SE,256,256,0.117188\0.117188,0.5,0.5,30,30,1,256x256x30,primary anatomical,full TSE or coronal T1 anatomical acquisition,contact sheet generated,/Users/estebanfelixmoran/Desktop/Purdue/Medical_Imaging/3D-Medical-Segment-Anything/outputs/mouse_astrocytoma_zero_shot/series_qc/TVD_GBM_U87_1202444_022112/212_22109591943241_1/contact_sheet.png,/Users/estebanfelixmoran/Desktop/Purdue/Medical_Imaging/3D-Medical-Segment-Anything/outputs/mouse_astrocytoma_zero_shot/series_qc/TVD_GBM_U87_1202444_022112/212_22109591943241_1/metadata.json,/Users/estebanfelixmoran/Desktop/Purdue/Medical_Imaging/Datasets/Mouse-Astrocytoma-doiJNLP/mouse_astrocytoma/TVD_GBM_U87_1202444_022112/918.1/241.1/5660cd0a-f6de-489a-92de-b025c8c8779a.dcm
TVD_GBM_U87_1202444_022112,1.3.46.670589.11.17169.5.0.548.2012022109060329918.1,1.3.46.670589.11.17169.5.0.7588.2012022110283515265.1,T1_FFE_Cor_PreC SENSE,WIP T1_FFE_Cor_PreC SENSE,ORIGINAL\PRIMARY\M_FFE\M\FFE,256,256,0.117188\0.117188,0.5,0.25,48,48,1,256x256x48,primary anatomical,full TSE or coronal T1 anatomical acquisition,contact sheet generated,/Users/estebanfelixmoran/Desktop/Purdue/Medical_Imaging/3D-Medical-Segment-Anything/outputs/mouse_astrocytoma_zero_shot/series_qc/TVD_GBM_U87_1202444_022112/213_22110283515265_1/contact_sheet.png,/Users/estebanfelixmoran/Desktop/Purdue/Medical_Imaging/3D-Medical-Segment-Anything/outputs/mouse_astrocytoma_zero_shot/series_qc/TVD_GBM_U87_1202444_022112/213_22110283515265_1/metadata.json,/Users/estebanfelixmoran/Desktop/Purdue/Medical_Imaging/Datasets/Mouse-Astrocytoma-doiJNLP/mouse_astrocytoma/TVD_GBM_U87_1202444_022112/918.1/265.1/2eeeec2a-dfc7-48c0-a575-baef7ef8d1e8.dcm
TVD_GBM_U87_1202444_022112,1.3.46.670589.11.17169.5.0.548.2012022109060329918.1,1.3.46.670589.11.17169.5.0.7588.2012022110361184292.1,T1_FFE_PreFA5 SENSE,WIP T1_FFE_PreFA5 SENSE,ORIGINAL\PRIMARY\M_FFE\M\FFE,132,132,0.227273\0.227273,1.0,1.0,12,12,1,132x132x12,secondary anatomical,low-flip-angle anatomical reference,contact sheet generated,/Users/estebanfelixmoran/Desktop/Purdue/Medical_Imaging/3D-Medical-Segment-Anything/outputs/mouse_astrocytoma_zero_shot/series_qc/TVD_GBM_U87_1202444_022112/214_22110361184292_1/contact_sheet.png,/Users/estebanfelixmoran/Desktop/Purdue/Medical_Imaging/3D-Medical-Segment-Anything/outputs/mouse_astrocytoma_zero_shot/series_qc/TVD_GBM_U87_1202444_022112/214_22110361184292_1/metadata.json,/Users/estebanfelixmoran/Desktop/Purdue/Medical_Imaging/Datasets/Mouse-Astrocytoma-doiJNLP/mouse_astrocytoma/TVD_GBM_U87_1202444_022112/918.1/292.1/bac2f598-09d1-4961-8673-0d08e9292d36.dcm
TVD_GBM_U87_1202444_022112,1.3.46.670589.11.17169.5.0.548.2012022109060329918.1,1.3.46.670589.11.17169.5.0.7588.2012022110364148330.1,Dyn22s_AP_TR9/TE3 SENSE,WIP Dyn22s_AP_TR9/TE3 SENSE,ORIGINAL\PRIMARY\M_FFE\M\FFE,132,132,0.227273\0.227273,1.0,1.0,600,12,50,132x132x12,dynamic,50 repeated images per spatial position,contact sheet generated,/Users/estebanfelixmoran/Desktop/Purdue/Medical_Imaging/3D-Medical-Segment-Anything/outputs/mouse_astrocytoma_zero_shot/series_qc/TVD_GBM_U87_1202444_022112/215_22110364148330_1/contact_sheet.png,/Users/estebanfelixmoran/Desktop/Purdue/Medical_Imaging/3D-Medical-Segment-Anything/outputs/mouse_astrocytoma_zero_shot/series_qc/TVD_GBM_U87_1202444_022112/215_22110364148330_1/metadata.json,/Users/estebanfelixmoran/Desktop/Purdue/Medical_Imaging/Datasets/Mouse-Astrocytoma-doiJNLP/mouse_astrocytoma/TVD_GBM_U87_1202444_022112/918.1/330.1/72e0334d-36cd-493c-b1d0-fdbc24edd763.dcm
TVD_GBM_U87_1202444_022112,1.3.46.670589.11.17169.5.0.548.2012022109060329918.1,1.3.46.670589.11.17169.5.0.7588.2012022110551492578.1,T1_FFE_Cor_PostC SENSE,WIP T1_FFE_Cor_PostC SENSE,ORIGINAL\PRIMARY\M_FFE\M\FFE,256,256,0.117188\0.117188,0.5,0.25,48,48,1,256x256x48,primary anatomical,full TSE or coronal T1 anatomical acquisition,contact sheet generated,/Users/estebanfelixmoran/Desktop/Purdue/Medical_Imaging/3D-Medical-Segment-Anything/outputs/mouse_astrocytoma_zero_shot/series_qc/TVD_GBM_U87_1202444_022112/216_22110551492578_1/contact_sheet.png,/Users/estebanfelixmoran/Desktop/Purdue/Medical_Imaging/3D-Medical-Segment-Anything/outputs/mouse_astrocytoma_zero_shot/series_qc/TVD_GBM_U87_1202444_022112/216_22110551492578_1/metadata.json,/Users/estebanfelixmoran/Desktop/Purdue/Medical_Imaging/Datasets/Mouse-Astrocytoma-doiJNLP/mouse_astrocytoma/TVD_GBM_U87_1202444_022112/918.1/578.1/03d3ae2e-0c4c-43eb-af7c-3f867f47c3e9.dcm
TVD_GBM_U87_1202444_022112,1.3.46.670589.11.17169.5.0.548.2012022109060329918.1,1.3.46.670589.11.17169.5.0.9584.2012022111052173000.1,sT1_FFE_Subtr,sT1_FFE_Subtr,ORIGINAL\PRIMARY\M_FFE\M\FFE,256,256,0.117188\0.117188,0.5,0.25,48,48,1,256x256x48,subtraction,subtraction series,contact sheet generated,/Users/estebanfelixmoran/Desktop/Purdue/Medical_Imaging/3D-Medical-Segment-Anything/outputs/mouse_astrocytoma_zero_shot/series_qc/TVD_GBM_U87_1202444_022112/217_22111052173000_1/contact_sheet.png,/Users/estebanfelixmoran/Desktop/Purdue/Medical_Imaging/3D-Medical-Segment-Anything/outputs/mouse_astrocytoma_zero_shot/series_qc/TVD_GBM_U87_1202444_022112/217_22111052173000_1/metadata.json,/Users/estebanfelixmoran/Desktop/Purdue/Medical_Imaging/Datasets/Mouse-Astrocytoma-doiJNLP/mouse_astrocytoma/TVD_GBM_U87_1202444_022112/918.1/000.1/26b01e9d-f57f-414b-9a14-696a00d09baa.dcm
TVD_GBM_U87_1202445_022112,1.3.46.670589.11.17169.5.0.548.2012022109060329918.2,1.3.46.670589.11.17169.5.0.7588.2012022109591943241.2,TSE_100_Cor_P4 SENSE,WIP TSE_100_Cor_P4 SENSE,ORIGINAL\PRIMARY\M_SE\M\SE,256,256,0.117188\0.117188,0.5,0.5,30,30,1,256x256x30,primary anatomical,full TSE or coronal T1 anatomical acquisition,contact sheet generated,/Users/estebanfelixmoran/Desktop/Purdue/Medical_Imaging/3D-Medical-Segment-Anything/outputs/mouse_astrocytoma_zero_shot/series_qc/TVD_GBM_U87_1202445_022112/218_22109591943241_2/contact_sheet.png,/Users/estebanfelixmoran/Desktop/Purdue/Medical_Imaging/3D-Medical-Segment-Anything/outputs/mouse_astrocytoma_zero_shot/series_qc/TVD_GBM_U87_1202445_022112/218_22109591943241_2/metadata.json,/Users/estebanfelixmoran/Desktop/Purdue/Medical_Imaging/Datasets/Mouse-Astrocytoma-doiJNLP/mouse_astrocytoma/TVD_GBM_U87_1202445_022112/918.2/241.2/56950ec1-b86f-4f42-83ba-aa222868d290.dcm
TVD_GBM_U87_1202445_022112,1.3.46.670589.11.17169.5.0.548.2012022109060329918.2,1.3.46.670589.11.17169.5.0.7588.2012022110283515265.2,T1_FFE_Cor_PreC SENSE,WIP T1_FFE_Cor_PreC SENSE,ORIGINAL\PRIMARY\M_FFE\M\FFE,256,256,0.117188\0.117188,0.5,0.25,48,48,1,256x256x48,primary anatomical,full TSE or coronal T1 anatomical acquisition,contact sheet generated,/Users/estebanfelixmoran/Desktop/Purdue/Medical_Imaging/3D-Medical-Segment-Anything/outputs/mouse_astrocytoma_zero_shot/series_qc/TVD_GBM_U87_1202445_022112/219_22110283515265_2/contact_sheet.png,/Users/estebanfelixmoran/Desktop/Purdue/Medical_Imaging/3D-Medical-Segment-Anything/outputs/mouse_astrocytoma_zero_shot/series_qc/TVD_GBM_U87_1202445_022112/219_22110283515265_2/metadata.json,/Users/estebanfelixmoran/Desktop/Purdue/Medical_Imaging/Datasets/Mouse-Astrocytoma-doiJNLP/mouse_astrocytoma/TVD_GBM_U87_1202445_022112/918.2/265.2/1933106f-5683-40f5-89dc-9a2624ee0eb1.dcm
TVD_GBM_U87_1202445_022112,1.3.46.670589.11.17169.5.0.548.2012022109060329918.2,1.3.46.670589.11.17169.5.0.7588.2012022110361184292.2,T1_FFE_PreFA5 SENSE,WIP T1_FFE_PreFA5 SENSE,ORIGINAL\PRIMARY\M_FFE\M\FFE,132,132,0.227273\0.227273,1.0,1.0,12,12,1,132x132x12,secondary anatomical,low-flip-angle anatomical reference,contact sheet generated,/Users/estebanfelixmoran/Desktop/Purdue/Medical_Imaging/3D-Medical-Segment-Anything/outputs/mouse_astrocytoma_zero_shot/series_qc/TVD_GBM_U87_1202445_022112/220_22110361184292_2/contact_sheet.png,/Users/estebanfelixmoran/Desktop/Purdue/Medical_Imaging/3D-Medical-Segment-Anything/outputs/mouse_astrocytoma_zero_shot/series_qc/TVD_GBM_U87_1202445_022112/220_22110361184292_2/metadata.json,/Users/estebanfelixmoran/Desktop/Purdue/Medical_Imaging/Datasets/Mouse-Astrocytoma-doiJNLP/mouse_astrocytoma/TVD_GBM_U87_1202445_022112/918.2/292.2/aa7f9dd6-bb0e-4256-a02e-9844b3a152aa.dcm
TVD_GBM_U87_1202445_022112,1.3.46.670589.11.17169.5.0.548.2012022109060329918.2,1.3.46.670589.11.17169.5.0.7588.2012022110364148330.2,Dyn22s_AP_TR9/TE3 SENSE,WIP Dyn22s_AP_TR9/TE3 SENSE,ORIGINAL\PRIMARY\M_FFE\M\FFE,132,132,0.227273\0.227273,1.0,1.0,600,12,50,132x132x12,dynamic,50 repeated images per spatial position,contact sheet generated,/Users/estebanfelixmoran/Desktop/Purdue/Medical_Imaging/3D-Medical-Segment-Anything/outputs/mouse_astrocytoma_zero_shot/series_qc/TVD_GBM_U87_1202445_022112/221_22110364148330_2/contact_sheet.png,/Users/estebanfelixmoran/Desktop/Purdue/Medical_Imaging/3D-Medical-Segment-Anything/outputs/mouse_astrocytoma_zero_shot/series_qc/TVD_GBM_U87_1202445_022112/221_22110364148330_2/metadata.json,/Users/estebanfelixmoran/Desktop/Purdue/Medical_Imaging/Datasets/Mouse-Astrocytoma-doiJNLP/mouse_astrocytoma/TVD_GBM_U87_1202445_022112/918.2/330.2/acae46a6-1c53-4c02-a7e2-d7be5504b432.dcm
TVD_GBM_U87_1202445_022112,1.3.46.670589.11.17169.5.0.548.2012022109060329918.2,1.3.46.670589.11.17169.5.0.7588.2012022110551492578.2,T1_FFE_Cor_PostC SENSE,WIP T1_FFE_Cor_PostC SENSE,ORIGINAL\PRIMARY\M_FFE\M\FFE,256,256,0.117188\0.117188,0.5,0.25,48,48,1,256x256x48,primary anatomical,full TSE or coronal T1 anatomical acquisition,contact sheet generated,/Users/estebanfelixmoran/Desktop/Purdue/Medical_Imaging/3D-Medical-Segment-Anything/outputs/mouse_astrocytoma_zero_shot/series_qc/TVD_GBM_U87_1202445_022112/222_22110551492578_2/contact_sheet.png,/Users/estebanfelixmoran/Desktop/Purdue/Medical_Imaging/3D-Medical-Segment-Anything/outputs/mouse_astrocytoma_zero_shot/series_qc/TVD_GBM_U87_1202445_022112/222_22110551492578_2/metadata.json,/Users/estebanfelixmoran/Desktop/Purdue/Medical_Imaging/Datasets/Mouse-Astrocytoma-doiJNLP/mouse_astrocytoma/TVD_GBM_U87_1202445_022112/918.2/578.2/4f3d344f-1957-4646-a93f-5111cf4fdf14.dcm
TVD_GBM_U87_1202445_022112,1.3.46.670589.11.17169.5.0.548.2012022109060329918.2,1.3.46.670589.11.17169.5.0.9584.2012022111052173000.2,sT1_FFE_Subtr,sT1_FFE_Subtr,ORIGINAL\PRIMARY\M_FFE\M\FFE,256,256,0.117188\0.117188,0.5,0.25,48,48,1,256x256x48,subtraction,subtraction series,contact sheet generated,/Users/estebanfelixmoran/Desktop/Purdue/Medical_Imaging/3D-Medical-Segment-Anything/outputs/mouse_astrocytoma_zero_shot/series_qc/TVD_GBM_U87_1202445_022112/223_22111052173000_2/contact_sheet.png,/Users/estebanfelixmoran/Desktop/Purdue/Medical_Imaging/3D-Medical-Segment-Anything/outputs/mouse_astrocytoma_zero_shot/series_qc/TVD_GBM_U87_1202445_022112/223_22111052173000_2/metadata.json,/Users/estebanfelixmoran/Desktop/Purdue/Medical_Imaging/Datasets/Mouse-Astrocytoma-doiJNLP/mouse_astrocytoma/TVD_GBM_U87_1202445_022112/918.2/000.2/9ea6000e-ca8b-4b5a-97a4-b20212910142.dcm
TVD_GBM_U87_1202795_022312,1.3.46.670589.11.17169.5.0.548.2012022309232575113.4,1.3.46.670589.11.17169.5.0.10288.2012022311443271000.4,sT1_FFE_Cor_Subtr,sT1_FFE_Cor_Subtr,ORIGINAL\PRIMARY\M_FFE\M\FFE,256,256,0.117188\0.117188,0.5,0.25,48,48,1,256x256x48,subtraction,subtraction series,contact sheet generated,/Users/estebanfelixmoran/Desktop/Purdue/Medical_Imaging/3D-Medical-Segment-Anything/outputs/mouse_astrocytoma_zero_shot/series_qc/TVD_GBM_U87_1202795_022312/224_22311443271000_4/contact_sheet.png,/Users/estebanfelixmoran/Desktop/Purdue/Medical_Imaging/3D-Medical-Segment-Anything/outputs/mouse_astrocytoma_zero_shot/series_qc/TVD_GBM_U87_1202795_022312/224_22311443271000_4/metadata.json,/Users/estebanfelixmoran/Desktop/Purdue/Medical_Imaging/Datasets/Mouse-Astrocytoma-doiJNLP/mouse_astrocytoma/TVD_GBM_U87_1202795_022312/113.4/000.4/2322cc9e-b0d0-4dae-bfab-fa203ef1dbfe.dcm
TVD_GBM_U87_1202795_022312,1.3.46.670589.11.17169.5.0.548.2012022309232575113.4,1.3.46.670589.11.17169.5.0.7588.2012022309584643642.4,TSE_100_Cor_P4 SENSE,WIP TSE_100_Cor_P4 SENSE,ORIGINAL\PRIMARY\M_SE\M\SE,256,256,0.117188\0.117188,0.5,0.5,30,30,1,256x256x30,primary anatomical,full TSE or coronal T1 anatomical acquisition,contact sheet generated,/Users/estebanfelixmoran/Desktop/Purdue/Medical_Imaging/3D-Medical-Segment-Anything/outputs/mouse_astrocytoma_zero_shot/series_qc/TVD_GBM_U87_1202795_022312/225_22309584643642_4/contact_sheet.png,/Users/estebanfelixmoran/Desktop/Purdue/Medical_Imaging/3D-Medical-Segment-Anything/outputs/mouse_astrocytoma_zero_shot/series_qc/TVD_GBM_U87_1202795_022312/225_22309584643642_4/metadata.json,/Users/estebanfelixmoran/Desktop/Purdue/Medical_Imaging/Datasets/Mouse-Astrocytoma-doiJNLP/mouse_astrocytoma/TVD_GBM_U87_1202795_022312/113.4/642.4/d134107c-4471-45ed-85d4-faf687770686.dcm
TVD_GBM_U87_1202795_022312,1.3.46.670589.11.17169.5.0.548.2012022309232575113.4,1.3.46.670589.11.17169.5.0.7588.2012022310280206666.4,T1_FFE_Cor_PreC SENSE,WIP T1_FFE_Cor_PreC SENSE,ORIGINAL\PRIMARY\M_FFE\M\FFE,256,256,0.117188\0.117188,0.5,0.25,48,48,1,256x256x48,primary anatomical,full TSE or coronal T1 anatomical acquisition,contact sheet generated,/Users/estebanfelixmoran/Desktop/Purdue/Medical_Imaging/3D-Medical-Segment-Anything/outputs/mouse_astrocytoma_zero_shot/series_qc/TVD_GBM_U87_1202795_022312/226_22310280206666_4/contact_sheet.png,/Users/estebanfelixmoran/Desktop/Purdue/Medical_Imaging/3D-Medical-Segment-Anything/outputs/mouse_astrocytoma_zero_shot/series_qc/TVD_GBM_U87_1202795_022312/226_22310280206666_4/metadata.json,/Users/estebanfelixmoran/Desktop/Purdue/Medical_Imaging/Datasets/Mouse-Astrocytoma-doiJNLP/mouse_astrocytoma/TVD_GBM_U87_1202795_022312/113.4/666.4/a61b0273-51e6-401d-84b0-2318b60f1d2d.dcm
TVD_GBM_U87_1202795_022312,1.3.46.670589.11.17169.5.0.548.2012022309232575113.4,1.3.46.670589.11.17169.5.0.7588.2012022310353873693.4,T1_FFE_PreFA5 SENSE,WIP T1_FFE_PreFA5 SENSE,ORIGINAL\PRIMARY\M_FFE\M\FFE,132,132,0.227273\0.227273,1.0,1.0,12,12,1,132x132x12,secondary anatomical,low-flip-angle anatomical reference,contact sheet generated,/Users/estebanfelixmoran/Desktop/Purdue/Medical_Imaging/3D-Medical-Segment-Anything/outputs/mouse_astrocytoma_zero_shot/series_qc/TVD_GBM_U87_1202795_022312/227_22310353873693_4/contact_sheet.png,/Users/estebanfelixmoran/Desktop/Purdue/Medical_Imaging/3D-Medical-Segment-Anything/outputs/mouse_astrocytoma_zero_shot/series_qc/TVD_GBM_U87_1202795_022312/227_22310353873693_4/metadata.json,/Users/estebanfelixmoran/Desktop/Purdue/Medical_Imaging/Datasets/Mouse-Astrocytoma-doiJNLP/mouse_astrocytoma/TVD_GBM_U87_1202795_022312/113.4/693.4/5f811122-a453-45db-84ee-079cb4daa7d1.dcm
TVD_GBM_U87_1202795_022312,1.3.46.670589.11.17169.5.0.548.2012022309232575113.4,1.3.46.670589.11.17169.5.0.7588.2012022310380336771.4,Dyn22s_AP_TR9/TE3 SENSE,WIP Dyn22s_AP_TR9/TE3 SENSE,ORIGINAL\PRIMARY\M_FFE\M\FFE,132,132,0.227273\0.227273,1.0,1.0,600,12,50,132x132x12,dynamic,50 repeated images per spatial position,contact sheet generated,/Users/estebanfelixmoran/Desktop/Purdue/Medical_Imaging/3D-Medical-Segment-Anything/outputs/mouse_astrocytoma_zero_shot/series_qc/TVD_GBM_U87_1202795_022312/228_22310380336771_4/contact_sheet.png,/Users/estebanfelixmoran/Desktop/Purdue/Medical_Imaging/3D-Medical-Segment-Anything/outputs/mouse_astrocytoma_zero_shot/series_qc/TVD_GBM_U87_1202795_022312/228_22310380336771_4/metadata.json,/Users/estebanfelixmoran/Desktop/Purdue/Medical_Imaging/Datasets/Mouse-Astrocytoma-doiJNLP/mouse_astrocytoma/TVD_GBM_U87_1202795_022312/113.4/771.4/d0e1501f-66af-4a70-9266-10b3ddedd841.dcm
TVD_GBM_U87_1202795_022312,1.3.46.670589.11.17169.5.0.548.2012022309232575113.4,1.3.46.670589.11.17169.5.0.7588.2012022310563684980.4,T1_FFE_Cor_PostC SENSE,WIP T1_FFE_Cor_PostC SENSE,ORIGINAL\PRIMARY\M_FFE\M\FFE,256,256,0.117188\0.117188,0.5,0.25,48,48,1,256x256x48,primary anatomical,full TSE or coronal T1 anatomical acquisition,contact sheet generated,/Users/estebanfelixmoran/Desktop/Purdue/Medical_Imaging/3D-Medical-Segment-Anything/outputs/mouse_astrocytoma_zero_shot/series_qc/TVD_GBM_U87_1202795_022312/229_22310563684980_4/contact_sheet.png,/Users/estebanfelixmoran/Desktop/Purdue/Medical_Imaging/3D-Medical-Segment-Anything/outputs/mouse_astrocytoma_zero_shot/series_qc/TVD_GBM_U87_1202795_022312/229_22310563684980_4/metadata.json,/Users/estebanfelixmoran/Desktop/Purdue/Medical_Imaging/Datasets/Mouse-Astrocytoma-doiJNLP/mouse_astrocytoma/TVD_GBM_U87_1202795_022312/113.4/980.4/14f9f184-fc48-4d80-bfba-fa683398897f.dcm
TVD_GBM_U87_4493_121511,1.3.46.670589.11.17169.5.0.8084.2011121510142175228.1,1.3.46.670589.11.17169.5.0.2192.2011121511202206298.1,TSE_100_Cor_P4 SENSE,WIP TSE_100_Cor_P4 SENSE,ORIGINAL\PRIMARY\M_SE\M\SE,256,256,0.117188\0.117188,0.5,0.5,30,30,1,256x256x30,primary anatomical,full TSE or coronal T1 anatomical acquisition,contact sheet generated,/Users/estebanfelixmoran/Desktop/Purdue/Medical_Imaging/3D-Medical-Segment-Anything/outputs/mouse_astrocytoma_zero_shot/series_qc/TVD_GBM_U87_4493_121511/230_21511202206298_1/contact_sheet.png,/Users/estebanfelixmoran/Desktop/Purdue/Medical_Imaging/3D-Medical-Segment-Anything/outputs/mouse_astrocytoma_zero_shot/series_qc/TVD_GBM_U87_4493_121511/230_21511202206298_1/metadata.json,/Users/estebanfelixmoran/Desktop/Purdue/Medical_Imaging/Datasets/Mouse-Astrocytoma-doiJNLP/mouse_astrocytoma/TVD_GBM_U87_4493_121511/228.1/298.1/5dabdfcb-ae4a-48be-b8dd-e0e95e18f4e2.dcm
TVD_GBM_U87_4493_121511,1.3.46.670589.11.17169.5.0.8084.2011121510142175228.1,1.3.46.670589.11.17169.5.0.2192.2011121511493351322.1,T1_FFE_Cor_PreC SENSE,WIP T1_FFE_Cor_PreC SENSE,ORIGINAL\PRIMARY\M_FFE\M\FFE,256,256,0.117188\0.117188,0.5,0.25,48,48,1,256x256x48,primary anatomical,full TSE or coronal T1 anatomical acquisition,contact sheet generated,/Users/estebanfelixmoran/Desktop/Purdue/Medical_Imaging/3D-Medical-Segment-Anything/outputs/mouse_astrocytoma_zero_shot/series_qc/TVD_GBM_U87_4493_121511/231_21511493351322_1/contact_sheet.png,/Users/estebanfelixmoran/Desktop/Purdue/Medical_Imaging/3D-Medical-Segment-Anything/outputs/mouse_astrocytoma_zero_shot/series_qc/TVD_GBM_U87_4493_121511/231_21511493351322_1/metadata.json,/Users/estebanfelixmoran/Desktop/Purdue/Medical_Imaging/Datasets/Mouse-Astrocytoma-doiJNLP/mouse_astrocytoma/TVD_GBM_U87_4493_121511/228.1/322.1/13946d80-00c8-41e4-8c05-0a32c474ed1f.dcm
TVD_GBM_U87_4493_121511,1.3.46.670589.11.17169.5.0.8084.2011121510142175228.1,1.3.46.670589.11.17169.5.0.2192.2011121511571031349.1,T1_FFE_PreFA5 SENSE,WIP T1_FFE_PreFA5 SENSE,ORIGINAL\PRIMARY\M_FFE\M\FFE,132,132,0.227273\0.227273,1.0,1.0,12,12,1,132x132x12,secondary anatomical,low-flip-angle anatomical reference,contact sheet generated,/Users/estebanfelixmoran/Desktop/Purdue/Medical_Imaging/3D-Medical-Segment-Anything/outputs/mouse_astrocytoma_zero_shot/series_qc/TVD_GBM_U87_4493_121511/232_21511571031349_1/contact_sheet.png,/Users/estebanfelixmoran/Desktop/Purdue/Medical_Imaging/3D-Medical-Segment-Anything/outputs/mouse_astrocytoma_zero_shot/series_qc/TVD_GBM_U87_4493_121511/232_21511571031349_1/metadata.json,/Users/estebanfelixmoran/Desktop/Purdue/Medical_Imaging/Datasets/Mouse-Astrocytoma-doiJNLP/mouse_astrocytoma/TVD_GBM_U87_4493_121511/228.1/349.1/30167fba-245f-48f9-be82-70bd92703c3b.dcm
TVD_GBM_U87_4493_121511,1.3.46.670589.11.17169.5.0.8084.2011121510142175228.1,1.3.46.670589.11.17169.5.0.2192.2011121511574007387.1,Dyn22s_AP_TR9/TE3 SENSE,WIP Dyn22s_AP_TR9/TE3 SENSE,ORIGINAL\PRIMARY\M_FFE\M\FFE,132,132,0.227273\0.227273,1.0,1.0,600,12,50,132x132x12,dynamic,50 repeated images per spatial position,contact sheet generated,/Users/estebanfelixmoran/Desktop/Purdue/Medical_Imaging/3D-Medical-Segment-Anything/outputs/mouse_astrocytoma_zero_shot/series_qc/TVD_GBM_U87_4493_121511/233_21511574007387_1/contact_sheet.png,/Users/estebanfelixmoran/Desktop/Purdue/Medical_Imaging/3D-Medical-Segment-Anything/outputs/mouse_astrocytoma_zero_shot/series_qc/TVD_GBM_U87_4493_121511/233_21511574007387_1/metadata.json,/Users/estebanfelixmoran/Desktop/Purdue/Medical_Imaging/Datasets/Mouse-Astrocytoma-doiJNLP/mouse_astrocytoma/TVD_GBM_U87_4493_121511/228.1/387.1/f5726a5b-6ea6-4147-b744-5f77d05399d9.dcm
TVD_GBM_U87_4493_121511,1.3.46.670589.11.17169.5.0.8084.2011121510142175228.1,1.3.46.670589.11.17169.5.0.2192.2011121512161373635.1,T1_FFE_Cor_PostC SENSE,WIP T1_FFE_Cor_PostC SENSE,ORIGINAL\PRIMARY\M_FFE\M\FFE,256,256,0.117188\0.117188,0.5,0.25,48,48,1,256x256x48,primary anatomical,full TSE or coronal T1 anatomical acquisition,contact sheet generated,/Users/estebanfelixmoran/Desktop/Purdue/Medical_Imaging/3D-Medical-Segment-Anything/outputs/mouse_astrocytoma_zero_shot/series_qc/TVD_GBM_U87_4493_121511/234_21512161373635_1/contact_sheet.png,/Users/estebanfelixmoran/Desktop/Purdue/Medical_Imaging/3D-Medical-Segment-Anything/outputs/mouse_astrocytoma_zero_shot/series_qc/TVD_GBM_U87_4493_121511/234_21512161373635_1/metadata.json,/Users/estebanfelixmoran/Desktop/Purdue/Medical_Imaging/Datasets/Mouse-Astrocytoma-doiJNLP/mouse_astrocytoma/TVD_GBM_U87_4493_121511/228.1/635.1/efad78b7-a770-455e-811c-076244487208.dcm
TVD_GBM_U87_4493_121511,1.3.46.670589.11.17169.5.0.8084.2011121510142175228.1,1.3.46.670589.11.17169.5.0.9924.2012020709424963000.1,sWIP T1_FFE_Subtr,sWIP T1_FFE_Subtr,ORIGINAL\PRIMARY\M_FFE\M\FFE,256,256,0.117188\0.117188,0.5,0.25,48,48,1,256x256x48,subtraction,subtraction series,contact sheet generated,/Users/estebanfelixmoran/Desktop/Purdue/Medical_Imaging/3D-Medical-Segment-Anything/outputs/mouse_astrocytoma_zero_shot/series_qc/TVD_GBM_U87_4493_121511/235_20709424963000_1/contact_sheet.png,/Users/estebanfelixmoran/Desktop/Purdue/Medical_Imaging/3D-Medical-Segment-Anything/outputs/mouse_astrocytoma_zero_shot/series_qc/TVD_GBM_U87_4493_121511/235_20709424963000_1/metadata.json,/Users/estebanfelixmoran/Desktop/Purdue/Medical_Imaging/Datasets/Mouse-Astrocytoma-doiJNLP/mouse_astrocytoma/TVD_GBM_U87_4493_121511/228.1/000.1/e80426c2-9a98-4ec0-9bed-30fc5e4731b1.dcm
TVD_GBM_U87_4494_121511,1.3.46.670589.11.17169.5.0.8084.2011121510142175228.2,1.3.46.670589.11.17169.5.0.2192.2011121511202206298.2,TSE_100_Cor_P4 SENSE,WIP TSE_100_Cor_P4 SENSE,ORIGINAL\PRIMARY\M_SE\M\SE,256,256,0.117188\0.117188,0.5,0.5,30,30,1,256x256x30,primary anatomical,full TSE or coronal T1 anatomical acquisition,contact sheet generated,/Users/estebanfelixmoran/Desktop/Purdue/Medical_Imaging/3D-Medical-Segment-Anything/outputs/mouse_astrocytoma_zero_shot/series_qc/TVD_GBM_U87_4494_121511/236_21511202206298_2/contact_sheet.png,/Users/estebanfelixmoran/Desktop/Purdue/Medical_Imaging/3D-Medical-Segment-Anything/outputs/mouse_astrocytoma_zero_shot/series_qc/TVD_GBM_U87_4494_121511/236_21511202206298_2/metadata.json,/Users/estebanfelixmoran/Desktop/Purdue/Medical_Imaging/Datasets/Mouse-Astrocytoma-doiJNLP/mouse_astrocytoma/TVD_GBM_U87_4494_121511/228.2/298.2/4cb6d57a-317c-4452-ac8a-be97b38e23c7.dcm
TVD_GBM_U87_4494_121511,1.3.46.670589.11.17169.5.0.8084.2011121510142175228.2,1.3.46.670589.11.17169.5.0.2192.2011121511493351322.2,T1_FFE_Cor_PreC SENSE,WIP T1_FFE_Cor_PreC SENSE,ORIGINAL\PRIMARY\M_FFE\M\FFE,256,256,0.117188\0.117188,0.5,0.25,48,48,1,256x256x48,primary anatomical,full TSE or coronal T1 anatomical acquisition,contact sheet generated,/Users/estebanfelixmoran/Desktop/Purdue/Medical_Imaging/3D-Medical-Segment-Anything/outputs/mouse_astrocytoma_zero_shot/series_qc/TVD_GBM_U87_4494_121511/237_21511493351322_2/contact_sheet.png,/Users/estebanfelixmoran/Desktop/Purdue/Medical_Imaging/3D-Medical-Segment-Anything/outputs/mouse_astrocytoma_zero_shot/series_qc/TVD_GBM_U87_4494_121511/237_21511493351322_2/metadata.json,/Users/estebanfelixmoran/Desktop/Purdue/Medical_Imaging/Datasets/Mouse-Astrocytoma-doiJNLP/mouse_astrocytoma/TVD_GBM_U87_4494_121511/228.2/322.2/a5025b7a-f498-449a-b447-b683a19735b3.dcm
TVD_GBM_U87_4494_121511,1.3.46.670589.11.17169.5.0.8084.2011121510142175228.2,1.3.46.670589.11.17169.5.0.2192.2011121511571031349.2,T1_FFE_PreFA5 SENSE,WIP T1_FFE_PreFA5 SENSE,ORIGINAL\PRIMARY\M_FFE\M\FFE,132,132,0.227273\0.227273,1.0,1.0,12,12,1,132x132x12,secondary anatomical,low-flip-angle anatomical reference,contact sheet generated,/Users/estebanfelixmoran/Desktop/Purdue/Medical_Imaging/3D-Medical-Segment-Anything/outputs/mouse_astrocytoma_zero_shot/series_qc/TVD_GBM_U87_4494_121511/238_21511571031349_2/contact_sheet.png,/Users/estebanfelixmoran/Desktop/Purdue/Medical_Imaging/3D-Medical-Segment-Anything/outputs/mouse_astrocytoma_zero_shot/series_qc/TVD_GBM_U87_4494_121511/238_21511571031349_2/metadata.json,/Users/estebanfelixmoran/Desktop/Purdue/Medical_Imaging/Datasets/Mouse-Astrocytoma-doiJNLP/mouse_astrocytoma/TVD_GBM_U87_4494_121511/228.2/349.2/27f1518a-7cf6-4acc-a80b-0dc4bde8f1b0.dcm
TVD_GBM_U87_4494_121511,1.3.46.670589.11.17169.5.0.8084.2011121510142175228.2,1.3.46.670589.11.17169.5.0.2192.2011121511574007387.2,Dyn22s_AP_TR9/TE3 SENSE,WIP Dyn22s_AP_TR9/TE3 SENSE,ORIGINAL\PRIMARY\M_FFE\M\FFE,132,132,0.227273\0.227273,1.0,1.0,600,12,50,132x132x12,dynamic,50 repeated images per spatial position,contact sheet generated,/Users/estebanfelixmoran/Desktop/Purdue/Medical_Imaging/3D-Medical-Segment-Anything/outputs/mouse_astrocytoma_zero_shot/series_qc/TVD_GBM_U87_4494_121511/239_21511574007387_2/contact_sheet.png,/Users/estebanfelixmoran/Desktop/Purdue/Medical_Imaging/3D-Medical-Segment-Anything/outputs/mouse_astrocytoma_zero_shot/series_qc/TVD_GBM_U87_4494_121511/239_21511574007387_2/metadata.json,/Users/estebanfelixmoran/Desktop/Purdue/Medical_Imaging/Datasets/Mouse-Astrocytoma-doiJNLP/mouse_astrocytoma/TVD_GBM_U87_4494_121511/228.2/387.2/d579ea01-3f3d-4fe7-accd-39341ec1feb8.dcm
TVD_GBM_U87_4494_121511,1.3.46.670589.11.17169.5.0.8084.2011121510142175228.2,1.3.46.670589.11.17169.5.0.2192.2011121512161373635.2,T1_FFE_Cor_PostC SENSE,WIP T1_FFE_Cor_PostC SENSE,ORIGINAL\PRIMARY\M_FFE\M\FFE,256,256,0.117188\0.117188,0.5,0.25,48,48,1,256x256x48,primary anatomical,full TSE or coronal T1 anatomical acquisition,contact sheet generated,/Users/estebanfelixmoran/Desktop/Purdue/Medical_Imaging/3D-Medical-Segment-Anything/outputs/mouse_astrocytoma_zero_shot/series_qc/TVD_GBM_U87_4494_121511/240_21512161373635_2/contact_sheet.png,/Users/estebanfelixmoran/Desktop/Purdue/Medical_Imaging/3D-Medical-Segment-Anything/outputs/mouse_astrocytoma_zero_shot/series_qc/TVD_GBM_U87_4494_121511/240_21512161373635_2/metadata.json,/Users/estebanfelixmoran/Desktop/Purdue/Medical_Imaging/Datasets/Mouse-Astrocytoma-doiJNLP/mouse_astrocytoma/TVD_GBM_U87_4494_121511/228.2/635.2/a77aef2d-cbae-41a3-b4b5-4490a5c0fc76.dcm
TVD_GBM_U87_4494_121511,1.3.46.670589.11.17169.5.0.8084.2011121510142175228.2,1.3.46.670589.11.17169.5.0.9924.2012020709424963000.2,sWIP T1_FFE_Subtr,sWIP T1_FFE_Subtr,ORIGINAL\PRIMARY\M_FFE\M\FFE,256,256,0.117188\0.117188,0.5,0.25,48,48,1,256x256x48,subtraction,subtraction series,contact sheet generated,/Users/estebanfelixmoran/Desktop/Purdue/Medical_Imaging/3D-Medical-Segment-Anything/outputs/mouse_astrocytoma_zero_shot/series_qc/TVD_GBM_U87_4494_121511/241_20709424963000_2/contact_sheet.png,/Users/estebanfelixmoran/Desktop/Purdue/Medical_Imaging/3D-Medical-Segment-Anything/outputs/mouse_astrocytoma_zero_shot/series_qc/TVD_GBM_U87_4494_121511/241_20709424963000_2/metadata.json,/Users/estebanfelixmoran/Desktop/Purdue/Medical_Imaging/Datasets/Mouse-Astrocytoma-doiJNLP/mouse_astrocytoma/TVD_GBM_U87_4494_121511/228.2/000.2/7c4292aa-2219-4719-9fa0-96b72bd90196.dcm
TVD_GBM_U87_4534_121511,1.3.46.670589.11.17169.5.0.8084.2011121508500512218.1,1.3.46.670589.11.17169.5.0.11152.2012020710014350000.1,sWIP T1_FFE_Subtr,sWIP T1_FFE_Subtr,ORIGINAL\PRIMARY\M_FFE\M\FFE,256,256,0.117188\0.117188,0.5,0.25,48,48,1,256x256x48,subtraction,subtraction series,contact sheet generated,/Users/estebanfelixmoran/Desktop/Purdue/Medical_Imaging/3D-Medical-Segment-Anything/outputs/mouse_astrocytoma_zero_shot/series_qc/TVD_GBM_U87_4534_121511/242_20710014350000_1/contact_sheet.png,/Users/estebanfelixmoran/Desktop/Purdue/Medical_Imaging/3D-Medical-Segment-Anything/outputs/mouse_astrocytoma_zero_shot/series_qc/TVD_GBM_U87_4534_121511/242_20710014350000_1/metadata.json,/Users/estebanfelixmoran/Desktop/Purdue/Medical_Imaging/Datasets/Mouse-Astrocytoma-doiJNLP/mouse_astrocytoma/TVD_GBM_U87_4534_121511/218.1/000.1/06898fef-9955-4a28-9e39-f442d138ab09.dcm
TVD_GBM_U87_4534_121511,1.3.46.670589.11.17169.5.0.8084.2011121508500512218.1,1.3.46.670589.11.17169.5.0.2192.2011121509462420673.1,TSE_100_Cor_P4 SENSE,WIP TSE_100_Cor_P4 SENSE,ORIGINAL\PRIMARY\M_SE\M\SE,256,256,0.117188\0.117188,0.5,0.5,30,30,1,256x256x30,primary anatomical,full TSE or coronal T1 anatomical acquisition,contact sheet generated,/Users/estebanfelixmoran/Desktop/Purdue/Medical_Imaging/3D-Medical-Segment-Anything/outputs/mouse_astrocytoma_zero_shot/series_qc/TVD_GBM_U87_4534_121511/243_21509462420673_1/contact_sheet.png,/Users/estebanfelixmoran/Desktop/Purdue/Medical_Imaging/3D-Medical-Segment-Anything/outputs/mouse_astrocytoma_zero_shot/series_qc/TVD_GBM_U87_4534_121511/243_21509462420673_1/metadata.json,/Users/estebanfelixmoran/Desktop/Purdue/Medical_Imaging/Datasets/Mouse-Astrocytoma-doiJNLP/mouse_astrocytoma/TVD_GBM_U87_4534_121511/218.1/673.1/ebe256ae-d257-4118-887d-8bcc3fbffbb8.dcm
TVD_GBM_U87_4534_121511,1.3.46.670589.11.17169.5.0.8084.2011121508500512218.1,1.3.46.670589.11.17169.5.0.2192.2011121510153548697.1,T1_FFE_Cor_PreC SENSE,WIP T1_FFE_Cor_PreC SENSE,ORIGINAL\PRIMARY\M_FFE\M\FFE,256,256,0.117188\0.117188,0.5,0.25,48,48,1,256x256x48,primary anatomical,full TSE or coronal T1 anatomical acquisition,contact sheet generated,/Users/estebanfelixmoran/Desktop/Purdue/Medical_Imaging/3D-Medical-Segment-Anything/outputs/mouse_astrocytoma_zero_shot/series_qc/TVD_GBM_U87_4534_121511/244_21510153548697_1/contact_sheet.png,/Users/estebanfelixmoran/Desktop/Purdue/Medical_Imaging/3D-Medical-Segment-Anything/outputs/mouse_astrocytoma_zero_shot/series_qc/TVD_GBM_U87_4534_121511/244_21510153548697_1/metadata.json,/Users/estebanfelixmoran/Desktop/Purdue/Medical_Imaging/Datasets/Mouse-Astrocytoma-doiJNLP/mouse_astrocytoma/TVD_GBM_U87_4534_121511/218.1/697.1/482d9b15-d8a9-4d07-b031-f934094ad7f5.dcm
TVD_GBM_U87_4534_121511,1.3.46.670589.11.17169.5.0.8084.2011121508500512218.1,1.3.46.670589.11.17169.5.0.2192.2011121510231220724.1,T1_FFE_PreFA5 SENSE,WIP T1_FFE_PreFA5 SENSE,ORIGINAL\PRIMARY\M_FFE\M\FFE,132,132,0.227273\0.227273,1.0,1.0,12,12,1,132x132x12,secondary anatomical,low-flip-angle anatomical reference,contact sheet generated,/Users/estebanfelixmoran/Desktop/Purdue/Medical_Imaging/3D-Medical-Segment-Anything/outputs/mouse_astrocytoma_zero_shot/series_qc/TVD_GBM_U87_4534_121511/245_21510231220724_1/contact_sheet.png,/Users/estebanfelixmoran/Desktop/Purdue/Medical_Imaging/3D-Medical-Segment-Anything/outputs/mouse_astrocytoma_zero_shot/series_qc/TVD_GBM_U87_4534_121511/245_21510231220724_1/metadata.json,/Users/estebanfelixmoran/Desktop/Purdue/Medical_Imaging/Datasets/Mouse-Astrocytoma-doiJNLP/mouse_astrocytoma/TVD_GBM_U87_4534_121511/218.1/724.1/9725e825-7b92-4b85-8332-7ac887260ddf.dcm
TVD_GBM_U87_4534_121511,1.3.46.670589.11.17169.5.0.8084.2011121508500512218.1,1.3.46.670589.11.17169.5.0.2192.2011121510292490801.1,Dyn22s_AP_TR9/TE3 SENSE,WIP Dyn22s_AP_TR9/TE3 SENSE,ORIGINAL\PRIMARY\M_FFE\M\FFE,132,132,0.227273\0.227273,1.0,1.0,600,12,50,132x132x12,dynamic,50 repeated images per spatial position,contact sheet generated,/Users/estebanfelixmoran/Desktop/Purdue/Medical_Imaging/3D-Medical-Segment-Anything/outputs/mouse_astrocytoma_zero_shot/series_qc/TVD_GBM_U87_4534_121511/246_21510292490801_1/contact_sheet.png,/Users/estebanfelixmoran/Desktop/Purdue/Medical_Imaging/3D-Medical-Segment-Anything/outputs/mouse_astrocytoma_zero_shot/series_qc/TVD_GBM_U87_4534_121511/246_21510292490801_1/metadata.json,/Users/estebanfelixmoran/Desktop/Purdue/Medical_Imaging/Datasets/Mouse-Astrocytoma-doiJNLP/mouse_astrocytoma/TVD_GBM_U87_4534_121511/218.1/801.1/f54c7573-d6d0-473e-b86a-73eecffc5d99.dcm
TVD_GBM_U87_4534_121511,1.3.46.670589.11.17169.5.0.8084.2011121508500512218.1,1.3.46.670589.11.17169.5.0.2192.2011121510480334010.1,T1_FFE_Cor_PostC SENSE,WIP T1_FFE_Cor_PostC SENSE,ORIGINAL\PRIMARY\M_FFE\M\FFE,256,256,0.117188\0.117188,0.5,0.25,48,48,1,256x256x48,primary anatomical,full TSE or coronal T1 anatomical acquisition,contact sheet generated,/Users/estebanfelixmoran/Desktop/Purdue/Medical_Imaging/3D-Medical-Segment-Anything/outputs/mouse_astrocytoma_zero_shot/series_qc/TVD_GBM_U87_4534_121511/247_21510480334010_1/contact_sheet.png,/Users/estebanfelixmoran/Desktop/Purdue/Medical_Imaging/3D-Medical-Segment-Anything/outputs/mouse_astrocytoma_zero_shot/series_qc/TVD_GBM_U87_4534_121511/247_21510480334010_1/metadata.json,/Users/estebanfelixmoran/Desktop/Purdue/Medical_Imaging/Datasets/Mouse-Astrocytoma-doiJNLP/mouse_astrocytoma/TVD_GBM_U87_4534_121511/218.1/010.1/710bcd6c-62ee-4fda-a120-de89bd07e4fc.dcm
TVD_GBM_U87_4535_121411,1.3.46.670589.11.17169.5.0.8084.2011121408484042048.2,1.3.46.670589.11.17169.5.0.2192.2011121409534775507.2,TSE_100_Cor_P4 SENSE,WIP TSE_100_Cor_P4 SENSE,ORIGINAL\PRIMARY\M_SE\M\SE,256,256,0.117188\0.117188,0.5,0.5,30,30,1,256x256x30,primary anatomical,full TSE or coronal T1 anatomical acquisition,contact sheet generated,/Users/estebanfelixmoran/Desktop/Purdue/Medical_Imaging/3D-Medical-Segment-Anything/outputs/mouse_astrocytoma_zero_shot/series_qc/TVD_GBM_U87_4535_121411/248_21409534775507_2/contact_sheet.png,/Users/estebanfelixmoran/Desktop/Purdue/Medical_Imaging/3D-Medical-Segment-Anything/outputs/mouse_astrocytoma_zero_shot/series_qc/TVD_GBM_U87_4535_121411/248_21409534775507_2/metadata.json,/Users/estebanfelixmoran/Desktop/Purdue/Medical_Imaging/Datasets/Mouse-Astrocytoma-doiJNLP/mouse_astrocytoma/TVD_GBM_U87_4535_121411/048.2/507.2/bc349ef0-a1b2-4c8e-9969-0aff2874fc1a.dcm
TVD_GBM_U87_4535_121411,1.3.46.670589.11.17169.5.0.8084.2011121408484042048.2,1.3.46.670589.11.17169.5.0.2192.2011121410230351531.2,T1_FFE_Cor_PreC SENSE,WIP T1_FFE_Cor_PreC SENSE,ORIGINAL\PRIMARY\M_FFE\M\FFE,256,256,0.117188\0.117188,0.5,0.25,48,48,1,256x256x48,primary anatomical,full TSE or coronal T1 anatomical acquisition,contact sheet generated,/Users/estebanfelixmoran/Desktop/Purdue/Medical_Imaging/3D-Medical-Segment-Anything/outputs/mouse_astrocytoma_zero_shot/series_qc/TVD_GBM_U87_4535_121411/249_21410230351531_2/contact_sheet.png,/Users/estebanfelixmoran/Desktop/Purdue/Medical_Imaging/3D-Medical-Segment-Anything/outputs/mouse_astrocytoma_zero_shot/series_qc/TVD_GBM_U87_4535_121411/249_21410230351531_2/metadata.json,/Users/estebanfelixmoran/Desktop/Purdue/Medical_Imaging/Datasets/Mouse-Astrocytoma-doiJNLP/mouse_astrocytoma/TVD_GBM_U87_4535_121411/048.2/531.2/1bebd08f-4a76-4de8-a1df-06d89ec5a8ed.dcm
TVD_GBM_U87_4535_121411,1.3.46.670589.11.17169.5.0.8084.2011121408484042048.2,1.3.46.670589.11.17169.5.0.2192.2011121410304015558.2,T1_FFE_PreFA5 SENSE,WIP T1_FFE_PreFA5 SENSE,ORIGINAL\PRIMARY\M_FFE\M\FFE,132,132,0.227273\0.227273,1.0,1.0,12,12,1,132x132x12,secondary anatomical,low-flip-angle anatomical reference,contact sheet generated,/Users/estebanfelixmoran/Desktop/Purdue/Medical_Imaging/3D-Medical-Segment-Anything/outputs/mouse_astrocytoma_zero_shot/series_qc/TVD_GBM_U87_4535_121411/250_21410304015558_2/contact_sheet.png,/Users/estebanfelixmoran/Desktop/Purdue/Medical_Imaging/3D-Medical-Segment-Anything/outputs/mouse_astrocytoma_zero_shot/series_qc/TVD_GBM_U87_4535_121411/250_21410304015558_2/metadata.json,/Users/estebanfelixmoran/Desktop/Purdue/Medical_Imaging/Datasets/Mouse-Astrocytoma-doiJNLP/mouse_astrocytoma/TVD_GBM_U87_4535_121411/048.2/558.2/6b4edad9-2cb2-4612-aad1-b2925036c7a2.dcm
TVD_GBM_U87_4535_121411,1.3.46.670589.11.17169.5.0.8084.2011121408484042048.2,1.3.46.670589.11.17169.5.0.2192.2011121410342762635.2,Dyn22s_AP_TR9/TE3 SENSE,WIP Dyn22s_AP_TR9/TE3 SENSE,ORIGINAL\PRIMARY\M_FFE\M\FFE,132,132,0.227273\0.227273,1.0,1.0,600,12,50,132x132x12,dynamic,50 repeated images per spatial position,contact sheet generated,/Users/estebanfelixmoran/Desktop/Purdue/Medical_Imaging/3D-Medical-Segment-Anything/outputs/mouse_astrocytoma_zero_shot/series_qc/TVD_GBM_U87_4535_121411/251_21410342762635_2/contact_sheet.png,/Users/estebanfelixmoran/Desktop/Purdue/Medical_Imaging/3D-Medical-Segment-Anything/outputs/mouse_astrocytoma_zero_shot/series_qc/TVD_GBM_U87_4535_121411/251_21410342762635_2/metadata.json,/Users/estebanfelixmoran/Desktop/Purdue/Medical_Imaging/Datasets/Mouse-Astrocytoma-doiJNLP/mouse_astrocytoma/TVD_GBM_U87_4535_121411/048.2/635.2/82385ffe-57db-4cd2-830b-2a9b1fdfb614.dcm
TVD_GBM_U87_4535_121411,1.3.46.670589.11.17169.5.0.8084.2011121408484042048.2,1.3.46.670589.11.17169.5.0.2192.2011121410530620844.2,T1_FFE_Cor_PostC SENSE,WIP T1_FFE_Cor_PostC SENSE,ORIGINAL\PRIMARY\M_FFE\M\FFE,256,256,0.117188\0.117188,0.5,0.25,48,48,1,256x256x48,primary anatomical,full TSE or coronal T1 anatomical acquisition,contact sheet generated,/Users/estebanfelixmoran/Desktop/Purdue/Medical_Imaging/3D-Medical-Segment-Anything/outputs/mouse_astrocytoma_zero_shot/series_qc/TVD_GBM_U87_4535_121411/252_21410530620844_2/contact_sheet.png,/Users/estebanfelixmoran/Desktop/Purdue/Medical_Imaging/3D-Medical-Segment-Anything/outputs/mouse_astrocytoma_zero_shot/series_qc/TVD_GBM_U87_4535_121411/252_21410530620844_2/metadata.json,/Users/estebanfelixmoran/Desktop/Purdue/Medical_Imaging/Datasets/Mouse-Astrocytoma-doiJNLP/mouse_astrocytoma/TVD_GBM_U87_4535_121411/048.2/844.2/dabae7a0-0846-47d1-898f-b7c20e312919.dcm
TVD_GBM_U87_4535_121411,1.3.46.670589.11.17169.5.0.8084.2011121408484042048.2,1.3.46.670589.11.17169.5.0.9228.2012020711303743000.2,sWIP T1_FFE_Subtr,sWIP T1_FFE_Subtr,ORIGINAL\PRIMARY\M_FFE\M\FFE,256,256,0.117188\0.117188,0.5,0.25,48,48,1,256x256x48,subtraction,subtraction series,contact sheet generated,/Users/estebanfelixmoran/Desktop/Purdue/Medical_Imaging/3D-Medical-Segment-Anything/outputs/mouse_astrocytoma_zero_shot/series_qc/TVD_GBM_U87_4535_121411/253_20711303743000_2/contact_sheet.png,/Users/estebanfelixmoran/Desktop/Purdue/Medical_Imaging/3D-Medical-Segment-Anything/outputs/mouse_astrocytoma_zero_shot/series_qc/TVD_GBM_U87_4535_121411/253_20711303743000_2/metadata.json,/Users/estebanfelixmoran/Desktop/Purdue/Medical_Imaging/Datasets/Mouse-Astrocytoma-doiJNLP/mouse_astrocytoma/TVD_GBM_U87_4535_121411/048.2/000.2/7f73eafc-4304-4b94-818f-29ca03c9097d.dcm
TVD_GBM_U87_4536_121511,1.3.46.670589.11.17169.5.0.8084.2011121508500512218.2,1.3.46.670589.11.17169.5.0.11152.2012020710014350000.2,sWIP T1_FFE_Subtr,sWIP T1_FFE_Subtr,ORIGINAL\PRIMARY\M_FFE\M\FFE,256,256,0.117188\0.117188,0.5,0.25,48,48,1,256x256x48,subtraction,subtraction series,contact sheet generated,/Users/estebanfelixmoran/Desktop/Purdue/Medical_Imaging/3D-Medical-Segment-Anything/outputs/mouse_astrocytoma_zero_shot/series_qc/TVD_GBM_U87_4536_121511/254_20710014350000_2/contact_sheet.png,/Users/estebanfelixmoran/Desktop/Purdue/Medical_Imaging/3D-Medical-Segment-Anything/outputs/mouse_astrocytoma_zero_shot/series_qc/TVD_GBM_U87_4536_121511/254_20710014350000_2/metadata.json,/Users/estebanfelixmoran/Desktop/Purdue/Medical_Imaging/Datasets/Mouse-Astrocytoma-doiJNLP/mouse_astrocytoma/TVD_GBM_U87_4536_121511/218.2/000.2/9a03629c-bbf5-461b-967f-8d0a3f4eb7e6.dcm
TVD_GBM_U87_4536_121511,1.3.46.670589.11.17169.5.0.8084.2011121508500512218.2,1.3.46.670589.11.17169.5.0.2192.2011121509462420673.2,TSE_100_Cor_P4 SENSE,WIP TSE_100_Cor_P4 SENSE,ORIGINAL\PRIMARY\M_SE\M\SE,256,256,0.117188\0.117188,0.5,0.5,30,30,1,256x256x30,primary anatomical,full TSE or coronal T1 anatomical acquisition,contact sheet generated,/Users/estebanfelixmoran/Desktop/Purdue/Medical_Imaging/3D-Medical-Segment-Anything/outputs/mouse_astrocytoma_zero_shot/series_qc/TVD_GBM_U87_4536_121511/255_21509462420673_2/contact_sheet.png,/Users/estebanfelixmoran/Desktop/Purdue/Medical_Imaging/3D-Medical-Segment-Anything/outputs/mouse_astrocytoma_zero_shot/series_qc/TVD_GBM_U87_4536_121511/255_21509462420673_2/metadata.json,/Users/estebanfelixmoran/Desktop/Purdue/Medical_Imaging/Datasets/Mouse-Astrocytoma-doiJNLP/mouse_astrocytoma/TVD_GBM_U87_4536_121511/218.2/673.2/fe29c52b-288f-4593-8524-c6fc94084767.dcm
TVD_GBM_U87_4536_121511,1.3.46.670589.11.17169.5.0.8084.2011121508500512218.2,1.3.46.670589.11.17169.5.0.2192.2011121510153548697.2,T1_FFE_Cor_PreC SENSE,WIP T1_FFE_Cor_PreC SENSE,ORIGINAL\PRIMARY\M_FFE\M\FFE,256,256,0.117188\0.117188,0.5,0.25,48,48,1,256x256x48,primary anatomical,full TSE or coronal T1 anatomical acquisition,contact sheet generated,/Users/estebanfelixmoran/Desktop/Purdue/Medical_Imaging/3D-Medical-Segment-Anything/outputs/mouse_astrocytoma_zero_shot/series_qc/TVD_GBM_U87_4536_121511/256_21510153548697_2/contact_sheet.png,/Users/estebanfelixmoran/Desktop/Purdue/Medical_Imaging/3D-Medical-Segment-Anything/outputs/mouse_astrocytoma_zero_shot/series_qc/TVD_GBM_U87_4536_121511/256_21510153548697_2/metadata.json,/Users/estebanfelixmoran/Desktop/Purdue/Medical_Imaging/Datasets/Mouse-Astrocytoma-doiJNLP/mouse_astrocytoma/TVD_GBM_U87_4536_121511/218.2/697.2/ce30bcd6-b277-441b-8029-55d362856efe.dcm
TVD_GBM_U87_4536_121511,1.3.46.670589.11.17169.5.0.8084.2011121508500512218.2,1.3.46.670589.11.17169.5.0.2192.2011121510231220724.2,T1_FFE_PreFA5 SENSE,WIP T1_FFE_PreFA5 SENSE,ORIGINAL\PRIMARY\M_FFE\M\FFE,132,132,0.227273\0.227273,1.0,1.0,12,12,1,132x132x12,secondary anatomical,low-flip-angle anatomical reference,contact sheet generated,/Users/estebanfelixmoran/Desktop/Purdue/Medical_Imaging/3D-Medical-Segment-Anything/outputs/mouse_astrocytoma_zero_shot/series_qc/TVD_GBM_U87_4536_121511/257_21510231220724_2/contact_sheet.png,/Users/estebanfelixmoran/Desktop/Purdue/Medical_Imaging/3D-Medical-Segment-Anything/outputs/mouse_astrocytoma_zero_shot/series_qc/TVD_GBM_U87_4536_121511/257_21510231220724_2/metadata.json,/Users/estebanfelixmoran/Desktop/Purdue/Medical_Imaging/Datasets/Mouse-Astrocytoma-doiJNLP/mouse_astrocytoma/TVD_GBM_U87_4536_121511/218.2/724.2/e266ee26-9196-4b59-a4e2-2d65908c75d1.dcm
TVD_GBM_U87_4536_121511,1.3.46.670589.11.17169.5.0.8084.2011121508500512218.2,1.3.46.670589.11.17169.5.0.2192.2011121510292490801.2,Dyn22s_AP_TR9/TE3 SENSE,WIP Dyn22s_AP_TR9/TE3 SENSE,ORIGINAL\PRIMARY\M_FFE\M\FFE,132,132,0.227273\0.227273,1.0,1.0,600,12,50,132x132x12,dynamic,50 repeated images per spatial position,contact sheet generated,/Users/estebanfelixmoran/Desktop/Purdue/Medical_Imaging/3D-Medical-Segment-Anything/outputs/mouse_astrocytoma_zero_shot/series_qc/TVD_GBM_U87_4536_121511/258_21510292490801_2/contact_sheet.png,/Users/estebanfelixmoran/Desktop/Purdue/Medical_Imaging/3D-Medical-Segment-Anything/outputs/mouse_astrocytoma_zero_shot/series_qc/TVD_GBM_U87_4536_121511/258_21510292490801_2/metadata.json,/Users/estebanfelixmoran/Desktop/Purdue/Medical_Imaging/Datasets/Mouse-Astrocytoma-doiJNLP/mouse_astrocytoma/TVD_GBM_U87_4536_121511/218.2/801.2/4d9f8392-28e3-46e0-bf80-47f18dd52323.dcm
TVD_GBM_U87_4536_121511,1.3.46.670589.11.17169.5.0.8084.2011121508500512218.2,1.3.46.670589.11.17169.5.0.2192.2011121510480334010.2,T1_FFE_Cor_PostC SENSE,WIP T1_FFE_Cor_PostC SENSE,ORIGINAL\PRIMARY\M_FFE\M\FFE,256,256,0.117188\0.117188,0.5,0.25,48,48,1,256x256x48,primary anatomical,full TSE or coronal T1 anatomical acquisition,contact sheet generated,/Users/estebanfelixmoran/Desktop/Purdue/Medical_Imaging/3D-Medical-Segment-Anything/outputs/mouse_astrocytoma_zero_shot/series_qc/TVD_GBM_U87_4536_121511/259_21510480334010_2/contact_sheet.png,/Users/estebanfelixmoran/Desktop/Purdue/Medical_Imaging/3D-Medical-Segment-Anything/outputs/mouse_astrocytoma_zero_shot/series_qc/TVD_GBM_U87_4536_121511/259_21510480334010_2/metadata.json,/Users/estebanfelixmoran/Desktop/Purdue/Medical_Imaging/Datasets/Mouse-Astrocytoma-doiJNLP/mouse_astrocytoma/TVD_GBM_U87_4536_121511/218.2/010.2/4a2267c8-b007-4b1c-a290-40c2f79748b8.dcm
TVD_GBM_U87_4538_121511,1.3.46.670589.11.17169.5.0.8084.2011121508500512218.4,1.3.46.670589.11.17169.5.0.11152.2012020710014350000.4,sWIP T1_FFE_Subtr,sWIP T1_FFE_Subtr,ORIGINAL\PRIMARY\M_FFE\M\FFE,256,256,0.117188\0.117188,0.5,0.25,48,48,1,256x256x48,subtraction,subtraction series,contact sheet generated,/Users/estebanfelixmoran/Desktop/Purdue/Medical_Imaging/3D-Medical-Segment-Anything/outputs/mouse_astrocytoma_zero_shot/series_qc/TVD_GBM_U87_4538_121511/260_20710014350000_4/contact_sheet.png,/Users/estebanfelixmoran/Desktop/Purdue/Medical_Imaging/3D-Medical-Segment-Anything/outputs/mouse_astrocytoma_zero_shot/series_qc/TVD_GBM_U87_4538_121511/260_20710014350000_4/metadata.json,/Users/estebanfelixmoran/Desktop/Purdue/Medical_Imaging/Datasets/Mouse-Astrocytoma-doiJNLP/mouse_astrocytoma/TVD_GBM_U87_4538_121511/218.4/000.4/f5c606bf-1347-4366-bd1b-bc7f752eb73c.dcm
TVD_GBM_U87_4538_121511,1.3.46.670589.11.17169.5.0.8084.2011121508500512218.4,1.3.46.670589.11.17169.5.0.2192.2011121509462420673.4,TSE_100_Cor_P4 SENSE,WIP TSE_100_Cor_P4 SENSE,ORIGINAL\PRIMARY\M_SE\M\SE,256,256,0.117188\0.117188,0.5,0.5,30,30,1,256x256x30,primary anatomical,full TSE or coronal T1 anatomical acquisition,contact sheet generated,/Users/estebanfelixmoran/Desktop/Purdue/Medical_Imaging/3D-Medical-Segment-Anything/outputs/mouse_astrocytoma_zero_shot/series_qc/TVD_GBM_U87_4538_121511/261_21509462420673_4/contact_sheet.png,/Users/estebanfelixmoran/Desktop/Purdue/Medical_Imaging/3D-Medical-Segment-Anything/outputs/mouse_astrocytoma_zero_shot/series_qc/TVD_GBM_U87_4538_121511/261_21509462420673_4/metadata.json,/Users/estebanfelixmoran/Desktop/Purdue/Medical_Imaging/Datasets/Mouse-Astrocytoma-doiJNLP/mouse_astrocytoma/TVD_GBM_U87_4538_121511/218.4/673.4/062eb9c7-d650-4f6b-bfa8-0d5feb15e07f.dcm
TVD_GBM_U87_4538_121511,1.3.46.670589.11.17169.5.0.8084.2011121508500512218.4,1.3.46.670589.11.17169.5.0.2192.2011121510153548697.4,T1_FFE_Cor_PreC SENSE,WIP T1_FFE_Cor_PreC SENSE,ORIGINAL\PRIMARY\M_FFE\M\FFE,256,256,0.117188\0.117188,0.5,0.25,48,48,1,256x256x48,primary anatomical,full TSE or coronal T1 anatomical acquisition,contact sheet generated,/Users/estebanfelixmoran/Desktop/Purdue/Medical_Imaging/3D-Medical-Segment-Anything/outputs/mouse_astrocytoma_zero_shot/series_qc/TVD_GBM_U87_4538_121511/262_21510153548697_4/contact_sheet.png,/Users/estebanfelixmoran/Desktop/Purdue/Medical_Imaging/3D-Medical-Segment-Anything/outputs/mouse_astrocytoma_zero_shot/series_qc/TVD_GBM_U87_4538_121511/262_21510153548697_4/metadata.json,/Users/estebanfelixmoran/Desktop/Purdue/Medical_Imaging/Datasets/Mouse-Astrocytoma-doiJNLP/mouse_astrocytoma/TVD_GBM_U87_4538_121511/218.4/697.4/9b4b1d7b-a724-4a74-b58b-cf2667279047.dcm
TVD_GBM_U87_4538_121511,1.3.46.670589.11.17169.5.0.8084.2011121508500512218.4,1.3.46.670589.11.17169.5.0.2192.2011121510231220724.4,T1_FFE_PreFA5 SENSE,WIP T1_FFE_PreFA5 SENSE,ORIGINAL\PRIMARY\M_FFE\M\FFE,132,132,0.227273\0.227273,1.0,1.0,12,12,1,132x132x12,secondary anatomical,low-flip-angle anatomical reference,contact sheet generated,/Users/estebanfelixmoran/Desktop/Purdue/Medical_Imaging/3D-Medical-Segment-Anything/outputs/mouse_astrocytoma_zero_shot/series_qc/TVD_GBM_U87_4538_121511/263_21510231220724_4/contact_sheet.png,/Users/estebanfelixmoran/Desktop/Purdue/Medical_Imaging/3D-Medical-Segment-Anything/outputs/mouse_astrocytoma_zero_shot/series_qc/TVD_GBM_U87_4538_121511/263_21510231220724_4/metadata.json,/Users/estebanfelixmoran/Desktop/Purdue/Medical_Imaging/Datasets/Mouse-Astrocytoma-doiJNLP/mouse_astrocytoma/TVD_GBM_U87_4538_121511/218.4/724.4/ebf8f8ef-e854-4e92-b50e-542258951587.dcm
TVD_GBM_U87_4538_121511,1.3.46.670589.11.17169.5.0.8084.2011121508500512218.4,1.3.46.670589.11.17169.5.0.2192.2011121510292490801.4,Dyn22s_AP_TR9/TE3 SENSE,WIP Dyn22s_AP_TR9/TE3 SENSE,ORIGINAL\PRIMARY\M_FFE\M\FFE,132,132,0.227273\0.227273,1.0,1.0,600,12,50,132x132x12,dynamic,50 repeated images per spatial position,contact sheet generated,/Users/estebanfelixmoran/Desktop/Purdue/Medical_Imaging/3D-Medical-Segment-Anything/outputs/mouse_astrocytoma_zero_shot/series_qc/TVD_GBM_U87_4538_121511/264_21510292490801_4/contact_sheet.png,/Users/estebanfelixmoran/Desktop/Purdue/Medical_Imaging/3D-Medical-Segment-Anything/outputs/mouse_astrocytoma_zero_shot/series_qc/TVD_GBM_U87_4538_121511/264_21510292490801_4/metadata.json,/Users/estebanfelixmoran/Desktop/Purdue/Medical_Imaging/Datasets/Mouse-Astrocytoma-doiJNLP/mouse_astrocytoma/TVD_GBM_U87_4538_121511/218.4/801.4/ea63d55c-5a72-4af6-a67c-0332cd734bfd.dcm
TVD_GBM_U87_4538_121511,1.3.46.670589.11.17169.5.0.8084.2011121508500512218.4,1.3.46.670589.11.17169.5.0.2192.2011121510480334010.4,T1_FFE_Cor_PostC SENSE,WIP T1_FFE_Cor_PostC SENSE,ORIGINAL\PRIMARY\M_FFE\M\FFE,256,256,0.117188\0.117188,0.5,0.25,48,48,1,256x256x48,primary anatomical,full TSE or coronal T1 anatomical acquisition,contact sheet generated,/Users/estebanfelixmoran/Desktop/Purdue/Medical_Imaging/3D-Medical-Segment-Anything/outputs/mouse_astrocytoma_zero_shot/series_qc/TVD_GBM_U87_4538_121511/265_21510480334010_4/contact_sheet.png,/Users/estebanfelixmoran/Desktop/Purdue/Medical_Imaging/3D-Medical-Segment-Anything/outputs/mouse_astrocytoma_zero_shot/series_qc/TVD_GBM_U87_4538_121511/265_21510480334010_4/metadata.json,/Users/estebanfelixmoran/Desktop/Purdue/Medical_Imaging/Datasets/Mouse-Astrocytoma-doiJNLP/mouse_astrocytoma/TVD_GBM_U87_4538_121511/218.4/010.4/60fdaa84-f186-44fb-a6d9-dc662bd4f7e3.dcm
TVD_GBM_U87_4540_121411,1.3.46.670589.11.17169.5.0.8084.2011121408484042048.3,1.3.46.670589.11.17169.5.0.2192.2011121409534775507.3,TSE_100_Cor_P4 SENSE,WIP TSE_100_Cor_P4 SENSE,ORIGINAL\PRIMARY\M_SE\M\SE,256,256,0.117188\0.117188,0.5,0.5,30,30,1,256x256x30,primary anatomical,full TSE or coronal T1 anatomical acquisition,contact sheet generated,/Users/estebanfelixmoran/Desktop/Purdue/Medical_Imaging/3D-Medical-Segment-Anything/outputs/mouse_astrocytoma_zero_shot/series_qc/TVD_GBM_U87_4540_121411/266_21409534775507_3/contact_sheet.png,/Users/estebanfelixmoran/Desktop/Purdue/Medical_Imaging/3D-Medical-Segment-Anything/outputs/mouse_astrocytoma_zero_shot/series_qc/TVD_GBM_U87_4540_121411/266_21409534775507_3/metadata.json,/Users/estebanfelixmoran/Desktop/Purdue/Medical_Imaging/Datasets/Mouse-Astrocytoma-doiJNLP/mouse_astrocytoma/TVD_GBM_U87_4540_121411/048.3/507.3/6c127b22-0ea4-46d6-91bf-4dcf644cd932.dcm
TVD_GBM_U87_4540_121411,1.3.46.670589.11.17169.5.0.8084.2011121408484042048.3,1.3.46.670589.11.17169.5.0.2192.2011121410230351531.3,T1_FFE_Cor_PreC SENSE,WIP T1_FFE_Cor_PreC SENSE,ORIGINAL\PRIMARY\M_FFE\M\FFE,256,256,0.117188\0.117188,0.5,0.25,48,48,1,256x256x48,primary anatomical,full TSE or coronal T1 anatomical acquisition,contact sheet generated,/Users/estebanfelixmoran/Desktop/Purdue/Medical_Imaging/3D-Medical-Segment-Anything/outputs/mouse_astrocytoma_zero_shot/series_qc/TVD_GBM_U87_4540_121411/267_21410230351531_3/contact_sheet.png,/Users/estebanfelixmoran/Desktop/Purdue/Medical_Imaging/3D-Medical-Segment-Anything/outputs/mouse_astrocytoma_zero_shot/series_qc/TVD_GBM_U87_4540_121411/267_21410230351531_3/metadata.json,/Users/estebanfelixmoran/Desktop/Purdue/Medical_Imaging/Datasets/Mouse-Astrocytoma-doiJNLP/mouse_astrocytoma/TVD_GBM_U87_4540_121411/048.3/531.3/fafbfd93-5333-4ecb-8f57-26ee76aa12b6.dcm
TVD_GBM_U87_4540_121411,1.3.46.670589.11.17169.5.0.8084.2011121408484042048.3,1.3.46.670589.11.17169.5.0.2192.2011121410304015558.3,T1_FFE_PreFA5 SENSE,WIP T1_FFE_PreFA5 SENSE,ORIGINAL\PRIMARY\M_FFE\M\FFE,132,132,0.227273\0.227273,1.0,1.0,12,12,1,132x132x12,secondary anatomical,low-flip-angle anatomical reference,contact sheet generated,/Users/estebanfelixmoran/Desktop/Purdue/Medical_Imaging/3D-Medical-Segment-Anything/outputs/mouse_astrocytoma_zero_shot/series_qc/TVD_GBM_U87_4540_121411/268_21410304015558_3/contact_sheet.png,/Users/estebanfelixmoran/Desktop/Purdue/Medical_Imaging/3D-Medical-Segment-Anything/outputs/mouse_astrocytoma_zero_shot/series_qc/TVD_GBM_U87_4540_121411/268_21410304015558_3/metadata.json,/Users/estebanfelixmoran/Desktop/Purdue/Medical_Imaging/Datasets/Mouse-Astrocytoma-doiJNLP/mouse_astrocytoma/TVD_GBM_U87_4540_121411/048.3/558.3/13640e5f-c7d4-4b5d-b84f-bdb9f939168b.dcm
TVD_GBM_U87_4540_121411,1.3.46.670589.11.17169.5.0.8084.2011121408484042048.3,1.3.46.670589.11.17169.5.0.2192.2011121410342762635.3,Dyn22s_AP_TR9/TE3 SENSE,WIP Dyn22s_AP_TR9/TE3 SENSE,ORIGINAL\PRIMARY\M_FFE\M\FFE,132,132,0.227273\0.227273,1.0,1.0,600,12,50,132x132x12,dynamic,50 repeated images per spatial position,contact sheet generated,/Users/estebanfelixmoran/Desktop/Purdue/Medical_Imaging/3D-Medical-Segment-Anything/outputs/mouse_astrocytoma_zero_shot/series_qc/TVD_GBM_U87_4540_121411/269_21410342762635_3/contact_sheet.png,/Users/estebanfelixmoran/Desktop/Purdue/Medical_Imaging/3D-Medical-Segment-Anything/outputs/mouse_astrocytoma_zero_shot/series_qc/TVD_GBM_U87_4540_121411/269_21410342762635_3/metadata.json,/Users/estebanfelixmoran/Desktop/Purdue/Medical_Imaging/Datasets/Mouse-Astrocytoma-doiJNLP/mouse_astrocytoma/TVD_GBM_U87_4540_121411/048.3/635.3/9dfe6a7d-38db-4569-bf2f-de7404b3bce6.dcm
TVD_GBM_U87_4540_121411,1.3.46.670589.11.17169.5.0.8084.2011121408484042048.3,1.3.46.670589.11.17169.5.0.2192.2011121410530620844.3,T1_FFE_Cor_PostC SENSE,WIP T1_FFE_Cor_PostC SENSE,ORIGINAL\PRIMARY\M_FFE\M\FFE,256,256,0.117188\0.117188,0.5,0.25,48,48,1,256x256x48,primary anatomical,full TSE or coronal T1 anatomical acquisition,contact sheet generated,/Users/estebanfelixmoran/Desktop/Purdue/Medical_Imaging/3D-Medical-Segment-Anything/outputs/mouse_astrocytoma_zero_shot/series_qc/TVD_GBM_U87_4540_121411/270_21410530620844_3/contact_sheet.png,/Users/estebanfelixmoran/Desktop/Purdue/Medical_Imaging/3D-Medical-Segment-Anything/outputs/mouse_astrocytoma_zero_shot/series_qc/TVD_GBM_U87_4540_121411/270_21410530620844_3/metadata.json,/Users/estebanfelixmoran/Desktop/Purdue/Medical_Imaging/Datasets/Mouse-Astrocytoma-doiJNLP/mouse_astrocytoma/TVD_GBM_U87_4540_121411/048.3/844.3/e839f5bd-b96c-49fa-8ac3-265237c9d941.dcm
TVD_GBM_U87_4540_121411,1.3.46.670589.11.17169.5.0.8084.2011121408484042048.3,1.3.46.670589.11.17169.5.0.9228.2012020711303743000.3,sWIP T1_FFE_Subtr,sWIP T1_FFE_Subtr,ORIGINAL\PRIMARY\M_FFE\M\FFE,256,256,0.117188\0.117188,0.5,0.25,48,48,1,256x256x48,subtraction,subtraction series,contact sheet generated,/Users/estebanfelixmoran/Desktop/Purdue/Medical_Imaging/3D-Medical-Segment-Anything/outputs/mouse_astrocytoma_zero_shot/series_qc/TVD_GBM_U87_4540_121411/271_20711303743000_3/contact_sheet.png,/Users/estebanfelixmoran/Desktop/Purdue/Medical_Imaging/3D-Medical-Segment-Anything/outputs/mouse_astrocytoma_zero_shot/series_qc/TVD_GBM_U87_4540_121411/271_20711303743000_3/metadata.json,/Users/estebanfelixmoran/Desktop/Purdue/Medical_Imaging/Datasets/Mouse-Astrocytoma-doiJNLP/mouse_astrocytoma/TVD_GBM_U87_4540_121411/048.3/000.3/1549ea1c-28e6-4c49-8a0b-82d2ac52d3e3.dcm
TVD_GBM_U87_4541_121411,1.3.46.670589.11.17169.5.0.8084.2011121408484042048.4,1.3.46.670589.11.17169.5.0.2192.2011121409534775507.4,TSE_100_Cor_P4 SENSE,WIP TSE_100_Cor_P4 SENSE,ORIGINAL\PRIMARY\M_SE\M\SE,256,256,0.117188\0.117188,0.5,0.5,30,30,1,256x256x30,primary anatomical,full TSE or coronal T1 anatomical acquisition,contact sheet generated,/Users/estebanfelixmoran/Desktop/Purdue/Medical_Imaging/3D-Medical-Segment-Anything/outputs/mouse_astrocytoma_zero_shot/series_qc/TVD_GBM_U87_4541_121411/272_21409534775507_4/contact_sheet.png,/Users/estebanfelixmoran/Desktop/Purdue/Medical_Imaging/3D-Medical-Segment-Anything/outputs/mouse_astrocytoma_zero_shot/series_qc/TVD_GBM_U87_4541_121411/272_21409534775507_4/metadata.json,/Users/estebanfelixmoran/Desktop/Purdue/Medical_Imaging/Datasets/Mouse-Astrocytoma-doiJNLP/mouse_astrocytoma/TVD_GBM_U87_4541_121411/048.4/507.4/c0bd22b3-a7e8-407f-aa10-c89d88206c31.dcm
TVD_GBM_U87_4541_121411,1.3.46.670589.11.17169.5.0.8084.2011121408484042048.4,1.3.46.670589.11.17169.5.0.2192.2011121410230351531.4,T1_FFE_Cor_PreC SENSE,WIP T1_FFE_Cor_PreC SENSE,ORIGINAL\PRIMARY\M_FFE\M\FFE,256,256,0.117188\0.117188,0.5,0.25,48,48,1,256x256x48,primary anatomical,full TSE or coronal T1 anatomical acquisition,contact sheet generated,/Users/estebanfelixmoran/Desktop/Purdue/Medical_Imaging/3D-Medical-Segment-Anything/outputs/mouse_astrocytoma_zero_shot/series_qc/TVD_GBM_U87_4541_121411/273_21410230351531_4/contact_sheet.png,/Users/estebanfelixmoran/Desktop/Purdue/Medical_Imaging/3D-Medical-Segment-Anything/outputs/mouse_astrocytoma_zero_shot/series_qc/TVD_GBM_U87_4541_121411/273_21410230351531_4/metadata.json,/Users/estebanfelixmoran/Desktop/Purdue/Medical_Imaging/Datasets/Mouse-Astrocytoma-doiJNLP/mouse_astrocytoma/TVD_GBM_U87_4541_121411/048.4/531.4/f998bb74-12e0-4a73-8e42-d31202ae5889.dcm
TVD_GBM_U87_4541_121411,1.3.46.670589.11.17169.5.0.8084.2011121408484042048.4,1.3.46.670589.11.17169.5.0.2192.2011121410304015558.4,T1_FFE_PreFA5 SENSE,WIP T1_FFE_PreFA5 SENSE,ORIGINAL\PRIMARY\M_FFE\M\FFE,132,132,0.227273\0.227273,1.0,1.0,12,12,1,132x132x12,secondary anatomical,low-flip-angle anatomical reference,contact sheet generated,/Users/estebanfelixmoran/Desktop/Purdue/Medical_Imaging/3D-Medical-Segment-Anything/outputs/mouse_astrocytoma_zero_shot/series_qc/TVD_GBM_U87_4541_121411/274_21410304015558_4/contact_sheet.png,/Users/estebanfelixmoran/Desktop/Purdue/Medical_Imaging/3D-Medical-Segment-Anything/outputs/mouse_astrocytoma_zero_shot/series_qc/TVD_GBM_U87_4541_121411/274_21410304015558_4/metadata.json,/Users/estebanfelixmoran/Desktop/Purdue/Medical_Imaging/Datasets/Mouse-Astrocytoma-doiJNLP/mouse_astrocytoma/TVD_GBM_U87_4541_121411/048.4/558.4/255136bc-55ec-4abe-844b-6ef3d12d15d0.dcm
TVD_GBM_U87_4541_121411,1.3.46.670589.11.17169.5.0.8084.2011121408484042048.4,1.3.46.670589.11.17169.5.0.2192.2011121410342762635.4,Dyn22s_AP_TR9/TE3 SENSE,WIP Dyn22s_AP_TR9/TE3 SENSE,ORIGINAL\PRIMARY\M_FFE\M\FFE,132,132,0.227273\0.227273,1.0,1.0,600,12,50,132x132x12,dynamic,50 repeated images per spatial position,contact sheet generated,/Users/estebanfelixmoran/Desktop/Purdue/Medical_Imaging/3D-Medical-Segment-Anything/outputs/mouse_astrocytoma_zero_shot/series_qc/TVD_GBM_U87_4541_121411/275_21410342762635_4/contact_sheet.png,/Users/estebanfelixmoran/Desktop/Purdue/Medical_Imaging/3D-Medical-Segment-Anything/outputs/mouse_astrocytoma_zero_shot/series_qc/TVD_GBM_U87_4541_121411/275_21410342762635_4/metadata.json,/Users/estebanfelixmoran/Desktop/Purdue/Medical_Imaging/Datasets/Mouse-Astrocytoma-doiJNLP/mouse_astrocytoma/TVD_GBM_U87_4541_121411/048.4/635.4/6b2d6662-ef1b-4f01-b982-62cedbd4157e.dcm
TVD_GBM_U87_4541_121411,1.3.46.670589.11.17169.5.0.8084.2011121408484042048.4,1.3.46.670589.11.17169.5.0.2192.2011121410530620844.4,T1_FFE_Cor_PostC SENSE,WIP T1_FFE_Cor_PostC SENSE,ORIGINAL\PRIMARY\M_FFE\M\FFE,256,256,0.117188\0.117188,0.5,0.25,48,48,1,256x256x48,primary anatomical,full TSE or coronal T1 anatomical acquisition,contact sheet generated,/Users/estebanfelixmoran/Desktop/Purdue/Medical_Imaging/3D-Medical-Segment-Anything/outputs/mouse_astrocytoma_zero_shot/series_qc/TVD_GBM_U87_4541_121411/276_21410530620844_4/contact_sheet.png,/Users/estebanfelixmoran/Desktop/Purdue/Medical_Imaging/3D-Medical-Segment-Anything/outputs/mouse_astrocytoma_zero_shot/series_qc/TVD_GBM_U87_4541_121411/276_21410530620844_4/metadata.json,/Users/estebanfelixmoran/Desktop/Purdue/Medical_Imaging/Datasets/Mouse-Astrocytoma-doiJNLP/mouse_astrocytoma/TVD_GBM_U87_4541_121411/048.4/844.4/56ddd249-dbf3-4249-b221-8280734b5bbc.dcm
TVD_GBM_U87_4541_121411,1.3.46.670589.11.17169.5.0.8084.2011121408484042048.4,1.3.46.670589.11.17169.5.0.9228.2012020711303743000.4,sWIP T1_FFE_Subtr,sWIP T1_FFE_Subtr,ORIGINAL\PRIMARY\M_FFE\M\FFE,256,256,0.117188\0.117188,0.5,0.25,48,48,1,256x256x48,subtraction,subtraction series,contact sheet generated,/Users/estebanfelixmoran/Desktop/Purdue/Medical_Imaging/3D-Medical-Segment-Anything/outputs/mouse_astrocytoma_zero_shot/series_qc/TVD_GBM_U87_4541_121411/277_20711303743000_4/contact_sheet.png,/Users/estebanfelixmoran/Desktop/Purdue/Medical_Imaging/3D-Medical-Segment-Anything/outputs/mouse_astrocytoma_zero_shot/series_qc/TVD_GBM_U87_4541_121411/277_20711303743000_4/metadata.json,/Users/estebanfelixmoran/Desktop/Purdue/Medical_Imaging/Datasets/Mouse-Astrocytoma-doiJNLP/mouse_astrocytoma/TVD_GBM_U87_4541_121411/048.4/000.4/83fe3dfa-af78-44ce-8404-5ace398f6d24.dcm
TVD_GBM_U87_4593_121411,1.3.46.670589.11.17169.5.0.8084.2011121408484042048.1,1.3.46.670589.11.17169.5.0.2192.2011121409534775507.1,TSE_100_Cor_P4 SENSE,WIP TSE_100_Cor_P4 SENSE,ORIGINAL\PRIMARY\M_SE\M\SE,256,256,0.117188\0.117188,0.5,0.5,30,30,1,256x256x30,primary anatomical,full TSE or coronal T1 anatomical acquisition,contact sheet generated,/Users/estebanfelixmoran/Desktop/Purdue/Medical_Imaging/3D-Medical-Segment-Anything/outputs/mouse_astrocytoma_zero_shot/series_qc/TVD_GBM_U87_4593_121411/278_21409534775507_1/contact_sheet.png,/Users/estebanfelixmoran/Desktop/Purdue/Medical_Imaging/3D-Medical-Segment-Anything/outputs/mouse_astrocytoma_zero_shot/series_qc/TVD_GBM_U87_4593_121411/278_21409534775507_1/metadata.json,/Users/estebanfelixmoran/Desktop/Purdue/Medical_Imaging/Datasets/Mouse-Astrocytoma-doiJNLP/mouse_astrocytoma/TVD_GBM_U87_4593_121411/048.1/507.1/7d619a86-1d9d-4bb7-837a-d2357d143b60.dcm
TVD_GBM_U87_4593_121411,1.3.46.670589.11.17169.5.0.8084.2011121408484042048.1,1.3.46.670589.11.17169.5.0.2192.2011121410230351531.1,T1_FFE_Cor_PreC SENSE,WIP T1_FFE_Cor_PreC SENSE,ORIGINAL\PRIMARY\M_FFE\M\FFE,256,256,0.117188\0.117188,0.5,0.25,48,48,1,256x256x48,primary anatomical,full TSE or coronal T1 anatomical acquisition,contact sheet generated,/Users/estebanfelixmoran/Desktop/Purdue/Medical_Imaging/3D-Medical-Segment-Anything/outputs/mouse_astrocytoma_zero_shot/series_qc/TVD_GBM_U87_4593_121411/279_21410230351531_1/contact_sheet.png,/Users/estebanfelixmoran/Desktop/Purdue/Medical_Imaging/3D-Medical-Segment-Anything/outputs/mouse_astrocytoma_zero_shot/series_qc/TVD_GBM_U87_4593_121411/279_21410230351531_1/metadata.json,/Users/estebanfelixmoran/Desktop/Purdue/Medical_Imaging/Datasets/Mouse-Astrocytoma-doiJNLP/mouse_astrocytoma/TVD_GBM_U87_4593_121411/048.1/531.1/fb577204-e53d-4339-85f4-f7f0a8de9bcf.dcm
TVD_GBM_U87_4593_121411,1.3.46.670589.11.17169.5.0.8084.2011121408484042048.1,1.3.46.670589.11.17169.5.0.2192.2011121410304015558.1,T1_FFE_PreFA5 SENSE,WIP T1_FFE_PreFA5 SENSE,ORIGINAL\PRIMARY\M_FFE\M\FFE,132,132,0.227273\0.227273,1.0,1.0,12,12,1,132x132x12,secondary anatomical,low-flip-angle anatomical reference,contact sheet generated,/Users/estebanfelixmoran/Desktop/Purdue/Medical_Imaging/3D-Medical-Segment-Anything/outputs/mouse_astrocytoma_zero_shot/series_qc/TVD_GBM_U87_4593_121411/280_21410304015558_1/contact_sheet.png,/Users/estebanfelixmoran/Desktop/Purdue/Medical_Imaging/3D-Medical-Segment-Anything/outputs/mouse_astrocytoma_zero_shot/series_qc/TVD_GBM_U87_4593_121411/280_21410304015558_1/metadata.json,/Users/estebanfelixmoran/Desktop/Purdue/Medical_Imaging/Datasets/Mouse-Astrocytoma-doiJNLP/mouse_astrocytoma/TVD_GBM_U87_4593_121411/048.1/558.1/d0194807-f41e-4c69-9cc6-b17f70892510.dcm
TVD_GBM_U87_4593_121411,1.3.46.670589.11.17169.5.0.8084.2011121408484042048.1,1.3.46.670589.11.17169.5.0.2192.2011121410342762635.1,Dyn22s_AP_TR9/TE3 SENSE,WIP Dyn22s_AP_TR9/TE3 SENSE,ORIGINAL\PRIMARY\M_FFE\M\FFE,132,132,0.227273\0.227273,1.0,1.0,600,12,50,132x132x12,dynamic,50 repeated images per spatial position,contact sheet generated,/Users/estebanfelixmoran/Desktop/Purdue/Medical_Imaging/3D-Medical-Segment-Anything/outputs/mouse_astrocytoma_zero_shot/series_qc/TVD_GBM_U87_4593_121411/281_21410342762635_1/contact_sheet.png,/Users/estebanfelixmoran/Desktop/Purdue/Medical_Imaging/3D-Medical-Segment-Anything/outputs/mouse_astrocytoma_zero_shot/series_qc/TVD_GBM_U87_4593_121411/281_21410342762635_1/metadata.json,/Users/estebanfelixmoran/Desktop/Purdue/Medical_Imaging/Datasets/Mouse-Astrocytoma-doiJNLP/mouse_astrocytoma/TVD_GBM_U87_4593_121411/048.1/635.1/0eb9d1a6-4b74-423f-901a-18759921afde.dcm
TVD_GBM_U87_4593_121411,1.3.46.670589.11.17169.5.0.8084.2011121408484042048.1,1.3.46.670589.11.17169.5.0.2192.2011121410530620844.1,T1_FFE_Cor_PostC SENSE,WIP T1_FFE_Cor_PostC SENSE,ORIGINAL\PRIMARY\M_FFE\M\FFE,256,256,0.117188\0.117188,0.5,0.25,48,48,1,256x256x48,primary anatomical,full TSE or coronal T1 anatomical acquisition,contact sheet generated,/Users/estebanfelixmoran/Desktop/Purdue/Medical_Imaging/3D-Medical-Segment-Anything/outputs/mouse_astrocytoma_zero_shot/series_qc/TVD_GBM_U87_4593_121411/282_21410530620844_1/contact_sheet.png,/Users/estebanfelixmoran/Desktop/Purdue/Medical_Imaging/3D-Medical-Segment-Anything/outputs/mouse_astrocytoma_zero_shot/series_qc/TVD_GBM_U87_4593_121411/282_21410530620844_1/metadata.json,/Users/estebanfelixmoran/Desktop/Purdue/Medical_Imaging/Datasets/Mouse-Astrocytoma-doiJNLP/mouse_astrocytoma/TVD_GBM_U87_4593_121411/048.1/844.1/1a721f28-4dc0-42c0-b3c6-b2d27ef09146.dcm
TVD_GBM_U87_4593_121411,1.3.46.670589.11.17169.5.0.8084.2011121408484042048.1,1.3.46.670589.11.17169.5.0.9228.2012020711303743000.1,sWIP T1_FFE_Subtr,sWIP T1_FFE_Subtr,ORIGINAL\PRIMARY\M_FFE\M\FFE,256,256,0.117188\0.117188,0.5,0.25,48,48,1,256x256x48,subtraction,subtraction series,contact sheet generated,/Users/estebanfelixmoran/Desktop/Purdue/Medical_Imaging/3D-Medical-Segment-Anything/outputs/mouse_astrocytoma_zero_shot/series_qc/TVD_GBM_U87_4593_121411/283_20711303743000_1/contact_sheet.png,/Users/estebanfelixmoran/Desktop/Purdue/Medical_Imaging/3D-Medical-Segment-Anything/outputs/mouse_astrocytoma_zero_shot/series_qc/TVD_GBM_U87_4593_121411/283_20711303743000_1/metadata.json,/Users/estebanfelixmoran/Desktop/Purdue/Medical_Imaging/Datasets/Mouse-Astrocytoma-doiJNLP/mouse_astrocytoma/TVD_GBM_U87_4593_121411/048.1/000.1/53bfc93f-03df-456b-9886-41afc7de22a0.dcm
