domain,subject,native_coordinate_axis,candidate_factor_pixels,expected_level1_footprint_pixels,expert_best_residue,expert_max_alignment_fraction,prediction_best_residue,prediction_max_alignment_fraction,prediction_minus_expert_alignment,expert_transition_count,prediction_transition_count,condition
CAMRI,064,x,2,1.5999999403953562,0,0.50346511261616,0,0.5003919724051427,-0.0030731402110173445,12698,12756,current_best
CAMRI,064,x,3,1.5999999403953562,2,0.3354071507323988,2,0.3385073690812167,0.003100218348817907,12698,12756,current_best
CAMRI,064,x,4,1.5999999403953562,0,0.25791463222554734,0,0.26175917215428035,0.003844539928733015,12698,12756,current_best
CAMRI,064,x,5,1.5999999403953562,4,0.21389195148842338,4,0.21966133584195674,0.005769384353533358,12698,12756,current_best
CAMRI,064,x,6,1.5999999403953562,5,0.1803433611592377,5,0.18697083725305738,0.006627476093819695,12698,12756,current_best
CAMRI,064,x,7,1.5999999403953562,1,0.16711293117026305,1,0.16933207902163688,0.002219147851373837,12698,12756,current_best
CAMRI,064,x,8,1.5999999403953562,1,0.14789730666246653,1,0.15443712762621511,0.006539820963748583,12698,12756,current_best
CAMRI,064,y,2,2.4999999627470975,1,0.5084377397085145,1,0.5211839121613557,0.012746172452841265,7822,8379,current_best
CAMRI,064,y,3,2.4999999627470975,2,0.3394272564561493,2,0.3622150614631818,0.02278780500703248,7822,8379,current_best
CAMRI,064,y,4,2.4999999627470975,3,0.2550498593710049,3,0.28237259816207183,0.027322738791066947,7822,8379,current_best
CAMRI,064,y,5,2.4999999627470975,2,0.20646893377652775,3,0.24107888769542904,0.03460995391890129,7822,8379,current_best
CAMRI,064,y,6,2.4999999627470975,5,0.17847097928918434,5,0.20599116839718343,0.027520189107999082,7822,8379,current_best
CAMRI,064,y,7,2.4999999627470975,1,0.14727691127588852,3,0.17400644468313642,0.026729533407247902,7822,8379,current_best
CAMRI,064,y,8,2.4999999627470975,7,0.13244694451546918,7,0.1655328798185941,0.033085935303124925,7822,8379,current_best
CAMRI,064,x,2,1.5999999403953562,0,0.50346511261616,0,0.5071155317521041,0.003650419135944105,12698,13070,unetr_style
CAMRI,064,x,3,1.5999999403953562,2,0.3354071507323988,0,0.3371843917368018,0.0017772410044030185,12698,13070,unetr_style
CAMRI,064,x,4,1.5999999403953562,0,0.25791463222554734,0,0.26947207345065033,0.011557441225102993,12698,13070,unetr_style
CAMRI,064,x,5,1.5999999403953562,4,0.21389195148842338,3,0.21193573068094873,-0.001956220807474651,12698,13070,unetr_style
CAMRI,064,x,6,1.5999999403953562,5,0.1803433611592377,5,0.1807957153787299,0.0004523542194922181,12698,13070,unetr_style
CAMRI,064,x,7,1.5999999403953562,1,0.16711293117026305,1,0.16633511859219588,-0.0007778125780671663,12698,13070,unetr_style
CAMRI,064,x,8,1.5999999403953562,1,0.14789730666246653,0,0.14919663351185922,0.0012993268493926846,12698,13070,unetr_style
CAMRI,064,y,2,2.4999999627470975,1,0.5084377397085145,1,0.5056691992986557,-0.002768540409858744,7822,8555,unetr_style
CAMRI,064,y,3,2.4999999627470975,2,0.3394272564561493,1,0.33781414377556984,-0.0016131126805794538,7822,8555,unetr_style
CAMRI,064,y,4,2.4999999627470975,3,0.2550498593710049,2,0.2541203974284044,-0.0009294619426004624,7822,8555,unetr_style
CAMRI,064,y,5,2.4999999627470975,2,0.20646893377652775,4,0.2102863822326125,0.0038174484560847544,7822,8555,unetr_style
CAMRI,064,y,6,2.4999999627470975,5,0.17847097928918434,5,0.17533606078316774,-0.003134918506016604,7822,8555,unetr_style
CAMRI,064,y,7,2.4999999627470975,1,0.14727691127588852,6,0.14903565166569258,0.0017587403898040588,7822,8555,unetr_style
CAMRI,064,y,8,2.4999999627470975,7,0.13244694451546918,7,0.13571011104617184,0.0032631665307026603,7822,8555,unetr_style
CAMRI,007,x,2,3.1999998807907124,0,0.5756929637526652,1,0.5196011004126547,-0.056091863340010484,2814,2908,current_best
CAMRI,007,x,3,3.1999998807907124,0,0.34506041222459133,0,0.35385144429160936,0.008791032067018034,2814,2908,current_best
CAMRI,007,x,4,3.1999998807907124,2,0.3034825870646766,3,0.2740715268225585,-0.029411060242118148,2814,2908,current_best
CAMRI,007,x,5,3.1999998807907124,2,0.2085998578535892,0,0.2125171939477304,0.003917336094141188,2814,2908,current_best
CAMRI,007,x,6,3.1999998807907124,0,0.19900497512437812,3,0.1887895460797799,-0.010215429044598212,2814,2908,current_best
CAMRI,007,x,7,3.1999998807907124,3,0.16062544420753375,5,0.16162310866574967,0.0009976644582159189,2814,2908,current_best
CAMRI,007,x,8,3.1999998807907124,6,0.15636105188343993,7,0.13892709766162312,-0.017433954221816816,2814,2908,current_best
CAMRI,007,y,2,4.999999925494195,0,0.556926528323051,0,0.5240089335566722,-0.03291759476637879,3566,3582,current_best
CAMRI,007,y,3,4.999999925494195,1,0.339035333707235,1,0.3458961474036851,0.006860813696450085,3566,3582,current_best
CAMRI,007,y,4,4.999999925494195,0,0.3051037577117218,0,0.2646566164154104,-0.04044714129631144,3566,3582,current_best
CAMRI,007,y,5,4.999999925494195,0,0.2319125070106562,1,0.33556672250139585,0.10365421549073967,3566,3582,current_best
CAMRI,007,y,6,4.999999925494195,2,0.18900729108244532,0,0.18592964824120603,-0.003077642841239292,3566,3582,current_best
CAMRI,007,y,7,4.999999925494195,6,0.16320807627593942,5,0.20268006700167504,0.03947199072573562,3566,3582,current_best
CAMRI,007,y,8,4.999999925494195,0,0.16881660123387549,7,0.19905080960357344,0.03023420836969795,3566,3582,current_best
CAMRI,007,x,2,3.1999998807907124,0,0.5756929637526652,1,0.5026058631921824,-0.07308710056048284,2814,3070,unetr_style
CAMRI,007,x,3,3.1999998807907124,0,0.34506041222459133,0,0.3462540716612378,0.0011936594366464548,2814,3070,unetr_style
CAMRI,007,x,4,3.1999998807907124,2,0.3034825870646766,2,0.26677524429967425,-0.03670734276500237,2814,3070,unetr_style
CAMRI,007,x,5,3.1999998807907124,2,0.2085998578535892,4,0.21661237785016288,0.00801251999657368,2814,3070,unetr_style
CAMRI,007,x,6,3.1999998807907124,0,0.19900497512437812,3,0.17817589576547233,-0.020829079358905794,2814,3070,unetr_style
CAMRI,007,x,7,3.1999998807907124,3,0.16062544420753375,2,0.16091205211726384,0.0002866079097300911,2814,3070,unetr_style
CAMRI,007,x,8,3.1999998807907124,6,0.15636105188343993,6,0.13713355048859935,-0.019227501394840585,2814,3070,unetr_style
CAMRI,007,y,2,4.999999925494195,0,0.556926528323051,0,0.5292011019283747,-0.027725426394676345,3566,3630,unetr_style
CAMRI,007,y,3,4.999999925494195,1,0.339035333707235,1,0.33829201101928374,-0.0007433226879512422,3566,3630,unetr_style
CAMRI,007,y,4,4.999999925494195,0,0.3051037577117218,2,0.26666666666666666,-0.03843709104505516,3566,3630,unetr_style
CAMRI,007,y,5,4.999999925494195,0,0.2319125070106562,1,0.3484848484848485,0.11657234147419232,3566,3630,unetr_style
CAMRI,007,y,6,4.999999925494195,2,0.18900729108244532,0,0.18319559228650137,-0.005811698795943954,3566,3630,unetr_style
CAMRI,007,y,7,4.999999925494195,6,0.16320807627593942,5,0.2118457300275482,0.04863765375160878,3566,3630,unetr_style
CAMRI,007,y,8,4.999999925494195,0,0.16881660123387549,4,0.18705234159779616,0.01823574036392067,3566,3630,unetr_style
CAMRI,043,x,2,3.1999998807907124,0,0.5821508588498879,1,0.5350877192982456,-0.04706313955164232,2678,2736,current_best
CAMRI,043,x,3,3.1999998807907124,0,0.35175504107542943,2,0.3391812865497076,-0.012573754525721847,2678,2736,current_best
CAMRI,043,x,4,3.1999998807907124,2,0.2983569828230022,3,0.2679093567251462,-0.030447626097856006,2678,2736,current_best
CAMRI,043,x,5,3.1999998807907124,1,0.21135175504107542,0,0.22039473684210525,0.009042981801029831,2678,2736,current_best
CAMRI,043,x,6,3.1999998807907124,0,0.21135175504107542,1,0.18676900584795322,-0.0245827491931222,2678,2736,current_best
CAMRI,043,x,7,3.1999998807907124,3,0.15571321882001493,5,0.15314327485380116,-0.002569943966213767,2678,2736,current_best
CAMRI,043,x,8,3.1999998807907124,2,0.16019417475728157,5,0.14619883040935672,-0.013995344347924848,2678,2736,current_best
CAMRI,043,y,2,4.999999925494195,0,0.5787146226415094,0,0.5180863477246208,-0.0606282749168886,3392,3428,current_best
CAMRI,043,y,3,4.999999925494195,1,0.33726415094339623,2,0.3929404900816803,0.05567633913828407,3392,3428,current_best
CAMRI,043,y,4,4.999999925494195,0,0.30395047169811323,2,0.2660443407234539,-0.037906130974659336,3392,3428,current_best
CAMRI,043,y,5,4.999999925494195,4,0.21226415094339623,3,0.33751458576429405,0.12525043482089782,3392,3428,current_best
CAMRI,043,y,6,4.999999925494195,2,0.2016509433962264,2,0.19778296382730456,-0.0038679795689218477,3392,3428,current_best
CAMRI,043,y,7,4.999999925494195,6,0.15566037735849056,6,0.1834889148191365,0.027828537460645952,3392,3428,current_best
CAMRI,043,y,8,4.999999925494195,6,0.15683962264150944,6,0.18757292882147025,0.030733306179960812,3392,3428,current_best
CAMRI,043,x,2,3.1999998807907124,0,0.5821508588498879,1,0.5117973629424011,-0.07035349590748685,2678,2882,unetr_style
CAMRI,043,x,3,3.1999998807907124,0,0.35175504107542943,1,0.34906315058986814,-0.002691890485561288,2678,2882,unetr_style
CAMRI,043,x,4,3.1999998807907124,2,0.2983569828230022,3,0.2591950034698126,-0.0391619793531896,2678,2882,unetr_style
CAMRI,043,x,5,3.1999998807907124,1,0.21135175504107542,0,0.2126995142262318,0.0013477591851563664,2678,2882,unetr_style
CAMRI,043,x,6,3.1999998807907124,0,0.21135175504107542,1,0.18216516308119363,-0.029186591959881797,2678,2882,unetr_style
CAMRI,043,x,7,3.1999998807907124,3,0.15571321882001493,2,0.16689798750867454,0.011184768688659613,2678,2882,unetr_style
CAMRI,043,x,8,3.1999998807907124,2,0.16019417475728157,3,0.13601665510062458,-0.024177519656656987,2678,2882,unetr_style
CAMRI,043,y,2,4.999999925494195,0,0.5787146226415094,0,0.5025773195876289,-0.07613730305388056,3392,3492,unetr_style
CAMRI,043,y,3,4.999999925494195,1,0.33726415094339623,2,0.3949026345933562,0.05763848364995999,3392,3492,unetr_style
CAMRI,043,y,4,4.999999925494195,0,0.30395047169811323,2,0.2706185567010309,-0.033331914997082324,3392,3492,unetr_style
CAMRI,043,y,5,4.999999925494195,4,0.21226415094339623,3,0.3402061855670103,0.1279420346236141,3392,3492,unetr_style
CAMRI,043,y,6,4.999999925494195,2,0.2016509433962264,5,0.20074455899198168,-0.0009063844042447311,3392,3492,unetr_style
CAMRI,043,y,7,4.999999925494195,6,0.15566037735849056,6,0.16695303550973653,0.011292658151245971,3392,3492,unetr_style
CAMRI,043,y,8,4.999999925494195,6,0.15683962264150944,6,0.19072164948453607,0.03388202684302663,3392,3492,unetr_style
CAMRI,078,x,2,1.5999999403953562,0,0.5036836935166994,0,0.5096359743040685,0.005952280787369091,12216,12142,current_best
CAMRI,078,x,3,1.5999999403953562,1,0.34372953503601833,1,0.3431889309833635,-0.000540604052654825,12216,12142,current_best
CAMRI,078,x,4,1.5999999403953562,0,0.2687459070072037,0,0.2762312633832976,0.007485356376093932,12216,12142,current_best
CAMRI,078,x,5,1.5999999403953562,2,0.24353307138179436,2,0.24452314281008072,0.0009900714282863599,12216,12142,current_best
CAMRI,078,x,6,1.5999999403953562,2,0.17927308447937132,2,0.17929500905946302,2.1924580091703394e-05,12216,12142,current_best
CAMRI,078,x,7,1.5999999403953562,0,0.16601178781925344,0,0.16883544720803823,0.0028236593887847883,12216,12142,current_best
CAMRI,078,x,8,1.5999999403953562,3,0.13695153896529141,0,0.1409158293526602,0.003964290387368785,12216,12142,current_best
CAMRI,078,y,2,2.4999999627470975,0,0.5025013164823592,1,0.5051956382296344,0.002694321747275241,7596,7795,current_best
CAMRI,078,y,3,2.4999999627470975,1,0.3362295945234334,2,0.3431686978832585,0.006939103359825116,7596,7795,current_best
CAMRI,078,y,4,2.4999999627470975,2,0.2539494470774092,1,0.2572161642078255,0.003266717130416319,7596,7795,current_best
CAMRI,078,y,5,2.4999999627470975,2,0.2095839915745129,2,0.20731237973059655,-0.00227161184391636,7596,7795,current_best
CAMRI,078,y,6,2.4999999627470975,4,0.17772511848341233,5,0.1763951250801796,-0.0013299934032327265,7596,7795,current_best
CAMRI,078,y,7,2.4999999627470975,3,0.15600315955766192,3,0.15792174470814624,0.0019185851504843199,7596,7795,current_best
CAMRI,078,y,8,2.4999999627470975,1,0.12914691943127962,1,0.1334188582424631,0.004271938811183484,7596,7795,current_best
CAMRI,078,x,2,1.5999999403953562,0,0.5036836935166994,0,0.5053284555431844,0.0016447620264850027,12216,12574,unetr_style
CAMRI,078,x,3,1.5999999403953562,1,0.34372953503601833,1,0.34738348974073485,0.003653954704716522,12216,12574,unetr_style
CAMRI,078,x,4,1.5999999403953562,0,0.2687459070072037,0,0.2826467313504056,0.01390082434320189,12216,12574,unetr_style
CAMRI,078,x,5,1.5999999403953562,2,0.24353307138179436,2,0.2376332113885796,-0.005899859993214768,12216,12574,unetr_style
CAMRI,078,x,6,1.5999999403953562,2,0.17927308447937132,2,0.1792587879751869,-1.4296504184413417e-05,12216,12574,unetr_style
CAMRI,078,x,7,1.5999999403953562,0,0.16601178781925344,0,0.16557976777477335,-0.00043202004448009146,12216,12574,unetr_style
CAMRI,078,x,8,1.5999999403953562,3,0.13695153896529141,0,0.14307300779386034,0.006121468828568927,12216,12574,unetr_style
CAMRI,078,y,2,2.4999999627470975,0,0.5025013164823592,1,0.5004868549172347,-0.0020144615651245257,7596,8216,unetr_style
CAMRI,078,y,3,2.4999999627470975,1,0.3362295945234334,2,0.33982473222979553,0.0035951377063621615,7596,8216,unetr_style
CAMRI,078,y,4,2.4999999627470975,2,0.2539494470774092,2,0.2671616358325219,0.013212188755112708,7596,8216,unetr_style
CAMRI,078,y,5,2.4999999627470975,2,0.2095839915745129,4,0.20642648490749757,-0.0031575066670153362,7596,8216,unetr_style
CAMRI,078,y,6,2.4999999627470975,4,0.17772511848341233,5,0.17259006815968841,-0.005135050323723911,7596,8216,unetr_style
CAMRI,078,y,7,2.4999999627470975,3,0.15600315955766192,3,0.1532375851996105,-0.0027655743580514147,7596,8216,unetr_style
CAMRI,078,y,8,2.4999999627470975,1,0.12914691943127962,2,0.1410662122687439,0.01191929283746429,7596,8216,unetr_style
CAMRI,009,x,2,3.1999998807907124,0,0.5891472868217055,0,0.5003633720930233,-0.08878391472868219,2580,2752,current_best
CAMRI,009,x,3,3.1999998807907124,0,0.3581395348837209,1,0.34011627906976744,-0.018023255813953476,2580,2752,current_best
CAMRI,009,x,4,3.1999998807907124,2,0.30426356589147285,0,0.26526162790697677,-0.03900193798449608,2580,2752,current_best
CAMRI,009,x,5,3.1999998807907124,3,0.20852713178294574,4,0.21693313953488372,0.008406007751937977,2580,2752,current_best
CAMRI,009,x,6,3.1999998807907124,0,0.2116279069767442,0,0.17732558139534885,-0.03430232558139534,2580,2752,current_best
CAMRI,009,x,7,3.1999998807907124,1,0.15271317829457365,6,0.1529796511627907,0.00026647286821704363,2580,2752,current_best
CAMRI,009,x,8,3.1999998807907124,2,0.16162790697674417,1,0.13880813953488372,-0.022819767441860456,2580,2752,current_best
CAMRI,009,y,2,4.999999925494195,0,0.596255119953189,0,0.5315547905909351,-0.0647003293622539,3418,3486,current_best
CAMRI,009,y,3,4.999999925494195,0,0.3557636044470451,2,0.361732644865175,0.005969040418129901,3418,3486,current_best
CAMRI,009,y,4,4.999999925494195,0,0.320947922761849,2,0.26993689041881813,-0.05101103234303089,3418,3486,current_best
CAMRI,009,y,5,4.999999925494195,1,0.23434757167934464,1,0.33419391853126795,0.09984634685192331,3418,3486,current_best
CAMRI,009,y,6,4.999999925494195,0,0.2141603276770041,5,0.18646012621916236,-0.027700201457841744,3418,3486,current_best
CAMRI,009,y,7,4.999999925494195,5,0.16881217086015213,5,0.19334480780263913,0.024532636942487,3418,3486,current_best
CAMRI,009,y,8,4.999999925494195,0,0.19689877121123464,7,0.17670682730923695,-0.02019194390199769,3418,3486,current_best
CAMRI,009,x,2,3.1999998807907124,0,0.5891472868217055,1,0.5170138888888889,-0.07213339793281659,2580,2880,unetr_style
CAMRI,009,x,3,3.1999998807907124,0,0.3581395348837209,0,0.3454861111111111,-0.012653423772609806,2580,2880,unetr_style
CAMRI,009,x,4,3.1999998807907124,2,0.30426356589147285,1,0.275,-0.02926356589147283,2580,2880,unetr_style
CAMRI,009,x,5,3.1999998807907124,3,0.20852713178294574,4,0.2204861111111111,0.011958979328165364,2580,2880,unetr_style
CAMRI,009,x,6,3.1999998807907124,0,0.2116279069767442,3,0.184375,-0.02725290697674418,2580,2880,unetr_style
CAMRI,009,x,7,3.1999998807907124,1,0.15271317829457365,2,0.15486111111111112,0.002147932816537468,2580,2880,unetr_style
CAMRI,009,x,8,3.1999998807907124,2,0.16162790697674417,1,0.14097222222222222,-0.020655684754521952,2580,2880,unetr_style
CAMRI,009,y,2,4.999999925494195,0,0.596255119953189,0,0.5478723404255319,-0.04838277952765713,3418,3572,unetr_style
CAMRI,009,y,3,4.999999925494195,0,0.3557636044470451,2,0.35442329227323627,-0.0013403121738088108,3418,3572,unetr_style
CAMRI,009,y,4,4.999999925494195,0,0.320947922761849,2,0.29843225083986563,-0.022515671921983393,3418,3572,unetr_style
CAMRI,009,y,5,4.999999925494195,1,0.23434757167934464,1,0.33874580067189247,0.10439822899254783,3418,3572,unetr_style
CAMRI,009,y,6,4.999999925494195,0,0.2141603276770041,4,0.19092945128779396,-0.023230876389210148,3418,3572,unetr_style
CAMRI,009,y,7,4.999999925494195,5,0.16881217086015213,5,0.18505039193729003,0.016238221077137904,3418,3572,unetr_style
CAMRI,009,y,8,4.999999925494195,0,0.19689877121123464,2,0.18449048152295633,-0.012408289688278312,3418,3572,unetr_style
CAMRI,099,x,2,3.1999998807907124,0,0.5771979985704074,0,0.5034843205574913,-0.07371367801291617,2798,2870,current_best
CAMRI,099,x,3,3.1999998807907124,2,0.34774839170836314,1,0.35958188153310106,0.01183348982473792,2798,2870,current_best
CAMRI,099,x,4,3.1999998807907124,0,0.28984989278055756,2,0.27038327526132405,-0.01946661751923351,2798,2870,current_best
CAMRI,099,x,5,3.1999998807907124,0,0.21622587562544673,0,0.20905923344947736,-0.007166642175969379,2798,2870,current_best
CAMRI,099,x,6,3.1999998807907124,2,0.20836311651179415,1,0.18292682926829268,-0.02543628724350147,2798,2870,current_best
CAMRI,099,x,7,3.1999998807907124,4,0.1529664045746962,4,0.1616724738675958,0.008706069292899604,2798,2870,current_best
CAMRI,099,x,8,3.1999998807907124,0,0.14653323802716225,7,0.14006968641114984,-0.0064635516160124196,2798,2870,current_best
CAMRI,099,y,2,4.999999925494195,0,0.5454308093994779,0,0.55,0.004569190600522188,3830,3860,current_best
CAMRI,099,y,3,4.999999925494195,1,0.3488250652741514,0,0.40362694300518137,0.05480187773102996,3830,3860,current_best
CAMRI,099,y,4,4.999999925494195,0,0.283289817232376,0,0.2955958549222798,0.012306037689903793,3830,3860,current_best
CAMRI,099,y,5,4.999999925494195,1,0.21775456919060052,0,0.3417098445595855,0.12395527536898496,3830,3860,current_best
CAMRI,099,y,6,4.999999925494195,4,0.20678851174934726,3,0.20466321243523317,-0.002125299314114093,3830,3860,current_best
CAMRI,099,y,7,4.999999925494195,6,0.16736292428198432,5,0.19326424870466322,0.025901324422678895,3830,3860,current_best
CAMRI,099,y,8,4.999999925494195,4,0.16031331592689296,3,0.1743523316062176,0.01403901567932464,3830,3860,current_best
CAMRI,099,x,2,3.1999998807907124,0,0.5771979985704074,1,0.5130123617436565,-0.06418563682675094,2798,3074,unetr_style
CAMRI,099,x,3,3.1999998807907124,2,0.34774839170836314,1,0.35100845803513336,0.003260066326770228,2798,3074,unetr_style
CAMRI,099,x,4,3.1999998807907124,0,0.28984989278055756,3,0.2696811971372804,-0.020168695643277168,2798,3074,unetr_style
CAMRI,099,x,5,3.1999998807907124,0,0.21622587562544673,0,0.21307742355237475,-0.003148452073071989,2798,3074,unetr_style
CAMRI,099,x,6,3.1999998807907124,2,0.20836311651179415,1,0.1841249186727391,-0.024238197839055037,2798,3074,unetr_style
CAMRI,099,x,7,3.1999998807907124,4,0.1529664045746962,1,0.15354586857514638,0.0005794640004501694,2798,3074,unetr_style
CAMRI,099,x,8,3.1999998807907124,0,0.14653323802716225,3,0.14183474300585555,-0.004698495021306703,2798,3074,unetr_style
CAMRI,099,y,2,4.999999925494195,0,0.5454308093994779,0,0.56511746680286,0.019686657403382157,3830,3916,unetr_style
CAMRI,099,y,3,4.999999925494195,1,0.3488250652741514,0,0.3838100102145046,0.0349849449403532,3830,3916,unetr_style
CAMRI,099,y,4,4.999999925494195,0,0.283289817232376,0,0.31409601634320733,0.030806199110831323,3830,3916,unetr_style
CAMRI,099,y,5,4.999999925494195,1,0.21775456919060052,0,0.34039836567926457,0.12264379648866405,3830,3916,unetr_style
CAMRI,099,y,6,4.999999925494195,4,0.20678851174934726,0,0.2007150153217569,-0.006073496427590364,3830,3916,unetr_style
CAMRI,099,y,7,4.999999925494195,6,0.16736292428198432,3,0.1710929519918284,0.0037300277098440693,3830,3916,unetr_style
CAMRI,099,y,8,4.999999925494195,4,0.16031331592689296,0,0.18130745658835545,0.02099414066146249,3830,3916,unetr_style
Mouse,POLYIC_20190510_mouse34__E2_P1,x,2,3.1999998807907124,1,0.5078082929456113,0,0.5065410779696494,-0.0012672149759618279,3714,3822,current_best
Mouse,POLYIC_20190510_mouse34__E2_P1,x,3,3.1999998807907124,2,0.3373721055465805,2,0.3492935635792779,0.011921458032697396,3714,3822,current_best
Mouse,POLYIC_20190510_mouse34__E2_P1,x,4,3.1999998807907124,3,0.2549811523963382,2,0.26321297749869177,0.008231825102353596,3714,3822,current_best
Mouse,POLYIC_20190510_mouse34__E2_P1,x,5,3.1999998807907124,2,0.20597738287560582,3,0.2153322867608582,0.00935490388525237,3714,3822,current_best
Mouse,POLYIC_20190510_mouse34__E2_P1,x,6,3.1999998807907124,1,0.1752827140549273,2,0.18628990057561487,0.011007186520687579,3714,3822,current_best
Mouse,POLYIC_20190510_mouse34__E2_P1,x,7,3.1999998807907124,6,0.16478190630048464,0,0.15907901622187337,-0.005702890078611272,3714,3822,current_best
Mouse,POLYIC_20190510_mouse34__E2_P1,x,8,3.1999998807907124,7,0.13597199784598815,6,0.1425954997383569,0.006623501892368738,3714,3822,current_best
Mouse,POLYIC_20190510_mouse34__E2_P1,y,2,4.999999925494195,1,0.503001200480192,1,0.503921568627451,0.000920368147258932,4998,5100,current_best
Mouse,POLYIC_20190510_mouse34__E2_P1,y,3,4.999999925494195,2,0.33693477390956383,2,0.36941176470588233,0.032476990796318495,4998,5100,current_best
Mouse,POLYIC_20190510_mouse34__E2_P1,y,4,4.999999925494195,2,0.27450980392156865,0,0.266078431372549,-0.008431372549019656,4998,5100,current_best
Mouse,POLYIC_20190510_mouse34__E2_P1,y,5,4.999999925494195,1,0.22008803521408563,2,0.3452941176470588,0.12520608243297318,4998,5100,current_best
Mouse,POLYIC_20190510_mouse34__E2_P1,y,6,4.999999925494195,2,0.18007202881152462,2,0.20490196078431372,0.0248299319727891,4998,5100,current_best
Mouse,POLYIC_20190510_mouse34__E2_P1,y,7,4.999999925494195,0,0.16666666666666666,2,0.1688235294117647,0.002156862745098048,4998,5100,current_best
Mouse,POLYIC_20190510_mouse34__E2_P1,y,8,4.999999925494195,6,0.1404561824729892,4,0.17705882352941177,0.03660264105642258,4998,5100,current_best
Mouse,POLYIC_20190510_mouse34__E2_P1,x,2,3.1999998807907124,1,0.5078082929456113,0,0.5111996017919362,0.003391308846324992,3714,4018,unetr_style
Mouse,POLYIC_20190510_mouse34__E2_P1,x,3,3.1999998807907124,2,0.3373721055465805,0,0.3437033349925336,0.0063312294459531016,3714,4018,unetr_style
Mouse,POLYIC_20190510_mouse34__E2_P1,x,4,3.1999998807907124,3,0.2549811523963382,2,0.2563464410154306,0.0013652886190924085,3714,4018,unetr_style
Mouse,POLYIC_20190510_mouse34__E2_P1,x,5,3.1999998807907124,2,0.20597738287560582,0,0.2112991538078646,0.005321770932258774,3714,4018,unetr_style
Mouse,POLYIC_20190510_mouse34__E2_P1,x,6,3.1999998807907124,1,0.1752827140549273,0,0.1826779492284719,0.007395235173544595,3714,4018,unetr_style
Mouse,POLYIC_20190510_mouse34__E2_P1,x,7,3.1999998807907124,6,0.16478190630048464,1,0.16226978596316574,-0.0025121203373189016,3714,4018,unetr_style
Mouse,POLYIC_20190510_mouse34__E2_P1,x,8,3.1999998807907124,7,0.13597199784598815,6,0.1368840219014435,0.000912024055455346,3714,4018,unetr_style
Mouse,POLYIC_20190510_mouse34__E2_P1,y,2,4.999999925494195,1,0.503001200480192,1,0.5023310023310024,-0.0006701981491896714,4998,5148,unetr_style
Mouse,POLYIC_20190510_mouse34__E2_P1,y,3,4.999999925494195,2,0.33693477390956383,0,0.36635586635586637,0.029421092446302533,4998,5148,unetr_style
Mouse,POLYIC_20190510_mouse34__E2_P1,y,4,4.999999925494195,2,0.27450980392156865,0,0.25757575757575757,-0.016934046345811082,4998,5148,unetr_style
Mouse,POLYIC_20190510_mouse34__E2_P1,y,5,4.999999925494195,1,0.22008803521408563,3,0.3411033411033411,0.12101530588925549,4998,5148,unetr_style
Mouse,POLYIC_20190510_mouse34__E2_P1,y,6,4.999999925494195,2,0.18007202881152462,3,0.21386946386946387,0.03379743505793925,4998,5148,unetr_style
Mouse,POLYIC_20190510_mouse34__E2_P1,y,7,4.999999925494195,0,0.16666666666666666,0,0.16958041958041958,0.002913752913752926,4998,5148,unetr_style
Mouse,POLYIC_20190510_mouse34__E2_P1,y,8,4.999999925494195,6,0.1404561824729892,4,0.1623931623931624,0.02193697992017321,4998,5148,unetr_style
Mouse,POLYIC_20190510_mouse35__E3_P1,x,2,3.1999998807907124,1,0.5024403470715835,1,0.5071164997364259,0.004676152664842448,3688,3794,current_best
Mouse,POLYIC_20190510_mouse35__E3_P1,x,3,3.1999998807907124,0,0.3405639913232104,1,0.3352662098049552,-0.005297781518255218,3688,3794,current_best
Mouse,POLYIC_20190510_mouse35__E3_P1,x,4,3.1999998807907124,0,0.25488069414316705,3,0.25724828676858197,0.002367592625414916,3688,3794,current_best
Mouse,POLYIC_20190510_mouse35__E3_P1,x,5,3.1999998807907124,4,0.20715835140997832,4,0.2113863995782815,0.004228048168303189,3688,3794,current_best
Mouse,POLYIC_20190510_mouse35__E3_P1,x,6,3.1999998807907124,0,0.17814533622559653,5,0.1776489193463363,-0.0004964168792602197,3688,3794,current_best
Mouse,POLYIC_20190510_mouse35__E3_P1,x,7,3.1999998807907124,5,0.1531995661605206,1,0.15155508697944123,-0.001644479181079378,3688,3794,current_best
Mouse,POLYIC_20190510_mouse35__E3_P1,x,8,3.1999998807907124,0,0.13964208242950107,0,0.1462836056931998,0.006641523263698712,3688,3794,current_best
Mouse,POLYIC_20190510_mouse35__E3_P1,y,2,4.999999925494195,0,0.5201785021342646,1,0.5104006163328197,-0.009777885801444897,5154,5192,current_best
Mouse,POLYIC_20190510_mouse35__E3_P1,y,3,4.999999925494195,0,0.3409002716336826,2,0.362095531587057,0.0211952599533744,5154,5192,current_best
Mouse,POLYIC_20190510_mouse35__E3_P1,y,4,4.999999925494195,2,0.286767559177338,0,0.2733050847457627,-0.013462474431575278,5154,5192,current_best
Mouse,POLYIC_20190510_mouse35__E3_P1,y,5,4.999999925494195,3,0.2173069460613116,2,0.34726502311248075,0.12995807705116916,5154,5192,current_best
Mouse,POLYIC_20190510_mouse35__E3_P1,y,6,4.999999925494195,2,0.17889018238261545,3,0.20088597842835132,0.02199579604573587,5154,5192,current_best
Mouse,POLYIC_20190510_mouse35__E3_P1,y,7,4.999999925494195,3,0.18257663950329842,2,0.17122496147919877,-0.011351678024099643,5154,5192,current_best
Mouse,POLYIC_20190510_mouse35__E3_P1,y,8,4.999999925494195,6,0.16627861854870005,4,0.1893297380585516,0.02305111950985156,5154,5192,current_best
Mouse,POLYIC_20190510_mouse35__E3_P1,x,2,3.1999998807907124,1,0.5024403470715835,0,0.5055110220440882,0.0030706749725046834,3688,3992,unetr_style
Mouse,POLYIC_20190510_mouse35__E3_P1,x,3,3.1999998807907124,0,0.3405639913232104,0,0.34519038076152303,0.004626389438312617,3688,3992,unetr_style
Mouse,POLYIC_20190510_mouse35__E3_P1,x,4,3.1999998807907124,0,0.25488069414316705,0,0.2565130260521042,0.0016323319089371346,3688,3992,unetr_style
Mouse,POLYIC_20190510_mouse35__E3_P1,x,5,3.1999998807907124,4,0.20715835140997832,0,0.21392785571142284,0.006769504301444518,3688,3992,unetr_style
Mouse,POLYIC_20190510_mouse35__E3_P1,x,6,3.1999998807907124,0,0.17814533622559653,0,0.18061122244488978,0.0024658862192932507,3688,3992,unetr_style
Mouse,POLYIC_20190510_mouse35__E3_P1,x,7,3.1999998807907124,5,0.1531995661605206,1,0.15030060120240482,-0.002898964958115785,3688,3992,unetr_style
Mouse,POLYIC_20190510_mouse35__E3_P1,x,8,3.1999998807907124,0,0.13964208242950107,0,0.14954909819639278,0.009907015766891708,3688,3992,unetr_style
Mouse,POLYIC_20190510_mouse35__E3_P1,y,2,4.999999925494195,0,0.5201785021342646,1,0.5198624904507257,-0.0003160116835388971,5154,5236,unetr_style
Mouse,POLYIC_20190510_mouse35__E3_P1,y,3,4.999999925494195,0,0.3409002716336826,0,0.36191749427043546,0.021017222636752875,5154,5236,unetr_style
Mouse,POLYIC_20190510_mouse35__E3_P1,y,4,4.999999925494195,2,0.286767559177338,1,0.2897249809014515,0.002957421724113507,5154,5236,unetr_style
Mouse,POLYIC_20190510_mouse35__E3_P1,y,5,4.999999925494195,3,0.2173069460613116,2,0.3456837280366692,0.1283767819753576,5154,5236,unetr_style
Mouse,POLYIC_20190510_mouse35__E3_P1,y,6,4.999999925494195,2,0.17889018238261545,3,0.21982429335370512,0.04093411097108968,5154,5236,unetr_style
Mouse,POLYIC_20190510_mouse35__E3_P1,y,7,4.999999925494195,3,0.18257663950329842,2,0.17436974789915966,-0.00820689160413876,5154,5236,unetr_style
Mouse,POLYIC_20190510_mouse35__E3_P1,y,8,4.999999925494195,6,0.16627861854870005,4,0.186401833460657,0.020123214911956955,5154,5236,unetr_style
Mouse,POLYIC_20190510_mouse37__E2_P1,x,2,3.1999998807907124,1,0.5043037974683544,1,0.5024838549428713,-0.0018199425254831203,3950,4026,current_best
Mouse,POLYIC_20190510_mouse37__E2_P1,x,3,3.1999998807907124,1,0.35037974683544304,1,0.3469945355191257,-0.0033852113163173603,3950,4026,current_best
Mouse,POLYIC_20190510_mouse37__E2_P1,x,4,3.1999998807907124,3,0.2665822784810127,3,0.2526080476900149,-0.0139742307909978,3950,4026,current_best
Mouse,POLYIC_20190510_mouse37__E2_P1,x,5,3.1999998807907124,3,0.2078481012658228,3,0.21535022354694486,0.00750212228112207,3950,4026,current_best
Mouse,POLYIC_20190510_mouse37__E2_P1,x,6,3.1999998807907124,1,0.17873417721518986,2,0.17883755588673622,0.00010337867154636138,3950,4026,current_best
Mouse,POLYIC_20190510_mouse37__E2_P1,x,7,3.1999998807907124,2,0.149873417721519,3,0.1572280178837556,0.007354600162236602,3950,4026,current_best
Mouse,POLYIC_20190510_mouse37__E2_P1,x,8,3.1999998807907124,7,0.13341772151898734,6,0.13114754098360656,-0.002270180535380778,3950,4026,current_best
Mouse,POLYIC_20190510_mouse37__E2_P1,y,2,4.999999925494195,0,0.5316176470588235,1,0.5600073179656055,0.028389670906782016,5440,5466,current_best
Mouse,POLYIC_20190510_mouse37__E2_P1,y,3,4.999999925494195,1,0.346875,1,0.3664471276984998,0.01957212769849981,5440,5466,current_best
Mouse,POLYIC_20190510_mouse37__E2_P1,y,4,4.999999925494195,2,0.2884191176470588,3,0.30863519941456274,0.020216081767503946,5440,5466,current_best
Mouse,POLYIC_20190510_mouse37__E2_P1,y,5,4.999999925494195,1,0.22463235294117648,2,0.3556531284302964,0.13102077548911992,5440,5466,current_best
Mouse,POLYIC_20190510_mouse37__E2_P1,y,6,4.999999925494195,4,0.19522058823529412,5,0.2385656787413099,0.04334509050601579,5440,5466,current_best
Mouse,POLYIC_20190510_mouse37__E2_P1,y,7,4.999999925494195,5,0.17261029411764706,6,0.18258324185876326,0.009972947741116206,5440,5466,current_best
Mouse,POLYIC_20190510_mouse37__E2_P1,y,8,4.999999925494195,2,0.1670955882352941,2,0.17489937797292351,0.007803789737629407,5440,5466,current_best
Mouse,POLYIC_20190510_mouse37__E2_P1,x,2,3.1999998807907124,1,0.5043037974683544,1,0.5107707036859741,0.0064669062176196945,3950,4178,unetr_style
Mouse,POLYIC_20190510_mouse37__E2_P1,x,3,3.1999998807907124,1,0.35037974683544304,2,0.350406893250359,2.7146414915968364e-05,3950,4178,unetr_style
Mouse,POLYIC_20190510_mouse37__E2_P1,x,4,3.1999998807907124,3,0.2665822784810127,3,0.26232647199617043,-0.0042558064848422505,3950,4178,unetr_style
Mouse,POLYIC_20190510_mouse37__E2_P1,x,5,3.1999998807907124,3,0.2078481012658228,3,0.21373863092388704,0.0058905296580642474,3950,4178,unetr_style
Mouse,POLYIC_20190510_mouse37__E2_P1,x,6,3.1999998807907124,1,0.17873417721518986,5,0.1778362853039732,-0.0008978919112166694,3950,4178,unetr_style
Mouse,POLYIC_20190510_mouse37__E2_P1,x,7,3.1999998807907124,2,0.149873417721519,4,0.1527046433700335,0.0028312256485145126,3950,4178,unetr_style
Mouse,POLYIC_20190510_mouse37__E2_P1,x,8,3.1999998807907124,7,0.13341772151898734,3,0.13523216850167544,0.001814446982688095,3950,4178,unetr_style
Mouse,POLYIC_20190510_mouse37__E2_P1,y,2,4.999999925494195,0,0.5316176470588235,1,0.5847612103536274,0.05314356329480385,5440,5486,unetr_style
Mouse,POLYIC_20190510_mouse37__E2_P1,y,3,4.999999925494195,1,0.346875,1,0.36875683558148015,0.021881835581480158,5440,5486,unetr_style
Mouse,POLYIC_20190510_mouse37__E2_P1,y,4,4.999999925494195,2,0.2884191176470588,3,0.3215457528253737,0.03312663517831488,5440,5486,unetr_style
Mouse,POLYIC_20190510_mouse37__E2_P1,y,5,4.999999925494195,1,0.22463235294117648,3,0.34433102442581115,0.11969867148463467,5440,5486,unetr_style
Mouse,POLYIC_20190510_mouse37__E2_P1,y,6,4.999999925494195,4,0.19522058823529412,5,0.22821728034998176,0.03299669211468764,5440,5486,unetr_style
Mouse,POLYIC_20190510_mouse37__E2_P1,y,7,4.999999925494195,5,0.17261029411764706,6,0.17225665329930734,-0.0003536408183397177,5440,5486,unetr_style
Mouse,POLYIC_20190510_mouse37__E2_P1,y,8,4.999999925494195,2,0.1670955882352941,7,0.18027706890266132,0.013181480667367212,5440,5486,unetr_style
Mouse,POLYIC_20190510_mouse38__E2_P1,x,2,3.1999998807907124,1,0.507635597682991,1,0.5093908629441625,0.0017552652611714237,3798,3940,current_best
Mouse,POLYIC_20190510_mouse38__E2_P1,x,3,3.1999998807907124,2,0.34623486045286994,0,0.3413705583756345,-0.004864302077235427,3798,3940,current_best
Mouse,POLYIC_20190510_mouse38__E2_P1,x,4,3.1999998807907124,3,0.26408636124275936,3,0.2654822335025381,0.0013958722597787188,3798,3940,current_best
Mouse,POLYIC_20190510_mouse38__E2_P1,x,5,3.1999998807907124,0,0.22195892575039494,0,0.21751269035532994,-0.004446235395065001,3798,3940,current_best
Mouse,POLYIC_20190510_mouse38__E2_P1,x,6,3.1999998807907124,3,0.17719852553975776,3,0.17791878172588832,0.0007202561861305579,3798,3940,current_best
Mouse,POLYIC_20190510_mouse38__E2_P1,x,7,3.1999998807907124,2,0.16192733017377567,2,0.15837563451776648,-0.003551695656009185,3798,3940,current_best
Mouse,POLYIC_20190510_mouse38__E2_P1,x,8,3.1999998807907124,6,0.13796735123749343,6,0.1398477157360406,0.0018803644985471712,3798,3940,current_best
Mouse,POLYIC_20190510_mouse38__E2_P1,y,2,4.999999925494195,1,0.5038080731150039,0,0.5827677224736049,0.078959649358601,5252,5304,current_best
Mouse,POLYIC_20190510_mouse38__E2_P1,y,3,4.999999925494195,2,0.3526275704493526,0,0.3717948717948718,0.019167301345519194,5252,5304,current_best
Mouse,POLYIC_20190510_mouse38__E2_P1,y,4,4.999999925494195,3,0.2616146230007616,0,0.32334087481146306,0.06172625181070146,5252,5304,current_best
Mouse,POLYIC_20190510_mouse38__E2_P1,y,5,4.999999925494195,1,0.22867479055597867,2,0.3453996983408748,0.11672490778489614,5252,5304,current_best
Mouse,POLYIC_20190510_mouse38__E2_P1,y,6,4.999999925494195,5,0.18697638994668697,0,0.2023001508295626,0.015323760882875626,5252,5304,current_best
Mouse,POLYIC_20190510_mouse38__E2_P1,y,7,4.999999925494195,3,0.17326732673267325,3,0.16553544494720965,-0.007731881785463607,5252,5304,current_best
Mouse,POLYIC_20190510_mouse38__E2_P1,y,8,4.999999925494195,6,0.15651180502665651,4,0.1747737556561086,0.018261950629452073,5252,5304,current_best
Mouse,POLYIC_20190510_mouse38__E2_P1,x,2,3.1999998807907124,1,0.507635597682991,1,0.5125430398425972,0.004907442159606146,3798,4066,unetr_style
Mouse,POLYIC_20190510_mouse38__E2_P1,x,3,3.1999998807907124,2,0.34623486045286994,2,0.3472700442695524,0.001035183816682439,3798,4066,unetr_style
Mouse,POLYIC_20190510_mouse38__E2_P1,x,4,3.1999998807907124,3,0.26408636124275936,1,0.25651746187899654,-0.0075688993637628155,3798,4066,unetr_style
Mouse,POLYIC_20190510_mouse38__E2_P1,x,5,3.1999998807907124,0,0.22195892575039494,4,0.2164289227742253,-0.005530002976169651,3798,4066,unetr_style
Mouse,POLYIC_20190510_mouse38__E2_P1,x,6,3.1999998807907124,3,0.17719852553975776,5,0.17658632562715199,-0.0006121999126057764,3798,4066,unetr_style
Mouse,POLYIC_20190510_mouse38__E2_P1,x,7,3.1999998807907124,2,0.16192733017377567,0,0.15371372356123955,-0.008213606612536117,3798,4066,unetr_style
Mouse,POLYIC_20190510_mouse38__E2_P1,x,8,3.1999998807907124,6,0.13796735123749343,6,0.13748155435317266,-0.00048579688432076606,3798,4066,unetr_style
Mouse,POLYIC_20190510_mouse38__E2_P1,y,2,4.999999925494195,1,0.5038080731150039,0,0.567434831885153,0.06362675877014912,5252,5294,unetr_style
Mouse,POLYIC_20190510_mouse38__E2_P1,y,3,4.999999925494195,2,0.3526275704493526,0,0.3775972799395542,0.024969709490201608,5252,5294,unetr_style
Mouse,POLYIC_20190510_mouse38__E2_P1,y,4,4.999999925494195,3,0.2616146230007616,0,0.3061956932376275,0.044581070236865916,5252,5294,unetr_style
Mouse,POLYIC_20190510_mouse38__E2_P1,y,5,4.999999925494195,1,0.22867479055597867,2,0.34888553078957313,0.12021074023359446,5252,5294,unetr_style
Mouse,POLYIC_20190510_mouse38__E2_P1,y,6,4.999999925494195,5,0.18697638994668697,0,0.19739327540612014,0.010416885459433173,5252,5294,unetr_style
Mouse,POLYIC_20190510_mouse38__E2_P1,y,7,4.999999925494195,3,0.17326732673267325,3,0.16584812995844353,-0.007419196774229725,5252,5294,unetr_style
Mouse,POLYIC_20190510_mouse38__E2_P1,y,8,4.999999925494195,6,0.15651180502665651,4,0.17510389119758216,0.018592086170925642,5252,5294,unetr_style
Mouse,POLYIC_20190510_mouse39__E4_P1,x,2,3.1999998807907124,0,0.502568053415511,1,0.5028161802355351,0.00024812682002406383,3894,3906,current_best
Mouse,POLYIC_20190510_mouse39__E4_P1,x,3,3.1999998807907124,1,0.33846944016435543,1,0.33768561187916024,-0.0007838282851951872,3894,3906,current_best
Mouse,POLYIC_20190510_mouse39__E4_P1,x,4,3.1999998807907124,2,0.26322547508988187,1,0.25806451612903225,-0.005160958960849615,3894,3906,current_best
Mouse,POLYIC_20190510_mouse39__E4_P1,x,5,3.1999998807907124,2,0.21982537236774524,2,0.22196620583717358,0.002140833469428338,3894,3906,current_best
Mouse,POLYIC_20190510_mouse39__E4_P1,x,6,3.1999998807907124,4,0.1813045711350796,3,0.1733230926779314,-0.007981478457148222,3894,3906,current_best
Mouse,POLYIC_20190510_mouse39__E4_P1,x,7,3.1999998807907124,2,0.16718027734976887,2,0.159242191500256,-0.00793808584951286,3894,3906,current_best
Mouse,POLYIC_20190510_mouse39__E4_P1,x,8,3.1999998807907124,6,0.14021571648690292,6,0.1390168970814132,-0.001198819405489715,3894,3906,current_best
Mouse,POLYIC_20190510_mouse39__E4_P1,y,2,4.999999925494195,0,0.508808095952024,0,0.5256505576208178,0.016842461668793773,5336,5380,current_best
Mouse,POLYIC_20190510_mouse39__E4_P1,y,3,4.999999925494195,2,0.37275112443778113,1,0.3845724907063197,0.01182136626853858,5336,5380,current_best
Mouse,POLYIC_20190510_mouse39__E4_P1,y,4,4.999999925494195,2,0.2762368815592204,0,0.30446096654275095,0.028224084983530573,5336,5380,current_best
Mouse,POLYIC_20190510_mouse39__E4_P1,y,5,4.999999925494195,1,0.22563718140929534,3,0.36561338289962825,0.1399762014903329,5336,5380,current_best
Mouse,POLYIC_20190510_mouse39__E4_P1,y,6,4.999999925494195,5,0.1866566716641679,4,0.2505576208178439,0.06390094915367597,5336,5380,current_best
Mouse,POLYIC_20190510_mouse39__E4_P1,y,7,4.999999925494195,2,0.17916041979010494,4,0.18494423791821563,0.005783818128110685,5336,5380,current_best
Mouse,POLYIC_20190510_mouse39__E4_P1,y,8,4.999999925494195,6,0.15948275862068967,7,0.18884758364312268,0.02936482502243301,5336,5380,current_best
Mouse,POLYIC_20190510_mouse39__E4_P1,x,2,3.1999998807907124,0,0.502568053415511,0,0.5017173699705594,-0.0008506834449516498,3894,4076,unetr_style
Mouse,POLYIC_20190510_mouse39__E4_P1,x,3,3.1999998807907124,1,0.33846944016435543,1,0.352306182531894,0.013836742367538568,3894,4076,unetr_style
Mouse,POLYIC_20190510_mouse39__E4_P1,x,4,3.1999998807907124,2,0.26322547508988187,2,0.26472031403336604,0.001494838943484178,3894,4076,unetr_style
Mouse,POLYIC_20190510_mouse39__E4_P1,x,5,3.1999998807907124,2,0.21982537236774524,2,0.21368989205103042,-0.00613548031671482,3894,4076,unetr_style
Mouse,POLYIC_20190510_mouse39__E4_P1,x,6,3.1999998807907124,4,0.1813045711350796,4,0.18105986261040236,-0.00024470852467725623,3894,4076,unetr_style
Mouse,POLYIC_20190510_mouse39__E4_P1,x,7,3.1999998807907124,2,0.16718027734976887,2,0.16511285574092247,-0.0020674216088464037,3894,4076,unetr_style
Mouse,POLYIC_20190510_mouse39__E4_P1,x,8,3.1999998807907124,6,0.14021571648690292,6,0.13984298331697742,-0.0003727331699255043,3894,4076,unetr_style
Mouse,POLYIC_20190510_mouse39__E4_P1,y,2,4.999999925494195,0,0.508808095952024,0,0.5337183308494784,0.024910234897454364,5336,5368,unetr_style
Mouse,POLYIC_20190510_mouse39__E4_P1,y,3,4.999999925494195,2,0.37275112443778113,0,0.3709016393442623,-0.0018494850935188434,5336,5368,unetr_style
Mouse,POLYIC_20190510_mouse39__E4_P1,y,4,4.999999925494195,2,0.2762368815592204,0,0.290424739195231,0.014187857636010603,5336,5368,unetr_style
Mouse,POLYIC_20190510_mouse39__E4_P1,y,5,4.999999925494195,1,0.22563718140929534,3,0.34854694485842025,0.12290976344912491,5336,5368,unetr_style
Mouse,POLYIC_20190510_mouse39__E4_P1,y,6,4.999999925494195,5,0.1866566716641679,4,0.23286140089418778,0.046204729230019864,5336,5368,unetr_style
Mouse,POLYIC_20190510_mouse39__E4_P1,y,7,4.999999925494195,2,0.17916041979010494,4,0.17492548435171387,-0.004234935438391069,5336,5368,unetr_style
Mouse,POLYIC_20190510_mouse39__E4_P1,y,8,4.999999925494195,6,0.15948275862068967,7,0.18573025335320417,0.026247494732514504,5336,5368,unetr_style
Mouse,POLYIC_20190510_mouse42__E2_P1,x,2,3.1999998807907124,0,0.5015440041173443,1,0.5035282258064516,0.0019842216891072795,3886,3968,current_best
Mouse,POLYIC_20190510_mouse42__E2_P1,x,3,3.1999998807907124,0,0.34534225424601134,1,0.33845766129032256,-0.006884592955688773,3886,3968,current_best
Mouse,POLYIC_20190510_mouse42__E2_P1,x,4,3.1999998807907124,3,0.2547606793618116,1,0.2535282258064516,-0.0012324535553600025,3886,3968,current_best
Mouse,POLYIC_20190510_mouse42__E2_P1,x,5,3.1999998807907124,4,0.21384457025218734,4,0.20942540322580644,-0.004419167026380899,3886,3968,current_best
Mouse,POLYIC_20190510_mouse42__E2_P1,x,6,3.1999998807907124,0,0.1755018013381369,1,0.1766633064516129,0.0011615051134760135,3886,3968,current_best
Mouse,POLYIC_20190510_mouse42__E2_P1,x,7,3.1999998807907124,3,0.15182707153885744,1,0.15700604838709678,0.005178976848239342,3886,3968,current_best
Mouse,POLYIC_20190510_mouse42__E2_P1,x,8,3.1999998807907124,6,0.13535769428718478,6,0.14087701612903225,0.005519321841847474,3886,3968,current_best
Mouse,POLYIC_20190510_mouse42__E2_P1,y,2,4.999999925494195,0,0.5005818463925523,1,0.5163398692810458,0.015758022888493484,5156,5202,current_best
Mouse,POLYIC_20190510_mouse42__E2_P1,y,3,4.999999925494195,2,0.35550814584949575,2,0.36562860438292966,0.010120458533433907,5156,5202,current_best
Mouse,POLYIC_20190510_mouse42__E2_P1,y,4,4.999999925494195,3,0.2651280062063615,2,0.2779700115340254,0.012842005327663886,5156,5202,current_best
Mouse,POLYIC_20190510_mouse42__E2_P1,y,5,4.999999925494195,4,0.21683475562451512,3,0.3548635140330642,0.13802875840854908,5156,5202,current_best
Mouse,POLYIC_20190510_mouse42__E2_P1,y,6,4.999999925494195,5,0.18211792086889061,5,0.21414840445982314,0.032030483590932524,5156,5202,current_best
Mouse,POLYIC_20190510_mouse42__E2_P1,y,7,4.999999925494195,2,0.16252909231962762,5,0.1643598615916955,0.001830769272067878,5156,5202,current_best
Mouse,POLYIC_20190510_mouse42__E2_P1,y,8,4.999999925494195,7,0.15050426687354537,7,0.1708958093041138,0.020391542430568427,5156,5202,current_best
Mouse,POLYIC_20190510_mouse42__E2_P1,x,2,3.1999998807907124,0,0.5015440041173443,0,0.504110251450677,0.0025662473333326608,3886,4136,unetr_style
Mouse,POLYIC_20190510_mouse42__E2_P1,x,3,3.1999998807907124,0,0.34534225424601134,1,0.344294003868472,-0.0010482503775393615,3886,4136,unetr_style
Mouse,POLYIC_20190510_mouse42__E2_P1,x,4,3.1999998807907124,3,0.2547606793618116,3,0.2572533849129594,0.002492705551147778,3886,4136,unetr_style
Mouse,POLYIC_20190510_mouse42__E2_P1,x,5,3.1999998807907124,4,0.21384457025218734,4,0.21808510638297873,0.004240536130791395,3886,4136,unetr_style
Mouse,POLYIC_20190510_mouse42__E2_P1,x,6,3.1999998807907124,0,0.1755018013381369,1,0.17674081237911024,0.001239011040973348,3886,4136,unetr_style
Mouse,POLYIC_20190510_mouse42__E2_P1,x,7,3.1999998807907124,3,0.15182707153885744,2,0.1576402321083172,0.005813160569459769,3886,4136,unetr_style
Mouse,POLYIC_20190510_mouse42__E2_P1,x,8,3.1999998807907124,6,0.13535769428718478,6,0.13853965183752417,0.003181957550339398,3886,4136,unetr_style
Mouse,POLYIC_20190510_mouse42__E2_P1,y,2,4.999999925494195,0,0.5005818463925523,1,0.5175773786778755,0.016995532285323134,5156,5234,unetr_style
Mouse,POLYIC_20190510_mouse42__E2_P1,y,3,4.999999925494195,2,0.35550814584949575,2,0.3658769583492549,0.010368812499759128,5156,5234,unetr_style
Mouse,POLYIC_20190510_mouse42__E2_P1,y,4,4.999999925494195,3,0.2651280062063615,3,0.2680550248376003,0.002927018631238787,5156,5234,unetr_style
Mouse,POLYIC_20190510_mouse42__E2_P1,y,5,4.999999925494195,4,0.21683475562451512,3,0.34906381352693927,0.13222905790242415,5156,5234,unetr_style
Mouse,POLYIC_20190510_mouse42__E2_P1,y,6,4.999999925494195,5,0.18211792086889061,5,0.20328620557890714,0.021168284710016527,5156,5234,unetr_style
Mouse,POLYIC_20190510_mouse42__E2_P1,y,7,4.999999925494195,2,0.16252909231962762,3,0.16755827283148644,0.005029180511858827,5156,5234,unetr_style
Mouse,POLYIC_20190510_mouse42__E2_P1,y,8,4.999999925494195,7,0.15050426687354537,7,0.1696599159342759,0.01915564906073053,5156,5234,unetr_style
Mouse,POLYIC_20190510_mouse43__E2_P1_1,x,2,3.1999998807907124,0,0.5107444359171144,0,0.5052434456928839,-0.005500990224230451,2606,2670,current_best
Mouse,POLYIC_20190510_mouse43__E2_P1_1,x,3,3.1999998807907124,0,0.34804297774366844,2,0.349063670411985,0.0010206926683165585,2606,2670,current_best
Mouse,POLYIC_20190510_mouse43__E2_P1_1,x,4,3.1999998807907124,0,0.2651573292402149,1,0.2636704119850187,-0.001486917255196174,2606,2670,current_best
Mouse,POLYIC_20190510_mouse43__E2_P1_1,x,5,3.1999998807907124,1,0.20683039140445125,4,0.21423220973782772,0.00740181833337647,2606,2670,current_best
Mouse,POLYIC_20190510_mouse43__E2_P1_1,x,6,3.1999998807907124,3,0.18457405986185726,2,0.17752808988764046,-0.007045969974216804,2606,2670,current_best
Mouse,POLYIC_20190510_mouse43__E2_P1_1,x,7,3.1999998807907124,1,0.15656178050652342,5,0.15393258426966291,-0.0026291962368605037,2606,2670,current_best
Mouse,POLYIC_20190510_mouse43__E2_P1_1,x,8,3.1999998807907124,4,0.14044512663085187,1,0.14644194756554307,0.005996820934691199,2606,2670,current_best
Mouse,POLYIC_20190510_mouse43__E2_P1_1,y,2,4.999999925494195,1,0.5104875283446711,1,0.5739695087521175,0.06348198040744635,3528,3542,current_best
Mouse,POLYIC_20190510_mouse43__E2_P1_1,y,3,4.999999925494195,1,0.3449546485260771,2,0.38226990400903443,0.03731525548295733,3528,3542,current_best
Mouse,POLYIC_20190510_mouse43__E2_P1_1,y,4,4.999999925494195,3,0.2593537414965986,1,0.3105590062111801,0.05120526471458148,3528,3542,current_best
Mouse,POLYIC_20190510_mouse43__E2_P1_1,y,5,4.999999925494195,2,0.20918367346938777,2,0.354884246188594,0.14570057271920622,3528,3542,current_best
Mouse,POLYIC_20190510_mouse43__E2_P1_1,y,6,4.999999925494195,1,0.18339002267573695,3,0.21428571428571427,0.03089569160997732,3528,3542,current_best
Mouse,POLYIC_20190510_mouse43__E2_P1_1,y,7,4.999999925494195,3,0.16780045351473924,2,0.18181818181818182,0.014017728303442584,3528,3542,current_best
Mouse,POLYIC_20190510_mouse43__E2_P1_1,y,8,4.999999925494195,3,0.15136054421768708,4,0.16290231507622813,0.01154177085854105,3528,3542,current_best
Mouse,POLYIC_20190510_mouse43__E2_P1_1,x,2,3.1999998807907124,0,0.5107444359171144,1,0.502530730296457,-0.008213705620657374,2606,2766,unetr_style
Mouse,POLYIC_20190510_mouse43__E2_P1_1,x,3,3.1999998807907124,0,0.34804297774366844,0,0.35502530730296455,0.006982329559296119,2606,2766,unetr_style
Mouse,POLYIC_20190510_mouse43__E2_P1_1,x,4,3.1999998807907124,0,0.2651573292402149,0,0.2603036876355748,-0.00485364160464008,2606,2766,unetr_style
Mouse,POLYIC_20190510_mouse43__E2_P1_1,x,5,3.1999998807907124,1,0.20683039140445125,1,0.21800433839479394,0.011173946990342687,2606,2766,unetr_style
Mouse,POLYIC_20190510_mouse43__E2_P1_1,x,6,3.1999998807907124,3,0.18457405986185726,3,0.1843817787418655,-0.00019228111999175512,2606,2766,unetr_style
Mouse,POLYIC_20190510_mouse43__E2_P1_1,x,7,3.1999998807907124,1,0.15656178050652342,1,0.1681127982646421,0.011551017758118676,2606,2766,unetr_style
Mouse,POLYIC_20190510_mouse43__E2_P1_1,x,8,3.1999998807907124,4,0.14044512663085187,3,0.13774403470715835,-0.002701091923693527,2606,2766,unetr_style
Mouse,POLYIC_20190510_mouse43__E2_P1_1,y,2,4.999999925494195,1,0.5104875283446711,1,0.514301738642737,0.0038142102980658343,3528,3566,unetr_style
Mouse,POLYIC_20190510_mouse43__E2_P1_1,y,3,4.999999925494195,1,0.3449546485260771,2,0.3939988782950084,0.0490442297689313,3528,3566,unetr_style
Mouse,POLYIC_20190510_mouse43__E2_P1_1,y,4,4.999999925494195,3,0.2593537414965986,1,0.28883903533370725,0.029485293837108628,3528,3566,unetr_style
Mouse,POLYIC_20190510_mouse43__E2_P1_1,y,5,4.999999925494195,2,0.20918367346938777,2,0.35277621985417834,0.14359254638479058,3528,3566,unetr_style
Mouse,POLYIC_20190510_mouse43__E2_P1_1,y,6,4.999999925494195,1,0.18339002267573695,2,0.21789119461581605,0.034501171940079095,3528,3566,unetr_style
Mouse,POLYIC_20190510_mouse43__E2_P1_1,y,7,4.999999925494195,3,0.16780045351473924,2,0.1791923724060572,0.011391918891317965,3528,3566,unetr_style
Mouse,POLYIC_20190510_mouse43__E2_P1_1,y,8,4.999999925494195,3,0.15136054421768708,4,0.1971396522714526,0.04577910805376553,3528,3566,unetr_style
Mouse,POLYIC_20190510_mouse43__E9_P1,x,2,3.1999998807907124,0,0.5094195519348269,1,0.5058465855940131,-0.0035729663408138324,3928,4276,current_best
Mouse,POLYIC_20190510_mouse43__E9_P1,x,3,3.1999998807907124,2,0.33834012219959264,2,0.3498596819457437,0.011519559746151042,3928,4276,current_best
Mouse,POLYIC_20190510_mouse43__E9_P1,x,4,3.1999998807907124,2,0.265020366598778,3,0.2570159027128157,-0.008004463885962265,3928,4276,current_best
Mouse,POLYIC_20190510_mouse43__E9_P1,x,5,3.1999998807907124,0,0.21308553971486763,3,0.2100093545369504,-0.003076185177917218,3928,4276,current_best
Mouse,POLYIC_20190510_mouse43__E9_P1,x,6,3.1999998807907124,2,0.17362525458248473,5,0.181244153414406,0.007618898831921267,3928,4276,current_best
Mouse,POLYIC_20190510_mouse43__E9_P1,x,7,3.1999998807907124,4,0.15554989816700612,2,0.146866230121609,-0.008683668045397136,3928,4276,current_best
Mouse,POLYIC_20190510_mouse43__E9_P1,x,8,3.1999998807907124,2,0.13365580448065173,0,0.13493919550982225,0.001283391029170522,3928,4276,current_best
Mouse,POLYIC_20190510_mouse43__E9_P1,y,2,4.999999925494195,0,0.5155291411042945,1,0.5399085794655415,0.024379438361247008,5216,5688,current_best
Mouse,POLYIC_20190510_mouse43__E9_P1,y,3,4.999999925494195,1,0.3462423312883436,1,0.36937412095639943,0.023131789668055847,5216,5688,current_best
Mouse,POLYIC_20190510_mouse43__E9_P1,y,4,4.999999925494195,2,0.26150306748466257,1,0.29957805907172996,0.0380749915870674,5216,5688,current_best
Mouse,POLYIC_20190510_mouse43__E9_P1,y,5,4.999999925494195,4,0.20648006134969324,2,0.36075949367088606,0.15427943232119282,5216,5688,current_best
Mouse,POLYIC_20190510_mouse43__E9_P1,y,6,4.999999925494195,4,0.18692484662576686,1,0.20991561181434598,0.02299076518857912,5216,5688,current_best
Mouse,POLYIC_20190510_mouse43__E9_P1,y,7,4.999999925494195,6,0.17043711656441718,6,0.19251054852320676,0.02207343195878958,5216,5688,current_best
Mouse,POLYIC_20190510_mouse43__E9_P1,y,8,4.999999925494195,0,0.1460889570552147,1,0.22063994374120957,0.07455098668599486,5216,5688,current_best
Mouse,POLYIC_20190510_mouse43__E9_P1,x,2,3.1999998807907124,0,0.5094195519348269,1,0.5062139369729249,-0.0032056149619019703,3928,4506,unetr_style
Mouse,POLYIC_20190510_mouse43__E9_P1,x,3,3.1999998807907124,2,0.33834012219959264,1,0.34420772303595204,0.005867600836359399,3928,4506,unetr_style
Mouse,POLYIC_20190510_mouse43__E9_P1,x,4,3.1999998807907124,2,0.265020366598778,1,0.26475810031069685,-0.0002622662880811255,3928,4506,unetr_style
Mouse,POLYIC_20190510_mouse43__E9_P1,x,5,3.1999998807907124,0,0.21308553971486763,3,0.20528184642698624,-0.007803693287881386,3928,4506,unetr_style
Mouse,POLYIC_20190510_mouse43__E9_P1,x,6,3.1999998807907124,2,0.17362525458248473,1,0.17842876165113183,0.0048035070686471,3928,4506,unetr_style
Mouse,POLYIC_20190510_mouse43__E9_P1,x,7,3.1999998807907124,4,0.15554989816700612,5,0.1515756768752774,-0.0039742212917287245,3928,4506,unetr_style
Mouse,POLYIC_20190510_mouse43__E9_P1,x,8,3.1999998807907124,2,0.13365580448065173,1,0.1347092765201953,0.0010534720395435626,3928,4506,unetr_style
Mouse,POLYIC_20190510_mouse43__E9_P1,y,2,4.999999925494195,0,0.5155291411042945,1,0.5243271221532091,0.008797981048914605,5216,5796,unetr_style
Mouse,POLYIC_20190510_mouse43__E9_P1,y,3,4.999999925494195,1,0.3462423312883436,1,0.37163561076604557,0.02539327947770198,5216,5796,unetr_style
Mouse,POLYIC_20190510_mouse43__E9_P1,y,4,4.999999925494195,2,0.26150306748466257,1,0.28847481021394067,0.026971742729278103,5216,5796,unetr_style
Mouse,POLYIC_20190510_mouse43__E9_P1,y,5,4.999999925494195,4,0.20648006134969324,2,0.3504140786749482,0.143934017325255,5216,5796,unetr_style
Mouse,POLYIC_20190510_mouse43__E9_P1,y,6,4.999999925494195,4,0.18692484662576686,1,0.20634920634920634,0.019424359723439477,5216,5796,unetr_style
Mouse,POLYIC_20190510_mouse43__E9_P1,y,7,4.999999925494195,6,0.17043711656441718,6,0.19030365769496205,0.019866541130544868,5216,5796,unetr_style
Mouse,POLYIC_20190510_mouse43__E9_P1,y,8,4.999999925494195,0,0.1460889570552147,1,0.21842650103519667,0.07233754397998196,5216,5796,unetr_style
Mouse,POLYIC_20190517_mouse33__E2_P1,x,2,3.1999998807907124,0,0.5048179871520343,1,0.5023461939520334,-0.0024717932000009046,3736,3836,current_best
Mouse,POLYIC_20190517_mouse33__E2_P1,x,3,3.1999998807907124,2,0.3476980728051392,0,0.35427528675703857,0.006577213951899363,3736,3836,current_best
Mouse,POLYIC_20190517_mouse33__E2_P1,x,4,3.1999998807907124,1,0.2639186295503212,2,0.264859228362878,0.0009405988125568143,3736,3836,current_best
Mouse,POLYIC_20190517_mouse33__E2_P1,x,5,3.1999998807907124,0,0.20985010706638116,0,0.2281021897810219,0.01825208271464074,3736,3836,current_best
Mouse,POLYIC_20190517_mouse33__E2_P1,x,6,3.1999998807907124,5,0.1838865096359743,0,0.18169968717413973,-0.0021868224618345755,3736,3836,current_best
Mouse,POLYIC_20190517_mouse33__E2_P1,x,7,3.1999998807907124,2,0.1664882226980728,2,0.15667361835245047,-0.00981460434562234,3736,3836,current_best
Mouse,POLYIC_20190517_mouse33__E2_P1,x,8,3.1999998807907124,5,0.14828693790149894,6,0.15250260688216893,0.004215668980669995,3736,3836,current_best
Mouse,POLYIC_20190517_mouse33__E2_P1,y,2,4.999999925494195,1,0.5232198142414861,0,0.5074655436447167,-0.01575427059676937,5168,5224,current_best
Mouse,POLYIC_20190517_mouse33__E2_P1,y,3,4.999999925494195,1,0.33920278637770895,0,0.39127105666156203,0.05206827028385308,5168,5224,current_best
Mouse,POLYIC_20190517_mouse33__E2_P1,y,4,4.999999925494195,3,0.27321981424148606,2,0.2890505359877488,0.015830721746262766,5168,5224,current_best
Mouse,POLYIC_20190517_mouse33__E2_P1,y,5,4.999999925494195,2,0.21729876160990713,2,0.35470903522205205,0.13741027361214492,5168,5224,current_best
Mouse,POLYIC_20190517_mouse33__E2_P1,y,6,4.999999925494195,5,0.19195046439628483,0,0.22320061255742726,0.03125014816114244,5168,5224,current_best
Mouse,POLYIC_20190517_mouse33__E2_P1,y,7,4.999999925494195,5,0.16137770897832818,1,0.17151607963246554,0.010138370654137363,5168,5224,current_best
Mouse,POLYIC_20190517_mouse33__E2_P1,y,8,4.999999925494195,7,0.14202786377708979,5,0.18778713629402757,0.04575927251693779,5168,5224,current_best
Mouse,POLYIC_20190517_mouse33__E2_P1,x,2,3.1999998807907124,0,0.5048179871520343,0,0.5160642570281124,0.01124626987607813,3736,3984,unetr_style
Mouse,POLYIC_20190517_mouse33__E2_P1,x,3,3.1999998807907124,2,0.3476980728051392,2,0.3458835341365462,-0.001814538668592991,3736,3984,unetr_style
Mouse,POLYIC_20190517_mouse33__E2_P1,x,4,3.1999998807907124,1,0.2639186295503212,2,0.26957831325301207,0.005659683702690876,3736,3984,unetr_style
Mouse,POLYIC_20190517_mouse33__E2_P1,x,5,3.1999998807907124,0,0.20985010706638116,0,0.21762048192771086,0.007770374861329699,3736,3984,unetr_style
Mouse,POLYIC_20190517_mouse33__E2_P1,x,6,3.1999998807907124,5,0.1838865096359743,2,0.1764558232931727,-0.007430686342801612,3736,3984,unetr_style
Mouse,POLYIC_20190517_mouse33__E2_P1,x,7,3.1999998807907124,2,0.1664882226980728,2,0.15863453815261044,-0.00785368454546237,3736,3984,unetr_style
Mouse,POLYIC_20190517_mouse33__E2_P1,x,8,3.1999998807907124,5,0.14828693790149894,6,0.1488453815261044,0.0005584436246054703,3736,3984,unetr_style
Mouse,POLYIC_20190517_mouse33__E2_P1,y,2,4.999999925494195,1,0.5232198142414861,0,0.5271493212669683,0.003929507025482226,5168,5304,unetr_style
Mouse,POLYIC_20190517_mouse33__E2_P1,y,3,4.999999925494195,1,0.33920278637770895,0,0.3802790346907994,0.041076248313090424,5168,5304,unetr_style
Mouse,POLYIC_20190517_mouse33__E2_P1,y,4,4.999999925494195,3,0.27321981424148606,2,0.2916666666666667,0.018446852425180627,5168,5304,unetr_style
Mouse,POLYIC_20190517_mouse33__E2_P1,y,5,4.999999925494195,2,0.21729876160990713,3,0.34822775263951733,0.1309289910296102,5168,5304,unetr_style
Mouse,POLYIC_20190517_mouse33__E2_P1,y,6,4.999999925494195,5,0.19195046439628483,0,0.2368024132730015,0.044851948876716674,5168,5304,unetr_style
Mouse,POLYIC_20190517_mouse33__E2_P1,y,7,4.999999925494195,5,0.16137770897832818,1,0.18947963800904977,0.02810192903072159,5168,5304,unetr_style
Mouse,POLYIC_20190517_mouse33__E2_P1,y,8,4.999999925494195,7,0.14202786377708979,5,0.18570889894419307,0.04368103516710328,5168,5304,unetr_style
Mouse,POLYIC_20190517_mouse35__E2_P1,x,2,3.1999998807907124,1,0.5021063717746183,1,0.5124352331606218,0.01032886138600353,3798,3860,current_best
Mouse,POLYIC_20190517_mouse35__E2_P1,x,3,3.1999998807907124,0,0.3467614533965245,2,0.3559585492227979,0.009197095826273427,3798,3860,current_best
Mouse,POLYIC_20190517_mouse35__E2_P1,x,4,3.1999998807907124,0,0.2646129541864139,3,0.27124352331606216,0.006630569129648267,3798,3860,current_best
Mouse,POLYIC_20190517_mouse35__E2_P1,x,5,3.1999998807907124,0,0.22933122696155872,0,0.21528497409326425,-0.014046252868294473,3798,3860,current_best
Mouse,POLYIC_20190517_mouse35__E2_P1,x,6,3.1999998807907124,0,0.17614533965244866,5,0.1878238341968912,0.01167849454444253,3798,3860,current_best
Mouse,POLYIC_20190517_mouse35__E2_P1,x,7,3.1999998807907124,6,0.16850974196945762,6,0.15984455958549224,-0.00866518238396538,3798,3860,current_best
Mouse,POLYIC_20190517_mouse35__E2_P1,x,8,3.1999998807907124,3,0.15297525013164823,3,0.14870466321243522,-0.004270586919213004,3798,3860,current_best
Mouse,POLYIC_20190517_mouse35__E2_P1,y,2,4.999999925494195,0,0.5039047247169075,0,0.5275193798449612,0.02361465512805372,5122,5160,current_best
Mouse,POLYIC_20190517_mouse35__E2_P1,y,3,4.999999925494195,2,0.36060132760640373,0,0.3798449612403101,0.019243633633906354,5122,5160,current_best
Mouse,POLYIC_20190517_mouse35__E2_P1,y,4,4.999999925494195,1,0.2672784068723155,0,0.3013565891472868,0.03407818227497128,5122,5160,current_best
Mouse,POLYIC_20190517_mouse35__E2_P1,y,5,4.999999925494195,3,0.23096446700507614,2,0.3608527131782946,0.12988824617321845,5122,5160,current_best
Mouse,POLYIC_20190517_mouse35__E2_P1,y,6,4.999999925494195,2,0.19621241702459977,3,0.21104651162790697,0.014834094603307202,5122,5160,current_best
Mouse,POLYIC_20190517_mouse35__E2_P1,y,7,4.999999925494195,5,0.15911753221397892,5,0.1693798449612403,0.010262312747261387,5122,5160,current_best
Mouse,POLYIC_20190517_mouse35__E2_P1,y,8,4.999999925494195,1,0.1491604841858649,4,0.16395348837209303,0.014793004186228143,5122,5160,current_best
Mouse,POLYIC_20190517_mouse35__E2_P1,x,2,3.1999998807907124,1,0.5021063717746183,0,0.5079286422200199,0.005822270445401623,3798,4036,unetr_style
Mouse,POLYIC_20190517_mouse35__E2_P1,x,3,3.1999998807907124,0,0.3467614533965245,0,0.3434093161546085,-0.0033521372419159645,3798,4036,unetr_style
Mouse,POLYIC_20190517_mouse35__E2_P1,x,4,3.1999998807907124,0,0.2646129541864139,0,0.26684836471754214,0.0022354105311282457,3798,4036,unetr_style
Mouse,POLYIC_20190517_mouse35__E2_P1,x,5,3.1999998807907124,0,0.22933122696155872,0,0.2180376610505451,-0.011293565911013631,3798,4036,unetr_style
Mouse,POLYIC_20190517_mouse35__E2_P1,x,6,3.1999998807907124,0,0.17614533965244866,2,0.17666005946481664,0.0005147198123679753,3798,4036,unetr_style
Mouse,POLYIC_20190517_mouse35__E2_P1,x,7,3.1999998807907124,6,0.16850974196945762,6,0.16650148662041625,-0.0020082553490413657,3798,4036,unetr_style
Mouse,POLYIC_20190517_mouse35__E2_P1,x,8,3.1999998807907124,3,0.15297525013164823,4,0.14494549058473735,-0.008029759546910875,3798,4036,unetr_style
Mouse,POLYIC_20190517_mouse35__E2_P1,y,2,4.999999925494195,0,0.5039047247169075,0,0.5185746777862017,0.014669953069294195,5122,5276,unetr_style
Mouse,POLYIC_20190517_mouse35__E2_P1,y,3,4.999999925494195,2,0.36060132760640373,0,0.3923426838514026,0.03174135624499885,5122,5276,unetr_style
Mouse,POLYIC_20190517_mouse35__E2_P1,y,4,4.999999925494195,1,0.2672784068723155,0,0.2932145564821835,0.025936149609867953,5122,5276,unetr_style
Mouse,POLYIC_20190517_mouse35__E2_P1,y,5,4.999999925494195,3,0.23096446700507614,2,0.3544351781652767,0.12347071116020056,5122,5276,unetr_style
Mouse,POLYIC_20190517_mouse35__E2_P1,y,6,4.999999925494195,2,0.19621241702459977,3,0.2234647460197119,0.027252328995112124,5122,5276,unetr_style
Mouse,POLYIC_20190517_mouse35__E2_P1,y,7,4.999999925494195,5,0.15911753221397892,2,0.16603487490523122,0.006917342691252298,5122,5276,unetr_style
Mouse,POLYIC_20190517_mouse35__E2_P1,y,8,4.999999925494195,1,0.1491604841858649,4,0.17323730098559514,0.024076816799730255,5122,5276,unetr_style
Mouse,POLYIC_20190517_mouse36__E2_P1,x,2,3.1999998807907124,1,0.5120663650075414,1,0.5088607594936709,-0.003205605513870502,3978,3950,current_best
Mouse,POLYIC_20190517_mouse36__E2_P1,x,3,3.1999998807907124,1,0.3350930115635998,1,0.34632911392405064,0.011236102360450861,3978,3950,current_best
Mouse,POLYIC_20190517_mouse36__E2_P1,x,4,3.1999998807907124,3,0.2561588738059326,1,0.25924050632911394,0.0030816325231813324,3978,3950,current_best
Mouse,POLYIC_20190517_mouse36__E2_P1,x,5,3.1999998807907124,2,0.20487682252388134,1,0.21822784810126583,0.01335102557738449,3978,3950,current_best
Mouse,POLYIC_20190517_mouse36__E2_P1,x,6,3.1999998807907124,1,0.1804927099044746,1,0.18177215189873416,0.0012794419942595558,3978,3950,current_best
Mouse,POLYIC_20190517_mouse36__E2_P1,x,7,3.1999998807907124,2,0.15434891905480141,0,0.15569620253164557,0.0013472834768441522,3978,3950,current_best
Mouse,POLYIC_20190517_mouse36__E2_P1,x,8,3.1999998807907124,3,0.13423831070889894,1,0.14278481012658228,0.008546499417683345,3978,3950,current_best
Mouse,POLYIC_20190517_mouse36__E2_P1,y,2,4.999999925494195,1,0.506872852233677,0,0.5051117001135933,-0.0017611521200836533,5238,5282,current_best
Mouse,POLYIC_20190517_mouse36__E2_P1,y,3,4.999999925494195,0,0.34116074837724325,0,0.38072699734948884,0.03956624897224559,5238,5282,current_best
Mouse,POLYIC_20190517_mouse36__E2_P1,y,4,4.999999925494195,1,0.2733867888507064,0,0.2862552063612268,0.012868417510520425,5238,5282,current_best
Mouse,POLYIC_20190517_mouse36__E2_P1,y,5,4.999999925494195,3,0.23004963726613212,3,0.35876561908368043,0.12871598181754831,5238,5282,current_best
Mouse,POLYIC_20190517_mouse36__E2_P1,y,6,4.999999925494195,3,0.1928216876670485,3,0.23210904960242332,0.039287361935374826,5238,5282,current_best
Mouse,POLYIC_20190517_mouse36__E2_P1,y,7,4.999999925494195,6,0.16132111492936235,5,0.16224914804998106,0.0009280331206187042,5238,5282,current_best
Mouse,POLYIC_20190517_mouse36__E2_P1,y,8,4.999999925494195,1,0.15578465063001146,4,0.17493373722074973,0.019149086590738273,5238,5282,current_best
Mouse,POLYIC_20190517_mouse36__E2_P1,x,2,3.1999998807907124,1,0.5120663650075414,0,0.5158806544754572,0.0038142894679157324,3978,4156,unetr_style
Mouse,POLYIC_20190517_mouse36__E2_P1,x,3,3.1999998807907124,1,0.3350930115635998,0,0.34793070259865255,0.012837691035052778,3978,4156,unetr_style
Mouse,POLYIC_20190517_mouse36__E2_P1,x,4,3.1999998807907124,3,0.2561588738059326,0,0.2581809432146295,0.0020220694086968694,3978,4156,unetr_style
Mouse,POLYIC_20190517_mouse36__E2_P1,x,5,3.1999998807907124,2,0.20487682252388134,2,0.20356111645813282,-0.0013157060657485176,3978,4156,unetr_style
Mouse,POLYIC_20190517_mouse36__E2_P1,x,6,3.1999998807907124,1,0.1804927099044746,3,0.17781520692974012,-0.002677502974734486,3978,4156,unetr_style
Mouse,POLYIC_20190517_mouse36__E2_P1,x,7,3.1999998807907124,2,0.15434891905480141,1,0.15206929740134745,-0.002279621653453967,3978,4156,unetr_style
Mouse,POLYIC_20190517_mouse36__E2_P1,x,8,3.1999998807907124,3,0.13423831070889894,3,0.1388354186717998,0.004597107962900859,3978,4156,unetr_style
Mouse,POLYIC_20190517_mouse36__E2_P1,y,2,4.999999925494195,1,0.506872852233677,1,0.503370786516854,-0.0035020657168229885,5238,5340,unetr_style
Mouse,POLYIC_20190517_mouse36__E2_P1,y,3,4.999999925494195,0,0.34116074837724325,0,0.3857677902621723,0.04460704188492903,5238,5340,unetr_style
Mouse,POLYIC_20190517_mouse36__E2_P1,y,4,4.999999925494195,1,0.2733867888507064,0,0.2792134831460674,0.0058266942953610346,5238,5340,unetr_style
Mouse,POLYIC_20190517_mouse36__E2_P1,y,5,4.999999925494195,3,0.23004963726613212,3,0.3597378277153558,0.12968819044922367,5238,5340,unetr_style
Mouse,POLYIC_20190517_mouse36__E2_P1,y,6,4.999999925494195,3,0.1928216876670485,3,0.23464419475655432,0.04182250708950583,5238,5340,unetr_style
Mouse,POLYIC_20190517_mouse36__E2_P1,y,7,4.999999925494195,6,0.16132111492936235,5,0.1548689138576779,-0.006452201071684455,5238,5340,unetr_style
Mouse,POLYIC_20190517_mouse36__E2_P1,y,8,4.999999925494195,1,0.15578465063001146,4,0.17059925093632958,0.01481460030631812,5238,5340,unetr_style
Mouse,POLYIC_20190517_mouse37__E3_P1,x,2,4.551111009385851,1,0.5032706459525756,0,0.504013914905004,0.0007432689524283775,7338,7474,current_best
Mouse,POLYIC_20190517_mouse37__E3_P1,x,3,4.551111009385851,0,0.34082856364131914,0,0.34974578538934975,0.008917221748030613,7338,7474,current_best
Mouse,POLYIC_20190517_mouse37__E3_P1,x,4,4.551111009385851,1,0.2583810302534751,0,0.2597002943537597,0.0013192641002846006,7338,7474,current_best
Mouse,POLYIC_20190517_mouse37__E3_P1,x,5,4.551111009385851,3,0.2089125102207686,4,0.21541343323521542,0.006500923014446824,7338,7474,current_best
Mouse,POLYIC_20190517_mouse37__E3_P1,x,6,4.551111009385851,0,0.17416189697465248,0,0.1800909820711801,0.00592908509652762,7338,7474,current_best
Mouse,POLYIC_20190517_mouse37__E3_P1,x,7,4.551111009385851,2,0.15140365222131372,1,0.15654268129515655,0.005139029073842838,7338,7474,current_best
Mouse,POLYIC_20190517_mouse37__E3_P1,x,8,4.551111009385851,1,0.1304170073589534,4,0.13781107840513782,0.0073940710461844195,7338,7474,current_best
Mouse,POLYIC_20190517_mouse37__E3_P1,y,2,7.111111111111111,1,0.5104187537567622,1,0.55235914791957,0.041940394162807815,9982,10046,current_best
Mouse,POLYIC_20190517_mouse37__E3_P1,y,3,7.111111111111111,2,0.3402123822881186,2,0.3737806091976906,0.03356822690957201,9982,10046,current_best
Mouse,POLYIC_20190517_mouse37__E3_P1,y,4,7.111111111111111,3,0.26006812262071727,1,0.2891698188333665,0.029101696212649242,9982,10046,current_best
Mouse,POLYIC_20190517_mouse37__E3_P1,y,5,7.111111111111111,3,0.20196353436185133,1,0.274537129205654,0.07257359484380266,9982,10046,current_best
Mouse,POLYIC_20190517_mouse37__E3_P1,y,6,7.111111111111111,5,0.17952314165497896,1,0.2022695600238901,0.022746418368911142,9982,10046,current_best
Mouse,POLYIC_20190517_mouse37__E3_P1,y,7,7.111111111111111,0,0.166800240432779,0,0.20595261795739597,0.03915237752461698,9982,10046,current_best
Mouse,POLYIC_20190517_mouse37__E3_P1,y,8,7.111111111111111,2,0.1344419955920657,1,0.18733824407724467,0.05289624848517896,9982,10046,current_best
Mouse,POLYIC_20190517_mouse37__E3_P1,x,2,4.551111009385851,1,0.5032706459525756,1,0.5069479535118747,0.00367730755929907,7338,7916,unetr_style
Mouse,POLYIC_20190517_mouse37__E3_P1,x,3,4.551111009385851,0,0.34082856364131914,1,0.34259727134916623,0.0017687077078470947,7338,7916,unetr_style
Mouse,POLYIC_20190517_mouse37__E3_P1,x,4,4.551111009385851,1,0.2583810302534751,1,0.2617483577564427,0.0033673275029675875,7338,7916,unetr_style
Mouse,POLYIC_20190517_mouse37__E3_P1,x,5,4.551111009385851,3,0.2089125102207686,4,0.20843860535624054,-0.00047390486452805747,7338,7916,unetr_style
Mouse,POLYIC_20190517_mouse37__E3_P1,x,6,4.551111009385851,0,0.17416189697465248,1,0.18039413845376454,0.006232241479112055,7338,7916,unetr_style
Mouse,POLYIC_20190517_mouse37__E3_P1,x,7,4.551111009385851,2,0.15140365222131372,1,0.15336028297119758,0.001956630749883864,7338,7916,unetr_style
Mouse,POLYIC_20190517_mouse37__E3_P1,x,8,4.551111009385851,1,0.1304170073589534,5,0.14047498736735725,0.010057980008403855,7338,7916,unetr_style
Mouse,POLYIC_20190517_mouse37__E3_P1,y,2,7.111111111111111,1,0.5104187537567622,1,0.5629506918729292,0.052531938116167076,9982,10262,unetr_style
Mouse,POLYIC_20190517_mouse37__E3_P1,y,3,7.111111111111111,2,0.3402123822881186,2,0.3663028649386085,0.026090482650489855,9982,10262,unetr_style
Mouse,POLYIC_20190517_mouse37__E3_P1,y,4,7.111111111111111,3,0.26006812262071727,1,0.2983823816020269,0.038314258981309635,9982,10262,unetr_style
Mouse,POLYIC_20190517_mouse37__E3_P1,y,5,7.111111111111111,3,0.20196353436185133,1,0.2798674722276359,0.07790393786578459,9982,10262,unetr_style
Mouse,POLYIC_20190517_mouse37__E3_P1,y,6,7.111111111111111,5,0.17952314165497896,1,0.20200740596374975,0.02248426430877079,9982,10262,unetr_style
Mouse,POLYIC_20190517_mouse37__E3_P1,y,7,7.111111111111111,0,0.166800240432779,0,0.19528357045410252,0.028483330021323527,9982,10262,unetr_style
Mouse,POLYIC_20190517_mouse37__E3_P1,y,8,7.111111111111111,2,0.1344419955920657,1,0.19742740206587409,0.06298540647380838,9982,10262,unetr_style
Mouse,POLYIC_20190517_mouse38__E3_P1,x,2,3.1999998807907124,0,0.5015592515592515,1,0.5031088082901555,0.001549556730903956,3848,3860,current_best
Mouse,POLYIC_20190517_mouse38__E3_P1,x,3,3.1999998807907124,1,0.3562889812889813,2,0.3453367875647668,-0.010952193724214465,3848,3860,current_best
Mouse,POLYIC_20190517_mouse38__E3_P1,x,4,3.1999998807907124,0,0.2609147609147609,1,0.25699481865284973,-0.003919942261911169,3848,3860,current_best
Mouse,POLYIC_20190517_mouse38__E3_P1,x,5,3.1999998807907124,3,0.20816008316008316,3,0.2095854922279793,0.0014254090678961218,3848,3860,current_best
Mouse,POLYIC_20190517_mouse38__E3_P1,x,6,3.1999998807907124,4,0.1800935550935551,5,0.1738341968911917,-0.0062593582023633965,3848,3860,current_best
Mouse,POLYIC_20190517_mouse38__E3_P1,x,7,3.1999998807907124,1,0.15592515592515593,2,0.1562176165803109,0.00029246065515495245,3848,3860,current_best
Mouse,POLYIC_20190517_mouse38__E3_P1,x,8,3.1999998807907124,4,0.13695426195426194,1,0.1344559585492228,-0.0024983034050391484,3848,3860,current_best
Mouse,POLYIC_20190517_mouse38__E3_P1,y,2,4.999999925494195,0,0.5026197604790419,1,0.5146894756415025,0.012069715162460581,5344,5378,current_best
Mouse,POLYIC_20190517_mouse38__E3_P1,y,3,4.999999925494195,1,0.3405688622754491,1,0.37597619933060616,0.035407337055157084,5344,5378,current_best
Mouse,POLYIC_20190517_mouse38__E3_P1,y,4,4.999999925494195,3,0.25729790419161674,2,0.28412049088880625,0.02682258669718951,5344,5378,current_best
Mouse,POLYIC_20190517_mouse38__E3_P1,y,5,4.999999925494195,4,0.2249251497005988,3,0.35031610264038676,0.12539095293978797,5344,5378,current_best
Mouse,POLYIC_20190517_mouse38__E3_P1,y,6,4.999999925494195,4,0.1846931137724551,5,0.22666418743027147,0.04197107365781638,5344,5378,current_best
Mouse,POLYIC_20190517_mouse38__E3_P1,y,7,4.999999925494195,5,0.15793413173652696,5,0.1692078839717367,0.011273752235209739,5344,5378,current_best
Mouse,POLYIC_20190517_mouse38__E3_P1,y,8,4.999999925494195,2,0.1349176646706587,2,0.20509483079211602,0.07017716612145733,5344,5378,current_best
Mouse,POLYIC_20190517_mouse38__E3_P1,x,2,3.1999998807907124,0,0.5015592515592515,1,0.5047405189620758,0.003181267402824317,3848,4008,unetr_style
Mouse,POLYIC_20190517_mouse38__E3_P1,x,3,3.1999998807907124,1,0.3562889812889813,1,0.3370758483033932,-0.019213132985588077,3848,4008,unetr_style
Mouse,POLYIC_20190517_mouse38__E3_P1,x,4,3.1999998807907124,0,0.2609147609147609,3,0.2554890219560878,-0.005425738958673099,3848,4008,unetr_style
Mouse,POLYIC_20190517_mouse38__E3_P1,x,5,3.1999998807907124,3,0.20816008316008316,2,0.2118263473053892,0.0036662641453060474,3848,4008,unetr_style
Mouse,POLYIC_20190517_mouse38__E3_P1,x,6,3.1999998807907124,4,0.1800935550935551,1,0.17040918163672655,-0.009684373456828543,3848,4008,unetr_style
Mouse,POLYIC_20190517_mouse38__E3_P1,x,7,3.1999998807907124,1,0.15592515592515593,2,0.15893213572854292,0.0030069798033869888,3848,4008,unetr_style
Mouse,POLYIC_20190517_mouse38__E3_P1,x,8,3.1999998807907124,4,0.13695426195426194,3,0.1412175648702595,0.004263302915997552,3848,4008,unetr_style
Mouse,POLYIC_20190517_mouse38__E3_P1,y,2,4.999999925494195,0,0.5026197604790419,1,0.5288141854451422,0.02619442496610036,5344,5414,unetr_style
Mouse,POLYIC_20190517_mouse38__E3_P1,y,3,4.999999925494195,1,0.3405688622754491,1,0.3699667528629479,0.02939789058749881,5344,5414,unetr_style
Mouse,POLYIC_20190517_mouse38__E3_P1,y,4,4.999999925494195,3,0.25729790419161674,3,0.2851865533801256,0.027888649188508863,5344,5414,unetr_style
Mouse,POLYIC_20190517_mouse38__E3_P1,y,5,4.999999925494195,4,0.2249251497005988,3,0.3598079054303657,0.13488275572976693,5344,5414,unetr_style
Mouse,POLYIC_20190517_mouse38__E3_P1,y,6,4.999999925494195,4,0.1846931137724551,5,0.22238640561507203,0.03769329184261694,5344,5414,unetr_style
Mouse,POLYIC_20190517_mouse38__E3_P1,y,7,4.999999925494195,5,0.15793413173652696,6,0.17011451791651275,0.012180386179985792,5344,5414,unetr_style
Mouse,POLYIC_20190517_mouse38__E3_P1,y,8,4.999999925494195,2,0.1349176646706587,2,0.19061691909863318,0.05569925442797449,5344,5414,unetr_style
Mouse,POLYIC_20190517_mouse39__E12_P1,x,2,4.551111009385851,1,0.5019701660568534,0,0.5075383771929824,0.005568211136129042,7106,7296,current_best
Mouse,POLYIC_20190517_mouse39__E12_P1,x,3,4.551111009385851,2,0.3401350971010414,2,0.3397752192982456,-0.00035987780279578274,7106,7296,current_best
Mouse,POLYIC_20190517_mouse39__E12_P1,x,4,4.551111009385851,1,0.25499577821559244,0,0.2590460526315789,0.004050274415986488,7106,7296,current_best
Mouse,POLYIC_20190517_mouse39__E12_P1,x,5,4.551111009385851,1,0.20757106670419365,2,0.2060032894736842,-0.0015677772305094373,7106,7296,current_best
Mouse,POLYIC_20190517_mouse39__E12_P1,x,6,4.551111009385851,5,0.17703349282296652,5,0.17036732456140352,-0.006666168261562994,7106,7296,current_best
Mouse,POLYIC_20190517_mouse39__E12_P1,x,7,4.551111009385851,6,0.1556431184914157,1,0.14980811403508773,-0.00583500445632798,7106,7296,current_best
Mouse,POLYIC_20190517_mouse39__E12_P1,x,8,4.551111009385851,1,0.13129749507458485,4,0.13719846491228072,0.005900969837695863,7106,7296,current_best
Mouse,POLYIC_20190517_mouse39__E12_P1,y,2,7.111111111111111,0,0.5028682646998566,1,0.5328591464636345,0.029990881763777955,9762,9982,current_best
Mouse,POLYIC_20190517_mouse39__E12_P1,y,3,7.111111111111111,0,0.3363040360581848,2,0.3944099378881988,0.05810590183001396,9762,9982,current_best
Mouse,POLYIC_20190517_mouse39__E12_P1,y,4,7.111111111111111,2,0.26070477361196476,1,0.31065918653576435,0.049954412923799596,9762,9982,current_best
Mouse,POLYIC_20190517_mouse39__E12_P1,y,5,7.111111111111111,0,0.20610530628969473,0,0.24644359847725908,0.04033829218756435,9762,9982,current_best
Mouse,POLYIC_20190517_mouse39__E12_P1,y,6,7.111111111111111,0,0.1753738987912313,2,0.21057904227609697,0.03520514348486567,9762,9982,current_best
Mouse,POLYIC_20190517_mouse39__E12_P1,y,7,7.111111111111111,5,0.16267158369186643,3,0.18723702664796635,0.024565442956099914,9762,9982,current_best
Mouse,POLYIC_20190517_mouse39__E12_P1,y,8,7.111111111111111,2,0.1322474902683876,1,0.2036665998797836,0.071419109611396,9762,9982,current_best
Mouse,POLYIC_20190517_mouse39__E12_P1,x,2,4.551111009385851,1,0.5019701660568534,0,0.5044725072349382,0.002502341178084788,7106,7602,unetr_style
Mouse,POLYIC_20190517_mouse39__E12_P1,x,3,4.551111009385851,2,0.3401350971010414,1,0.34333070244672453,0.003195605345683139,7106,7602,unetr_style
Mouse,POLYIC_20190517_mouse39__E12_P1,x,4,4.551111009385851,1,0.25499577821559244,0,0.2557221783741121,0.0007264001585196578,7106,7602,unetr_style
Mouse,POLYIC_20190517_mouse39__E12_P1,x,5,4.551111009385851,1,0.20757106670419365,2,0.2086293080768219,0.0010582413726282491,7106,7602,unetr_style
Mouse,POLYIC_20190517_mouse39__E12_P1,x,6,4.551111009385851,5,0.17703349282296652,4,0.17363851617995266,-0.0033949766430138584,7106,7602,unetr_style
Mouse,POLYIC_20190517_mouse39__E12_P1,x,7,4.551111009385851,6,0.1556431184914157,1,0.1590370955011839,0.0033939770097681787,7106,7602,unetr_style
Mouse,POLYIC_20190517_mouse39__E12_P1,x,8,4.551111009385851,1,0.13129749507458485,4,0.13772691397000789,0.006429418895423034,7106,7602,unetr_style
Mouse,POLYIC_20190517_mouse39__E12_P1,y,2,7.111111111111111,0,0.5028682646998566,1,0.5404790182106096,0.03761075351075305,9762,10104,unetr_style
Mouse,POLYIC_20190517_mouse39__E12_P1,y,3,7.111111111111111,0,0.3363040360581848,2,0.38766825019794143,0.051364214139756614,9762,10104,unetr_style
Mouse,POLYIC_20190517_mouse39__E12_P1,y,4,7.111111111111111,2,0.26070477361196476,1,0.3238321456848773,0.06312737207291252,9762,10104,unetr_style
Mouse,POLYIC_20190517_mouse39__E12_P1,y,5,7.111111111111111,0,0.20610530628969473,0,0.23357086302454474,0.027465556734850016,9762,10104,unetr_style
Mouse,POLYIC_20190517_mouse39__E12_P1,y,6,7.111111111111111,0,0.1753738987912313,2,0.1989311163895487,0.023557217598317387,9762,10104,unetr_style
Mouse,POLYIC_20190517_mouse39__E12_P1,y,7,7.111111111111111,5,0.16267158369186643,3,0.1886381631037213,0.025966579411854873,9762,10104,unetr_style
Mouse,POLYIC_20190517_mouse39__E12_P1,y,8,7.111111111111111,2,0.1322474902683876,1,0.20645288994457642,0.0742053996761888,9762,10104,unetr_style
Mouse,POLYIC_20190517_mouse42__E4_P1,x,2,3.1999998807907124,0,0.5065856129685917,1,0.5032354405176704,-0.003350172450921285,3948,4018,current_best
Mouse,POLYIC_20190517_mouse42__E4_P1,x,3,3.1999998807907124,2,0.3497973657548126,0,0.34519661523145845,-0.004600750523354125,3948,4018,current_best
Mouse,POLYIC_20190517_mouse42__E4_P1,x,4,3.1999998807907124,2,0.2689969604863222,3,0.2573419611747138,-0.011654999311608405,3948,4018,current_best
Mouse,POLYIC_20190517_mouse42__E4_P1,x,5,3.1999998807907124,1,0.21707193515704154,2,0.21652563464410154,-0.0005463005129399956,3948,4018,current_best
Mouse,POLYIC_20190517_mouse42__E4_P1,x,6,3.1999998807907124,2,0.17806484295845998,3,0.17297162767546043,-0.0050932152829995525,3948,4018,current_best
Mouse,POLYIC_20190517_mouse42__E4_P1,x,7,3.1999998807907124,4,0.16286727456940223,0,0.15331010452961671,-0.009557170039785512,3948,4018,current_best
Mouse,POLYIC_20190517_mouse42__E4_P1,x,8,3.1999998807907124,2,0.14209726443768997,0,0.1326530612244898,-0.009444203213200164,3948,4018,current_best
Mouse,POLYIC_20190517_mouse42__E4_P1,y,2,4.999999925494195,1,0.5041698256254739,1,0.5616283452695062,0.05745851964403237,5276,5306,current_best
Mouse,POLYIC_20190517_mouse42__E4_P1,y,3,4.999999925494195,1,0.34268385140257773,0,0.3744817188088956,0.03179786740631785,5276,5306,current_best
Mouse,POLYIC_20190517_mouse42__E4_P1,y,4,4.999999925494195,2,0.260235026535254,1,0.287598944591029,0.02736391805577504,5276,5306,current_best
Mouse,POLYIC_20190517_mouse42__E4_P1,y,5,4.999999925494195,1,0.2196739954510993,3,0.3507350169619299,0.13106102151083057,5276,5306,current_best
Mouse,POLYIC_20190517_mouse42__E4_P1,y,6,4.999999925494195,5,0.18423047763457165,3,0.23426309837919337,0.050032620744621725,5276,5306,current_best
Mouse,POLYIC_20190517_mouse42__E4_P1,y,7,4.999999925494195,1,0.15902198635329795,1,0.18431963814549568,0.02529765179219773,5276,5306,current_best
Mouse,POLYIC_20190517_mouse42__E4_P1,y,8,4.999999925494195,3,0.15428354814253223,4,0.1601960045231813,0.005912456380649078,5276,5306,current_best
Mouse,POLYIC_20190517_mouse42__E4_P1,x,2,3.1999998807907124,0,0.5065856129685917,1,0.5012083131947801,-0.005377299773811628,3948,4138,unetr_style
Mouse,POLYIC_20190517_mouse42__E4_P1,x,3,3.1999998807907124,2,0.3497973657548126,0,0.3414693088448526,-0.008328056909959969,3948,4138,unetr_style
Mouse,POLYIC_20190517_mouse42__E4_P1,x,4,3.1999998807907124,2,0.2689969604863222,3,0.2612373127114548,-0.007759647774867429,3948,4138,unetr_style
Mouse,POLYIC_20190517_mouse42__E4_P1,x,5,3.1999998807907124,1,0.21707193515704154,2,0.21773803769937167,0.000666102542330127,3948,4138,unetr_style
Mouse,POLYIC_20190517_mouse42__E4_P1,x,6,3.1999998807907124,2,0.17806484295845998,0,0.1735137747704205,-0.004551068188039492,3948,4138,unetr_style
Mouse,POLYIC_20190517_mouse42__E4_P1,x,7,3.1999998807907124,4,0.16286727456940223,5,0.15442242629289513,-0.0084448482765071,3948,4138,unetr_style
Mouse,POLYIC_20190517_mouse42__E4_P1,x,8,3.1999998807907124,2,0.14209726443768997,3,0.14113098115031417,-0.000966283287375802,3948,4138,unetr_style
Mouse,POLYIC_20190517_mouse42__E4_P1,y,2,4.999999925494195,1,0.5041698256254739,1,0.5573033707865168,0.05313354516104296,5276,5340,unetr_style
Mouse,POLYIC_20190517_mouse42__E4_P1,y,3,4.999999925494195,1,0.34268385140257773,0,0.3646067415730337,0.021922890170455955,5276,5340,unetr_style
Mouse,POLYIC_20190517_mouse42__E4_P1,y,4,4.999999925494195,2,0.260235026535254,1,0.301310861423221,0.04107583488796701,5276,5340,unetr_style
Mouse,POLYIC_20190517_mouse42__E4_P1,y,5,4.999999925494195,1,0.2196739954510993,3,0.349625468164794,0.1299514727136947,5276,5340,unetr_style
Mouse,POLYIC_20190517_mouse42__E4_P1,y,6,4.999999925494195,5,0.18423047763457165,3,0.2250936329588015,0.04086315532422985,5276,5340,unetr_style
Mouse,POLYIC_20190517_mouse42__E4_P1,y,7,4.999999925494195,1,0.15902198635329795,1,0.17958801498127341,0.020566028627975463,5276,5340,unetr_style
Mouse,POLYIC_20190517_mouse42__E4_P1,y,8,4.999999925494195,3,0.15428354814253223,4,0.16367041198501872,0.009386863842486493,5276,5340,unetr_style
Mouse,POLYIC_20190517_mouse43__E3_P1,x,2,3.1999998807907124,1,0.5002492522432702,1,0.5039564787339268,0.003707226490656579,4012,4044,current_best
Mouse,POLYIC_20190517_mouse43__E3_P1,x,3,3.1999998807907124,1,0.3397308075772682,1,0.34099901088031653,0.001268203303048332,4012,4044,current_best
Mouse,POLYIC_20190517_mouse43__E3_P1,x,4,3.1999998807907124,1,0.2522432701894317,1,0.2591493570722057,0.0069060868827739985,4012,4044,current_best
Mouse,POLYIC_20190517_mouse43__E3_P1,x,5,3.1999998807907124,0,0.20787637088733799,4,0.2109297725024728,0.0030534016151348153,4012,4044,current_best
Mouse,POLYIC_20190517_mouse43__E3_P1,x,6,3.1999998807907124,1,0.1747258225324028,1,0.17507418397626112,0.00034836144385833046,4012,4044,current_best
Mouse,POLYIC_20190517_mouse43__E3_P1,x,7,3.1999998807907124,6,0.14930209371884348,1,0.1513353115727003,0.0020332178538568224,4012,4044,current_best
Mouse,POLYIC_20190517_mouse43__E3_P1,x,8,3.1999998807907124,7,0.13409770687936193,1,0.14268051434223541,0.008582807462873487,4012,4044,current_best
Mouse,POLYIC_20190517_mouse43__E3_P1,y,2,4.999999925494195,1,0.511693700490381,0,0.5551373729770418,0.04344367248666081,5302,5314,current_best
Mouse,POLYIC_20190517_mouse43__E3_P1,y,3,4.999999925494195,2,0.3360995850622407,0,0.35397064358298835,0.017871058520747662,5302,5314,current_best
Mouse,POLYIC_20190517_mouse43__E3_P1,y,4,4.999999925494195,1,0.2819690682761222,0,0.28961234474971775,0.007643276473595528,5302,5314,current_best
Mouse,POLYIC_20190517_mouse43__E3_P1,y,5,4.999999925494195,4,0.21067521689928329,2,0.3515242754986827,0.14084905859939942,5302,5314,current_best
Mouse,POLYIC_20190517_mouse43__E3_P1,y,6,4.999999925494195,3,0.17691437193511883,4,0.20700037636432067,0.03008600442920184,5302,5314,current_best
Mouse,POLYIC_20190517_mouse43__E3_P1,y,7,4.999999925494195,5,0.17597133157299133,5,0.16051938276251412,-0.015451948810477206,5302,5314,current_best
Mouse,POLYIC_20190517_mouse43__E3_P1,y,8,4.999999925494195,1,0.16125990192380235,4,0.16484757245013174,0.003587670526329384,5302,5314,current_best
Mouse,POLYIC_20190517_mouse43__E3_P1,x,2,3.1999998807907124,1,0.5002492522432702,1,0.5009573958831977,0.0007081436399274388,4012,4178,unetr_style
Mouse,POLYIC_20190517_mouse43__E3_P1,x,3,3.1999998807907124,1,0.3397308075772682,2,0.3571086644327429,0.017377856855474716,4012,4178,unetr_style
Mouse,POLYIC_20190517_mouse43__E3_P1,x,4,3.1999998807907124,1,0.2522432701894317,2,0.25610339875538535,0.0038601285659536355,4012,4178,unetr_style
Mouse,POLYIC_20190517_mouse43__E3_P1,x,5,3.1999998807907124,0,0.20787637088733799,4,0.21038774533269508,0.002511374445357095,4012,4178,unetr_style
Mouse,POLYIC_20190517_mouse43__E3_P1,x,6,3.1999998807907124,1,0.1747258225324028,2,0.18046912398276688,0.005743301450364086,4012,4178,unetr_style
Mouse,POLYIC_20190517_mouse43__E3_P1,x,7,3.1999998807907124,6,0.14930209371884348,2,0.15509813307802778,0.005796039359184296,4012,4178,unetr_style
Mouse,POLYIC_20190517_mouse43__E3_P1,x,8,3.1999998807907124,7,0.13409770687936193,1,0.13690761129727141,0.0028099044179094868,4012,4178,unetr_style
Mouse,POLYIC_20190517_mouse43__E3_P1,y,2,4.999999925494195,1,0.511693700490381,0,0.5476101568334578,0.03591645634307683,5302,5356,unetr_style
Mouse,POLYIC_20190517_mouse43__E3_P1,y,3,4.999999925494195,2,0.3360995850622407,0,0.3571695294996266,0.021069944437385912,5302,5356,unetr_style
Mouse,POLYIC_20190517_mouse43__E3_P1,y,4,4.999999925494195,1,0.2819690682761222,0,0.2834204630321135,0.0014513947559912643,5302,5356,unetr_style
Mouse,POLYIC_20190517_mouse43__E3_P1,y,5,4.999999925494195,4,0.21067521689928329,2,0.3491411501120239,0.13846593321274062,5302,5356,unetr_style
Mouse,POLYIC_20190517_mouse43__E3_P1,y,6,4.999999925494195,3,0.17691437193511883,4,0.19342793129200897,0.01651355935689014,5302,5356,unetr_style
Mouse,POLYIC_20190517_mouse43__E3_P1,y,7,4.999999925494195,5,0.17597133157299133,5,0.159260642270351,-0.01671068930264033,5302,5356,unetr_style
Mouse,POLYIC_20190517_mouse43__E3_P1,y,8,4.999999925494195,1,0.16125990192380235,4,0.160941000746826,-0.00031890117697636056,5302,5356,unetr_style
Mouse,POLYIC_20190524_polyic___E3_P1,x,2,3.1999998807907124,1,0.5081632653061224,1,0.5052870090634441,-0.002876256242678288,3920,3972,current_best
Mouse,POLYIC_20190524_polyic___E3_P1,x,3,3.1999998807907124,1,0.35153061224489796,1,0.3366062437059416,-0.014924368538956345,3920,3972,current_best
Mouse,POLYIC_20190524_polyic___E3_P1,x,4,3.1999998807907124,3,0.2627551020408163,3,0.2550352467270896,-0.007719855313726709,3920,3972,current_best
Mouse,POLYIC_20190524_polyic___E3_P1,x,5,3.1999998807907124,4,0.21887755102040815,0,0.21122860020140988,-0.0076489508189982736,3920,3972,current_best
Mouse,POLYIC_20190524_polyic___E3_P1,x,6,3.1999998807907124,1,0.18418367346938774,0,0.17849949647532729,-0.005684176994060458,3920,3972,current_best
Mouse,POLYIC_20190524_polyic___E3_P1,x,7,3.1999998807907124,6,0.16096938775510203,1,0.16037260825780464,-0.0005967794972973894,3920,3972,current_best
Mouse,POLYIC_20190524_polyic___E3_P1,x,8,3.1999998807907124,3,0.14923469387755103,3,0.14350453172205438,-0.005730162155496654,3920,3972,current_best
Mouse,POLYIC_20190524_polyic___E3_P1,y,2,4.999999925494195,1,0.503731343283582,1,0.5066790352504639,0.002947691966881827,5360,5390,current_best
Mouse,POLYIC_20190524_polyic___E3_P1,y,3,4.999999925494195,2,0.35261194029850745,0,0.3523191094619666,-0.0002928308365408583,5360,5390,current_best
Mouse,POLYIC_20190524_polyic___E3_P1,y,4,4.999999925494195,3,0.26026119402985076,1,0.26048237476808905,0.00022118073823829132,5360,5390,current_best
Mouse,POLYIC_20190524_polyic___E3_P1,y,5,4.999999925494195,4,0.23041044776119404,3,0.34786641929499074,0.1174559715337967,5360,5390,current_best
Mouse,POLYIC_20190524_polyic___E3_P1,y,6,4.999999925494195,2,0.18078358208955222,0,0.1849721706864564,0.004188588596904186,5360,5390,current_best
Mouse,POLYIC_20190524_polyic___E3_P1,y,7,4.999999925494195,3,0.15951492537313433,4,0.16085343228200372,0.0013385069088693857,5360,5390,current_best
Mouse,POLYIC_20190524_polyic___E3_P1,y,8,4.999999925494195,0,0.13936567164179103,5,0.16753246753246753,0.0281667958906765,5360,5390,current_best
Mouse,POLYIC_20190524_polyic___E3_P1,x,2,3.1999998807907124,1,0.5081632653061224,1,0.5007317073170732,-0.0074315579890492645,3920,4100,unetr_style
Mouse,POLYIC_20190524_polyic___E3_P1,x,3,3.1999998807907124,1,0.35153061224489796,0,0.3404878048780488,-0.01104280736684915,3920,4100,unetr_style
Mouse,POLYIC_20190524_polyic___E3_P1,x,4,3.1999998807907124,3,0.2627551020408163,3,0.2575609756097561,-0.005194126431060209,3920,4100,unetr_style
Mouse,POLYIC_20190524_polyic___E3_P1,x,5,3.1999998807907124,4,0.21887755102040815,0,0.21560975609756097,-0.003267794922847178,3920,4100,unetr_style
Mouse,POLYIC_20190524_polyic___E3_P1,x,6,3.1999998807907124,1,0.18418367346938774,0,0.17926829268292682,-0.004915380786460921,3920,4100,unetr_style
Mouse,POLYIC_20190524_polyic___E3_P1,x,7,3.1999998807907124,6,0.16096938775510203,1,0.15634146341463415,-0.004627924340467882,3920,4100,unetr_style
Mouse,POLYIC_20190524_polyic___E3_P1,x,8,3.1999998807907124,3,0.14923469387755103,3,0.14878048780487804,-0.0004542060726729913,3920,4100,unetr_style
Mouse,POLYIC_20190524_polyic___E3_P1,y,2,4.999999925494195,1,0.503731343283582,0,0.5005563798219584,-0.0031749634616236033,5360,5392,unetr_style
Mouse,POLYIC_20190524_polyic___E3_P1,y,3,4.999999925494195,2,0.35261194029850745,2,0.35497032640949555,0.0023583861109880977,5360,5392,unetr_style
Mouse,POLYIC_20190524_polyic___E3_P1,y,4,4.999999925494195,3,0.26026119402985076,1,0.2626112759643917,0.0023500819345409485,5360,5392,unetr_style
Mouse,POLYIC_20190524_polyic___E3_P1,y,5,4.999999925494195,4,0.23041044776119404,3,0.3479228486646884,0.11751240090349438,5360,5392,unetr_style
Mouse,POLYIC_20190524_polyic___E3_P1,y,6,4.999999925494195,2,0.18078358208955222,0,0.1797106824925816,-0.0010728995969706279,5360,5392,unetr_style
Mouse,POLYIC_20190524_polyic___E3_P1,y,7,4.999999925494195,3,0.15951492537313433,6,0.16431750741839762,0.004802582045263293,5360,5392,unetr_style
Mouse,POLYIC_20190524_polyic___E3_P1,y,8,4.999999925494195,0,0.13936567164179103,5,0.17748516320474778,0.03811949156295674,5360,5392,unetr_style
Mouse,POLYIC_20190524_polyic___E3_P1_1,x,2,3.1999998807907124,0,0.5056352459016393,0,0.500253036437247,-0.005382209464392385,3904,3952,current_best
Mouse,POLYIC_20190524_polyic___E3_P1_1,x,3,3.1999998807907124,1,0.34298155737704916,2,0.3575404858299595,0.014558928452910347,3904,3952,current_best
Mouse,POLYIC_20190524_polyic___E3_P1_1,x,4,3.1999998807907124,0,0.2640881147540984,1,0.2555668016194332,-0.008521313134665198,3904,3952,current_best
Mouse,POLYIC_20190524_polyic___E3_P1_1,x,5,3.1999998807907124,0,0.2177254098360656,0,0.21685222672064777,-0.0008731831154178138,3904,3952,current_best
Mouse,POLYIC_20190524_polyic___E3_P1_1,x,6,3.1999998807907124,4,0.17366803278688525,2,0.1799089068825911,0.0062408740957058395,3904,3952,current_best
Mouse,POLYIC_20190524_polyic___E3_P1_1,x,7,3.1999998807907124,6,0.15394467213114754,5,0.15258097165991902,-0.001363700471228524,3904,3952,current_best
Mouse,POLYIC_20190524_polyic___E3_P1_1,x,8,3.1999998807907124,0,0.13550204918032788,3,0.13360323886639677,-0.0018988103139311041,3904,3952,current_best
Mouse,POLYIC_20190524_polyic___E3_P1_1,y,2,4.999999925494195,0,0.500367107195301,0,0.5257863935625458,0.025419286367244776,5448,5468,current_best
Mouse,POLYIC_20190524_polyic___E3_P1_1,y,3,4.999999925494195,2,0.3474669603524229,0,0.3694220921726408,0.02195513182021791,5448,5468,current_best
Mouse,POLYIC_20190524_polyic___E3_P1_1,y,4,4.999999925494195,1,0.2630323054331865,0,0.2798098024871982,0.016777497054011714,5448,5468,current_best
Mouse,POLYIC_20190524_polyic___E3_P1_1,y,5,4.999999925494195,1,0.23348017621145375,0,0.3423555230431602,0.10887534683170644,5448,5468,current_best
Mouse,POLYIC_20190524_polyic___E3_P1_1,y,6,4.999999925494195,5,0.1762114537444934,4,0.2055596196049744,0.029348165860481,5448,5468,current_best
Mouse,POLYIC_20190524_polyic___E3_P1_1,y,7,4.999999925494195,1,0.1683186490455213,0,0.17008046817849304,0.0017618191329717425,5448,5468,current_best
Mouse,POLYIC_20190524_polyic___E3_P1_1,y,8,4.999999925494195,4,0.14684287812041116,4,0.19092904169714703,0.044086163576735865,5448,5468,current_best
Mouse,POLYIC_20190524_polyic___E3_P1_1,x,2,3.1999998807907124,0,0.5056352459016393,0,0.5077896786757546,0.0021544327741153113,3904,4108,unetr_style
Mouse,POLYIC_20190524_polyic___E3_P1_1,x,3,3.1999998807907124,1,0.34298155737704916,0,0.3522395326192794,0.009257975242230265,3904,4108,unetr_style
Mouse,POLYIC_20190524_polyic___E3_P1_1,x,4,3.1999998807907124,0,0.2640881147540984,0,0.25778967867575464,-0.006298436078343739,3904,4108,unetr_style
Mouse,POLYIC_20190524_polyic___E3_P1_1,x,5,3.1999998807907124,0,0.2177254098360656,0,0.2181110029211295,0.00038559308506391776,3904,4108,unetr_style
Mouse,POLYIC_20190524_polyic___E3_P1_1,x,6,3.1999998807907124,4,0.17366803278688525,3,0.17745861733203505,0.0037905845451498,3904,4108,unetr_style
Mouse,POLYIC_20190524_polyic___E3_P1_1,x,7,3.1999998807907124,6,0.15394467213114754,5,0.14922103213242455,-0.004723639998722995,3904,4108,unetr_style
Mouse,POLYIC_20190524_polyic___E3_P1_1,x,8,3.1999998807907124,0,0.13550204918032788,0,0.13948393378773125,0.003981884607403369,3904,4108,unetr_style
Mouse,POLYIC_20190524_polyic___E3_P1_1,y,2,4.999999925494195,0,0.500367107195301,0,0.5214569058781103,0.021089798682809358,5448,5546,unetr_style
Mouse,POLYIC_20190524_polyic___E3_P1_1,y,3,4.999999925494195,2,0.3474669603524229,0,0.3683736025964659,0.020906642244042983,5448,5546,unetr_style
Mouse,POLYIC_20190524_polyic___E3_P1_1,y,4,4.999999925494195,1,0.2630323054331865,0,0.2782185358817166,0.01518623044853007,5448,5546,unetr_style
Mouse,POLYIC_20190524_polyic___E3_P1_1,y,5,4.999999925494195,1,0.23348017621145375,0,0.3431301839163361,0.10965000770488234,5448,5546,unetr_style
Mouse,POLYIC_20190524_polyic___E3_P1_1,y,6,4.999999925494195,5,0.1762114537444934,4,0.19798052650558962,0.021769072761096214,5448,5546,unetr_style
Mouse,POLYIC_20190524_polyic___E3_P1_1,y,7,4.999999925494195,1,0.1683186490455213,0,0.16606563288856835,-0.002253016156952947,5448,5546,unetr_style
Mouse,POLYIC_20190524_polyic___E3_P1_1,y,8,4.999999925494195,4,0.14684287812041116,4,0.19419401370357015,0.04735113558315898,5448,5546,unetr_style
Mouse,POLYIC_20190524_polyic___E3_P1_10,x,2,3.1999998807907124,1,0.5010498687664042,0,0.5074550128534704,0.006405144087066161,3810,3890,current_best
Mouse,POLYIC_20190524_polyic___E3_P1_10,x,3,3.1999998807907124,0,0.33569553805774277,1,0.3365038560411311,0.0008083179833883181,3810,3890,current_best
Mouse,POLYIC_20190524_polyic___E3_P1_10,x,4,3.1999998807907124,2,0.2572178477690289,2,0.26195372750642676,0.004735879737397863,3810,3890,current_best
Mouse,POLYIC_20190524_polyic___E3_P1_10,x,5,3.1999998807907124,0,0.21338582677165355,0,0.212853470437018,-0.0005323563346355531,3810,3890,current_best
Mouse,POLYIC_20190524_polyic___E3_P1_10,x,6,3.1999998807907124,3,0.17821522309711285,2,0.17326478149100258,-0.004950441606110273,3810,3890,current_best
Mouse,POLYIC_20190524_polyic___E3_P1_10,x,7,3.1999998807907124,5,0.15616797900262466,6,0.16709511568123395,0.010927136678609284,3810,3890,current_best
Mouse,POLYIC_20190524_polyic___E3_P1_10,x,8,3.1999998807907124,2,0.13622047244094487,3,0.14961439588688946,0.013393923445944589,3810,3890,current_best
Mouse,POLYIC_20190524_polyic___E3_P1_10,y,2,4.999999925494195,1,0.509430403621275,0,0.5445692883895131,0.03513888476823812,5302,5340,current_best
Mouse,POLYIC_20190524_polyic___E3_P1_10,y,3,4.999999925494195,1,0.34156921916258015,0,0.35917602996254683,0.017606810799966677,5302,5340,current_best
Mouse,POLYIC_20190524_polyic___E3_P1_10,y,4,4.999999925494195,3,0.2708411920030177,0,0.2852059925093633,0.014364800506345587,5302,5340,current_best
Mouse,POLYIC_20190524_polyic___E3_P1_10,y,5,4.999999925494195,1,0.24801961523953225,2,0.349063670411985,0.10104405517245274,5302,5340,current_best
Mouse,POLYIC_20190524_polyic___E3_P1_10,y,6,4.999999925494195,1,0.19294605809128632,2,0.20112359550561798,0.008177537414331665,5302,5340,current_best
Mouse,POLYIC_20190524_polyic___E3_P1_10,y,7,4.999999925494195,0,0.17370803470388532,2,0.17378277153558053,7.473683169520462e-05,5302,5340,current_best
Mouse,POLYIC_20190524_polyic___E3_P1_10,y,8,4.999999925494195,3,0.15937382119954735,4,0.21161048689138576,0.05223666569183841,5302,5340,current_best
Mouse,POLYIC_20190524_polyic___E3_P1_10,x,2,3.1999998807907124,1,0.5010498687664042,1,0.5007349338559529,-0.0003149349104513144,3810,4082,unetr_style
Mouse,POLYIC_20190524_polyic___E3_P1_10,x,3,3.1999998807907124,0,0.33569553805774277,2,0.3522782949534542,0.016582756895711426,3810,4082,unetr_style
Mouse,POLYIC_20190524_polyic___E3_P1_10,x,4,3.1999998807907124,2,0.2572178477690289,2,0.26237138657520825,0.0051535388061793586,3810,4082,unetr_style
Mouse,POLYIC_20190524_polyic___E3_P1_10,x,5,3.1999998807907124,0,0.21338582677165355,2,0.22243998040176385,0.009054153630110306,3810,4082,unetr_style
Mouse,POLYIC_20190524_polyic___E3_P1_10,x,6,3.1999998807907124,3,0.17821522309711285,2,0.1785889269965703,0.00037370389945745597,3810,4082,unetr_style
Mouse,POLYIC_20190524_polyic___E3_P1_10,x,7,3.1999998807907124,5,0.15616797900262466,5,0.1567858892699657,0.0006179102673410375,3810,4082,unetr_style
Mouse,POLYIC_20190524_polyic___E3_P1_10,x,8,3.1999998807907124,2,0.13622047244094487,3,0.13988241058304754,0.0036619381421026664,3810,4082,unetr_style
Mouse,POLYIC_20190524_polyic___E3_P1_10,y,2,4.999999925494195,1,0.509430403621275,0,0.5555964653902798,0.04616606176900484,5302,5432,unetr_style
Mouse,POLYIC_20190524_polyic___E3_P1_10,y,3,4.999999925494195,1,0.34156921916258015,0,0.3630338733431517,0.02146465418057153,5302,5432,unetr_style
Mouse,POLYIC_20190524_polyic___E3_P1_10,y,4,4.999999925494195,3,0.2708411920030177,0,0.28884388807069217,0.018002696067674462,5302,5432,unetr_style
Mouse,POLYIC_20190524_polyic___E3_P1_10,y,5,4.999999925494195,1,0.24801961523953225,2,0.3593519882179676,0.11133237297843535,5302,5432,unetr_style
Mouse,POLYIC_20190524_polyic___E3_P1_10,y,6,4.999999925494195,1,0.19294605809128632,2,0.20802650957290134,0.01508045148161502,5302,5432,unetr_style
Mouse,POLYIC_20190524_polyic___E3_P1_10,y,7,4.999999925494195,0,0.17370803470388532,2,0.16623711340206185,-0.007470921301823474,5302,5432,unetr_style
Mouse,POLYIC_20190524_polyic___E3_P1_10,y,8,4.999999925494195,3,0.15937382119954735,4,0.20876288659793815,0.0493890653983908,5302,5432,unetr_style
Mouse,POLYIC_20190524_polyic___E3_P1_12,x,2,3.1999998807907124,0,0.51,1,0.5019277108433735,-0.0080722891566265,4100,4150,current_best
Mouse,POLYIC_20190524_polyic___E3_P1_12,x,3,3.1999998807907124,0,0.34170731707317076,0,0.34433734939759036,0.0026300323244196067,4100,4150,current_best
Mouse,POLYIC_20190524_polyic___E3_P1_12,x,4,3.1999998807907124,0,0.2624390243902439,3,0.2672289156626506,0.004789891272406699,4100,4150,current_best
Mouse,POLYIC_20190524_polyic___E3_P1_12,x,5,3.1999998807907124,2,0.2070731707317073,4,0.20819277108433734,0.0011196003526300347,4100,4150,current_best
Mouse,POLYIC_20190524_polyic___E3_P1_12,x,6,3.1999998807907124,4,0.18390243902439024,3,0.1763855421686747,-0.007516896855715549,4100,4150,current_best
Mouse,POLYIC_20190524_polyic___E3_P1_12,x,7,3.1999998807907124,2,0.1575609756097561,3,0.156144578313253,-0.0014163972965030858,4100,4150,current_best
Mouse,POLYIC_20190524_polyic___E3_P1_12,x,8,3.1999998807907124,6,0.14097560975609755,6,0.1453012048192771,0.00432559506317956,4100,4150,current_best
Mouse,POLYIC_20190524_polyic___E3_P1_12,y,2,4.999999925494195,1,0.5184418517124577,0,0.5595593726661687,0.04111752095371102,5314,5356,current_best
Mouse,POLYIC_20190524_polyic___E3_P1_12,y,3,4.999999925494195,1,0.3438088069251035,0,0.33961911874533235,-0.004189688179771167,5314,5356,current_best
Mouse,POLYIC_20190524_polyic___E3_P1_12,y,4,4.999999925494195,3,0.27342867896123446,2,0.2875280059746079,0.014099327013373464,5314,5356,current_best
Mouse,POLYIC_20190524_polyic___E3_P1_12,y,5,4.999999925494195,4,0.2160331200602183,2,0.3411127707244212,0.1250796506642029,5314,5356,current_best
Mouse,POLYIC_20190524_polyic___E3_P1_12,y,6,4.999999925494195,1,0.1868648852088822,0,0.20481702763256163,0.01795214242367943,5314,5356,current_best
Mouse,POLYIC_20190524_polyic___E3_P1_12,y,7,4.999999925494195,5,0.15995483628152052,0,0.15664675130694547,-0.0033080849745750485,5314,5356,current_best
Mouse,POLYIC_20190524_polyic___E3_P1_12,y,8,4.999999925494195,3,0.1575084681972149,2,0.16206123973114264,0.004552771533927746,5314,5356,current_best
Mouse,POLYIC_20190524_polyic___E3_P1_12,x,2,3.1999998807907124,0,0.51,0,0.5018467220683287,-0.00815327793167131,4100,4332,unetr_style
Mouse,POLYIC_20190524_polyic___E3_P1_12,x,3,3.1999998807907124,0,0.34170731707317076,0,0.3425669436749769,0.0008596266018061627,4100,4332,unetr_style
Mouse,POLYIC_20190524_polyic___E3_P1_12,x,4,3.1999998807907124,0,0.2624390243902439,1,0.2631578947368421,0.0007188703465981772,4100,4332,unetr_style
Mouse,POLYIC_20190524_polyic___E3_P1_12,x,5,3.1999998807907124,2,0.2070731707317073,2,0.20383194829178208,-0.003241222439925223,4100,4332,unetr_style
Mouse,POLYIC_20190524_polyic___E3_P1_12,x,6,3.1999998807907124,4,0.18390243902439024,3,0.1731301939058172,-0.010772245118573054,4100,4332,unetr_style
Mouse,POLYIC_20190524_polyic___E3_P1_12,x,7,3.1999998807907124,2,0.1575609756097561,2,0.16297322253000923,0.005412246920253133,4100,4332,unetr_style
Mouse,POLYIC_20190524_polyic___E3_P1_12,x,8,3.1999998807907124,6,0.14097560975609755,6,0.1440443213296399,0.0030687115735423542,4100,4332,unetr_style
Mouse,POLYIC_20190524_polyic___E3_P1_12,y,2,4.999999925494195,1,0.5184418517124577,0,0.5487894350696992,0.030347583357241525,5314,5452,unetr_style
Mouse,POLYIC_20190524_polyic___E3_P1_12,y,3,4.999999925494195,1,0.3438088069251035,0,0.3446441672780631,0.0008353603529595577,5314,5452,unetr_style
Mouse,POLYIC_20190524_polyic___E3_P1_12,y,4,4.999999925494195,3,0.27342867896123446,2,0.28246515040352166,0.009036471442287197,5314,5452,unetr_style
Mouse,POLYIC_20190524_polyic___E3_P1_12,y,5,4.999999925494195,4,0.2160331200602183,3,0.3363903154805576,0.12035719542033929,5314,5452,unetr_style
Mouse,POLYIC_20190524_polyic___E3_P1_12,y,6,4.999999925494195,1,0.1868648852088822,0,0.20524578136463684,0.01838089615575464,5314,5452,unetr_style
Mouse,POLYIC_20190524_polyic___E3_P1_12,y,7,4.999999925494195,5,0.15995483628152052,0,0.15425531914893617,-0.0056995171325843474,5314,5452,unetr_style
Mouse,POLYIC_20190524_polyic___E3_P1_12,y,8,4.999999925494195,3,0.1575084681972149,2,0.15719002201027146,-0.00031844618694343296,5314,5452,unetr_style
Mouse,POLYIC_20190524_polyic___E3_P1_13,x,2,3.1999998807907124,1,0.5054715997915581,0,0.5252498684902683,0.019778268698710244,3838,3802,current_best
Mouse,POLYIC_20190524_polyic___E3_P1_13,x,3,3.1999998807907124,0,0.33949973944762896,2,0.34823776959495,0.008738030147321052,3838,3802,current_best
Mouse,POLYIC_20190524_polyic___E3_P1_13,x,4,3.1999998807907124,1,0.26341844710786866,0,0.26854287217254075,0.005124425064672089,3838,3802,current_best
Mouse,POLYIC_20190524_polyic___E3_P1_13,x,5,3.1999998807907124,1,0.20557582073996875,4,0.21436086270384008,0.008785041963871337,3838,3802,current_best
Mouse,POLYIC_20190524_polyic___E3_P1_13,x,6,3.1999998807907124,1,0.1818655549765503,2,0.18884797475013151,0.006982419773581217,3838,3802,current_best
Mouse,POLYIC_20190524_polyic___E3_P1_13,x,7,3.1999998807907124,2,0.14903595622720167,4,0.15123619147816939,0.0022002352509677137,3838,3802,current_best
Mouse,POLYIC_20190524_polyic___E3_P1_13,x,8,3.1999998807907124,5,0.151902032308494,6,0.1504471330878485,-0.0014548992206455114,3838,3802,current_best
Mouse,POLYIC_20190524_polyic___E3_P1_13,y,2,4.999999925494195,0,0.505135032331685,1,0.5259691381257057,0.020834105794020674,5258,5314,current_best
Mouse,POLYIC_20190524_polyic___E3_P1_13,y,3,4.999999925494195,1,0.34480791175351844,2,0.35867519759126837,0.013867285837749932,5258,5314,current_best
Mouse,POLYIC_20190524_polyic___E3_P1_13,y,4,4.999999925494195,2,0.2613160897679726,3,0.2689123071132857,0.007596217345313072,5258,5314,current_best
Mouse,POLYIC_20190524_polyic___E3_P1_13,y,5,4.999999925494195,1,0.2213769494104222,0,0.3347760632292059,0.11339911381878368,5258,5314,current_best
Mouse,POLYIC_20190524_polyic___E3_P1_13,y,6,4.999999925494195,1,0.17459109927729174,5,0.19627399322544223,0.021682893948150483,5258,5314,current_best
Mouse,POLYIC_20190524_polyic___E3_P1_13,y,7,4.999999925494195,1,0.16165842525675161,4,0.17105758374106134,0.009399158484309722,5258,5314,current_best
Mouse,POLYIC_20190524_polyic___E3_P1_13,y,8,4.999999925494195,6,0.1409281095473564,7,0.17839668799397818,0.03746857844662177,5258,5314,current_best
Mouse,POLYIC_20190524_polyic___E3_P1_13,x,2,3.1999998807907124,1,0.5054715997915581,1,0.5012639029322548,-0.004207696859303334,3838,3956,unetr_style
Mouse,POLYIC_20190524_polyic___E3_P1_13,x,3,3.1999998807907124,0,0.33949973944762896,2,0.3420121334681496,0.0025123940205206696,3838,3956,unetr_style
Mouse,POLYIC_20190524_polyic___E3_P1_13,x,4,3.1999998807907124,1,0.26341844710786866,1,0.26061678463094035,-0.0028016624769283127,3838,3956,unetr_style
Mouse,POLYIC_20190524_polyic___E3_P1_13,x,5,3.1999998807907124,1,0.20557582073996875,4,0.20904954499494438,0.0034737242549756353,3838,3956,unetr_style
Mouse,POLYIC_20190524_polyic___E3_P1_13,x,6,3.1999998807907124,1,0.1818655549765503,2,0.17719919110212334,-0.004666363874426954,3838,3956,unetr_style
Mouse,POLYIC_20190524_polyic___E3_P1_13,x,7,3.1999998807907124,2,0.14903595622720167,1,0.1506572295247725,0.0016212732975708355,3838,3956,unetr_style
Mouse,POLYIC_20190524_polyic___E3_P1_13,x,8,3.1999998807907124,5,0.151902032308494,6,0.14509605662285135,-0.006805975685642646,3838,3956,unetr_style
Mouse,POLYIC_20190524_polyic___E3_P1_13,y,2,4.999999925494195,0,0.505135032331685,1,0.5358878504672897,0.03075281813560471,5258,5350,unetr_style
Mouse,POLYIC_20190524_polyic___E3_P1_13,y,3,4.999999925494195,1,0.34480791175351844,2,0.35887850467289717,0.014070592919378733,5258,5350,unetr_style
Mouse,POLYIC_20190524_polyic___E3_P1_13,y,4,4.999999925494195,2,0.2613160897679726,3,0.2861682242990654,0.024852134531092807,5258,5350,unetr_style
Mouse,POLYIC_20190524_polyic___E3_P1_13,y,5,4.999999925494195,1,0.2213769494104222,3,0.3497196261682243,0.12834267675780206,5258,5350,unetr_style
Mouse,POLYIC_20190524_polyic___E3_P1_13,y,6,4.999999925494195,1,0.17459109927729174,5,0.19981308411214954,0.025221984834857797,5258,5350,unetr_style
Mouse,POLYIC_20190524_polyic___E3_P1_13,y,7,4.999999925494195,1,0.16165842525675161,4,0.17121495327102804,0.009556528014276422,5258,5350,unetr_style
Mouse,POLYIC_20190524_polyic___E3_P1_13,y,8,4.999999925494195,6,0.1409281095473564,7,0.18953271028037383,0.04860460073301742,5258,5350,unetr_style
Mouse,POLYIC_20190524_polyic___E3_P1_3,x,2,3.1999998807907124,1,0.5077279752704791,1,0.5130970724191063,0.005369097148627211,3882,3894,current_best
Mouse,POLYIC_20190524_polyic___E3_P1_3,x,3,3.1999998807907124,1,0.3387429160226687,2,0.3446327683615819,0.005889852338913204,3882,3894,current_best
Mouse,POLYIC_20190524_polyic___E3_P1_3,x,4,3.1999998807907124,1,0.2679031427099433,1,0.2657935285053929,-0.002109614204550414,3882,3894,current_best
Mouse,POLYIC_20190524_polyic___E3_P1_3,x,5,3.1999998807907124,1,0.21148892323544566,3,0.20775552131484334,-0.003733401920602314,3882,3894,current_best
Mouse,POLYIC_20190524_polyic___E3_P1_3,x,6,3.1999998807907124,3,0.18160741885625967,3,0.17873651771956856,-0.002870901136691112,3882,3894,current_best
Mouse,POLYIC_20190524_polyic___E3_P1_3,x,7,3.1999998807907124,3,0.1602266872746007,3,0.15228556753980482,-0.007941119734795887,3882,3894,current_best
Mouse,POLYIC_20190524_polyic___E3_P1_3,x,8,3.1999998807907124,1,0.15687789799072643,1,0.14612223934257831,-0.01075565864814812,3882,3894,current_best
Mouse,POLYIC_20190524_polyic___E3_P1_3,y,2,4.999999925494195,0,0.5135083713850838,0,0.5066162570888468,-0.006892114296236929,5256,5290,current_best
Mouse,POLYIC_20190524_polyic___E3_P1_3,y,3,4.999999925494195,1,0.3504566210045662,0,0.3516068052930057,0.001150184288439493,5256,5290,current_best
Mouse,POLYIC_20190524_polyic___E3_P1_3,y,4,4.999999925494195,0,0.2671232876712329,1,0.25916824196597354,-0.007955045705259345,5256,5290,current_best
Mouse,POLYIC_20190524_polyic___E3_P1_3,y,5,4.999999925494195,4,0.2146118721461187,3,0.34820415879017014,0.13359228664405143,5256,5290,current_best
Mouse,POLYIC_20190524_polyic___E3_P1_3,y,6,4.999999925494195,1,0.1767503805175038,0,0.18752362948960302,0.01077324897209922,5256,5290,current_best
Mouse,POLYIC_20190524_polyic___E3_P1_3,y,7,4.999999925494195,5,0.16419330289193304,4,0.15992438563327033,-0.004268917258662713,5256,5290,current_best
Mouse,POLYIC_20190524_polyic___E3_P1_3,y,8,4.999999925494195,0,0.14098173515981735,5,0.1544423440453686,0.013460608885551256,5256,5290,current_best
Mouse,POLYIC_20190524_polyic___E3_P1_3,x,2,3.1999998807907124,1,0.5077279752704791,1,0.5017182130584192,-0.006009762212059844,3882,4074,unetr_style
Mouse,POLYIC_20190524_polyic___E3_P1_3,x,3,3.1999998807907124,1,0.3387429160226687,2,0.3431516936671576,0.0044087776444888815,3882,4074,unetr_style
Mouse,POLYIC_20190524_polyic___E3_P1_3,x,4,3.1999998807907124,1,0.2679031427099433,1,0.2609229258713795,-0.006980216838563813,3882,4074,unetr_style
Mouse,POLYIC_20190524_polyic___E3_P1_3,x,5,3.1999998807907124,1,0.21148892323544566,3,0.21649484536082475,0.005005922125379092,3882,4074,unetr_style
Mouse,POLYIC_20190524_polyic___E3_P1_3,x,6,3.1999998807907124,3,0.18160741885625967,4,0.17476681394207166,-0.006840604914188003,3882,4074,unetr_style
Mouse,POLYIC_20190524_polyic___E3_P1_3,x,7,3.1999998807907124,3,0.1602266872746007,3,0.15218458517427588,-0.008042102100324827,3882,4074,unetr_style
Mouse,POLYIC_20190524_polyic___E3_P1_3,x,8,3.1999998807907124,1,0.15687789799072643,1,0.15169366715758467,-0.005184230833141762,3882,4074,unetr_style
Mouse,POLYIC_20190524_polyic___E3_P1_3,y,2,4.999999925494195,0,0.5135083713850838,0,0.5084049308927905,-0.005103440492293276,5256,5354,unetr_style
Mouse,POLYIC_20190524_polyic___E3_P1_3,y,3,4.999999925494195,1,0.3504566210045662,0,0.3479641389615241,-0.002492482043042088,5256,5354,unetr_style
Mouse,POLYIC_20190524_polyic___E3_P1_3,y,4,4.999999925494195,0,0.2671232876712329,1,0.2620470676129996,-0.005076220058233272,5256,5354,unetr_style
Mouse,POLYIC_20190524_polyic___E3_P1_3,y,5,4.999999925494195,4,0.2146118721461187,3,0.34329473290997387,0.12868286076385516,5256,5354,unetr_style
Mouse,POLYIC_20190524_polyic___E3_P1_3,y,6,4.999999925494195,1,0.1767503805175038,0,0.19088531938737394,0.014134938869870134,5256,5354,unetr_style
Mouse,POLYIC_20190524_polyic___E3_P1_3,y,7,4.999999925494195,5,0.16419330289193304,4,0.153716847217034,-0.010476455674899049,5256,5354,unetr_style
Mouse,POLYIC_20190524_polyic___E3_P1_3,y,8,4.999999925494195,0,0.14098173515981735,5,0.15427717594322002,0.013295440783402668,5256,5354,unetr_style
Mouse,POLYIC_20190524_polyic___E3_P1_4,x,2,3.1999998807907124,1,0.5077962577962578,0,0.5059339525283798,-0.001862305267878006,3848,3876,current_best
Mouse,POLYIC_20190524_polyic___E3_P1_4,x,3,3.1999998807907124,2,0.34303534303534305,2,0.3446852425180599,0.0016498994827168212,3848,3876,current_best
Mouse,POLYIC_20190524_polyic___E3_P1_4,x,4,3.1999998807907124,3,0.2642931392931393,2,0.25386996904024767,-0.010423170252891634,3848,3876,current_best
Mouse,POLYIC_20190524_polyic___E3_P1_4,x,5,3.1999998807907124,3,0.20686070686070687,1,0.22007223942208462,0.013211532561377748,3848,3876,current_best
Mouse,POLYIC_20190524_polyic___E3_P1_4,x,6,3.1999998807907124,1,0.17515592515592515,2,0.17595459236326108,0.0007986672073359291,3848,3876,current_best
Mouse,POLYIC_20190524_polyic___E3_P1_4,x,7,3.1999998807907124,0,0.1541060291060291,6,0.16021671826625386,0.006110689160224753,3848,3876,current_best
Mouse,POLYIC_20190524_polyic___E3_P1_4,x,8,3.1999998807907124,7,0.1340956340956341,2,0.13415892672858618,6.329263295207221e-05,3848,3876,current_best
Mouse,POLYIC_20190524_polyic___E3_P1_4,y,2,4.999999925494195,1,0.53196261682243,0,0.5614328136599851,0.02947019683755514,5350,5388,current_best
Mouse,POLYIC_20190524_polyic___E3_P1_4,y,3,4.999999925494195,1,0.3579439252336449,0,0.3747216035634744,0.016777678329829515,5350,5388,current_best
Mouse,POLYIC_20190524_polyic___E3_P1_4,y,4,4.999999925494195,3,0.26822429906542056,2,0.2897178916109874,0.02149359254556682,5350,5388,current_best
Mouse,POLYIC_20190524_polyic___E3_P1_4,y,5,4.999999925494195,1,0.23476635514018693,3,0.3433556050482554,0.10858924990806848,5350,5388,current_best
Mouse,POLYIC_20190524_polyic___E3_P1_4,y,6,4.999999925494195,5,0.19850467289719625,4,0.23589458054936896,0.037389907652172705,5350,5388,current_best
Mouse,POLYIC_20190524_polyic___E3_P1_4,y,7,4.999999925494195,0,0.16149532710280373,2,0.17687453600593914,0.015379208903135405,5350,5388,current_best
Mouse,POLYIC_20190524_polyic___E3_P1_4,y,8,4.999999925494195,3,0.1560747663551402,4,0.17706013363028952,0.020985367275149325,5350,5388,current_best
Mouse,POLYIC_20190524_polyic___E3_P1_4,x,2,3.1999998807907124,1,0.5077962577962578,1,0.5024912805181864,-0.005304977278071443,3848,4014,unetr_style
Mouse,POLYIC_20190524_polyic___E3_P1_4,x,3,3.1999998807907124,2,0.34303534303534305,2,0.3589935226706527,0.015958179635309655,3848,4014,unetr_style
Mouse,POLYIC_20190524_polyic___E3_P1_4,x,4,3.1999998807907124,3,0.2642931392931393,3,0.26033881415047333,-0.003954325142665971,3848,4014,unetr_style
Mouse,POLYIC_20190524_polyic___E3_P1_4,x,5,3.1999998807907124,3,0.20686070686070687,1,0.20976581963129048,0.002905112770583612,3848,4014,unetr_style
Mouse,POLYIC_20190524_polyic___E3_P1_4,x,6,3.1999998807907124,1,0.17515592515592515,2,0.1878425510712506,0.012686625915325461,3848,4014,unetr_style
Mouse,POLYIC_20190524_polyic___E3_P1_4,x,7,3.1999998807907124,0,0.1541060291060291,0,0.15670154459392127,0.002595515487892164,3848,4014,unetr_style
Mouse,POLYIC_20190524_polyic___E3_P1_4,x,8,3.1999998807907124,7,0.1340956340956341,2,0.13353263577478824,-0.0005629983208458589,3848,4014,unetr_style
Mouse,POLYIC_20190524_polyic___E3_P1_4,y,2,4.999999925494195,1,0.53196261682243,0,0.5681733975546499,0.03621078073221995,5350,5398,unetr_style
Mouse,POLYIC_20190524_polyic___E3_P1_4,y,3,4.999999925494195,1,0.3579439252336449,0,0.3679140422378659,0.009970117004221013,5350,5398,unetr_style
Mouse,POLYIC_20190524_polyic___E3_P1_4,y,4,4.999999925494195,3,0.26822429906542056,0,0.2930715079659133,0.024847208900492745,5350,5398,unetr_style
Mouse,POLYIC_20190524_polyic___E3_P1_4,y,5,4.999999925494195,1,0.23476635514018693,2,0.34179325676176364,0.10702690162157671,5350,5398,unetr_style
Mouse,POLYIC_20190524_polyic___E3_P1_4,y,6,4.999999925494195,5,0.19850467289719625,4,0.2234160800296406,0.024911407132444358,5350,5398,unetr_style
Mouse,POLYIC_20190524_polyic___E3_P1_4,y,7,4.999999925494195,0,0.16149532710280373,2,0.17654686921081883,0.015051542108015098,5350,5398,unetr_style
Mouse,POLYIC_20190524_polyic___E3_P1_4,y,8,4.999999925494195,3,0.1560747663551402,4,0.19618377176732124,0.04010900541218104,5350,5398,unetr_style
Mouse,POLYIC_20190524_polyic___E3_P1_5,x,2,3.1999998807907124,1,0.5010515247108307,0,0.5275489186405767,0.026497393929746038,3804,3884,current_best
Mouse,POLYIC_20190524_polyic___E3_P1_5,x,3,3.1999998807907124,2,0.3441114616193481,0,0.33831101956745624,-0.005800442051891841,3804,3884,current_best
Mouse,POLYIC_20190524_polyic___E3_P1_5,x,4,3.1999998807907124,1,0.2542060988433228,2,0.2664778578784758,0.012271759035152985,3804,3884,current_best
Mouse,POLYIC_20190524_polyic___E3_P1_5,x,5,3.1999998807907124,4,0.20425867507886436,4,0.2090628218331617,0.004804146754297328,3804,3884,current_best
Mouse,POLYIC_20190524_polyic___E3_P1_5,x,6,3.1999998807907124,2,0.17928496319663512,2,0.18280123583934088,0.0035162726427057645,3804,3884,current_best
Mouse,POLYIC_20190524_polyic___E3_P1_5,x,7,3.1999998807907124,5,0.16035751840168244,6,0.15396498455200824,-0.006392533849674198,3804,3884,current_best
Mouse,POLYIC_20190524_polyic___E3_P1_5,x,8,3.1999998807907124,0,0.13801261829652997,0,0.14186405767250257,0.0038514393759725984,3804,3884,current_best
Mouse,POLYIC_20190524_polyic___E3_P1_5,y,2,4.999999925494195,0,0.5039277297721917,0,0.512076353720296,0.008148623948104339,5092,5134,current_best
Mouse,POLYIC_20190524_polyic___E3_P1_5,y,3,4.999999925494195,1,0.3375883739198743,2,0.3854694195559018,0.04788104563602752,5092,5134,current_best
Mouse,POLYIC_20190524_polyic___E3_P1_5,y,4,4.999999925494195,2,0.25216025137470544,2,0.2810673938449552,0.02890714247024978,5092,5134,current_best
Mouse,POLYIC_20190524_polyic___E3_P1_5,y,5,4.999999925494195,2,0.21602513747054203,2,0.3671601090767433,0.15113497160620126,5092,5134,current_best
Mouse,POLYIC_20190524_polyic___E3_P1_5,y,6,4.999999925494195,4,0.19265514532600156,5,0.22477600311647838,0.032120857790476826,5092,5134,current_best
Mouse,POLYIC_20190524_polyic___E3_P1_5,y,7,4.999999925494195,3,0.1624116260801257,6,0.17121153097000388,0.008799904889878196,5092,5134,current_best
Mouse,POLYIC_20190524_polyic___E3_P1_5,y,8,4.999999925494195,2,0.1357030636292223,2,0.20023373587845733,0.06453067224923503,5092,5134,current_best
Mouse,POLYIC_20190524_polyic___E3_P1_5,x,2,3.1999998807907124,1,0.5010515247108307,0,0.5399503722084368,0.03889884749760608,3804,4030,unetr_style
Mouse,POLYIC_20190524_polyic___E3_P1_5,x,3,3.1999998807907124,2,0.3441114616193481,2,0.3488833746898263,0.004771913070478195,3804,4030,unetr_style
Mouse,POLYIC_20190524_polyic___E3_P1_5,x,4,3.1999998807907124,1,0.2542060988433228,0,0.2890818858560794,0.03487578701275662,3804,4030,unetr_style
Mouse,POLYIC_20190524_polyic___E3_P1_5,x,5,3.1999998807907124,4,0.20425867507886436,0,0.21488833746898264,0.010629662390118283,3804,4030,unetr_style
Mouse,POLYIC_20190524_polyic___E3_P1_5,x,6,3.1999998807907124,2,0.17928496319663512,2,0.19627791563275435,0.01699295243611923,3804,4030,unetr_style
Mouse,POLYIC_20190524_polyic___E3_P1_5,x,7,3.1999998807907124,5,0.16035751840168244,6,0.15459057071960297,-0.005766947682079471,3804,4030,unetr_style
Mouse,POLYIC_20190524_polyic___E3_P1_5,x,8,3.1999998807907124,0,0.13801261829652997,0,0.15905707196029778,0.02104445366376781,3804,4030,unetr_style
Mouse,POLYIC_20190524_polyic___E3_P1_5,y,2,4.999999925494195,0,0.5039277297721917,0,0.5060007742934572,0.0020730445212655546,5092,5166,unetr_style
Mouse,POLYIC_20190524_polyic___E3_P1_5,y,3,4.999999925494195,1,0.3375883739198743,2,0.38153310104529614,0.043944727125421856,5092,5166,unetr_style
Mouse,POLYIC_20190524_polyic___E3_P1_5,y,4,4.999999925494195,2,0.25216025137470544,2,0.2696476964769648,0.017487445102259358,5092,5166,unetr_style
Mouse,POLYIC_20190524_polyic___E3_P1_5,y,5,4.999999925494195,2,0.21602513747054203,2,0.36488579171506,0.148860654244518,5092,5166,unetr_style
Mouse,POLYIC_20190524_polyic___E3_P1_5,y,6,4.999999925494195,4,0.19265514532600156,5,0.22048006194347658,0.02782491661747502,5092,5166,unetr_style
Mouse,POLYIC_20190524_polyic___E3_P1_5,y,7,4.999999925494195,3,0.1624116260801257,6,0.16976384049554782,0.007352214415422137,5092,5166,unetr_style
Mouse,POLYIC_20190524_polyic___E3_P1_5,y,8,4.999999925494195,2,0.1357030636292223,2,0.18389469608981804,0.04819163246059574,5092,5166,unetr_style
Mouse,POLYIC_20190524_polyic___E3_P1_6,x,2,3.1999998807907124,1,0.5166912125675013,1,0.5185276679841897,0.0018364554166884206,4074,4048,current_best
Mouse,POLYIC_20190524_polyic___E3_P1_6,x,3,3.1999998807907124,1,0.34658811978399606,1,0.3394268774703557,-0.007161242313640348,4074,4048,current_best
Mouse,POLYIC_20190524_polyic___E3_P1_6,x,4,3.1999998807907124,3,0.27319587628865977,3,0.27223320158102765,-0.0009626747076321163,4074,4048,current_best
Mouse,POLYIC_20190524_polyic___E3_P1_6,x,5,3.1999998807907124,4,0.20814923907707414,0,0.20923913043478262,0.0010898913577084834,4074,4048,current_best
Mouse,POLYIC_20190524_polyic___E3_P1_6,x,6,3.1999998807907124,4,0.18458517427589594,3,0.1783596837944664,-0.006225490481429535,4074,4048,current_best
Mouse,POLYIC_20190524_polyic___E3_P1_6,x,7,3.1999998807907124,3,0.16200294550810015,2,0.166501976284585,0.004499030776484836,4074,4048,current_best
Mouse,POLYIC_20190524_polyic___E3_P1_6,x,8,3.1999998807907124,3,0.14261168384879724,3,0.14352766798418973,0.0009159841353924836,4074,4048,current_best
Mouse,POLYIC_20190524_polyic___E3_P1_6,y,2,4.999999925494195,0,0.501679104477612,1,0.5026109660574413,0.000931861579829274,5360,5362,current_best
Mouse,POLYIC_20190524_polyic___E3_P1_6,y,3,4.999999925494195,1,0.34496268656716417,2,0.371130175307721,0.026167488740556855,5360,5362,current_best
Mouse,POLYIC_20190524_polyic___E3_P1_6,y,4,4.999999925494195,2,0.2666044776119403,1,0.28086534875046626,0.014260871138525977,5360,5362,current_best
Mouse,POLYIC_20190524_polyic___E3_P1_6,y,5,4.999999925494195,3,0.23152985074626867,3,0.37280865348750464,0.14127880274123597,5360,5362,current_best
Mouse,POLYIC_20190524_polyic___E3_P1_6,y,6,4.999999925494195,1,0.18488805970149252,2,0.21372622155911974,0.02883816185762722,5360,5362,current_best
Mouse,POLYIC_20190524_polyic___E3_P1_6,y,7,4.999999925494195,6,0.16138059701492538,0,0.1671018276762402,0.00572123066131483,5360,5362,current_best
Mouse,POLYIC_20190524_polyic___E3_P1_6,y,8,4.999999925494195,1,0.141044776119403,1,0.18481909735173443,0.04377432123233144,5360,5362,current_best
Mouse,POLYIC_20190524_polyic___E3_P1_6,x,2,3.1999998807907124,1,0.5166912125675013,0,0.5004807692307692,-0.01621044333673205,4074,4160,unetr_style
Mouse,POLYIC_20190524_polyic___E3_P1_6,x,3,3.1999998807907124,1,0.34658811978399606,2,0.3384615384615385,-0.008126581322457582,4074,4160,unetr_style
Mouse,POLYIC_20190524_polyic___E3_P1_6,x,4,3.1999998807907124,3,0.27319587628865977,0,0.26346153846153847,-0.009734337827121298,4074,4160,unetr_style
Mouse,POLYIC_20190524_polyic___E3_P1_6,x,5,3.1999998807907124,4,0.20814923907707414,0,0.21514423076923078,0.0069949916921566435,4074,4160,unetr_style
Mouse,POLYIC_20190524_polyic___E3_P1_6,x,6,3.1999998807907124,4,0.18458517427589594,4,0.17596153846153847,-0.008623635814357461,4074,4160,unetr_style
Mouse,POLYIC_20190524_polyic___E3_P1_6,x,7,3.1999998807907124,3,0.16200294550810015,2,0.1641826923076923,0.0021797467995921527,4074,4160,unetr_style
Mouse,POLYIC_20190524_polyic___E3_P1_6,x,8,3.1999998807907124,3,0.14261168384879724,3,0.134375,-0.00823668384879725,4074,4160,unetr_style
Mouse,POLYIC_20190524_polyic___E3_P1_6,y,2,4.999999925494195,0,0.501679104477612,0,0.5089619118745332,0.00728280739692122,5360,5356,unetr_style
Mouse,POLYIC_20190524_polyic___E3_P1_6,y,3,4.999999925494195,1,0.34496268656716417,2,0.37322628827483195,0.028263601707667785,5360,5356,unetr_style
Mouse,POLYIC_20190524_polyic___E3_P1_6,y,4,4.999999925494195,2,0.2666044776119403,1,0.28211351755041075,0.01550903993847047,5360,5356,unetr_style
Mouse,POLYIC_20190524_polyic___E3_P1_6,y,5,4.999999925494195,3,0.23152985074626867,3,0.3679985063480209,0.13646865560175223,5360,5356,unetr_style
Mouse,POLYIC_20190524_polyic___E3_P1_6,y,6,4.999999925494195,1,0.18488805970149252,2,0.22591486183719192,0.0410268021356994,5360,5356,unetr_style
Mouse,POLYIC_20190524_polyic___E3_P1_6,y,7,4.999999925494195,6,0.16138059701492538,0,0.1650485436893204,0.0036679466743950173,5360,5356,unetr_style
Mouse,POLYIC_20190524_polyic___E3_P1_6,y,8,4.999999925494195,1,0.141044776119403,1,0.19473487677371173,0.05369010065430874,5360,5356,unetr_style
Mouse,POLYIC_20190524_polyic___E3_P1_7,x,2,3.1999998807907124,1,0.5029348986125933,1,0.510863804981452,0.00792890636885868,3748,3774,current_best
Mouse,POLYIC_20190524_polyic___E3_P1_7,x,3,3.1999998807907124,1,0.34071504802561364,2,0.3420773714891362,0.0013623234635225523,3748,3774,current_best
Mouse,POLYIC_20190524_polyic___E3_P1_7,x,4,3.1999998807907124,2,0.2646744930629669,2,0.2641759406465289,-0.0004985524164380362,3748,3774,current_best
Mouse,POLYIC_20190524_polyic___E3_P1_7,x,5,3.1999998807907124,4,0.21398078975453574,4,0.21118177000529942,-0.0027990197492363256,3748,3774,current_best
Mouse,POLYIC_20190524_polyic___E3_P1_7,x,6,3.1999998807907124,1,0.18223052294557096,1,0.1825649178590355,0.00033439491346454187,3748,3774,current_best
Mouse,POLYIC_20190524_polyic___E3_P1_7,x,7,3.1999998807907124,4,0.1523479188900747,1,0.16825649178590354,0.015908572895828837,3748,3774,current_best
Mouse,POLYIC_20190524_polyic___E3_P1_7,x,8,3.1999998807907124,6,0.14461045891141944,6,0.15765765765765766,0.01304719874623822,3748,3774,current_best
Mouse,POLYIC_20190524_polyic___E3_P1_7,y,2,4.999999925494195,1,0.5100760456273764,1,0.5136041744316064,0.003528128804230035,5260,5366,current_best
Mouse,POLYIC_20190524_polyic___E3_P1_7,y,3,4.999999925494195,1,0.34942965779467683,0,0.3380544166977264,-0.011375241096950428,5260,5366,current_best
Mouse,POLYIC_20190524_polyic___E3_P1_7,y,4,4.999999925494195,3,0.2661596958174905,0,0.27376071561684684,0.0076010197993563455,5260,5366,current_best
Mouse,POLYIC_20190524_polyic___E3_P1_7,y,5,4.999999925494195,1,0.23840304182509506,2,0.35538576220648527,0.11698272038139021,5260,5366,current_best
Mouse,POLYIC_20190524_polyic___E3_P1_7,y,6,4.999999925494195,1,0.18136882129277568,3,0.18617219530376444,0.004803374010988765,5260,5366,current_best
Mouse,POLYIC_20190524_polyic___E3_P1_7,y,7,4.999999925494195,3,0.170532319391635,2,0.17685426761088335,0.006321948219248363,5260,5366,current_best
Mouse,POLYIC_20190524_polyic___E3_P1_7,y,8,4.999999925494195,3,0.13745247148288972,7,0.18952664927320165,0.052074177790311926,5260,5366,current_best
Mouse,POLYIC_20190524_polyic___E3_P1_7,x,2,3.1999998807907124,1,0.5029348986125933,1,0.502020202020202,-0.0009146965923912953,3748,3960,unetr_style
Mouse,POLYIC_20190524_polyic___E3_P1_7,x,3,3.1999998807907124,1,0.34071504802561364,2,0.3484848484848485,0.007769800459234866,3748,3960,unetr_style
Mouse,POLYIC_20190524_polyic___E3_P1_7,x,4,3.1999998807907124,2,0.2646744930629669,3,0.2676767676767677,0.0030022746138007594,3748,3960,unetr_style
Mouse,POLYIC_20190524_polyic___E3_P1_7,x,5,3.1999998807907124,4,0.21398078975453574,4,0.21388888888888888,-9.190086564686561e-05,3748,3960,unetr_style
Mouse,POLYIC_20190524_polyic___E3_P1_7,x,6,3.1999998807907124,1,0.18223052294557096,2,0.18661616161616162,0.004385638670590664,3748,3960,unetr_style
Mouse,POLYIC_20190524_polyic___E3_P1_7,x,7,3.1999998807907124,4,0.1523479188900747,1,0.16262626262626262,0.010278343736187912,3748,3960,unetr_style
Mouse,POLYIC_20190524_polyic___E3_P1_7,x,8,3.1999998807907124,6,0.14461045891141944,6,0.15227272727272728,0.007662268361307845,3748,3960,unetr_style
Mouse,POLYIC_20190524_polyic___E3_P1_7,y,2,4.999999925494195,1,0.5100760456273764,1,0.5111275964391692,0.0010515508117927563,5260,5392,unetr_style
Mouse,POLYIC_20190524_polyic___E3_P1_7,y,3,4.999999925494195,1,0.34942965779467683,0,0.3369807121661721,-0.012448945628504737,5260,5392,unetr_style
Mouse,POLYIC_20190524_polyic___E3_P1_7,y,4,4.999999925494195,3,0.2661596958174905,0,0.27874629080118696,0.012586594983696464,5260,5392,unetr_style
Mouse,POLYIC_20190524_polyic___E3_P1_7,y,5,4.999999925494195,1,0.23840304182509506,2,0.3573813056379822,0.11897826381288715,5260,5392,unetr_style
Mouse,POLYIC_20190524_polyic___E3_P1_7,y,6,4.999999925494195,1,0.18136882129277568,3,0.1884272997032641,0.007058478410488428,5260,5392,unetr_style
Mouse,POLYIC_20190524_polyic___E3_P1_7,y,7,4.999999925494195,3,0.170532319391635,2,0.1785979228486647,0.008065603457029696,5260,5392,unetr_style
Mouse,POLYIC_20190524_polyic___E3_P1_7,y,8,4.999999925494195,3,0.13745247148288972,4,0.1886127596439169,0.05116028816102719,5260,5392,unetr_style
Mouse,POLYIC_20190524_polyic___E3_P1_9,x,2,3.1999998807907124,0,0.5025667351129364,1,0.5087001023541453,0.006133367241208942,3896,3908,current_best
Mouse,POLYIC_20190524_polyic___E3_P1_9,x,3,3.1999998807907124,1,0.34856262833675566,0,0.35516888433981575,0.006606256003060085,3896,3908,current_best
Mouse,POLYIC_20190524_polyic___E3_P1_9,x,4,3.1999998807907124,3,0.2612936344969199,3,0.25588536335721596,-0.005408271139703935,3896,3908,current_best
Mouse,POLYIC_20190524_polyic___E3_P1_9,x,5,3.1999998807907124,3,0.20867556468172485,1,0.20957011258955988,0.0008945479078350249,3896,3908,current_best
Mouse,POLYIC_20190524_polyic___E3_P1_9,x,6,3.1999998807907124,1,0.17838809034907596,3,0.18551688843398156,0.007128798084905602,3896,3908,current_best
Mouse,POLYIC_20190524_polyic___E3_P1_9,x,7,3.1999998807907124,1,0.1629876796714579,1,0.1589048106448311,-0.004082869026626801,3896,3908,current_best
Mouse,POLYIC_20190524_polyic___E3_P1_9,x,8,3.1999998807907124,4,0.14656057494866528,3,0.14994882292732856,0.0033882479786632724,3896,3908,current_best
Mouse,POLYIC_20190524_polyic___E3_P1_9,y,2,4.999999925494195,0,0.5021945866861741,0,0.5180327868852459,0.015838200199071784,5468,5490,current_best
Mouse,POLYIC_20190524_polyic___E3_P1_9,y,3,4.999999925494195,1,0.33522311631309437,0,0.37122040072859747,0.035997284415503095,5468,5490,current_best
Mouse,POLYIC_20190524_polyic___E3_P1_9,y,4,4.999999925494195,2,0.25786393562545723,0,0.27285974499089255,0.01499580936543532,5468,5490,current_best
Mouse,POLYIC_20190524_polyic___E3_P1_9,y,5,4.999999925494195,3,0.22275054864667154,3,0.34735883424408015,0.12460828559740861,5468,5490,current_best
Mouse,POLYIC_20190524_polyic___E3_P1_9,y,6,4.999999925494195,3,0.18013899049012436,3,0.19726775956284154,0.01712876907271718,5468,5490,current_best
Mouse,POLYIC_20190524_polyic___E3_P1_9,y,7,4.999999925494195,3,0.1616678858814923,5,0.18397085610200364,0.022302970220511337,5468,5490,current_best
Mouse,POLYIC_20190524_polyic___E3_P1_9,y,8,4.999999925494195,6,0.13533284564740308,4,0.1785063752276867,0.043173529580283615,5468,5490,current_best
Mouse,POLYIC_20190524_polyic___E3_P1_9,x,2,3.1999998807907124,0,0.5025667351129364,1,0.5137524557956779,0.011185720682741485,3896,4072,unetr_style
Mouse,POLYIC_20190524_polyic___E3_P1_9,x,3,3.1999998807907124,1,0.34856262833675566,0,0.3514243614931238,0.002861733156368118,3896,4072,unetr_style
Mouse,POLYIC_20190524_polyic___E3_P1_9,x,4,3.1999998807907124,3,0.2612936344969199,3,0.25712180746561886,-0.004171827031301034,3896,4072,unetr_style
Mouse,POLYIC_20190524_polyic___E3_P1_9,x,5,3.1999998807907124,3,0.20867556468172485,1,0.21881139489194498,0.010135830210220131,3896,4072,unetr_style
Mouse,POLYIC_20190524_polyic___E3_P1_9,x,6,3.1999998807907124,1,0.17838809034907596,3,0.18172888015717092,0.0033407898080949627,3896,4072,unetr_style
Mouse,POLYIC_20190524_polyic___E3_P1_9,x,7,3.1999998807907124,1,0.1629876796714579,1,0.14833005893909626,-0.014657620732361654,3896,4072,unetr_style
Mouse,POLYIC_20190524_polyic___E3_P1_9,x,8,3.1999998807907124,4,0.14656057494866528,3,0.14489194499017682,-0.00166862995848846,3896,4072,unetr_style
Mouse,POLYIC_20190524_polyic___E3_P1_9,y,2,4.999999925494195,0,0.5021945866861741,0,0.5009048136083967,-0.0012897730777774452,5468,5526,unetr_style
Mouse,POLYIC_20190524_polyic___E3_P1_9,y,3,4.999999925494195,1,0.33522311631309437,0,0.3666304741223308,0.031407357809236425,5468,5526,unetr_style
Mouse,POLYIC_20190524_polyic___E3_P1_9,y,4,4.999999925494195,2,0.25786393562545723,0,0.2665580890336591,0.008694153408201843,5468,5526,unetr_style
Mouse,POLYIC_20190524_polyic___E3_P1_9,y,5,4.999999925494195,3,0.22275054864667154,3,0.35251538183134273,0.1297648331846712,5468,5526,unetr_style
Mouse,POLYIC_20190524_polyic___E3_P1_9,y,6,4.999999925494195,3,0.18013899049012436,3,0.20412595005428882,0.023986959564164467,5468,5526,unetr_style
Mouse,POLYIC_20190524_polyic___E3_P1_9,y,7,4.999999925494195,3,0.1616678858814923,5,0.18675352877307275,0.02508564289158044,5468,5526,unetr_style
Mouse,POLYIC_20190524_polyic___E3_P1_9,y,8,4.999999925494195,6,0.13533284564740308,4,0.1775244299674267,0.04219158432002362,5468,5526,unetr_style
Mouse,POLYIC_20190524_polyic___E4_P1_1,x,2,3.1999998807907124,0,0.5064234326824255,0,0.504665629860031,-0.0017578028223944608,3892,3858,current_best
Mouse,POLYIC_20190524_polyic___E4_P1_1,x,3,3.1999998807907124,0,0.3368448098663926,1,0.3475894245723173,0.010744614705924693,3892,3858,current_best
Mouse,POLYIC_20190524_polyic___E4_P1_1,x,4,3.1999998807907124,2,0.2541109969167523,1,0.2667185069984448,0.012607510081692475,3892,3858,current_best
Mouse,POLYIC_20190524_polyic___E4_P1_1,x,5,3.1999998807907124,4,0.20760534429599178,4,0.21124935199585276,0.0036440076998609794,3892,3858,current_best
Mouse,POLYIC_20190524_polyic___E4_P1_1,x,6,3.1999998807907124,4,0.17343268242548818,4,0.18144116122343182,0.008008478797943641,3892,3858,current_best
Mouse,POLYIC_20190524_polyic___E4_P1_1,x,7,3.1999998807907124,2,0.16495375128468653,2,0.15578019699326076,-0.009173554291425773,3892,3858,current_best
Mouse,POLYIC_20190524_polyic___E4_P1_1,x,8,3.1999998807907124,4,0.13540596094552929,5,0.14385692068429237,0.008450959738763086,3892,3858,current_best
Mouse,POLYIC_20190524_polyic___E4_P1_1,y,2,4.999999925494195,0,0.5078277886497065,1,0.5601651592607156,0.05233737061100918,5110,5086,current_best
Mouse,POLYIC_20190524_polyic___E4_P1_1,y,3,4.999999925494195,2,0.35342465753424657,1,0.35450255603617775,0.0010778985019311849,5110,5086,current_best
Mouse,POLYIC_20190524_polyic___E4_P1_1,y,4,4.999999925494195,2,0.2694716242661448,3,0.3018088871411718,0.03233726287502703,5110,5086,current_best
Mouse,POLYIC_20190524_polyic___E4_P1_1,y,5,4.999999925494195,1,0.21859099804305285,3,0.3409359024773889,0.12234490443433607,5110,5086,current_best
Mouse,POLYIC_20190524_polyic___E4_P1_1,y,6,4.999999925494195,2,0.18454011741682974,5,0.19799449469130947,0.013454377274479734,5110,5086,current_best
Mouse,POLYIC_20190524_polyic___E4_P1_1,y,7,4.999999925494195,6,0.16105675146771037,6,0.1488399528116398,-0.01221679865607056,5110,5086,current_best
Mouse,POLYIC_20190524_polyic___E4_P1_1,y,8,4.999999925494195,3,0.13933463796477494,7,0.18659064097522612,0.047256003010451186,5110,5086,current_best
Mouse,POLYIC_20190524_polyic___E4_P1_1,x,2,3.1999998807907124,0,0.5064234326824255,1,0.52775,0.02132656731757454,3892,4000,unetr_style
Mouse,POLYIC_20190524_polyic___E4_P1_1,x,3,3.1999998807907124,0,0.3368448098663926,2,0.34175,0.004905190133607407,3892,4000,unetr_style
Mouse,POLYIC_20190524_polyic___E4_P1_1,x,4,3.1999998807907124,2,0.2541109969167523,1,0.275,0.020889003083247704,3892,4000,unetr_style
Mouse,POLYIC_20190524_polyic___E4_P1_1,x,5,3.1999998807907124,4,0.20760534429599178,0,0.20675,-0.0008553442959917945,3892,4000,unetr_style
Mouse,POLYIC_20190524_polyic___E4_P1_1,x,6,3.1999998807907124,4,0.17343268242548818,5,0.185,0.01156731757451182,3892,4000,unetr_style
Mouse,POLYIC_20190524_polyic___E4_P1_1,x,7,3.1999998807907124,2,0.16495375128468653,2,0.15725,-0.007703751284686533,3892,4000,unetr_style
Mouse,POLYIC_20190524_polyic___E4_P1_1,x,8,3.1999998807907124,4,0.13540596094552929,5,0.14875,0.013344039054470708,3892,4000,unetr_style
Mouse,POLYIC_20190524_polyic___E4_P1_1,y,2,4.999999925494195,0,0.5078277886497065,1,0.5587890625,0.05096127385029359,5110,5120,unetr_style
Mouse,POLYIC_20190524_polyic___E4_P1_1,y,3,4.999999925494195,2,0.35342465753424657,1,0.348828125,-0.004596532534246578,5110,5120,unetr_style
Mouse,POLYIC_20190524_polyic___E4_P1_1,y,4,4.999999925494195,2,0.2694716242661448,3,0.293359375,0.023887750733855184,5110,5120,unetr_style
Mouse,POLYIC_20190524_polyic___E4_P1_1,y,5,4.999999925494195,1,0.21859099804305285,0,0.341796875,0.12320587695694715,5110,5120,unetr_style
Mouse,POLYIC_20190524_polyic___E4_P1_1,y,6,4.999999925494195,2,0.18454011741682974,1,0.1962890625,0.011748945083170259,5110,5120,unetr_style
Mouse,POLYIC_20190524_polyic___E4_P1_1,y,7,4.999999925494195,6,0.16105675146771037,0,0.1529296875,-0.008127063967710374,5110,5120,unetr_style
Mouse,POLYIC_20190524_polyic___E4_P1_1,y,8,4.999999925494195,3,0.13933463796477494,7,0.180859375,0.04152473703522505,5110,5120,unetr_style
Mouse,POLYIC_20190524_polyic___E4_P1_7,x,2,3.1999998807907124,0,0.5020833333333333,0,0.5005235602094241,-0.0015597731239092028,3840,3820,current_best
Mouse,POLYIC_20190524_polyic___E4_P1_7,x,3,3.1999998807907124,2,0.34375,2,0.37643979057591626,0.032689790575916255,3840,3820,current_best
Mouse,POLYIC_20190524_polyic___E4_P1_7,x,4,3.1999998807907124,1,0.2708333333333333,1,0.2615183246073298,-0.009315008726003493,3840,3820,current_best
Mouse,POLYIC_20190524_polyic___E4_P1_7,x,5,3.1999998807907124,1,0.21510416666666668,2,0.21780104712041884,0.0026968804537521596,3840,3820,current_best
Mouse,POLYIC_20190524_polyic___E4_P1_7,x,6,3.1999998807907124,5,0.18359375,5,0.20340314136125653,0.019809391361256534,3840,3820,current_best
Mouse,POLYIC_20190524_polyic___E4_P1_7,x,7,3.1999998807907124,3,0.15729166666666666,4,0.15785340314136126,0.0005617364746945963,3840,3820,current_best
Mouse,POLYIC_20190524_polyic___E4_P1_7,x,8,3.1999998807907124,1,0.15494791666666666,1,0.14764397905759163,-0.007303937609075023,3840,3820,current_best
Mouse,POLYIC_20190524_polyic___E4_P1_7,y,2,4.999999925494195,0,0.5034220532319391,1,0.501324252743095,-0.002097800488844115,5260,5286,current_best
Mouse,POLYIC_20190524_polyic___E4_P1_7,y,3,4.999999925494195,2,0.33897338403041827,2,0.36511539916761254,0.026142015137194274,5260,5286,current_best
Mouse,POLYIC_20190524_polyic___E4_P1_7,y,4,4.999999925494195,2,0.2581749049429658,1,0.2637154748391979,0.005540569896232084,5260,5286,current_best
Mouse,POLYIC_20190524_polyic___E4_P1_7,y,5,4.999999925494195,3,0.22167300380228136,2,0.34108967082860386,0.1194166670263225,5260,5286,current_best
Mouse,POLYIC_20190524_polyic___E4_P1_7,y,6,4.999999925494195,4,0.17338403041825096,2,0.1933409004918653,0.019956870073614352,5260,5286,current_best
Mouse,POLYIC_20190524_polyic___E4_P1_7,y,7,4.999999925494195,3,0.16197718631178706,5,0.18161180476730987,0.019634618455522806,5260,5286,current_best
Mouse,POLYIC_20190524_polyic___E4_P1_7,y,8,4.999999925494195,6,0.13155893536121674,1,0.18274687854710556,0.05118794318588882,5260,5286,current_best
Mouse,POLYIC_20190524_polyic___E4_P1_7,x,2,3.1999998807907124,0,0.5020833333333333,1,0.5019559902200489,-0.00012734311328443937,3840,4090,unetr_style
Mouse,POLYIC_20190524_polyic___E4_P1_7,x,3,3.1999998807907124,2,0.34375,2,0.35207823960880197,0.008328239608801968,3840,4090,unetr_style
Mouse,POLYIC_20190524_polyic___E4_P1_7,x,4,3.1999998807907124,1,0.2708333333333333,0,0.2616136919315403,-0.009219641401792988,3840,4090,unetr_style
Mouse,POLYIC_20190524_polyic___E4_P1_7,x,5,3.1999998807907124,1,0.21510416666666668,2,0.21466992665036674,-0.000434240016299936,3840,4090,unetr_style
Mouse,POLYIC_20190524_polyic___E4_P1_7,x,6,3.1999998807907124,5,0.18359375,5,0.18679706601466992,0.0032033160146699158,3840,4090,unetr_style
Mouse,POLYIC_20190524_polyic___E4_P1_7,x,7,3.1999998807907124,3,0.15729166666666666,4,0.15427872860635697,-0.0030129380603096945,3840,4090,unetr_style
Mouse,POLYIC_20190524_polyic___E4_P1_7,x,8,3.1999998807907124,1,0.15494791666666666,1,0.14792176039119803,-0.007026156275468626,3840,4090,unetr_style
Mouse,POLYIC_20190524_polyic___E4_P1_7,y,2,4.999999925494195,0,0.5034220532319391,1,0.5165181885671863,0.013096135335247228,5260,5388,unetr_style
Mouse,POLYIC_20190524_polyic___E4_P1_7,y,3,4.999999925494195,2,0.33897338403041827,2,0.34910913140311806,0.010135747372699788,5260,5388,unetr_style
Mouse,POLYIC_20190524_polyic___E4_P1_7,y,4,4.999999925494195,2,0.2581749049429658,1,0.27245731254639943,0.014282407603433633,5260,5388,unetr_style
Mouse,POLYIC_20190524_polyic___E4_P1_7,y,5,4.999999925494195,3,0.22167300380228136,2,0.34910913140311806,0.1274361276008367,5260,5388,unetr_style
Mouse,POLYIC_20190524_polyic___E4_P1_7,y,6,4.999999925494195,4,0.17338403041825096,3,0.1939495174461767,0.02056548702792574,5260,5388,unetr_style
Mouse,POLYIC_20190524_polyic___E4_P1_7,y,7,4.999999925494195,3,0.16197718631178706,5,0.18671121009651076,0.024734023784723697,5260,5388,unetr_style
Mouse,POLYIC_20190524_polyic___E4_P1_7,y,8,4.999999925494195,6,0.13155893536121674,1,0.1783593170007424,0.04680038163952566,5260,5388,unetr_style
Mouse,POLYIC_20190524_polyic___E4_P1_9,x,2,3.1999998807907124,1,0.5056762092793682,0,0.5245338567222767,0.01885764744290852,4052,4076,current_best
Mouse,POLYIC_20190524_polyic___E4_P1_9,x,3,3.1999998807907124,2,0.3487166831194472,2,0.36162904808635915,0.012912364966911949,4052,4076,current_best
Mouse,POLYIC_20190524_polyic___E4_P1_9,x,4,3.1999998807907124,2,0.26678183613030604,2,0.2831207065750736,0.01633887044476756,4052,4076,current_best
Mouse,POLYIC_20190524_polyic___E4_P1_9,x,5,3.1999998807907124,0,0.2087857847976308,4,0.22301275760549558,0.01422697280786478,4052,4076,current_best
Mouse,POLYIC_20190524_polyic___E4_P1_9,x,6,3.1999998807907124,1,0.17522211253701875,2,0.19013738959764476,0.014915277060626009,4052,4076,current_best
Mouse,POLYIC_20190524_polyic___E4_P1_9,x,7,3.1999998807907124,1,0.162142152023692,1,0.1611874386653582,-0.000954713358333803,4052,4076,current_best
Mouse,POLYIC_20190524_polyic___E4_P1_9,x,8,3.1999998807907124,6,0.1386969397828233,6,0.15235525024533858,0.013658310462515283,4052,4076,current_best
Mouse,POLYIC_20190524_polyic___E4_P1_9,y,2,4.999999925494195,1,0.5078154075176777,0,0.5234345706786652,0.015619163160987437,5374,5334,current_best
Mouse,POLYIC_20190524_polyic___E4_P1_9,y,3,4.999999925494195,2,0.3496464458503908,1,0.36520434945631797,0.015557903605927181,5374,5334,current_best
Mouse,POLYIC_20190524_polyic___E4_P1_9,y,4,4.999999925494195,1,0.2610718273167101,0,0.2793400824896888,0.018268255172978698,5374,5334,current_best
Mouse,POLYIC_20190524_polyic___E4_P1_9,y,5,4.999999925494195,1,0.21771492370673615,3,0.34158230221222347,0.12386737850548732,5374,5334,current_best
Mouse,POLYIC_20190524_polyic___E4_P1_9,y,6,4.999999925494195,5,0.19036099739486417,4,0.2118485189351331,0.021487521540268922,5374,5334,current_best
Mouse,POLYIC_20190524_polyic___E4_P1_9,y,7,4.999999925494195,5,0.16524004465947154,4,0.16816647919010125,0.0029264345306297124,5374,5334,current_best
Mouse,POLYIC_20190524_polyic___E4_P1_9,y,8,4.999999925494195,1,0.14923706736136955,7,0.16197975253093364,0.012742685169564089,5374,5334,current_best
Mouse,POLYIC_20190524_polyic___E4_P1_9,x,2,3.1999998807907124,1,0.5056762092793682,0,0.5103773584905661,0.004701149211197908,4052,4240,unetr_style
Mouse,POLYIC_20190524_polyic___E4_P1_9,x,3,3.1999998807907124,2,0.3487166831194472,1,0.33891509433962264,-0.009801588779824566,4052,4240,unetr_style
Mouse,POLYIC_20190524_polyic___E4_P1_9,x,4,3.1999998807907124,2,0.26678183613030604,1,0.25778301886792454,-0.008998817262381498,4052,4240,unetr_style
Mouse,POLYIC_20190524_polyic___E4_P1_9,x,5,3.1999998807907124,0,0.2087857847976308,0,0.2106132075471698,0.0018274227495390094,4052,4240,unetr_style
Mouse,POLYIC_20190524_polyic___E4_P1_9,x,6,3.1999998807907124,1,0.17522211253701875,1,0.17783018867924527,0.002608076142226523,4052,4240,unetr_style
Mouse,POLYIC_20190524_polyic___E4_P1_9,x,7,3.1999998807907124,1,0.162142152023692,1,0.15990566037735848,-0.0022364916463335216,4052,4240,unetr_style
Mouse,POLYIC_20190524_polyic___E4_P1_9,x,8,3.1999998807907124,6,0.1386969397828233,4,0.13632075471698113,-0.002376185065842168,4052,4240,unetr_style
Mouse,POLYIC_20190524_polyic___E4_P1_9,y,2,4.999999925494195,1,0.5078154075176777,0,0.535453216374269,0.027637808856591284,5374,5472,unetr_style
Mouse,POLYIC_20190524_polyic___E4_P1_9,y,3,4.999999925494195,2,0.3496464458503908,1,0.3669590643274854,0.017312618477094588,5374,5472,unetr_style
Mouse,POLYIC_20190524_polyic___E4_P1_9,y,4,4.999999925494195,1,0.2610718273167101,0,0.28709795321637427,0.026026125899664188,5374,5472,unetr_style
Mouse,POLYIC_20190524_polyic___E4_P1_9,y,5,4.999999925494195,1,0.21771492370673615,3,0.3474049707602339,0.12969004705349776,5374,5472,unetr_style
Mouse,POLYIC_20190524_polyic___E4_P1_9,y,6,4.999999925494195,5,0.19036099739486417,4,0.21875,0.028389002605135827,5374,5472,unetr_style
Mouse,POLYIC_20190524_polyic___E4_P1_9,y,7,4.999999925494195,5,0.16524004465947154,4,0.17086988304093567,0.005629838381464136,5374,5472,unetr_style
Mouse,POLYIC_20190524_polyic___E4_P1_9,y,8,4.999999925494195,1,0.14923706736136955,4,0.16593567251461988,0.016698605153250334,5374,5472,unetr_style
Mouse,POLYIC_20190524_polyic___E8_P1_1,x,2,3.1999998807907124,1,0.5163348647269015,0,0.5040526849037488,-0.012282179823152717,3918,3948,current_best
Mouse,POLYIC_20190524_polyic___E8_P1_1,x,3,3.1999998807907124,2,0.3486472690148035,1,0.34422492401215804,-0.004422345002645434,3918,3948,current_best
Mouse,POLYIC_20190524_polyic___E8_P1_1,x,4,3.1999998807907124,3,0.2713118938233793,3,0.2563323201621074,-0.014979573661271894,3918,3948,current_best
Mouse,POLYIC_20190524_polyic___E8_P1_1,x,5,3.1999998807907124,1,0.21720265441551811,1,0.22315096251266464,0.005948308097146526,3918,3948,current_best
Mouse,POLYIC_20190524_polyic___E8_P1_1,x,6,3.1999998807907124,2,0.17432363450740174,4,0.182370820668693,0.00804718616129127,3918,3948,current_best
Mouse,POLYIC_20190524_polyic___E8_P1_1,x,7,3.1999998807907124,4,0.16207248596222562,4,0.1585612968591692,-0.0035111891030564224,3918,3948,current_best
Mouse,POLYIC_20190524_polyic___E8_P1_1,x,8,3.1999998807907124,1,0.1383358856559469,0,0.135258358662614,-0.003077526993332913,3918,3948,current_best
Mouse,POLYIC_20190524_polyic___E8_P1_1,y,2,4.999999925494195,1,0.5020415738678545,0,0.5231958762886598,0.021154302420805293,5388,5432,current_best
Mouse,POLYIC_20190524_polyic___E8_P1_1,y,3,4.999999925494195,1,0.3437268002969562,2,0.35143593519882177,0.007709134901865589,5388,5432,current_best
Mouse,POLYIC_20190524_polyic___E8_P1_1,y,4,4.999999925494195,2,0.2615070527097253,2,0.2763254786450663,0.014818425935340995,5388,5432,current_best
Mouse,POLYIC_20190524_polyic___E8_P1_1,y,5,4.999999925494195,1,0.21492204899777284,0,0.34554491899852724,0.1306228700007544,5388,5432,current_best
Mouse,POLYIC_20190524_polyic___E8_P1_1,y,6,4.999999925494195,4,0.1789161098737936,4,0.18906480117820323,0.010148691304409624,5388,5432,current_best
Mouse,POLYIC_20190524_polyic___E8_P1_1,y,7,4.999999925494195,1,0.16165553080920564,6,0.1719440353460972,0.010288504536891563,5388,5432,current_best
Mouse,POLYIC_20190524_polyic___E8_P1_1,y,8,4.999999925494195,5,0.1471789161098738,2,0.18151693667157584,0.03433802056170204,5388,5432,current_best
Mouse,POLYIC_20190524_polyic___E8_P1_1,x,2,3.1999998807907124,1,0.5163348647269015,0,0.5072080730418068,-0.00912679168509467,3918,4162,unetr_style
Mouse,POLYIC_20190524_polyic___E8_P1_1,x,3,3.1999998807907124,2,0.3486472690148035,1,0.35439692455550215,0.005749655540698673,3918,4162,unetr_style
Mouse,POLYIC_20190524_polyic___E8_P1_1,x,4,3.1999998807907124,3,0.2713118938233793,0,0.2580490148966843,-0.013262878926694976,3918,4162,unetr_style
Mouse,POLYIC_20190524_polyic___E8_P1_1,x,5,3.1999998807907124,1,0.21720265441551811,1,0.21215761653051418,-0.0050450378850039335,3918,4162,unetr_style
Mouse,POLYIC_20190524_polyic___E8_P1_1,x,6,3.1999998807907124,2,0.17432363450740174,4,0.18909178279673233,0.014768148289330596,3918,4162,unetr_style
Mouse,POLYIC_20190524_polyic___E8_P1_1,x,7,3.1999998807907124,4,0.16207248596222562,5,0.15545410860163383,-0.006618377360591787,3918,4162,unetr_style
Mouse,POLYIC_20190524_polyic___E8_P1_1,x,8,3.1999998807907124,1,0.1383358856559469,0,0.13575204228736185,-0.0025838433685850537,3918,4162,unetr_style
Mouse,POLYIC_20190524_polyic___E8_P1_1,y,2,4.999999925494195,1,0.5020415738678545,0,0.5065526028394612,0.004511028971606712,5388,5494,unetr_style
Mouse,POLYIC_20190524_polyic___E8_P1_1,y,3,4.999999925494195,1,0.3437268002969562,1,0.35347651983982525,0.009749719542869073,5388,5494,unetr_style
Mouse,POLYIC_20190524_polyic___E8_P1_1,y,4,4.999999925494195,2,0.2615070527097253,2,0.2682926829268293,0.006785630217103988,5388,5494,unetr_style
Mouse,POLYIC_20190524_polyic___E8_P1_1,y,5,4.999999925494195,1,0.21492204899777284,0,0.33982526392428103,0.12490321492650819,5388,5494,unetr_style
Mouse,POLYIC_20190524_polyic___E8_P1_1,y,6,4.999999925494195,4,0.1789161098737936,4,0.18893338187113215,0.01001727199733854,5388,5494,unetr_style
Mouse,POLYIC_20190524_polyic___E8_P1_1,y,7,4.999999925494195,1,0.16165553080920564,6,0.17309792500910084,0.011442394199895206,5388,5494,unetr_style
Mouse,POLYIC_20190524_polyic___E8_P1_1,y,8,4.999999925494195,5,0.1471789161098738,2,0.17309792500910084,0.025919008899227047,5388,5494,unetr_style
Mouse,POLYIC_20190524_polyic___E9_P1_1,x,2,3.1999998807907124,1,0.5105871029836381,1,0.5026140684410646,-0.007973034542573476,4156,4208,current_best
Mouse,POLYIC_20190524_polyic___E9_P1_1,x,3,3.1999998807907124,0,0.33926852743022134,1,0.3488593155893536,0.00959078815913228,4156,4208,current_best
Mouse,POLYIC_20190524_polyic___E9_P1_1,x,4,3.1999998807907124,3,0.27237728585178056,2,0.2656844106463878,-0.006692875205392745,4156,4208,current_best
Mouse,POLYIC_20190524_polyic___E9_P1_1,x,5,3.1999998807907124,0,0.2071703561116458,4,0.2229087452471483,0.01573838913550249,4156,4208,current_best
Mouse,POLYIC_20190524_polyic___E9_P1_1,x,6,3.1999998807907124,3,0.1823869104908566,1,0.17538022813688212,-0.007006682353974475,4156,4208,current_best
Mouse,POLYIC_20190524_polyic___E9_P1_1,x,7,3.1999998807907124,6,0.15664100096246392,3,0.16064638783269963,0.0040053868702357165,4156,4208,current_best
Mouse,POLYIC_20190524_polyic___E9_P1_1,x,8,3.1999998807907124,7,0.1373917228103946,1,0.14282319391634982,0.00543147110595521,4156,4208,current_best
Mouse,POLYIC_20190524_polyic___E9_P1_1,y,2,4.999999925494195,1,0.5015015015015015,1,0.5600073179656055,0.05850581646410402,5328,5466,current_best
Mouse,POLYIC_20190524_polyic___E9_P1_1,y,3,4.999999925494195,2,0.35960960960960964,0,0.3386388583973655,-0.02097075121224412,5328,5466,current_best
Mouse,POLYIC_20190524_polyic___E9_P1_1,y,4,4.999999925494195,2,0.26745495495495497,3,0.3071716062934504,0.039716651338495446,5328,5466,current_best
Mouse,POLYIC_20190524_polyic___E9_P1_1,y,5,4.999999925494195,4,0.2147147147147147,3,0.345042078302232,0.1303273635875173,5328,5466,current_best
Mouse,POLYIC_20190524_polyic___E9_P1_1,y,6,4.999999925494195,2,0.18693693693693694,5,0.20160995243322358,0.014673015496286634,5328,5466,current_best
Mouse,POLYIC_20190524_polyic___E9_P1_1,y,7,4.999999925494195,5,0.1614114114114114,0,0.16886205634833518,0.007450644936923767,5328,5466,current_best
Mouse,POLYIC_20190524_polyic___E9_P1_1,y,8,4.999999925494195,2,0.14451951951951952,7,0.1544090742773509,0.009889554757831376,5328,5466,current_best
Mouse,POLYIC_20190524_polyic___E9_P1_1,x,2,3.1999998807907124,1,0.5105871029836381,1,0.513430725730443,0.0028436227468049413,4156,4244,unetr_style
Mouse,POLYIC_20190524_polyic___E9_P1_1,x,3,3.1999998807907124,0,0.33926852743022134,0,0.3428369462770971,0.003568418846875754,4156,4244,unetr_style
Mouse,POLYIC_20190524_polyic___E9_P1_1,x,4,3.1999998807907124,3,0.27237728585178056,3,0.27544769085768145,0.003070405005900889,4156,4244,unetr_style
Mouse,POLYIC_20190524_polyic___E9_P1_1,x,5,3.1999998807907124,0,0.2071703561116458,0,0.2151272384542884,0.007956882342642607,4156,4244,unetr_style
Mouse,POLYIC_20190524_polyic___E9_P1_1,x,6,3.1999998807907124,3,0.1823869104908566,3,0.17601319509896324,-0.006373715391893353,4156,4244,unetr_style
Mouse,POLYIC_20190524_polyic___E9_P1_1,x,7,3.1999998807907124,6,0.15664100096246392,4,0.1562205466540999,-0.00042045430836401554,4156,4244,unetr_style
Mouse,POLYIC_20190524_polyic___E9_P1_1,x,8,3.1999998807907124,7,0.1373917228103946,3,0.14302544769085768,0.00563372488046307,4156,4244,unetr_style
Mouse,POLYIC_20190524_polyic___E9_P1_1,y,2,4.999999925494195,1,0.5015015015015015,1,0.5787002253944402,0.07719872389293869,5328,5324,unetr_style
Mouse,POLYIC_20190524_polyic___E9_P1_1,y,3,4.999999925494195,2,0.35960960960960964,1,0.3489857250187829,-0.010623884590826749,5328,5324,unetr_style
Mouse,POLYIC_20190524_polyic___E9_P1_1,y,4,4.999999925494195,2,0.26745495495495497,3,0.2992111194590533,0.03175616450409835,5328,5324,unetr_style
Mouse,POLYIC_20190524_polyic___E9_P1_1,y,5,4.999999925494195,4,0.2147147147147147,2,0.35987978963185574,0.14516507491714103,5328,5324,unetr_style
Mouse,POLYIC_20190524_polyic___E9_P1_1,y,6,4.999999925494195,2,0.18693693693693694,5,0.20454545454545456,0.017608517608517615,5328,5324,unetr_style
Mouse,POLYIC_20190524_polyic___E9_P1_1,y,7,4.999999925494195,5,0.1614114114114114,3,0.16435011269722014,0.002938701285808726,5328,5324,unetr_style
Mouse,POLYIC_20190524_polyic___E9_P1_1,y,8,4.999999925494195,2,0.14451951951951952,7,0.15138993238166792,0.006870412862148401,5328,5324,unetr_style
Mouse,POLYIC_20190531_polyic_m__E3_P1,x,2,3.1999998807907124,0,0.5022432701894317,0,0.500999000999001,-0.0012442691904307468,4012,4004,current_best
Mouse,POLYIC_20190531_polyic_m__E3_P1,x,3,3.1999998807907124,2,0.3392323030907278,2,0.34590409590409593,0.006671792813368105,4012,4004,current_best
Mouse,POLYIC_20190531_polyic_m__E3_P1,x,4,3.1999998807907124,0,0.26046859421734797,3,0.252997002997003,-0.007471591220344964,4012,4004,current_best
Mouse,POLYIC_20190531_polyic_m__E3_P1,x,5,3.1999998807907124,4,0.21360917248255235,0,0.21553446553446554,0.0019252930519131906,4012,4004,current_best
Mouse,POLYIC_20190531_polyic_m__E3_P1,x,6,3.1999998807907124,2,0.1702392821535394,5,0.17307692307692307,0.0028376409233836775,4012,4004,current_best
Mouse,POLYIC_20190531_polyic_m__E3_P1,x,7,3.1999998807907124,6,0.15628115653040878,5,0.1550949050949051,-0.001186251435503688,4012,4004,current_best
Mouse,POLYIC_20190531_polyic_m__E3_P1,x,8,3.1999998807907124,0,0.13584247258225324,1,0.14385614385614387,0.008013671273890632,4012,4004,current_best
Mouse,POLYIC_20190531_polyic_m__E3_P1,y,2,4.999999925494195,0,0.5239073589839373,1,0.5529061102831595,0.028998751299222247,5354,5368,current_best
Mouse,POLYIC_20190531_polyic_m__E3_P1,y,3,4.999999925494195,2,0.3866268210683601,1,0.3772354694485842,-0.00939135161977589,5354,5368,current_best
Mouse,POLYIC_20190531_polyic_m__E3_P1,y,4,4.999999925494195,2,0.2803511393350766,3,0.30178837555886734,0.021437236223790734,5354,5368,current_best
Mouse,POLYIC_20190531_polyic_m__E3_P1,y,5,4.999999925494195,1,0.24785207321628688,2,0.3757451564828614,0.1278930832665745,5354,5368,current_best
Mouse,POLYIC_20190531_polyic_m__E3_P1,y,6,4.999999925494195,2,0.22039596563317146,3,0.19299552906110284,-0.027400436572068615,5354,5368,current_best
Mouse,POLYIC_20190531_polyic_m__E3_P1,y,7,4.999999925494195,2,0.15988046320508031,5,0.161698956780924,0.0018184935758436827,5354,5368,current_best
Mouse,POLYIC_20190531_polyic_m__E3_P1,y,8,4.999999925494195,6,0.14475158759805754,7,0.190946348733234,0.046194761135176454,5354,5368,current_best
Mouse,POLYIC_20190531_polyic_m__E3_P1,x,2,3.1999998807907124,0,0.5022432701894317,1,0.5082284607938045,0.005985190604372748,4012,4132,unetr_style
Mouse,POLYIC_20190531_polyic_m__E3_P1,x,3,3.1999998807907124,2,0.3392323030907278,0,0.34438528557599224,0.005152982485264412,4012,4132,unetr_style
Mouse,POLYIC_20190531_polyic_m__E3_P1,x,4,3.1999998807907124,0,0.26046859421734797,1,0.25919651500484026,-0.0012720792125077152,4012,4132,unetr_style
Mouse,POLYIC_20190531_polyic_m__E3_P1,x,5,3.1999998807907124,4,0.21360917248255235,4,0.20208131655372702,-0.011527855928825326,4012,4132,unetr_style
Mouse,POLYIC_20190531_polyic_m__E3_P1,x,6,3.1999998807907124,2,0.1702392821535394,3,0.1740077444336883,0.0037684622801489043,4012,4132,unetr_style
Mouse,POLYIC_20190531_polyic_m__E3_P1,x,7,3.1999998807907124,6,0.15628115653040878,1,0.15174249757986447,-0.004538658950544311,4012,4132,unetr_style
Mouse,POLYIC_20190531_polyic_m__E3_P1,x,8,3.1999998807907124,0,0.13584247258225324,3,0.14012584704743467,0.004283374465181428,4012,4132,unetr_style
Mouse,POLYIC_20190531_polyic_m__E3_P1,y,2,4.999999925494195,0,0.5239073589839373,1,0.5642644873699851,0.04035712838604788,5354,5384,unetr_style
Mouse,POLYIC_20190531_polyic_m__E3_P1,y,3,4.999999925494195,2,0.3866268210683601,1,0.3597696879643388,-0.026857133104021325,5354,5384,unetr_style
Mouse,POLYIC_20190531_polyic_m__E3_P1,y,4,4.999999925494195,2,0.2803511393350766,3,0.3083209509658247,0.027969811630748076,5354,5384,unetr_style
Mouse,POLYIC_20190531_polyic_m__E3_P1,y,5,4.999999925494195,1,0.24785207321628688,2,0.37462852897473997,0.1267764557584531,5354,5384,unetr_style
Mouse,POLYIC_20190531_polyic_m__E3_P1,y,6,4.999999925494195,2,0.22039596563317146,3,0.19576523031203566,-0.0246307353211358,5354,5384,unetr_style
Mouse,POLYIC_20190531_polyic_m__E3_P1,y,7,4.999999925494195,2,0.15988046320508031,3,0.16158989598811294,0.0017094327830326217,5354,5384,unetr_style
Mouse,POLYIC_20190531_polyic_m__E3_P1,y,8,4.999999925494195,6,0.14475158759805754,7,0.1987369985141159,0.05398541091605835,5354,5384,unetr_style
Mouse,POLYIC_20190531_polyic_m__E3_P1_1,x,2,3.1999998807907124,0,0.5079324462640737,1,0.5046320123520329,-0.0033004339120408233,3908,3886,current_best
Mouse,POLYIC_20190531_polyic_m__E3_P1_1,x,3,3.1999998807907124,2,0.33853633572159675,2,0.3394235717961915,0.0008872360745947327,3908,3886,current_best
Mouse,POLYIC_20190531_polyic_m__E3_P1_1,x,4,3.1999998807907124,0,0.25972364380757423,1,0.26042202779207413,0.0006983839844998951,3908,3886,current_best
Mouse,POLYIC_20190531_polyic_m__E3_P1_1,x,5,3.1999998807907124,1,0.21494370522006143,0,0.2233659289758106,0.008422223755749164,3908,3886,current_best
Mouse,POLYIC_20190531_polyic_m__E3_P1_1,x,6,3.1999998807907124,2,0.18142272262026612,5,0.16984045290787442,-0.011582269712391707,3908,3886,current_best
Mouse,POLYIC_20190531_polyic_m__E3_P1_1,x,7,3.1999998807907124,6,0.1535312180143296,0,0.17627380339680906,0.022742585382479474,3908,3886,current_best
Mouse,POLYIC_20190531_polyic_m__E3_P1_1,x,8,3.1999998807907124,4,0.1379222108495394,1,0.14770972722593928,0.00978751637639988,3908,3886,current_best
Mouse,POLYIC_20190531_polyic_m__E3_P1_1,y,2,4.999999925494195,1,0.5001888217522659,1,0.5567924528301886,0.05660363107792277,5296,5300,current_best
Mouse,POLYIC_20190531_polyic_m__E3_P1_1,y,3,4.999999925494195,1,0.341012084592145,2,0.35132075471698115,0.010308670124836161,5296,5300,current_best
Mouse,POLYIC_20190531_polyic_m__E3_P1_1,y,4,4.999999925494195,2,0.2556646525679758,1,0.3013207547169811,0.045656102149005284,5296,5300,current_best
Mouse,POLYIC_20190531_polyic_m__E3_P1_1,y,5,4.999999925494195,3,0.2252643504531722,2,0.3460377358490566,0.12077338539588442,5296,5300,current_best
Mouse,POLYIC_20190531_polyic_m__E3_P1_1,y,6,4.999999925494195,3,0.17862537764350453,3,0.21566037735849056,0.03703499971498603,5296,5300,current_best
Mouse,POLYIC_20190531_polyic_m__E3_P1_1,y,7,4.999999925494195,6,0.1618202416918429,5,0.16811320754716982,0.006292965855326932,5296,5300,current_best
Mouse,POLYIC_20190531_polyic_m__E3_P1_1,y,8,4.999999925494195,1,0.13991691842900303,1,0.21132075471698114,0.07140383628797811,5296,5300,current_best
Mouse,POLYIC_20190531_polyic_m__E3_P1_1,x,2,3.1999998807907124,0,0.5079324462640737,0,0.5127649325626205,0.004832486298546712,3908,4152,unetr_style
Mouse,POLYIC_20190531_polyic_m__E3_P1_1,x,3,3.1999998807907124,2,0.33853633572159675,1,0.339354527938343,0.0008181922167462274,3908,4152,unetr_style
Mouse,POLYIC_20190531_polyic_m__E3_P1_1,x,4,3.1999998807907124,0,0.25972364380757423,0,0.2651734104046243,0.005449766597050043,3908,4152,unetr_style
Mouse,POLYIC_20190531_polyic_m__E3_P1_1,x,5,3.1999998807907124,1,0.21494370522006143,1,0.21917148362235067,0.004227778402289245,3908,4152,unetr_style
Mouse,POLYIC_20190531_polyic_m__E3_P1_1,x,6,3.1999998807907124,2,0.18142272262026612,4,0.1779865125240848,-0.0034362100961813358,3908,4152,unetr_style
Mouse,POLYIC_20190531_polyic_m__E3_P1_1,x,7,3.1999998807907124,6,0.1535312180143296,6,0.15582851637764933,0.0022972983633197386,3908,4152,unetr_style
Mouse,POLYIC_20190531_polyic_m__E3_P1_1,x,8,3.1999998807907124,4,0.1379222108495394,0,0.13270712909441232,-0.005215081755127082,3908,4152,unetr_style
Mouse,POLYIC_20190531_polyic_m__E3_P1_1,y,2,4.999999925494195,1,0.5001888217522659,1,0.557446030003659,0.05725720825139313,5296,5466,unetr_style
Mouse,POLYIC_20190531_polyic_m__E3_P1_1,y,3,4.999999925494195,1,0.341012084592145,2,0.34796926454445665,0.006957179952311654,5296,5466,unetr_style
Mouse,POLYIC_20190531_polyic_m__E3_P1_1,y,4,4.999999925494195,2,0.2556646525679758,1,0.29893889498719356,0.043274242419217734,5296,5466,unetr_style
Mouse,POLYIC_20190531_polyic_m__E3_P1_1,y,5,4.999999925494195,3,0.2252643504531722,3,0.34705451884376143,0.12179016839058923,5296,5466,unetr_style
Mouse,POLYIC_20190531_polyic_m__E3_P1_1,y,6,4.999999925494195,3,0.17862537764350453,3,0.21752652762532015,0.038901149981815625,5296,5466,unetr_style
Mouse,POLYIC_20190531_polyic_m__E3_P1_1,y,7,4.999999925494195,6,0.1618202416918429,5,0.1659348701061105,0.0041146284142676015,5296,5466,unetr_style
Mouse,POLYIC_20190531_polyic_m__E3_P1_1,y,8,4.999999925494195,1,0.13991691842900303,1,0.203622392974753,0.06370547454574998,5296,5466,unetr_style
Mouse,POLYIC_20190531_polyic_m__E3_P1_10,x,2,3.1999998807907124,1,0.5193778684344722,0,0.5145185939887926,-0.004859274445679573,3922,3926,current_best
Mouse,POLYIC_20190531_polyic_m__E3_P1_10,x,3,3.1999998807907124,2,0.33656297807241203,0,0.34717269485481406,0.010609716782402023,3922,3926,current_best
Mouse,POLYIC_20190531_polyic_m__E3_P1_10,x,4,3.1999998807907124,1,0.26466088730239673,2,0.26897605705552724,0.00431516975313051,3922,3926,current_best
Mouse,POLYIC_20190531_polyic_m__E3_P1_10,x,5,3.1999998807907124,3,0.21137174910759818,1,0.2106469689251146,-0.0007247801824835642,3922,3926,current_best
Mouse,POLYIC_20190531_polyic_m__E3_P1_10,x,6,3.1999998807907124,5,0.17771545130035696,0,0.1805909322465614,0.002875480946204434,3922,3926,current_best
Mouse,POLYIC_20190531_polyic_m__E3_P1_10,x,7,3.1999998807907124,4,0.15655277919428862,4,0.15817626082526745,0.0016234816309788347,3922,3926,current_best
Mouse,POLYIC_20190531_polyic_m__E3_P1_10,x,8,3.1999998807907124,1,0.15451300356960734,1,0.14645950076413652,-0.008053502805470819,3922,3926,current_best
Mouse,POLYIC_20190531_polyic_m__E3_P1_10,y,2,4.999999925494195,1,0.5097498160412067,0,0.5410077234277307,0.03125790738652401,5436,5438,current_best
Mouse,POLYIC_20190531_polyic_m__E3_P1_10,y,3,4.999999925494195,2,0.35356880058866813,2,0.35399043766090477,0.0004216370722366358,5436,5438,current_best
Mouse,POLYIC_20190531_polyic_m__E3_P1_10,y,4,4.999999925494195,3,0.2619573215599706,2,0.2752850312614932,0.013327709701522583,5436,5438,current_best
Mouse,POLYIC_20190531_polyic_m__E3_P1_10,y,5,4.999999925494195,1,0.23252391464311994,0,0.3490253769768297,0.11650146233370978,5436,5438,current_best
Mouse,POLYIC_20190531_polyic_m__E3_P1_10,y,6,4.999999925494195,2,0.18267108167770418,2,0.19124678190511218,0.008575700227408,5436,5438,current_best
Mouse,POLYIC_20190531_polyic_m__E3_P1_10,y,7,4.999999925494195,2,0.16740250183958794,4,0.1575947039352703,-0.009807797904317628,5436,5438,current_best
Mouse,POLYIC_20190531_polyic_m__E3_P1_10,y,8,4.999999925494195,6,0.14643119941133187,2,0.17671938212578153,0.030288182714449663,5436,5438,current_best
Mouse,POLYIC_20190531_polyic_m__E3_P1_10,x,2,3.1999998807907124,1,0.5193778684344722,1,0.5107790298873102,-0.008598838547162035,3922,4082,unetr_style
Mouse,POLYIC_20190531_polyic_m__E3_P1_10,x,3,3.1999998807907124,2,0.33656297807241203,2,0.34492895639392457,0.008365978321512535,3922,4082,unetr_style
Mouse,POLYIC_20190531_polyic_m__E3_P1_10,x,4,3.1999998807907124,1,0.26466088730239673,3,0.2621264086232239,-0.0025344786791728358,3922,4082,unetr_style
Mouse,POLYIC_20190531_polyic_m__E3_P1_10,x,5,3.1999998807907124,3,0.21137174910759818,1,0.20455658990690836,-0.006815159200689813,3922,4082,unetr_style
Mouse,POLYIC_20190531_polyic_m__E3_P1_10,x,6,3.1999998807907124,5,0.17771545130035696,1,0.1761391474767271,-0.0015763038236298599,3922,4082,unetr_style
Mouse,POLYIC_20190531_polyic_m__E3_P1_10,x,7,3.1999998807907124,4,0.15655277919428862,2,0.15090641842234198,-0.005646360771946635,3922,4082,unetr_style
Mouse,POLYIC_20190531_polyic_m__E3_P1_10,x,8,3.1999998807907124,1,0.15451300356960734,1,0.13816756491915727,-0.016345438650450073,3922,4082,unetr_style
Mouse,POLYIC_20190531_polyic_m__E3_P1_10,y,2,4.999999925494195,1,0.5097498160412067,0,0.539517014270033,0.02976719822882623,5436,5466,unetr_style
Mouse,POLYIC_20190531_polyic_m__E3_P1_10,y,3,4.999999925494195,2,0.35356880058866813,2,0.34357848518111966,-0.009990315407548467,5436,5466,unetr_style
Mouse,POLYIC_20190531_polyic_m__E3_P1_10,y,4,4.999999925494195,3,0.2619573215599706,2,0.2806439809732894,0.018686659413318818,5436,5466,unetr_style
Mouse,POLYIC_20190531_polyic_m__E3_P1_10,y,5,4.999999925494195,1,0.23252391464311994,2,0.3461397731430662,0.11361585849994627,5436,5466,unetr_style
Mouse,POLYIC_20190531_polyic_m__E3_P1_10,y,6,4.999999925494195,2,0.18267108167770418,2,0.18624222466154408,0.003571142983839898,5436,5466,unetr_style
Mouse,POLYIC_20190531_polyic_m__E3_P1_10,y,7,4.999999925494195,2,0.16740250183958794,2,0.16392242956458106,-0.003480072275006879,5436,5466,unetr_style
Mouse,POLYIC_20190531_polyic_m__E3_P1_10,y,8,4.999999925494195,6,0.14643119941133187,2,0.18020490303695572,0.03377370362562385,5436,5466,unetr_style
Mouse,POLYIC_20190531_polyic_m__E3_P1_11,x,2,3.1999998807907124,1,0.5098984771573604,1,0.5188295165394402,0.008931039382079842,3940,3930,current_best
Mouse,POLYIC_20190531_polyic_m__E3_P1_11,x,3,3.1999998807907124,2,0.3411167512690355,2,0.34580152671755726,0.00468477544852175,3940,3930,current_best
Mouse,POLYIC_20190531_polyic_m__E3_P1_11,x,4,3.1999998807907124,1,0.25583756345177666,1,0.26692111959287534,0.011083556141098683,3940,3930,current_best
Mouse,POLYIC_20190531_polyic_m__E3_P1_11,x,5,3.1999998807907124,3,0.22538071065989848,2,0.21170483460559797,-0.013675876054300512,3940,3930,current_best
Mouse,POLYIC_20190531_polyic_m__E3_P1_11,x,6,3.1999998807907124,5,0.1736040609137056,3,0.18142493638676846,0.007820875473062872,3940,3930,current_best
Mouse,POLYIC_20190531_polyic_m__E3_P1_11,x,7,3.1999998807907124,4,0.1565989847715736,4,0.16157760814249364,0.004978623370920032,3940,3930,current_best
Mouse,POLYIC_20190531_polyic_m__E3_P1_11,x,8,3.1999998807907124,1,0.13857868020304567,1,0.14910941475826972,0.010530734555224047,3940,3930,current_best
Mouse,POLYIC_20190531_polyic_m__E3_P1_11,y,2,4.999999925494195,0,0.5110560426991994,1,0.538534910339565,0.027478867640365667,5246,5242,current_best
Mouse,POLYIC_20190531_polyic_m__E3_P1_11,y,3,4.999999925494195,1,0.34235608082348457,0,0.377527661198016,0.03517158037453144,5246,5242,current_best
Mouse,POLYIC_20190531_polyic_m__E3_P1_11,y,4,4.999999925494195,2,0.28764773160503243,1,0.2964517359786341,0.008804004373601682,5246,5242,current_best
Mouse,POLYIC_20190531_polyic_m__E3_P1_11,y,5,4.999999925494195,3,0.22683949675943577,3,0.35959557420831745,0.13275607744888168,5246,5242,current_best
Mouse,POLYIC_20190531_polyic_m__E3_P1_11,y,6,4.999999925494195,4,0.189668318719024,3,0.22701259061426937,0.03734427189524536,5246,5242,current_best
Mouse,POLYIC_20190531_polyic_m__E3_P1_11,y,7,4.999999925494195,6,0.16908120472741137,6,0.17111789393361312,0.0020366892062017583,5246,5242,current_best
Mouse,POLYIC_20190531_polyic_m__E3_P1_11,y,8,4.999999925494195,6,0.1479222264582539,1,0.19877909194963755,0.05085686549138366,5246,5242,current_best
Mouse,POLYIC_20190531_polyic_m__E3_P1_11,x,2,3.1999998807907124,1,0.5098984771573604,1,0.5009713453132588,-0.008927131844101543,3940,4118,unetr_style
Mouse,POLYIC_20190531_polyic_m__E3_P1_11,x,3,3.1999998807907124,2,0.3411167512690355,2,0.3370568237008256,-0.004059927568209887,3940,4118,unetr_style
Mouse,POLYIC_20190531_polyic_m__E3_P1_11,x,4,3.1999998807907124,1,0.25583756345177666,1,0.26347741622146675,0.007639852769690092,3940,4118,unetr_style
Mouse,POLYIC_20190531_polyic_m__E3_P1_11,x,5,3.1999998807907124,3,0.22538071065989848,3,0.218795531811559,-0.006585178848339479,3940,4118,unetr_style
Mouse,POLYIC_20190531_polyic_m__E3_P1_11,x,6,3.1999998807907124,5,0.1736040609137056,3,0.17411364740165128,0.0005095864879456902,3940,4118,unetr_style
Mouse,POLYIC_20190531_polyic_m__E3_P1_11,x,7,3.1999998807907124,4,0.1565989847715736,4,0.14813016027197667,-0.008468824499596933,3940,4118,unetr_style
Mouse,POLYIC_20190531_polyic_m__E3_P1_11,x,8,3.1999998807907124,1,0.13857868020304567,1,0.14278776104905294,0.004209080846007268,3940,4118,unetr_style
Mouse,POLYIC_20190531_polyic_m__E3_P1_11,y,2,4.999999925494195,0,0.5110560426991994,1,0.5388846737481032,0.027828631048903874,5246,5272,unetr_style
Mouse,POLYIC_20190531_polyic_m__E3_P1_11,y,3,4.999999925494195,1,0.34235608082348457,0,0.3715857359635812,0.029229655140096622,5246,5272,unetr_style
Mouse,POLYIC_20190531_polyic_m__E3_P1_11,y,4,4.999999925494195,2,0.28764773160503243,1,0.28888467374810317,0.0012369421430707406,5246,5272,unetr_style
Mouse,POLYIC_20190531_polyic_m__E3_P1_11,y,5,4.999999925494195,3,0.22683949675943577,3,0.3584977238239757,0.13165822706453995,5246,5272,unetr_style
Mouse,POLYIC_20190531_polyic_m__E3_P1_11,y,6,4.999999925494195,4,0.189668318719024,3,0.22401365705614568,0.03434533833712167,5246,5272,unetr_style
Mouse,POLYIC_20190531_polyic_m__E3_P1_11,y,7,4.999999925494195,6,0.16908120472741137,6,0.15743550834597875,-0.011645696381432619,5246,5272,unetr_style
Mouse,POLYIC_20190531_polyic_m__E3_P1_11,y,8,4.999999925494195,6,0.1479222264582539,1,0.19347496206373294,0.04555273560547904,5246,5272,unetr_style
Mouse,POLYIC_20190531_polyic_m__E3_P1_12,x,2,3.1999998807907124,0,0.5078369905956113,0,0.5080352514256091,0.00019826082999785388,3828,3858,current_best
Mouse,POLYIC_20190531_polyic_m__E3_P1_12,x,3,3.1999998807907124,2,0.35919540229885055,2,0.3665111456713323,0.007315743372481753,3828,3858,current_best
Mouse,POLYIC_20190531_polyic_m__E3_P1_12,x,4,3.1999998807907124,2,0.2664576802507837,2,0.25972006220839816,-0.00673761804238554,3828,3858,current_best
Mouse,POLYIC_20190531_polyic_m__E3_P1_12,x,5,3.1999998807907124,1,0.2283176593521421,1,0.2099533437013997,-0.018364315650742397,3828,3858,current_best
Mouse,POLYIC_20190531_polyic_m__E3_P1_12,x,6,3.1999998807907124,2,0.1896551724137931,2,0.19077242094349403,0.0011172485297009371,3828,3858,current_best
Mouse,POLYIC_20190531_polyic_m__E3_P1_12,x,7,3.1999998807907124,6,0.1669278996865204,0,0.15552099533437014,-0.011406904352150249,3828,3858,current_best
Mouse,POLYIC_20190531_polyic_m__E3_P1_12,x,8,3.1999998807907124,2,0.14237199582027169,0,0.13608087091757387,-0.0062911249026978144,3828,3858,current_best
Mouse,POLYIC_20190531_polyic_m__E3_P1_12,y,2,4.999999925494195,1,0.5143513203214696,1,0.5121858339680122,-0.0021654863534573687,5226,5252,current_best
Mouse,POLYIC_20190531_polyic_m__E3_P1_12,y,3,4.999999925494195,1,0.3383084577114428,0,0.3667174409748667,0.028408983263423893,5226,5252,current_best
Mouse,POLYIC_20190531_polyic_m__E3_P1_12,y,4,4.999999925494195,1,0.26865671641791045,1,0.27494287890327496,0.00628616248536451,5226,5252,current_best
Mouse,POLYIC_20190531_polyic_m__E3_P1_12,y,5,4.999999925494195,3,0.2265595101415997,3,0.34615384615384615,0.11959433601224645,5226,5252,current_best
Mouse,POLYIC_20190531_polyic_m__E3_P1_12,y,6,4.999999925494195,3,0.17661691542288557,3,0.20906321401370906,0.032446298590823486,5226,5252,current_best
Mouse,POLYIC_20190531_polyic_m__E3_P1_12,y,7,4.999999925494195,5,0.16628396479142749,6,0.15936785986290936,-0.00691610492851813,5226,5252,current_best
Mouse,POLYIC_20190531_polyic_m__E3_P1_12,y,8,4.999999925494195,1,0.16111748947569843,1,0.17764661081492764,0.016529121339229208,5226,5252,current_best
Mouse,POLYIC_20190531_polyic_m__E3_P1_12,x,2,3.1999998807907124,0,0.5078369905956113,0,0.5062065541211519,-0.0016304364744593736,3828,4028,unetr_style
Mouse,POLYIC_20190531_polyic_m__E3_P1_12,x,3,3.1999998807907124,2,0.35919540229885055,0,0.34384309831181725,-0.0153523039870333,3828,4028,unetr_style
Mouse,POLYIC_20190531_polyic_m__E3_P1_12,x,4,3.1999998807907124,2,0.2664576802507837,0,0.25645481628599803,-0.010002863964785669,3828,4028,unetr_style
Mouse,POLYIC_20190531_polyic_m__E3_P1_12,x,5,3.1999998807907124,1,0.2283176593521421,2,0.21027805362462762,-0.01803960572751448,3828,4028,unetr_style
Mouse,POLYIC_20190531_polyic_m__E3_P1_12,x,6,3.1999998807907124,2,0.1896551724137931,2,0.17874875868917578,-0.010906413724617314,3828,4028,unetr_style
Mouse,POLYIC_20190531_polyic_m__E3_P1_12,x,7,3.1999998807907124,6,0.1669278996865204,4,0.1564051638530288,-0.010522735833491587,3828,4028,unetr_style
Mouse,POLYIC_20190531_polyic_m__E3_P1_12,x,8,3.1999998807907124,2,0.14237199582027169,2,0.13828202581926513,-0.004089970001006554,3828,4028,unetr_style
Mouse,POLYIC_20190531_polyic_m__E3_P1_12,y,2,4.999999925494195,1,0.5143513203214696,1,0.5178571428571429,0.003505822535673331,5226,5320,unetr_style
Mouse,POLYIC_20190531_polyic_m__E3_P1_12,y,3,4.999999925494195,1,0.3383084577114428,0,0.37086466165413534,0.03255620394269254,5226,5320,unetr_style
Mouse,POLYIC_20190531_polyic_m__E3_P1_12,y,4,4.999999925494195,1,0.26865671641791045,1,0.28364661654135337,0.014989900123442923,5226,5320,unetr_style
Mouse,POLYIC_20190531_polyic_m__E3_P1_12,y,5,4.999999925494195,3,0.2265595101415997,3,0.35469924812030074,0.12813973797870104,5226,5320,unetr_style
Mouse,POLYIC_20190531_polyic_m__E3_P1_12,y,6,4.999999925494195,3,0.17661691542288557,3,0.21766917293233082,0.041052257509445245,5226,5320,unetr_style
Mouse,POLYIC_20190531_polyic_m__E3_P1_12,y,7,4.999999925494195,5,0.16628396479142749,2,0.16165413533834586,-0.00462982945308163,5226,5320,unetr_style
Mouse,POLYIC_20190531_polyic_m__E3_P1_12,y,8,4.999999925494195,1,0.16111748947569843,1,0.18402255639097745,0.02290506691527902,5226,5320,unetr_style
Mouse,POLYIC_20190531_polyic_m__E3_P1_13,x,2,3.1999998807907124,0,0.5105833763551885,0,0.5081674323634507,-0.0024159439917377235,3874,3918,current_best
Mouse,POLYIC_20190531_polyic_m__E3_P1_13,x,3,3.1999998807907124,2,0.3477026329375323,2,0.3588565594691169,0.01115392653158459,3874,3918,current_best
Mouse,POLYIC_20190531_polyic_m__E3_P1_13,x,4,3.1999998807907124,0,0.27284460505937014,0,0.26442062276671774,-0.008423982292652399,3874,3918,current_best
Mouse,POLYIC_20190531_polyic_m__E3_P1_13,x,5,3.1999998807907124,0,0.2080536912751678,0,0.21465033180193976,0.006596640526771974,3874,3918,current_best
Mouse,POLYIC_20190531_polyic_m__E3_P1_13,x,6,3.1999998807907124,2,0.18172431595250388,2,0.1835119959162838,0.0017876799637799312,3874,3918,current_best
Mouse,POLYIC_20190531_polyic_m__E3_P1_13,x,7,3.1999998807907124,0,0.15049044914816728,3,0.15390505359877488,0.0034146044506075945,3874,3918,current_best
Mouse,POLYIC_20190531_polyic_m__E3_P1_13,x,8,3.1999998807907124,4,0.14248838409912234,1,0.14854517611026033,0.006056792011137985,3874,3918,current_best
Mouse,POLYIC_20190531_polyic_m__E3_P1_13,y,2,4.999999925494195,0,0.5110619469026548,1,0.5148787656135194,0.003816818710864589,5424,5444,current_best
Mouse,POLYIC_20190531_polyic_m__E3_P1_13,y,3,4.999999925494195,2,0.33775811209439527,2,0.36370315944158704,0.025945047347191774,5424,5444,current_best
Mouse,POLYIC_20190531_polyic_m__E3_P1_13,y,4,4.999999925494195,2,0.28078908554572274,1,0.27351212343864806,-0.00727696210707468,5424,5444,current_best
Mouse,POLYIC_20190531_polyic_m__E3_P1_13,y,5,4.999999925494195,3,0.22842920353982302,3,0.3453343130051433,0.11690510946532026,5424,5444,current_best
Mouse,POLYIC_20190531_polyic_m__E3_P1_13,y,6,4.999999925494195,2,0.17699115044247787,2,0.19875091844232182,0.021759767999843943,5424,5444,current_best
Mouse,POLYIC_20190531_polyic_m__E3_P1_13,y,7,4.999999925494195,0,0.17699115044247787,0,0.20867009551800147,0.0316789450755236,5424,5444,current_best
Mouse,POLYIC_20190531_polyic_m__E3_P1_13,y,8,4.999999925494195,2,0.16500737463126844,1,0.22024246877296105,0.055235094141692614,5424,5444,current_best
Mouse,POLYIC_20190531_polyic_m__E3_P1_13,x,2,3.1999998807907124,0,0.5105833763551885,0,0.5044400592007894,-0.006143317154399086,3874,4054,unetr_style
Mouse,POLYIC_20190531_polyic_m__E3_P1_13,x,3,3.1999998807907124,2,0.3477026329375323,0,0.3554514060187469,0.007748773081214633,3874,4054,unetr_style
Mouse,POLYIC_20190531_polyic_m__E3_P1_13,x,4,3.1999998807907124,0,0.27284460505937014,1,0.2715836211149482,-0.0012609839444219229,3874,4054,unetr_style
Mouse,POLYIC_20190531_polyic_m__E3_P1_13,x,5,3.1999998807907124,0,0.2080536912751678,0,0.21188949185989148,0.0038358005847236865,3874,4054,unetr_style
Mouse,POLYIC_20190531_polyic_m__E3_P1_13,x,6,3.1999998807907124,2,0.18172431595250388,0,0.1785890478539714,-0.0031352680985324843,3874,4054,unetr_style
Mouse,POLYIC_20190531_polyic_m__E3_P1_13,x,7,3.1999998807907124,0,0.15049044914816728,0,0.15885545140601876,0.008365002257851473,3874,4054,unetr_style
Mouse,POLYIC_20190531_polyic_m__E3_P1_13,x,8,3.1999998807907124,4,0.14248838409912234,5,0.13764183522446966,-0.00484654887465269,3874,4054,unetr_style
Mouse,POLYIC_20190531_polyic_m__E3_P1_13,y,2,4.999999925494195,0,0.5110619469026548,1,0.5186865021770682,0.007624555274413414,5424,5512,unetr_style
Mouse,POLYIC_20190531_polyic_m__E3_P1_13,y,3,4.999999925494195,2,0.33775811209439527,2,0.3601233671988389,0.02236525510444365,5424,5512,unetr_style
Mouse,POLYIC_20190531_polyic_m__E3_P1_13,y,4,4.999999925494195,2,0.28078908554572274,1,0.26832365747460085,-0.012465428071121887,5424,5512,unetr_style
Mouse,POLYIC_20190531_polyic_m__E3_P1_13,y,5,4.999999925494195,3,0.22842920353982302,3,0.34633526850507984,0.11790606496525682,5424,5512,unetr_style
Mouse,POLYIC_20190531_polyic_m__E3_P1_13,y,6,4.999999925494195,2,0.17699115044247787,2,0.19285195936139332,0.015860808918915448,5424,5512,unetr_style
Mouse,POLYIC_20190531_polyic_m__E3_P1_13,y,7,4.999999925494195,0,0.17699115044247787,0,0.20174165457184326,0.024750504129365386,5424,5512,unetr_style
Mouse,POLYIC_20190531_polyic_m__E3_P1_13,y,8,4.999999925494195,2,0.16500737463126844,1,0.21317126269956457,0.048163888068296135,5424,5512,unetr_style
Mouse,POLYIC_20190531_polyic_m__E3_P1_2,x,2,3.1999998807907124,0,0.5022556390977444,0,0.5054347826086957,0.0031791435109512767,3990,4048,current_best
Mouse,POLYIC_20190531_polyic_m__E3_P1_2,x,3,3.1999998807907124,1,0.34135338345864663,1,0.3619071146245059,0.02055373116585929,3990,4048,current_best
Mouse,POLYIC_20190531_polyic_m__E3_P1_2,x,4,3.1999998807907124,0,0.2578947368421053,2,0.25815217391304346,0.00025743707093817125,3990,4048,current_best
Mouse,POLYIC_20190531_polyic_m__E3_P1_2,x,5,3.1999998807907124,4,0.20551378446115287,3,0.2099802371541502,0.004466452692997336,3990,4048,current_best
Mouse,POLYIC_20190531_polyic_m__E3_P1_2,x,6,3.1999998807907124,2,0.1736842105263158,1,0.18305335968379446,0.009369149157478662,3990,4048,current_best
Mouse,POLYIC_20190531_polyic_m__E3_P1_2,x,7,3.1999998807907124,4,0.1656641604010025,6,0.15686758893280633,-0.00879657146819618,3990,4048,current_best
Mouse,POLYIC_20190531_polyic_m__E3_P1_2,x,8,3.1999998807907124,1,0.13583959899749373,1,0.1400691699604743,0.004229570962980572,3990,4048,current_best
Mouse,POLYIC_20190531_polyic_m__E3_P1_2,y,2,4.999999925494195,1,0.5236051502145923,0,0.5219858156028369,-0.001619334611755452,5592,5640,current_best
Mouse,POLYIC_20190531_polyic_m__E3_P1_2,y,3,4.999999925494195,2,0.3376251788268956,0,0.4097517730496454,0.0721265942227498,5592,5640,current_best
Mouse,POLYIC_20190531_polyic_m__E3_P1_2,y,4,4.999999925494195,3,0.27968526466380544,2,0.2764184397163121,-0.003266824947493363,5592,5640,current_best
Mouse,POLYIC_20190531_polyic_m__E3_P1_2,y,5,4.999999925494195,1,0.23533619456366237,0,0.35301418439716314,0.11767798983350078,5592,5640,current_best
Mouse,POLYIC_20190531_polyic_m__E3_P1_2,y,6,4.999999925494195,1,0.18723175965665237,0,0.21099290780141844,0.02376114814476607,5592,5640,current_best
Mouse,POLYIC_20190531_polyic_m__E3_P1_2,y,7,4.999999925494195,0,0.1680972818311874,2,0.1725177304964539,0.004420448665266502,5592,5640,current_best
Mouse,POLYIC_20190531_polyic_m__E3_P1_2,y,8,4.999999925494195,3,0.155758226037196,4,0.175,0.019241773962803993,5592,5640,current_best
Mouse,POLYIC_20190531_polyic_m__E3_P1_2,x,2,3.1999998807907124,0,0.5022556390977444,0,0.5088263358778626,0.006570696780118235,3990,4192,unetr_style
Mouse,POLYIC_20190531_polyic_m__E3_P1_2,x,3,3.1999998807907124,1,0.34135338345864663,0,0.3363549618320611,-0.004998421626585536,3990,4192,unetr_style
Mouse,POLYIC_20190531_polyic_m__E3_P1_2,x,4,3.1999998807907124,0,0.2578947368421053,2,0.26025763358778625,0.0023628967456809646,3990,4192,unetr_style
Mouse,POLYIC_20190531_polyic_m__E3_P1_2,x,5,3.1999998807907124,4,0.20551378446115287,3,0.2115935114503817,0.0060797269892288175,3990,4192,unetr_style
Mouse,POLYIC_20190531_polyic_m__E3_P1_2,x,6,3.1999998807907124,2,0.1736842105263158,2,0.17533396946564886,0.001649758939333057,3990,4192,unetr_style
Mouse,POLYIC_20190531_polyic_m__E3_P1_2,x,7,3.1999998807907124,4,0.1656641604010025,3,0.151956106870229,-0.013708053530773506,3990,4192,unetr_style
Mouse,POLYIC_20190531_polyic_m__E3_P1_2,x,8,3.1999998807907124,1,0.13583959899749373,1,0.14026717557251908,0.004427576575025349,3990,4192,unetr_style
Mouse,POLYIC_20190531_polyic_m__E3_P1_2,y,2,4.999999925494195,1,0.5236051502145923,0,0.528072033898305,0.00446688368371273,5592,5664,unetr_style
Mouse,POLYIC_20190531_polyic_m__E3_P1_2,y,3,4.999999925494195,2,0.3376251788268956,0,0.3755296610169492,0.0379044821900536,5592,5664,unetr_style
Mouse,POLYIC_20190531_polyic_m__E3_P1_2,y,4,4.999999925494195,3,0.27968526466380544,0,0.2708333333333333,-0.00885193133047213,5592,5664,unetr_style
Mouse,POLYIC_20190531_polyic_m__E3_P1_2,y,5,4.999999925494195,1,0.23533619456366237,2,0.3425141242937853,0.10717792973012294,5592,5664,unetr_style
Mouse,POLYIC_20190531_polyic_m__E3_P1_2,y,6,4.999999925494195,1,0.18723175965665237,0,0.1917372881355932,0.00450552847894084,5592,5664,unetr_style
Mouse,POLYIC_20190531_polyic_m__E3_P1_2,y,7,4.999999925494195,0,0.1680972818311874,0,0.1661370056497175,-0.0019602761814699055,5592,5664,unetr_style
Mouse,POLYIC_20190531_polyic_m__E3_P1_2,y,8,4.999999925494195,3,0.155758226037196,4,0.19032485875706215,0.03456663271986615,5592,5664,unetr_style
Mouse,POLYIC_20190531_polyic_m__E3_P1_3,x,2,3.1999998807907124,0,0.503227408142999,0,0.5084367245657568,0.005209316422757793,4028,4030,current_best
Mouse,POLYIC_20190531_polyic_m__E3_P1_3,x,3,3.1999998807907124,2,0.3361469712015889,0,0.34739454094292804,0.01124756974133917,4028,4030,current_best
Mouse,POLYIC_20190531_polyic_m__E3_P1_3,x,4,3.1999998807907124,0,0.2557100297914598,2,0.2642679900744417,0.008557960282981891,4028,4030,current_best
Mouse,POLYIC_20190531_polyic_m__E3_P1_3,x,5,3.1999998807907124,2,0.21027805362462762,2,0.21240694789081885,0.002128894266191228,4028,4030,current_best
Mouse,POLYIC_20190531_polyic_m__E3_P1_3,x,6,3.1999998807907124,2,0.17254220456802383,2,0.18014888337468982,0.00760667880666599,4028,4030,current_best
Mouse,POLYIC_20190531_polyic_m__E3_P1_3,x,7,3.1999998807907124,2,0.15615690168818272,1,0.15657568238213398,0.00041878069395126505,4028,4030,current_best
Mouse,POLYIC_20190531_polyic_m__E3_P1_3,x,8,3.1999998807907124,4,0.1355511420059583,6,0.14491315136476426,0.009362009358805962,4028,4030,current_best
Mouse,POLYIC_20190531_polyic_m__E3_P1_3,y,2,4.999999925494195,0,0.5130450987700336,1,0.5070921985815603,-0.005952900188473276,5366,5358,current_best
Mouse,POLYIC_20190531_polyic_m__E3_P1_3,y,3,4.999999925494195,2,0.3529631010063362,2,0.34621127286300857,-0.006751828143327643,5366,5358,current_best
Mouse,POLYIC_20190531_polyic_m__E3_P1_3,y,4,4.999999925494195,2,0.26071561684681327,3,0.2726763717805151,0.011960754933701856,5366,5358,current_best
Mouse,POLYIC_20190531_polyic_m__E3_P1_3,y,5,4.999999925494195,1,0.21561684681326873,2,0.36039567002612916,0.14477882321286042,5366,5358,current_best
Mouse,POLYIC_20190531_polyic_m__E3_P1_3,y,6,4.999999925494195,2,0.18468132687290348,5,0.18365061590145576,-0.001030710971447718,5366,5358,current_best
Mouse,POLYIC_20190531_polyic_m__E3_P1_3,y,7,4.999999925494195,0,0.15747297800969065,0,0.18047779022023144,0.023004812210540793,5366,5358,current_best
Mouse,POLYIC_20190531_polyic_m__E3_P1_3,y,8,4.999999925494195,2,0.13753261274692508,7,0.14109742441209405,0.0035648116651689765,5366,5358,current_best
Mouse,POLYIC_20190531_polyic_m__E3_P1_3,x,2,3.1999998807907124,0,0.503227408142999,0,0.5016746411483254,-0.00155276699467366,4028,4180,unetr_style
Mouse,POLYIC_20190531_polyic_m__E3_P1_3,x,3,3.1999998807907124,2,0.3361469712015889,0,0.3492822966507177,0.01313532544912882,4028,4180,unetr_style
Mouse,POLYIC_20190531_polyic_m__E3_P1_3,x,4,3.1999998807907124,0,0.2557100297914598,3,0.2557416267942584,3.1597002798589013e-05,4028,4180,unetr_style
Mouse,POLYIC_20190531_polyic_m__E3_P1_3,x,5,3.1999998807907124,2,0.21027805362462762,2,0.21411483253588517,0.0038367789112575545,4028,4180,unetr_style
Mouse,POLYIC_20190531_polyic_m__E3_P1_3,x,6,3.1999998807907124,2,0.17254220456802383,0,0.18660287081339713,0.014060666245373304,4028,4180,unetr_style
Mouse,POLYIC_20190531_polyic_m__E3_P1_3,x,7,3.1999998807907124,2,0.15615690168818272,2,0.1576555023923445,0.0014986007041617733,4028,4180,unetr_style
Mouse,POLYIC_20190531_polyic_m__E3_P1_3,x,8,3.1999998807907124,4,0.1355511420059583,3,0.13588516746411483,0.0003340254581565283,4028,4180,unetr_style
Mouse,POLYIC_20190531_polyic_m__E3_P1_3,y,2,4.999999925494195,0,0.5130450987700336,0,0.5034900808229243,-0.009555017947109223,5366,5444,unetr_style
Mouse,POLYIC_20190531_polyic_m__E3_P1_3,y,3,4.999999925494195,2,0.3529631010063362,2,0.3434974283614989,-0.00946567264483733,5366,5444,unetr_style
Mouse,POLYIC_20190531_polyic_m__E3_P1_3,y,4,4.999999925494195,2,0.26071561684681327,3,0.26910360029390157,0.008387983447088299,5366,5444,unetr_style
Mouse,POLYIC_20190531_polyic_m__E3_P1_3,y,5,4.999999925494195,1,0.21561684681326873,2,0.3633357825128582,0.14771893569958947,5366,5444,unetr_style
Mouse,POLYIC_20190531_polyic_m__E3_P1_3,y,6,4.999999925494195,2,0.18468132687290348,4,0.1888317413666422,0.004150414493738708,5366,5444,unetr_style
Mouse,POLYIC_20190531_polyic_m__E3_P1_3,y,7,4.999999925494195,0,0.15747297800969065,0,0.17652461425422483,0.01905163624453418,5366,5444,unetr_style
Mouse,POLYIC_20190531_polyic_m__E3_P1_3,y,8,4.999999925494195,2,0.13753261274692508,4,0.14750183688464363,0.009969224137718558,5366,5444,unetr_style
Mouse,POLYIC_20190531_polyic_m__E3_P1_4,x,2,3.1999998807907124,1,0.5054095826893354,0,0.5198878123406425,0.014478229651307073,3882,3922,current_best
Mouse,POLYIC_20190531_polyic_m__E3_P1_4,x,3,3.1999998807907124,2,0.3369397217928903,2,0.34982151963284036,0.012881797839950082,3882,3922,current_best
Mouse,POLYIC_20190531_polyic_m__E3_P1_4,x,4,3.1999998807907124,3,0.25579598145285937,2,0.27307496175420704,0.01727898030134767,3882,3922,current_best
Mouse,POLYIC_20190531_polyic_m__E3_P1_4,x,5,3.1999998807907124,3,0.21973209685729006,3,0.21341152473227945,-0.0063205721250106095,3882,3922,current_best
Mouse,POLYIC_20190531_polyic_m__E3_P1_4,x,6,3.1999998807907124,1,0.17877382792375066,2,0.18663946965833758,0.007865641734586926,3882,3922,current_best
Mouse,POLYIC_20190531_polyic_m__E3_P1_4,x,7,3.1999998807907124,6,0.15224111282843894,1,0.15884752677205508,0.006606413943616135,3882,3922,current_best
Mouse,POLYIC_20190531_polyic_m__E3_P1_4,x,8,3.1999998807907124,5,0.13730036063884596,6,0.14278429372768994,0.005483933088843984,3882,3922,current_best
Mouse,POLYIC_20190531_polyic_m__E3_P1_4,y,2,4.999999925494195,0,0.5138248847926268,0,0.5512093726379441,0.03738448784531734,5208,5292,current_best
Mouse,POLYIC_20190531_polyic_m__E3_P1_4,y,3,4.999999925494195,0,0.35599078341013823,1,0.3603552532123961,0.004364469802257853,5208,5292,current_best
Mouse,POLYIC_20190531_polyic_m__E3_P1_4,y,4,4.999999925494195,0,0.2588325652841782,0,0.27569916855631144,0.01686660327213324,5208,5292,current_best
Mouse,POLYIC_20190531_polyic_m__E3_P1_4,y,5,4.999999925494195,3,0.22407834101382487,0,0.34996220710506426,0.1258838660912394,5208,5292,current_best
Mouse,POLYIC_20190531_polyic_m__E3_P1_4,y,6,4.999999925494195,0,0.18740399385560677,4,0.19765684051398338,0.010252846658376613,5208,5292,current_best
Mouse,POLYIC_20190531_polyic_m__E3_P1_4,y,7,4.999999925494195,6,0.17857142857142858,5,0.15721844293272866,-0.021352985638699917,5208,5292,current_best
Mouse,POLYIC_20190531_polyic_m__E3_P1_4,y,8,4.999999925494195,0,0.16378648233486942,6,0.16477702191987906,0.0009905395850096366,5208,5292,current_best
Mouse,POLYIC_20190531_polyic_m__E3_P1_4,x,2,3.1999998807907124,1,0.5054095826893354,0,0.5029527559055118,-0.00245682678382364,3882,4064,unetr_style
Mouse,POLYIC_20190531_polyic_m__E3_P1_4,x,3,3.1999998807907124,2,0.3369397217928903,0,0.3486712598425197,0.011731538049629398,3882,4064,unetr_style
Mouse,POLYIC_20190531_polyic_m__E3_P1_4,x,4,3.1999998807907124,3,0.25579598145285937,2,0.25984251968503935,0.004046538232179986,3882,4064,unetr_style
Mouse,POLYIC_20190531_polyic_m__E3_P1_4,x,5,3.1999998807907124,3,0.21973209685729006,4,0.2268700787401575,0.0071379818828674335,3882,4064,unetr_style
Mouse,POLYIC_20190531_polyic_m__E3_P1_4,x,6,3.1999998807907124,1,0.17877382792375066,2,0.18110236220472442,0.0023285342809737652,3882,4064,unetr_style
Mouse,POLYIC_20190531_polyic_m__E3_P1_4,x,7,3.1999998807907124,6,0.15224111282843894,0,0.16658464566929135,0.014343532840852408,3882,4064,unetr_style
Mouse,POLYIC_20190531_polyic_m__E3_P1_4,x,8,3.1999998807907124,5,0.13730036063884596,6,0.1328740157480315,-0.004426344890814449,3882,4064,unetr_style
Mouse,POLYIC_20190531_polyic_m__E3_P1_4,y,2,4.999999925494195,0,0.5138248847926268,0,0.5246025738077215,0.010777689015094682,5208,5284,unetr_style
Mouse,POLYIC_20190531_polyic_m__E3_P1_4,y,3,4.999999925494195,0,0.35599078341013823,1,0.370552611657835,0.014561828247696751,5208,5284,unetr_style
Mouse,POLYIC_20190531_polyic_m__E3_P1_4,y,4,4.999999925494195,0,0.2588325652841782,2,0.26551854655563967,0.006685981271461472,5208,5284,unetr_style
Mouse,POLYIC_20190531_polyic_m__E3_P1_4,y,5,4.999999925494195,3,0.22407834101382487,3,0.34046177138531414,0.11638343037148927,5208,5284,unetr_style
Mouse,POLYIC_20190531_polyic_m__E3_P1_4,y,6,4.999999925494195,0,0.18740399385560677,4,0.1866010598031794,-0.0008029340524273731,5208,5284,unetr_style
Mouse,POLYIC_20190531_polyic_m__E3_P1_4,y,7,4.999999925494195,6,0.17857142857142858,6,0.16237698713096138,-0.016194441440467194,5208,5284,unetr_style
Mouse,POLYIC_20190531_polyic_m__E3_P1_4,y,8,4.999999925494195,0,0.16378648233486942,6,0.15821347464042393,-0.005573007694445492,5208,5284,unetr_style
Mouse,POLYIC_20190531_polyic_m__E3_P1_5,x,2,3.1999998807907124,0,0.5074626865671642,0,0.5028118609406953,-0.004650825626468902,3886,3912,current_best
Mouse,POLYIC_20190531_polyic_m__E3_P1_5,x,3,3.1999998807907124,0,0.34071024189397836,1,0.34381390593047034,0.003103664036491982,3886,3912,current_best
Mouse,POLYIC_20190531_polyic_m__E3_P1_5,x,4,3.1999998807907124,0,0.26479670612454964,1,0.26559304703476483,0.0007963409102151875,3886,3912,current_best
Mouse,POLYIC_20190531_polyic_m__E3_P1_5,x,5,3.1999998807907124,1,0.20972722593926918,1,0.20833333333333334,-0.001393892605935837,3886,3912,current_best
Mouse,POLYIC_20190531_polyic_m__E3_P1_5,x,6,3.1999998807907124,0,0.1770458054554812,4,0.17612474437627812,-0.0009210610792030893,3886,3912,current_best
Mouse,POLYIC_20190531_polyic_m__E3_P1_5,x,7,3.1999998807907124,1,0.15208440555841482,5,0.1554192229038855,0.0033348173454706698,3886,3912,current_best
Mouse,POLYIC_20190531_polyic_m__E3_P1_5,x,8,3.1999998807907124,5,0.13612969634585692,5,0.1362474437627812,0.00011774741692427426,3886,3912,current_best
Mouse,POLYIC_20190531_polyic_m__E3_P1_5,y,2,4.999999925494195,0,0.5187861271676301,0,0.5225306416726748,0.0037445145050447604,5536,5548,current_best
Mouse,POLYIC_20190531_polyic_m__E3_P1_5,y,3,4.999999925494195,1,0.375,0,0.37707281903388606,0.002072819033886064,5536,5548,current_best
Mouse,POLYIC_20190531_polyic_m__E3_P1_5,y,4,4.999999925494195,2,0.2714956647398844,0,0.26946647440519106,-0.0020291903346933426,5536,5548,current_best
Mouse,POLYIC_20190531_polyic_m__E3_P1_5,y,5,4.999999925494195,3,0.22597543352601157,3,0.36824080749819754,0.14226537397218597,5536,5548,current_best
Mouse,POLYIC_20190531_polyic_m__E3_P1_5,y,6,4.999999925494195,4,0.20429913294797689,3,0.19736842105263158,-0.006930711895345304,5536,5548,current_best
Mouse,POLYIC_20190531_polyic_m__E3_P1_5,y,7,4.999999925494195,3,0.17521676300578035,2,0.18673395818312905,0.011517195177348699,5536,5548,current_best
Mouse,POLYIC_20190531_polyic_m__E3_P1_5,y,8,4.999999925494195,6,0.14920520231213874,4,0.1793439077144917,0.030138705402352972,5536,5548,current_best
Mouse,POLYIC_20190531_polyic_m__E3_P1_5,x,2,3.1999998807907124,0,0.5074626865671642,0,0.5152247462542291,0.007762059687064893,3886,4138,unetr_style
Mouse,POLYIC_20190531_polyic_m__E3_P1_5,x,3,3.1999998807907124,0,0.34071024189397836,2,0.3407443209279845,3.407903400615142e-05,3886,4138,unetr_style
Mouse,POLYIC_20190531_polyic_m__E3_P1_5,x,4,3.1999998807907124,0,0.26479670612454964,0,0.25882068632189464,-0.005976019802654997,3886,4138,unetr_style
Mouse,POLYIC_20190531_polyic_m__E3_P1_5,x,5,3.1999998807907124,1,0.20972722593926918,0,0.21000483325277913,0.00027760731350995327,3886,4138,unetr_style
Mouse,POLYIC_20190531_polyic_m__E3_P1_5,x,6,3.1999998807907124,0,0.1770458054554812,4,0.17593040115998065,-0.001115404295500555,3886,4138,unetr_style
Mouse,POLYIC_20190531_polyic_m__E3_P1_5,x,7,3.1999998807907124,1,0.15208440555841482,5,0.15055582406959883,-0.0015285814888159888,3886,4138,unetr_style
Mouse,POLYIC_20190531_polyic_m__E3_P1_5,x,8,3.1999998807907124,5,0.13612969634585692,3,0.13702271628806187,0.0008930199422049478,3886,4138,unetr_style
Mouse,POLYIC_20190531_polyic_m__E3_P1_5,y,2,4.999999925494195,0,0.5187861271676301,0,0.5262970859985785,0.007510958830948433,5536,5628,unetr_style
Mouse,POLYIC_20190531_polyic_m__E3_P1_5,y,3,4.999999925494195,1,0.375,0,0.3694029850746269,-0.005597014925373123,5536,5628,unetr_style
Mouse,POLYIC_20190531_polyic_m__E3_P1_5,y,4,4.999999925494195,2,0.2714956647398844,0,0.27825159914712155,0.006755934407237152,5536,5628,unetr_style
Mouse,POLYIC_20190531_polyic_m__E3_P1_5,y,5,4.999999925494195,3,0.22597543352601157,3,0.3694029850746269,0.1434275515486153,5536,5628,unetr_style
Mouse,POLYIC_20190531_polyic_m__E3_P1_5,y,6,4.999999925494195,4,0.20429913294797689,3,0.19669509594882728,-0.007604036999149605,5536,5628,unetr_style
Mouse,POLYIC_20190531_polyic_m__E3_P1_5,y,7,4.999999925494195,3,0.17521676300578035,2,0.1869225302061123,0.011705767200331951,5536,5628,unetr_style
Mouse,POLYIC_20190531_polyic_m__E3_P1_5,y,8,4.999999925494195,6,0.14920520231213874,4,0.18070362473347548,0.03149842242133674,5536,5628,unetr_style
Mouse,POLYIC_20190531_polyic_m__E3_P1_6,x,2,3.1999998807907124,1,0.5158610271903323,0,0.5022900763358779,-0.013570950854454478,3972,3930,current_best
Mouse,POLYIC_20190531_polyic_m__E3_P1_6,x,3,3.1999998807907124,1,0.3406344410876133,0,0.3486005089058524,0.007966067818239109,3972,3930,current_best
Mouse,POLYIC_20190531_polyic_m__E3_P1_6,x,4,3.1999998807907124,3,0.26560926485397784,3,0.2633587786259542,-0.0022504862280236515,3972,3930,current_best
Mouse,POLYIC_20190531_polyic_m__E3_P1_6,x,5,3.1999998807907124,3,0.21676737160120846,2,0.2178117048346056,0.0010443332333971433,3972,3930,current_best
Mouse,POLYIC_20190531_polyic_m__E3_P1_6,x,6,3.1999998807907124,1,0.18126888217522658,3,0.17455470737913487,-0.00671417479609171,3972,3930,current_best
Mouse,POLYIC_20190531_polyic_m__E3_P1_6,x,7,3.1999998807907124,0,0.15055387713997986,0,0.15419847328244274,0.0036445961424628748,3972,3930,current_best
Mouse,POLYIC_20190531_polyic_m__E3_P1_6,x,8,3.1999998807907124,3,0.1351963746223565,3,0.14045801526717558,0.005261640644819071,3972,3930,current_best
Mouse,POLYIC_20190531_polyic_m__E3_P1_6,y,2,4.999999925494195,0,0.5073394495412844,0,0.5670256219829187,0.05968617244163432,5450,5386,current_best
Mouse,POLYIC_20190531_polyic_m__E3_P1_6,y,3,4.999999925494195,2,0.35376146788990825,0,0.3679910880059413,0.01422962011603307,5450,5386,current_best
Mouse,POLYIC_20190531_polyic_m__E3_P1_6,y,4,4.999999925494195,2,0.275045871559633,0,0.2952098031934645,0.02016393163383151,5450,5386,current_best
Mouse,POLYIC_20190531_polyic_m__E3_P1_6,y,5,4.999999925494195,3,0.2111926605504587,2,0.3445971036019309,0.1334044430514722,5450,5386,current_best
Mouse,POLYIC_20190531_polyic_m__E3_P1_6,y,6,4.999999925494195,2,0.18972477064220183,2,0.2070181953212031,0.017293424679001274,5450,5386,current_best
Mouse,POLYIC_20190531_polyic_m__E3_P1_6,y,7,4.999999925494195,0,0.16862385321100917,5,0.16134422577051616,-0.007279627440493014,5450,5386,current_best
Mouse,POLYIC_20190531_polyic_m__E3_P1_6,y,8,4.999999925494195,3,0.14825688073394497,4,0.17675454883030078,0.028497668096355816,5450,5386,current_best
Mouse,POLYIC_20190531_polyic_m__E3_P1_6,x,2,3.1999998807907124,1,0.5158610271903323,1,0.5016908212560387,-0.014170205934293634,3972,4140,unetr_style
Mouse,POLYIC_20190531_polyic_m__E3_P1_6,x,3,3.1999998807907124,1,0.3406344410876133,0,0.3451690821256039,0.004534641037990561,3972,4140,unetr_style
Mouse,POLYIC_20190531_polyic_m__E3_P1_6,x,4,3.1999998807907124,3,0.26560926485397784,3,0.25579710144927537,-0.009812163404702479,3972,4140,unetr_style
Mouse,POLYIC_20190531_polyic_m__E3_P1_6,x,5,3.1999998807907124,3,0.21676737160120846,2,0.2147342995169082,-0.002033072084300258,3972,4140,unetr_style
Mouse,POLYIC_20190531_polyic_m__E3_P1_6,x,6,3.1999998807907124,1,0.18126888217522658,0,0.17777777777777778,-0.003491104397448791,3972,4140,unetr_style
Mouse,POLYIC_20190531_polyic_m__E3_P1_6,x,7,3.1999998807907124,0,0.15055387713997986,4,0.15072463768115943,0.0001707605411795654,3972,4140,unetr_style
Mouse,POLYIC_20190531_polyic_m__E3_P1_6,x,8,3.1999998807907124,3,0.1351963746223565,1,0.13526570048309178,6.93258607352698e-05,3972,4140,unetr_style
Mouse,POLYIC_20190531_polyic_m__E3_P1_6,y,2,4.999999925494195,0,0.5073394495412844,0,0.5487358006595823,0.04139635111829787,5450,5458,unetr_style
Mouse,POLYIC_20190531_polyic_m__E3_P1_6,y,3,4.999999925494195,2,0.35376146788990825,0,0.3708318065225357,0.01707033863262747,5450,5458,unetr_style
Mouse,POLYIC_20190531_polyic_m__E3_P1_6,y,4,4.999999925494195,2,0.275045871559633,0,0.288933675338952,0.013887803779318975,5450,5458,unetr_style
Mouse,POLYIC_20190531_polyic_m__E3_P1_6,y,5,4.999999925494195,3,0.2111926605504587,0,0.3453646024184683,0.13417194186800957,5450,5458,unetr_style
Mouse,POLYIC_20190531_polyic_m__E3_P1_6,y,6,4.999999925494195,2,0.18972477064220183,2,0.19915720043972152,0.009432429797519681,5450,5458,unetr_style
Mouse,POLYIC_20190531_polyic_m__E3_P1_6,y,7,4.999999925494195,0,0.16862385321100917,0,0.1641626969585929,-0.004461156252416276,5450,5458,unetr_style
Mouse,POLYIC_20190531_polyic_m__E3_P1_6,y,8,4.999999925494195,3,0.14825688073394497,4,0.17717112495419568,0.028914244220250712,5450,5458,unetr_style
Mouse,POLYIC_20190531_polyic_m__E3_P1_7,x,2,3.1999998807907124,0,0.5070316423907584,1,0.5083375442142496,0.0013059018234912179,3982,3958,current_best
Mouse,POLYIC_20190531_polyic_m__E3_P1_7,x,3,3.1999998807907124,1,0.35233550979407335,1,0.3461344113188479,-0.0062010984752254306,3982,3958,current_best
Mouse,POLYIC_20190531_polyic_m__E3_P1_7,x,4,3.1999998807907124,0,0.2614264188849824,3,0.2713491662455786,0.009922747360596174,3982,3958,current_best
Mouse,POLYIC_20190531_polyic_m__E3_P1_7,x,5,3.1999998807907124,0,0.22174786539427424,0,0.20692268822637697,-0.014825177167897274,3982,3958,current_best
Mouse,POLYIC_20190531_polyic_m__E3_P1_7,x,6,3.1999998807907124,4,0.1860873932697137,5,0.19605861546235473,0.009971222192641016,3982,3958,current_best
Mouse,POLYIC_20190531_polyic_m__E3_P1_7,x,7,3.1999998807907124,6,0.15067805123053743,6,0.16472966144517434,0.014051610214636912,3982,3958,current_best
Mouse,POLYIC_20190531_polyic_m__E3_P1_7,x,8,3.1999998807907124,0,0.13636363636363635,3,0.14325416877210712,0.006890532408470762,3982,3958,current_best
Mouse,POLYIC_20190531_polyic_m__E3_P1_7,y,2,4.999999925494195,0,0.511333585190782,0,0.5030143180105501,-0.008319267180231904,5294,5308,current_best
Mouse,POLYIC_20190531_polyic_m__E3_P1_7,y,3,4.999999925494195,0,0.3486966377030601,0,0.40184626978146193,0.05314963207840184,5294,5308,current_best
Mouse,POLYIC_20190531_polyic_m__E3_P1_7,y,4,4.999999925494195,2,0.2612391386475255,1,0.28183873398643555,0.020599595338910037,5294,5308,current_best
Mouse,POLYIC_20190531_polyic_m__E3_P1_7,y,5,4.999999925494195,3,0.2162825840574235,2,0.3553127354935946,0.1390301514361711,5294,5308,current_best
Mouse,POLYIC_20190531_polyic_m__E3_P1_7,y,6,4.999999925494195,2,0.18511522478277295,3,0.2394498869630746,0.05433466218030164,5294,5308,current_best
Mouse,POLYIC_20190531_polyic_m__E3_P1_7,y,7,4.999999925494195,6,0.17151492255383452,2,0.1691785983421251,-0.0023363242117094285,5294,5308,current_best
Mouse,POLYIC_20190531_polyic_m__E3_P1_7,y,8,4.999999925494195,0,0.13808084624102757,1,0.1699321778447626,0.031851331603735045,5294,5308,current_best
Mouse,POLYIC_20190531_polyic_m__E3_P1_7,x,2,3.1999998807907124,0,0.5070316423907584,0,0.5052631578947369,-0.0017684844960215163,3982,4180,unetr_style
Mouse,POLYIC_20190531_polyic_m__E3_P1_7,x,3,3.1999998807907124,1,0.35233550979407335,1,0.341866028708134,-0.01046948108593937,3982,4180,unetr_style
Mouse,POLYIC_20190531_polyic_m__E3_P1_7,x,4,3.1999998807907124,0,0.2614264188849824,3,0.26913875598086123,0.0077123370958788184,3982,4180,unetr_style
Mouse,POLYIC_20190531_polyic_m__E3_P1_7,x,5,3.1999998807907124,0,0.22174786539427424,1,0.21196172248803827,-0.009786142906235973,3982,4180,unetr_style
Mouse,POLYIC_20190531_polyic_m__E3_P1_7,x,6,3.1999998807907124,4,0.1860873932697137,5,0.18349282296650718,-0.0025945703032065337,3982,4180,unetr_style
Mouse,POLYIC_20190531_polyic_m__E3_P1_7,x,7,3.1999998807907124,6,0.15067805123053743,6,0.16650717703349283,0.015829125802955396,3982,4180,unetr_style
Mouse,POLYIC_20190531_polyic_m__E3_P1_7,x,8,3.1999998807907124,0,0.13636363636363635,3,0.15167464114832535,0.015311004784688997,3982,4180,unetr_style
Mouse,POLYIC_20190531_polyic_m__E3_P1_7,y,2,4.999999925494195,0,0.511333585190782,0,0.5013064576334453,-0.010027127557336701,5294,5358,unetr_style
Mouse,POLYIC_20190531_polyic_m__E3_P1_7,y,3,4.999999925494195,0,0.3486966377030601,0,0.39249720044792835,0.043800562744868266,5294,5358,unetr_style
Mouse,POLYIC_20190531_polyic_m__E3_P1_7,y,4,4.999999925494195,2,0.2612391386475255,1,0.2821948488241881,0.02095571017666259,5294,5358,unetr_style
Mouse,POLYIC_20190531_polyic_m__E3_P1_7,y,5,4.999999925494195,3,0.2162825840574235,2,0.34882418812989924,0.13254160407247573,5294,5358,unetr_style
Mouse,POLYIC_20190531_polyic_m__E3_P1_7,y,6,4.999999925494195,2,0.18511522478277295,3,0.23292273236282196,0.04780750758004901,5294,5358,unetr_style
Mouse,POLYIC_20190531_polyic_m__E3_P1_7,y,7,4.999999925494195,6,0.17151492255383452,2,0.1689063083240015,-0.002608614229833023,5294,5358,unetr_style
Mouse,POLYIC_20190531_polyic_m__E3_P1_7,y,8,4.999999925494195,0,0.13808084624102757,1,0.1703994027622247,0.03231855652119714,5294,5358,unetr_style
Mouse,POLYIC_20190531_polyic_m__E3_P1_8,x,2,3.1999998807907124,1,0.5015690376569037,1,0.5005175983436853,-0.001051439313218494,3824,3864,current_best
Mouse,POLYIC_20190531_polyic_m__E3_P1_8,x,3,3.1999998807907124,1,0.34989539748953974,0,0.3434265010351967,-0.006468896454343065,3824,3864,current_best
Mouse,POLYIC_20190531_polyic_m__E3_P1_8,x,4,3.1999998807907124,3,0.2549686192468619,2,0.26268115942028986,0.007712540173427929,3824,3864,current_best
Mouse,POLYIC_20190531_polyic_m__E3_P1_8,x,5,3.1999998807907124,0,0.20894351464435146,1,0.20678053830227744,-0.002162976342074019,3824,3864,current_best
Mouse,POLYIC_20190531_polyic_m__E3_P1_8,x,6,3.1999998807907124,4,0.1846234309623431,4,0.17960662525879917,-0.005016805703543931,3824,3864,current_best
Mouse,POLYIC_20190531_polyic_m__E3_P1_8,x,7,3.1999998807907124,4,0.15298117154811716,5,0.1581262939958592,0.00514512244774204,3824,3864,current_best
Mouse,POLYIC_20190531_polyic_m__E3_P1_8,x,8,3.1999998807907124,1,0.13127615062761505,2,0.1337991718426501,0.0025230212150350595,3824,3864,current_best
Mouse,POLYIC_20190531_polyic_m__E3_P1_8,y,2,4.999999925494195,1,0.5205893464299207,0,0.5448405253283302,0.024251178898409442,5294,5330,current_best
Mouse,POLYIC_20190531_polyic_m__E3_P1_8,y,3,4.999999925494195,2,0.37117491499811106,1,0.3677298311444653,-0.0034450838536457806,5294,5330,current_best
Mouse,POLYIC_20190531_polyic_m__E3_P1_8,y,4,4.999999925494195,1,0.2788061956932376,0,0.3067542213883677,0.027948025695130108,5294,5330,current_best
Mouse,POLYIC_20190531_polyic_m__E3_P1_8,y,5,4.999999925494195,4,0.24348318851530035,3,0.36153846153846153,0.11805527302316118,5294,5330,current_best
Mouse,POLYIC_20190531_polyic_m__E3_P1_8,y,6,4.999999925494195,5,0.21609369097091047,4,0.24296435272045028,0.02687066174953981,5294,5330,current_best
Mouse,POLYIC_20190531_polyic_m__E3_P1_8,y,7,4.999999925494195,5,0.18945976577257273,4,0.199812382739212,0.010352616966639278,5294,5330,current_best
Mouse,POLYIC_20190531_polyic_m__E3_P1_8,y,8,4.999999925494195,1,0.1752927842840952,4,0.17654784240150093,0.0012550581174057274,5294,5330,current_best
Mouse,POLYIC_20190531_polyic_m__E3_P1_8,x,2,3.1999998807907124,1,0.5015690376569037,1,0.5022343594836147,0.000665321826710974,3824,4028,unetr_style
Mouse,POLYIC_20190531_polyic_m__E3_P1_8,x,3,3.1999998807907124,1,0.34989539748953974,0,0.34309831181727907,-0.006797085672260672,3824,4028,unetr_style
Mouse,POLYIC_20190531_polyic_m__E3_P1_8,x,4,3.1999998807907124,3,0.2549686192468619,1,0.25248262164846075,-0.0024859975984011795,3824,4028,unetr_style
Mouse,POLYIC_20190531_polyic_m__E3_P1_8,x,5,3.1999998807907124,0,0.20894351464435146,4,0.21449851042701093,0.005554995782659472,3824,4028,unetr_style
Mouse,POLYIC_20190531_polyic_m__E3_P1_8,x,6,3.1999998807907124,4,0.1846234309623431,0,0.17676266137040714,-0.007860769591935962,3824,4028,unetr_style
Mouse,POLYIC_20190531_polyic_m__E3_P1_8,x,7,3.1999998807907124,4,0.15298117154811716,5,0.1509433962264151,-0.0020377753217020733,3824,4028,unetr_style
Mouse,POLYIC_20190531_polyic_m__E3_P1_8,x,8,3.1999998807907124,1,0.13127615062761505,0,0.13629592850049652,0.005019777872881465,3824,4028,unetr_style
Mouse,POLYIC_20190531_polyic_m__E3_P1_8,y,2,4.999999925494195,1,0.5205893464299207,0,0.5470676129996265,0.026478266569705755,5294,5354,unetr_style
Mouse,POLYIC_20190531_polyic_m__E3_P1_8,y,3,4.999999925494195,2,0.37117491499811106,0,0.3614120283899888,-0.009762886608122245,5294,5354,unetr_style
Mouse,POLYIC_20190531_polyic_m__E3_P1_8,y,4,4.999999925494195,1,0.2788061956932376,0,0.28558087411281285,0.006774678419575242,5294,5354,unetr_style
Mouse,POLYIC_20190531_polyic_m__E3_P1_8,y,5,4.999999925494195,4,0.24348318851530035,3,0.33974598431079567,0.09626279579549532,5294,5354,unetr_style
Mouse,POLYIC_20190531_polyic_m__E3_P1_8,y,6,4.999999925494195,5,0.21609369097091047,4,0.21834142697048936,0.0022477359995788926,5294,5354,unetr_style
Mouse,POLYIC_20190531_polyic_m__E3_P1_8,y,7,4.999999925494195,5,0.18945976577257273,4,0.17556966753828912,-0.01389009823428361,5294,5354,unetr_style
Mouse,POLYIC_20190531_polyic_m__E3_P1_8,y,8,4.999999925494195,1,0.1752927842840952,4,0.1807994023160254,0.005506618031930199,5294,5354,unetr_style
Mouse,POLYIC_20190531_polyic_m__E3_P1_9,x,2,3.1999998807907124,0,0.5100603621730382,1,0.512086827824371,0.0020264656513327983,3976,4054,current_best
Mouse,POLYIC_20190531_polyic_m__E3_P1_9,x,3,3.1999998807907124,0,0.3460764587525151,1,0.34731129748396644,0.0012348387314513598,3976,4054,current_best
Mouse,POLYIC_20190531_polyic_m__E3_P1_9,x,4,3.1999998807907124,2,0.2620724346076459,3,0.259990133201776,-0.002082301405869902,3976,4054,current_best
Mouse,POLYIC_20190531_polyic_m__E3_P1_9,x,5,3.1999998807907124,0,0.20573440643863178,0,0.20769610261470153,0.001961696176069755,3976,4054,current_best
Mouse,POLYIC_20190531_polyic_m__E3_P1_9,x,6,3.1999998807907124,3,0.17706237424547283,1,0.1820424272323631,0.0049800529868902765,3976,4054,current_best
Mouse,POLYIC_20190531_polyic_m__E3_P1_9,x,7,3.1999998807907124,0,0.1511569416498994,4,0.15416872224963,0.00301178059973059,3976,4054,current_best
Mouse,POLYIC_20190531_polyic_m__E3_P1_9,x,8,3.1999998807907124,2,0.13329979879275655,3,0.13320177602368033,-9.802276907622254e-05,3976,4054,current_best
Mouse,POLYIC_20190531_polyic_m__E3_P1_9,y,2,4.999999925494195,1,0.5290676416819012,0,0.5125136017410229,-0.01655403994087834,5470,5514,current_best
Mouse,POLYIC_20190531_polyic_m__E3_P1_9,y,3,4.999999925494195,2,0.34552102376599636,2,0.3534639100471527,0.007942886281156358,5470,5514,current_best
Mouse,POLYIC_20190531_polyic_m__E3_P1_9,y,4,4.999999925494195,1,0.2817184643510055,0,0.27548059484947407,-0.0062378695015314345,5470,5514,current_best
Mouse,POLYIC_20190531_polyic_m__E3_P1_9,y,5,4.999999925494195,1,0.21809872029250457,2,0.35310119695321,0.13500247666070544,5470,5514,current_best
Mouse,POLYIC_20190531_polyic_m__E3_P1_9,y,6,4.999999925494195,5,0.18775137111517368,2,0.19423286180631122,0.0064814906911375425,5470,5514,current_best
Mouse,POLYIC_20190531_polyic_m__E3_P1_9,y,7,4.999999925494195,6,0.17824497257769653,6,0.1893362350380849,0.011091262460388357,5470,5514,current_best
Mouse,POLYIC_20190531_polyic_m__E3_P1_9,y,8,4.999999925494195,1,0.16526508226691042,1,0.20366340224882118,0.03839831998191076,5470,5514,current_best
Mouse,POLYIC_20190531_polyic_m__E3_P1_9,x,2,3.1999998807907124,0,0.5100603621730382,0,0.5101606805293005,0.00010031835626234109,3976,4232,unetr_style
Mouse,POLYIC_20190531_polyic_m__E3_P1_9,x,3,3.1999998807907124,0,0.3460764587525151,2,0.34593572778827975,-0.00014073096423533604,3976,4232,unetr_style
Mouse,POLYIC_20190531_polyic_m__E3_P1_9,x,4,3.1999998807907124,2,0.2620724346076459,0,0.26157844990548207,-0.00049398470216383,3976,4232,unetr_style
Mouse,POLYIC_20190531_polyic_m__E3_P1_9,x,5,3.1999998807907124,0,0.20573440643863178,1,0.20959357277882798,0.0038591663401962017,3976,4232,unetr_style
Mouse,POLYIC_20190531_polyic_m__E3_P1_9,x,6,3.1999998807907124,3,0.17706237424547283,2,0.1793478260869565,0.002285451841483682,3976,4232,unetr_style
Mouse,POLYIC_20190531_polyic_m__E3_P1_9,x,7,3.1999998807907124,0,0.1511569416498994,3,0.15619092627599243,0.00503398462609303,3976,4232,unetr_style
Mouse,POLYIC_20190531_polyic_m__E3_P1_9,x,8,3.1999998807907124,2,0.13329979879275655,4,0.13256143667296785,-0.0007383621197886991,3976,4232,unetr_style
Mouse,POLYIC_20190531_polyic_m__E3_P1_9,y,2,4.999999925494195,1,0.5290676416819012,0,0.525908600215905,-0.003159041465996215,5470,5558,unetr_style
Mouse,POLYIC_20190531_polyic_m__E3_P1_9,y,3,4.999999925494195,2,0.34552102376599636,2,0.34292911119107594,-0.0025919125749204186,5470,5558,unetr_style
Mouse,POLYIC_20190531_polyic_m__E3_P1_9,y,4,4.999999925494195,1,0.2817184643510055,0,0.27797768981648074,-0.00374077453452476,5470,5558,unetr_style
Mouse,POLYIC_20190531_polyic_m__E3_P1_9,y,5,4.999999925494195,1,0.21809872029250457,2,0.35840230298668585,0.14030358269418128,5470,5558,unetr_style
Mouse,POLYIC_20190531_polyic_m__E3_P1_9,y,6,4.999999925494195,5,0.18775137111517368,2,0.1930550557754588,0.005303684660285135,5470,5558,unetr_style
Mouse,POLYIC_20190531_polyic_m__E3_P1_9,y,7,4.999999925494195,6,0.17824497257769653,6,0.18873695573947463,0.010491983161778101,5470,5558,unetr_style
Mouse,POLYIC_20190531_polyic_m__E3_P1_9,y,8,4.999999925494195,1,0.16526508226691042,1,0.18909679740913998,0.023831715142229565,5470,5558,unetr_style
Mouse,POLYIC_20190531_polyic_m__E5_P1_11,x,2,3.1999998807907124,0,0.5007285089849441,1,0.511181332036947,0.010452823052002902,4118,4114,current_best
Mouse,POLYIC_20190531_polyic_m__E5_P1_11,x,3,3.1999998807907124,1,0.3411850412821758,2,0.34297520661157027,0.0017901653293944664,4118,4114,current_best
Mouse,POLYIC_20190531_polyic_m__E5_P1_11,x,4,3.1999998807907124,0,0.26372025254978143,1,0.256198347107438,-0.007521905442343435,4118,4114,current_best
Mouse,POLYIC_20190531_polyic_m__E5_P1_11,x,5,3.1999998807907124,1,0.21345313258863527,1,0.2075838599902771,-0.005869272598358177,4118,4114,current_best
Mouse,POLYIC_20190531_polyic_m__E5_P1_11,x,6,3.1999998807907124,4,0.1804273919378339,5,0.1762275157997083,-0.004199876138125586,4118,4114,current_best
Mouse,POLYIC_20190531_polyic_m__E5_P1_11,x,7,3.1999998807907124,2,0.14764448761534726,1,0.1587263004375304,0.011081812822183124,4118,4114,current_best
Mouse,POLYIC_20190531_polyic_m__E5_P1_11,x,8,3.1999998807907124,5,0.14133074307916466,3,0.13709285367039378,-0.004237889408770873,4118,4114,current_best
Mouse,POLYIC_20190531_polyic_m__E5_P1_11,y,2,4.999999925494195,0,0.5095799557848194,1,0.5081877729257642,-0.00139218285905518,5428,5496,current_best
Mouse,POLYIC_20190531_polyic_m__E5_P1_11,y,3,4.999999925494195,1,0.3496683861459101,1,0.35953420669577874,0.00986582054986862,5428,5496,current_best
Mouse,POLYIC_20190531_polyic_m__E5_P1_11,y,4,4.999999925494195,2,0.25957995578481946,1,0.28074963609898107,0.02116968031416161,5428,5496,current_best
Mouse,POLYIC_20190531_polyic_m__E5_P1_11,y,5,4.999999925494195,0,0.21573323507737657,2,0.3398835516739447,0.12415031659656811,5428,5496,current_best
Mouse,POLYIC_20190531_polyic_m__E5_P1_11,y,6,4.999999925494195,0,0.18625644804716285,1,0.18631732168850074,6.087364133788853e-05,5428,5496,current_best
Mouse,POLYIC_20190531_polyic_m__E5_P1_11,y,7,4.999999925494195,6,0.18533529845246868,6,0.1750363901018923,-0.010298908350576397,5428,5496,current_best
Mouse,POLYIC_20190531_polyic_m__E5_P1_11,y,8,4.999999925494195,1,0.13872512896094324,1,0.18577147016011644,0.0470463411991732,5428,5496,current_best
Mouse,POLYIC_20190531_polyic_m__E5_P1_11,x,2,3.1999998807907124,0,0.5007285089849441,1,0.5140449438202247,0.013316434835280555,4118,4272,unetr_style
Mouse,POLYIC_20190531_polyic_m__E5_P1_11,x,3,3.1999998807907124,1,0.3411850412821758,0,0.3441011235955056,0.002916082313329793,4118,4272,unetr_style
Mouse,POLYIC_20190531_polyic_m__E5_P1_11,x,4,3.1999998807907124,0,0.26372025254978143,1,0.26006554307116103,-0.0036547094786203993,4118,4272,unetr_style
Mouse,POLYIC_20190531_polyic_m__E5_P1_11,x,5,3.1999998807907124,1,0.21345313258863527,0,0.21301498127340823,-0.00043815131522703665,4118,4272,unetr_style
Mouse,POLYIC_20190531_polyic_m__E5_P1_11,x,6,3.1999998807907124,4,0.1804273919378339,3,0.1802434456928839,-0.00018394624494999512,4118,4272,unetr_style
Mouse,POLYIC_20190531_polyic_m__E5_P1_11,x,7,3.1999998807907124,2,0.14764448761534726,2,0.1575374531835206,0.009892965568173345,4118,4272,unetr_style
Mouse,POLYIC_20190531_polyic_m__E5_P1_11,x,8,3.1999998807907124,5,0.14133074307916466,3,0.13553370786516855,-0.0057970352139961046,4118,4272,unetr_style
Mouse,POLYIC_20190531_polyic_m__E5_P1_11,y,2,4.999999925494195,0,0.5095799557848194,0,0.5120262390670554,0.0024462832822359504,5428,5488,unetr_style
Mouse,POLYIC_20190531_polyic_m__E5_P1_11,y,3,4.999999925494195,1,0.3496683861459101,1,0.3564139941690962,0.006745608023186078,5428,5488,unetr_style
Mouse,POLYIC_20190531_polyic_m__E5_P1_11,y,4,4.999999925494195,2,0.25957995578481946,2,0.2625728862973761,0.002992930512556613,5428,5488,unetr_style
Mouse,POLYIC_20190531_polyic_m__E5_P1_11,y,5,4.999999925494195,0,0.21573323507737657,0,0.3491253644314869,0.13339212935411032,5428,5488,unetr_style
Mouse,POLYIC_20190531_polyic_m__E5_P1_11,y,6,4.999999925494195,0,0.18625644804716285,2,0.19533527696793002,0.009078828920767168,5428,5488,unetr_style
Mouse,POLYIC_20190531_polyic_m__E5_P1_11,y,7,4.999999925494195,6,0.18533529845246868,6,0.18075801749271136,-0.004577280959757318,5428,5488,unetr_style
Mouse,POLYIC_20190531_polyic_m__E5_P1_11,y,8,4.999999925494195,1,0.13872512896094324,1,0.1732871720116618,0.034562043050718555,5428,5488,unetr_style
Mouse,POLYIC_20190612_polyic___E10_P1_1,x,2,3.1999998807907124,1,0.5062562562562563,0,0.5062065541211519,-4.970213510435695e-05,3996,4028,current_best
Mouse,POLYIC_20190612_polyic___E10_P1_1,x,3,3.1999998807907124,0,0.33933933933933935,1,0.3426017874875869,0.0032624481482475542,3996,4028,current_best
Mouse,POLYIC_20190612_polyic___E10_P1_1,x,4,3.1999998807907124,0,0.262012012012012,2,0.2576961271102284,-0.00431588490178364,3996,4028,current_best
Mouse,POLYIC_20190612_polyic___E10_P1_1,x,5,3.1999998807907124,4,0.22372372372372373,3,0.21896722939424032,-0.004756494329483413,3996,4028,current_best
Mouse,POLYIC_20190612_polyic___E10_P1_1,x,6,3.1999998807907124,3,0.17617617617617617,4,0.1807348560079444,0.00455867983176822,3996,4028,current_best
Mouse,POLYIC_20190612_polyic___E10_P1_1,x,7,3.1999998807907124,3,0.15340340340340342,6,0.15317775571002978,-0.00022564769337363177,3996,4028,current_best
Mouse,POLYIC_20190612_polyic___E10_P1_1,x,8,3.1999998807907124,0,0.13963963963963963,1,0.13629592850049652,-0.003343711139143113,3996,4028,current_best
Mouse,POLYIC_20190612_polyic___E10_P1_1,y,2,4.999999925494195,1,0.507415647015202,0,0.5804851157662624,0.07306946875106035,5394,5442,current_best
Mouse,POLYIC_20190612_polyic___E10_P1_1,y,3,4.999999925494195,2,0.3485354097144976,0,0.3504226387357589,0.0018872290212613163,5394,5442,current_best
Mouse,POLYIC_20190612_polyic___E10_P1_1,y,4,4.999999925494195,2,0.25695216907675195,0,0.3033811098860713,0.04642894080931936,5394,5442,current_best
Mouse,POLYIC_20190612_polyic___E10_P1_1,y,5,4.999999925494195,1,0.2278457545420838,0,0.3634693127526645,0.13562355821058067,5394,5442,current_best
Mouse,POLYIC_20190612_polyic___E10_P1_1,y,6,4.999999925494195,1,0.19577308120133483,0,0.21646453509739066,0.02069145389605584,5394,5442,current_best
Mouse,POLYIC_20190612_polyic___E10_P1_1,y,7,4.999999925494195,3,0.1692621431219874,1,0.15692760014700477,-0.012334542974982626,5394,5442,current_best
Mouse,POLYIC_20190612_polyic___E10_P1_1,y,8,4.999999925494195,6,0.14015572858731926,4,0.20801176038221242,0.06785603179489316,5394,5442,current_best
Mouse,POLYIC_20190612_polyic___E10_P1_1,x,2,3.1999998807907124,1,0.5062562562562563,1,0.5137814313346228,0.007525175078366586,3996,4136,unetr_style
Mouse,POLYIC_20190612_polyic___E10_P1_1,x,3,3.1999998807907124,0,0.33933933933933935,0,0.34961315280464217,0.010273813465302817,3996,4136,unetr_style
Mouse,POLYIC_20190612_polyic___E10_P1_1,x,4,3.1999998807907124,0,0.262012012012012,3,0.26692456479690524,0.0049125527848932204,3996,4136,unetr_style
Mouse,POLYIC_20190612_polyic___E10_P1_1,x,5,3.1999998807907124,4,0.22372372372372373,4,0.2127659574468085,-0.01095776627691522,3996,4136,unetr_style
Mouse,POLYIC_20190612_polyic___E10_P1_1,x,6,3.1999998807907124,3,0.17617617617617617,3,0.1854448742746615,0.009268698098485323,3996,4136,unetr_style
Mouse,POLYIC_20190612_polyic___E10_P1_1,x,7,3.1999998807907124,3,0.15340340340340342,6,0.1627176015473888,0.009314198143985375,3996,4136,unetr_style
Mouse,POLYIC_20190612_polyic___E10_P1_1,x,8,3.1999998807907124,0,0.13963963963963963,7,0.13612185686653772,-0.003517782773101913,3996,4136,unetr_style
Mouse,POLYIC_20190612_polyic___E10_P1_1,y,2,4.999999925494195,1,0.507415647015202,0,0.5734536082474226,0.06603796123222061,5394,5432,unetr_style
Mouse,POLYIC_20190612_polyic___E10_P1_1,y,3,4.999999925494195,2,0.3485354097144976,0,0.34241531664212077,-0.00612009307237682,5394,5432,unetr_style
Mouse,POLYIC_20190612_polyic___E10_P1_1,y,4,4.999999925494195,2,0.25695216907675195,0,0.3085419734904271,0.05158980441367517,5394,5432,unetr_style
Mouse,POLYIC_20190612_polyic___E10_P1_1,y,5,4.999999925494195,1,0.2278457545420838,0,0.3481222385861561,0.12027648404407229,5394,5432,unetr_style
Mouse,POLYIC_20190612_polyic___E10_P1_1,y,6,4.999999925494195,1,0.19577308120133483,0,0.20600147275405006,0.010228391552715238,5394,5432,unetr_style
Mouse,POLYIC_20190612_polyic___E10_P1_1,y,7,4.999999925494195,3,0.1692621431219874,1,0.16586892488954344,-0.0033932182324439564,5394,5432,unetr_style
Mouse,POLYIC_20190612_polyic___E10_P1_1,y,8,4.999999925494195,6,0.14015572858731926,4,0.21649484536082475,0.0763391167735055,5394,5432,unetr_style
Mouse,POLYIC_20190612_polyic___E12_P1,x,2,3.1999998807907124,0,0.5002565418163161,0,0.5108531044926805,0.01059656267636444,3898,3962,current_best
Mouse,POLYIC_20190612_polyic___E12_P1,x,3,3.1999998807907124,0,0.35146228835300153,2,0.3404846037354871,-0.010977684617514416,3898,3962,current_best
Mouse,POLYIC_20190612_polyic___E12_P1,x,4,3.1999998807907124,2,0.25705489994869163,2,0.26148409893992935,0.004429198991237726,3898,3962,current_best
Mouse,POLYIC_20190612_polyic___E12_P1,x,5,3.1999998807907124,4,0.2047203694202155,3,0.2132761231701161,0.008555753749900613,3898,3962,current_best
Mouse,POLYIC_20190612_polyic___E12_P1,x,6,3.1999998807907124,3,0.18086198050282196,4,0.1812216052498738,0.0003596247470518399,3898,3962,current_best
Mouse,POLYIC_20190612_polyic___E12_P1,x,7,3.1999998807907124,5,0.15700359158542843,3,0.1607773851590106,0.0037737935735821793,3898,3962,current_best
Mouse,POLYIC_20190612_polyic___E12_P1,x,8,3.1999998807907124,1,0.13648024628014366,1,0.1408379606259465,0.004357714345802843,3898,3962,current_best
Mouse,POLYIC_20190612_polyic___E12_P1,y,2,4.999999925494195,0,0.5229021619640895,1,0.5440962099125365,0.021194047948447037,5458,5488,current_best
Mouse,POLYIC_20190612_polyic___E12_P1,y,3,4.999999925494195,0,0.3525100769512642,2,0.35276967930029157,0.000259602349027388,5458,5488,current_best
Mouse,POLYIC_20190612_polyic___E12_P1,y,4,4.999999925494195,0,0.2790399413704654,1,0.27223032069970843,-0.006809620670756966,5458,5488,current_best
Mouse,POLYIC_20190612_polyic___E12_P1,y,5,4.999999925494195,1,0.22224257969952363,0,0.34894314868804666,0.12670056898852303,5458,5488,current_best
Mouse,POLYIC_20190612_polyic___E12_P1,y,6,4.999999925494195,0,0.20245511176255038,5,0.2000728862973761,-0.002382225465174276,5458,5488,current_best
Mouse,POLYIC_20190612_polyic___E12_P1,y,7,4.999999925494195,5,0.1656284353242946,0,0.16253644314868804,-0.0030919921756065727,5458,5488,current_best
Mouse,POLYIC_20190612_polyic___E12_P1,y,8,4.999999925494195,0,0.15665078783437156,1,0.19952623906705538,0.042875451232683826,5458,5488,current_best
Mouse,POLYIC_20190612_polyic___E12_P1,x,2,3.1999998807907124,0,0.5002565418163161,0,0.5067731011127238,0.006516559296407709,3898,4134,unetr_style
Mouse,POLYIC_20190612_polyic___E12_P1,x,3,3.1999998807907124,0,0.35146228835300153,0,0.36623125302370585,0.014768964670704321,3898,4134,unetr_style
Mouse,POLYIC_20190612_polyic___E12_P1,x,4,3.1999998807907124,2,0.25705489994869163,3,0.2593130140299952,0.0022581140813035527,3898,4134,unetr_style
Mouse,POLYIC_20190612_polyic___E12_P1,x,5,3.1999998807907124,4,0.2047203694202155,3,0.2131107885824867,0.008390419162271207,3898,4134,unetr_style
Mouse,POLYIC_20190612_polyic___E12_P1,x,6,3.1999998807907124,3,0.18086198050282196,3,0.1860183841315917,0.005156403628769735,3898,4134,unetr_style
Mouse,POLYIC_20190612_polyic___E12_P1,x,7,3.1999998807907124,5,0.15700359158542843,4,0.16013546202225448,0.0031318704368260564,3898,4134,unetr_style
Mouse,POLYIC_20190612_polyic___E12_P1,x,8,3.1999998807907124,1,0.13648024628014366,0,0.13594581519109822,-0.0005344310890454396,3898,4134,unetr_style
Mouse,POLYIC_20190612_polyic___E12_P1,y,2,4.999999925494195,0,0.5229021619640895,1,0.5436665463731505,0.020764384409061032,5458,5542,unetr_style
Mouse,POLYIC_20190612_polyic___E12_P1,y,3,4.999999925494195,0,0.3525100769512642,2,0.34879105016239625,-0.0037190267888679296,5458,5542,unetr_style
Mouse,POLYIC_20190612_polyic___E12_P1,y,4,4.999999925494195,0,0.2790399413704654,1,0.2823890292313244,0.0033490878608590235,5458,5542,unetr_style
Mouse,POLYIC_20190612_polyic___E12_P1,y,5,4.999999925494195,1,0.22224257969952363,2,0.3376037531577048,0.11536117345818117,5458,5542,unetr_style
Mouse,POLYIC_20190612_polyic___E12_P1,y,6,4.999999925494195,0,0.20245511176255038,5,0.18747744496571636,-0.014977666796834016,5458,5542,unetr_style
Mouse,POLYIC_20190612_polyic___E12_P1,y,7,4.999999925494195,5,0.1656284353242946,5,0.1602309635510646,-0.005397471773230023,5458,5542,unetr_style
Mouse,POLYIC_20190612_polyic___E12_P1,y,8,4.999999925494195,0,0.15665078783437156,1,0.20534103211836882,0.048690244283997264,5458,5542,unetr_style
Mouse,POLYIC_20190612_polyic___E3_P1,x,2,3.1999998807907124,1,0.5082914572864322,0,0.5064870259481038,-0.001804431338328416,3980,4008,current_best
Mouse,POLYIC_20190612_polyic___E3_P1,x,3,3.1999998807907124,2,0.335929648241206,1,0.34780439121756485,0.01187474297635882,3980,4008,current_best
Mouse,POLYIC_20190612_polyic___E3_P1,x,4,3.1999998807907124,3,0.26105527638190956,2,0.2781936127744511,0.01713833639254153,3980,4008,current_best
Mouse,POLYIC_20190612_polyic___E3_P1,x,5,3.1999998807907124,4,0.20778894472361809,1,0.21706586826347304,0.009276923539854959,3980,4008,current_best
Mouse,POLYIC_20190612_polyic___E3_P1,x,6,3.1999998807907124,5,0.17386934673366833,4,0.17415169660678642,0.0002823498731180929,3980,4008,current_best
Mouse,POLYIC_20190612_polyic___E3_P1,x,7,3.1999998807907124,2,0.1615577889447236,2,0.1624251497005988,0.0008673607558751795,3980,4008,current_best
Mouse,POLYIC_20190612_polyic___E3_P1,x,8,3.1999998807907124,3,0.13668341708542714,6,0.14820359281437126,0.011520175728944121,3980,4008,current_best
Mouse,POLYIC_20190612_polyic___E3_P1,y,2,4.999999925494195,1,0.5107223476297968,1,0.540460282108389,0.029737934478592187,5316,5388,current_best
Mouse,POLYIC_20190612_polyic___E3_P1,y,3,4.999999925494195,2,0.3686982693754703,1,0.36247216035634744,-0.00622610901912285,5316,5388,current_best
Mouse,POLYIC_20190612_polyic___E3_P1,y,4,4.999999925494195,1,0.26072234762979685,3,0.2720861172976986,0.011363769667901757,5316,5388,current_best
Mouse,POLYIC_20190612_polyic___E3_P1,y,5,4.999999925494195,4,0.21557562076749437,0,0.3585746102449889,0.1429989894774945,5316,5388,current_best
Mouse,POLYIC_20190612_polyic___E3_P1,y,6,4.999999925494195,5,0.1969525959367946,5,0.20193021529324426,0.004977619356449664,5316,5388,current_best
Mouse,POLYIC_20190612_polyic___E3_P1,y,7,4.999999925494195,3,0.16102332580887885,3,0.18596881959910913,0.024945493790230283,5316,5388,current_best
Mouse,POLYIC_20190612_polyic___E3_P1,y,8,4.999999925494195,7,0.145221971407073,7,0.20452858203414997,0.05930661062707698,5316,5388,current_best
Mouse,POLYIC_20190612_polyic___E3_P1,x,2,3.1999998807907124,1,0.5082914572864322,1,0.5023866348448688,-0.005904822441563429,3980,4190,unetr_style
Mouse,POLYIC_20190612_polyic___E3_P1,x,3,3.1999998807907124,2,0.335929648241206,2,0.3367541766109785,0.0008245283697724815,3980,4190,unetr_style
Mouse,POLYIC_20190612_polyic___E3_P1,x,4,3.1999998807907124,3,0.26105527638190956,2,0.26515513126491647,0.004099854883006904,3980,4190,unetr_style
Mouse,POLYIC_20190612_polyic___E3_P1,x,5,3.1999998807907124,4,0.20778894472361809,0,0.2178997613365155,0.010110816612897422,3980,4190,unetr_style
Mouse,POLYIC_20190612_polyic___E3_P1,x,6,3.1999998807907124,5,0.17386934673366833,5,0.16992840095465395,-0.003940945779014382,3980,4190,unetr_style
Mouse,POLYIC_20190612_polyic___E3_P1,x,7,3.1999998807907124,2,0.1615577889447236,2,0.1610978520286396,-0.00045993691608400833,3980,4190,unetr_style
Mouse,POLYIC_20190612_polyic___E3_P1,x,8,3.1999998807907124,3,0.13668341708542714,6,0.14653937947494033,0.009855962389513195,3980,4190,unetr_style
Mouse,POLYIC_20190612_polyic___E3_P1,y,2,4.999999925494195,1,0.5107223476297968,1,0.5449646971386102,0.03424234950881333,5316,5382,unetr_style
Mouse,POLYIC_20190612_polyic___E3_P1,y,3,4.999999925494195,2,0.3686982693754703,1,0.36380527684875513,-0.004892992526715156,5316,5382,unetr_style
Mouse,POLYIC_20190612_polyic___E3_P1,y,4,4.999999925494195,1,0.26072234762979685,3,0.28669639539204755,0.025974047762250707,5316,5382,unetr_style
Mouse,POLYIC_20190612_polyic___E3_P1,y,5,4.999999925494195,4,0.21557562076749437,0,0.34986993682645856,0.1342943160589642,5316,5382,unetr_style
Mouse,POLYIC_20190612_polyic___E3_P1,y,6,4.999999925494195,5,0.1969525959367946,5,0.20048309178743962,0.0035304958506450212,5316,5382,unetr_style
Mouse,POLYIC_20190612_polyic___E3_P1,y,7,4.999999925494195,3,0.16102332580887885,3,0.18654775176514307,0.025524425956264224,5316,5382,unetr_style
Mouse,POLYIC_20190612_polyic___E3_P1,y,8,4.999999925494195,7,0.145221971407073,7,0.2084726867335563,0.0632507153264833,5316,5382,unetr_style
Mouse,POLYIC_20190612_polyic___E3_P1_1,x,2,3.1999998807907124,0,0.5053763440860215,0,0.5032861476238625,-0.002090196462159022,3906,3956,current_best
Mouse,POLYIC_20190612_polyic___E3_P1_1,x,3,3.1999998807907124,1,0.3420378904249872,1,0.33998988877654196,-0.0020480016484452634,3906,3956,current_best
Mouse,POLYIC_20190612_polyic___E3_P1_1,x,4,3.1999998807907124,0,0.2721454173067076,2,0.25353892821031343,-0.018606489096394174,3906,3956,current_best
Mouse,POLYIC_20190612_polyic___E3_P1_1,x,5,3.1999998807907124,0,0.2078853046594982,2,0.20879676440849343,0.0009114597489952303,3906,3956,current_best
Mouse,POLYIC_20190612_polyic___E3_P1_1,x,6,3.1999998807907124,2,0.17665130568356374,1,0.17416582406471184,-0.002485481618851898,3906,3956,current_best
Mouse,POLYIC_20190612_polyic___E3_P1_1,x,7,3.1999998807907124,0,0.1538658474142345,6,0.16102123356926187,0.007155386155027366,3906,3956,current_best
Mouse,POLYIC_20190612_polyic___E3_P1_1,x,8,3.1999998807907124,4,0.13645673323092677,2,0.13119312436804853,-0.005263608862878244,3906,3956,current_best
Mouse,POLYIC_20190612_polyic___E3_P1_1,y,2,4.999999925494195,0,0.506632277081798,0,0.5156991602774735,0.009066883195675501,5428,5478,current_best
Mouse,POLYIC_20190612_polyic___E3_P1_1,y,3,4.999999925494195,0,0.34579955784819455,2,0.35669952537422417,0.01089996752602962,5428,5478,current_best
Mouse,POLYIC_20190612_polyic___E3_P1_1,y,4,4.999999925494195,2,0.26160648489314664,2,0.26816356334428626,0.00655707845113962,5428,5478,current_best
Mouse,POLYIC_20190612_polyic___E3_P1_1,y,5,4.999999925494195,3,0.22512896094325718,3,0.3368017524644031,0.1116727915211459,5428,5478,current_best
Mouse,POLYIC_20190612_polyic___E3_P1_1,y,6,4.999999925494195,3,0.183861459100958,2,0.19350127783862722,0.009639818737669226,5428,5478,current_best
Mouse,POLYIC_20190612_polyic___E3_P1_1,y,7,4.999999925494195,1,0.1575165806927045,0,0.17981014968966777,0.022293568996963276,5428,5478,current_best
Mouse,POLYIC_20190612_polyic___E3_P1_1,y,8,4.999999925494195,2,0.1331982313927782,1,0.19058050383351588,0.05738227244073768,5428,5478,current_best
Mouse,POLYIC_20190612_polyic___E3_P1_1,x,2,3.1999998807907124,0,0.5053763440860215,0,0.5143552311435523,0.008978887057530804,3906,4110,unetr_style
Mouse,POLYIC_20190612_polyic___E3_P1_1,x,3,3.1999998807907124,1,0.3420378904249872,2,0.3389294403892944,-0.0031084500356928224,3906,4110,unetr_style
Mouse,POLYIC_20190612_polyic___E3_P1_1,x,4,3.1999998807907124,0,0.2721454173067076,0,0.25985401459854013,-0.012291402708167476,3906,4110,unetr_style
Mouse,POLYIC_20190612_polyic___E3_P1_1,x,5,3.1999998807907124,0,0.2078853046594982,2,0.20681265206812652,-0.0010726525913716811,3906,4110,unetr_style
Mouse,POLYIC_20190612_polyic___E3_P1_1,x,6,3.1999998807907124,2,0.17665130568356374,4,0.175669099756691,-0.0009822059268727312,3906,4110,unetr_style
Mouse,POLYIC_20190612_polyic___E3_P1_1,x,7,3.1999998807907124,0,0.1538658474142345,6,0.1583941605839416,0.004528313169707088,3906,4110,unetr_style
Mouse,POLYIC_20190612_polyic___E3_P1_1,x,8,3.1999998807907124,4,0.13645673323092677,4,0.13746958637469586,0.001012853143769088,3906,4110,unetr_style
Mouse,POLYIC_20190612_polyic___E3_P1_1,y,2,4.999999925494195,0,0.506632277081798,0,0.5139039364391477,0.007271659357349636,5428,5538,unetr_style
Mouse,POLYIC_20190612_polyic___E3_P1_1,y,3,4.999999925494195,0,0.34579955784819455,2,0.3557240881184543,0.009924530270259746,5428,5538,unetr_style
Mouse,POLYIC_20190612_polyic___E3_P1_1,y,4,4.999999925494195,2,0.26160648489314664,2,0.26399422174070064,0.0023877368475540006,5428,5538,unetr_style
Mouse,POLYIC_20190612_polyic___E3_P1_1,y,5,4.999999925494195,3,0.22512896094325718,3,0.3358613217768147,0.11073236083355753,5428,5538,unetr_style
Mouse,POLYIC_20190612_polyic___E3_P1_1,y,6,4.999999925494195,3,0.183861459100958,2,0.19068255687973998,0.0068210977787819815,5428,5538,unetr_style
Mouse,POLYIC_20190612_polyic___E3_P1_1,y,7,4.999999925494195,1,0.1575165806927045,0,0.1807511737089202,0.023234593016215693,5428,5538,unetr_style
Mouse,POLYIC_20190612_polyic___E3_P1_1,y,8,4.999999925494195,2,0.1331982313927782,1,0.18020946189960274,0.04701123050682454,5428,5538,unetr_style
Mouse,POLYIC_20190612_polyic___E3_P1_2,x,2,3.1999998807907124,1,0.5095311695002576,0,0.5043973098810139,-0.005133859619243619,3882,3866,current_best
Mouse,POLYIC_20190612_polyic___E3_P1_2,x,3,3.1999998807907124,1,0.34028851107676455,2,0.342731505431971,0.0024429943552064515,3882,3866,current_best
Mouse,POLYIC_20190612_polyic___E3_P1_2,x,4,3.1999998807907124,3,0.2691911385883565,2,0.260475944128298,-0.008715194460058528,3882,3866,current_best
Mouse,POLYIC_20190612_polyic___E3_P1_2,x,5,3.1999998807907124,4,0.21432251416795467,3,0.20874288670460425,-0.005579627463350417,3882,3866,current_best
Mouse,POLYIC_20190612_polyic___E3_P1_2,x,6,3.1999998807907124,4,0.1736218444100979,5,0.17640972581479566,0.0027878814046977674,3882,3866,current_best
Mouse,POLYIC_20190612_polyic___E3_P1_2,x,7,3.1999998807907124,6,0.157908294693457,5,0.1645111226073461,0.006602827913889109,3882,3866,current_best
Mouse,POLYIC_20190612_polyic___E3_P1_2,x,8,3.1999998807907124,7,0.13523956723338484,6,0.1347646145887222,-0.0004749526446626573,3882,3866,current_best
Mouse,POLYIC_20190612_polyic___E3_P1_2,y,2,4.999999925494195,1,0.5003765060240963,0,0.537714712471994,0.03733820644789765,5312,5356,current_best
Mouse,POLYIC_20190612_polyic___E3_P1_2,y,3,4.999999925494195,1,0.35033885542168675,1,0.37509335324869303,0.024754497827006283,5312,5356,current_best
Mouse,POLYIC_20190612_polyic___E3_P1_2,y,4,4.999999925494195,2,0.25432981927710846,0,0.28864824495892455,0.03431842568181609,5312,5356,current_best
Mouse,POLYIC_20190612_polyic___E3_P1_2,y,5,4.999999925494195,1,0.24021084337349397,3,0.3427931292008962,0.10258228582740225,5312,5356,current_best
Mouse,POLYIC_20190612_polyic___E3_P1_2,y,6,4.999999925494195,1,0.17789909638554216,4,0.2210604929051531,0.04316139651961093,5312,5356,current_best
Mouse,POLYIC_20190612_polyic___E3_P1_2,y,7,4.999999925494195,0,0.16453313253012047,1,0.15776699029126215,-0.006766142238858325,5312,5356,current_best
Mouse,POLYIC_20190612_polyic___E3_P1_2,y,8,4.999999925494195,3,0.14966114457831325,4,0.20108289768483945,0.05142175310652619,5312,5356,current_best
Mouse,POLYIC_20190612_polyic___E3_P1_2,x,2,3.1999998807907124,1,0.5095311695002576,1,0.5004854368932039,-0.009045732607053658,3882,4120,unetr_style
Mouse,POLYIC_20190612_polyic___E3_P1_2,x,3,3.1999998807907124,1,0.34028851107676455,0,0.3580097087378641,0.01772119766109953,3882,4120,unetr_style
Mouse,POLYIC_20190612_polyic___E3_P1_2,x,4,3.1999998807907124,3,0.2691911385883565,3,0.25485436893203883,-0.014336769656317694,3882,4120,unetr_style
Mouse,POLYIC_20190612_polyic___E3_P1_2,x,5,3.1999998807907124,4,0.21432251416795467,3,0.20606796116504855,-0.008254553002906118,3882,4120,unetr_style
Mouse,POLYIC_20190612_polyic___E3_P1_2,x,6,3.1999998807907124,4,0.1736218444100979,0,0.17912621359223302,0.0055043691821351215,3882,4120,unetr_style
Mouse,POLYIC_20190612_polyic___E3_P1_2,x,7,3.1999998807907124,6,0.157908294693457,6,0.15728155339805824,-0.0006267412953987472,3882,4120,unetr_style
Mouse,POLYIC_20190612_polyic___E3_P1_2,x,8,3.1999998807907124,7,0.13523956723338484,0,0.1342233009708738,-0.0010162662625110563,3882,4120,unetr_style
Mouse,POLYIC_20190612_polyic___E3_P1_2,y,2,4.999999925494195,1,0.5003765060240963,0,0.533135875601629,0.03275936957753267,5312,5402,unetr_style
Mouse,POLYIC_20190612_polyic___E3_P1_2,y,3,4.999999925494195,1,0.35033885542168675,1,0.36542021473528324,0.015081359313596499,5312,5402,unetr_style
Mouse,POLYIC_20190612_polyic___E3_P1_2,y,4,4.999999925494195,2,0.25432981927710846,0,0.28896704924102184,0.034637229963913385,5312,5402,unetr_style
Mouse,POLYIC_20190612_polyic___E3_P1_2,y,5,4.999999925494195,1,0.24021084337349397,0,0.34635320251758606,0.10614235914409209,5312,5402,unetr_style
Mouse,POLYIC_20190612_polyic___E3_P1_2,y,6,4.999999925494195,1,0.17789909638554216,4,0.20955201777119586,0.031652921385653704,5312,5402,unetr_style
Mouse,POLYIC_20190612_polyic___E3_P1_2,y,7,4.999999925494195,0,0.16453313253012047,1,0.17437985931136615,0.00984672678124568,5312,5402,unetr_style
Mouse,POLYIC_20190612_polyic___E3_P1_2,y,8,4.999999925494195,3,0.14966114457831325,4,0.2088115512773047,0.05915040669899144,5312,5402,unetr_style
Mouse,POLYIC_20190612_polyic___E3_P1_3,x,2,3.1999998807907124,0,0.5095508518327311,0,0.5080394190871369,-0.0015114327455941767,3874,3856,current_best
Mouse,POLYIC_20190612_polyic___E3_P1_3,x,3,3.1999998807907124,2,0.3435725348477026,2,0.3516597510373444,0.00808721618964181,3874,3856,current_best
Mouse,POLYIC_20190612_polyic___E3_P1_3,x,4,3.1999998807907124,2,0.2607124419204956,2,0.2595954356846473,-0.0011170062358482613,3874,3856,current_best
Mouse,POLYIC_20190612_polyic___E3_P1_3,x,5,3.1999998807907124,3,0.2106350025813113,1,0.21732365145228216,0.00668864887097087,3874,3856,current_best
Mouse,POLYIC_20190612_polyic___E3_P1_3,x,6,3.1999998807907124,5,0.18172431595250388,5,0.18724066390041494,0.00551634794791106,3874,3856,current_best
Mouse,POLYIC_20190612_polyic___E3_P1_3,x,7,3.1999998807907124,3,0.1590087764584409,3,0.1600103734439834,0.0010015969855425022,3874,3856,current_best
Mouse,POLYIC_20190612_polyic___E3_P1_3,x,8,3.1999998807907124,2,0.14352090862157976,1,0.14393153526970953,0.00041062664812976934,3874,3856,current_best
Mouse,POLYIC_20190612_polyic___E3_P1_3,y,2,4.999999925494195,0,0.5051078320090806,0,0.5405153099327856,0.03540747792370502,5286,5356,current_best
Mouse,POLYIC_20190612_polyic___E3_P1_3,y,3,4.999999925494195,0,0.34808929247067727,0,0.3928304705003734,0.04474117802969613,5286,5356,current_best
Mouse,POLYIC_20190612_polyic___E3_P1_3,y,4,4.999999925494195,2,0.2616345062429058,0,0.28416728902165794,0.022532782778752147,5286,5356,current_best
Mouse,POLYIC_20190612_polyic___E3_P1_3,y,5,4.999999925494195,4,0.2132046916382898,3,0.3554891710231516,0.14228447938486177,5286,5356,current_best
Mouse,POLYIC_20190612_polyic___E3_P1_3,y,6,4.999999925494195,4,0.17896329928111995,4,0.20238984316654218,0.02342654388542223,5286,5356,current_best
Mouse,POLYIC_20190612_polyic___E3_P1_3,y,7,4.999999925494195,3,0.18671963677639047,2,0.1796116504854369,-0.007107986290953577,5286,5356,current_best
Mouse,POLYIC_20190612_polyic___E3_P1_3,y,8,4.999999925494195,6,0.15966704502459325,4,0.19454817027632562,0.03488112525173237,5286,5356,current_best
Mouse,POLYIC_20190612_polyic___E3_P1_3,x,2,3.1999998807907124,0,0.5095508518327311,0,0.518172888015717,0.00862203618298596,3874,4072,unetr_style
Mouse,POLYIC_20190612_polyic___E3_P1_3,x,3,3.1999998807907124,2,0.3435725348477026,0,0.34970530451866405,0.0061327696709614354,3874,4072,unetr_style
Mouse,POLYIC_20190612_polyic___E3_P1_3,x,4,3.1999998807907124,2,0.2607124419204956,2,0.26669941060903735,0.0059869686885417606,3874,4072,unetr_style
Mouse,POLYIC_20190612_polyic___E3_P1_3,x,5,3.1999998807907124,3,0.2106350025813113,3,0.21881139489194498,0.00817639231063369,3874,4072,unetr_style
Mouse,POLYIC_20190612_polyic___E3_P1_3,x,6,3.1999998807907124,5,0.18172431595250388,0,0.19081532416502947,0.009091008212525592,3874,4072,unetr_style
Mouse,POLYIC_20190612_polyic___E3_P1_3,x,7,3.1999998807907124,3,0.1590087764584409,5,0.15225933202357564,-0.006749444434865248,3874,4072,unetr_style
Mouse,POLYIC_20190612_polyic___E3_P1_3,x,8,3.1999998807907124,2,0.14352090862157976,2,0.14415520628683692,0.0006342976652571608,3874,4072,unetr_style
Mouse,POLYIC_20190612_polyic___E3_P1_3,y,2,4.999999925494195,0,0.5051078320090806,0,0.5317018909899889,0.026594058980908275,5286,5394,unetr_style
Mouse,POLYIC_20190612_polyic___E3_P1_3,y,3,4.999999925494195,0,0.34808929247067727,0,0.38950685947348906,0.041417567002811795,5286,5394,unetr_style
Mouse,POLYIC_20190612_polyic___E3_P1_3,y,4,4.999999925494195,2,0.2616345062429058,0,0.2832777159807193,0.02164320973781353,5286,5394,unetr_style
Mouse,POLYIC_20190612_polyic___E3_P1_3,y,5,4.999999925494195,4,0.2132046916382898,2,0.3405635891731554,0.12735889753486557,5286,5394,unetr_style
Mouse,POLYIC_20190612_polyic___E3_P1_3,y,6,4.999999925494195,4,0.17896329928111995,3,0.20559881349647757,0.02663551421535762,5286,5394,unetr_style
Mouse,POLYIC_20190612_polyic___E3_P1_3,y,7,4.999999925494195,3,0.18671963677639047,2,0.1703744901742677,-0.016345146602122773,5286,5394,unetr_style
Mouse,POLYIC_20190612_polyic___E3_P1_3,y,8,4.999999925494195,6,0.15966704502459325,4,0.18909899888765294,0.02943195386305969,5286,5394,unetr_style
Mouse,POLYIC_20190612_polyic___E3_P1_4,x,2,3.1999998807907124,1,0.5167871900826446,0,0.51171875,-0.005068440082644621,3872,3840,current_best
Mouse,POLYIC_20190612_polyic___E3_P1_4,x,3,3.1999998807907124,1,0.34581611570247933,2,0.34713541666666664,0.0013193009641873088,3872,3840,current_best
Mouse,POLYIC_20190612_polyic___E3_P1_4,x,4,3.1999998807907124,3,0.265754132231405,0,0.26015625,-0.005597882231405005,3872,3840,current_best
Mouse,POLYIC_20190612_polyic___E3_P1_4,x,5,3.1999998807907124,1,0.21074380165289255,1,0.21041666666666667,-0.00032713498622588544,3872,3840,current_best
Mouse,POLYIC_20190612_polyic___E3_P1_4,x,6,3.1999998807907124,3,0.1846590909090909,2,0.17578125,-0.008877840909090912,3872,3840,current_best
Mouse,POLYIC_20190612_polyic___E3_P1_4,x,7,3.1999998807907124,4,0.16451446280991736,4,0.16197916666666667,-0.0025352961432506815,3872,3840,current_best
Mouse,POLYIC_20190612_polyic___E3_P1_4,x,8,3.1999998807907124,7,0.14514462809917356,1,0.13854166666666667,-0.006602961432506882,3872,3840,current_best
Mouse,POLYIC_20190612_polyic___E3_P1_4,y,2,4.999999925494195,1,0.5001888217522659,1,0.5470260223048327,0.04683720055256679,5296,5380,current_best
Mouse,POLYIC_20190612_polyic___E3_P1_4,y,3,4.999999925494195,0,0.35139728096676737,1,0.35055762081784386,-0.0008396601489235045,5296,5380,current_best
Mouse,POLYIC_20190612_polyic___E3_P1_4,y,4,4.999999925494195,2,0.2617069486404834,1,0.287546468401487,0.025839519761003626,5296,5380,current_best
Mouse,POLYIC_20190612_polyic___E3_P1_4,y,5,4.999999925494195,3,0.21695619335347432,2,0.35185873605947954,0.1349025427060052,5296,5380,current_best
Mouse,POLYIC_20190612_polyic___E3_P1_4,y,6,4.999999925494195,0,0.19373111782477342,1,0.20074349442379183,0.007012376599018405,5296,5380,current_best
Mouse,POLYIC_20190612_polyic___E3_P1_4,y,7,4.999999925494195,6,0.16389728096676737,0,0.1737918215613383,0.009894540594570927,5296,5380,current_best
Mouse,POLYIC_20190612_polyic___E3_P1_4,y,8,4.999999925494195,1,0.15351208459214502,1,0.22992565055762082,0.0764135659654758,5296,5380,current_best
Mouse,POLYIC_20190612_polyic___E3_P1_4,x,2,3.1999998807907124,1,0.5167871900826446,1,0.5101434933201385,-0.0066436967625060905,3872,4042,unetr_style
Mouse,POLYIC_20190612_polyic___E3_P1_4,x,3,3.1999998807907124,1,0.34581611570247933,2,0.34512617516081145,-0.0006899405416678772,3872,4042,unetr_style
Mouse,POLYIC_20190612_polyic___E3_P1_4,x,4,3.1999998807907124,3,0.265754132231405,1,0.2553191489361702,-0.01043498329523479,3872,4042,unetr_style
Mouse,POLYIC_20190612_polyic___E3_P1_4,x,5,3.1999998807907124,1,0.21074380165289255,1,0.20856011875309252,-0.0021836828998000324,3872,4042,unetr_style
Mouse,POLYIC_20190612_polyic___E3_P1_4,x,6,3.1999998807907124,3,0.1846590909090909,3,0.1788718456209797,-0.005787245288111198,3872,4042,unetr_style
Mouse,POLYIC_20190612_polyic___E3_P1_4,x,7,3.1999998807907124,4,0.16451446280991736,4,0.16773874319643742,0.003224280386520062,3872,4042,unetr_style
Mouse,POLYIC_20190612_polyic___E3_P1_4,x,8,3.1999998807907124,7,0.14514462809917356,1,0.13978228599703119,-0.00536234210214237,3872,4042,unetr_style
Mouse,POLYIC_20190612_polyic___E3_P1_4,y,2,4.999999925494195,1,0.5001888217522659,1,0.5411895086811969,0.041000686928930996,5296,5414,unetr_style
Mouse,POLYIC_20190612_polyic___E3_P1_4,y,3,4.999999925494195,0,0.35139728096676737,1,0.3468784632434429,-0.004518817723324464,5296,5414,unetr_style
Mouse,POLYIC_20190612_polyic___E3_P1_4,y,4,4.999999925494195,2,0.2617069486404834,1,0.2879571481344662,0.02625019949398283,5296,5414,unetr_style
Mouse,POLYIC_20190612_polyic___E3_P1_4,y,5,4.999999925494195,3,0.21695619335347432,2,0.3407831547838936,0.12382696143041927,5296,5414,unetr_style
Mouse,POLYIC_20190612_polyic___E3_P1_4,y,6,4.999999925494195,0,0.19373111782477342,1,0.19615810860731436,0.0024269907825409387,5296,5414,unetr_style
Mouse,POLYIC_20190612_polyic___E3_P1_4,y,7,4.999999925494195,6,0.16389728096676737,0,0.18341337273734762,0.01951609177058025,5296,5414,unetr_style
Mouse,POLYIC_20190612_polyic___E3_P1_4,y,8,4.999999925494195,1,0.15351208459214502,1,0.21906169190986333,0.0655496073177183,5296,5414,unetr_style
Mouse,POLYIC_20190614_polyic___E3_P1,x,2,3.1999998807907124,0,0.5055499495459133,0,0.50075,-0.004799949545913229,3964,4000,current_best
Mouse,POLYIC_20190614_polyic___E3_P1,x,3,3.1999998807907124,0,0.3360242179616549,2,0.3375,0.0014757820383451414,3964,4000,current_best
Mouse,POLYIC_20190614_polyic___E3_P1,x,4,3.1999998807907124,0,0.2626135216952573,3,0.2565,-0.006113521695257307,3964,4000,current_best
Mouse,POLYIC_20190614_polyic___E3_P1,x,5,3.1999998807907124,4,0.21619576185671038,4,0.2195,0.0033042381432896173,3964,4000,current_best
Mouse,POLYIC_20190614_polyic___E3_P1,x,6,3.1999998807907124,1,0.17734611503531786,1,0.17725,-9.611503531786747e-05,3964,4000,current_best
Mouse,POLYIC_20190614_polyic___E3_P1,x,7,3.1999998807907124,6,0.16321897073662966,6,0.1635,0.0002810292633703415,3964,4000,current_best
Mouse,POLYIC_20190614_polyic___E3_P1,x,8,3.1999998807907124,4,0.13420787083753785,3,0.143,0.008792129162462137,3964,4000,current_best
Mouse,POLYIC_20190614_polyic___E3_P1,y,2,4.999999925494195,0,0.5027462467960454,1,0.55468465184105,0.051938405045004576,5462,5486,current_best
Mouse,POLYIC_20190614_polyic___E3_P1,y,3,4.999999925494195,2,0.34328084950567556,2,0.3829748450601531,0.03969399555447756,5462,5486,current_best
Mouse,POLYIC_20190614_polyic___E3_P1,y,4,4.999999925494195,2,0.25851336506774075,1,0.2918337586584032,0.03332039359066247,5462,5486,current_best
Mouse,POLYIC_20190614_polyic___E3_P1,y,5,4.999999925494195,3,0.2255584035151959,3,0.34433102442581115,0.11877262091061525,5462,5486,current_best
Mouse,POLYIC_20190614_polyic___E3_P1,y,6,4.999999925494195,2,0.17777370926400585,3,0.2110827561064528,0.033309046842446954,5462,5486,current_best
Mouse,POLYIC_20190614_polyic___E3_P1,y,7,4.999999925494195,0,0.18454778469425118,0,0.16423623769595333,-0.020311546998297847,5462,5486,current_best
Mouse,POLYIC_20190614_polyic___E3_P1,y,8,4.999999925494195,2,0.1508604906627609,1,0.2010572366022603,0.05019674593949941,5462,5486,current_best
Mouse,POLYIC_20190614_polyic___E3_P1,x,2,3.1999998807907124,0,0.5055499495459133,0,0.5040767386091127,-0.0014732109368005286,3964,4170,unetr_style
Mouse,POLYIC_20190614_polyic___E3_P1,x,3,3.1999998807907124,0,0.3360242179616549,0,0.339568345323741,0.003544127362086147,3964,4170,unetr_style
Mouse,POLYIC_20190614_polyic___E3_P1,x,4,3.1999998807907124,0,0.2626135216952573,3,0.2633093525179856,0.0006958308227282828,3964,4170,unetr_style
Mouse,POLYIC_20190614_polyic___E3_P1,x,5,3.1999998807907124,4,0.21619576185671038,4,0.2158273381294964,-0.0003684237272139901,3964,4170,unetr_style
Mouse,POLYIC_20190614_polyic___E3_P1,x,6,3.1999998807907124,1,0.17734611503531786,0,0.1776978417266187,0.00035172669130084655,3964,4170,unetr_style
Mouse,POLYIC_20190614_polyic___E3_P1,x,7,3.1999998807907124,6,0.16321897073662966,6,0.1580335731414868,-0.00518539759514286,3964,4170,unetr_style
Mouse,POLYIC_20190614_polyic___E3_P1,x,8,3.1999998807907124,4,0.13420787083753785,3,0.13860911270983214,0.0044012418722942925,3964,4170,unetr_style
Mouse,POLYIC_20190614_polyic___E3_P1,y,2,4.999999925494195,0,0.5027462467960454,1,0.5551523947750363,0.0524061479789909,5462,5512,unetr_style
Mouse,POLYIC_20190614_polyic___E3_P1,y,3,4.999999925494195,2,0.34328084950567556,2,0.37790275761973874,0.03462190811406318,5462,5512,unetr_style
Mouse,POLYIC_20190614_polyic___E3_P1,y,4,4.999999925494195,2,0.25851336506774075,1,0.3011611030478955,0.042647737980154754,5462,5512,unetr_style
Mouse,POLYIC_20190614_polyic___E3_P1,y,5,4.999999925494195,3,0.2255584035151959,2,0.341799709724238,0.1162413062090421,5462,5512,unetr_style
Mouse,POLYIC_20190614_polyic___E3_P1,y,6,4.999999925494195,2,0.17777370926400585,3,0.2079100145137881,0.030136305249782253,5462,5512,unetr_style
Mouse,POLYIC_20190614_polyic___E3_P1,y,7,4.999999925494195,0,0.18454778469425118,0,0.1658200290275762,-0.018727755666674978,5462,5512,unetr_style
Mouse,POLYIC_20190614_polyic___E3_P1,y,8,4.999999925494195,2,0.1508604906627609,1,0.20192307692307693,0.05106258626031604,5462,5512,unetr_style
Mouse,POLYIC_20190614_polyic___E3_P1_1,x,2,3.1999998807907124,0,0.5,1,0.5118129218900676,0.011812921890067551,4142,4148,current_best
Mouse,POLYIC_20190614_polyic___E3_P1_1,x,3,3.1999998807907124,0,0.34282955094157413,1,0.34185149469623916,-0.0009780562453349795,4142,4148,current_best
Mouse,POLYIC_20190614_polyic___E3_P1_1,x,4,3.1999998807907124,3,0.26050217286335103,1,0.26325940212150434,0.0027572292581533042,4142,4148,current_best
Mouse,POLYIC_20190614_polyic___E3_P1_1,x,5,3.1999998807907124,3,0.21173346209560598,2,0.21552555448408872,0.003792092388482743,4142,4148,current_best
Mouse,POLYIC_20190614_polyic___E3_P1_1,x,6,3.1999998807907124,3,0.1731047802993723,4,0.17430086788813887,0.0011960875887665756,4142,4148,current_best
Mouse,POLYIC_20190614_polyic___E3_P1_1,x,7,3.1999998807907124,1,0.1571704490584259,1,0.15718418514946964,1.3736091043742293e-05,4142,4148,current_best
Mouse,POLYIC_20190614_polyic___E3_P1_1,x,8,3.1999998807907124,4,0.1417189763399324,2,0.1410318225650916,-0.0006871537748407985,4142,4148,current_best
Mouse,POLYIC_20190614_polyic___E3_P1_1,y,2,4.999999925494195,0,0.515011119347665,1,0.5586499446698635,0.04363882532219854,5396,5422,current_best
Mouse,POLYIC_20190614_polyic___E3_P1_1,y,3,4.999999925494195,0,0.33821349147516677,2,0.3600147547030616,0.02180126322789483,5396,5422,current_best
Mouse,POLYIC_20190614_polyic___E3_P1_1,y,4,4.999999925494195,2,0.2629725722757598,1,0.2938030247141276,0.030830452438367795,5396,5422,current_best
Mouse,POLYIC_20190614_polyic___E3_P1_1,y,5,4.999999925494195,1,0.21830985915492956,2,0.3450756178531907,0.12676575869826112,5396,5422,current_best
Mouse,POLYIC_20190614_polyic___E3_P1_1,y,6,4.999999925494195,0,0.17920681986656783,5,0.18720029509406122,0.007993475227493385,5396,5422,current_best
Mouse,POLYIC_20190614_polyic___E3_P1_1,y,7,4.999999925494195,5,0.16215715344699777,4,0.16451493913684986,0.0023577856898520932,5396,5422,current_best
Mouse,POLYIC_20190614_polyic___E3_P1_1,y,8,4.999999925494195,0,0.14733135656041513,1,0.2032460346735522,0.05591467811313708,5396,5422,current_best
Mouse,POLYIC_20190614_polyic___E3_P1_1,x,2,3.1999998807907124,0,0.5,0,0.504644681839294,0.004644681839294007,4142,4306,unetr_style
Mouse,POLYIC_20190614_polyic___E3_P1_1,x,3,3.1999998807907124,0,0.34282955094157413,2,0.35624709707385044,0.013417546132276303,4142,4306,unetr_style
Mouse,POLYIC_20190614_polyic___E3_P1_1,x,4,3.1999998807907124,3,0.26050217286335103,3,0.25545750116117044,-0.005044671702180592,4142,4306,unetr_style
Mouse,POLYIC_20190614_polyic___E3_P1_1,x,5,3.1999998807907124,3,0.21173346209560598,3,0.21481653506734788,0.0030830729717419014,4142,4306,unetr_style
Mouse,POLYIC_20190614_polyic___E3_P1_1,x,6,3.1999998807907124,3,0.1731047802993723,5,0.17974918718067812,0.0066444068813058255,4142,4306,unetr_style
Mouse,POLYIC_20190614_polyic___E3_P1_1,x,7,3.1999998807907124,1,0.1571704490584259,1,0.1595448211797492,0.0023743721213232982,4142,4306,unetr_style
Mouse,POLYIC_20190614_polyic___E3_P1_1,x,8,3.1999998807907124,4,0.1417189763399324,2,0.14375290292614956,0.0020339265862171496,4142,4306,unetr_style
Mouse,POLYIC_20190614_polyic___E3_P1_1,y,2,4.999999925494195,0,0.515011119347665,1,0.534965034965035,0.019953915617370033,5396,5434,unetr_style
Mouse,POLYIC_20190614_polyic___E3_P1_1,y,3,4.999999925494195,0,0.33821349147516677,2,0.3597718071402282,0.021558315665061445,5396,5434,unetr_style
Mouse,POLYIC_20190614_polyic___E3_P1_1,y,4,4.999999925494195,2,0.2629725722757598,1,0.28505704821494293,0.022084475939183112,5396,5434,unetr_style
Mouse,POLYIC_20190614_polyic___E3_P1_1,y,5,4.999999925494195,1,0.21830985915492956,0,0.3382407066617593,0.11993084750682975,5396,5434,unetr_style
Mouse,POLYIC_20190614_polyic___E3_P1_1,y,6,4.999999925494195,0,0.17920681986656783,2,0.18421052631578946,0.005003706449221629,5396,5434,unetr_style
Mouse,POLYIC_20190614_polyic___E3_P1_1,y,7,4.999999925494195,5,0.16215715344699777,0,0.16433566433566432,0.0021785108886665516,5396,5434,unetr_style
Mouse,POLYIC_20190614_polyic___E3_P1_1,y,8,4.999999925494195,0,0.14733135656041513,1,0.19911667280088333,0.0517853162404682,5396,5434,unetr_style
Mouse,POLYIC_20190614_polyic___E3_P1_3,x,2,3.1999998807907124,0,0.5045982575024202,1,0.5052556139512662,0.0006573564488460137,4132,4186,current_best
Mouse,POLYIC_20190614_polyic___E3_P1_3,x,3,3.1999998807907124,1,0.340513068731849,2,0.3456760630673674,0.005162994335518423,4132,4186,current_best
Mouse,POLYIC_20190614_polyic___E3_P1_3,x,4,3.1999998807907124,0,0.2596805421103582,3,0.2544194935499283,-0.00526104856042986,4132,4186,current_best
Mouse,POLYIC_20190614_polyic___E3_P1_3,x,5,3.1999998807907124,2,0.207405614714424,0,0.20926899187768752,0.0018633771632635132,4132,4186,current_best
Mouse,POLYIC_20190614_polyic___E3_P1_3,x,6,3.1999998807907124,1,0.1749757986447241,2,0.17654085045389392,0.0015650518091698262,4132,4186,current_best
Mouse,POLYIC_20190614_polyic___E3_P1_3,x,7,3.1999998807907124,0,0.14666021297192644,0,0.16244624940277114,0.015786036430844697,4132,4186,current_best
Mouse,POLYIC_20190614_polyic___E3_P1_3,x,8,3.1999998807907124,4,0.12996127783155856,7,0.13210702341137123,0.0021457455798126746,4132,4186,current_best
Mouse,POLYIC_20190614_polyic___E3_P1_3,y,2,4.999999925494195,0,0.503968253968254,1,0.5073033707865169,0.0033351168182629287,5292,5340,current_best
Mouse,POLYIC_20190614_polyic___E3_P1_3,y,3,4.999999925494195,0,0.33843537414965985,0,0.33951310861423223,0.0010777344645723774,5292,5340,current_best
Mouse,POLYIC_20190614_polyic___E3_P1_3,y,4,4.999999925494195,2,0.25321239606953894,0,0.26910112359550564,0.015888727525966706,5292,5340,current_best
Mouse,POLYIC_20190614_polyic___E3_P1_3,y,5,4.999999925494195,1,0.21863189720332576,0,0.350187265917603,0.13155536871427725,5292,5340,current_best
Mouse,POLYIC_20190614_polyic___E3_P1_3,y,6,4.999999925494195,0,0.17970521541950113,3,0.18576779026217227,0.006062574842671142,5292,5340,current_best
Mouse,POLYIC_20190614_polyic___E3_P1_3,y,7,4.999999925494195,3,0.15684051398337112,3,0.17059925093632958,0.013758736952958456,5292,5340,current_best
Mouse,POLYIC_20190614_polyic___E3_P1_3,y,8,4.999999925494195,4,0.13624338624338625,1,0.1546816479400749,0.018438261696688663,5292,5340,current_best
Mouse,POLYIC_20190614_polyic___E3_P1_3,x,2,3.1999998807907124,0,0.5045982575024202,1,0.5034578146611342,-0.0011404428412860046,4132,4338,unetr_style
Mouse,POLYIC_20190614_polyic___E3_P1_3,x,3,3.1999998807907124,1,0.340513068731849,2,0.34117104656523745,0.0006579778333884456,4132,4338,unetr_style
Mouse,POLYIC_20190614_polyic___E3_P1_3,x,4,3.1999998807907124,0,0.2596805421103582,3,0.25633932687874594,-0.003341215231612238,4132,4338,unetr_style
Mouse,POLYIC_20190614_polyic___E3_P1_3,x,5,3.1999998807907124,2,0.207405614714424,1,0.21484555094513602,0.007439936230712013,4132,4338,unetr_style
Mouse,POLYIC_20190614_polyic___E3_P1_3,x,6,3.1999998807907124,1,0.1749757986447241,2,0.17381281696634393,-0.001162981678380165,4132,4338,unetr_style
Mouse,POLYIC_20190614_polyic___E3_P1_3,x,7,3.1999998807907124,0,0.14666021297192644,0,0.14868603042876902,0.002025817456842577,4132,4338,unetr_style
Mouse,POLYIC_20190614_polyic___E3_P1_3,x,8,3.1999998807907124,4,0.12996127783155856,7,0.13462425080682341,0.004662972975264856,4132,4338,unetr_style
Mouse,POLYIC_20190614_polyic___E3_P1_3,y,2,4.999999925494195,0,0.503968253968254,1,0.5130111524163569,0.00904289844810291,5292,5380,unetr_style
Mouse,POLYIC_20190614_polyic___E3_P1_3,y,3,4.999999925494195,0,0.33843537414965985,0,0.35111524163568775,0.012679867486027896,5292,5380,unetr_style
Mouse,POLYIC_20190614_polyic___E3_P1_3,y,4,4.999999925494195,2,0.25321239606953894,1,0.27193308550185874,0.018720689432319804,5292,5380,unetr_style
Mouse,POLYIC_20190614_polyic___E3_P1_3,y,5,4.999999925494195,1,0.21863189720332576,2,0.3366171003717472,0.11798520316842143,5292,5380,unetr_style
Mouse,POLYIC_20190614_polyic___E3_P1_3,y,6,4.999999925494195,0,0.17970521541950113,3,0.19442379182156133,0.014718576402060202,5292,5380,unetr_style
Mouse,POLYIC_20190614_polyic___E3_P1_3,y,7,4.999999925494195,3,0.15684051398337112,3,0.1704460966542751,0.013605582670903976,5292,5380,unetr_style
Mouse,POLYIC_20190614_polyic___E3_P1_3,y,8,4.999999925494195,4,0.13624338624338625,1,0.14981412639405203,0.013570740150665783,5292,5380,unetr_style
Mouse,POLYIC_20190614_polyic___E3_P1_4,x,2,3.1999998807907124,1,0.502906976744186,1,0.5007187350263537,-0.0021882417178323843,4128,4174,current_best
Mouse,POLYIC_20190614_polyic___E3_P1_4,x,3,3.1999998807907124,2,0.34689922480620156,1,0.3447532343076186,-0.0021459904985829392,4128,4174,current_best
Mouse,POLYIC_20190614_polyic___E3_P1_4,x,4,3.1999998807907124,3,0.25775193798449614,2,0.2616195495927168,0.003867611608220689,4128,4174,current_best
Mouse,POLYIC_20190614_polyic___E3_P1_4,x,5,3.1999998807907124,4,0.20687984496124032,4,0.21250598945855295,0.005626144497312635,4128,4174,current_best
Mouse,POLYIC_20190614_polyic___E3_P1_4,x,6,3.1999998807907124,5,0.17829457364341086,5,0.1772879731672257,-0.001006600476185171,4128,4174,current_best
Mouse,POLYIC_20190614_polyic___E3_P1_4,x,7,3.1999998807907124,0,0.14898255813953487,0,0.14734068040249163,-0.0016418777370432458,4128,4174,current_best
Mouse,POLYIC_20190614_polyic___E3_P1_4,x,8,3.1999998807907124,3,0.13275193798449614,3,0.1377575467177767,0.00500560873328057,4128,4174,current_best
Mouse,POLYIC_20190614_polyic___E3_P1_4,y,2,4.999999925494195,1,0.50202131569276,1,0.5547445255474452,0.05272320985468526,5442,5480,current_best
Mouse,POLYIC_20190614_polyic___E3_P1_4,y,3,4.999999925494195,2,0.35887541345093715,2,0.3697080291970803,0.010832615746143137,5442,5480,current_best
Mouse,POLYIC_20190614_polyic___E3_P1_4,y,4,4.999999925494195,2,0.28114663726571115,3,0.2804744525547445,-0.000672184710966639,5442,5480,current_best
Mouse,POLYIC_20190614_polyic___E3_P1_4,y,5,4.999999925494195,1,0.22528482175670708,0,0.38467153284671535,0.15938671109000827,5442,5480,current_best
Mouse,POLYIC_20190614_polyic___E3_P1_4,y,6,4.999999925494195,5,0.18779860345461227,3,0.2071167883211679,0.01931818486655562,5442,5480,current_best
Mouse,POLYIC_20190614_polyic___E3_P1_4,y,7,4.999999925494195,1,0.1585814038956266,1,0.181021897810219,0.02244049391459238,5442,5480,current_best
Mouse,POLYIC_20190614_polyic___E3_P1_4,y,8,4.999999925494195,3,0.14792355751561925,1,0.17427007299270073,0.026346515477081472,5442,5480,current_best
Mouse,POLYIC_20190614_polyic___E3_P1_4,x,2,3.1999998807907124,1,0.502906976744186,0,0.5069864927806241,0.00407951603643808,4128,4294,unetr_style
Mouse,POLYIC_20190614_polyic___E3_P1_4,x,3,3.1999998807907124,2,0.34689922480620156,2,0.34233814625058223,-0.0045610785556193245,4128,4294,unetr_style
Mouse,POLYIC_20190614_polyic___E3_P1_4,x,4,3.1999998807907124,3,0.25775193798449614,0,0.25547275267815556,-0.002279185306340581,4128,4294,unetr_style
Mouse,POLYIC_20190614_polyic___E3_P1_4,x,5,3.1999998807907124,4,0.20687984496124032,0,0.21238938053097345,0.005509535569733132,4128,4294,unetr_style
Mouse,POLYIC_20190614_polyic___E3_P1_4,x,6,3.1999998807907124,5,0.17829457364341086,5,0.17256637168141592,-0.005728201961994944,4128,4294,unetr_style
Mouse,POLYIC_20190614_polyic___E3_P1_4,x,7,3.1999998807907124,0,0.14898255813953487,1,0.1520726595249185,0.0030901013853836257,4128,4294,unetr_style
Mouse,POLYIC_20190614_polyic___E3_P1_4,x,8,3.1999998807907124,3,0.13275193798449614,4,0.13646949231485794,0.0037175543303618053,4128,4294,unetr_style
Mouse,POLYIC_20190614_polyic___E3_P1_4,y,2,4.999999925494195,1,0.50202131569276,1,0.5621140573919361,0.06009274169917611,5442,5506,unetr_style
Mouse,POLYIC_20190614_polyic___E3_P1_4,y,3,4.999999925494195,2,0.35887541345093715,0,0.3632401017072285,0.004364688256291327,5442,5506,unetr_style
Mouse,POLYIC_20190614_polyic___E3_P1_4,y,4,4.999999925494195,2,0.28114663726571115,3,0.2882310207046858,0.007084383438974662,5442,5506,unetr_style
Mouse,POLYIC_20190614_polyic___E3_P1_4,y,5,4.999999925494195,1,0.22528482175670708,0,0.35978932074100983,0.13450449898430275,5442,5506,unetr_style
Mouse,POLYIC_20190614_polyic___E3_P1_4,y,6,4.999999925494195,5,0.18779860345461227,3,0.2221213221939702,0.03432271873935794,5442,5506,unetr_style
Mouse,POLYIC_20190614_polyic___E3_P1_4,y,7,4.999999925494195,1,0.1585814038956266,1,0.1719941881583727,0.013412784262746086,5442,5506,unetr_style
Mouse,POLYIC_20190614_polyic___E3_P1_4,y,8,4.999999925494195,3,0.14792355751561925,1,0.1719941881583727,0.024070630642753443,5442,5506,unetr_style
Mouse,POLYIC_20190614_polyic___E3_P1_5,x,2,3.1999998807907124,1,0.50570835495589,0,0.5020565552699229,-0.003651799685967072,3854,3890,current_best
Mouse,POLYIC_20190614_polyic___E3_P1_5,x,3,3.1999998807907124,1,0.33990659055526723,2,0.3467866323907455,0.0068800418354782455,3854,3890,current_best
Mouse,POLYIC_20190614_polyic___E3_P1_5,x,4,3.1999998807907124,3,0.2597301504929943,2,0.2660668380462725,0.0063366875532782085,3854,3890,current_best
Mouse,POLYIC_20190614_polyic___E3_P1_5,x,5,3.1999998807907124,3,0.2075765438505449,3,0.21516709511568125,0.007590551265136358,3854,3890,current_best
Mouse,POLYIC_20190614_polyic___E3_P1_5,x,6,3.1999998807907124,3,0.17903476907109497,4,0.17866323907455012,-0.00037152999654485597,3854,3890,current_best
Mouse,POLYIC_20190614_polyic___E3_P1_5,x,7,3.1999998807907124,2,0.15568240788790866,2,0.1570694087403599,0.0013870008524512478,3854,3890,current_best
Mouse,POLYIC_20190614_polyic___E3_P1_5,x,8,3.1999998807907124,6,0.1411520498183705,6,0.15604113110539847,0.014889081287027955,3854,3890,current_best
Mouse,POLYIC_20190614_polyic___E3_P1_5,y,2,4.999999925494195,0,0.5116848850358086,1,0.559053651266766,0.047368766230957426,5306,5368,current_best
Mouse,POLYIC_20190614_polyic___E3_P1_5,y,3,4.999999925494195,2,0.3511119487372786,2,0.37853949329359166,0.027427544556313077,5306,5368,current_best
Mouse,POLYIC_20190614_polyic___E3_P1_5,y,4,4.999999925494195,2,0.28100263852242746,1,0.30011177347242923,0.01910913495000177,5306,5368,current_best
Mouse,POLYIC_20190614_polyic___E3_P1_5,y,5,4.999999925494195,3,0.2161703731624576,2,0.34295827123695977,0.12678789807450216,5306,5368,current_best
Mouse,POLYIC_20190614_polyic___E3_P1_5,y,6,4.999999925494195,2,0.18620429702223898,3,0.19020119225037257,0.003996895228133596,5306,5368,current_best
Mouse,POLYIC_20190614_polyic___E3_P1_5,y,7,4.999999925494195,0,0.16528458349038824,0,0.1695230998509687,0.004238516360580452,5306,5368,current_best
Mouse,POLYIC_20190614_polyic___E3_P1_5,y,8,4.999999925494195,2,0.15981907274783264,1,0.18610283159463487,0.02628375884680223,5306,5368,current_best
Mouse,POLYIC_20190614_polyic___E3_P1_5,x,2,3.1999998807907124,1,0.50570835495589,1,0.5036891293654697,-0.002019225590420226,3854,4066,unetr_style
Mouse,POLYIC_20190614_polyic___E3_P1_5,x,3,3.1999998807907124,1,0.33990659055526723,2,0.3583374323659616,0.018430841810694376,3854,4066,unetr_style
Mouse,POLYIC_20190614_polyic___E3_P1_5,x,4,3.1999998807907124,3,0.2597301504929943,3,0.26045253320216427,0.0007223827091699664,3854,4066,unetr_style
Mouse,POLYIC_20190614_polyic___E3_P1_5,x,5,3.1999998807907124,3,0.2075765438505449,4,0.2102803738317757,0.0027038299812308098,3854,4066,unetr_style
Mouse,POLYIC_20190614_polyic___E3_P1_5,x,6,3.1999998807907124,3,0.17903476907109497,5,0.17978357107722578,0.0007488020061308109,3854,4066,unetr_style
Mouse,POLYIC_20190614_polyic___E3_P1_5,x,7,3.1999998807907124,2,0.15568240788790866,3,0.16305951795376292,0.007377110065854259,3854,4066,unetr_style
Mouse,POLYIC_20190614_polyic___E3_P1_5,x,8,3.1999998807907124,6,0.1411520498183705,7,0.1396950319724545,-0.0014570178459160088,3854,4066,unetr_style
Mouse,POLYIC_20190614_polyic___E3_P1_5,y,2,4.999999925494195,0,0.5116848850358086,1,0.5672362555720654,0.055551370536256806,5306,5384,unetr_style
Mouse,POLYIC_20190614_polyic___E3_P1_5,y,3,4.999999925494195,2,0.3511119487372786,2,0.3662704309063893,0.015158482169110699,5306,5384,unetr_style
Mouse,POLYIC_20190614_polyic___E3_P1_5,y,4,4.999999925494195,2,0.28100263852242746,1,0.31426448736998513,0.03326184884755767,5306,5384,unetr_style
Mouse,POLYIC_20190614_polyic___E3_P1_5,y,5,4.999999925494195,3,0.2161703731624576,3,0.35791233283803864,0.14174195967558104,5306,5384,unetr_style
Mouse,POLYIC_20190614_polyic___E3_P1_5,y,6,4.999999925494195,2,0.18620429702223898,3,0.20282317979197623,0.016618882769737248,5306,5384,unetr_style
Mouse,POLYIC_20190614_polyic___E3_P1_5,y,7,4.999999925494195,0,0.16528458349038824,2,0.16716196136701336,0.0018773778766251192,5306,5384,unetr_style
Mouse,POLYIC_20190614_polyic___E3_P1_5,y,8,4.999999925494195,2,0.15981907274783264,1,0.18833580980683506,0.02851673705900243,5306,5384,unetr_style
Mouse,POLYIC_20190614_polyic___E3_P1_6,x,2,3.1999998807907124,1,0.512108980827447,1,0.519,0.00689101917255297,3964,4000,current_best
Mouse,POLYIC_20190614_polyic___E3_P1_6,x,3,3.1999998807907124,1,0.34006054490413723,0,0.33775,-0.002310544904137235,3964,4000,current_best
Mouse,POLYIC_20190614_polyic___E3_P1_6,x,4,3.1999998807907124,3,0.26185671039354186,1,0.26475,0.002893289606458127,3964,4000,current_best
Mouse,POLYIC_20190614_polyic___E3_P1_6,x,5,3.1999998807907124,4,0.21115035317860747,3,0.214,0.002849646821392521,3964,4000,current_best
Mouse,POLYIC_20190614_polyic___E3_P1_6,x,6,3.1999998807907124,1,0.1818869828456105,1,0.178,-0.0038869828456105093,3964,4000,current_best
Mouse,POLYIC_20190614_polyic___E3_P1_6,x,7,3.1999998807907124,4,0.1601917255297679,3,0.1585,-0.0016917255297679012,3964,4000,current_best
Mouse,POLYIC_20190614_polyic___E3_P1_6,x,8,3.1999998807907124,3,0.14278506559031282,1,0.15225,0.009464934409687181,3964,4000,current_best
Mouse,POLYIC_20190614_polyic___E3_P1_6,y,2,4.999999925494195,1,0.5158124318429662,0,0.5118279569892473,-0.003984474853718889,5502,5580,current_best
Mouse,POLYIC_20190614_polyic___E3_P1_6,y,3,4.999999925494195,0,0.33933115230825156,1,0.34551971326164876,0.006188560953397204,5502,5580,current_best
Mouse,POLYIC_20190614_polyic___E3_P1_6,y,4,4.999999925494195,1,0.26990185387131954,2,0.2698924731182796,-9.380753039966994e-06,5502,5580,current_best
Mouse,POLYIC_20190614_polyic___E3_P1_6,y,5,4.999999925494195,3,0.21901126862958925,2,0.34516129032258064,0.1261500216929914,5502,5580,current_best
Mouse,POLYIC_20190614_polyic___E3_P1_6,y,6,4.999999925494195,0,0.17884405670665213,0,0.1949820788530466,0.016138022146394482,5502,5580,current_best
Mouse,POLYIC_20190614_polyic___E3_P1_6,y,7,4.999999925494195,3,0.16266812068338785,3,0.16308243727598568,0.0004143165925978298,5502,5580,current_best
Mouse,POLYIC_20190614_polyic___E3_P1_6,y,8,4.999999925494195,1,0.13776808433296983,3,0.17759856630824372,0.03983048197527389,5502,5580,current_best
Mouse,POLYIC_20190614_polyic___E3_P1_6,x,2,3.1999998807907124,1,0.512108980827447,0,0.505082284607938,-0.007026696219509021,3964,4132,unetr_style
Mouse,POLYIC_20190614_polyic___E3_P1_6,x,3,3.1999998807907124,1,0.34006054490413723,0,0.3465634075508228,0.006502862646685592,3964,4132,unetr_style
Mouse,POLYIC_20190614_polyic___E3_P1_6,x,4,3.1999998807907124,3,0.26185671039354186,2,0.26790900290416264,0.0060522925106207826,3964,4132,unetr_style
Mouse,POLYIC_20190614_polyic___E3_P1_6,x,5,3.1999998807907124,4,0.21115035317860747,3,0.2090997095837367,-0.0020506435948707824,3964,4132,unetr_style
Mouse,POLYIC_20190614_polyic___E3_P1_6,x,6,3.1999998807907124,1,0.1818869828456105,3,0.18538238141335914,0.0034953985677486366,3964,4132,unetr_style
Mouse,POLYIC_20190614_polyic___E3_P1_6,x,7,3.1999998807907124,4,0.1601917255297679,4,0.15634075508228462,-0.0038509704474832818,3964,4132,unetr_style
Mouse,POLYIC_20190614_polyic___E3_P1_6,x,8,3.1999998807907124,3,0.14278506559031282,3,0.13964181994191674,-0.003143245648396076,3964,4132,unetr_style
Mouse,POLYIC_20190614_polyic___E3_P1_6,y,2,4.999999925494195,1,0.5158124318429662,1,0.5021543985637343,-0.013658033279231874,5502,5570,unetr_style
Mouse,POLYIC_20190614_polyic___E3_P1_6,y,3,4.999999925494195,0,0.33933115230825156,1,0.34865350089766606,0.009322348589414498,5502,5570,unetr_style
Mouse,POLYIC_20190614_polyic___E3_P1_6,y,4,4.999999925494195,1,0.26990185387131954,3,0.2689407540394973,-0.000961099831822243,5502,5570,unetr_style
Mouse,POLYIC_20190614_polyic___E3_P1_6,y,5,4.999999925494195,3,0.21901126862958925,2,0.34398563734290843,0.12497436871331918,5502,5570,unetr_style
Mouse,POLYIC_20190614_polyic___E3_P1_6,y,6,4.999999925494195,0,0.17884405670665213,1,0.19299820466786355,0.014154147961211422,5502,5570,unetr_style
Mouse,POLYIC_20190614_polyic___E3_P1_6,y,7,4.999999925494195,3,0.16266812068338785,1,0.1673249551166966,0.004656834433308749,5502,5570,unetr_style
Mouse,POLYIC_20190614_polyic___E3_P1_6,y,8,4.999999925494195,1,0.13776808433296983,3,0.18240574506283663,0.0446376607298668,5502,5570,unetr_style
Mouse,POLYIC_20190614_polyic___E4_P1_5,x,2,3.1999998807907124,0,0.5154845154845155,1,0.5141509433962265,-0.0013335720882889923,4004,4028,current_best
Mouse,POLYIC_20190614_polyic___E4_P1_5,x,3,3.1999998807907124,2,0.3421578421578422,2,0.3473187686196624,0.005160926461820203,4004,4028,current_best
Mouse,POLYIC_20190614_polyic___E4_P1_5,x,4,3.1999998807907124,0,0.2624875124875125,1,0.26688182720953324,0.004394314722020731,4004,4028,current_best
Mouse,POLYIC_20190614_polyic___E4_P1_5,x,5,3.1999998807907124,2,0.2087912087912088,1,0.20953326713008938,0.0007420583388805801,4004,4028,current_best
Mouse,POLYIC_20190614_polyic___E4_P1_5,x,6,3.1999998807907124,2,0.18031968031968032,5,0.17825223435948362,-0.002067445960196701,4004,4028,current_best
Mouse,POLYIC_20190614_polyic___E4_P1_5,x,7,3.1999998807907124,5,0.1645854145854146,6,0.15466732869910627,-0.009918085886308325,4004,4028,current_best
Mouse,POLYIC_20190614_polyic___E4_P1_5,x,8,3.1999998807907124,0,0.13661338661338662,1,0.1397715988083416,0.00315821219495499,4004,4028,current_best
Mouse,POLYIC_20190614_polyic___E4_P1_5,y,2,4.999999925494195,1,0.5223880597014925,0,0.5489795918367347,0.026591532135242235,5360,5390,current_best
Mouse,POLYIC_20190614_polyic___E4_P1_5,y,3,4.999999925494195,2,0.35261194029850745,0,0.37884972170686454,0.026237781408357086,5360,5390,current_best
Mouse,POLYIC_20190614_polyic___E4_P1_5,y,4,4.999999925494195,1,0.27425373134328357,0,0.298886827458256,0.02463309611497244,5360,5390,current_best
Mouse,POLYIC_20190614_polyic___E4_P1_5,y,5,4.999999925494195,1,0.22817164179104477,0,0.33506493506493507,0.1068932932738903,5360,5390,current_best
Mouse,POLYIC_20190614_polyic___E4_P1_5,y,6,4.999999925494195,1,0.17798507462686566,0,0.1914656771799629,0.013480602553097243,5360,5390,current_best
Mouse,POLYIC_20190614_polyic___E4_P1_5,y,7,4.999999925494195,6,0.1578358208955224,0,0.16215213358070502,0.004316312685182622,5360,5390,current_best
Mouse,POLYIC_20190614_polyic___E4_P1_5,y,8,4.999999925494195,1,0.14906716417910448,4,0.19053803339517625,0.041470869216071765,5360,5390,current_best
Mouse,POLYIC_20190614_polyic___E4_P1_5,x,2,3.1999998807907124,0,0.5154845154845155,1,0.517208413001912,0.0017238975173965443,4004,4184,unetr_style
Mouse,POLYIC_20190614_polyic___E4_P1_5,x,3,3.1999998807907124,2,0.3421578421578422,0,0.34584130019120457,0.0036834580333623967,4004,4184,unetr_style
Mouse,POLYIC_20190614_polyic___E4_P1_5,x,4,3.1999998807907124,0,0.2624875124875125,1,0.2652963671128107,0.002808854625298174,4004,4184,unetr_style
Mouse,POLYIC_20190614_polyic___E4_P1_5,x,5,3.1999998807907124,2,0.2087912087912088,3,0.2067399617590822,-0.002051247032126585,4004,4184,unetr_style
Mouse,POLYIC_20190614_polyic___E4_P1_5,x,6,3.1999998807907124,2,0.18031968031968032,3,0.18881453154875716,0.008494851229076839,4004,4184,unetr_style
Mouse,POLYIC_20190614_polyic___E4_P1_5,x,7,3.1999998807907124,5,0.1645854145854146,0,0.16252390057361377,-0.0020615140118008246,4004,4184,unetr_style
Mouse,POLYIC_20190614_polyic___E4_P1_5,x,8,3.1999998807907124,0,0.13661338661338662,1,0.13503824091778202,-0.0015751456956046017,4004,4184,unetr_style
Mouse,POLYIC_20190614_polyic___E4_P1_5,y,2,4.999999925494195,1,0.5223880597014925,0,0.5422353375138326,0.01984727781234008,5360,5422,unetr_style
Mouse,POLYIC_20190614_polyic___E4_P1_5,y,3,4.999999925494195,2,0.35261194029850745,0,0.3731095536702324,0.020497613371724954,5360,5422,unetr_style
Mouse,POLYIC_20190614_polyic___E4_P1_5,y,4,4.999999925494195,1,0.27425373134328357,0,0.3032091479158982,0.028955416572614634,5360,5422,unetr_style
Mouse,POLYIC_20190614_polyic___E4_P1_5,y,5,4.999999925494195,1,0.22817164179104477,2,0.350608631501291,0.12243698971024625,5360,5422,unetr_style
Mouse,POLYIC_20190614_polyic___E4_P1_5,y,6,4.999999925494195,1,0.17798507462686566,2,0.19605311693102176,0.018068042304156096,5360,5422,unetr_style
Mouse,POLYIC_20190614_polyic___E4_P1_5,y,7,4.999999925494195,6,0.1578358208955224,0,0.15787532275912947,3.9501863607072085e-05,5360,5422,unetr_style
Mouse,POLYIC_20190614_polyic___E4_P1_5,y,8,4.999999925494195,1,0.14906716417910448,4,0.2084101807451125,0.05934301656600802,5360,5422,unetr_style
Mouse,POLYIC_20190618_mouse33__E3_P1,x,2,3.1999998807907124,1,0.5110087045570917,1,0.5130456598093327,0.002036955252241013,3906,3986,current_best
Mouse,POLYIC_20190618_mouse33__E3_P1,x,3,3.1999998807907124,0,0.3420378904249872,0,0.34119417962870047,-0.0008437107962867563,3906,3986,current_best
Mouse,POLYIC_20190618_mouse33__E3_P1,x,4,3.1999998807907124,3,0.2631848438300051,3,0.2599096838936277,-0.0032751599363774475,3906,3986,current_best
Mouse,POLYIC_20190618_mouse33__E3_P1,x,5,3.1999998807907124,1,0.20378904249871993,3,0.20898143502257902,0.005192392523859085,3906,3986,current_best
Mouse,POLYIC_20190618_mouse33__E3_P1,x,6,3.1999998807907124,3,0.17767537122375832,3,0.18013045659809332,0.002455085374335003,3906,3986,current_best
Mouse,POLYIC_20190618_mouse33__E3_P1,x,7,3.1999998807907124,1,0.15232974910394265,3,0.154039136979428,0.0017093878754853575,3906,3986,current_best
Mouse,POLYIC_20190618_mouse33__E3_P1,x,8,3.1999998807907124,7,0.1390168970814132,3,0.1359759157049674,-0.003040981376445817,3906,3986,current_best
Mouse,POLYIC_20190618_mouse33__E3_P1,y,2,4.999999925494195,1,0.5314711359404097,0,0.5105011053795137,-0.02097003056089608,5370,5428,current_best
Mouse,POLYIC_20190618_mouse33__E3_P1,y,3,4.999999925494195,2,0.35698324022346367,0,0.36495946941783347,0.0079762291943698,5370,5428,current_best
Mouse,POLYIC_20190618_mouse33__E3_P1,y,4,4.999999925494195,3,0.2783985102420857,3,0.26823876197494473,-0.010159748267140944,5370,5428,current_best
Mouse,POLYIC_20190618_mouse33__E3_P1,y,5,4.999999925494195,1,0.21787709497206703,3,0.34948415622697127,0.13160706125490423,5370,5428,current_best
Mouse,POLYIC_20190618_mouse33__E3_P1,y,6,4.999999925494195,5,0.20353817504655494,4,0.19288872512896094,-0.010649449917594006,5370,5428,current_best
Mouse,POLYIC_20190618_mouse33__E3_P1,y,7,4.999999925494195,5,0.17076350093109868,4,0.19049373618275608,0.019730235251657402,5370,5428,current_best
Mouse,POLYIC_20190618_mouse33__E3_P1,y,8,4.999999925494195,1,0.14990689013035383,7,0.18091378039793662,0.0310068902675828,5370,5428,current_best
Mouse,POLYIC_20190618_mouse33__E3_P1,x,2,3.1999998807907124,1,0.5110087045570917,1,0.5004816955684007,-0.010527008988690967,3906,4152,unetr_style
Mouse,POLYIC_20190618_mouse33__E3_P1,x,3,3.1999998807907124,0,0.3420378904249872,0,0.3439306358381503,0.0018927454131630883,3906,4152,unetr_style
Mouse,POLYIC_20190618_mouse33__E3_P1,x,4,3.1999998807907124,3,0.2631848438300051,3,0.25529865125240847,-0.007886192577596651,3906,4152,unetr_style
Mouse,POLYIC_20190618_mouse33__E3_P1,x,5,3.1999998807907124,1,0.20378904249871993,1,0.2136319845857418,0.009842942087021883,3906,4152,unetr_style
Mouse,POLYIC_20190618_mouse33__E3_P1,x,6,3.1999998807907124,3,0.17767537122375832,3,0.17533718689788053,-0.00233818432587779,3906,4152,unetr_style
Mouse,POLYIC_20190618_mouse33__E3_P1,x,7,3.1999998807907124,1,0.15232974910394265,2,0.1498073217726397,-0.002522427331302951,3906,4152,unetr_style
Mouse,POLYIC_20190618_mouse33__E3_P1,x,8,3.1999998807907124,7,0.1390168970814132,1,0.13800578034682082,-0.0010111167345923933,3906,4152,unetr_style
Mouse,POLYIC_20190618_mouse33__E3_P1,y,2,4.999999925494195,1,0.5314711359404097,0,0.5169275573352748,-0.014543578605134888,5370,5494,unetr_style
Mouse,POLYIC_20190618_mouse33__E3_P1,y,3,4.999999925494195,2,0.35698324022346367,0,0.3525664361121223,-0.004416804111341377,5370,5494,unetr_style
Mouse,POLYIC_20190618_mouse33__E3_P1,y,4,4.999999925494195,3,0.2783985102420857,0,0.2604659628685839,-0.01793254737350175,5370,5494,unetr_style
Mouse,POLYIC_20190618_mouse33__E3_P1,y,5,4.999999925494195,1,0.21787709497206703,3,0.36057517291590824,0.1426980779438412,5370,5494,unetr_style
Mouse,POLYIC_20190618_mouse33__E3_P1,y,6,4.999999925494195,5,0.20353817504655494,4,0.20258463778667637,-0.0009535372598785674,5370,5494,unetr_style
Mouse,POLYIC_20190618_mouse33__E3_P1,y,7,4.999999925494195,5,0.17076350093109868,4,0.1858390971969421,0.015075596265843427,5370,5494,unetr_style
Mouse,POLYIC_20190618_mouse33__E3_P1,y,8,4.999999925494195,1,0.14990689013035383,7,0.17601019293775028,0.02610330280739645,5370,5494,unetr_style
Mouse,POLYIC_20190618_mouse34__E3_P1,x,2,3.1999998807907124,0,0.5088311688311689,0,0.5095262615859938,0.000695092754824933,3850,3884,current_best
Mouse,POLYIC_20190618_mouse34__E3_P1,x,3,3.1999998807907124,2,0.3509090909090909,2,0.34783728115345003,-0.003071809755640864,3850,3884,current_best
Mouse,POLYIC_20190618_mouse34__E3_P1,x,4,3.1999998807907124,0,0.2597402597402597,0,0.27059732234809475,0.010857062607835033,3850,3884,current_best
Mouse,POLYIC_20190618_mouse34__E3_P1,x,5,3.1999998807907124,3,0.21012987012987014,3,0.21266735324407826,0.0025374831142081222,3850,3884,current_best
Mouse,POLYIC_20190618_mouse34__E3_P1,x,6,3.1999998807907124,2,0.1787012987012987,2,0.177394438722966,-0.0013068599783326862,3850,3884,current_best
Mouse,POLYIC_20190618_mouse34__E3_P1,x,7,3.1999998807907124,3,0.1561038961038961,3,0.15756951596292482,0.0014656198590287106,3850,3884,current_best
Mouse,POLYIC_20190618_mouse34__E3_P1,x,8,3.1999998807907124,7,0.14493506493506494,4,0.1398043254376931,-0.0051307394973718334,3850,3884,current_best
Mouse,POLYIC_20190618_mouse34__E3_P1,y,2,4.999999925494195,1,0.5001878287002254,0,0.5261317629738682,0.025943934273642832,5324,5434,current_best
Mouse,POLYIC_20190618_mouse34__E3_P1,y,3,4.999999925494195,0,0.34278737791134484,1,0.36142804563857195,0.01864066772722711,5324,5434,current_best
Mouse,POLYIC_20190618_mouse34__E3_P1,y,4,4.999999925494195,1,0.25563486100676186,2,0.2692307692307692,0.013595908224007358,5324,5434,current_best
Mouse,POLYIC_20190618_mouse34__E3_P1,y,5,4.999999925494195,3,0.22933884297520662,3,0.3424733161575267,0.11313447318232006,5324,5434,current_best
Mouse,POLYIC_20190618_mouse34__E3_P1,y,6,4.999999925494195,3,0.17449286250939144,2,0.2118145012881855,0.03732163877879405,5324,5434,current_best
Mouse,POLYIC_20190618_mouse34__E3_P1,y,7,4.999999925494195,3,0.1626596543951916,0,0.1888111888111888,0.026151534415997213,5324,5434,current_best
Mouse,POLYIC_20190618_mouse34__E3_P1,y,8,4.999999925494195,2,0.14350112697220135,1,0.1888111888111888,0.04531006183898745,5324,5434,current_best
Mouse,POLYIC_20190618_mouse34__E3_P1,x,2,3.1999998807907124,0,0.5088311688311689,0,0.5070731707317073,-0.001757998099461533,3850,4100,unetr_style
Mouse,POLYIC_20190618_mouse34__E3_P1,x,3,3.1999998807907124,2,0.3509090909090909,2,0.3626829268292683,0.011773835920177389,3850,4100,unetr_style
Mouse,POLYIC_20190618_mouse34__E3_P1,x,4,3.1999998807907124,0,0.2597402597402597,0,0.26121951219512196,0.0014792524548622454,3850,4100,unetr_style
Mouse,POLYIC_20190618_mouse34__E3_P1,x,5,3.1999998807907124,3,0.21012987012987014,3,0.21536585365853658,0.0052359835286664436,3850,4100,unetr_style
Mouse,POLYIC_20190618_mouse34__E3_P1,x,6,3.1999998807907124,2,0.1787012987012987,2,0.18439024390243902,0.005688945201140327,3850,4100,unetr_style
Mouse,POLYIC_20190618_mouse34__E3_P1,x,7,3.1999998807907124,3,0.1561038961038961,3,0.16048780487804878,0.004383908774152678,3850,4100,unetr_style
Mouse,POLYIC_20190618_mouse34__E3_P1,x,8,3.1999998807907124,7,0.14493506493506494,4,0.13219512195121952,-0.012739942983845426,3850,4100,unetr_style
Mouse,POLYIC_20190618_mouse34__E3_P1,y,2,4.999999925494195,1,0.5001878287002254,0,0.5240788033564393,0.023890974656213926,5324,5482,unetr_style
Mouse,POLYIC_20190618_mouse34__E3_P1,y,3,4.999999925494195,0,0.34278737791134484,2,0.3659248449470996,0.023137467035754755,5324,5482,unetr_style
Mouse,POLYIC_20190618_mouse34__E3_P1,y,4,4.999999925494195,1,0.25563486100676186,2,0.26541408245166,0.009779221444898123,5324,5482,unetr_style
Mouse,POLYIC_20190618_mouse34__E3_P1,y,5,4.999999925494195,3,0.22933884297520662,3,0.3516964611455673,0.12235761817036067,5324,5482,unetr_style
Mouse,POLYIC_20190618_mouse34__E3_P1,y,6,4.999999925494195,3,0.17449286250939144,2,0.21616198467712514,0.04166912216773369,5324,5482,unetr_style
Mouse,POLYIC_20190618_mouse34__E3_P1,y,7,4.999999925494195,3,0.1626596543951916,0,0.19153593578985773,0.028876281394666137,5324,5482,unetr_style
Mouse,POLYIC_20190618_mouse34__E3_P1,y,8,4.999999925494195,2,0.14350112697220135,1,0.1873403867201751,0.04383925974797376,5324,5482,unetr_style
Mouse,POLYIC_20190618_mouse35__E3_P1,x,2,3.1999998807907124,0,0.5,0,0.5081664910432033,0.008166491043203328,3844,3796,current_best
Mouse,POLYIC_20190618_mouse35__E3_P1,x,3,3.1999998807907124,0,0.34391259105098854,1,0.3382507903055848,-0.005661800745403733,3844,3796,current_best
Mouse,POLYIC_20190618_mouse35__E3_P1,x,4,3.1999998807907124,0,0.2575442247658689,0,0.2542149631190727,-0.0033292616467962,3844,3796,current_best
Mouse,POLYIC_20190618_mouse35__E3_P1,x,5,3.1999998807907124,4,0.2187825182101977,4,0.2102212855637513,-0.008561232646446398,3844,3796,current_best
Mouse,POLYIC_20190618_mouse35__E3_P1,x,6,3.1999998807907124,3,0.17611862643080126,4,0.18177028451001054,0.005651658079209282,3844,3796,current_best
Mouse,POLYIC_20190618_mouse35__E3_P1,x,7,3.1999998807907124,6,0.15218522372528617,5,0.1554267650158061,0.003241541290519928,3844,3796,current_best
Mouse,POLYIC_20190618_mouse35__E3_P1,x,8,3.1999998807907124,0,0.136576482830385,1,0.13408851422550053,-0.002487968604884483,3844,3796,current_best
Mouse,POLYIC_20190618_mouse35__E3_P1,y,2,4.999999925494195,1,0.5055028462998102,1,0.5268595041322314,0.021356657832421133,5270,5324,current_best
Mouse,POLYIC_20190618_mouse35__E3_P1,y,3,4.999999925494195,2,0.36736242884250475,0,0.3628850488354621,-0.004477380007042675,5270,5324,current_best
Mouse,POLYIC_20190618_mouse35__E3_P1,y,4,4.999999925494195,1,0.2540796963946869,3,0.2973328324567994,0.04325313606211251,5270,5324,current_best
Mouse,POLYIC_20190618_mouse35__E3_P1,y,5,4.999999925494195,1,0.22618595825426946,2,0.35537190082644626,0.1291859425721768,5270,5324,current_best
Mouse,POLYIC_20190618_mouse35__E3_P1,y,6,4.999999925494195,2,0.18614800759013284,3,0.21487603305785125,0.02872802546771841,5270,5324,current_best
Mouse,POLYIC_20190618_mouse35__E3_P1,y,7,4.999999925494195,5,0.16091081593927894,4,0.18012772351615328,0.01921690757687433,5270,5324,current_best
Mouse,POLYIC_20190618_mouse35__E3_P1,y,8,4.999999925494195,1,0.14705882352941177,7,0.20980465815176558,0.06274583462235381,5270,5324,current_best
Mouse,POLYIC_20190618_mouse35__E3_P1,x,2,3.1999998807907124,0,0.5,0,0.501974333662389,0.001974333662388972,3844,4052,unetr_style
Mouse,POLYIC_20190618_mouse35__E3_P1,x,3,3.1999998807907124,0,0.34391259105098854,0,0.3472359328726555,0.0033233418216669364,3844,4052,unetr_style
Mouse,POLYIC_20190618_mouse35__E3_P1,x,4,3.1999998807907124,0,0.2575442247658689,0,0.26480750246791707,0.007263277702048154,3844,4052,unetr_style
Mouse,POLYIC_20190618_mouse35__E3_P1,x,5,3.1999998807907124,4,0.2187825182101977,4,0.21174728529121423,-0.007035232918983475,3844,4052,unetr_style
Mouse,POLYIC_20190618_mouse35__E3_P1,x,6,3.1999998807907124,3,0.17611862643080126,3,0.17546890424481737,-0.0006497221859838864,3844,4052,unetr_style
Mouse,POLYIC_20190618_mouse35__E3_P1,x,7,3.1999998807907124,6,0.15218522372528617,0,0.15720631786771966,0.005021094142433485,3844,4052,unetr_style
Mouse,POLYIC_20190618_mouse35__E3_P1,x,8,3.1999998807907124,0,0.136576482830385,0,0.1332675222112537,-0.0033089606191313015,3844,4052,unetr_style
Mouse,POLYIC_20190618_mouse35__E3_P1,y,2,4.999999925494195,1,0.5055028462998102,1,0.5326167531504818,0.02711390685067161,5270,5396,unetr_style
Mouse,POLYIC_20190618_mouse35__E3_P1,y,3,4.999999925494195,2,0.36736242884250475,1,0.3563750926612305,-0.010987336181274232,5270,5396,unetr_style
Mouse,POLYIC_20190618_mouse35__E3_P1,y,4,4.999999925494195,1,0.2540796963946869,3,0.291882876204596,0.037803179809909104,5270,5396,unetr_style
Mouse,POLYIC_20190618_mouse35__E3_P1,y,5,4.999999925494195,1,0.22618595825426946,2,0.3456263899184581,0.11944043166418866,5270,5396,unetr_style
Mouse,POLYIC_20190618_mouse35__E3_P1,y,6,4.999999925494195,2,0.18614800759013284,3,0.196997776130467,0.010849768540334176,5270,5396,unetr_style
Mouse,POLYIC_20190618_mouse35__E3_P1,y,7,4.999999925494195,5,0.16091081593927894,4,0.17661230541141587,0.015701489472136926,5270,5396,unetr_style
Mouse,POLYIC_20190618_mouse35__E3_P1,y,8,4.999999925494195,1,0.14705882352941177,7,0.19625648628613787,0.0491976627567261,5270,5396,unetr_style
Mouse,POLYIC_20190618_mouse36__E3_P1,x,2,3.1999998807907124,0,0.509682224428997,1,0.5061819980217607,-0.003500226407236351,4028,4044,current_best
Mouse,POLYIC_20190618_mouse36__E3_P1,x,3,3.1999998807907124,2,0.34756703078450846,1,0.3464391691394659,-0.0011278616450425827,4028,4044,current_best
Mouse,POLYIC_20190618_mouse36__E3_P1,x,4,3.1999998807907124,0,0.27209533267130087,0,0.25939663699307614,-0.012698695678224736,4028,4044,current_best
Mouse,POLYIC_20190618_mouse36__E3_P1,x,5,3.1999998807907124,4,0.21002979145978154,4,0.20845697329376855,-0.0015728181660129847,4028,4044,current_best
Mouse,POLYIC_20190618_mouse36__E3_P1,x,6,3.1999998807907124,5,0.17576961271102284,1,0.17804154302670624,0.0022719303156834014,4028,4044,current_best
Mouse,POLYIC_20190618_mouse36__E3_P1,x,7,3.1999998807907124,0,0.16310824230387289,0,0.15454995054401582,-0.008558291759857062,4028,4044,current_best
Mouse,POLYIC_20190618_mouse36__E3_P1,x,8,3.1999998807907124,0,0.1422542204568024,1,0.13996043521266074,-0.002293785244141644,4028,4044,current_best
Mouse,POLYIC_20190618_mouse36__E3_P1,y,2,4.999999925494195,1,0.5084714548802947,0,0.5554535438854205,0.04698208900512579,5430,5446,current_best
Mouse,POLYIC_20190618_mouse36__E3_P1,y,3,4.999999925494195,2,0.36482504604051563,2,0.3545721630554535,-0.010252882985062106,5430,5446,current_best
Mouse,POLYIC_20190618_mouse36__E3_P1,y,4,4.999999925494195,1,0.26169429097605895,0,0.30811604847594565,0.046421757499886696,5430,5446,current_best
Mouse,POLYIC_20190618_mouse36__E3_P1,y,5,4.999999925494195,4,0.22136279926335176,2,0.35438854204921044,0.13302574278585869,5430,5446,current_best
Mouse,POLYIC_20190618_mouse36__E3_P1,y,6,4.999999925494195,5,0.19189686924493554,2,0.20455380095482922,0.012656931709893682,5430,5446,current_best
Mouse,POLYIC_20190618_mouse36__E3_P1,y,7,4.999999925494195,3,0.16335174953959483,1,0.16874770473742196,0.005395955197827124,5430,5446,current_best
Mouse,POLYIC_20190618_mouse36__E3_P1,y,8,4.999999925494195,1,0.13333333333333333,4,0.21373485126698494,0.0804015179336516,5430,5446,current_best
Mouse,POLYIC_20190618_mouse36__E3_P1,x,2,3.1999998807907124,0,0.509682224428997,0,0.5093984962406015,-0.0002837281883955045,4028,4256,unetr_style
Mouse,POLYIC_20190618_mouse36__E3_P1,x,3,3.1999998807907124,2,0.34756703078450846,2,0.3404605263157895,-0.007106504468718966,4028,4256,unetr_style
Mouse,POLYIC_20190618_mouse36__E3_P1,x,4,3.1999998807907124,0,0.27209533267130087,0,0.26127819548872183,-0.01081713718257904,4028,4256,unetr_style
Mouse,POLYIC_20190618_mouse36__E3_P1,x,5,3.1999998807907124,4,0.21002979145978154,1,0.20794172932330826,-0.0020880621364732788,4028,4256,unetr_style
Mouse,POLYIC_20190618_mouse36__E3_P1,x,6,3.1999998807907124,5,0.17576961271102284,4,0.17340225563909775,-0.0023673570719250914,4028,4256,unetr_style
Mouse,POLYIC_20190618_mouse36__E3_P1,x,7,3.1999998807907124,0,0.16310824230387289,1,0.15578007518796994,-0.0073281671159029504,4028,4256,unetr_style
Mouse,POLYIC_20190618_mouse36__E3_P1,x,8,3.1999998807907124,0,0.1422542204568024,4,0.13557330827067668,-0.006680912186125709,4028,4256,unetr_style
Mouse,POLYIC_20190618_mouse36__E3_P1,y,2,4.999999925494195,1,0.5084714548802947,0,0.5557580174927114,0.047286562612416705,5430,5488,unetr_style
Mouse,POLYIC_20190618_mouse36__E3_P1,y,3,4.999999925494195,2,0.36482504604051563,2,0.35167638483965014,-0.013148661200865497,5430,5488,unetr_style
Mouse,POLYIC_20190618_mouse36__E3_P1,y,4,4.999999925494195,1,0.26169429097605895,0,0.3072157434402332,0.04552145246417427,5430,5488,unetr_style
Mouse,POLYIC_20190618_mouse36__E3_P1,y,5,4.999999925494195,4,0.22136279926335176,2,0.34675655976676384,0.12539376050341208,5430,5488,unetr_style
Mouse,POLYIC_20190618_mouse36__E3_P1,y,6,4.999999925494195,5,0.19189686924493554,2,0.203899416909621,0.012002547664685448,5430,5488,unetr_style
Mouse,POLYIC_20190618_mouse36__E3_P1,y,7,4.999999925494195,3,0.16335174953959483,0,0.1572521865889213,-0.006099562950673543,5430,5488,unetr_style
Mouse,POLYIC_20190618_mouse36__E3_P1,y,8,4.999999925494195,1,0.13333333333333333,4,0.19970845481049562,0.06637512147716229,5430,5488,unetr_style
Mouse,POLYIC_20190619_mouse38__E3_P1,x,2,3.1999998807907124,1,0.512874408828166,0,0.5162120432321153,0.0033376344039492967,3806,3886,current_best
Mouse,POLYIC_20190619_mouse38__E3_P1,x,3,3.1999998807907124,2,0.3399894902785076,2,0.34354091610910964,0.0035514258306020285,3806,3886,current_best
Mouse,POLYIC_20190619_mouse38__E3_P1,x,4,3.1999998807907124,3,0.27167630057803466,0,0.26891405043746786,-0.002762250140566802,3806,3886,current_best
Mouse,POLYIC_20190619_mouse38__E3_P1,x,5,3.1999998807907124,0,0.20861797162375198,3,0.2074112197632527,-0.0012067518604992888,3806,3886,current_best
Mouse,POLYIC_20190619_mouse38__E3_P1,x,6,3.1999998807907124,1,0.17840252233315818,0,0.1829644879053011,0.0045619655721429175,3806,3886,current_best
Mouse,POLYIC_20190619_mouse38__E3_P1,x,7,3.1999998807907124,0,0.15423016290068314,0,0.15568708183221822,0.0014569189315350728,3806,3886,current_best
Mouse,POLYIC_20190619_mouse38__E3_P1,x,8,3.1999998807907124,7,0.1371518654755649,4,0.1453937210499228,0.008241855574357887,3806,3886,current_best
Mouse,POLYIC_20190619_mouse38__E3_P1,y,2,4.999999925494195,0,0.5113886847905952,1,0.5576504713560552,0.046261786565459984,5444,5516,current_best
Mouse,POLYIC_20190619_mouse38__E3_P1,y,3,4.999999925494195,0,0.35121234386480527,2,0.35351704133430023,0.002304697469494965,5444,5516,current_best
Mouse,POLYIC_20190619_mouse38__E3_P1,y,4,4.999999925494195,2,0.2613886847905951,1,0.2982233502538071,0.03683466546321196,5444,5516,current_best
Mouse,POLYIC_20190619_mouse38__E3_P1,y,5,4.999999925494195,3,0.22740631888317414,3,0.34463379260333576,0.11722747372016162,5444,5516,current_best
Mouse,POLYIC_20190619_mouse38__E3_P1,y,6,4.999999925494195,0,0.17946362968405585,3,0.20322697606961565,0.023763346385559797,5444,5516,current_best
Mouse,POLYIC_20190619_mouse38__E3_P1,y,7,4.999999925494195,5,0.1607274063188832,0,0.16950688905003625,0.00877948273115306,5444,5516,current_best
Mouse,POLYIC_20190619_mouse38__E3_P1,y,8,4.999999925494195,1,0.14695077149155034,1,0.22026831036983321,0.07331753887828288,5444,5516,current_best
Mouse,POLYIC_20190619_mouse38__E3_P1,x,2,3.1999998807907124,1,0.512874408828166,1,0.5031753786028335,-0.009699030225332583,3806,4094,unetr_style
Mouse,POLYIC_20190619_mouse38__E3_P1,x,3,3.1999998807907124,2,0.3399894902785076,2,0.34220810942843183,0.002218619149924217,3806,4094,unetr_style
Mouse,POLYIC_20190619_mouse38__E3_P1,x,4,3.1999998807907124,3,0.27167630057803466,3,0.26257938446507084,-0.009096916112963815,3806,4094,unetr_style
Mouse,POLYIC_20190619_mouse38__E3_P1,x,5,3.1999998807907124,0,0.20861797162375198,1,0.21958964338055692,0.01097167175680494,3806,4094,unetr_style
Mouse,POLYIC_20190619_mouse38__E3_P1,x,6,3.1999998807907124,1,0.17840252233315818,2,0.17635564240351734,-0.002046879929640838,3806,4094,unetr_style
Mouse,POLYIC_20190619_mouse38__E3_P1,x,7,3.1999998807907124,0,0.15423016290068314,5,0.15266243282852957,-0.001567730072153578,3806,4094,unetr_style
Mouse,POLYIC_20190619_mouse38__E3_P1,x,8,3.1999998807907124,7,0.1371518654755649,3,0.14338055691255497,0.006228691436990064,3806,4094,unetr_style
Mouse,POLYIC_20190619_mouse38__E3_P1,y,2,4.999999925494195,0,0.5113886847905952,1,0.5613342898134863,0.04994560502289114,5444,5576,unetr_style
Mouse,POLYIC_20190619_mouse38__E3_P1,y,3,4.999999925494195,0,0.35121234386480527,2,0.3473816355810617,-0.0038307082837435447,5444,5576,unetr_style
Mouse,POLYIC_20190619_mouse38__E3_P1,y,4,4.999999925494195,2,0.2613886847905951,1,0.29895982783357244,0.03757114304297732,5444,5576,unetr_style
Mouse,POLYIC_20190619_mouse38__E3_P1,y,5,4.999999925494195,3,0.22740631888317414,3,0.34899569583931134,0.1215893769561372,5444,5576,unetr_style
Mouse,POLYIC_20190619_mouse38__E3_P1,y,6,4.999999925494195,0,0.17946362968405585,3,0.203012912482066,0.023549282798010135,5444,5576,unetr_style
Mouse,POLYIC_20190619_mouse38__E3_P1,y,7,4.999999925494195,5,0.1607274063188832,5,0.17216642754662842,0.011439021227745233,5444,5576,unetr_style
Mouse,POLYIC_20190619_mouse38__E3_P1,y,8,4.999999925494195,1,0.14695077149155034,1,0.21305595408895264,0.0661051825974023,5444,5576,unetr_style
Mouse,POLYIC_20190619_mouse39__E3_P1,x,2,3.1999998807907124,0,0.5027610441767069,0,0.5166500994035785,0.013889055226871672,3984,4024,current_best
Mouse,POLYIC_20190619_mouse39__E3_P1,x,3,3.1999998807907124,2,0.33559236947791166,0,0.34070576540755465,0.005113395929642994,3984,4024,current_best
Mouse,POLYIC_20190619_mouse39__E3_P1,x,4,3.1999998807907124,2,0.2592871485943775,2,0.2654075546719682,0.006120406077590679,3984,4024,current_best
Mouse,POLYIC_20190619_mouse39__E3_P1,x,5,3.1999998807907124,2,0.2103413654618474,2,0.21620278330019882,0.005861417838351424,3984,4024,current_best
Mouse,POLYIC_20190619_mouse39__E3_P1,x,6,3.1999998807907124,2,0.17394578313253012,0,0.17693836978131214,0.0029925866487820196,3984,4024,current_best
Mouse,POLYIC_20190619_mouse39__E3_P1,x,7,3.1999998807907124,2,0.15813253012048192,2,0.15780318091451292,-0.0003293492059689984,3984,4024,current_best
Mouse,POLYIC_20190619_mouse39__E3_P1,x,8,3.1999998807907124,6,0.13579317269076305,6,0.147117296222664,0.01132412353190096,3984,4024,current_best
Mouse,POLYIC_20190619_mouse39__E3_P1,y,2,4.999999925494195,1,0.5052727272727273,0,0.5284890010818608,0.023216273809133492,5500,5546,current_best
Mouse,POLYIC_20190619_mouse39__E3_P1,y,3,4.999999925494195,2,0.3507272727272727,2,0.3487197980526506,-0.002007474674622145,5500,5546,current_best
Mouse,POLYIC_20190619_mouse39__E3_P1,y,4,4.999999925494195,2,0.2672727272727273,2,0.2724486116119726,0.005175884339245318,5500,5546,current_best
Mouse,POLYIC_20190619_mouse39__E3_P1,y,5,4.999999925494195,3,0.236,3,0.36188243779300394,0.12588243779300395,5500,5546,current_best
Mouse,POLYIC_20190619_mouse39__E3_P1,y,6,4.999999925494195,2,0.17745454545454545,2,0.20753696357735305,0.030082418122807597,5500,5546,current_best
Mouse,POLYIC_20190619_mouse39__E3_P1,y,7,4.999999925494195,3,0.1658181818181818,0,0.18734222863324917,0.021524046815067366,5500,5546,current_best
Mouse,POLYIC_20190619_mouse39__E3_P1,y,8,4.999999925494195,2,0.14254545454545456,1,0.16444284168770285,0.021897387142248287,5500,5546,current_best
Mouse,POLYIC_20190619_mouse39__E3_P1,x,2,3.1999998807907124,0,0.5027610441767069,0,0.5019455252918288,-0.0008155188848780748,3984,4112,unetr_style
Mouse,POLYIC_20190619_mouse39__E3_P1,x,3,3.1999998807907124,2,0.33559236947791166,1,0.3411964980544747,0.005604128576563061,3984,4112,unetr_style
Mouse,POLYIC_20190619_mouse39__E3_P1,x,4,3.1999998807907124,2,0.2592871485943775,2,0.2616731517509728,0.002386003156595262,3984,4112,unetr_style
Mouse,POLYIC_20190619_mouse39__E3_P1,x,5,3.1999998807907124,2,0.2103413654618474,2,0.2169260700389105,0.006584704577063116,3984,4112,unetr_style
Mouse,POLYIC_20190619_mouse39__E3_P1,x,6,3.1999998807907124,2,0.17394578313253012,2,0.17801556420233464,0.004069781069804518,3984,4112,unetr_style
Mouse,POLYIC_20190619_mouse39__E3_P1,x,7,3.1999998807907124,2,0.15813253012048192,2,0.16658560311284046,0.008453072992358535,3984,4112,unetr_style
Mouse,POLYIC_20190619_mouse39__E3_P1,x,8,3.1999998807907124,6,0.13579317269076305,6,0.14445525291828792,0.008662080227524876,3984,4112,unetr_style
Mouse,POLYIC_20190619_mouse39__E3_P1,y,2,4.999999925494195,1,0.5052727272727273,0,0.5230381569474442,0.017765429674716837,5500,5556,unetr_style
Mouse,POLYIC_20190619_mouse39__E3_P1,y,3,4.999999925494195,2,0.3507272727272727,2,0.34989200863930886,-0.0008352640879638606,5500,5556,unetr_style
Mouse,POLYIC_20190619_mouse39__E3_P1,y,4,4.999999925494195,2,0.2672727272727273,2,0.2708783297336213,0.0036056024608940307,5500,5556,unetr_style
Mouse,POLYIC_20190619_mouse39__E3_P1,y,5,4.999999925494195,3,0.236,3,0.3507919366450684,0.11479193664506843,5500,5556,unetr_style
Mouse,POLYIC_20190619_mouse39__E3_P1,y,6,4.999999925494195,2,0.17745454545454545,2,0.19978401727861772,0.022329471824072272,5500,5556,unetr_style
Mouse,POLYIC_20190619_mouse39__E3_P1,y,7,4.999999925494195,3,0.1658181818181818,0,0.17476601871850253,0.008947836900320721,5500,5556,unetr_style
Mouse,POLYIC_20190619_mouse39__E3_P1,y,8,4.999999925494195,2,0.14254545454545456,6,0.17494600431965443,0.03240054977419987,5500,5556,unetr_style
Mouse,POLYIC_20190619_mouse42__E3_P1,x,2,3.1999998807907124,0,0.5025037556334502,1,0.5034705007436787,0.0009667451102285396,3994,4034,current_best
Mouse,POLYIC_20190619_mouse42__E3_P1,x,3,3.1999998807907124,1,0.33950926389584374,1,0.3438274665344571,0.004318202638613378,3994,4034,current_best
Mouse,POLYIC_20190619_mouse42__E3_P1,x,4,3.1999998807907124,2,0.2661492238357536,1,0.2545860188398612,-0.011563204995892418,3994,4034,current_best
Mouse,POLYIC_20190619_mouse42__E3_P1,x,5,3.1999998807907124,0,0.21932899349023535,0,0.20872583044124937,-0.01060316304898598,3994,4034,current_best
Mouse,POLYIC_20190619_mouse42__E3_P1,x,6,3.1999998807907124,4,0.17050575863795694,1,0.17302925136341102,0.002523492725454074,3994,4034,current_best
Mouse,POLYIC_20190619_mouse42__E3_P1,x,7,3.1999998807907124,6,0.16099148723084628,5,0.1663361427863163,0.005344655555470035,3994,4034,current_best
Mouse,POLYIC_20190619_mouse42__E3_P1,x,8,3.1999998807907124,2,0.1357035553329995,1,0.13435795736241943,-0.0013455979705800647,3994,4034,current_best
Mouse,POLYIC_20190619_mouse42__E3_P1,y,2,4.999999925494195,1,0.5154735272184937,0,0.572556943423953,0.057083416205459314,5364,5444,current_best
Mouse,POLYIC_20190619_mouse42__E3_P1,y,3,4.999999925494195,0,0.33687546607009694,0,0.3910727406318883,0.05419727456179135,5364,5444,current_best
Mouse,POLYIC_20190619_mouse42__E3_P1,y,4,4.999999925494195,3,0.26304996271439224,2,0.2946362968405584,0.03158633412616618,5364,5444,current_best
Mouse,POLYIC_20190619_mouse42__E3_P1,y,5,4.999999925494195,1,0.22054436987322892,0,0.34423218221895663,0.1236878123457277,5364,5444,current_best
Mouse,POLYIC_20190619_mouse42__E3_P1,y,6,4.999999925494195,5,0.18586875466070096,4,0.22942689199118296,0.043558137330482,5364,5444,current_best
Mouse,POLYIC_20190619_mouse42__E3_P1,y,7,4.999999925494195,0,0.15902311707680836,3,0.1618295371050698,0.0028064200282614526,5364,5444,current_best
Mouse,POLYIC_20190619_mouse42__E3_P1,y,8,4.999999925494195,3,0.14410887397464578,4,0.16936076414401174,0.025251890169365965,5364,5444,current_best
Mouse,POLYIC_20190619_mouse42__E3_P1,x,2,3.1999998807907124,0,0.5025037556334502,1,0.5212264150943396,0.018722659460889468,3994,4240,unetr_style
Mouse,POLYIC_20190619_mouse42__E3_P1,x,3,3.1999998807907124,1,0.33950926389584374,2,0.3431603773584906,0.003651113462646849,3994,4240,unetr_style
Mouse,POLYIC_20190619_mouse42__E3_P1,x,4,3.1999998807907124,2,0.2661492238357536,1,0.2617924528301887,-0.004356771005564919,3994,4240,unetr_style
Mouse,POLYIC_20190619_mouse42__E3_P1,x,5,3.1999998807907124,0,0.21932899349023535,0,0.2205188679245283,0.0011898744342929424,3994,4240,unetr_style
Mouse,POLYIC_20190619_mouse42__E3_P1,x,6,3.1999998807907124,4,0.17050575863795694,5,0.1804245283018868,0.00991876966392985,3994,4240,unetr_style
Mouse,POLYIC_20190619_mouse42__E3_P1,x,7,3.1999998807907124,6,0.16099148723084628,5,0.1650943396226415,0.004102852391795225,3994,4240,unetr_style
Mouse,POLYIC_20190619_mouse42__E3_P1,x,8,3.1999998807907124,2,0.1357035553329995,1,0.1393867924528302,0.003683237119830707,3994,4240,unetr_style
Mouse,POLYIC_20190619_mouse42__E3_P1,y,2,4.999999925494195,1,0.5154735272184937,0,0.5710102489019033,0.05553672168340962,5364,5464,unetr_style
Mouse,POLYIC_20190619_mouse42__E3_P1,y,3,4.999999925494195,0,0.33687546607009694,0,0.395497803806735,0.05862233773663805,5364,5464,unetr_style
Mouse,POLYIC_20190619_mouse42__E3_P1,y,4,4.999999925494195,3,0.26304996271439224,0,0.2866032210834553,0.02355325836906308,5364,5464,unetr_style
Mouse,POLYIC_20190619_mouse42__E3_P1,y,5,4.999999925494195,1,0.22054436987322892,0,0.3457174231332357,0.1251730532600068,5364,5464,unetr_style
Mouse,POLYIC_20190619_mouse42__E3_P1,y,6,4.999999925494195,5,0.18586875466070096,0,0.21284773060029283,0.026978975939591865,5364,5464,unetr_style
Mouse,POLYIC_20190619_mouse42__E3_P1,y,7,4.999999925494195,0,0.15902311707680836,3,0.1617862371888726,0.0027631201120642546,5364,5464,unetr_style
Mouse,POLYIC_20190619_mouse42__E3_P1,y,8,4.999999925494195,3,0.14410887397464578,4,0.18265007320644217,0.038541199231796386,5364,5464,unetr_style
Mouse,POLYIC_20190619_mouse43__E3_P1,x,2,3.1999998807907124,1,0.5088148873653281,0,0.5118110236220472,0.0029961362567191285,4084,4064,current_best
Mouse,POLYIC_20190619_mouse43__E3_P1,x,3,3.1999998807907124,2,0.3396180215475024,2,0.3484251968503937,0.008807175302891268,4084,4064,current_best
Mouse,POLYIC_20190619_mouse43__E3_P1,x,4,3.1999998807907124,0,0.2615083251714006,0,0.2593503937007874,-0.002157931470613217,4084,4064,current_best
Mouse,POLYIC_20190619_mouse43__E3_P1,x,5,3.1999998807907124,1,0.21449559255631734,0,0.20521653543307086,-0.009279057123246476,4084,4064,current_best
Mouse,POLYIC_20190619_mouse43__E3_P1,x,6,3.1999998807907124,5,0.17580803134182174,2,0.1747047244094488,-0.0011033069323729272,4084,4064,current_best
Mouse,POLYIC_20190619_mouse43__E3_P1,x,7,3.1999998807907124,0,0.15523996082272282,0,0.1577263779527559,0.002486417130033086,4084,4064,current_best
Mouse,POLYIC_20190619_mouse43__E3_P1,x,8,3.1999998807907124,7,0.13491674828599412,6,0.13558070866141733,0.0006639603754232115,4084,4064,current_best
Mouse,POLYIC_20190619_mouse43__E3_P1,y,2,4.999999925494195,0,0.5091743119266054,0,0.5098634294385432,0.0006891175119377868,5232,5272,current_best
Mouse,POLYIC_20190619_mouse43__E3_P1,y,3,4.999999925494195,0,0.3388761467889908,0,0.3681714719271624,0.02929532513817157,5232,5272,current_best
Mouse,POLYIC_20190619_mouse43__E3_P1,y,4,4.999999925494195,2,0.2566896024464832,3,0.26783004552352047,0.011140443077037265,5232,5272,current_best
Mouse,POLYIC_20190619_mouse43__E3_P1,y,5,4.999999925494195,0,0.21521406727828746,0,0.3600151745068285,0.14480110722854106,5232,5272,current_best
Mouse,POLYIC_20190619_mouse43__E3_P1,y,6,4.999999925494195,4,0.1834862385321101,4,0.19954476479514416,0.016058526263034056,5232,5272,current_best
Mouse,POLYIC_20190619_mouse43__E3_P1,y,7,4.999999925494195,2,0.17392966360856268,3,0.17621396054628224,0.00228429693771956,5232,5272,current_best
Mouse,POLYIC_20190619_mouse43__E3_P1,y,8,4.999999925494195,6,0.15347859327217125,4,0.164453717754173,0.010975124482001747,5232,5272,current_best
Mouse,POLYIC_20190619_mouse43__E3_P1,x,2,3.1999998807907124,1,0.5088148873653281,1,0.514292520247737,0.005477632882408878,4084,4198,unetr_style
Mouse,POLYIC_20190619_mouse43__E3_P1,x,3,3.1999998807907124,2,0.3396180215475024,2,0.3523106241067175,0.01269260255921506,4084,4198,unetr_style
Mouse,POLYIC_20190619_mouse43__E3_P1,x,4,3.1999998807907124,0,0.2615083251714006,1,0.26060028585040496,-0.0009080393209956461,4084,4198,unetr_style
Mouse,POLYIC_20190619_mouse43__E3_P1,x,5,3.1999998807907124,1,0.21449559255631734,1,0.22439256788947118,0.00989697533315384,4084,4198,unetr_style
Mouse,POLYIC_20190619_mouse43__E3_P1,x,6,3.1999998807907124,5,0.17580803134182174,5,0.18413530252501192,0.008327271183190182,4084,4198,unetr_style
Mouse,POLYIC_20190619_mouse43__E3_P1,x,7,3.1999998807907124,0,0.15523996082272282,0,0.1586469747498809,0.003407013927158087,4084,4198,unetr_style
Mouse,POLYIC_20190619_mouse43__E3_P1,x,8,3.1999998807907124,7,0.13491674828599412,1,0.13101476893758932,-0.003901979348404805,4084,4198,unetr_style
Mouse,POLYIC_20190619_mouse43__E3_P1,y,2,4.999999925494195,0,0.5091743119266054,0,0.5124200225818593,0.0032457106552538084,5232,5314,unetr_style
Mouse,POLYIC_20190619_mouse43__E3_P1,y,3,4.999999925494195,0,0.3388761467889908,0,0.3784343244260444,0.039558177637053604,5232,5314,unetr_style
Mouse,POLYIC_20190619_mouse43__E3_P1,y,4,4.999999925494195,2,0.2566896024464832,3,0.26646593902898,0.009776336582496825,5232,5314,unetr_style
Mouse,POLYIC_20190619_mouse43__E3_P1,y,5,4.999999925494195,0,0.21521406727828746,0,0.35848701543093714,0.14327294815264968,5232,5314,unetr_style
Mouse,POLYIC_20190619_mouse43__E3_P1,y,6,4.999999925494195,4,0.1834862385321101,3,0.19345126082047423,0.009965022288364128,5232,5314,unetr_style
Mouse,POLYIC_20190619_mouse43__E3_P1,y,7,4.999999925494195,2,0.17392966360856268,3,0.1881821603312006,0.014252496722637925,5232,5314,unetr_style
Mouse,POLYIC_20190619_mouse43__E3_P1,y,8,4.999999925494195,6,0.15347859327217125,7,0.16277756868648852,0.009298975414317262,5232,5314,unetr_style
Mouse,POLYIC_20190628_mouse33__E3_P1,x,2,3.1999998807907124,0,0.5121334681496461,0,0.5073084677419355,-0.004825000407710611,3956,3968,current_best
Mouse,POLYIC_20190628_mouse33__E3_P1,x,3,3.1999998807907124,2,0.35085945399393326,2,0.3467741935483871,-0.004085260445546135,3956,3968,current_best
Mouse,POLYIC_20190628_mouse33__E3_P1,x,4,3.1999998807907124,2,0.2616279069767442,2,0.25756048387096775,-0.004067423105776458,3956,3968,current_best
Mouse,POLYIC_20190628_mouse33__E3_P1,x,5,3.1999998807907124,4,0.21081900910010112,1,0.21597782258064516,0.005158813480544033,3956,3968,current_best
Mouse,POLYIC_20190628_mouse33__E3_P1,x,6,3.1999998807907124,5,0.17669362992922144,0,0.1822076612903226,0.0055140313611011516,3956,3968,current_best
Mouse,POLYIC_20190628_mouse33__E3_P1,x,7,3.1999998807907124,0,0.15091001011122346,0,0.16028225806451613,0.009372247953292667,3956,3968,current_best
Mouse,POLYIC_20190628_mouse33__E3_P1,x,8,3.1999998807907124,6,0.13675429726996965,6,0.13860887096774194,0.0018545736977722826,3956,3968,current_best
Mouse,POLYIC_20190628_mouse33__E3_P1,y,2,4.999999925494195,0,0.5018463810930576,0,0.5190127970749543,0.01716641598189672,5416,5470,current_best
Mouse,POLYIC_20190628_mouse33__E3_P1,y,3,4.999999925494195,1,0.33899556868537667,2,0.3853747714808044,0.04637920279542773,5416,5470,current_best
Mouse,POLYIC_20190628_mouse33__E3_P1,y,4,4.999999925494195,2,0.25406203840472674,2,0.2789762340036563,0.024914195598929545,5416,5470,current_best
Mouse,POLYIC_20190628_mouse33__E3_P1,y,5,4.999999925494195,3,0.22950516986706057,3,0.35612431444241316,0.1266191445753526,5416,5470,current_best
Mouse,POLYIC_20190628_mouse33__E3_P1,y,6,4.999999925494195,2,0.18112998522895127,2,0.23473491773308958,0.05360493250413831,5416,5470,current_best
Mouse,POLYIC_20190628_mouse33__E3_P1,y,7,4.999999925494195,3,0.15528064992614476,0,0.2076782449725777,0.05239759504643293,5416,5470,current_best
Mouse,POLYIC_20190628_mouse33__E3_P1,y,8,4.999999925494195,2,0.14143279172821271,1,0.196709323583181,0.05527653185496828,5416,5470,current_best
Mouse,POLYIC_20190628_mouse33__E3_P1,x,2,3.1999998807907124,0,0.5121334681496461,1,0.5038929440389295,-0.00824052411071663,3956,4110,unetr_style
Mouse,POLYIC_20190628_mouse33__E3_P1,x,3,3.1999998807907124,2,0.35085945399393326,2,0.34890510948905107,-0.0019543445048821884,3956,4110,unetr_style
Mouse,POLYIC_20190628_mouse33__E3_P1,x,4,3.1999998807907124,2,0.2616279069767442,0,0.2557177615571776,-0.0059101454195665815,3956,4110,unetr_style
Mouse,POLYIC_20190628_mouse33__E3_P1,x,5,3.1999998807907124,4,0.21081900910010112,2,0.2024330900243309,-0.008385919075770215,3956,4110,unetr_style
Mouse,POLYIC_20190628_mouse33__E3_P1,x,6,3.1999998807907124,5,0.17669362992922144,5,0.18369829683698297,0.007004666907761525,3956,4110,unetr_style
Mouse,POLYIC_20190628_mouse33__E3_P1,x,7,3.1999998807907124,0,0.15091001011122346,1,0.16155717761557178,0.010647167504348326,3956,4110,unetr_style
Mouse,POLYIC_20190628_mouse33__E3_P1,x,8,3.1999998807907124,6,0.13675429726996965,3,0.13552311435523115,-0.0012311829147385045,3956,4110,unetr_style
Mouse,POLYIC_20190628_mouse33__E3_P1,y,2,4.999999925494195,0,0.5018463810930576,0,0.5245098039215687,0.02266342282851108,5416,5508,unetr_style
Mouse,POLYIC_20190628_mouse33__E3_P1,y,3,4.999999925494195,1,0.33899556868537667,2,0.3781771968046478,0.03918162811927112,5416,5508,unetr_style
Mouse,POLYIC_20190628_mouse33__E3_P1,y,4,4.999999925494195,2,0.25406203840472674,2,0.26742919389978215,0.013367155495055405,5416,5508,unetr_style
Mouse,POLYIC_20190628_mouse33__E3_P1,y,5,4.999999925494195,3,0.22950516986706057,3,0.3391430646332607,0.10963789476620014,5416,5508,unetr_style
Mouse,POLYIC_20190628_mouse33__E3_P1,y,6,4.999999925494195,2,0.18112998522895127,2,0.2220406681190995,0.04091068289014824,5416,5508,unetr_style
Mouse,POLYIC_20190628_mouse33__E3_P1,y,7,4.999999925494195,3,0.15528064992614476,0,0.19644153957879448,0.04116088965264972,5416,5508,unetr_style
Mouse,POLYIC_20190628_mouse33__E3_P1,y,8,4.999999925494195,2,0.14143279172821271,1,0.1817356572258533,0.04030286549764059,5416,5508,unetr_style
Mouse,POLYIC_20190628_mouse34__E6_P1,x,2,3.1999998807907124,0,0.5033197139938713,0,0.5100205549845838,0.006700840990712442,3916,3892,current_best
Mouse,POLYIC_20190628_mouse34__E6_P1,x,3,3.1999998807907124,2,0.3409090909090909,1,0.3404419321685509,-0.00046715874053998574,3916,3892,current_best
Mouse,POLYIC_20190628_mouse34__E6_P1,x,4,3.1999998807907124,2,0.26072522982635343,2,0.2649023638232271,0.004177133996873694,3916,3892,current_best
Mouse,POLYIC_20190628_mouse34__E6_P1,x,5,3.1999998807907124,0,0.21220633299284986,1,0.20606372045220966,-0.006142612540640191,3916,3892,current_best
Mouse,POLYIC_20190628_mouse34__E6_P1,x,6,3.1999998807907124,5,0.1764555669050051,4,0.18396711202466598,0.007511545119660873,3916,3892,current_best
Mouse,POLYIC_20190628_mouse34__E6_P1,x,7,3.1999998807907124,3,0.1511746680286006,4,0.15082219938335045,-0.00035246864525015353,3916,3892,current_best
Mouse,POLYIC_20190628_mouse34__E6_P1,x,8,3.1999998807907124,2,0.13789581205311544,1,0.14773895169578624,0.009843139642670806,3916,3892,current_best
Mouse,POLYIC_20190628_mouse34__E6_P1,y,2,4.999999925494195,1,0.5059501673484567,0,0.548716995165489,0.04276682781703234,5378,5378,current_best
Mouse,POLYIC_20190628_mouse34__E6_P1,y,3,4.999999925494195,2,0.3462253625883228,1,0.34659724804760134,0.00037188545927852035,5378,5378,current_best
Mouse,POLYIC_20190628_mouse34__E6_P1,y,4,4.999999925494195,1,0.2612495351431759,2,0.2759390107846783,0.014689475641502414,5378,5378,current_best
Mouse,POLYIC_20190628_mouse34__E6_P1,y,5,4.999999925494195,1,0.21309036816660468,0,0.3558943845295649,0.14280401636296022,5378,5378,current_best
Mouse,POLYIC_20190628_mouse34__E6_P1,y,6,4.999999925494195,5,0.1911491260691707,4,0.20490888806247676,0.013759761993306058,5378,5378,current_best
Mouse,POLYIC_20190628_mouse34__E6_P1,y,7,4.999999925494195,3,0.17869096318333952,5,0.1569356638155448,-0.021755299367794717,5378,5378,current_best
Mouse,POLYIC_20190628_mouse34__E6_P1,y,8,4.999999925494195,5,0.1569356638155448,6,0.20435105987355895,0.04741539605801415,5378,5378,current_best
Mouse,POLYIC_20190628_mouse34__E6_P1,x,2,3.1999998807907124,0,0.5033197139938713,1,0.5077594568380214,0.004439742844150052,3916,4124,unetr_style
Mouse,POLYIC_20190628_mouse34__E6_P1,x,3,3.1999998807907124,2,0.3409090909090909,0,0.34408341416100874,0.0031743232519178544,3916,4124,unetr_style
Mouse,POLYIC_20190628_mouse34__E6_P1,x,4,3.1999998807907124,2,0.26072522982635343,1,0.2594568380213385,-0.0012683918050149234,3916,4124,unetr_style
Mouse,POLYIC_20190628_mouse34__E6_P1,x,5,3.1999998807907124,0,0.21220633299284986,1,0.2061105722599418,-0.006095760732908045,3916,4124,unetr_style
Mouse,POLYIC_20190628_mouse34__E6_P1,x,6,3.1999998807907124,5,0.1764555669050051,5,0.18743937924345297,0.010983812338447863,3916,4124,unetr_style
Mouse,POLYIC_20190628_mouse34__E6_P1,x,7,3.1999998807907124,3,0.1511746680286006,2,0.15179437439379243,0.0006197063651918189,3916,4124,unetr_style
Mouse,POLYIC_20190628_mouse34__E6_P1,x,8,3.1999998807907124,2,0.13789581205311544,1,0.13918525703200776,0.001289444978892329,3916,4124,unetr_style
Mouse,POLYIC_20190628_mouse34__E6_P1,y,2,4.999999925494195,1,0.5059501673484567,0,0.539444850255661,0.033494682907204365,5378,5476,unetr_style
Mouse,POLYIC_20190628_mouse34__E6_P1,y,3,4.999999925494195,2,0.3462253625883228,1,0.36376917457998537,0.01754381199166255,5378,5476,unetr_style
Mouse,POLYIC_20190628_mouse34__E6_P1,y,4,4.999999925494195,1,0.2612495351431759,0,0.27081811541271,0.00956858026953411,5378,5476,unetr_style
Mouse,POLYIC_20190628_mouse34__E6_P1,y,5,4.999999925494195,1,0.21309036816660468,0,0.3518991964937911,0.1388088283271864,5378,5476,unetr_style
Mouse,POLYIC_20190628_mouse34__E6_P1,y,6,4.999999925494195,5,0.1911491260691707,4,0.20598977355734113,0.014840647488170433,5378,5476,unetr_style
Mouse,POLYIC_20190628_mouse34__E6_P1,y,7,4.999999925494195,3,0.17869096318333952,5,0.16051862673484296,-0.018172336448496557,5378,5476,unetr_style
Mouse,POLYIC_20190628_mouse34__E6_P1,y,8,4.999999925494195,5,0.1569356638155448,6,0.20452885317750183,0.04759318936195703,5378,5476,unetr_style
Mouse,POLYIC_20190628_mouse35__E3_P1,x,2,3.1999998807907124,1,0.5177215189873418,1,0.5177484787018256,2.6959714483854036e-05,3950,3944,current_best
Mouse,POLYIC_20190628_mouse35__E3_P1,x,3,3.1999998807907124,0,0.3473417721518987,0,0.33975659229208927,-0.007585179859809443,3950,3944,current_best
Mouse,POLYIC_20190628_mouse35__E3_P1,x,4,3.1999998807907124,3,0.260253164556962,3,0.26140973630831643,0.0011565717513544183,3950,3944,current_best
Mouse,POLYIC_20190628_mouse35__E3_P1,x,5,3.1999998807907124,1,0.20810126582278482,1,0.2079107505070994,-0.00019051531568542446,3950,3944,current_best
Mouse,POLYIC_20190628_mouse35__E3_P1,x,6,3.1999998807907124,1,0.1850632911392405,1,0.18407707910750506,-0.000986212031735434,3950,3944,current_best
Mouse,POLYIC_20190628_mouse35__E3_P1,x,7,3.1999998807907124,1,0.1830379746835443,1,0.17038539553752535,-0.012652579146018944,3950,3944,current_best
Mouse,POLYIC_20190628_mouse35__E3_P1,x,8,3.1999998807907124,3,0.14405063291139242,3,0.14655172413793102,0.0025010912265386043,3950,3944,current_best
Mouse,POLYIC_20190628_mouse35__E3_P1,y,2,4.999999925494195,0,0.5054144884241971,1,0.568038561364479,0.06262407294028194,5356,5394,current_best
Mouse,POLYIC_20190628_mouse35__E3_P1,y,3,4.999999925494195,1,0.3448469006721434,2,0.3709677419354839,0.026120841263340466,5356,5394,current_best
Mouse,POLYIC_20190628_mouse35__E3_P1,y,4,4.999999925494195,3,0.2626960418222554,1,0.2918057100482017,0.029109668225946295,5356,5394,current_best
Mouse,POLYIC_20190628_mouse35__E3_P1,y,5,4.999999925494195,1,0.21359223300970873,2,0.3474230626622173,0.13383082965250856,5356,5394,current_best
Mouse,POLYIC_20190628_mouse35__E3_P1,y,6,4.999999925494195,3,0.18241224794622854,3,0.23155357804968482,0.04914133010345628,5356,5394,current_best
Mouse,POLYIC_20190628_mouse35__E3_P1,y,7,4.999999925494195,0,0.16392830470500375,0,0.16981831664812755,0.005890011943123802,5356,5394,current_best
Mouse,POLYIC_20190628_mouse35__E3_P1,y,8,4.999999925494195,3,0.13872292755787902,1,0.19781238413051538,0.05908945657263637,5356,5394,current_best
Mouse,POLYIC_20190628_mouse35__E3_P1,x,2,3.1999998807907124,1,0.5177215189873418,1,0.5022266204849085,-0.01549489850243324,3950,4042,unetr_style
Mouse,POLYIC_20190628_mouse35__E3_P1,x,3,3.1999998807907124,0,0.3473417721518987,0,0.34413656605640774,-0.0032052060954909645,3950,4042,unetr_style
Mouse,POLYIC_20190628_mouse35__E3_P1,x,4,3.1999998807907124,3,0.260253164556962,0,0.2533399307273627,-0.006913233829599297,3950,4042,unetr_style
Mouse,POLYIC_20190628_mouse35__E3_P1,x,5,3.1999998807907124,1,0.20810126582278482,1,0.2152399802078179,0.007138714385033079,3950,4042,unetr_style
Mouse,POLYIC_20190628_mouse35__E3_P1,x,6,3.1999998807907124,1,0.1850632911392405,0,0.17367639782285996,-0.011386893316380542,3950,4042,unetr_style
Mouse,POLYIC_20190628_mouse35__E3_P1,x,7,3.1999998807907124,1,0.1830379746835443,1,0.16575952498762989,-0.01727844969591441,3950,4042,unetr_style
Mouse,POLYIC_20190628_mouse35__E3_P1,x,8,3.1999998807907124,3,0.14405063291139242,3,0.1417615042058387,-0.002289128705553728,3950,4042,unetr_style
Mouse,POLYIC_20190628_mouse35__E3_P1,y,2,4.999999925494195,0,0.5054144884241971,1,0.5649303008070433,0.0595158123828462,5356,5452,unetr_style
Mouse,POLYIC_20190628_mouse35__E3_P1,y,3,4.999999925494195,1,0.3448469006721434,2,0.36482024944974323,0.01997334877759982,5356,5452,unetr_style
Mouse,POLYIC_20190628_mouse35__E3_P1,y,4,4.999999925494195,3,0.2626960418222554,1,0.2866837857666911,0.023987743944435702,5356,5452,unetr_style
Mouse,POLYIC_20190628_mouse35__E3_P1,y,5,4.999999925494195,1,0.21359223300970873,2,0.35014673514306677,0.13655450213335804,5356,5452,unetr_style
Mouse,POLYIC_20190628_mouse35__E3_P1,y,6,4.999999925494195,3,0.18241224794622854,3,0.2239545121056493,0.04154226415942075,5356,5452,unetr_style
Mouse,POLYIC_20190628_mouse35__E3_P1,y,7,4.999999925494195,0,0.16392830470500375,0,0.16122523844460748,-0.002703066260396264,5356,5452,unetr_style
Mouse,POLYIC_20190628_mouse35__E3_P1,y,8,4.999999925494195,3,0.13872292755787902,1,0.19442406456346295,0.055701137005583934,5356,5452,unetr_style
Mouse,POLYIC_20190628_mouse36__E3_P1,x,2,3.1999998807907124,1,0.5142787996127783,0,0.5050773694390716,-0.009201430173706782,4132,4136,current_best
Mouse,POLYIC_20190628_mouse36__E3_P1,x,3,3.1999998807907124,2,0.3477734753146176,2,0.34937137330754353,0.001597897992925923,4132,4136,current_best
Mouse,POLYIC_20190628_mouse36__E3_P1,x,4,3.1999998807907124,3,0.2633107454017425,0,0.2625725338491296,-0.0007382115526128885,4132,4136,current_best
Mouse,POLYIC_20190628_mouse36__E3_P1,x,5,3.1999998807907124,0,0.20716360116166505,3,0.2127659574468085,0.005602356285143467,4132,4136,current_best
Mouse,POLYIC_20190628_mouse36__E3_P1,x,6,3.1999998807907124,5,0.18635043562439496,5,0.17819148936170212,-0.00815894626269284,4132,4136,current_best
Mouse,POLYIC_20190628_mouse36__E3_P1,x,7,3.1999998807907124,4,0.15246853823814133,4,0.1518375241779497,-0.0006310140601916148,4132,4136,current_best
Mouse,POLYIC_20190628_mouse36__E3_P1,x,8,3.1999998807907124,1,0.13649564375605033,1,0.14095744680851063,0.0044618030524603,4132,4136,current_best
Mouse,POLYIC_20190628_mouse36__E3_P1,y,2,4.999999925494195,0,0.5149388048956084,1,0.5580853352456078,0.04314653034999938,5556,5578,current_best
Mouse,POLYIC_20190628_mouse36__E3_P1,y,3,4.999999925494195,1,0.34485241180705545,1,0.35926855503764793,0.014416143230592482,5556,5578,current_best
Mouse,POLYIC_20190628_mouse36__E3_P1,y,4,4.999999925494195,2,0.2687185025197984,1,0.31391179634277516,0.045193293822976766,5556,5578,current_best
Mouse,POLYIC_20190628_mouse36__E3_P1,y,5,4.999999925494195,3,0.226601871850252,2,0.359806382215848,0.133204510365596,5556,5578,current_best
Mouse,POLYIC_20190628_mouse36__E3_P1,y,6,4.999999925494195,0,0.1783657307415407,1,0.21351738974542847,0.03515165900388778,5556,5578,current_best
Mouse,POLYIC_20190628_mouse36__E3_P1,y,7,4.999999925494195,3,0.1677465802735781,6,0.17084976694155612,0.003103186667978014,5556,5578,current_best
Mouse,POLYIC_20190628_mouse36__E3_P1,y,8,4.999999925494195,1,0.1421886249100072,1,0.21620652563642884,0.07401790072642164,5556,5578,current_best
Mouse,POLYIC_20190628_mouse36__E3_P1,x,2,3.1999998807907124,1,0.5142787996127783,1,0.5011574074074074,-0.013121392205370896,4132,4320,unetr_style
Mouse,POLYIC_20190628_mouse36__E3_P1,x,3,3.1999998807907124,2,0.3477734753146176,0,0.35,0.0022265246853823695,4132,4320,unetr_style
Mouse,POLYIC_20190628_mouse36__E3_P1,x,4,3.1999998807907124,3,0.2633107454017425,0,0.26087962962962963,-0.0024311157721128573,4132,4320,unetr_style
Mouse,POLYIC_20190628_mouse36__E3_P1,x,5,3.1999998807907124,0,0.20716360116166505,0,0.20694444444444443,-0.00021915671722061436,4132,4320,unetr_style
Mouse,POLYIC_20190628_mouse36__E3_P1,x,6,3.1999998807907124,5,0.18635043562439496,5,0.18032407407407408,-0.00602636155032088,4132,4320,unetr_style
Mouse,POLYIC_20190628_mouse36__E3_P1,x,7,3.1999998807907124,4,0.15246853823814133,5,0.1527777777777778,0.00030923953963646333,4132,4320,unetr_style
Mouse,POLYIC_20190628_mouse36__E3_P1,x,8,3.1999998807907124,1,0.13649564375605033,0,0.13472222222222222,-0.0017734215338281178,4132,4320,unetr_style
Mouse,POLYIC_20190628_mouse36__E3_P1,y,2,4.999999925494195,0,0.5149388048956084,1,0.5509077963688145,0.03596899147320609,5556,5618,unetr_style
Mouse,POLYIC_20190628_mouse36__E3_P1,y,3,4.999999925494195,1,0.34485241180705545,2,0.3504805980776077,0.005628186270552227,5556,5618,unetr_style
Mouse,POLYIC_20190628_mouse36__E3_P1,y,4,4.999999925494195,2,0.2687185025197984,1,0.30580277678889284,0.03708427426909444,5556,5618,unetr_style
Mouse,POLYIC_20190628_mouse36__E3_P1,y,5,4.999999925494195,3,0.226601871850252,2,0.3433606265574938,0.11675875470724179,5556,5618,unetr_style
Mouse,POLYIC_20190628_mouse36__E3_P1,y,6,4.999999925494195,0,0.1783657307415407,1,0.20380918476326096,0.02544345402172027,5556,5618,unetr_style
Mouse,POLYIC_20190628_mouse36__E3_P1,y,7,4.999999925494195,3,0.1677465802735781,0,0.1724813100747597,0.004734729801181586,5556,5618,unetr_style
Mouse,POLYIC_20190628_mouse36__E3_P1,y,8,4.999999925494195,1,0.1421886249100072,1,0.20701317194731222,0.06482454703730503,5556,5618,unetr_style
Mouse,POLYIC_20190629_polyic_mo__E3_P1,x,2,3.1999998807907124,1,0.5009940357852882,0,0.5193467336683417,0.018352697883053493,4024,3980,current_best
Mouse,POLYIC_20190629_polyic_mo__E3_P1,x,3,3.1999998807907124,2,0.3429423459244533,1,0.34095477386934675,-0.0019875720551065235,4024,3980,current_best
Mouse,POLYIC_20190629_polyic_mo__E3_P1,x,4,3.1999998807907124,3,0.26118290258449306,0,0.2620603015075377,0.0008773989230446144,4024,3980,current_best
Mouse,POLYIC_20190629_polyic_mo__E3_P1,x,5,3.1999998807907124,2,0.20526838966202784,4,0.21331658291457287,0.008048193252545022,4024,3980,current_best
Mouse,POLYIC_20190629_polyic_mo__E3_P1,x,6,3.1999998807907124,3,0.18116302186878727,4,0.1829145728643216,0.00175155099553434,4024,3980,current_best
Mouse,POLYIC_20190629_polyic_mo__E3_P1,x,7,3.1999998807907124,2,0.16451292246520874,3,0.16005025125628142,-0.004462671208927321,4024,3980,current_best
Mouse,POLYIC_20190629_polyic_mo__E3_P1,x,8,3.1999998807907124,7,0.13817097415506957,6,0.14045226130653266,0.002281287151463085,4024,3980,current_best
Mouse,POLYIC_20190629_polyic_mo__E3_P1,y,2,4.999999925494195,0,0.5070831819832909,1,0.5454052098408104,0.03832202785751948,5506,5528,current_best
Mouse,POLYIC_20190629_polyic_mo__E3_P1,y,3,4.999999925494195,1,0.3458045768252815,2,0.3475036179450072,0.0016990411197257416,5506,5528,current_best
Mouse,POLYIC_20190629_polyic_mo__E3_P1,y,4,4.999999925494195,2,0.2586269524155467,1,0.2901591895803184,0.031532237164771715,5506,5528,current_best
Mouse,POLYIC_20190629_polyic_mo__E3_P1,y,5,4.999999925494195,3,0.21503814021067927,2,0.361794500723589,0.14675636051290972,5506,5528,current_best
Mouse,POLYIC_20190629_polyic_mo__E3_P1,y,6,4.999999925494195,4,0.18779513258263714,3,0.20803183791606367,0.02023670533342653,5506,5528,current_best
Mouse,POLYIC_20190629_polyic_mo__E3_P1,y,7,4.999999925494195,0,0.15710134398837633,0,0.17311866859623734,0.01601732460786101,5506,5528,current_best
Mouse,POLYIC_20190629_polyic_mo__E3_P1,y,8,4.999999925494195,1,0.143116600072648,1,0.21183068017366136,0.06871408010101335,5506,5528,current_best
Mouse,POLYIC_20190629_polyic_mo__E3_P1,x,2,3.1999998807907124,1,0.5009940357852882,0,0.5160594439117929,0.015065408126504698,4024,4172,unetr_style
Mouse,POLYIC_20190629_polyic_mo__E3_P1,x,3,3.1999998807907124,2,0.3429423459244533,0,0.3389261744966443,-0.004016171427808968,4024,4172,unetr_style
Mouse,POLYIC_20190629_polyic_mo__E3_P1,x,4,3.1999998807907124,3,0.26118290258449306,0,0.2598274209012464,-0.0013554816832466732,4024,4172,unetr_style
Mouse,POLYIC_20190629_polyic_mo__E3_P1,x,5,3.1999998807907124,2,0.20526838966202784,2,0.21668264621284755,0.011414256550819707,4024,4172,unetr_style
Mouse,POLYIC_20190629_polyic_mo__E3_P1,x,6,3.1999998807907124,3,0.18116302186878727,4,0.17497603068072867,-0.006186991188058599,4024,4172,unetr_style
Mouse,POLYIC_20190629_polyic_mo__E3_P1,x,7,3.1999998807907124,2,0.16451292246520874,2,0.15508149568552254,-0.009431426779686197,4024,4172,unetr_style
Mouse,POLYIC_20190629_polyic_mo__E3_P1,x,8,3.1999998807907124,7,0.13817097415506957,0,0.1406999041227229,0.0025289299676533317,4024,4172,unetr_style
Mouse,POLYIC_20190629_polyic_mo__E3_P1,y,2,4.999999925494195,0,0.5070831819832909,1,0.5562522393407381,0.04916905735744714,5506,5582,unetr_style
Mouse,POLYIC_20190629_polyic_mo__E3_P1,y,3,4.999999925494195,1,0.3458045768252815,0,0.34396273737011823,-0.0018418394551632522,5506,5582,unetr_style
Mouse,POLYIC_20190629_polyic_mo__E3_P1,y,4,4.999999925494195,2,0.2586269524155467,1,0.2998925116445718,0.04126555922902514,5506,5582,unetr_style
Mouse,POLYIC_20190629_polyic_mo__E3_P1,y,5,4.999999925494195,3,0.21503814021067927,2,0.355965603726263,0.14092746351558375,5506,5582,unetr_style
Mouse,POLYIC_20190629_polyic_mo__E3_P1,y,6,4.999999925494195,4,0.18779513258263714,3,0.2223217484772483,0.03452661589461117,5506,5582,unetr_style
Mouse,POLYIC_20190629_polyic_mo__E3_P1,y,7,4.999999925494195,0,0.15710134398837633,2,0.17108563238982444,0.013984288401448108,5506,5582,unetr_style
Mouse,POLYIC_20190629_polyic_mo__E3_P1,y,8,4.999999925494195,1,0.143116600072648,1,0.20261554998208528,0.05949894990943727,5506,5582,unetr_style
Mouse,POLYIC_20190629_polyic_mo__E3_P1_1,x,2,3.1999998807907124,1,0.5091302258529553,0,0.5095928872250819,0.00046266137212658265,4162,4274,current_best
Mouse,POLYIC_20190629_polyic_mo__E3_P1_1,x,3,3.1999998807907124,1,0.3399807784718885,2,0.34885353299017313,0.00887275451828462,4162,4274,current_best
Mouse,POLYIC_20190629_polyic_mo__E3_P1_1,x,4,3.1999998807907124,3,0.2597308986064392,2,0.2678989237248479,0.008168025118408695,4162,4274,current_best
Mouse,POLYIC_20190629_polyic_mo__E3_P1_1,x,5,3.1999998807907124,4,0.2157616530514176,0,0.21782873186710341,0.0020670788156858244,4162,4274,current_best
Mouse,POLYIC_20190629_polyic_mo__E3_P1_1,x,6,3.1999998807907124,5,0.17683805862566074,2,0.1754796443612541,-0.0013584142644066377,4162,4274,current_best
Mouse,POLYIC_20190629_polyic_mo__E3_P1_1,x,7,3.1999998807907124,3,0.15233061028351755,3,0.15559195133364528,0.0032613410501277362,4162,4274,current_best
Mouse,POLYIC_20190629_polyic_mo__E3_P1_1,x,8,3.1999998807907124,3,0.13142719846227774,2,0.13617220402433317,0.0047450055620554266,4162,4274,current_best
Mouse,POLYIC_20190629_polyic_mo__E3_P1_1,y,2,4.999999925494195,1,0.5028538812785388,0,0.5224990702863518,0.01964518900781298,5256,5378,current_best
Mouse,POLYIC_20190629_polyic_mo__E3_P1_1,y,3,4.999999925494195,1,0.3369482496194825,1,0.3538490145035329,0.0169007648840504,5256,5378,current_best
Mouse,POLYIC_20190629_polyic_mo__E3_P1_1,y,4,4.999999925494195,2,0.2595129375951294,2,0.2904425436965415,0.0309296061014121,5256,5378,current_best
Mouse,POLYIC_20190629_polyic_mo__E3_P1_1,y,5,4.999999925494195,3,0.2197488584474886,2,0.35291930085533657,0.13317044240784798,5256,5378,current_best
Mouse,POLYIC_20190629_polyic_mo__E3_P1_1,y,6,4.999999925494195,0,0.1754185692541857,0,0.187244328746746,0.011825759492560317,5256,5378,current_best
Mouse,POLYIC_20190629_polyic_mo__E3_P1_1,y,7,4.999999925494195,6,0.14878234398782345,1,0.16697657121606546,0.018194227228242016,5256,5378,current_best
Mouse,POLYIC_20190629_polyic_mo__E3_P1_1,y,8,4.999999925494195,2,0.1430745814307458,2,0.1498698400892525,0.006795258658506692,5256,5378,current_best
Mouse,POLYIC_20190629_polyic_mo__E3_P1_1,x,2,3.1999998807907124,1,0.5091302258529553,1,0.5002302025782689,-0.00890002327468642,4162,4344,unetr_style
Mouse,POLYIC_20190629_polyic_mo__E3_P1_1,x,3,3.1999998807907124,1,0.3399807784718885,2,0.35681399631675875,0.01683321784487024,4162,4344,unetr_style
Mouse,POLYIC_20190629_polyic_mo__E3_P1_1,x,4,3.1999998807907124,3,0.2597308986064392,2,0.26841620626151014,0.008685307655070917,4162,4344,unetr_style
Mouse,POLYIC_20190629_polyic_mo__E3_P1_1,x,5,3.1999998807907124,4,0.2157616530514176,4,0.21984346224677717,0.004081809195359581,4162,4344,unetr_style
Mouse,POLYIC_20190629_polyic_mo__E3_P1_1,x,6,3.1999998807907124,5,0.17683805862566074,5,0.1832412523020258,0.006403193676365049,4162,4344,unetr_style
Mouse,POLYIC_20190629_polyic_mo__E3_P1_1,x,7,3.1999998807907124,3,0.15233061028351755,2,0.14825046040515655,-0.004080149878361,4162,4344,unetr_style
Mouse,POLYIC_20190629_polyic_mo__E3_P1_1,x,8,3.1999998807907124,3,0.13142719846227774,2,0.13927255985267034,0.007845361390392602,4162,4344,unetr_style
Mouse,POLYIC_20190629_polyic_mo__E3_P1_1,y,2,4.999999925494195,1,0.5028538812785388,0,0.5069288389513109,0.004074957672772106,5256,5340,unetr_style
Mouse,POLYIC_20190629_polyic_mo__E3_P1_1,y,3,4.999999925494195,1,0.3369482496194825,1,0.36554307116104867,0.028594821541566173,5256,5340,unetr_style
Mouse,POLYIC_20190629_polyic_mo__E3_P1_1,y,4,4.999999925494195,2,0.2595129375951294,2,0.2835205992509363,0.024007661655806922,5256,5340,unetr_style
Mouse,POLYIC_20190629_polyic_mo__E3_P1_1,y,5,4.999999925494195,3,0.2197488584474886,2,0.3415730337078652,0.12182417526037659,5256,5340,unetr_style
Mouse,POLYIC_20190629_polyic_mo__E3_P1_1,y,6,4.999999925494195,0,0.1754185692541857,1,0.19250936329588014,0.017090794041694446,5256,5340,unetr_style
Mouse,POLYIC_20190629_polyic_mo__E3_P1_1,y,7,4.999999925494195,6,0.14878234398782345,2,0.15749063670411986,0.008708292716296417,5256,5340,unetr_style
Mouse,POLYIC_20190629_polyic_mo__E3_P1_1,y,8,4.999999925494195,2,0.1430745814307458,2,0.15374531835205993,0.010670736921314122,5256,5340,unetr_style
Mouse,POLYIC_20190629_polyic_mo__E3_P1_2,x,2,3.1999998807907124,1,0.5052058684335069,0,0.5028328611898017,-0.0023730072437051497,4226,4236,current_best
Mouse,POLYIC_20190629_polyic_mo__E3_P1_2,x,3,3.1999998807907124,2,0.3454803596781827,2,0.34985835694050993,0.004377997262327238,4226,4236,current_best
Mouse,POLYIC_20190629_polyic_mo__E3_P1_2,x,4,3.1999998807907124,3,0.26100331282536676,2,0.2577903682719547,-0.0032129445534120893,4226,4236,current_best
Mouse,POLYIC_20190629_polyic_mo__E3_P1_2,x,5,3.1999998807907124,4,0.2127307146237577,1,0.20939565627950896,-0.0033350583442487425,4226,4236,current_best
Mouse,POLYIC_20190629_polyic_mo__E3_P1_2,x,6,3.1999998807907124,5,0.1767628963558921,5,0.18649669499527857,0.009733798639386476,4226,4236,current_best
Mouse,POLYIC_20190629_polyic_mo__E3_P1_2,x,7,3.1999998807907124,3,0.15380974917179366,5,0.16288951841359772,0.009079769241804064,4226,4236,current_best
Mouse,POLYIC_20190629_polyic_mo__E3_P1_2,x,8,3.1999998807907124,0,0.13558920965451965,0,0.13503305004721436,-0.0005561596073052899,4226,4236,current_best
Mouse,POLYIC_20190629_polyic_mo__E3_P1_2,y,2,4.999999925494195,1,0.5213000367242012,1,0.5403137541043415,0.019013717380140238,5446,5482,current_best
Mouse,POLYIC_20190629_polyic_mo__E3_P1_2,y,3,4.999999925494195,0,0.35310319500550863,0,0.34294053265231667,-0.010162662353191965,5446,5482,current_best
Mouse,POLYIC_20190629_polyic_mo__E3_P1_2,y,4,4.999999925494195,3,0.2629452809401395,3,0.29222911346224006,0.02928383252210054,5446,5482,current_best
Mouse,POLYIC_20190629_polyic_mo__E3_P1_2,y,5,4.999999925494195,3,0.2219977965479251,3,0.35552717986136445,0.13352938331343936,5446,5482,current_best
Mouse,POLYIC_20190629_polyic_mo__E3_P1_2,y,6,4.999999925494195,3,0.1872934263679765,1,0.19700839109813936,0.009714964730162867,5446,5482,current_best
Mouse,POLYIC_20190629_polyic_mo__E3_P1_2,y,7,4.999999925494195,6,0.15662871832537642,2,0.16180226194819408,0.005173543622817661,5446,5482,current_best
Mouse,POLYIC_20190629_polyic_mo__E3_P1_2,y,8,4.999999925494195,5,0.15332354021300038,3,0.16034294053265233,0.007019400319651953,5446,5482,current_best
Mouse,POLYIC_20190629_polyic_mo__E3_P1_2,x,2,3.1999998807907124,1,0.5052058684335069,1,0.5169373549883991,0.011731486554892201,4226,4310,unetr_style
Mouse,POLYIC_20190629_polyic_mo__E3_P1_2,x,3,3.1999998807907124,2,0.3454803596781827,2,0.337122969837587,-0.008357389840595697,4226,4310,unetr_style
Mouse,POLYIC_20190629_polyic_mo__E3_P1_2,x,4,3.1999998807907124,3,0.26100331282536676,3,0.2756380510440835,0.014634738218716747,4226,4310,unetr_style
Mouse,POLYIC_20190629_polyic_mo__E3_P1_2,x,5,3.1999998807907124,4,0.2127307146237577,0,0.2245939675174014,0.011863252893643705,4226,4310,unetr_style
Mouse,POLYIC_20190629_polyic_mo__E3_P1_2,x,6,3.1999998807907124,5,0.1767628963558921,5,0.18190255220417634,0.005139655848284241,4226,4310,unetr_style
Mouse,POLYIC_20190629_polyic_mo__E3_P1_2,x,7,3.1999998807907124,3,0.15380974917179366,3,0.14779582366589328,-0.0060139255059003804,4226,4310,unetr_style
Mouse,POLYIC_20190629_polyic_mo__E3_P1_2,x,8,3.1999998807907124,0,0.13558920965451965,3,0.14222737819025522,0.006638168535735567,4226,4310,unetr_style
Mouse,POLYIC_20190629_polyic_mo__E3_P1_2,y,2,4.999999925494195,1,0.5213000367242012,1,0.5544918998527246,0.0331918631285234,5446,5432,unetr_style
Mouse,POLYIC_20190629_polyic_mo__E3_P1_2,y,3,4.999999925494195,0,0.35310319500550863,0,0.3396539027982327,-0.01344929220727592,5446,5432,unetr_style
Mouse,POLYIC_20190629_polyic_mo__E3_P1_2,y,4,4.999999925494195,3,0.2629452809401395,3,0.2923416789396171,0.029396397999477575,5446,5432,unetr_style
Mouse,POLYIC_20190629_polyic_mo__E3_P1_2,y,5,4.999999925494195,3,0.2219977965479251,3,0.35125184094256257,0.12925404439463747,5446,5432,unetr_style
Mouse,POLYIC_20190629_polyic_mo__E3_P1_2,y,6,4.999999925494195,3,0.1872934263679765,1,0.19661266568483063,0.009319239316854133,5446,5432,unetr_style
Mouse,POLYIC_20190629_polyic_mo__E3_P1_2,y,7,4.999999925494195,6,0.15662871832537642,6,0.1561119293078056,-0.0005167890175708234,5446,5432,unetr_style
Mouse,POLYIC_20190629_polyic_mo__E3_P1_2,y,8,4.999999925494195,5,0.15332354021300038,3,0.1642120765832106,0.010888536370210228,5446,5432,unetr_style
Mouse,POLYIC_20190629_polyic_mo__E3_P1_3,x,2,3.1999998807907124,1,0.501287332646756,0,0.5111223458038423,0.009835013157086347,3884,3956,current_best
Mouse,POLYIC_20190629_polyic_mo__E3_P1_3,x,3,3.1999998807907124,1,0.34629248197734297,1,0.33695652173913043,-0.009335960238212537,3884,3956,current_best
Mouse,POLYIC_20190629_polyic_mo__E3_P1_3,x,4,3.1999998807907124,3,0.256951596292482,0,0.26238624873609706,0.005434652443615073,3884,3956,current_best
Mouse,POLYIC_20190629_polyic_mo__E3_P1_3,x,5,3.1999998807907124,1,0.20829042224510813,4,0.20930232558139536,0.0010119033362872287,3884,3956,current_best
Mouse,POLYIC_20190629_polyic_mo__E3_P1_3,x,6,3.1999998807907124,1,0.174562306900103,0,0.18023255813953487,0.005670251239431878,3884,3956,current_best
Mouse,POLYIC_20190629_polyic_mo__E3_P1_3,x,7,3.1999998807907124,6,0.1560247167868177,6,0.15495449949443882,-0.0010702172923788833,3884,3956,current_best
Mouse,POLYIC_20190629_polyic_mo__E3_P1_3,x,8,3.1999998807907124,3,0.13851699279093718,3,0.1365015166835187,-0.002015476107418479,3884,3956,current_best
Mouse,POLYIC_20190629_polyic_mo__E3_P1_3,y,2,4.999999925494195,0,0.5038574577516532,1,0.5295189504373178,0.025661492685664533,5444,5488,current_best
Mouse,POLYIC_20190629_polyic_mo__E3_P1_3,y,3,4.999999925494195,0,0.35635562086700956,2,0.35659620991253643,0.00024058904552687332,5444,5488,current_best
Mouse,POLYIC_20190629_polyic_mo__E3_P1_3,y,4,4.999999925494195,2,0.25991917707567963,1,0.28680758017492713,0.026888403099247504,5444,5488,current_best
Mouse,POLYIC_20190629_polyic_mo__E3_P1_3,y,5,4.999999925494195,3,0.21914033798677443,2,0.34766763848396504,0.1285273004971906,5444,5488,current_best
Mouse,POLYIC_20190629_polyic_mo__E3_P1_3,y,6,4.999999925494195,0,0.19948567229977957,1,0.20973032069970846,0.01024464839992889,5444,5488,current_best
Mouse,POLYIC_20190629_polyic_mo__E3_P1_3,y,7,4.999999925494195,3,0.16660543717854517,3,0.18385568513119532,0.01725024795265015,5444,5488,current_best
Mouse,POLYIC_20190629_polyic_mo__E3_P1_3,y,8,4.999999925494195,3,0.13739897134459955,1,0.17401603498542273,0.03661706364082318,5444,5488,current_best
Mouse,POLYIC_20190629_polyic_mo__E3_P1_3,x,2,3.1999998807907124,1,0.501287332646756,0,0.5125422093584178,0.01125487671166181,3884,4146,unetr_style
Mouse,POLYIC_20190629_polyic_mo__E3_P1_3,x,3,3.1999998807907124,1,0.34629248197734297,2,0.34466956102267243,-0.001622920954670537,3884,4146,unetr_style
Mouse,POLYIC_20190629_polyic_mo__E3_P1_3,x,4,3.1999998807907124,3,0.256951596292482,0,0.27038109020742884,0.013429493914946855,3884,4146,unetr_style
Mouse,POLYIC_20190629_polyic_mo__E3_P1_3,x,5,3.1999998807907124,1,0.20829042224510813,2,0.2141823444283647,0.0058919221832565705,3884,4146,unetr_style
Mouse,POLYIC_20190629_polyic_mo__E3_P1_3,x,6,3.1999998807907124,1,0.174562306900103,0,0.1763145200192957,0.0017522131191927137,3884,4146,unetr_style
Mouse,POLYIC_20190629_polyic_mo__E3_P1_3,x,7,3.1999998807907124,6,0.1560247167868177,5,0.15315967197298602,-0.0028650448138316797,3884,4146,unetr_style
Mouse,POLYIC_20190629_polyic_mo__E3_P1_3,x,8,3.1999998807907124,3,0.13851699279093718,4,0.13748191027496381,-0.0010350825159733679,3884,4146,unetr_style
Mouse,POLYIC_20190629_polyic_mo__E3_P1_3,y,2,4.999999925494195,0,0.5038574577516532,1,0.5068517850703209,0.0029943273186676667,5444,5546,unetr_style
Mouse,POLYIC_20190629_polyic_mo__E3_P1_3,y,3,4.999999925494195,0,0.35635562086700956,1,0.36224305805986295,0.005887437192853395,5444,5546,unetr_style
Mouse,POLYIC_20190629_polyic_mo__E3_P1_3,y,4,4.999999925494195,2,0.25991917707567963,1,0.2755138838802741,0.01559470680459446,5444,5546,unetr_style
Mouse,POLYIC_20190629_polyic_mo__E3_P1_3,y,5,4.999999925494195,3,0.21914033798677443,2,0.3406058420483231,0.12146550406154868,5444,5546,unetr_style
Mouse,POLYIC_20190629_polyic_mo__E3_P1_3,y,6,4.999999925494195,0,0.19948567229977957,1,0.2019473494410386,0.0024616771412590277,5444,5546,unetr_style
Mouse,POLYIC_20190629_polyic_mo__E3_P1_3,y,7,4.999999925494195,3,0.16660543717854517,3,0.1743598990263253,0.007754461847780114,5444,5546,unetr_style
Mouse,POLYIC_20190629_polyic_mo__E3_P1_3,y,8,4.999999925494195,3,0.13739897134459955,1,0.17724486116119725,0.0398458898165977,5444,5546,unetr_style
Mouse,POLYIC_20190629_polyic_mo__E3_P1_5,x,2,3.1999998807907124,1,0.5054590570719603,1,0.5066864784546805,0.0012274213827202507,4030,4038,current_best
Mouse,POLYIC_20190629_polyic_mo__E3_P1_5,x,3,3.1999998807907124,1,0.3426799007444169,1,0.3405151064883606,-0.0021647942560563127,4030,4038,current_best
Mouse,POLYIC_20190629_polyic_mo__E3_P1_5,x,4,3.1999998807907124,3,0.2669975186104218,3,0.26869737493808815,0.001699856327666338,4030,4038,current_best
Mouse,POLYIC_20190629_polyic_mo__E3_P1_5,x,5,3.1999998807907124,2,0.21761786600496277,2,0.21471025260029716,-0.00290761340466561,4030,4038,current_best
Mouse,POLYIC_20190629_polyic_mo__E3_P1_5,x,6,3.1999998807907124,4,0.17419354838709677,3,0.1738484398216939,-0.00034510856540287405,4030,4038,current_best
Mouse,POLYIC_20190629_polyic_mo__E3_P1_5,x,7,3.1999998807907124,2,0.16476426799007443,2,0.16468548786527984,-7.878012479459184e-05,4030,4038,current_best
Mouse,POLYIC_20190629_polyic_mo__E3_P1_5,x,8,3.1999998807907124,3,0.1334987593052109,3,0.14041604754829123,0.006917288243080327,4030,4038,current_best
Mouse,POLYIC_20190629_polyic_mo__E3_P1_5,y,2,4.999999925494195,1,0.5090339233038348,0,0.5190476190476191,0.010013695743784301,5424,5460,current_best
Mouse,POLYIC_20190629_polyic_mo__E3_P1_5,y,3,4.999999925494195,0,0.34494837758112096,2,0.37142857142857144,0.026480193847450484,5424,5460,current_best
Mouse,POLYIC_20190629_polyic_mo__E3_P1_5,y,4,4.999999925494195,3,0.25995575221238937,2,0.27985347985347986,0.01989772764109049,5424,5460,current_best
Mouse,POLYIC_20190629_polyic_mo__E3_P1_5,y,5,4.999999925494195,3,0.2206858407079646,3,0.3525641025641026,0.131878261856138,5424,5460,current_best
Mouse,POLYIC_20190629_polyic_mo__E3_P1_5,y,6,4.999999925494195,3,0.18215339233038347,2,0.22765567765567765,0.045502285325294184,5424,5460,current_best
Mouse,POLYIC_20190629_polyic_mo__E3_P1_5,y,7,4.999999925494195,3,0.18067846607669616,3,0.17032967032967034,-0.010348795747025824,5424,5460,current_best
Mouse,POLYIC_20190629_polyic_mo__E3_P1_5,y,8,4.999999925494195,5,0.14233038348082597,6,0.17967032967032967,0.0373399461895037,5424,5460,current_best
Mouse,POLYIC_20190629_polyic_mo__E3_P1_5,x,2,3.1999998807907124,1,0.5054590570719603,0,0.507038948850305,0.001579891778344722,4030,4262,unetr_style
Mouse,POLYIC_20190629_polyic_mo__E3_P1_5,x,3,3.1999998807907124,1,0.3426799007444169,2,0.3575786015954951,0.014898700851078195,4030,4262,unetr_style
Mouse,POLYIC_20190629_polyic_mo__E3_P1_5,x,4,3.1999998807907124,3,0.2669975186104218,3,0.2576255279211638,-0.009371990689258036,4030,4262,unetr_style
Mouse,POLYIC_20190629_polyic_mo__E3_P1_5,x,5,3.1999998807907124,2,0.21761786600496277,2,0.22172688878460817,0.004109022779645394,4030,4262,unetr_style
Mouse,POLYIC_20190629_polyic_mo__E3_P1_5,x,6,3.1999998807907124,4,0.17419354838709677,2,0.18512435476302205,0.010930806375925278,4030,4262,unetr_style
Mouse,POLYIC_20190629_polyic_mo__E3_P1_5,x,7,3.1999998807907124,2,0.16476426799007443,2,0.15532613796339748,-0.009438130026676955,4030,4262,unetr_style
Mouse,POLYIC_20190629_polyic_mo__E3_P1_5,x,8,3.1999998807907124,3,0.1334987593052109,6,0.1328015016424214,-0.0006972576627894966,4030,4262,unetr_style
Mouse,POLYIC_20190629_polyic_mo__E3_P1_5,y,2,4.999999925494195,1,0.5090339233038348,0,0.5196292257360959,0.010595302432261144,5424,5502,unetr_style
Mouse,POLYIC_20190629_polyic_mo__E3_P1_5,y,3,4.999999925494195,0,0.34494837758112096,1,0.36659396583060705,0.021645588249486092,5424,5502,unetr_style
Mouse,POLYIC_20190629_polyic_mo__E3_P1_5,y,4,4.999999925494195,3,0.25995575221238937,2,0.2702653580516176,0.010309605839228242,5424,5502,unetr_style
Mouse,POLYIC_20190629_polyic_mo__E3_P1_5,y,5,4.999999925494195,3,0.2206858407079646,0,0.3420574336604871,0.12137159295252248,5424,5502,unetr_style
Mouse,POLYIC_20190629_polyic_mo__E3_P1_5,y,6,4.999999925494195,3,0.18215339233038347,2,0.2122864412940749,0.030133048963691428,5424,5502,unetr_style
Mouse,POLYIC_20190629_polyic_mo__E3_P1_5,y,7,4.999999925494195,3,0.18067846607669616,3,0.16575790621592149,-0.014920559860774674,5424,5502,unetr_style
Mouse,POLYIC_20190629_polyic_mo__E3_P1_5,y,8,4.999999925494195,5,0.14233038348082597,6,0.18138858596873864,0.03905820248791267,5424,5502,unetr_style
Mouse,POLYIC_20190629_polyic_mo__E4_P1_2,x,2,3.1999998807907124,0,0.505324298160697,1,0.5033751205400193,-0.0019491776206777,4132,4148,current_best
Mouse,POLYIC_20190629_polyic_mo__E4_P1_2,x,3,3.1999998807907124,1,0.33736689254598257,0,0.34281581485053036,0.005448922304547799,4132,4148,current_best
Mouse,POLYIC_20190629_polyic_mo__E4_P1_2,x,4,3.1999998807907124,3,0.2584704743465634,1,0.2668756027000964,0.00840512835353302,4132,4148,current_best
Mouse,POLYIC_20190629_polyic_mo__E4_P1_2,x,5,3.1999998807907124,1,0.20401742497579864,0,0.21239151398264225,0.00837408900684361,4132,4148,current_best
Mouse,POLYIC_20190629_polyic_mo__E4_P1_2,x,6,3.1999998807907124,2,0.17473378509196516,3,0.1750241080038573,0.0002903229118921269,4132,4148,current_best
Mouse,POLYIC_20190629_polyic_mo__E4_P1_2,x,7,3.1999998807907124,3,0.15198451113262343,1,0.1562198649951784,0.004235353862554969,4132,4148,current_best
Mouse,POLYIC_20190629_polyic_mo__E4_P1_2,x,8,3.1999998807907124,7,0.13770571151984512,0,0.1444069431051109,0.006701231585265782,4132,4148,current_best
Mouse,POLYIC_20190629_polyic_mo__E4_P1_2,y,2,4.999999925494195,1,0.5151953690303908,1,0.5126080691642652,-0.002587299866125603,5528,5552,current_best
Mouse,POLYIC_20190629_polyic_mo__E4_P1_2,y,3,4.999999925494195,0,0.34876989869753977,2,0.35644812680115273,0.007678228103612961,5528,5552,current_best
Mouse,POLYIC_20190629_polyic_mo__E4_P1_2,y,4,4.999999925494195,1,0.26157742402315487,1,0.2849423631123919,0.023364939089237036,5528,5552,current_best
Mouse,POLYIC_20190629_polyic_mo__E4_P1_2,y,5,4.999999925494195,1,0.21164978292329956,0,0.3425792507204611,0.13092946779716153,5528,5552,current_best
Mouse,POLYIC_20190629_polyic_mo__E4_P1_2,y,6,4.999999925494195,1,0.1935600578871201,2,0.19434438040345822,0.0007843225163381151,5528,5552,current_best
Mouse,POLYIC_20190629_polyic_mo__E4_P1_2,y,7,4.999999925494195,3,0.17547033285094066,3,0.180835734870317,0.005365402019376353,5528,5552,current_best
Mouse,POLYIC_20190629_polyic_mo__E4_P1_2,y,8,4.999999925494195,5,0.14272793053545585,4,0.1640850144092219,0.02135708387376606,5528,5552,current_best
Mouse,POLYIC_20190629_polyic_mo__E4_P1_2,x,2,3.1999998807907124,0,0.505324298160697,0,0.5198889916743756,0.014564693513678617,4132,4324,unetr_style
Mouse,POLYIC_20190629_polyic_mo__E4_P1_2,x,3,3.1999998807907124,1,0.33736689254598257,0,0.343432007400555,0.006065114854572451,4132,4324,unetr_style
Mouse,POLYIC_20190629_polyic_mo__E4_P1_2,x,4,3.1999998807907124,3,0.2584704743465634,0,0.2761332099907493,0.017662735644185912,4132,4324,unetr_style
Mouse,POLYIC_20190629_polyic_mo__E4_P1_2,x,5,3.1999998807907124,1,0.20401742497579864,4,0.21345975948196114,0.009442334506162497,4132,4324,unetr_style
Mouse,POLYIC_20190629_polyic_mo__E4_P1_2,x,6,3.1999998807907124,2,0.17473378509196516,2,0.17622571692876965,0.0014919318368044887,4132,4324,unetr_style
Mouse,POLYIC_20190629_polyic_mo__E4_P1_2,x,7,3.1999998807907124,3,0.15198451113262343,3,0.1561054579093432,0.004120946776719758,4132,4324,unetr_style
Mouse,POLYIC_20190629_polyic_mo__E4_P1_2,x,8,3.1999998807907124,7,0.13770571151984512,0,0.14569842738205366,0.007992715862208538,4132,4324,unetr_style
Mouse,POLYIC_20190629_polyic_mo__E4_P1_2,y,2,4.999999925494195,1,0.5151953690303908,1,0.5091759625764664,-0.006019406453924403,5528,5558,unetr_style
Mouse,POLYIC_20190629_polyic_mo__E4_P1_2,y,3,4.999999925494195,0,0.34876989869753977,2,0.3506657070888809,0.001895808391341125,5528,5558,unetr_style
Mouse,POLYIC_20190629_polyic_mo__E4_P1_2,y,4,4.999999925494195,1,0.26157742402315487,1,0.2864339690536164,0.02485654503046153,5528,5558,unetr_style
Mouse,POLYIC_20190629_polyic_mo__E4_P1_2,y,5,4.999999925494195,1,0.21164978292329956,3,0.3432889528607413,0.13163916993744174,5528,5558,unetr_style
Mouse,POLYIC_20190629_polyic_mo__E4_P1_2,y,6,4.999999925494195,1,0.1935600578871201,2,0.1962936308024469,0.002733572915326804,5528,5558,unetr_style
Mouse,POLYIC_20190629_polyic_mo__E4_P1_2,y,7,4.999999925494195,3,0.17547033285094066,3,0.17074487225620727,-0.004725460594733388,5528,5558,unetr_style
Mouse,POLYIC_20190629_polyic_mo__E4_P1_2,y,8,4.999999925494195,5,0.14272793053545585,4,0.1651673263763944,0.022439395840938542,5528,5558,unetr_style
Mouse,POLYIC_20190629_polyic_mo__E4_P1_4,x,2,3.1999998807907124,1,0.5048100048100048,1,0.5101253616200578,0.005315356810053018,4158,4148,current_best
Mouse,POLYIC_20190629_polyic_mo__E4_P1_4,x,3,3.1999998807907124,1,0.3354978354978355,2,0.33799421407907426,0.002496378581238745,4158,4148,current_best
Mouse,POLYIC_20190629_polyic_mo__E4_P1_4,x,4,3.1999998807907124,3,0.25901875901875904,3,0.25578592092574737,-0.0032328380930116696,4158,4148,current_best
Mouse,POLYIC_20190629_polyic_mo__E4_P1_4,x,5,3.1999998807907124,4,0.20514670514670516,0,0.211427193828351,0.006280488681645852,4158,4148,current_best
Mouse,POLYIC_20190629_polyic_mo__E4_P1_4,x,6,3.1999998807907124,3,0.1738816738816739,1,0.17767598842815815,0.0037943145464842676,4158,4148,current_best
Mouse,POLYIC_20190629_polyic_mo__E4_P1_4,x,7,3.1999998807907124,2,0.15488215488215487,3,0.15549662487945998,0.000614469997305106,4158,4148,current_best
Mouse,POLYIC_20190629_polyic_mo__E4_P1_4,x,8,3.1999998807907124,7,0.13732563732563732,5,0.14006750241080038,0.0027418650851630533,4158,4148,current_best
Mouse,POLYIC_20190629_polyic_mo__E4_P1_4,y,2,4.999999925494195,1,0.503302752293578,1,0.5110051357300074,0.007702383436429372,5450,5452,current_best
Mouse,POLYIC_20190629_polyic_mo__E4_P1_4,y,3,4.999999925494195,2,0.3774311926605505,2,0.3503301540719002,-0.02710103858865026,5450,5452,current_best
Mouse,POLYIC_20190629_polyic_mo__E4_P1_4,y,4,4.999999925494195,2,0.26238532110091745,3,0.2681584739545121,0.005773152853594643,5450,5452,current_best
Mouse,POLYIC_20190629_polyic_mo__E4_P1_4,y,5,4.999999925494195,1,0.23577981651376148,2,0.36683785766691124,0.13105804115314976,5450,5452,current_best
Mouse,POLYIC_20190629_polyic_mo__E4_P1_4,y,6,4.999999925494195,2,0.19247706422018349,5,0.19075568598679385,-0.0017213782333896366,5450,5452,current_best
Mouse,POLYIC_20190629_polyic_mo__E4_P1_4,y,7,4.999999925494195,6,0.15614678899082568,2,0.15792369772560527,0.001776908734779592,5450,5452,current_best
Mouse,POLYIC_20190629_polyic_mo__E4_P1_4,y,8,4.999999925494195,2,0.138348623853211,2,0.15553925165077037,0.017190627797559366,5450,5452,current_best
Mouse,POLYIC_20190629_polyic_mo__E4_P1_4,x,2,3.1999998807907124,1,0.5048100048100048,1,0.5109915809167446,0.00618157610673975,4158,4276,unetr_style
Mouse,POLYIC_20190629_polyic_mo__E4_P1_4,x,3,3.1999998807907124,1,0.3354978354978355,0,0.35126286248830685,0.01576502699047133,4158,4276,unetr_style
Mouse,POLYIC_20190629_polyic_mo__E4_P1_4,x,4,3.1999998807907124,3,0.25901875901875904,3,0.26028999064546304,0.0012712316267040058,4158,4276,unetr_style
Mouse,POLYIC_20190629_polyic_mo__E4_P1_4,x,5,3.1999998807907124,4,0.20514670514670516,0,0.21398503274087932,0.008838327594174161,4158,4276,unetr_style
Mouse,POLYIC_20190629_polyic_mo__E4_P1_4,x,6,3.1999998807907124,3,0.1738816738816739,3,0.18217960710944808,0.008297933227774196,4158,4276,unetr_style
Mouse,POLYIC_20190629_polyic_mo__E4_P1_4,x,7,3.1999998807907124,2,0.15488215488215487,1,0.15364826941066417,-0.0012338854714906977,4158,4276,unetr_style
Mouse,POLYIC_20190629_polyic_mo__E4_P1_4,x,8,3.1999998807907124,7,0.13732563732563732,5,0.13470533208606175,-0.002620305239575571,4158,4276,unetr_style
Mouse,POLYIC_20190629_polyic_mo__E4_P1_4,y,2,4.999999925494195,1,0.503302752293578,1,0.5200803212851406,0.016777568991562575,5450,5478,unetr_style
Mouse,POLYIC_20190629_polyic_mo__E4_P1_4,y,3,4.999999925494195,2,0.3774311926605505,2,0.34903249361080685,-0.028398699049743625,5450,5478,unetr_style
Mouse,POLYIC_20190629_polyic_mo__E4_P1_4,y,4,4.999999925494195,2,0.26238532110091745,3,0.2677984665936473,0.005413145492729865,5450,5478,unetr_style
Mouse,POLYIC_20190629_polyic_mo__E4_P1_4,y,5,4.999999925494195,1,0.23577981651376148,2,0.37258123402701715,0.13680141751325567,5450,5478,unetr_style
Mouse,POLYIC_20190629_polyic_mo__E4_P1_4,y,6,4.999999925494195,2,0.19247706422018349,5,0.185469149324571,-0.007007914895612477,5450,5478,unetr_style
Mouse,POLYIC_20190629_polyic_mo__E4_P1_4,y,7,4.999999925494195,6,0.15614678899082568,2,0.16173786053304126,0.005591071542215581,5450,5478,unetr_style
Mouse,POLYIC_20190629_polyic_mo__E4_P1_4,y,8,4.999999925494195,2,0.138348623853211,7,0.14622124863088717,0.007872624777676168,5450,5478,unetr_style
