task,transform,stage,relative_l2,cosine,subject
brain,resampling_floor,input,2.3476036403735634e-06,1.0,POLYIC_20190510_mouse34__E2_P1
brain,resampling_floor,encoder_level0,1.8437560356687754e-05,1.0,POLYIC_20190510_mouse34__E2_P1
brain,resampling_floor,encoder_level1,1.9450762920314446e-05,1.0,POLYIC_20190510_mouse34__E2_P1
brain,resampling_floor,encoder_level2,2.1817995730089024e-05,1.0,POLYIC_20190510_mouse34__E2_P1
brain,resampling_floor,encoder_level3,5.382088374972227e-07,1.0,POLYIC_20190510_mouse34__E2_P1
brain,resampling_floor,encoder_level4,4.2971878428943455e-06,0.9999999403953552,POLYIC_20190510_mouse34__E2_P1
brain,resampling_floor,canvas_level4,4.2971878428943455e-06,0.9999999403953552,POLYIC_20190510_mouse34__E2_P1
brain,resampling_floor,canvas_level3,7.775744597893208e-05,1.0,POLYIC_20190510_mouse34__E2_P1
brain,resampling_floor,canvas_level2,0.00016658964159432799,1.0,POLYIC_20190510_mouse34__E2_P1
brain,resampling_floor,canvas_level1,0.00018811215704772621,0.9999999403953552,POLYIC_20190510_mouse34__E2_P1
brain,resampling_floor,canvas_level0,0.0002285956870764494,0.9999998211860657,POLYIC_20190510_mouse34__E2_P1
brain,resampling_floor,output_logits,7.869173714425415e-05,1.0,POLYIC_20190510_mouse34__E2_P1
brain,resampling_floor,query_mask_embedding,6.146384521343862e-07,1.0,POLYIC_20190510_mouse34__E2_P1
brain,axis0_+1mm,input,2.1030803054600256e-06,1.0,POLYIC_20190510_mouse34__E2_P1
brain,axis0_+1mm,encoder_level0,1.9775510736508295e-05,1.0,POLYIC_20190510_mouse34__E2_P1
brain,axis0_+1mm,encoder_level1,0.19553980231285095,0.9807096719741821,POLYIC_20190510_mouse34__E2_P1
brain,axis0_+1mm,encoder_level2,0.22385908663272858,0.9746446013450623,POLYIC_20190510_mouse34__E2_P1
brain,axis0_+1mm,encoder_level3,0.1746283620595932,0.9846376180648804,POLYIC_20190510_mouse34__E2_P1
brain,axis0_+1mm,encoder_level4,0.16955409944057465,0.9856775999069214,POLYIC_20190510_mouse34__E2_P1
brain,axis0_+1mm,canvas_level4,0.16955409944057465,0.9856775999069214,POLYIC_20190510_mouse34__E2_P1
brain,axis0_+1mm,canvas_level3,0.24363888800144196,0.9699057340621948,POLYIC_20190510_mouse34__E2_P1
brain,axis0_+1mm,canvas_level2,0.24499110877513885,0.9696153402328491,POLYIC_20190510_mouse34__E2_P1
brain,axis0_+1mm,canvas_level1,0.20578771829605103,0.9786632061004639,POLYIC_20190510_mouse34__E2_P1
brain,axis0_+1mm,canvas_level0,0.15037095546722412,0.988724946975708,POLYIC_20190510_mouse34__E2_P1
brain,axis0_+1mm,output_logits,0.06510971486568451,0.9978787899017334,POLYIC_20190510_mouse34__E2_P1
brain,axis0_+1mm,query_mask_embedding,0.0028528873808681965,0.9999959468841553,POLYIC_20190510_mouse34__E2_P1
brain,axis0_+2mm,input,2.1664350242645014e-06,1.0,POLYIC_20190510_mouse34__E2_P1
brain,axis0_+2mm,encoder_level0,1.950392652361188e-05,1.0,POLYIC_20190510_mouse34__E2_P1
brain,axis0_+2mm,encoder_level1,0.08320751786231995,0.996558666229248,POLYIC_20190510_mouse34__E2_P1
brain,axis0_+2mm,encoder_level2,0.2405523806810379,0.97063809633255,POLYIC_20190510_mouse34__E2_P1
brain,axis0_+2mm,encoder_level3,0.1679428666830063,0.9857999086380005,POLYIC_20190510_mouse34__E2_P1
brain,axis0_+2mm,encoder_level4,0.2012827843427658,0.979674220085144,POLYIC_20190510_mouse34__E2_P1
brain,axis0_+2mm,canvas_level4,0.2012827843427658,0.979674220085144,POLYIC_20190510_mouse34__E2_P1
brain,axis0_+2mm,canvas_level3,0.2583795189857483,0.9661375880241394,POLYIC_20190510_mouse34__E2_P1
brain,axis0_+2mm,canvas_level2,0.2737397253513336,0.9618282318115234,POLYIC_20190510_mouse34__E2_P1
brain,axis0_+2mm,canvas_level1,0.19904720783233643,0.980324387550354,POLYIC_20190510_mouse34__E2_P1
brain,axis0_+2mm,canvas_level0,0.19133156538009644,0.9818670153617859,POLYIC_20190510_mouse34__E2_P1
brain,axis0_+2mm,output_logits,0.07897428423166275,0.9968974590301514,POLYIC_20190510_mouse34__E2_P1
brain,axis0_+2mm,query_mask_embedding,0.004014917183667421,0.9999932050704956,POLYIC_20190510_mouse34__E2_P1
brain,axis0_+4mm,input,2.2380568225344177e-06,1.0,POLYIC_20190510_mouse34__E2_P1
brain,axis0_+4mm,encoder_level0,0.07250311970710754,0.9973680973052979,POLYIC_20190510_mouse34__E2_P1
brain,axis0_+4mm,encoder_level1,0.2115718126296997,0.9773876070976257,POLYIC_20190510_mouse34__E2_P1
brain,axis0_+4mm,encoder_level2,0.2897454500198364,0.9574488997459412,POLYIC_20190510_mouse34__E2_P1
brain,axis0_+4mm,encoder_level3,0.22002533078193665,0.9755769371986389,POLYIC_20190510_mouse34__E2_P1
brain,axis0_+4mm,encoder_level4,0.20557457208633423,0.9786475896835327,POLYIC_20190510_mouse34__E2_P1
brain,axis0_+4mm,canvas_level4,0.20557457208633423,0.9786475896835327,POLYIC_20190510_mouse34__E2_P1
brain,axis0_+4mm,canvas_level3,0.30448269844055176,0.9526508450508118,POLYIC_20190510_mouse34__E2_P1
brain,axis0_+4mm,canvas_level2,0.30919149518013,0.9514189958572388,POLYIC_20190510_mouse34__E2_P1
brain,axis0_+4mm,canvas_level1,0.2793075442314148,0.9608142971992493,POLYIC_20190510_mouse34__E2_P1
brain,axis0_+4mm,canvas_level0,0.30181270837783813,0.9540263414382935,POLYIC_20190510_mouse34__E2_P1
brain,axis0_+4mm,output_logits,0.27140480279922485,0.9624751806259155,POLYIC_20190510_mouse34__E2_P1
brain,axis0_+4mm,query_mask_embedding,0.002824154682457447,0.9999961853027344,POLYIC_20190510_mouse34__E2_P1
brain,axis0_+6mm,input,0.14101751148700714,0.9900070428848267,POLYIC_20190510_mouse34__E2_P1
brain,axis0_+6mm,encoder_level0,0.2148818075656891,0.9767441749572754,POLYIC_20190510_mouse34__E2_P1
brain,axis0_+6mm,encoder_level1,0.33796676993370056,0.9414433836936951,POLYIC_20190510_mouse34__E2_P1
brain,axis0_+6mm,encoder_level2,0.39187583327293396,0.9200217723846436,POLYIC_20190510_mouse34__E2_P1
brain,axis0_+6mm,encoder_level3,0.34300991892814636,0.9394198656082153,POLYIC_20190510_mouse34__E2_P1
brain,axis0_+6mm,encoder_level4,0.21511700749397278,0.9766839742660522,POLYIC_20190510_mouse34__E2_P1
brain,axis0_+6mm,canvas_level4,0.21511700749397278,0.9766839742660522,POLYIC_20190510_mouse34__E2_P1
brain,axis0_+6mm,canvas_level3,0.3606172800064087,0.9330929517745972,POLYIC_20190510_mouse34__E2_P1
brain,axis0_+6mm,canvas_level2,0.40171268582344055,0.91617351770401,POLYIC_20190510_mouse34__E2_P1
brain,axis0_+6mm,canvas_level1,0.3851783275604248,0.9245619773864746,POLYIC_20190510_mouse34__E2_P1
brain,axis0_+6mm,canvas_level0,0.399792343378067,0.9181972742080688,POLYIC_20190510_mouse34__E2_P1
brain,axis0_+6mm,output_logits,0.38316529989242554,0.9237162470817566,POLYIC_20190510_mouse34__E2_P1
brain,axis0_+6mm,query_mask_embedding,0.003035087138414383,0.9999955892562866,POLYIC_20190510_mouse34__E2_P1
brain,axis1_+1mm,input,2.3476036403735634e-06,1.0,POLYIC_20190510_mouse34__E2_P1
brain,axis1_+1mm,encoder_level0,1.843488098529633e-05,1.0,POLYIC_20190510_mouse34__E2_P1
brain,axis1_+1mm,encoder_level1,0.2092844396829605,0.9778550863265991,POLYIC_20190510_mouse34__E2_P1
brain,axis1_+1mm,encoder_level2,0.2087378352880478,0.9779719114303589,POLYIC_20190510_mouse34__E2_P1
brain,axis1_+1mm,encoder_level3,0.21345308423042297,0.976985514163971,POLYIC_20190510_mouse34__E2_P1
brain,axis1_+1mm,encoder_level4,0.2169691026210785,0.9763608574867249,POLYIC_20190510_mouse34__E2_P1
brain,axis1_+1mm,canvas_level4,0.2169691026210785,0.9763608574867249,POLYIC_20190510_mouse34__E2_P1
brain,axis1_+1mm,canvas_level3,0.31687939167022705,0.9486460089683533,POLYIC_20190510_mouse34__E2_P1
brain,axis1_+1mm,canvas_level2,0.2725086808204651,0.9623450636863708,POLYIC_20190510_mouse34__E2_P1
brain,axis1_+1mm,canvas_level1,0.2280460000038147,0.9737179279327393,POLYIC_20190510_mouse34__E2_P1
brain,axis1_+1mm,canvas_level0,0.15591374039649963,0.9878196716308594,POLYIC_20190510_mouse34__E2_P1
brain,axis1_+1mm,output_logits,0.07206760346889496,0.9975167512893677,POLYIC_20190510_mouse34__E2_P1
brain,axis1_+1mm,query_mask_embedding,0.021799469366669655,0.9998128414154053,POLYIC_20190510_mouse34__E2_P1
brain,axis1_+2mm,input,2.3476036403735634e-06,1.0,POLYIC_20190510_mouse34__E2_P1
brain,axis1_+2mm,encoder_level0,0.03625155985355377,0.9993427395820618,POLYIC_20190510_mouse34__E2_P1
brain,axis1_+2mm,encoder_level1,0.12925347685813904,0.9916334748268127,POLYIC_20190510_mouse34__E2_P1
brain,axis1_+2mm,encoder_level2,0.2240225225687027,0.9745936989784241,POLYIC_20190510_mouse34__E2_P1
brain,axis1_+2mm,encoder_level3,0.1734713464975357,0.9848437905311584,POLYIC_20190510_mouse34__E2_P1
brain,axis1_+2mm,encoder_level4,0.20597811043262482,0.9789695143699646,POLYIC_20190510_mouse34__E2_P1
brain,axis1_+2mm,canvas_level4,0.20597811043262482,0.9789695143699646,POLYIC_20190510_mouse34__E2_P1
brain,axis1_+2mm,canvas_level3,0.29881390929222107,0.9546136856079102,POLYIC_20190510_mouse34__E2_P1
brain,axis1_+2mm,canvas_level2,0.3055550456047058,0.9523568153381348,POLYIC_20190510_mouse34__E2_P1
brain,axis1_+2mm,canvas_level1,0.22229360044002533,0.9751243591308594,POLYIC_20190510_mouse34__E2_P1
brain,axis1_+2mm,canvas_level0,0.20285584032535553,0.9793164730072021,POLYIC_20190510_mouse34__E2_P1
brain,axis1_+2mm,output_logits,0.13617178797721863,0.990744948387146,POLYIC_20190510_mouse34__E2_P1
brain,axis1_+2mm,query_mask_embedding,0.003973561804741621,0.9999949932098389,POLYIC_20190510_mouse34__E2_P1
brain,axis1_+4mm,input,2.3476036403735634e-06,1.0,POLYIC_20190510_mouse34__E2_P1
brain,axis1_+4mm,encoder_level0,0.08879782259464264,0.9960495233535767,POLYIC_20190510_mouse34__E2_P1
brain,axis1_+4mm,encoder_level1,0.2538289427757263,0.9672725796699524,POLYIC_20190510_mouse34__E2_P1
brain,axis1_+4mm,encoder_level2,0.302402526140213,0.9533747434616089,POLYIC_20190510_mouse34__E2_P1
brain,axis1_+4mm,encoder_level3,0.2419929802417755,0.9705200791358948,POLYIC_20190510_mouse34__E2_P1
brain,axis1_+4mm,encoder_level4,0.19421708583831787,0.9809763431549072,POLYIC_20190510_mouse34__E2_P1
brain,axis1_+4mm,canvas_level4,0.19421708583831787,0.9809763431549072,POLYIC_20190510_mouse34__E2_P1
brain,axis1_+4mm,canvas_level3,0.3511607050895691,0.9365680813789368,POLYIC_20190510_mouse34__E2_P1
brain,axis1_+4mm,canvas_level2,0.3407383859157562,0.9409401416778564,POLYIC_20190510_mouse34__E2_P1
brain,axis1_+4mm,canvas_level1,0.2913448214530945,0.9568281173706055,POLYIC_20190510_mouse34__E2_P1
brain,axis1_+4mm,canvas_level0,0.3247920870780945,0.9461756944656372,POLYIC_20190510_mouse34__E2_P1
brain,axis1_+4mm,output_logits,0.28976917266845703,0.9572267532348633,POLYIC_20190510_mouse34__E2_P1
brain,axis1_+4mm,query_mask_embedding,0.008701896294951439,0.9999712705612183,POLYIC_20190510_mouse34__E2_P1
brain,axis1_+6mm,input,0.11194872111082077,0.9937139749526978,POLYIC_20190510_mouse34__E2_P1
brain,axis1_+6mm,encoder_level0,0.23544985055923462,0.9720587730407715,POLYIC_20190510_mouse34__E2_P1
brain,axis1_+6mm,encoder_level1,0.3681015968322754,0.9299758672714233,POLYIC_20190510_mouse34__E2_P1
brain,axis1_+6mm,encoder_level2,0.42332974076271057,0.9059788584709167,POLYIC_20190510_mouse34__E2_P1
brain,axis1_+6mm,encoder_level3,0.39184439182281494,0.9201444387435913,POLYIC_20190510_mouse34__E2_P1
brain,axis1_+6mm,encoder_level4,0.24015915393829346,0.970934271812439,POLYIC_20190510_mouse34__E2_P1
brain,axis1_+6mm,canvas_level4,0.24015915393829346,0.970934271812439,POLYIC_20190510_mouse34__E2_P1
brain,axis1_+6mm,canvas_level3,0.438293993473053,0.9005140066146851,POLYIC_20190510_mouse34__E2_P1
brain,axis1_+6mm,canvas_level2,0.43524137139320374,0.9010666608810425,POLYIC_20190510_mouse34__E2_P1
brain,axis1_+6mm,canvas_level1,0.37560173869132996,0.9274718761444092,POLYIC_20190510_mouse34__E2_P1
brain,axis1_+6mm,canvas_level0,0.4157201051712036,0.9107404351234436,POLYIC_20190510_mouse34__E2_P1
brain,axis1_+6mm,output_logits,0.4001140892505646,0.9164779186248779,POLYIC_20190510_mouse34__E2_P1
brain,axis1_+6mm,query_mask_embedding,0.007748651318252087,0.9999792575836182,POLYIC_20190510_mouse34__E2_P1
brain,axis2_+1mm,input,0.1588144600391388,0.9876251220703125,POLYIC_20190510_mouse34__E2_P1
brain,axis2_+1mm,encoder_level0,0.4135863780975342,0.9107738733291626,POLYIC_20190510_mouse34__E2_P1
brain,axis2_+1mm,encoder_level1,0.20568373799324036,0.9786673188209534,POLYIC_20190510_mouse34__E2_P1
brain,axis2_+1mm,encoder_level2,0.2178165167570114,0.9760546088218689,POLYIC_20190510_mouse34__E2_P1
brain,axis2_+1mm,encoder_level3,0.17303897440433502,0.9849628210067749,POLYIC_20190510_mouse34__E2_P1
brain,axis2_+1mm,encoder_level4,0.29933643341064453,0.9541637897491455,POLYIC_20190510_mouse34__E2_P1
brain,axis2_+1mm,canvas_level4,0.29933643341064453,0.9541637897491455,POLYIC_20190510_mouse34__E2_P1
brain,axis2_+1mm,canvas_level3,0.3197963535785675,0.9481914639472961,POLYIC_20190510_mouse34__E2_P1
brain,axis2_+1mm,canvas_level2,0.2880941331386566,0.9580456018447876,POLYIC_20190510_mouse34__E2_P1
brain,axis2_+1mm,canvas_level1,0.23433588445186615,0.9721907377243042,POLYIC_20190510_mouse34__E2_P1
brain,axis2_+1mm,canvas_level0,0.21083062887191772,0.9776253700256348,POLYIC_20190510_mouse34__E2_P1
brain,axis2_+1mm,output_logits,0.08423660695552826,0.9964653253555298,POLYIC_20190510_mouse34__E2_P1
brain,axis2_+1mm,query_mask_embedding,0.013266109861433506,0.9999301433563232,POLYIC_20190510_mouse34__E2_P1
brain,axis2_+2mm,input,2.82952032648609e-06,1.0000001192092896,POLYIC_20190510_mouse34__E2_P1
brain,axis2_+2mm,encoder_level0,0.03625156357884407,0.999342679977417,POLYIC_20190510_mouse34__E2_P1
brain,axis2_+2mm,encoder_level1,0.2919282913208008,0.9564481377601624,POLYIC_20190510_mouse34__E2_P1
brain,axis2_+2mm,encoder_level2,0.25416406989097595,0.9671660661697388,POLYIC_20190510_mouse34__E2_P1
brain,axis2_+2mm,encoder_level3,0.17471037805080414,0.9846310019493103,POLYIC_20190510_mouse34__E2_P1
brain,axis2_+2mm,encoder_level4,0.1866479367017746,0.9824898838996887,POLYIC_20190510_mouse34__E2_P1
brain,axis2_+2mm,canvas_level4,0.1866479367017746,0.9824898838996887,POLYIC_20190510_mouse34__E2_P1
brain,axis2_+2mm,canvas_level3,0.34337568283081055,0.9401645660400391,POLYIC_20190510_mouse34__E2_P1
brain,axis2_+2mm,canvas_level2,0.3445111811161041,0.9391040205955505,POLYIC_20190510_mouse34__E2_P1
brain,axis2_+2mm,canvas_level1,0.3241608440876007,0.9461221694946289,POLYIC_20190510_mouse34__E2_P1
brain,axis2_+2mm,canvas_level0,0.2726832628250122,0.9625017046928406,POLYIC_20190510_mouse34__E2_P1
brain,axis2_+2mm,output_logits,0.18285192549228668,0.9832854270935059,POLYIC_20190510_mouse34__E2_P1
brain,axis2_+2mm,query_mask_embedding,0.009845392778515816,0.99996018409729,POLYIC_20190510_mouse34__E2_P1
brain,axis2_+4mm,input,2.9688942504435545e-06,1.0,POLYIC_20190510_mouse34__E2_P1
brain,axis2_+4mm,encoder_level0,0.08879782259464264,0.9960496425628662,POLYIC_20190510_mouse34__E2_P1
brain,axis2_+4mm,encoder_level1,0.2445852905511856,0.9696301221847534,POLYIC_20190510_mouse34__E2_P1
brain,axis2_+4mm,encoder_level2,0.37459689378738403,0.9271883964538574,POLYIC_20190510_mouse34__E2_P1
brain,axis2_+4mm,encoder_level3,0.34231892228126526,0.9396226406097412,POLYIC_20190510_mouse34__E2_P1
brain,axis2_+4mm,encoder_level4,0.2518443763256073,0.9682014584541321,POLYIC_20190510_mouse34__E2_P1
brain,axis2_+4mm,canvas_level4,0.2518443763256073,0.9682014584541321,POLYIC_20190510_mouse34__E2_P1
brain,axis2_+4mm,canvas_level3,0.4066702723503113,0.9138823747634888,POLYIC_20190510_mouse34__E2_P1
brain,axis2_+4mm,canvas_level2,0.4158627986907959,0.9098808765411377,POLYIC_20190510_mouse34__E2_P1
brain,axis2_+4mm,canvas_level1,0.33717915415763855,0.9417660236358643,POLYIC_20190510_mouse34__E2_P1
brain,axis2_+4mm,canvas_level0,0.34890103340148926,0.9377609491348267,POLYIC_20190510_mouse34__E2_P1
brain,axis2_+4mm,output_logits,0.30647778511047363,0.9521774053573608,POLYIC_20190510_mouse34__E2_P1
brain,axis2_+4mm,query_mask_embedding,0.01232249103486538,0.9999377727508545,POLYIC_20190510_mouse34__E2_P1
brain,axis2_+6mm,input,2.7005321499018464e-06,1.0,POLYIC_20190510_mouse34__E2_P1
brain,axis2_+6mm,encoder_level0,0.12023282051086426,0.9927457571029663,POLYIC_20190510_mouse34__E2_P1
brain,axis2_+6mm,encoder_level1,0.4250471293926239,0.9051800966262817,POLYIC_20190510_mouse34__E2_P1
brain,axis2_+6mm,encoder_level2,0.42842328548431396,0.9035962224006653,POLYIC_20190510_mouse34__E2_P1
brain,axis2_+6mm,encoder_level3,0.47235068678855896,0.8814707398414612,POLYIC_20190510_mouse34__E2_P1
brain,axis2_+6mm,encoder_level4,0.33830055594444275,0.9411641359329224,POLYIC_20190510_mouse34__E2_P1
brain,axis2_+6mm,canvas_level4,0.33830055594444275,0.9411641359329224,POLYIC_20190510_mouse34__E2_P1
brain,axis2_+6mm,canvas_level3,0.46959197521209717,0.8831536173820496,POLYIC_20190510_mouse34__E2_P1
brain,axis2_+6mm,canvas_level2,0.4388480484485626,0.8990968465805054,POLYIC_20190510_mouse34__E2_P1
brain,axis2_+6mm,canvas_level1,0.4333227276802063,0.9015669226646423,POLYIC_20190510_mouse34__E2_P1
brain,axis2_+6mm,canvas_level0,0.4186290204524994,0.9090085029602051,POLYIC_20190510_mouse34__E2_P1
brain,axis2_+6mm,output_logits,0.43991559743881226,0.8981740474700928,POLYIC_20190510_mouse34__E2_P1
brain,axis2_+6mm,query_mask_embedding,0.01602775603532791,0.9998982548713684,POLYIC_20190510_mouse34__E2_P1
brain,resampling_floor,input,2.2487279238703195e-06,1.0000001192092896,POLYIC_20190510_mouse35__E3_P1
brain,resampling_floor,encoder_level0,1.791473368939478e-05,1.0,POLYIC_20190510_mouse35__E3_P1
brain,resampling_floor,encoder_level1,1.9591956515796483e-05,1.0000001192092896,POLYIC_20190510_mouse35__E3_P1
brain,resampling_floor,encoder_level2,2.1557734726229683e-05,0.9999998807907104,POLYIC_20190510_mouse35__E3_P1
brain,resampling_floor,encoder_level3,5.389831585489446e-07,1.0,POLYIC_20190510_mouse35__E3_P1
brain,resampling_floor,encoder_level4,4.827943939744728e-06,1.0,POLYIC_20190510_mouse35__E3_P1
brain,resampling_floor,canvas_level4,4.827943939744728e-06,1.0,POLYIC_20190510_mouse35__E3_P1
brain,resampling_floor,canvas_level3,8.084184810286388e-05,0.9999999403953552,POLYIC_20190510_mouse35__E3_P1
brain,resampling_floor,canvas_level2,0.00016716679965611547,0.9999999403953552,POLYIC_20190510_mouse35__E3_P1
brain,resampling_floor,canvas_level1,0.00018821077537722886,1.0,POLYIC_20190510_mouse35__E3_P1
brain,resampling_floor,canvas_level0,0.00022861582692712545,1.0,POLYIC_20190510_mouse35__E3_P1
brain,resampling_floor,output_logits,7.857502350816503e-05,1.0,POLYIC_20190510_mouse35__E3_P1
brain,resampling_floor,query_mask_embedding,5.530210387405532e-07,0.9999998807907104,POLYIC_20190510_mouse35__E3_P1
brain,axis0_+1mm,input,2.076114242299809e-06,1.0000001192092896,POLYIC_20190510_mouse35__E3_P1
brain,axis0_+1mm,encoder_level0,1.933967178047169e-05,1.0,POLYIC_20190510_mouse35__E3_P1
brain,axis0_+1mm,encoder_level1,0.1948079615831375,0.9808549284934998,POLYIC_20190510_mouse35__E3_P1
brain,axis0_+1mm,encoder_level2,0.2277560979127884,0.9737436771392822,POLYIC_20190510_mouse35__E3_P1
brain,axis0_+1mm,encoder_level3,0.17683623731136322,0.9842445254325867,POLYIC_20190510_mouse35__E3_P1
brain,axis0_+1mm,encoder_level4,0.1680983155965805,0.9858822822570801,POLYIC_20190510_mouse35__E3_P1
brain,axis0_+1mm,canvas_level4,0.1680983155965805,0.9858822822570801,POLYIC_20190510_mouse35__E3_P1
brain,axis0_+1mm,canvas_level3,0.2488105297088623,0.9685983657836914,POLYIC_20190510_mouse35__E3_P1
brain,axis0_+1mm,canvas_level2,0.24812191724777222,0.9688223600387573,POLYIC_20190510_mouse35__E3_P1
brain,axis0_+1mm,canvas_level1,0.20610031485557556,0.978592038154602,POLYIC_20190510_mouse35__E3_P1
brain,axis0_+1mm,canvas_level0,0.15194520354270935,0.9884815812110901,POLYIC_20190510_mouse35__E3_P1
brain,axis0_+1mm,output_logits,0.06551137566566467,0.9978519678115845,POLYIC_20190510_mouse35__E3_P1
brain,axis0_+1mm,query_mask_embedding,0.0024295449256896973,0.9999970197677612,POLYIC_20190510_mouse35__E3_P1
brain,axis0_+2mm,input,2.070133177767275e-06,1.0000001192092896,POLYIC_20190510_mouse35__E3_P1
brain,axis0_+2mm,encoder_level0,1.988959775189869e-05,1.0,POLYIC_20190510_mouse35__E3_P1
brain,axis0_+2mm,encoder_level1,0.0830007866024971,0.9965757131576538,POLYIC_20190510_mouse35__E3_P1
brain,axis0_+2mm,encoder_level2,0.2423931211233139,0.9701788425445557,POLYIC_20190510_mouse35__E3_P1
brain,axis0_+2mm,encoder_level3,0.16734381020069122,0.985901951789856,POLYIC_20190510_mouse35__E3_P1
brain,axis0_+2mm,encoder_level4,0.19583511352539062,0.9807454943656921,POLYIC_20190510_mouse35__E3_P1
brain,axis0_+2mm,canvas_level4,0.19583511352539062,0.9807454943656921,POLYIC_20190510_mouse35__E3_P1
brain,axis0_+2mm,canvas_level3,0.2524019479751587,0.9676929116249084,POLYIC_20190510_mouse35__E3_P1
brain,axis0_+2mm,canvas_level2,0.27568909525871277,0.9612763524055481,POLYIC_20190510_mouse35__E3_P1
brain,axis0_+2mm,canvas_level1,0.20131590962409973,0.9798926115036011,POLYIC_20190510_mouse35__E3_P1
brain,axis0_+2mm,canvas_level0,0.19409583508968353,0.9813538789749146,POLYIC_20190510_mouse35__E3_P1
brain,axis0_+2mm,output_logits,0.08035236597061157,0.9967893362045288,POLYIC_20190510_mouse35__E3_P1
brain,axis0_+2mm,query_mask_embedding,0.004312325734645128,0.999992311000824,POLYIC_20190510_mouse35__E3_P1
brain,axis0_+4mm,input,2.1262801510602003e-06,1.0,POLYIC_20190510_mouse35__E3_P1
brain,axis0_+4mm,encoder_level0,0.07253094762563705,0.9973661303520203,POLYIC_20190510_mouse35__E3_P1
brain,axis0_+4mm,encoder_level1,0.21148806810379028,0.9774055480957031,POLYIC_20190510_mouse35__E3_P1
brain,axis0_+4mm,encoder_level2,0.2905712425708771,0.9572027325630188,POLYIC_20190510_mouse35__E3_P1
brain,axis0_+4mm,encoder_level3,0.22011151909828186,0.9755562543869019,POLYIC_20190510_mouse35__E3_P1
brain,axis0_+4mm,encoder_level4,0.20450109243392944,0.9788714647293091,POLYIC_20190510_mouse35__E3_P1
brain,axis0_+4mm,canvas_level4,0.20450109243392944,0.9788714647293091,POLYIC_20190510_mouse35__E3_P1
brain,axis0_+4mm,canvas_level3,0.3022713363170624,0.9533374905586243,POLYIC_20190510_mouse35__E3_P1
brain,axis0_+4mm,canvas_level2,0.3098803460597992,0.951133131980896,POLYIC_20190510_mouse35__E3_P1
brain,axis0_+4mm,canvas_level1,0.2804700434207916,0.9604865908622742,POLYIC_20190510_mouse35__E3_P1
brain,axis0_+4mm,canvas_level0,0.30511239171028137,0.9530408382415771,POLYIC_20190510_mouse35__E3_P1
brain,axis0_+4mm,output_logits,0.2717808485031128,0.9623678922653198,POLYIC_20190510_mouse35__E3_P1
brain,axis0_+4mm,query_mask_embedding,0.0019461484625935555,0.9999988079071045,POLYIC_20190510_mouse35__E3_P1
brain,axis0_+6mm,input,0.14069488644599915,0.9900530576705933,POLYIC_20190510_mouse35__E3_P1
brain,axis0_+6mm,encoder_level0,0.21446886658668518,0.9768344759941101,POLYIC_20190510_mouse35__E3_P1
brain,axis0_+6mm,encoder_level1,0.33754482865333557,0.941591739654541,POLYIC_20190510_mouse35__E3_P1
brain,axis0_+6mm,encoder_level2,0.3924085199832916,0.9197958707809448,POLYIC_20190510_mouse35__E3_P1
brain,axis0_+6mm,encoder_level3,0.34256136417388916,0.9395877718925476,POLYIC_20190510_mouse35__E3_P1
brain,axis0_+6mm,encoder_level4,0.2113337218761444,0.9775358438491821,POLYIC_20190510_mouse35__E3_P1
brain,axis0_+6mm,canvas_level4,0.2113337218761444,0.9775358438491821,POLYIC_20190510_mouse35__E3_P1
brain,axis0_+6mm,canvas_level3,0.3593901991844177,0.9335971474647522,POLYIC_20190510_mouse35__E3_P1
brain,axis0_+6mm,canvas_level2,0.40148046612739563,0.916279673576355,POLYIC_20190510_mouse35__E3_P1
brain,axis0_+6mm,canvas_level1,0.3837631642818451,0.9251474738121033,POLYIC_20190510_mouse35__E3_P1
brain,axis0_+6mm,canvas_level0,0.39908209443092346,0.918523371219635,POLYIC_20190510_mouse35__E3_P1
brain,axis0_+6mm,output_logits,0.3822243809700012,0.9241162538528442,POLYIC_20190510_mouse35__E3_P1
brain,axis0_+6mm,query_mask_embedding,0.0037973159924149513,0.9999927282333374,POLYIC_20190510_mouse35__E3_P1
brain,axis1_+1mm,input,2.2487279238703195e-06,1.0000001192092896,POLYIC_20190510_mouse35__E3_P1
brain,axis1_+1mm,encoder_level0,1.7934933566721156e-05,1.0,POLYIC_20190510_mouse35__E3_P1
brain,axis1_+1mm,encoder_level1,0.20740815997123718,0.9782547950744629,POLYIC_20190510_mouse35__E3_P1
brain,axis1_+1mm,encoder_level2,0.2079538106918335,0.9781391024589539,POLYIC_20190510_mouse35__E3_P1
brain,axis1_+1mm,encoder_level3,0.20939642190933228,0.9778566956520081,POLYIC_20190510_mouse35__E3_P1
brain,axis1_+1mm,encoder_level4,0.21533849835395813,0.9767723083496094,POLYIC_20190510_mouse35__E3_P1
brain,axis1_+1mm,canvas_level4,0.21533849835395813,0.9767723083496094,POLYIC_20190510_mouse35__E3_P1
brain,axis1_+1mm,canvas_level3,0.30810120701789856,0.9514858722686768,POLYIC_20190510_mouse35__E3_P1
brain,axis1_+1mm,canvas_level2,0.2699436843395233,0.9630814790725708,POLYIC_20190510_mouse35__E3_P1
brain,axis1_+1mm,canvas_level1,0.22378069162368774,0.97471022605896,POLYIC_20190510_mouse35__E3_P1
brain,axis1_+1mm,canvas_level0,0.1519770622253418,0.9884443879127502,POLYIC_20190510_mouse35__E3_P1
brain,axis1_+1mm,output_logits,0.07145089656114578,0.9975937008857727,POLYIC_20190510_mouse35__E3_P1
brain,axis1_+1mm,query_mask_embedding,0.022752568125724792,0.9997916221618652,POLYIC_20190510_mouse35__E3_P1
brain,axis1_+2mm,input,2.2487279238703195e-06,1.0000001192092896,POLYIC_20190510_mouse35__E3_P1
brain,axis1_+2mm,encoder_level0,0.036265477538108826,0.9993422031402588,POLYIC_20190510_mouse35__E3_P1
brain,axis1_+2mm,encoder_level1,0.1291169673204422,0.9916510581970215,POLYIC_20190510_mouse35__E3_P1
brain,axis1_+2mm,encoder_level2,0.22353433072566986,0.9747065305709839,POLYIC_20190510_mouse35__E3_P1
brain,axis1_+2mm,encoder_level3,0.16917873919010162,0.985588788986206,POLYIC_20190510_mouse35__E3_P1
brain,axis1_+2mm,encoder_level4,0.19857363402843475,0.9804741144180298,POLYIC_20190510_mouse35__E3_P1
brain,axis1_+2mm,canvas_level4,0.19857363402843475,0.9804741144180298,POLYIC_20190510_mouse35__E3_P1
brain,axis1_+2mm,canvas_level3,0.2912667989730835,0.9568971395492554,POLYIC_20190510_mouse35__E3_P1
brain,axis1_+2mm,canvas_level2,0.3028235137462616,0.953222393989563,POLYIC_20190510_mouse35__E3_P1
brain,axis1_+2mm,canvas_level1,0.22011171281337738,0.9756228923797607,POLYIC_20190510_mouse35__E3_P1
brain,axis1_+2mm,canvas_level0,0.20141807198524475,0.9796339273452759,POLYIC_20190510_mouse35__E3_P1
brain,axis1_+2mm,output_logits,0.13513422012329102,0.9908509850502014,POLYIC_20190510_mouse35__E3_P1
brain,axis1_+2mm,query_mask_embedding,0.002485916018486023,0.9999973773956299,POLYIC_20190510_mouse35__E3_P1
brain,axis1_+4mm,input,2.2487279238703195e-06,1.0000001192092896,POLYIC_20190510_mouse35__E3_P1
brain,axis1_+4mm,encoder_level0,0.08883190155029297,0.9960467219352722,POLYIC_20190510_mouse35__E3_P1
brain,axis1_+4mm,encoder_level1,0.25374993681907654,0.9672931432723999,POLYIC_20190510_mouse35__E3_P1
brain,axis1_+4mm,encoder_level2,0.3032325804233551,0.9531164169311523,POLYIC_20190510_mouse35__E3_P1
brain,axis1_+4mm,encoder_level3,0.24037402868270874,0.9709258675575256,POLYIC_20190510_mouse35__E3_P1
brain,axis1_+4mm,encoder_level4,0.18917611241340637,0.9819674491882324,POLYIC_20190510_mouse35__E3_P1
brain,axis1_+4mm,canvas_level4,0.18917611241340637,0.9819674491882324,POLYIC_20190510_mouse35__E3_P1
brain,axis1_+4mm,canvas_level3,0.34985798597335815,0.9370534420013428,POLYIC_20190510_mouse35__E3_P1
brain,axis1_+4mm,canvas_level2,0.34296610951423645,0.9401533603668213,POLYIC_20190510_mouse35__E3_P1
brain,axis1_+4mm,canvas_level1,0.29376140236854553,0.9560929536819458,POLYIC_20190510_mouse35__E3_P1
brain,axis1_+4mm,canvas_level0,0.3289323151111603,0.9447821974754333,POLYIC_20190510_mouse35__E3_P1
brain,axis1_+4mm,output_logits,0.290745347738266,0.9569286108016968,POLYIC_20190510_mouse35__E3_P1
brain,axis1_+4mm,query_mask_embedding,0.007587584666907787,0.9999787211418152,POLYIC_20190510_mouse35__E3_P1
brain,axis1_+6mm,input,0.11129742860794067,0.9937871098518372,POLYIC_20190510_mouse35__E3_P1
brain,axis1_+6mm,encoder_level0,0.2342093139886856,0.9723509550094604,POLYIC_20190510_mouse35__E3_P1
brain,axis1_+6mm,encoder_level1,0.3668634593486786,0.9304553270339966,POLYIC_20190510_mouse35__E3_P1
brain,axis1_+6mm,encoder_level2,0.4234941005706787,0.9059014320373535,POLYIC_20190510_mouse35__E3_P1
brain,axis1_+6mm,encoder_level3,0.39074215292930603,0.9206169843673706,POLYIC_20190510_mouse35__E3_P1
brain,axis1_+6mm,encoder_level4,0.23880334198474884,0.9713717699050903,POLYIC_20190510_mouse35__E3_P1
brain,axis1_+6mm,canvas_level4,0.23880334198474884,0.9713717699050903,POLYIC_20190510_mouse35__E3_P1
brain,axis1_+6mm,canvas_level3,0.4366689622402191,0.9013534784317017,POLYIC_20190510_mouse35__E3_P1
brain,axis1_+6mm,canvas_level2,0.43503087759017944,0.9012000560760498,POLYIC_20190510_mouse35__E3_P1
brain,axis1_+6mm,canvas_level1,0.37446296215057373,0.927931547164917,POLYIC_20190510_mouse35__E3_P1
brain,axis1_+6mm,canvas_level0,0.41480889916419983,0.9112464189529419,POLYIC_20190510_mouse35__E3_P1
brain,axis1_+6mm,output_logits,0.4018951952457428,0.9156866669654846,POLYIC_20190510_mouse35__E3_P1
brain,axis1_+6mm,query_mask_embedding,0.0072928741574287415,0.9999813437461853,POLYIC_20190510_mouse35__E3_P1
brain,axis2_+1mm,input,0.15952426195144653,0.9874945282936096,POLYIC_20190510_mouse35__E3_P1
brain,axis2_+1mm,encoder_level0,0.41497430205345154,0.9101213812828064,POLYIC_20190510_mouse35__E3_P1
brain,axis2_+1mm,encoder_level1,0.2081744223833084,0.9781413674354553,POLYIC_20190510_mouse35__E3_P1
brain,axis2_+1mm,encoder_level2,0.21897712349891663,0.975807785987854,POLYIC_20190510_mouse35__E3_P1
brain,axis2_+1mm,encoder_level3,0.1680755913257599,0.985813558101654,POLYIC_20190510_mouse35__E3_P1
brain,axis2_+1mm,encoder_level4,0.3099002540111542,0.95078444480896,POLYIC_20190510_mouse35__E3_P1
brain,axis2_+1mm,canvas_level4,0.3099002540111542,0.95078444480896,POLYIC_20190510_mouse35__E3_P1
brain,axis2_+1mm,canvas_level3,0.3029426336288452,0.9534893035888672,POLYIC_20190510_mouse35__E3_P1
brain,axis2_+1mm,canvas_level2,0.2793062627315521,0.9605825543403625,POLYIC_20190510_mouse35__E3_P1
brain,axis2_+1mm,canvas_level1,0.23055307567119598,0.9730969071388245,POLYIC_20190510_mouse35__E3_P1
brain,axis2_+1mm,canvas_level0,0.20890119671821594,0.9780504107475281,POLYIC_20190510_mouse35__E3_P1
brain,axis2_+1mm,output_logits,0.08465848863124847,0.9964386820793152,POLYIC_20190510_mouse35__E3_P1
brain,axis2_+1mm,query_mask_embedding,0.012771320529282093,0.9999380707740784,POLYIC_20190510_mouse35__E3_P1
brain,axis2_+2mm,input,2.6616824015945895e-06,1.0,POLYIC_20190510_mouse35__E3_P1
brain,axis2_+2mm,encoder_level0,0.036265481263399124,0.9993422627449036,POLYIC_20190510_mouse35__E3_P1
brain,axis2_+2mm,encoder_level1,0.29408329725265503,0.9557881355285645,POLYIC_20190510_mouse35__E3_P1
brain,axis2_+2mm,encoder_level2,0.25586289167404175,0.9667216539382935,POLYIC_20190510_mouse35__E3_P1
brain,axis2_+2mm,encoder_level3,0.17648304998874664,0.984316349029541,POLYIC_20190510_mouse35__E3_P1
brain,axis2_+2mm,encoder_level4,0.18344241380691528,0.9830641746520996,POLYIC_20190510_mouse35__E3_P1
brain,axis2_+2mm,canvas_level4,0.18344241380691528,0.9830641746520996,POLYIC_20190510_mouse35__E3_P1
brain,axis2_+2mm,canvas_level3,0.3483021557331085,0.9384385347366333,POLYIC_20190510_mouse35__E3_P1
brain,axis2_+2mm,canvas_level2,0.34779253602027893,0.9379249811172485,POLYIC_20190510_mouse35__E3_P1
brain,axis2_+2mm,canvas_level1,0.3274189531803131,0.9450236558914185,POLYIC_20190510_mouse35__E3_P1
brain,axis2_+2mm,canvas_level0,0.2775821089744568,0.9611386060714722,POLYIC_20190510_mouse35__E3_P1
brain,axis2_+2mm,output_logits,0.18832619488239288,0.9822589159011841,POLYIC_20190510_mouse35__E3_P1
brain,axis2_+2mm,query_mask_embedding,0.010946265421807766,0.9999528527259827,POLYIC_20190510_mouse35__E3_P1
brain,axis2_+4mm,input,2.8918689167767297e-06,1.0,POLYIC_20190510_mouse35__E3_P1
brain,axis2_+4mm,encoder_level0,0.08883190900087357,0.9960466623306274,POLYIC_20190510_mouse35__E3_P1
brain,axis2_+4mm,encoder_level1,0.24456392228603363,0.9696356058120728,POLYIC_20190510_mouse35__E3_P1
brain,axis2_+4mm,encoder_level2,0.3754350244998932,0.9268509149551392,POLYIC_20190510_mouse35__E3_P1
brain,axis2_+4mm,encoder_level3,0.34275397658348083,0.9394646286964417,POLYIC_20190510_mouse35__E3_P1
brain,axis2_+4mm,encoder_level4,0.2516896724700928,0.9682840704917908,POLYIC_20190510_mouse35__E3_P1
brain,axis2_+4mm,canvas_level4,0.2516896724700928,0.9682840704917908,POLYIC_20190510_mouse35__E3_P1
brain,axis2_+4mm,canvas_level3,0.4064536392688751,0.9140296578407288,POLYIC_20190510_mouse35__E3_P1
brain,axis2_+4mm,canvas_level2,0.41795992851257324,0.9089633226394653,POLYIC_20190510_mouse35__E3_P1
brain,axis2_+4mm,canvas_level1,0.3417162299156189,0.9401637315750122,POLYIC_20190510_mouse35__E3_P1
brain,axis2_+4mm,canvas_level0,0.35868915915489197,0.9342101812362671,POLYIC_20190510_mouse35__E3_P1
brain,axis2_+4mm,output_logits,0.3118548095226288,0.9504578709602356,POLYIC_20190510_mouse35__E3_P1
brain,axis2_+4mm,query_mask_embedding,0.014414772391319275,0.9999164342880249,POLYIC_20190510_mouse35__E3_P1
brain,axis2_+6mm,input,2.579205556685338e-06,1.0,POLYIC_20190510_mouse35__E3_P1
brain,axis2_+6mm,encoder_level0,0.12027896195650101,0.9927401542663574,POLYIC_20190510_mouse35__E3_P1
brain,axis2_+6mm,encoder_level1,0.42651861906051636,0.9044881463050842,POLYIC_20190510_mouse35__E3_P1
brain,axis2_+6mm,encoder_level2,0.4293957054615021,0.9031370878219604,POLYIC_20190510_mouse35__E3_P1
brain,axis2_+6mm,encoder_level3,0.47239744663238525,0.8814483284950256,POLYIC_20190510_mouse35__E3_P1
brain,axis2_+6mm,encoder_level4,0.3416895866394043,0.9399580955505371,POLYIC_20190510_mouse35__E3_P1
brain,axis2_+6mm,canvas_level4,0.3416895866394043,0.9399580955505371,POLYIC_20190510_mouse35__E3_P1
brain,axis2_+6mm,canvas_level3,0.4749058485031128,0.8803763389587402,POLYIC_20190510_mouse35__E3_P1
brain,axis2_+6mm,canvas_level2,0.4416235685348511,0.8978618383407593,POLYIC_20190510_mouse35__E3_P1
brain,axis2_+6mm,canvas_level1,0.4369250535964966,0.8998838663101196,POLYIC_20190510_mouse35__E3_P1
brain,axis2_+6mm,canvas_level0,0.4238925576210022,0.9067196846008301,POLYIC_20190510_mouse35__E3_P1
brain,axis2_+6mm,output_logits,0.44642141461372375,0.8949425220489502,POLYIC_20190510_mouse35__E3_P1
brain,axis2_+6mm,query_mask_embedding,0.018656965345144272,0.9998661875724792,POLYIC_20190510_mouse35__E3_P1
brain,resampling_floor,input,2.3795387278369162e-06,1.0,POLYIC_20190510_mouse37__E2_P1
brain,resampling_floor,encoder_level0,1.775867713149637e-05,1.0,POLYIC_20190510_mouse37__E2_P1
brain,resampling_floor,encoder_level1,1.858572431956418e-05,1.0,POLYIC_20190510_mouse37__E2_P1
brain,resampling_floor,encoder_level2,2.0452076569199562e-05,1.0,POLYIC_20190510_mouse37__E2_P1
brain,resampling_floor,encoder_level3,5.359901251722476e-07,1.0,POLYIC_20190510_mouse37__E2_P1
brain,resampling_floor,encoder_level4,3.94611515730503e-06,1.0,POLYIC_20190510_mouse37__E2_P1
brain,resampling_floor,canvas_level4,3.94611515730503e-06,1.0,POLYIC_20190510_mouse37__E2_P1
brain,resampling_floor,canvas_level3,7.23776247468777e-05,0.9999999403953552,POLYIC_20190510_mouse37__E2_P1
brain,resampling_floor,canvas_level2,0.00016286976460833102,0.9999998807907104,POLYIC_20190510_mouse37__E2_P1
brain,resampling_floor,canvas_level1,0.000183688331162557,1.0,POLYIC_20190510_mouse37__E2_P1
brain,resampling_floor,canvas_level0,0.00022266339510679245,1.0,POLYIC_20190510_mouse37__E2_P1
brain,resampling_floor,output_logits,7.717122207395732e-05,1.0,POLYIC_20190510_mouse37__E2_P1
brain,resampling_floor,query_mask_embedding,6.738112006132724e-07,0.9999999403953552,POLYIC_20190510_mouse37__E2_P1
brain,axis0_+1mm,input,2.161754309781827e-06,1.0,POLYIC_20190510_mouse37__E2_P1
brain,axis0_+1mm,encoder_level0,1.8725215340964496e-05,1.0,POLYIC_20190510_mouse37__E2_P1
brain,axis0_+1mm,encoder_level1,0.19651450216770172,0.9805163741111755,POLYIC_20190510_mouse37__E2_P1
brain,axis0_+1mm,encoder_level2,0.21992377936840057,0.9755333662033081,POLYIC_20190510_mouse37__E2_P1
brain,axis0_+1mm,encoder_level3,0.18228888511657715,0.9832473993301392,POLYIC_20190510_mouse37__E2_P1
brain,axis0_+1mm,encoder_level4,0.1748502254486084,0.984740674495697,POLYIC_20190510_mouse37__E2_P1
brain,axis0_+1mm,canvas_level4,0.1748502254486084,0.984740674495697,POLYIC_20190510_mouse37__E2_P1
brain,axis0_+1mm,canvas_level3,0.24482323229312897,0.96959388256073,POLYIC_20190510_mouse37__E2_P1
brain,axis0_+1mm,canvas_level2,0.24296726286411285,0.9701101779937744,POLYIC_20190510_mouse37__E2_P1
brain,axis0_+1mm,canvas_level1,0.20251670479774475,0.9793342351913452,POLYIC_20190510_mouse37__E2_P1
brain,axis0_+1mm,canvas_level0,0.147131085395813,0.9892035126686096,POLYIC_20190510_mouse37__E2_P1
brain,axis0_+1mm,output_logits,0.06548643857240677,0.9978536367416382,POLYIC_20190510_mouse37__E2_P1
brain,axis0_+1mm,query_mask_embedding,0.002136227674782276,0.9999976754188538,POLYIC_20190510_mouse37__E2_P1
brain,axis0_+2mm,input,2.1790685877931537e-06,1.0000001192092896,POLYIC_20190510_mouse37__E2_P1
brain,axis0_+2mm,encoder_level0,1.9102391888736747e-05,1.0,POLYIC_20190510_mouse37__E2_P1
brain,axis0_+2mm,encoder_level1,0.08091013133525848,0.9967458248138428,POLYIC_20190510_mouse37__E2_P1
brain,axis0_+2mm,encoder_level2,0.23502355813980103,0.9719966053962708,POLYIC_20190510_mouse37__E2_P1
brain,axis0_+2mm,encoder_level3,0.17299231886863708,0.9849259257316589,POLYIC_20190510_mouse37__E2_P1
brain,axis0_+2mm,encoder_level4,0.19439631700515747,0.9810606241226196,POLYIC_20190510_mouse37__E2_P1
brain,axis0_+2mm,canvas_level4,0.19439631700515747,0.9810606241226196,POLYIC_20190510_mouse37__E2_P1
brain,axis0_+2mm,canvas_level3,0.24532689154148102,0.9694928526878357,POLYIC_20190510_mouse37__E2_P1
brain,axis0_+2mm,canvas_level2,0.26254740357398987,0.9649287462234497,POLYIC_20190510_mouse37__E2_P1
brain,axis0_+2mm,canvas_level1,0.18101009726524353,0.9837191104888916,POLYIC_20190510_mouse37__E2_P1
brain,axis0_+2mm,canvas_level0,0.17314282059669495,0.9851596355438232,POLYIC_20190510_mouse37__E2_P1
brain,axis0_+2mm,output_logits,0.06655921787023544,0.9977929592132568,POLYIC_20190510_mouse37__E2_P1
brain,axis0_+2mm,query_mask_embedding,0.0020598035771399736,0.9999979734420776,POLYIC_20190510_mouse37__E2_P1
brain,axis0_+4mm,input,2.2251970221986994e-06,1.0,POLYIC_20190510_mouse37__E2_P1
brain,axis0_+4mm,encoder_level0,0.07180920243263245,0.9974184036254883,POLYIC_20190510_mouse37__E2_P1
brain,axis0_+4mm,encoder_level1,0.2097722589969635,0.9777736067771912,POLYIC_20190510_mouse37__E2_P1
brain,axis0_+4mm,encoder_level2,0.284067839384079,0.9590933322906494,POLYIC_20190510_mouse37__E2_P1
brain,axis0_+4mm,encoder_level3,0.2240610122680664,0.9746734499931335,POLYIC_20190510_mouse37__E2_P1
brain,axis0_+4mm,encoder_level4,0.20659703016281128,0.978451132774353,POLYIC_20190510_mouse37__E2_P1
brain,axis0_+4mm,canvas_level4,0.20659703016281128,0.978451132774353,POLYIC_20190510_mouse37__E2_P1
brain,axis0_+4mm,canvas_level3,0.2990231513977051,0.9543122053146362,POLYIC_20190510_mouse37__E2_P1
brain,axis0_+4mm,canvas_level2,0.29774928092956543,0.9549715518951416,POLYIC_20190510_mouse37__E2_P1
brain,axis0_+4mm,canvas_level1,0.26942968368530273,0.9634824991226196,POLYIC_20190510_mouse37__E2_P1
brain,axis0_+4mm,canvas_level0,0.2946796417236328,0.956121027469635,POLYIC_20190510_mouse37__E2_P1
brain,axis0_+4mm,output_logits,0.2738615572452545,0.9617838859558105,POLYIC_20190510_mouse37__E2_P1
brain,axis0_+4mm,query_mask_embedding,0.002502474468201399,0.9999969005584717,POLYIC_20190510_mouse37__E2_P1
brain,axis0_+6mm,input,0.15819530189037323,0.9874078631401062,POLYIC_20190510_mouse37__E2_P1
brain,axis0_+6mm,encoder_level0,0.22390814125537872,0.9747498631477356,POLYIC_20190510_mouse37__E2_P1
brain,axis0_+6mm,encoder_level1,0.33803245425224304,0.9414273500442505,POLYIC_20190510_mouse37__E2_P1
brain,axis0_+6mm,encoder_level2,0.38869336247444153,0.9213676452636719,POLYIC_20190510_mouse37__E2_P1
brain,axis0_+6mm,encoder_level3,0.3451058864593506,0.9386613368988037,POLYIC_20190510_mouse37__E2_P1
brain,axis0_+6mm,encoder_level4,0.20523640513420105,0.9787954092025757,POLYIC_20190510_mouse37__E2_P1
brain,axis0_+6mm,canvas_level4,0.20523640513420105,0.9787954092025757,POLYIC_20190510_mouse37__E2_P1
brain,axis0_+6mm,canvas_level3,0.3501299023628235,0.9370363354682922,POLYIC_20190510_mouse37__E2_P1
brain,axis0_+6mm,canvas_level2,0.3922675549983978,0.9201797842979431,POLYIC_20190510_mouse37__E2_P1
brain,axis0_+6mm,canvas_level1,0.37488502264022827,0.9286012649536133,POLYIC_20190510_mouse37__E2_P1
brain,axis0_+6mm,canvas_level0,0.3939008116722107,0.9206441640853882,POLYIC_20190510_mouse37__E2_P1
brain,axis0_+6mm,output_logits,0.38559362292289734,0.9227395057678223,POLYIC_20190510_mouse37__E2_P1
brain,axis0_+6mm,query_mask_embedding,0.003318995237350464,0.9999945163726807,POLYIC_20190510_mouse37__E2_P1
brain,axis1_+1mm,input,2.3795387278369162e-06,1.0,POLYIC_20190510_mouse37__E2_P1
brain,axis1_+1mm,encoder_level0,1.7767702956916764e-05,0.9999999403953552,POLYIC_20190510_mouse37__E2_P1
brain,axis1_+1mm,encoder_level1,0.20323839783668518,0.9791294932365417,POLYIC_20190510_mouse37__E2_P1
brain,axis1_+1mm,encoder_level2,0.2007780224084854,0.9796372056007385,POLYIC_20190510_mouse37__E2_P1
brain,axis1_+1mm,encoder_level3,0.21573373675346375,0.97648024559021,POLYIC_20190510_mouse37__E2_P1
brain,axis1_+1mm,encoder_level4,0.24122685194015503,0.9706902503967285,POLYIC_20190510_mouse37__E2_P1
brain,axis1_+1mm,canvas_level4,0.24122685194015503,0.9706902503967285,POLYIC_20190510_mouse37__E2_P1
brain,axis1_+1mm,canvas_level3,0.3115216791629791,0.9504185914993286,POLYIC_20190510_mouse37__E2_P1
brain,axis1_+1mm,canvas_level2,0.2624005377292633,0.9651253819465637,POLYIC_20190510_mouse37__E2_P1
brain,axis1_+1mm,canvas_level1,0.21596506237983704,0.9764536619186401,POLYIC_20190510_mouse37__E2_P1
brain,axis1_+1mm,canvas_level0,0.14524127542972565,0.9894325137138367,POLYIC_20190510_mouse37__E2_P1
brain,axis1_+1mm,output_logits,0.0654439926147461,0.997948408126831,POLYIC_20190510_mouse37__E2_P1
brain,axis1_+1mm,query_mask_embedding,0.021439746022224426,0.9998139142990112,POLYIC_20190510_mouse37__E2_P1
brain,axis1_+2mm,input,2.3795387278369162e-06,1.0,POLYIC_20190510_mouse37__E2_P1
brain,axis1_+2mm,encoder_level0,0.03590460494160652,0.9993551969528198,POLYIC_20190510_mouse37__E2_P1
brain,axis1_+2mm,encoder_level1,0.12777027487754822,0.9918252229690552,POLYIC_20190510_mouse37__E2_P1
brain,axis1_+2mm,encoder_level2,0.2165815532207489,0.9762824773788452,POLYIC_20190510_mouse37__E2_P1
brain,axis1_+2mm,encoder_level3,0.17540323734283447,0.9844988584518433,POLYIC_20190510_mouse37__E2_P1
brain,axis1_+2mm,encoder_level4,0.21384526789188385,0.9774745106697083,POLYIC_20190510_mouse37__E2_P1
brain,axis1_+2mm,canvas_level4,0.21384526789188385,0.9774745106697083,POLYIC_20190510_mouse37__E2_P1
brain,axis1_+2mm,canvas_level3,0.2875964939594269,0.9579559564590454,POLYIC_20190510_mouse37__E2_P1
brain,axis1_+2mm,canvas_level2,0.2982132136821747,0.9546283483505249,POLYIC_20190510_mouse37__E2_P1
brain,axis1_+2mm,canvas_level1,0.21570155024528503,0.9765852093696594,POLYIC_20190510_mouse37__E2_P1
brain,axis1_+2mm,canvas_level0,0.2012263983488083,0.979647159576416,POLYIC_20190510_mouse37__E2_P1
brain,axis1_+2mm,output_logits,0.13333910703659058,0.9911097288131714,POLYIC_20190510_mouse37__E2_P1
brain,axis1_+2mm,query_mask_embedding,0.0029172906652092934,0.9999958276748657,POLYIC_20190510_mouse37__E2_P1
brain,axis1_+4mm,input,2.3795387278369162e-06,1.0,POLYIC_20190510_mouse37__E2_P1
brain,axis1_+4mm,encoder_level0,0.08794794231653214,0.9961251020431519,POLYIC_20190510_mouse37__E2_P1
brain,axis1_+4mm,encoder_level1,0.2521076202392578,0.9677221775054932,POLYIC_20190510_mouse37__E2_P1
brain,axis1_+4mm,encoder_level2,0.29951000213623047,0.9542558789253235,POLYIC_20190510_mouse37__E2_P1
brain,axis1_+4mm,encoder_level3,0.24651740491390228,0.9693888425827026,POLYIC_20190510_mouse37__E2_P1
brain,axis1_+4mm,encoder_level4,0.198420912027359,0.9802070260047913,POLYIC_20190510_mouse37__E2_P1
brain,axis1_+4mm,canvas_level4,0.198420912027359,0.9802070260047913,POLYIC_20190510_mouse37__E2_P1
brain,axis1_+4mm,canvas_level3,0.3427964448928833,0.9395887851715088,POLYIC_20190510_mouse37__E2_P1
brain,axis1_+4mm,canvas_level2,0.33147120475769043,0.9441366791725159,POLYIC_20190510_mouse37__E2_P1
brain,axis1_+4mm,canvas_level1,0.28053736686706543,0.9599998593330383,POLYIC_20190510_mouse37__E2_P1
brain,axis1_+4mm,canvas_level0,0.3195614814758301,0.947904109954834,POLYIC_20190510_mouse37__E2_P1
brain,axis1_+4mm,output_logits,0.2893120050430298,0.957345724105835,POLYIC_20190510_mouse37__E2_P1
brain,axis1_+4mm,query_mask_embedding,0.006630877964198589,0.9999846816062927,POLYIC_20190510_mouse37__E2_P1
brain,axis1_+6mm,input,0.12677353620529175,0.9919316172599792,POLYIC_20190510_mouse37__E2_P1
brain,axis1_+6mm,encoder_level0,0.25366586446762085,0.9675575494766235,POLYIC_20190510_mouse37__E2_P1
brain,axis1_+6mm,encoder_level1,0.3676772117614746,0.9301536083221436,POLYIC_20190510_mouse37__E2_P1
brain,axis1_+6mm,encoder_level2,0.4185713529586792,0.9081841707229614,POLYIC_20190510_mouse37__E2_P1
brain,axis1_+6mm,encoder_level3,0.392151802778244,0.9200236201286316,POLYIC_20190510_mouse37__E2_P1
brain,axis1_+6mm,encoder_level4,0.2325182408094406,0.97276371717453,POLYIC_20190510_mouse37__E2_P1
brain,axis1_+6mm,canvas_level4,0.2325182408094406,0.97276371717453,POLYIC_20190510_mouse37__E2_P1
brain,axis1_+6mm,canvas_level3,0.42486244440078735,0.9065728187561035,POLYIC_20190510_mouse37__E2_P1
brain,axis1_+6mm,canvas_level2,0.42467838525772095,0.9059756994247437,POLYIC_20190510_mouse37__E2_P1
brain,axis1_+6mm,canvas_level1,0.3684627115726471,0.9302798509597778,POLYIC_20190510_mouse37__E2_P1
brain,axis1_+6mm,canvas_level0,0.41602179408073425,0.9106670618057251,POLYIC_20190510_mouse37__E2_P1
brain,axis1_+6mm,output_logits,0.399844229221344,0.9165929555892944,POLYIC_20190510_mouse37__E2_P1
brain,axis1_+6mm,query_mask_embedding,0.009203570894896984,0.999971330165863,POLYIC_20190510_mouse37__E2_P1
brain,axis2_+1mm,input,0.16165095567703247,0.9871721267700195,POLYIC_20190510_mouse37__E2_P1
brain,axis2_+1mm,encoder_level0,0.4086506962776184,0.9129945635795593,POLYIC_20190510_mouse37__E2_P1
brain,axis2_+1mm,encoder_level1,0.20728051662445068,0.9783395528793335,POLYIC_20190510_mouse37__E2_P1
brain,axis2_+1mm,encoder_level2,0.22163036465644836,0.9751933813095093,POLYIC_20190510_mouse37__E2_P1
brain,axis2_+1mm,encoder_level3,0.18347644805908203,0.9830822348594666,POLYIC_20190510_mouse37__E2_P1
brain,axis2_+1mm,encoder_level4,0.3135044574737549,0.949874758720398,POLYIC_20190510_mouse37__E2_P1
brain,axis2_+1mm,canvas_level4,0.3135044574737549,0.949874758720398,POLYIC_20190510_mouse37__E2_P1
brain,axis2_+1mm,canvas_level3,0.31330642104148865,0.9502267241477966,POLYIC_20190510_mouse37__E2_P1
brain,axis2_+1mm,canvas_level2,0.282070517539978,0.9597576260566711,POLYIC_20190510_mouse37__E2_P1
brain,axis2_+1mm,canvas_level1,0.22711467742919922,0.9738919734954834,POLYIC_20190510_mouse37__E2_P1
brain,axis2_+1mm,canvas_level0,0.20161493122577667,0.979538083076477,POLYIC_20190510_mouse37__E2_P1
brain,axis2_+1mm,output_logits,0.07964012771844864,0.9968637228012085,POLYIC_20190510_mouse37__E2_P1
brain,axis2_+1mm,query_mask_embedding,0.012543430551886559,0.9999430179595947,POLYIC_20190510_mouse37__E2_P1
brain,axis2_+2mm,input,2.6986238026438514e-06,1.0,POLYIC_20190510_mouse37__E2_P1
brain,axis2_+2mm,encoder_level0,0.03590460494160652,0.9993552565574646,POLYIC_20190510_mouse37__E2_P1
brain,axis2_+2mm,encoder_level1,0.29250702261924744,0.9562783241271973,POLYIC_20190510_mouse37__E2_P1
brain,axis2_+2mm,encoder_level2,0.25414732098579407,0.9671672582626343,POLYIC_20190510_mouse37__E2_P1
brain,axis2_+2mm,encoder_level3,0.1834714412689209,0.9830372333526611,POLYIC_20190510_mouse37__E2_P1
brain,axis2_+2mm,encoder_level4,0.19442404806613922,0.9809311628341675,POLYIC_20190510_mouse37__E2_P1
brain,axis2_+2mm,canvas_level4,0.19442404806613922,0.9809311628341675,POLYIC_20190510_mouse37__E2_P1
brain,axis2_+2mm,canvas_level3,0.3453730344772339,0.939375638961792,POLYIC_20190510_mouse37__E2_P1
brain,axis2_+2mm,canvas_level2,0.34551334381103516,0.9387913346290588,POLYIC_20190510_mouse37__E2_P1
brain,axis2_+2mm,canvas_level1,0.31191447377204895,0.9502215385437012,POLYIC_20190510_mouse37__E2_P1
brain,axis2_+2mm,canvas_level0,0.24588648974895477,0.9695607423782349,POLYIC_20190510_mouse37__E2_P1
brain,axis2_+2mm,output_logits,0.16681215167045593,0.9860801696777344,POLYIC_20190510_mouse37__E2_P1
brain,axis2_+2mm,query_mask_embedding,0.008328828029334545,0.9999769330024719,POLYIC_20190510_mouse37__E2_P1
brain,axis2_+4mm,input,2.9627049116243143e-06,0.9999999403953552,POLYIC_20190510_mouse37__E2_P1
brain,axis2_+4mm,encoder_level0,0.08794795721769333,0.9961250424385071,POLYIC_20190510_mouse37__E2_P1
brain,axis2_+4mm,encoder_level1,0.24297910928726196,0.9700337648391724,POLYIC_20190510_mouse37__E2_P1
brain,axis2_+4mm,encoder_level2,0.37396517395973206,0.927444338798523,POLYIC_20190510_mouse37__E2_P1
brain,axis2_+4mm,encoder_level3,0.3475763201713562,0.9376948475837708,POLYIC_20190510_mouse37__E2_P1
brain,axis2_+4mm,encoder_level4,0.24396257102489471,0.9698668122291565,POLYIC_20190510_mouse37__E2_P1
brain,axis2_+4mm,canvas_level4,0.24396257102489471,0.9698668122291565,POLYIC_20190510_mouse37__E2_P1
brain,axis2_+4mm,canvas_level3,0.4002915322780609,0.91673344373703,POLYIC_20190510_mouse37__E2_P1
brain,axis2_+4mm,canvas_level2,0.4136086404323578,0.9109928607940674,POLYIC_20190510_mouse37__E2_P1
brain,axis2_+4mm,canvas_level1,0.3223610818386078,0.9469033479690552,POLYIC_20190510_mouse37__E2_P1
brain,axis2_+4mm,canvas_level0,0.3306615352630615,0.9442254900932312,POLYIC_20190510_mouse37__E2_P1
brain,axis2_+4mm,output_logits,0.30138760805130005,0.953750729560852,POLYIC_20190510_mouse37__E2_P1
brain,axis2_+4mm,query_mask_embedding,0.011433552950620651,0.999954342842102,POLYIC_20190510_mouse37__E2_P1
brain,axis2_+6mm,input,2.6364355107943993e-06,1.0,POLYIC_20190510_mouse37__E2_P1
brain,axis2_+6mm,encoder_level0,0.11908209323883057,0.9928843975067139,POLYIC_20190510_mouse37__E2_P1
brain,axis2_+6mm,encoder_level1,0.4242914617061615,0.9055423736572266,POLYIC_20190510_mouse37__E2_P1
brain,axis2_+6mm,encoder_level2,0.4285476505756378,0.9035237431526184,POLYIC_20190510_mouse37__E2_P1
brain,axis2_+6mm,encoder_level3,0.4793339967727661,0.8776863217353821,POLYIC_20190510_mouse37__E2_P1
brain,axis2_+6mm,encoder_level4,0.34838318824768066,0.9373524785041809,POLYIC_20190510_mouse37__E2_P1
brain,axis2_+6mm,canvas_level4,0.34838318824768066,0.9373524785041809,POLYIC_20190510_mouse37__E2_P1
brain,axis2_+6mm,canvas_level3,0.4629572629928589,0.8867123126983643,POLYIC_20190510_mouse37__E2_P1
brain,axis2_+6mm,canvas_level2,0.430501252412796,0.9031916856765747,POLYIC_20190510_mouse37__E2_P1
brain,axis2_+6mm,canvas_level1,0.4121042490005493,0.911358118057251,POLYIC_20190510_mouse37__E2_P1
brain,axis2_+6mm,canvas_level0,0.39691686630249023,0.9184825420379639,POLYIC_20190510_mouse37__E2_P1
brain,axis2_+6mm,output_logits,0.4230337142944336,0.9062470197677612,POLYIC_20190510_mouse37__E2_P1
brain,axis2_+6mm,query_mask_embedding,0.011459448374807835,0.999954879283905,POLYIC_20190510_mouse37__E2_P1
brain,resampling_floor,input,2.332772965019103e-06,1.0,POLYIC_20190510_mouse38__E2_P1
brain,resampling_floor,encoder_level0,1.834763679653406e-05,0.9999999403953552,POLYIC_20190510_mouse38__E2_P1
brain,resampling_floor,encoder_level1,1.8381881091045216e-05,1.0,POLYIC_20190510_mouse38__E2_P1
brain,resampling_floor,encoder_level2,2.1065854525659233e-05,1.0,POLYIC_20190510_mouse38__E2_P1
brain,resampling_floor,encoder_level3,5.218013257035636e-07,1.0,POLYIC_20190510_mouse38__E2_P1
brain,resampling_floor,encoder_level4,3.422395820962265e-06,0.9999999403953552,POLYIC_20190510_mouse38__E2_P1
brain,resampling_floor,canvas_level4,3.422395820962265e-06,0.9999999403953552,POLYIC_20190510_mouse38__E2_P1
brain,resampling_floor,canvas_level3,7.292492955457419e-05,1.0,POLYIC_20190510_mouse38__E2_P1
brain,resampling_floor,canvas_level2,0.00016215867071878165,1.0,POLYIC_20190510_mouse38__E2_P1
brain,resampling_floor,canvas_level1,0.00018448912305757403,1.0,POLYIC_20190510_mouse38__E2_P1
brain,resampling_floor,canvas_level0,0.00022363908647093922,1.0,POLYIC_20190510_mouse38__E2_P1
brain,resampling_floor,output_logits,7.713306695222855e-05,1.0,POLYIC_20190510_mouse38__E2_P1
brain,resampling_floor,query_mask_embedding,4.2729132587737695e-07,0.9999998807907104,POLYIC_20190510_mouse38__E2_P1
brain,axis0_+1mm,input,2.1246171399980085e-06,1.0,POLYIC_20190510_mouse38__E2_P1
brain,axis0_+1mm,encoder_level0,1.9292376236990094e-05,0.9999999403953552,POLYIC_20190510_mouse38__E2_P1
brain,axis0_+1mm,encoder_level1,0.1937713325023651,0.9810612201690674,POLYIC_20190510_mouse38__E2_P1
brain,axis0_+1mm,encoder_level2,0.22014692425727844,0.9754877686500549,POLYIC_20190510_mouse38__E2_P1
brain,axis0_+1mm,encoder_level3,0.17959773540496826,0.9837425351142883,POLYIC_20190510_mouse38__E2_P1
brain,axis0_+1mm,encoder_level4,0.17001831531524658,0.9856578707695007,POLYIC_20190510_mouse38__E2_P1
brain,axis0_+1mm,canvas_level4,0.17001831531524658,0.9856578707695007,POLYIC_20190510_mouse38__E2_P1
brain,axis0_+1mm,canvas_level3,0.24341651797294617,0.9699513912200928,POLYIC_20190510_mouse38__E2_P1
brain,axis0_+1mm,canvas_level2,0.24168050289154053,0.970445990562439,POLYIC_20190510_mouse38__E2_P1
brain,axis0_+1mm,canvas_level1,0.20272888243198395,0.9793030023574829,POLYIC_20190510_mouse38__E2_P1
brain,axis0_+1mm,canvas_level0,0.14904937148094177,0.9889175891876221,POLYIC_20190510_mouse38__E2_P1
brain,axis0_+1mm,output_logits,0.06530273705720901,0.9978655576705933,POLYIC_20190510_mouse38__E2_P1
brain,axis0_+1mm,query_mask_embedding,0.0032370637636631727,0.999994695186615,POLYIC_20190510_mouse38__E2_P1
brain,axis0_+2mm,input,2.1494868178706383e-06,1.0,POLYIC_20190510_mouse38__E2_P1
brain,axis0_+2mm,encoder_level0,1.8815106159308925e-05,1.0,POLYIC_20190510_mouse38__E2_P1
brain,axis0_+2mm,encoder_level1,0.08131818473339081,0.996712863445282,POLYIC_20190510_mouse38__E2_P1
brain,axis0_+2mm,encoder_level2,0.23553849756717682,0.9718683958053589,POLYIC_20190510_mouse38__E2_P1
brain,axis0_+2mm,encoder_level3,0.17091359198093414,0.9852887392044067,POLYIC_20190510_mouse38__E2_P1
brain,axis0_+2mm,encoder_level4,0.2003648281097412,0.9799336791038513,POLYIC_20190510_mouse38__E2_P1
brain,axis0_+2mm,canvas_level4,0.2003648281097412,0.9799336791038513,POLYIC_20190510_mouse38__E2_P1
brain,axis0_+2mm,canvas_level3,0.2498043179512024,0.9683609008789062,POLYIC_20190510_mouse38__E2_P1
brain,axis0_+2mm,canvas_level2,0.2637384831905365,0.9646103978157043,POLYIC_20190510_mouse38__E2_P1
brain,axis0_+2mm,canvas_level1,0.18677586317062378,0.9826774597167969,POLYIC_20190510_mouse38__E2_P1
brain,axis0_+2mm,canvas_level0,0.1793481558561325,0.9840559959411621,POLYIC_20190510_mouse38__E2_P1
brain,axis0_+2mm,output_logits,0.07029363512992859,0.9975372552871704,POLYIC_20190510_mouse38__E2_P1
brain,axis0_+2mm,query_mask_embedding,0.00237659621052444,0.9999974370002747,POLYIC_20190510_mouse38__E2_P1
brain,axis0_+4mm,input,2.2408037239074474e-06,1.0,POLYIC_20190510_mouse38__E2_P1
brain,axis0_+4mm,encoder_level0,0.07238994538784027,0.9973763823509216,POLYIC_20190510_mouse38__E2_P1
brain,axis0_+4mm,encoder_level1,0.2101655751466751,0.977689266204834,POLYIC_20190510_mouse38__E2_P1
brain,axis0_+4mm,encoder_level2,0.28717875480651855,0.9581928253173828,POLYIC_20190510_mouse38__E2_P1
brain,axis0_+4mm,encoder_level3,0.2227552980184555,0.9749664068222046,POLYIC_20190510_mouse38__E2_P1
brain,axis0_+4mm,encoder_level4,0.19642424583435059,0.9805684089660645,POLYIC_20190510_mouse38__E2_P1
brain,axis0_+4mm,canvas_level4,0.19642424583435059,0.9805684089660645,POLYIC_20190510_mouse38__E2_P1
brain,axis0_+4mm,canvas_level3,0.2981562614440918,0.9546171426773071,POLYIC_20190510_mouse38__E2_P1
brain,axis0_+4mm,canvas_level2,0.30371835827827454,0.9531611204147339,POLYIC_20190510_mouse38__E2_P1
brain,axis0_+4mm,canvas_level1,0.2756275534629822,0.9618427753448486,POLYIC_20190510_mouse38__E2_P1
brain,axis0_+4mm,canvas_level0,0.2995877265930176,0.9546968936920166,POLYIC_20190510_mouse38__E2_P1
brain,axis0_+4mm,output_logits,0.27171531319618225,0.9623916745185852,POLYIC_20190510_mouse38__E2_P1
brain,axis0_+4mm,query_mask_embedding,0.002313134493306279,0.9999973177909851,POLYIC_20190510_mouse38__E2_P1
brain,axis0_+6mm,input,0.15343162417411804,0.9881592988967896,POLYIC_20190510_mouse38__E2_P1
brain,axis0_+6mm,encoder_level0,0.22155576944351196,0.9752776622772217,POLYIC_20190510_mouse38__E2_P1
brain,axis0_+6mm,encoder_level1,0.33784544467926025,0.9414908289909363,POLYIC_20190510_mouse38__E2_P1
brain,axis0_+6mm,encoder_level2,0.38884058594703674,0.921306848526001,POLYIC_20190510_mouse38__E2_P1
brain,axis0_+6mm,encoder_level3,0.34428203105926514,0.9389615058898926,POLYIC_20190510_mouse38__E2_P1
brain,axis0_+6mm,encoder_level4,0.21408513188362122,0.9769027233123779,POLYIC_20190510_mouse38__E2_P1
brain,axis0_+6mm,canvas_level4,0.21408513188362122,0.9769027233123779,POLYIC_20190510_mouse38__E2_P1
brain,axis0_+6mm,canvas_level3,0.3515809178352356,0.9365038871765137,POLYIC_20190510_mouse38__E2_P1
brain,axis0_+6mm,canvas_level2,0.39467594027519226,0.9191789627075195,POLYIC_20190510_mouse38__E2_P1
brain,axis0_+6mm,canvas_level1,0.37850308418273926,0.9271780252456665,POLYIC_20190510_mouse38__E2_P1
brain,axis0_+6mm,canvas_level0,0.3933151066303253,0.9208331108093262,POLYIC_20190510_mouse38__E2_P1
brain,axis0_+6mm,output_logits,0.3821948766708374,0.9241267442703247,POLYIC_20190510_mouse38__E2_P1
brain,axis0_+6mm,query_mask_embedding,0.00290261534973979,0.9999958872795105,POLYIC_20190510_mouse38__E2_P1
brain,axis1_+1mm,input,2.332772965019103e-06,1.0,POLYIC_20190510_mouse38__E2_P1
brain,axis1_+1mm,encoder_level0,1.832950692914892e-05,0.9999999403953552,POLYIC_20190510_mouse38__E2_P1
brain,axis1_+1mm,encoder_level1,0.20339994132518768,0.9790959358215332,POLYIC_20190510_mouse38__E2_P1
brain,axis1_+1mm,encoder_level2,0.2019321173429489,0.979399561882019,POLYIC_20190510_mouse38__E2_P1
brain,axis1_+1mm,encoder_level3,0.21065574884414673,0.9775828123092651,POLYIC_20190510_mouse38__E2_P1
brain,axis1_+1mm,encoder_level4,0.2318262755870819,0.9729784727096558,POLYIC_20190510_mouse38__E2_P1
brain,axis1_+1mm,canvas_level4,0.2318262755870819,0.9729784727096558,POLYIC_20190510_mouse38__E2_P1
brain,axis1_+1mm,canvas_level3,0.2998051345348358,0.9541354775428772,POLYIC_20190510_mouse38__E2_P1
brain,axis1_+1mm,canvas_level2,0.2559656798839569,0.9668295383453369,POLYIC_20190510_mouse38__E2_P1
brain,axis1_+1mm,canvas_level1,0.21244007349014282,0.9772220849990845,POLYIC_20190510_mouse38__E2_P1
brain,axis1_+1mm,canvas_level0,0.14243799448013306,0.9898380041122437,POLYIC_20190510_mouse38__E2_P1
brain,axis1_+1mm,output_logits,0.06634771078824997,0.9978954195976257,POLYIC_20190510_mouse38__E2_P1
brain,axis1_+1mm,query_mask_embedding,0.02098001539707184,0.9998223781585693,POLYIC_20190510_mouse38__E2_P1
brain,axis1_+2mm,input,2.332772965019103e-06,1.0,POLYIC_20190510_mouse38__E2_P1
brain,axis1_+2mm,encoder_level0,0.036194972693920135,0.9993448257446289,POLYIC_20190510_mouse38__E2_P1
brain,axis1_+2mm,encoder_level1,0.1279304176568985,0.9918041825294495,POLYIC_20190510_mouse38__E2_P1
brain,axis1_+2mm,encoder_level2,0.21830761432647705,0.9758924841880798,POLYIC_20190510_mouse38__E2_P1
brain,axis1_+2mm,encoder_level3,0.17286507785320282,0.9849481582641602,POLYIC_20190510_mouse38__E2_P1
brain,axis1_+2mm,encoder_level4,0.2189260870218277,0.9762166142463684,POLYIC_20190510_mouse38__E2_P1
brain,axis1_+2mm,canvas_level4,0.2189260870218277,0.9762166142463684,POLYIC_20190510_mouse38__E2_P1
brain,axis1_+2mm,canvas_level3,0.2834867835044861,0.9591916799545288,POLYIC_20190510_mouse38__E2_P1
brain,axis1_+2mm,canvas_level2,0.2955927848815918,0.955467939376831,POLYIC_20190510_mouse38__E2_P1
brain,axis1_+2mm,canvas_level1,0.21436236798763275,0.9768874645233154,POLYIC_20190510_mouse38__E2_P1
brain,axis1_+2mm,canvas_level0,0.1984407603740692,0.9802124500274658,POLYIC_20190510_mouse38__E2_P1
brain,axis1_+2mm,output_logits,0.13276571035385132,0.991173505783081,POLYIC_20190510_mouse38__E2_P1
brain,axis1_+2mm,query_mask_embedding,0.003289307001978159,0.9999945163726807,POLYIC_20190510_mouse38__E2_P1
brain,axis1_+4mm,input,2.332772965019103e-06,1.0,POLYIC_20190510_mouse38__E2_P1
brain,axis1_+4mm,encoder_level0,0.08865921944379807,0.9960620403289795,POLYIC_20190510_mouse38__E2_P1
brain,axis1_+4mm,encoder_level1,0.2524372637271881,0.9676358699798584,POLYIC_20190510_mouse38__E2_P1
brain,axis1_+4mm,encoder_level2,0.3018055260181427,0.9535489082336426,POLYIC_20190510_mouse38__E2_P1
brain,axis1_+4mm,encoder_level3,0.24410578608512878,0.9699960947036743,POLYIC_20190510_mouse38__E2_P1
brain,axis1_+4mm,encoder_level4,0.1975618600845337,0.9803380370140076,POLYIC_20190510_mouse38__E2_P1
brain,axis1_+4mm,canvas_level4,0.1975618600845337,0.9803380370140076,POLYIC_20190510_mouse38__E2_P1
brain,axis1_+4mm,canvas_level3,0.34194618463516235,0.9399339556694031,POLYIC_20190510_mouse38__E2_P1
brain,axis1_+4mm,canvas_level2,0.3332827389240265,0.9435366988182068,POLYIC_20190510_mouse38__E2_P1
brain,axis1_+4mm,canvas_level1,0.2844755947589874,0.958868145942688,POLYIC_20190510_mouse38__E2_P1
brain,axis1_+4mm,canvas_level0,0.3219330608844757,0.9471348524093628,POLYIC_20190510_mouse38__E2_P1
brain,axis1_+4mm,output_logits,0.2894802987575531,0.9572570323944092,POLYIC_20190510_mouse38__E2_P1
brain,axis1_+4mm,query_mask_embedding,0.0035872634034603834,0.9999953508377075,POLYIC_20190510_mouse38__E2_P1
brain,axis1_+6mm,input,0.11332569271326065,0.9935579895973206,POLYIC_20190510_mouse38__E2_P1
brain,axis1_+6mm,encoder_level0,0.23742419481277466,0.9715898036956787,POLYIC_20190510_mouse38__E2_P1
brain,axis1_+6mm,encoder_level1,0.36611777544021606,0.9307527542114258,POLYIC_20190510_mouse38__E2_P1
brain,axis1_+6mm,encoder_level2,0.4200049638748169,0.9075231552124023,POLYIC_20190510_mouse38__E2_P1
brain,axis1_+6mm,encoder_level3,0.391824871301651,0.9201606512069702,POLYIC_20190510_mouse38__E2_P1
brain,axis1_+6mm,encoder_level4,0.23606429994106293,0.9719042181968689,POLYIC_20190510_mouse38__E2_P1
brain,axis1_+6mm,canvas_level4,0.23606429994106293,0.9719042181968689,POLYIC_20190510_mouse38__E2_P1
brain,axis1_+6mm,canvas_level3,0.4254729449748993,0.9063133001327515,POLYIC_20190510_mouse38__E2_P1
brain,axis1_+6mm,canvas_level2,0.42278560996055603,0.9068607091903687,POLYIC_20190510_mouse38__E2_P1
brain,axis1_+6mm,canvas_level1,0.3663085997104645,0.9311054944992065,POLYIC_20190510_mouse38__E2_P1
brain,axis1_+6mm,canvas_level0,0.4108996093273163,0.9129036664962769,POLYIC_20190510_mouse38__E2_P1
brain,axis1_+6mm,output_logits,0.40051570534706116,0.9162971377372742,POLYIC_20190510_mouse38__E2_P1
brain,axis1_+6mm,query_mask_embedding,0.008639312349259853,0.9999752044677734,POLYIC_20190510_mouse38__E2_P1
brain,axis2_+1mm,input,0.1594771295785904,0.9875082969665527,POLYIC_20190510_mouse38__E2_P1
brain,axis2_+1mm,encoder_level0,0.40894123911857605,0.9128471612930298,POLYIC_20190510_mouse38__E2_P1
brain,axis2_+1mm,encoder_level1,0.20898480713367462,0.9779706597328186,POLYIC_20190510_mouse38__E2_P1
brain,axis2_+1mm,encoder_level2,0.22316348552703857,0.9748666286468506,POLYIC_20190510_mouse38__E2_P1
brain,axis2_+1mm,encoder_level3,0.1800190955400467,0.9837170839309692,POLYIC_20190510_mouse38__E2_P1
brain,axis2_+1mm,encoder_level4,0.32244908809661865,0.9466297626495361,POLYIC_20190510_mouse38__E2_P1
brain,axis2_+1mm,canvas_level4,0.32244908809661865,0.9466297626495361,POLYIC_20190510_mouse38__E2_P1
brain,axis2_+1mm,canvas_level3,0.3144558370113373,0.949836015701294,POLYIC_20190510_mouse38__E2_P1
brain,axis2_+1mm,canvas_level2,0.2824355959892273,0.9596868753433228,POLYIC_20190510_mouse38__E2_P1
brain,axis2_+1mm,canvas_level1,0.22955861687660217,0.9733358025550842,POLYIC_20190510_mouse38__E2_P1
brain,axis2_+1mm,canvas_level0,0.20523670315742493,0.9788142442703247,POLYIC_20190510_mouse38__E2_P1
brain,axis2_+1mm,output_logits,0.08009199053049088,0.9967988729476929,POLYIC_20190510_mouse38__E2_P1
brain,axis2_+1mm,query_mask_embedding,0.0099718002602458,0.9999617338180542,POLYIC_20190510_mouse38__E2_P1
brain,axis2_+2mm,input,2.7666530968417646e-06,1.0,POLYIC_20190510_mouse38__E2_P1
brain,axis2_+2mm,encoder_level0,0.03619498014450073,0.9993448257446289,POLYIC_20190510_mouse38__E2_P1
brain,axis2_+2mm,encoder_level1,0.2937745153903961,0.9558858275413513,POLYIC_20190510_mouse38__E2_P1
brain,axis2_+2mm,encoder_level2,0.2570236623287201,0.9664103388786316,POLYIC_20190510_mouse38__E2_P1
brain,axis2_+2mm,encoder_level3,0.1836824268102646,0.9829999208450317,POLYIC_20190510_mouse38__E2_P1
brain,axis2_+2mm,encoder_level4,0.18777012825012207,0.9822184443473816,POLYIC_20190510_mouse38__E2_P1
brain,axis2_+2mm,canvas_level4,0.18777012825012207,0.9822184443473816,POLYIC_20190510_mouse38__E2_P1
brain,axis2_+2mm,canvas_level3,0.34472090005874634,0.9396399259567261,POLYIC_20190510_mouse38__E2_P1
brain,axis2_+2mm,canvas_level2,0.34313637018203735,0.939590334892273,POLYIC_20190510_mouse38__E2_P1
brain,axis2_+2mm,canvas_level1,0.3156382739543915,0.9490005970001221,POLYIC_20190510_mouse38__E2_P1
brain,axis2_+2mm,canvas_level0,0.25706732273101807,0.9667406678199768,POLYIC_20190510_mouse38__E2_P1
brain,axis2_+2mm,output_logits,0.1735771894454956,0.9849021434783936,POLYIC_20190510_mouse38__E2_P1
brain,axis2_+2mm,query_mask_embedding,0.007520981598645449,0.9999772310256958,POLYIC_20190510_mouse38__E2_P1
brain,axis2_+4mm,input,2.8786014354409417e-06,0.9999999403953552,POLYIC_20190510_mouse38__E2_P1
brain,axis2_+4mm,encoder_level0,0.08865921944379807,0.9960620999336243,POLYIC_20190510_mouse38__E2_P1
brain,axis2_+4mm,encoder_level1,0.2433749884366989,0.9699344635009766,POLYIC_20190510_mouse38__E2_P1
brain,axis2_+4mm,encoder_level2,0.37543803453445435,0.9268474578857422,POLYIC_20190510_mouse38__E2_P1
brain,axis2_+4mm,encoder_level3,0.3468780815601349,0.9379520416259766,POLYIC_20190510_mouse38__E2_P1
brain,axis2_+4mm,encoder_level4,0.25551512837409973,0.9670162796974182,POLYIC_20190510_mouse38__E2_P1
brain,axis2_+4mm,canvas_level4,0.25551512837409973,0.9670162796974182,POLYIC_20190510_mouse38__E2_P1
brain,axis2_+4mm,canvas_level3,0.4074740409851074,0.9135265350341797,POLYIC_20190510_mouse38__E2_P1
brain,axis2_+4mm,canvas_level2,0.41348981857299805,0.9109780788421631,POLYIC_20190510_mouse38__E2_P1
brain,axis2_+4mm,canvas_level1,0.32666832208633423,0.9454143047332764,POLYIC_20190510_mouse38__E2_P1
brain,axis2_+4mm,canvas_level0,0.3382531702518463,0.9415899515151978,POLYIC_20190510_mouse38__E2_P1
brain,axis2_+4mm,output_logits,0.30574023723602295,0.9524123668670654,POLYIC_20190510_mouse38__E2_P1
brain,axis2_+4mm,query_mask_embedding,0.014188790693879128,0.9999213218688965,POLYIC_20190510_mouse38__E2_P1
brain,axis2_+6mm,input,2.695827333809575e-06,1.0,POLYIC_20190510_mouse38__E2_P1
brain,axis2_+6mm,encoder_level0,0.12004514038562775,0.992768406867981,POLYIC_20190510_mouse38__E2_P1
brain,axis2_+6mm,encoder_level1,0.4254612922668457,0.9049891233444214,POLYIC_20190510_mouse38__E2_P1
brain,axis2_+6mm,encoder_level2,0.4306810796260834,0.9025194048881531,POLYIC_20190510_mouse38__E2_P1
brain,axis2_+6mm,encoder_level3,0.47621506452560425,0.8794026374816895,POLYIC_20190510_mouse38__E2_P1
brain,axis2_+6mm,encoder_level4,0.3392252027988434,0.9407051801681519,POLYIC_20190510_mouse38__E2_P1
brain,axis2_+6mm,canvas_level4,0.3392252027988434,0.9407051801681519,POLYIC_20190510_mouse38__E2_P1
brain,axis2_+6mm,canvas_level3,0.4658891558647156,0.8850804567337036,POLYIC_20190510_mouse38__E2_P1
brain,axis2_+6mm,canvas_level2,0.4322150647640228,0.902267336845398,POLYIC_20190510_mouse38__E2_P1
brain,axis2_+6mm,canvas_level1,0.4211990535259247,0.9072239995002747,POLYIC_20190510_mouse38__E2_P1
brain,axis2_+6mm,canvas_level0,0.40864455699920654,0.9134817123413086,POLYIC_20190510_mouse38__E2_P1
brain,axis2_+6mm,output_logits,0.43323907256126404,0.9015544652938843,POLYIC_20190510_mouse38__E2_P1
brain,axis2_+6mm,query_mask_embedding,0.01989523321390152,0.9998521208763123,POLYIC_20190510_mouse38__E2_P1
brain,resampling_floor,input,2.26095539801463e-06,0.9999999403953552,POLYIC_20190510_mouse39__E4_P1
brain,resampling_floor,encoder_level0,1.7690914319246076e-05,0.9999999403953552,POLYIC_20190510_mouse39__E4_P1
brain,resampling_floor,encoder_level1,1.801061262085568e-05,0.9999998807907104,POLYIC_20190510_mouse39__E4_P1
brain,resampling_floor,encoder_level2,1.96816363313701e-05,1.000000238418579,POLYIC_20190510_mouse39__E4_P1
brain,resampling_floor,encoder_level3,5.018381443733233e-07,1.0,POLYIC_20190510_mouse39__E4_P1
brain,resampling_floor,encoder_level4,4.740914846479427e-06,0.9999999403953552,POLYIC_20190510_mouse39__E4_P1
brain,resampling_floor,canvas_level4,4.740914846479427e-06,0.9999999403953552,POLYIC_20190510_mouse39__E4_P1
brain,resampling_floor,canvas_level3,7.832900882931426e-05,1.0,POLYIC_20190510_mouse39__E4_P1
brain,resampling_floor,canvas_level2,0.00016345278709195554,1.0,POLYIC_20190510_mouse39__E4_P1
brain,resampling_floor,canvas_level1,0.0001845786755438894,1.0,POLYIC_20190510_mouse39__E4_P1
brain,resampling_floor,canvas_level0,0.00022220866230782121,0.9999998807907104,POLYIC_20190510_mouse39__E4_P1
brain,resampling_floor,output_logits,7.694058876950294e-05,1.0,POLYIC_20190510_mouse39__E4_P1
brain,resampling_floor,query_mask_embedding,4.5419380967359757e-07,1.0,POLYIC_20190510_mouse39__E4_P1
brain,axis0_+1mm,input,2.073460564133711e-06,0.9999999403953552,POLYIC_20190510_mouse39__E4_P1
brain,axis0_+1mm,encoder_level0,1.9524983144947328e-05,1.0,POLYIC_20190510_mouse39__E4_P1
brain,axis0_+1mm,encoder_level1,0.1886139214038849,0.9820719957351685,POLYIC_20190510_mouse39__E4_P1
brain,axis0_+1mm,encoder_level2,0.21660037338733673,0.9762758612632751,POLYIC_20190510_mouse39__E4_P1
brain,axis0_+1mm,encoder_level3,0.18302977085113525,0.9831100702285767,POLYIC_20190510_mouse39__E4_P1
brain,axis0_+1mm,encoder_level4,0.17676818370819092,0.9843751788139343,POLYIC_20190510_mouse39__E4_P1
brain,axis0_+1mm,canvas_level4,0.17676818370819092,0.9843751788139343,POLYIC_20190510_mouse39__E4_P1
brain,axis0_+1mm,canvas_level3,0.2408144176006317,0.9705972075462341,POLYIC_20190510_mouse39__E4_P1
brain,axis0_+1mm,canvas_level2,0.23530378937721252,0.9719751477241516,POLYIC_20190510_mouse39__E4_P1
brain,axis0_+1mm,canvas_level1,0.19417454302310944,0.9810144901275635,POLYIC_20190510_mouse39__E4_P1
brain,axis0_+1mm,canvas_level0,0.13765835762023926,0.9905551671981812,POLYIC_20190510_mouse39__E4_P1
brain,axis0_+1mm,output_logits,0.05914532020688057,0.9982501268386841,POLYIC_20190510_mouse39__E4_P1
brain,axis0_+1mm,query_mask_embedding,0.0015776311047375202,0.9999988079071045,POLYIC_20190510_mouse39__E4_P1
brain,axis0_+2mm,input,2.0242455320840236e-06,1.0,POLYIC_20190510_mouse39__E4_P1
brain,axis0_+2mm,encoder_level0,1.8523523976909928e-05,1.0,POLYIC_20190510_mouse39__E4_P1
brain,axis0_+2mm,encoder_level1,0.07974908500909805,0.9968383312225342,POLYIC_20190510_mouse39__E4_P1
brain,axis0_+2mm,encoder_level2,0.2341313362121582,0.9722099304199219,POLYIC_20190510_mouse39__E4_P1
brain,axis0_+2mm,encoder_level3,0.1728353202342987,0.9849526286125183,POLYIC_20190510_mouse39__E4_P1
brain,axis0_+2mm,encoder_level4,0.19624459743499756,0.9806709289550781,POLYIC_20190510_mouse39__E4_P1
brain,axis0_+2mm,canvas_level4,0.19624459743499756,0.9806709289550781,POLYIC_20190510_mouse39__E4_P1
brain,axis0_+2mm,canvas_level3,0.2502107620239258,0.9682577252388,POLYIC_20190510_mouse39__E4_P1
brain,axis0_+2mm,canvas_level2,0.2626703679561615,0.9648957252502441,POLYIC_20190510_mouse39__E4_P1
brain,axis0_+2mm,canvas_level1,0.1832943558692932,0.9832842350006104,POLYIC_20190510_mouse39__E4_P1
brain,axis0_+2mm,canvas_level0,0.17425332963466644,0.9849197268486023,POLYIC_20190510_mouse39__E4_P1
brain,axis0_+2mm,output_logits,0.0656205341219902,0.9978451728820801,POLYIC_20190510_mouse39__E4_P1
brain,axis0_+2mm,query_mask_embedding,0.0019363828469067812,0.9999982118606567,POLYIC_20190510_mouse39__E4_P1
brain,axis0_+4mm,input,1.9812728169199545e-06,0.9999999403953552,POLYIC_20190510_mouse39__E4_P1
brain,axis0_+4mm,encoder_level0,0.07378729432821274,0.9972739815711975,POLYIC_20190510_mouse39__E4_P1
brain,axis0_+4mm,encoder_level1,0.20938822627067566,0.97785484790802,POLYIC_20190510_mouse39__E4_P1
brain,axis0_+4mm,encoder_level2,0.28524249792099,0.958743691444397,POLYIC_20190510_mouse39__E4_P1
brain,axis0_+4mm,encoder_level3,0.2266419678926468,0.9740699529647827,POLYIC_20190510_mouse39__E4_P1
brain,axis0_+4mm,encoder_level4,0.20202404260635376,0.9793878793716431,POLYIC_20190510_mouse39__E4_P1
brain,axis0_+4mm,canvas_level4,0.20202404260635376,0.9793878793716431,POLYIC_20190510_mouse39__E4_P1
brain,axis0_+4mm,canvas_level3,0.30136004090309143,0.9536324739456177,POLYIC_20190510_mouse39__E4_P1
brain,axis0_+4mm,canvas_level2,0.2978164553642273,0.9549676775932312,POLYIC_20190510_mouse39__E4_P1
brain,axis0_+4mm,canvas_level1,0.27143824100494385,0.9629547595977783,POLYIC_20190510_mouse39__E4_P1
brain,axis0_+4mm,canvas_level0,0.29566246271133423,0.955848753452301,POLYIC_20190510_mouse39__E4_P1
brain,axis0_+4mm,output_logits,0.27636346220970154,0.9610559940338135,POLYIC_20190510_mouse39__E4_P1
brain,axis0_+4mm,query_mask_embedding,0.003389315214008093,0.9999967813491821,POLYIC_20190510_mouse39__E4_P1
brain,axis0_+6mm,input,0.16214953362941742,0.9867661595344543,POLYIC_20190510_mouse39__E4_P1
brain,axis0_+6mm,encoder_level0,0.24524633586406708,0.9696545600891113,POLYIC_20190510_mouse39__E4_P1
brain,axis0_+6mm,encoder_level1,0.3400660455226898,0.9407099485397339,POLYIC_20190510_mouse39__E4_P1
brain,axis0_+6mm,encoder_level2,0.3906729519367218,0.9205328226089478,POLYIC_20190510_mouse39__E4_P1
brain,axis0_+6mm,encoder_level3,0.34545692801475525,0.9385274648666382,POLYIC_20190510_mouse39__E4_P1
brain,axis0_+6mm,encoder_level4,0.20931775867938995,0.9779460430145264,POLYIC_20190510_mouse39__E4_P1
brain,axis0_+6mm,canvas_level4,0.20931775867938995,0.9779460430145264,POLYIC_20190510_mouse39__E4_P1
brain,axis0_+6mm,canvas_level3,0.36123353242874146,0.932876467704773,POLYIC_20190510_mouse39__E4_P1
brain,axis0_+6mm,canvas_level2,0.3933330774307251,0.9197348356246948,POLYIC_20190510_mouse39__E4_P1
brain,axis0_+6mm,canvas_level1,0.37519827485084534,0.9284121990203857,POLYIC_20190510_mouse39__E4_P1
brain,axis0_+6mm,canvas_level0,0.3946680724620819,0.9202344417572021,POLYIC_20190510_mouse39__E4_P1
brain,axis0_+6mm,output_logits,0.3872920274734497,0.9220224022865295,POLYIC_20190510_mouse39__E4_P1
brain,axis0_+6mm,query_mask_embedding,0.0032475898042321205,0.9999948740005493,POLYIC_20190510_mouse39__E4_P1
brain,axis1_+1mm,input,2.26095539801463e-06,0.9999999403953552,POLYIC_20190510_mouse39__E4_P1
brain,axis1_+1mm,encoder_level0,1.7696311260806397e-05,1.0,POLYIC_20190510_mouse39__E4_P1
brain,axis1_+1mm,encoder_level1,0.20180223882198334,0.9794265031814575,POLYIC_20190510_mouse39__E4_P1
brain,axis1_+1mm,encoder_level2,0.20075681805610657,0.9796415567398071,POLYIC_20190510_mouse39__E4_P1
brain,axis1_+1mm,encoder_level3,0.21618299186229706,0.9763774871826172,POLYIC_20190510_mouse39__E4_P1
brain,axis1_+1mm,encoder_level4,0.22479844093322754,0.9746964573860168,POLYIC_20190510_mouse39__E4_P1
brain,axis1_+1mm,canvas_level4,0.22479844093322754,0.9746964573860168,POLYIC_20190510_mouse39__E4_P1
brain,axis1_+1mm,canvas_level3,0.3043791651725769,0.9526929259300232,POLYIC_20190510_mouse39__E4_P1
brain,axis1_+1mm,canvas_level2,0.25756552815437317,0.9664019346237183,POLYIC_20190510_mouse39__E4_P1
brain,axis1_+1mm,canvas_level1,0.2122337520122528,0.9772591590881348,POLYIC_20190510_mouse39__E4_P1
brain,axis1_+1mm,canvas_level0,0.14358101785182953,0.989670991897583,POLYIC_20190510_mouse39__E4_P1
brain,axis1_+1mm,output_logits,0.06313272565603256,0.9980586767196655,POLYIC_20190510_mouse39__E4_P1
brain,axis1_+1mm,query_mask_embedding,0.017697062343358994,0.9998733401298523,POLYIC_20190510_mouse39__E4_P1
brain,axis1_+2mm,input,2.26095539801463e-06,0.9999999403953552,POLYIC_20190510_mouse39__E4_P1
brain,axis1_+2mm,encoder_level0,0.03689365088939667,0.9993191957473755,POLYIC_20190510_mouse39__E4_P1
brain,axis1_+2mm,encoder_level1,0.1270691454410553,0.9919140338897705,POLYIC_20190510_mouse39__E4_P1
brain,axis1_+2mm,encoder_level2,0.21699200570583344,0.9761919975280762,POLYIC_20190510_mouse39__E4_P1
brain,axis1_+2mm,encoder_level3,0.17358875274658203,0.9848196506500244,POLYIC_20190510_mouse39__E4_P1
brain,axis1_+2mm,encoder_level4,0.21261736750602722,0.9775422215461731,POLYIC_20190510_mouse39__E4_P1
brain,axis1_+2mm,canvas_level4,0.21261736750602722,0.9775422215461731,POLYIC_20190510_mouse39__E4_P1
brain,axis1_+2mm,canvas_level3,0.27966102957725525,0.9602400660514832,POLYIC_20190510_mouse39__E4_P1
brain,axis1_+2mm,canvas_level2,0.29539915919303894,0.955520749092102,POLYIC_20190510_mouse39__E4_P1
brain,axis1_+2mm,canvas_level1,0.21350890398025513,0.9770423173904419,POLYIC_20190510_mouse39__E4_P1
brain,axis1_+2mm,canvas_level0,0.1965661644935608,0.9805713891983032,POLYIC_20190510_mouse39__E4_P1
brain,axis1_+2mm,output_logits,0.13097380101680756,0.9914599061012268,POLYIC_20190510_mouse39__E4_P1
brain,axis1_+2mm,query_mask_embedding,0.0024862526915967464,0.9999979138374329,POLYIC_20190510_mouse39__E4_P1
brain,axis1_+4mm,input,2.26095539801463e-06,0.9999999403953552,POLYIC_20190510_mouse39__E4_P1
brain,axis1_+4mm,encoder_level0,0.09037061035633087,0.995908260345459,POLYIC_20190510_mouse39__E4_P1
brain,axis1_+4mm,encoder_level1,0.2517816722393036,0.9678058624267578,POLYIC_20190510_mouse39__E4_P1
brain,axis1_+4mm,encoder_level2,0.30114030838012695,0.9537497758865356,POLYIC_20190510_mouse39__E4_P1
brain,axis1_+4mm,encoder_level3,0.24701622128486633,0.9692664742469788,POLYIC_20190510_mouse39__E4_P1
brain,axis1_+4mm,encoder_level4,0.19678114354610443,0.980501651763916,POLYIC_20190510_mouse39__E4_P1
brain,axis1_+4mm,canvas_level4,0.19678114354610443,0.980501651763916,POLYIC_20190510_mouse39__E4_P1
brain,axis1_+4mm,canvas_level3,0.3392780125141144,0.940864086151123,POLYIC_20190510_mouse39__E4_P1
brain,axis1_+4mm,canvas_level2,0.3327096402645111,0.9437217712402344,POLYIC_20190510_mouse39__E4_P1
brain,axis1_+4mm,canvas_level1,0.281779021024704,0.9596295952796936,POLYIC_20190510_mouse39__E4_P1
brain,axis1_+4mm,canvas_level0,0.3196590542793274,0.94786137342453,POLYIC_20190510_mouse39__E4_P1
brain,axis1_+4mm,output_logits,0.2900473177433014,0.9571509957313538,POLYIC_20190510_mouse39__E4_P1
brain,axis1_+4mm,query_mask_embedding,0.006907142698764801,0.9999834895133972,POLYIC_20190510_mouse39__E4_P1
brain,axis1_+6mm,input,0.11550918221473694,0.9933063983917236,POLYIC_20190510_mouse39__E4_P1
brain,axis1_+6mm,encoder_level0,0.2457204908132553,0.9695463180541992,POLYIC_20190510_mouse39__E4_P1
brain,axis1_+6mm,encoder_level1,0.3665663003921509,0.9305795431137085,POLYIC_20190510_mouse39__E4_P1
brain,axis1_+6mm,encoder_level2,0.4189710021018982,0.9079997539520264,POLYIC_20190510_mouse39__E4_P1
brain,axis1_+6mm,encoder_level3,0.3929222524166107,0.919692873954773,POLYIC_20190510_mouse39__E4_P1
brain,axis1_+6mm,encoder_level4,0.23517978191375732,0.9722481369972229,POLYIC_20190510_mouse39__E4_P1
brain,axis1_+6mm,canvas_level4,0.23517978191375732,0.9722481369972229,POLYIC_20190510_mouse39__E4_P1
brain,axis1_+6mm,canvas_level3,0.4163292348384857,0.9103363752365112,POLYIC_20190510_mouse39__E4_P1
brain,axis1_+6mm,canvas_level2,0.41930195689201355,0.9084122180938721,POLYIC_20190510_mouse39__E4_P1
brain,axis1_+6mm,canvas_level1,0.3647611141204834,0.931652307510376,POLYIC_20190510_mouse39__E4_P1
brain,axis1_+6mm,canvas_level0,0.40929844975471497,0.9135708808898926,POLYIC_20190510_mouse39__E4_P1
brain,axis1_+6mm,output_logits,0.3985303044319153,0.9171865582466125,POLYIC_20190510_mouse39__E4_P1
brain,axis1_+6mm,query_mask_embedding,0.011171967722475529,0.9999566674232483,POLYIC_20190510_mouse39__E4_P1
brain,axis2_+1mm,input,0.1427643597126007,0.9900385141372681,POLYIC_20190510_mouse39__E4_P1
brain,axis2_+1mm,encoder_level0,0.37905117869377136,0.9256620407104492,POLYIC_20190510_mouse39__E4_P1
brain,axis2_+1mm,encoder_level1,0.2053486704826355,0.9787545204162598,POLYIC_20190510_mouse39__E4_P1
brain,axis2_+1mm,encoder_level2,0.22450298070907593,0.9745591878890991,POLYIC_20190510_mouse39__E4_P1
brain,axis2_+1mm,encoder_level3,0.18316161632537842,0.9831385612487793,POLYIC_20190510_mouse39__E4_P1
brain,axis2_+1mm,encoder_level4,0.3372828960418701,0.941421627998352,POLYIC_20190510_mouse39__E4_P1
brain,axis2_+1mm,canvas_level4,0.3372828960418701,0.941421627998352,POLYIC_20190510_mouse39__E4_P1
brain,axis2_+1mm,canvas_level3,0.3196249008178711,0.9481791257858276,POLYIC_20190510_mouse39__E4_P1
brain,axis2_+1mm,canvas_level2,0.2877385914325714,0.9581512808799744,POLYIC_20190510_mouse39__E4_P1
brain,axis2_+1mm,canvas_level1,0.2318594604730606,0.9727908372879028,POLYIC_20190510_mouse39__E4_P1
brain,axis2_+1mm,canvas_level0,0.20147746801376343,0.9795761108398438,POLYIC_20190510_mouse39__E4_P1
brain,axis2_+1mm,output_logits,0.08696006238460541,0.9962242841720581,POLYIC_20190510_mouse39__E4_P1
brain,axis2_+1mm,query_mask_embedding,0.009113151580095291,0.9999681711196899,POLYIC_20190510_mouse39__E4_P1
brain,axis2_+2mm,input,2.547733629398863e-06,0.9999998807907104,POLYIC_20190510_mouse39__E4_P1
brain,axis2_+2mm,encoder_level0,0.03689365088939667,0.9993191957473755,POLYIC_20190510_mouse39__E4_P1
brain,axis2_+2mm,encoder_level1,0.29024893045425415,0.9569726586341858,POLYIC_20190510_mouse39__E4_P1
brain,axis2_+2mm,encoder_level2,0.2560827434062958,0.966658353805542,POLYIC_20190510_mouse39__E4_P1
brain,axis2_+2mm,encoder_level3,0.18538294732570648,0.9826781749725342,POLYIC_20190510_mouse39__E4_P1
brain,axis2_+2mm,encoder_level4,0.21750250458717346,0.9760637283325195,POLYIC_20190510_mouse39__E4_P1
brain,axis2_+2mm,canvas_level4,0.21750250458717346,0.9760637283325195,POLYIC_20190510_mouse39__E4_P1
brain,axis2_+2mm,canvas_level3,0.34519726037979126,0.9394385814666748,POLYIC_20190510_mouse39__E4_P1
brain,axis2_+2mm,canvas_level2,0.34220364689826965,0.9398934841156006,POLYIC_20190510_mouse39__E4_P1
brain,axis2_+2mm,canvas_level1,0.30677956342697144,0.9518678188323975,POLYIC_20190510_mouse39__E4_P1
brain,axis2_+2mm,canvas_level0,0.24344700574874878,0.9701744914054871,POLYIC_20190510_mouse39__E4_P1
brain,axis2_+2mm,output_logits,0.16256965696811676,0.9867587685585022,POLYIC_20190510_mouse39__E4_P1
brain,axis2_+2mm,query_mask_embedding,0.006414100527763367,0.9999827742576599,POLYIC_20190510_mouse39__E4_P1
brain,axis2_+4mm,input,2.810540081554791e-06,0.9999998807907104,POLYIC_20190510_mouse39__E4_P1
brain,axis2_+4mm,encoder_level0,0.09037061035633087,0.9959081411361694,POLYIC_20190510_mouse39__E4_P1
brain,axis2_+4mm,encoder_level1,0.24286562204360962,0.9700619578361511,POLYIC_20190510_mouse39__E4_P1
brain,axis2_+4mm,encoder_level2,0.3753551244735718,0.9268811941146851,POLYIC_20190510_mouse39__E4_P1
brain,axis2_+4mm,encoder_level3,0.3487938642501831,0.9372475743293762,POLYIC_20190510_mouse39__E4_P1
brain,axis2_+4mm,encoder_level4,0.2689497768878937,0.9634559750556946,POLYIC_20190510_mouse39__E4_P1
brain,axis2_+4mm,canvas_level4,0.2689497768878937,0.9634559750556946,POLYIC_20190510_mouse39__E4_P1
brain,axis2_+4mm,canvas_level3,0.40651801228523254,0.91395103931427,POLYIC_20190510_mouse39__E4_P1
brain,axis2_+4mm,canvas_level2,0.4116392135620117,0.9118052124977112,POLYIC_20190510_mouse39__E4_P1
brain,axis2_+4mm,canvas_level1,0.3216792941093445,0.9471173286437988,POLYIC_20190510_mouse39__E4_P1
brain,axis2_+4mm,canvas_level0,0.3326813280582428,0.9435324668884277,POLYIC_20190510_mouse39__E4_P1
brain,axis2_+4mm,output_logits,0.30395686626434326,0.9529394507408142,POLYIC_20190510_mouse39__E4_P1
brain,axis2_+4mm,query_mask_embedding,0.013084586709737778,0.999932050704956,POLYIC_20190510_mouse39__E4_P1
brain,axis2_+6mm,input,2.5513545551802963e-06,0.9999998211860657,POLYIC_20190510_mouse39__E4_P1
brain,axis2_+6mm,encoder_level0,0.12236239016056061,0.992485523223877,POLYIC_20190510_mouse39__E4_P1
brain,axis2_+6mm,encoder_level1,0.42277178168296814,0.90626060962677,POLYIC_20190510_mouse39__E4_P1
brain,axis2_+6mm,encoder_level2,0.43098685145378113,0.9023699164390564,POLYIC_20190510_mouse39__E4_P1
brain,axis2_+6mm,encoder_level3,0.4794645607471466,0.8776317238807678,POLYIC_20190510_mouse39__E4_P1
brain,axis2_+6mm,encoder_level4,0.3587287366390228,0.9334421157836914,POLYIC_20190510_mouse39__E4_P1
brain,axis2_+6mm,canvas_level4,0.3587287366390228,0.9334421157836914,POLYIC_20190510_mouse39__E4_P1
brain,axis2_+6mm,canvas_level3,0.46242618560791016,0.8868638277053833,POLYIC_20190510_mouse39__E4_P1
brain,axis2_+6mm,canvas_level2,0.4290524125099182,0.9038194417953491,POLYIC_20190510_mouse39__E4_P1
brain,axis2_+6mm,canvas_level1,0.4147501587867737,0.9101956486701965,POLYIC_20190510_mouse39__E4_P1
brain,axis2_+6mm,canvas_level0,0.4034681022167206,0.9157488346099854,POLYIC_20190510_mouse39__E4_P1
brain,axis2_+6mm,output_logits,0.4311389923095703,0.9024189114570618,POLYIC_20190510_mouse39__E4_P1
brain,axis2_+6mm,query_mask_embedding,0.013662347570061684,0.9999286532402039,POLYIC_20190510_mouse39__E4_P1
brain,resampling_floor,input,2.280638227603049e-06,1.0,POLYIC_20190510_mouse42__E2_P1
brain,resampling_floor,encoder_level0,1.7852074961410835e-05,1.0,POLYIC_20190510_mouse42__E2_P1
brain,resampling_floor,encoder_level1,1.902218173199799e-05,1.0,POLYIC_20190510_mouse42__E2_P1
brain,resampling_floor,encoder_level2,2.0993102225475013e-05,0.9999998807907104,POLYIC_20190510_mouse42__E2_P1
brain,resampling_floor,encoder_level3,5.159981242286449e-07,1.0,POLYIC_20190510_mouse42__E2_P1
brain,resampling_floor,encoder_level4,2.6729180717666168e-06,0.9999999403953552,POLYIC_20190510_mouse42__E2_P1
brain,resampling_floor,canvas_level4,2.6729180717666168e-06,0.9999999403953552,POLYIC_20190510_mouse42__E2_P1
brain,resampling_floor,canvas_level3,6.77124407957308e-05,0.9999999403953552,POLYIC_20190510_mouse42__E2_P1
brain,resampling_floor,canvas_level2,0.00016036648594308645,1.0,POLYIC_20190510_mouse42__E2_P1
brain,resampling_floor,canvas_level1,0.0001832501875469461,0.9999999403953552,POLYIC_20190510_mouse42__E2_P1
brain,resampling_floor,canvas_level0,0.00022236273798625916,1.0,POLYIC_20190510_mouse42__E2_P1
brain,resampling_floor,output_logits,7.682492287131026e-05,1.0,POLYIC_20190510_mouse42__E2_P1
brain,resampling_floor,query_mask_embedding,5.348080662770371e-07,1.0,POLYIC_20190510_mouse42__E2_P1
brain,axis0_+1mm,input,2.0693917122116545e-06,1.0,POLYIC_20190510_mouse42__E2_P1
brain,axis0_+1mm,encoder_level0,1.9222236005589366e-05,1.0,POLYIC_20190510_mouse42__E2_P1
brain,axis0_+1mm,encoder_level1,0.1918698102235794,0.981437087059021,POLYIC_20190510_mouse42__E2_P1
brain,axis0_+1mm,encoder_level2,0.22040784358978271,0.9754260778427124,POLYIC_20190510_mouse42__E2_P1
brain,axis0_+1mm,encoder_level3,0.17819073796272278,0.9839987754821777,POLYIC_20190510_mouse42__E2_P1
brain,axis0_+1mm,encoder_level4,0.1659003496170044,0.9863304495811462,POLYIC_20190510_mouse42__E2_P1
brain,axis0_+1mm,canvas_level4,0.1659003496170044,0.9863304495811462,POLYIC_20190510_mouse42__E2_P1
brain,axis0_+1mm,canvas_level3,0.2363653928041458,0.9716883897781372,POLYIC_20190510_mouse42__E2_P1
brain,axis0_+1mm,canvas_level2,0.23934483528137207,0.9710077047348022,POLYIC_20190510_mouse42__E2_P1
brain,axis0_+1mm,canvas_level1,0.1960921734571457,0.9806327819824219,POLYIC_20190510_mouse42__E2_P1
brain,axis0_+1mm,canvas_level0,0.14010383188724518,0.9902079701423645,POLYIC_20190510_mouse42__E2_P1
brain,axis0_+1mm,output_logits,0.060547586530447006,0.9981653690338135,POLYIC_20190510_mouse42__E2_P1
brain,axis0_+1mm,query_mask_embedding,0.002743285382166505,0.9999961853027344,POLYIC_20190510_mouse42__E2_P1
brain,axis0_+2mm,input,2.046512008746504e-06,1.0,POLYIC_20190510_mouse42__E2_P1
brain,axis0_+2mm,encoder_level0,1.9134939066134393e-05,1.0,POLYIC_20190510_mouse42__E2_P1
brain,axis0_+2mm,encoder_level1,0.08092799782752991,0.9967443943023682,POLYIC_20190510_mouse42__E2_P1
brain,axis0_+2mm,encoder_level2,0.2360081821680069,0.9717549085617065,POLYIC_20190510_mouse42__E2_P1
brain,axis0_+2mm,encoder_level3,0.166652649641037,0.9860169887542725,POLYIC_20190510_mouse42__E2_P1
brain,axis0_+2mm,encoder_level4,0.1943444311618805,0.9810130596160889,POLYIC_20190510_mouse42__E2_P1
brain,axis0_+2mm,canvas_level4,0.1943444311618805,0.9810130596160889,POLYIC_20190510_mouse42__E2_P1
brain,axis0_+2mm,canvas_level3,0.24610793590545654,0.9692942500114441,POLYIC_20190510_mouse42__E2_P1
brain,axis0_+2mm,canvas_level2,0.26695242524147034,0.9637243747711182,POLYIC_20190510_mouse42__E2_P1
brain,axis0_+2mm,canvas_level1,0.18677207827568054,0.9826343059539795,POLYIC_20190510_mouse42__E2_P1
brain,axis0_+2mm,canvas_level0,0.17940859496593475,0.9840176701545715,POLYIC_20190510_mouse42__E2_P1
brain,axis0_+2mm,output_logits,0.06860323250293732,0.9976452589035034,POLYIC_20190510_mouse42__E2_P1
brain,axis0_+2mm,query_mask_embedding,0.002151633845642209,0.9999977350234985,POLYIC_20190510_mouse42__E2_P1
brain,axis0_+4mm,input,2.097269998557749e-06,1.0,POLYIC_20190510_mouse42__E2_P1
brain,axis0_+4mm,encoder_level0,0.07340086251497269,0.9973025321960449,POLYIC_20190510_mouse42__E2_P1
brain,axis0_+4mm,encoder_level1,0.20975977182388306,0.9777761697769165,POLYIC_20190510_mouse42__E2_P1
brain,axis0_+4mm,encoder_level2,0.28696486353874207,0.958245575428009,POLYIC_20190510_mouse42__E2_P1
brain,axis0_+4mm,encoder_level3,0.22346022725105286,0.9747974872589111,POLYIC_20190510_mouse42__E2_P1
brain,axis0_+4mm,encoder_level4,0.20164644718170166,0.9794914722442627,POLYIC_20190510_mouse42__E2_P1
brain,axis0_+4mm,canvas_level4,0.20164644718170166,0.9794914722442627,POLYIC_20190510_mouse42__E2_P1
brain,axis0_+4mm,canvas_level3,0.30049386620521545,0.9539009928703308,POLYIC_20190510_mouse42__E2_P1
brain,axis0_+4mm,canvas_level2,0.3008415699005127,0.9540265798568726,POLYIC_20190510_mouse42__E2_P1
brain,axis0_+4mm,canvas_level1,0.27019622921943665,0.9633046388626099,POLYIC_20190510_mouse42__E2_P1
brain,axis0_+4mm,canvas_level0,0.29483461380004883,0.9561119675636292,POLYIC_20190510_mouse42__E2_P1
brain,axis0_+4mm,output_logits,0.27460333704948425,0.9615726470947266,POLYIC_20190510_mouse42__E2_P1
brain,axis0_+4mm,query_mask_embedding,0.002776741748675704,0.9999961853027344,POLYIC_20190510_mouse42__E2_P1
brain,axis0_+6mm,input,0.1552734076976776,0.9878715872764587,POLYIC_20190510_mouse42__E2_P1
brain,axis0_+6mm,encoder_level0,0.2284136861562729,0.9737073183059692,POLYIC_20190510_mouse42__E2_P1
brain,axis0_+6mm,encoder_level1,0.33906447887420654,0.9410678148269653,POLYIC_20190510_mouse42__E2_P1
brain,axis0_+6mm,encoder_level2,0.39204588532447815,0.9199502468109131,POLYIC_20190510_mouse42__E2_P1
brain,axis0_+6mm,encoder_level3,0.3445408046245575,0.9388572573661804,POLYIC_20190510_mouse42__E2_P1
brain,axis0_+6mm,encoder_level4,0.20363381505012512,0.9791361689567566,POLYIC_20190510_mouse42__E2_P1
brain,axis0_+6mm,canvas_level4,0.20363381505012512,0.9791361689567566,POLYIC_20190510_mouse42__E2_P1
brain,axis0_+6mm,canvas_level3,0.35534775257110596,0.9351071119308472,POLYIC_20190510_mouse42__E2_P1
brain,axis0_+6mm,canvas_level2,0.39865079522132874,0.9175133109092712,POLYIC_20190510_mouse42__E2_P1
brain,axis0_+6mm,canvas_level1,0.3763406276702881,0.9280522465705872,POLYIC_20190510_mouse42__E2_P1
brain,axis0_+6mm,canvas_level0,0.39465051889419556,0.920318603515625,POLYIC_20190510_mouse42__E2_P1
brain,axis0_+6mm,output_logits,0.3850942850112915,0.9229371547698975,POLYIC_20190510_mouse42__E2_P1
brain,axis0_+6mm,query_mask_embedding,0.00418555224314332,0.9999911189079285,POLYIC_20190510_mouse42__E2_P1
brain,axis1_+1mm,input,2.280638227603049e-06,1.0,POLYIC_20190510_mouse42__E2_P1
brain,axis1_+1mm,encoder_level0,1.7862334061646834e-05,1.0,POLYIC_20190510_mouse42__E2_P1
brain,axis1_+1mm,encoder_level1,0.200627401471138,0.9796677827835083,POLYIC_20190510_mouse42__E2_P1
brain,axis1_+1mm,encoder_level2,0.19904331862926483,0.9799907803535461,POLYIC_20190510_mouse42__E2_P1
brain,axis1_+1mm,encoder_level3,0.2039196491241455,0.9790047407150269,POLYIC_20190510_mouse42__E2_P1
brain,axis1_+1mm,encoder_level4,0.21165573596954346,0.9776589274406433,POLYIC_20190510_mouse42__E2_P1
brain,axis1_+1mm,canvas_level4,0.21165573596954346,0.9776589274406433,POLYIC_20190510_mouse42__E2_P1
brain,axis1_+1mm,canvas_level3,0.2896481454372406,0.9572436213493347,POLYIC_20190510_mouse42__E2_P1
brain,axis1_+1mm,canvas_level2,0.25424984097480774,0.9672820568084717,POLYIC_20190510_mouse42__E2_P1
brain,axis1_+1mm,canvas_level1,0.2098463475704193,0.9777834415435791,POLYIC_20190510_mouse42__E2_P1
brain,axis1_+1mm,canvas_level0,0.14366202056407928,0.9896669387817383,POLYIC_20190510_mouse42__E2_P1
brain,axis1_+1mm,output_logits,0.06400338560342789,0.9980483055114746,POLYIC_20190510_mouse42__E2_P1
brain,axis1_+1mm,query_mask_embedding,0.022744663059711456,0.9997934103012085,POLYIC_20190510_mouse42__E2_P1
brain,axis1_+2mm,input,2.280638227603049e-06,1.0,POLYIC_20190510_mouse42__E2_P1
brain,axis1_+2mm,encoder_level0,0.03670043498277664,0.9993262887001038,POLYIC_20190510_mouse42__E2_P1
brain,axis1_+2mm,encoder_level1,0.12770512700080872,0.9918332099914551,POLYIC_20190510_mouse42__E2_P1
brain,axis1_+2mm,encoder_level2,0.21558687090873718,0.9764993190765381,POLYIC_20190510_mouse42__E2_P1
brain,axis1_+2mm,encoder_level3,0.16637729108333588,0.9860632419586182,POLYIC_20190510_mouse42__E2_P1
brain,axis1_+2mm,encoder_level4,0.20808447897434235,0.9785902500152588,POLYIC_20190510_mouse42__E2_P1
brain,axis1_+2mm,canvas_level4,0.20808447897434235,0.9785902500152588,POLYIC_20190510_mouse42__E2_P1
brain,axis1_+2mm,canvas_level3,0.27425330877304077,0.9617930054664612,POLYIC_20190510_mouse42__E2_P1
brain,axis1_+2mm,canvas_level2,0.29413220286369324,0.9559042453765869,POLYIC_20190510_mouse42__E2_P1
brain,axis1_+2mm,canvas_level1,0.21391479671001434,0.976969838142395,POLYIC_20190510_mouse42__E2_P1
brain,axis1_+2mm,canvas_level0,0.1999349743127823,0.9799103736877441,POLYIC_20190510_mouse42__E2_P1
brain,axis1_+2mm,output_logits,0.1325952261686325,0.9912220239639282,POLYIC_20190510_mouse42__E2_P1
brain,axis1_+2mm,query_mask_embedding,0.0021817609667778015,0.9999977946281433,POLYIC_20190510_mouse42__E2_P1
brain,axis1_+4mm,input,2.280638227603049e-06,1.0,POLYIC_20190510_mouse42__E2_P1
brain,axis1_+4mm,encoder_level0,0.08989733457565308,0.9959510564804077,POLYIC_20190510_mouse42__E2_P1
brain,axis1_+4mm,encoder_level1,0.25207164883613586,0.967731237411499,POLYIC_20190510_mouse42__E2_P1
brain,axis1_+4mm,encoder_level2,0.30119386315345764,0.9537339210510254,POLYIC_20190510_mouse42__E2_P1
brain,axis1_+4mm,encoder_level3,0.24017669260501862,0.9709863662719727,POLYIC_20190510_mouse42__E2_P1
brain,axis1_+4mm,encoder_level4,0.18849630653858185,0.982123076915741,POLYIC_20190510_mouse42__E2_P1
brain,axis1_+4mm,canvas_level4,0.18849630653858185,0.982123076915741,POLYIC_20190510_mouse42__E2_P1
brain,axis1_+4mm,canvas_level3,0.33779093623161316,0.9414016604423523,POLYIC_20190510_mouse42__E2_P1
brain,axis1_+4mm,canvas_level2,0.33267655968666077,0.9437648057937622,POLYIC_20190510_mouse42__E2_P1
brain,axis1_+4mm,canvas_level1,0.2820558249950409,0.9595693349838257,POLYIC_20190510_mouse42__E2_P1
brain,axis1_+4mm,canvas_level0,0.32161492109298706,0.9472445845603943,POLYIC_20190510_mouse42__E2_P1
brain,axis1_+4mm,output_logits,0.29027798771858215,0.9570756554603577,POLYIC_20190510_mouse42__E2_P1
brain,axis1_+4mm,query_mask_embedding,0.00787677988409996,0.9999768733978271,POLYIC_20190510_mouse42__E2_P1
brain,axis1_+6mm,input,0.12290230393409729,0.9924188256263733,POLYIC_20190510_mouse42__E2_P1
brain,axis1_+6mm,encoder_level0,0.25834381580352783,0.9663383960723877,POLYIC_20190510_mouse42__E2_P1
brain,axis1_+6mm,encoder_level1,0.36718907952308655,0.9303439855575562,POLYIC_20190510_mouse42__E2_P1
brain,axis1_+6mm,encoder_level2,0.4192294478416443,0.9078815579414368,POLYIC_20190510_mouse42__E2_P1
brain,axis1_+6mm,encoder_level3,0.3901696801185608,0.9208686947822571,POLYIC_20190510_mouse42__E2_P1
brain,axis1_+6mm,encoder_level4,0.23218931257724762,0.9728373885154724,POLYIC_20190510_mouse42__E2_P1
brain,axis1_+6mm,canvas_level4,0.23218931257724762,0.9728373885154724,POLYIC_20190510_mouse42__E2_P1
brain,axis1_+6mm,canvas_level3,0.422718346118927,0.9075963497161865,POLYIC_20190510_mouse42__E2_P1
brain,axis1_+6mm,canvas_level2,0.422672301530838,0.9069192409515381,POLYIC_20190510_mouse42__E2_P1
brain,axis1_+6mm,canvas_level1,0.36658406257629395,0.930993378162384,POLYIC_20190510_mouse42__E2_P1
brain,axis1_+6mm,canvas_level0,0.41618648171424866,0.9106130599975586,POLYIC_20190510_mouse42__E2_P1
brain,axis1_+6mm,output_logits,0.4016996920108795,0.9157845973968506,POLYIC_20190510_mouse42__E2_P1
brain,axis1_+6mm,query_mask_embedding,0.00893037673085928,0.9999733567237854,POLYIC_20190510_mouse42__E2_P1
brain,axis2_+1mm,input,0.1601945161819458,0.9873783588409424,POLYIC_20190510_mouse42__E2_P1
brain,axis2_+1mm,encoder_level0,0.4121420681476593,0.911383867263794,POLYIC_20190510_mouse42__E2_P1
brain,axis2_+1mm,encoder_level1,0.2108169049024582,0.9775798320770264,POLYIC_20190510_mouse42__E2_P1
brain,axis2_+1mm,encoder_level2,0.22757887840270996,0.9738465547561646,POLYIC_20190510_mouse42__E2_P1
brain,axis2_+1mm,encoder_level3,0.18189330399036407,0.9833753108978271,POLYIC_20190510_mouse42__E2_P1
brain,axis2_+1mm,encoder_level4,0.3191367983818054,0.9478896260261536,POLYIC_20190510_mouse42__E2_P1
brain,axis2_+1mm,canvas_level4,0.3191367983818054,0.9478896260261536,POLYIC_20190510_mouse42__E2_P1
brain,axis2_+1mm,canvas_level3,0.3125193417072296,0.9504960179328918,POLYIC_20190510_mouse42__E2_P1
brain,axis2_+1mm,canvas_level2,0.2877042591571808,0.9582202434539795,POLYIC_20190510_mouse42__E2_P1
brain,axis2_+1mm,canvas_level1,0.23156319558620453,0.9728593826293945,POLYIC_20190510_mouse42__E2_P1
brain,axis2_+1mm,canvas_level0,0.20208457112312317,0.9794504642486572,POLYIC_20190510_mouse42__E2_P1
brain,axis2_+1mm,output_logits,0.07996074110269547,0.996813178062439,POLYIC_20190510_mouse42__E2_P1
brain,axis2_+1mm,query_mask_embedding,0.008910324424505234,0.9999687671661377,POLYIC_20190510_mouse42__E2_P1
brain,axis2_+2mm,input,2.6321993118472164e-06,1.0,POLYIC_20190510_mouse42__E2_P1
brain,axis2_+2mm,encoder_level0,0.03670043498277664,0.999326229095459,POLYIC_20190510_mouse42__E2_P1
brain,axis2_+2mm,encoder_level1,0.2960848808288574,0.955173671245575,POLYIC_20190510_mouse42__E2_P1
brain,axis2_+2mm,encoder_level2,0.2591845989227295,0.9658321738243103,POLYIC_20190510_mouse42__E2_P1
brain,axis2_+2mm,encoder_level3,0.18035130202770233,0.9836126565933228,POLYIC_20190510_mouse42__E2_P1
brain,axis2_+2mm,encoder_level4,0.19771680235862732,0.9802615642547607,POLYIC_20190510_mouse42__E2_P1
brain,axis2_+2mm,canvas_level4,0.19771680235862732,0.9802615642547607,POLYIC_20190510_mouse42__E2_P1
brain,axis2_+2mm,canvas_level3,0.34187042713165283,0.9405152201652527,POLYIC_20190510_mouse42__E2_P1
brain,axis2_+2mm,canvas_level2,0.3438553214073181,0.9394135475158691,POLYIC_20190510_mouse42__E2_P1
brain,axis2_+2mm,canvas_level1,0.3102453351020813,0.9507561922073364,POLYIC_20190510_mouse42__E2_P1
brain,axis2_+2mm,canvas_level0,0.24483704566955566,0.9698110818862915,POLYIC_20190510_mouse42__E2_P1
brain,axis2_+2mm,output_logits,0.16460786759853363,0.9864323139190674,POLYIC_20190510_mouse42__E2_P1
brain,axis2_+2mm,query_mask_embedding,0.0051904600113630295,0.9999897480010986,POLYIC_20190510_mouse42__E2_P1
brain,axis2_+4mm,input,2.826887111950782e-06,1.0,POLYIC_20190510_mouse42__E2_P1
brain,axis2_+4mm,encoder_level0,0.08989733457565308,0.9959509372711182,POLYIC_20190510_mouse42__E2_P1
brain,axis2_+4mm,encoder_level1,0.2430187612771988,0.9700237512588501,POLYIC_20190510_mouse42__E2_P1
brain,axis2_+4mm,encoder_level2,0.3791005313396454,0.9253557920455933,POLYIC_20190510_mouse42__E2_P1
brain,axis2_+4mm,encoder_level3,0.34828200936317444,0.9374254941940308,POLYIC_20190510_mouse42__E2_P1
brain,axis2_+4mm,encoder_level4,0.25110673904418945,0.9679986238479614,POLYIC_20190510_mouse42__E2_P1
brain,axis2_+4mm,canvas_level4,0.25110673904418945,0.9679986238479614,POLYIC_20190510_mouse42__E2_P1
brain,axis2_+4mm,canvas_level3,0.4020683467388153,0.9159186482429504,POLYIC_20190510_mouse42__E2_P1
brain,axis2_+4mm,canvas_level2,0.4153975248336792,0.910178542137146,POLYIC_20190510_mouse42__E2_P1
brain,axis2_+4mm,canvas_level1,0.325724333524704,0.9458138942718506,POLYIC_20190510_mouse42__E2_P1
brain,axis2_+4mm,canvas_level0,0.33599653840065,0.9424114227294922,POLYIC_20190510_mouse42__E2_P1
brain,axis2_+4mm,output_logits,0.30386069416999817,0.9528168439865112,POLYIC_20190510_mouse42__E2_P1
brain,axis2_+4mm,query_mask_embedding,0.004189071711152792,0.9999915361404419,POLYIC_20190510_mouse42__E2_P1
brain,axis2_+6mm,input,2.595808609839878e-06,1.0,POLYIC_20190510_mouse42__E2_P1
brain,axis2_+6mm,encoder_level0,0.12172155827283859,0.9925641417503357,POLYIC_20190510_mouse42__E2_P1
brain,axis2_+6mm,encoder_level1,0.4267623722553253,0.904377281665802,POLYIC_20190510_mouse42__E2_P1
brain,axis2_+6mm,encoder_level2,0.4325590133666992,0.9016181826591492,POLYIC_20190510_mouse42__E2_P1
brain,axis2_+6mm,encoder_level3,0.47912904620170593,0.877792477607727,POLYIC_20190510_mouse42__E2_P1
brain,axis2_+6mm,encoder_level4,0.34662169218063354,0.9380159378051758,POLYIC_20190510_mouse42__E2_P1
brain,axis2_+6mm,canvas_level4,0.34662169218063354,0.9380159378051758,POLYIC_20190510_mouse42__E2_P1
brain,axis2_+6mm,canvas_level3,0.4614544212818146,0.8873540163040161,POLYIC_20190510_mouse42__E2_P1
brain,axis2_+6mm,canvas_level2,0.43211716413497925,0.9024146795272827,POLYIC_20190510_mouse42__E2_P1
brain,axis2_+6mm,canvas_level1,0.41603824496269226,0.9096196889877319,POLYIC_20190510_mouse42__E2_P1
brain,axis2_+6mm,canvas_level0,0.4000423550605774,0.9171985387802124,POLYIC_20190510_mouse42__E2_P1
brain,axis2_+6mm,output_logits,0.4234243333339691,0.906118631362915,POLYIC_20190510_mouse42__E2_P1
brain,axis2_+6mm,query_mask_embedding,0.014380521140992641,0.99992436170578,POLYIC_20190510_mouse42__E2_P1
brain,resampling_floor,input,1.8585141106086667e-06,1.0,POLYIC_20190510_mouse43__E2_P1_1
brain,resampling_floor,encoder_level0,1.8731940144789405e-05,1.0,POLYIC_20190510_mouse43__E2_P1_1
brain,resampling_floor,encoder_level1,2.071209564746823e-05,0.9999998807907104,POLYIC_20190510_mouse43__E2_P1_1
brain,resampling_floor,encoder_level2,2.2420432287617587e-05,1.0,POLYIC_20190510_mouse43__E2_P1_1
brain,resampling_floor,encoder_level3,5.029781391385768e-07,1.0,POLYIC_20190510_mouse43__E2_P1_1
brain,resampling_floor,encoder_level4,4.017095307062846e-06,1.0000001192092896,POLYIC_20190510_mouse43__E2_P1_1
brain,resampling_floor,canvas_level4,4.017095307062846e-06,1.0000001192092896,POLYIC_20190510_mouse43__E2_P1_1
brain,resampling_floor,canvas_level3,8.535880624549463e-05,1.0,POLYIC_20190510_mouse43__E2_P1_1
brain,resampling_floor,canvas_level2,0.00017672708781901747,0.9999998807907104,POLYIC_20190510_mouse43__E2_P1_1
brain,resampling_floor,canvas_level1,0.00019374903058633208,0.9999999403953552,POLYIC_20190510_mouse43__E2_P1_1
brain,resampling_floor,canvas_level0,0.00023958687961567193,0.9999999403953552,POLYIC_20190510_mouse43__E2_P1_1
brain,resampling_floor,output_logits,8.16198589745909e-05,0.9999998807907104,POLYIC_20190510_mouse43__E2_P1_1
brain,resampling_floor,query_mask_embedding,1.3745703881795635e-06,0.9999999403953552,POLYIC_20190510_mouse43__E2_P1_1
brain,axis0_+1mm,input,1.7448101061745547e-06,0.9999998807907104,POLYIC_20190510_mouse43__E2_P1_1
brain,axis0_+1mm,encoder_level0,1.9974791939603165e-05,1.0,POLYIC_20190510_mouse43__E2_P1_1
brain,axis0_+1mm,encoder_level1,0.19744433462619781,0.9803191423416138,POLYIC_20190510_mouse43__E2_P1_1
brain,axis0_+1mm,encoder_level2,0.2283608317375183,0.9736116528511047,POLYIC_20190510_mouse43__E2_P1_1
brain,axis0_+1mm,encoder_level3,0.15462404489517212,0.987981915473938,POLYIC_20190510_mouse43__E2_P1_1
brain,axis0_+1mm,encoder_level4,0.15304730832576752,0.988341212272644,POLYIC_20190510_mouse43__E2_P1_1
brain,axis0_+1mm,canvas_level4,0.15304730832576752,0.988341212272644,POLYIC_20190510_mouse43__E2_P1_1
brain,axis0_+1mm,canvas_level3,0.247737854719162,0.9689056873321533,POLYIC_20190510_mouse43__E2_P1_1
brain,axis0_+1mm,canvas_level2,0.2671142518520355,0.9638476371765137,POLYIC_20190510_mouse43__E2_P1_1
brain,axis0_+1mm,canvas_level1,0.21942587196826935,0.9757153391838074,POLYIC_20190510_mouse43__E2_P1_1
brain,axis0_+1mm,canvas_level0,0.1661892980337143,0.9862163066864014,POLYIC_20190510_mouse43__E2_P1_1
brain,axis0_+1mm,output_logits,0.07488704472780228,0.9971920251846313,POLYIC_20190510_mouse43__E2_P1_1
brain,axis0_+1mm,query_mask_embedding,0.002396223833784461,0.9999977350234985,POLYIC_20190510_mouse43__E2_P1_1
brain,axis0_+2mm,input,1.7567280110597494e-06,0.9999998807907104,POLYIC_20190510_mouse43__E2_P1_1
brain,axis0_+2mm,encoder_level0,1.945650546986144e-05,0.9999999403953552,POLYIC_20190510_mouse43__E2_P1_1
brain,axis0_+2mm,encoder_level1,0.09588572382926941,0.9954347610473633,POLYIC_20190510_mouse43__E2_P1_1
brain,axis0_+2mm,encoder_level2,0.24645814299583435,0.9691557884216309,POLYIC_20190510_mouse43__E2_P1_1
brain,axis0_+2mm,encoder_level3,0.1488119512796402,0.9888719320297241,POLYIC_20190510_mouse43__E2_P1_1
brain,axis0_+2mm,encoder_level4,0.18392068147659302,0.9830936789512634,POLYIC_20190510_mouse43__E2_P1_1
brain,axis0_+2mm,canvas_level4,0.18392068147659302,0.9830936789512634,POLYIC_20190510_mouse43__E2_P1_1
brain,axis0_+2mm,canvas_level3,0.2606801688671112,0.9656148552894592,POLYIC_20190510_mouse43__E2_P1_1
brain,axis0_+2mm,canvas_level2,0.3016655147075653,0.9535351991653442,POLYIC_20190510_mouse43__E2_P1_1
brain,axis0_+2mm,canvas_level1,0.2280474454164505,0.974158525466919,POLYIC_20190510_mouse43__E2_P1_1
brain,axis0_+2mm,canvas_level0,0.22033372521400452,0.9759427309036255,POLYIC_20190510_mouse43__E2_P1_1
brain,axis0_+2mm,output_logits,0.0892288088798523,0.996012806892395,POLYIC_20190510_mouse43__E2_P1_1
brain,axis0_+2mm,query_mask_embedding,0.0029465726111084223,0.9999963045120239,POLYIC_20190510_mouse43__E2_P1_1
brain,axis0_+4mm,input,1.7880936411529547e-06,1.0,POLYIC_20190510_mouse43__E2_P1_1
brain,axis0_+4mm,encoder_level0,0.06793496757745743,0.9976897239685059,POLYIC_20190510_mouse43__E2_P1_1
brain,axis0_+4mm,encoder_level1,0.2188282459974289,0.9758027791976929,POLYIC_20190510_mouse43__E2_P1_1
brain,axis0_+4mm,encoder_level2,0.2989257872104645,0.9546853303909302,POLYIC_20190510_mouse43__E2_P1_1
brain,axis0_+4mm,encoder_level3,0.19997434318065643,0.9798727035522461,POLYIC_20190510_mouse43__E2_P1_1
brain,axis0_+4mm,encoder_level4,0.1993550956249237,0.9799402952194214,POLYIC_20190510_mouse43__E2_P1_1
brain,axis0_+4mm,canvas_level4,0.1993550956249237,0.9799402952194214,POLYIC_20190510_mouse43__E2_P1_1
brain,axis0_+4mm,canvas_level3,0.3139705955982208,0.9497010707855225,POLYIC_20190510_mouse43__E2_P1_1
brain,axis0_+4mm,canvas_level2,0.34253087639808655,0.9403777122497559,POLYIC_20190510_mouse43__E2_P1_1
brain,axis0_+4mm,canvas_level1,0.29782941937446594,0.9555597305297852,POLYIC_20190510_mouse43__E2_P1_1
brain,axis0_+4mm,canvas_level0,0.3155769407749176,0.9499025940895081,POLYIC_20190510_mouse43__E2_P1_1
brain,axis0_+4mm,output_logits,0.26289260387420654,0.9648522734642029,POLYIC_20190510_mouse43__E2_P1_1
brain,axis0_+4mm,query_mask_embedding,0.008318983018398285,0.9999682307243347,POLYIC_20190510_mouse43__E2_P1_1
brain,axis0_+6mm,input,0.10106886178255081,0.9948795437812805,POLYIC_20190510_mouse43__E2_P1_1
brain,axis0_+6mm,encoder_level0,0.1879124939441681,0.9822337627410889,POLYIC_20190510_mouse43__E2_P1_1
brain,axis0_+6mm,encoder_level1,0.3425461947917938,0.9398335218429565,POLYIC_20190510_mouse43__E2_P1_1
brain,axis0_+6mm,encoder_level2,0.39361095428466797,0.9192960262298584,POLYIC_20190510_mouse43__E2_P1_1
brain,axis0_+6mm,encoder_level3,0.3341921865940094,0.942581057548523,POLYIC_20190510_mouse43__E2_P1_1
brain,axis0_+6mm,encoder_level4,0.22662165760993958,0.9741306900978088,POLYIC_20190510_mouse43__E2_P1_1
brain,axis0_+6mm,canvas_level4,0.22662165760993958,0.9741306900978088,POLYIC_20190510_mouse43__E2_P1_1
brain,axis0_+6mm,canvas_level3,0.3737797141075134,0.9282130002975464,POLYIC_20190510_mouse43__E2_P1_1
brain,axis0_+6mm,canvas_level2,0.432130366563797,0.9026451110839844,POLYIC_20190510_mouse43__E2_P1_1
brain,axis0_+6mm,canvas_level1,0.40444013476371765,0.9170166850090027,POLYIC_20190510_mouse43__E2_P1_1
brain,axis0_+6mm,canvas_level0,0.4150676429271698,0.9119490385055542,POLYIC_20190510_mouse43__E2_P1_1
brain,axis0_+6mm,output_logits,0.37456026673316956,0.9272414445877075,POLYIC_20190510_mouse43__E2_P1_1
brain,axis0_+6mm,query_mask_embedding,0.008090224117040634,0.9999680519104004,POLYIC_20190510_mouse43__E2_P1_1
brain,axis1_+1mm,input,1.8585141106086667e-06,1.0,POLYIC_20190510_mouse43__E2_P1_1
brain,axis1_+1mm,encoder_level0,1.8517668650019914e-05,1.0,POLYIC_20190510_mouse43__E2_P1_1
brain,axis1_+1mm,encoder_level1,0.21745719015598297,0.9760700464248657,POLYIC_20190510_mouse43__E2_P1_1
brain,axis1_+1mm,encoder_level2,0.2219650149345398,0.9750617742538452,POLYIC_20190510_mouse43__E2_P1_1
brain,axis1_+1mm,encoder_level3,0.1956254541873932,0.980713963508606,POLYIC_20190510_mouse43__E2_P1_1
brain,axis1_+1mm,encoder_level4,0.17768938839435577,0.9841591119766235,POLYIC_20190510_mouse43__E2_P1_1
brain,axis1_+1mm,canvas_level4,0.17768938839435577,0.9841591119766235,POLYIC_20190510_mouse43__E2_P1_1
brain,axis1_+1mm,canvas_level3,0.31277087330818176,0.9499008655548096,POLYIC_20190510_mouse43__E2_P1_1
brain,axis1_+1mm,canvas_level2,0.29636523127555847,0.9554122686386108,POLYIC_20190510_mouse43__E2_P1_1
brain,axis1_+1mm,canvas_level1,0.24909108877182007,0.9686055183410645,POLYIC_20190510_mouse43__E2_P1_1
brain,axis1_+1mm,canvas_level0,0.18178790807724,0.983500063419342,POLYIC_20190510_mouse43__E2_P1_1
brain,axis1_+1mm,output_logits,0.08453162759542465,0.9964327216148376,POLYIC_20190510_mouse43__E2_P1_1
brain,axis1_+1mm,query_mask_embedding,0.012840081006288528,0.9999438524246216,POLYIC_20190510_mouse43__E2_P1_1
brain,axis1_+2mm,input,1.8585141106086667e-06,1.0,POLYIC_20190510_mouse43__E2_P1_1
brain,axis1_+2mm,encoder_level0,0.033967483788728714,0.9994229674339294,POLYIC_20190510_mouse43__E2_P1_1
brain,axis1_+2mm,encoder_level1,0.13650506734848022,0.9906684160232544,POLYIC_20190510_mouse43__E2_P1_1
brain,axis1_+2mm,encoder_level2,0.2405434399843216,0.9706391096115112,POLYIC_20190510_mouse43__E2_P1_1
brain,axis1_+2mm,encoder_level3,0.15101243555545807,0.9885348081588745,POLYIC_20190510_mouse43__E2_P1_1
brain,axis1_+2mm,encoder_level4,0.1782005876302719,0.9843661189079285,POLYIC_20190510_mouse43__E2_P1_1
brain,axis1_+2mm,canvas_level4,0.1782005876302719,0.9843661189079285,POLYIC_20190510_mouse43__E2_P1_1
brain,axis1_+2mm,canvas_level3,0.29301172494888306,0.9563761949539185,POLYIC_20190510_mouse43__E2_P1_1
brain,axis1_+2mm,canvas_level2,0.33743152022361755,0.9418610334396362,POLYIC_20190510_mouse43__E2_P1_1
brain,axis1_+2mm,canvas_level1,0.2525901794433594,0.9679266214370728,POLYIC_20190510_mouse43__E2_P1_1
brain,axis1_+2mm,canvas_level0,0.22542360424995422,0.9745234251022339,POLYIC_20190510_mouse43__E2_P1_1
brain,axis1_+2mm,output_logits,0.14268790185451508,0.9897903203964233,POLYIC_20190510_mouse43__E2_P1_1
brain,axis1_+2mm,query_mask_embedding,0.0037156306207180023,0.9999930262565613,POLYIC_20190510_mouse43__E2_P1_1
brain,axis1_+4mm,input,1.8585141106086667e-06,1.0,POLYIC_20190510_mouse43__E2_P1_1
brain,axis1_+4mm,encoder_level0,0.08320299535989761,0.9965325593948364,POLYIC_20190510_mouse43__E2_P1_1
brain,axis1_+4mm,encoder_level1,0.2601262032985687,0.9656060338020325,POLYIC_20190510_mouse43__E2_P1_1
brain,axis1_+4mm,encoder_level2,0.3062637448310852,0.952183723449707,POLYIC_20190510_mouse43__E2_P1_1
brain,axis1_+4mm,encoder_level3,0.22976864874362946,0.9734340310096741,POLYIC_20190510_mouse43__E2_P1_1
brain,axis1_+4mm,encoder_level4,0.18402034044265747,0.9830017685890198,POLYIC_20190510_mouse43__E2_P1_1
brain,axis1_+4mm,canvas_level4,0.18402034044265747,0.9830017685890198,POLYIC_20190510_mouse43__E2_P1_1
brain,axis1_+4mm,canvas_level3,0.36887484788894653,0.929914116859436,POLYIC_20190510_mouse43__E2_P1_1
brain,axis1_+4mm,canvas_level2,0.3779468834400177,0.9274042248725891,POLYIC_20190510_mouse43__E2_P1_1
brain,axis1_+4mm,canvas_level1,0.31670188903808594,0.948944091796875,POLYIC_20190510_mouse43__E2_P1_1
brain,axis1_+4mm,canvas_level0,0.35033494234085083,0.937246561050415,POLYIC_20190510_mouse43__E2_P1_1
brain,axis1_+4mm,output_logits,0.2901121973991394,0.9571243524551392,POLYIC_20190510_mouse43__E2_P1_1
brain,axis1_+4mm,query_mask_embedding,0.006095886696130037,0.9999828338623047,POLYIC_20190510_mouse43__E2_P1_1
brain,axis1_+6mm,input,0.04996255040168762,0.9987510442733765,POLYIC_20190510_mouse43__E2_P1_1
brain,axis1_+6mm,encoder_level0,0.1662347912788391,0.9861055612564087,POLYIC_20190510_mouse43__E2_P1_1
brain,axis1_+6mm,encoder_level1,0.36527618765830994,0.9310561418533325,POLYIC_20190510_mouse43__E2_P1_1
brain,axis1_+6mm,encoder_level2,0.42542707920074463,0.9049952030181885,POLYIC_20190510_mouse43__E2_P1_1
brain,axis1_+6mm,encoder_level3,0.38707074522972107,0.9221553802490234,POLYIC_20190510_mouse43__E2_P1_1
brain,axis1_+6mm,encoder_level4,0.23619504272937775,0.9719104170799255,POLYIC_20190510_mouse43__E2_P1_1
brain,axis1_+6mm,canvas_level4,0.23619504272937775,0.9719104170799255,POLYIC_20190510_mouse43__E2_P1_1
brain,axis1_+6mm,canvas_level3,0.41813674569129944,0.9093470573425293,POLYIC_20190510_mouse43__E2_P1_1
brain,axis1_+6mm,canvas_level2,0.45626339316368103,0.890992283821106,POLYIC_20190510_mouse43__E2_P1_1
brain,axis1_+6mm,canvas_level1,0.3862047791481018,0.9232587814331055,POLYIC_20190510_mouse43__E2_P1_1
brain,axis1_+6mm,canvas_level0,0.42506143450737,0.9065463542938232,POLYIC_20190510_mouse43__E2_P1_1
brain,axis1_+6mm,output_logits,0.40333321690559387,0.9151695966720581,POLYIC_20190510_mouse43__E2_P1_1
brain,axis1_+6mm,query_mask_embedding,0.02073786035180092,0.9998544454574585,POLYIC_20190510_mouse43__E2_P1_1
brain,axis2_+1mm,input,0.14347431063652039,0.9898033142089844,POLYIC_20190510_mouse43__E2_P1_1
brain,axis2_+1mm,encoder_level0,0.4458511471748352,0.8951749801635742,POLYIC_20190510_mouse43__E2_P1_1
brain,axis2_+1mm,encoder_level1,0.1847751885652542,0.9828191995620728,POLYIC_20190510_mouse43__E2_P1_1
brain,axis2_+1mm,encoder_level2,0.20656144618988037,0.9785192012786865,POLYIC_20190510_mouse43__E2_P1_1
brain,axis2_+1mm,encoder_level3,0.1400349736213684,0.9901694059371948,POLYIC_20190510_mouse43__E2_P1_1
brain,axis2_+1mm,encoder_level4,0.26339173316955566,0.964768648147583,POLYIC_20190510_mouse43__E2_P1_1
brain,axis2_+1mm,canvas_level4,0.26339173316955566,0.964768648147583,POLYIC_20190510_mouse43__E2_P1_1
brain,axis2_+1mm,canvas_level3,0.3066401481628418,0.9526791572570801,POLYIC_20190510_mouse43__E2_P1_1
brain,axis2_+1mm,canvas_level2,0.2972449064254761,0.9555269479751587,POLYIC_20190510_mouse43__E2_P1_1
brain,axis2_+1mm,canvas_level1,0.23434913158416748,0.9722344875335693,POLYIC_20190510_mouse43__E2_P1_1
brain,axis2_+1mm,canvas_level0,0.21972644329071045,0.9757840633392334,POLYIC_20190510_mouse43__E2_P1_1
brain,axis2_+1mm,output_logits,0.09732920676469803,0.9955089092254639,POLYIC_20190510_mouse43__E2_P1_1
brain,axis2_+1mm,query_mask_embedding,0.04170844703912735,0.9993333220481873,POLYIC_20190510_mouse43__E2_P1_1
brain,axis2_+2mm,input,2.5549870770191774e-06,1.0,POLYIC_20190510_mouse43__E2_P1_1
brain,axis2_+2mm,encoder_level0,0.03396748751401901,0.9994230270385742,POLYIC_20190510_mouse43__E2_P1_1
brain,axis2_+2mm,encoder_level1,0.27104535698890686,0.9625709056854248,POLYIC_20190510_mouse43__E2_P1_1
brain,axis2_+2mm,encoder_level2,0.23832908272743225,0.9711971879005432,POLYIC_20190510_mouse43__E2_P1_1
brain,axis2_+2mm,encoder_level3,0.1451091170310974,0.9894246459007263,POLYIC_20190510_mouse43__E2_P1_1
brain,axis2_+2mm,encoder_level4,0.18335607647895813,0.9831459522247314,POLYIC_20190510_mouse43__E2_P1_1
brain,axis2_+2mm,canvas_level4,0.18335607647895813,0.9831459522247314,POLYIC_20190510_mouse43__E2_P1_1
brain,axis2_+2mm,canvas_level3,0.34969502687454224,0.9380959272384644,POLYIC_20190510_mouse43__E2_P1_1
brain,axis2_+2mm,canvas_level2,0.3516472578048706,0.9367778301239014,POLYIC_20190510_mouse43__E2_P1_1
brain,axis2_+2mm,canvas_level1,0.3143117427825928,0.9494724273681641,POLYIC_20190510_mouse43__E2_P1_1
brain,axis2_+2mm,canvas_level0,0.267868310213089,0.9638710618019104,POLYIC_20190510_mouse43__E2_P1_1
brain,axis2_+2mm,output_logits,0.16358189284801483,0.9868912696838379,POLYIC_20190510_mouse43__E2_P1_1
brain,axis2_+2mm,query_mask_embedding,0.028915606439113617,0.9996612071990967,POLYIC_20190510_mouse43__E2_P1_1
brain,axis2_+4mm,input,2.332534904780914e-06,1.0,POLYIC_20190510_mouse43__E2_P1_1
brain,axis2_+4mm,encoder_level0,0.08320299535989761,0.9965326189994812,POLYIC_20190510_mouse43__E2_P1_1
brain,axis2_+4mm,encoder_level1,0.24943269789218903,0.9683958292007446,POLYIC_20190510_mouse43__E2_P1_1
brain,axis2_+4mm,encoder_level2,0.35851550102233887,0.9335286617279053,POLYIC_20190510_mouse43__E2_P1_1
brain,axis2_+4mm,encoder_level3,0.319401353597641,0.9476627707481384,POLYIC_20190510_mouse43__E2_P1_1
brain,axis2_+4mm,encoder_level4,0.23830677568912506,0.9714413285255432,POLYIC_20190510_mouse43__E2_P1_1
brain,axis2_+4mm,canvas_level4,0.23830677568912506,0.9714413285255432,POLYIC_20190510_mouse43__E2_P1_1
brain,axis2_+4mm,canvas_level3,0.40556105971336365,0.9144766330718994,POLYIC_20190510_mouse43__E2_P1_1
brain,axis2_+4mm,canvas_level2,0.41977375745773315,0.9081170558929443,POLYIC_20190510_mouse43__E2_P1_1
brain,axis2_+4mm,canvas_level1,0.33496466279029846,0.9425605535507202,POLYIC_20190510_mouse43__E2_P1_1
brain,axis2_+4mm,canvas_level0,0.34380248188972473,0.9396084547042847,POLYIC_20190510_mouse43__E2_P1_1
brain,axis2_+4mm,output_logits,0.2970465421676636,0.9554110765457153,POLYIC_20190510_mouse43__E2_P1_1
brain,axis2_+4mm,query_mask_embedding,0.03108721598982811,0.9996065497398376,POLYIC_20190510_mouse43__E2_P1_1
brain,axis2_+6mm,input,2.3266059088200564e-06,1.0,POLYIC_20190510_mouse43__E2_P1_1
brain,axis2_+6mm,encoder_level0,0.11265738308429718,0.9936338663101196,POLYIC_20190510_mouse43__E2_P1_1
brain,axis2_+6mm,encoder_level1,0.4141594171524048,0.9102092981338501,POLYIC_20190510_mouse43__E2_P1_1
brain,axis2_+6mm,encoder_level2,0.4203318953514099,0.9073994159698486,POLYIC_20190510_mouse43__E2_P1_1
brain,axis2_+6mm,encoder_level3,0.44909313321113586,0.8935630321502686,POLYIC_20190510_mouse43__E2_P1_1
brain,axis2_+6mm,encoder_level4,0.33374345302581787,0.9427018165588379,POLYIC_20190510_mouse43__E2_P1_1
brain,axis2_+6mm,canvas_level4,0.33374345302581787,0.9427018165588379,POLYIC_20190510_mouse43__E2_P1_1
brain,axis2_+6mm,canvas_level3,0.4718399941921234,0.8819791674613953,POLYIC_20190510_mouse43__E2_P1_1
brain,axis2_+6mm,canvas_level2,0.453431636095047,0.8920486569404602,POLYIC_20190510_mouse43__E2_P1_1
brain,axis2_+6mm,canvas_level1,0.4288998246192932,0.9036537408828735,POLYIC_20190510_mouse43__E2_P1_1
brain,axis2_+6mm,canvas_level0,0.4231317341327667,0.9070208072662354,POLYIC_20190510_mouse43__E2_P1_1
brain,axis2_+6mm,output_logits,0.42236000299453735,0.9068505167961121,POLYIC_20190510_mouse43__E2_P1_1
brain,axis2_+6mm,query_mask_embedding,0.03658290207386017,0.9994655251502991,POLYIC_20190510_mouse43__E2_P1_1
brain,resampling_floor,input,2.0648860754590714e-06,1.0,POLYIC_20190510_mouse43__E9_P1
brain,resampling_floor,encoder_level0,1.8558217561803758e-05,1.0,POLYIC_20190510_mouse43__E9_P1
brain,resampling_floor,encoder_level1,2.1406392988865264e-05,1.000000238418579,POLYIC_20190510_mouse43__E9_P1
brain,resampling_floor,encoder_level2,2.174789915443398e-05,1.0,POLYIC_20190510_mouse43__E9_P1
brain,resampling_floor,encoder_level3,5.516939722838288e-07,1.0,POLYIC_20190510_mouse43__E9_P1
brain,resampling_floor,encoder_level4,5.059710474597523e-06,1.0,POLYIC_20190510_mouse43__E9_P1
brain,resampling_floor,canvas_level4,5.059710474597523e-06,1.0,POLYIC_20190510_mouse43__E9_P1
brain,resampling_floor,canvas_level3,8.917960803955793e-05,1.0,POLYIC_20190510_mouse43__E9_P1
brain,resampling_floor,canvas_level2,0.00017585890600457788,1.0,POLYIC_20190510_mouse43__E9_P1
brain,resampling_floor,canvas_level1,0.0001917019981192425,1.0,POLYIC_20190510_mouse43__E9_P1
brain,resampling_floor,canvas_level0,0.00023589628108311445,1.0,POLYIC_20190510_mouse43__E9_P1
brain,resampling_floor,output_logits,8.004884875845164e-05,1.0,POLYIC_20190510_mouse43__E9_P1
brain,resampling_floor,query_mask_embedding,4.7111493017837347e-07,1.0,POLYIC_20190510_mouse43__E9_P1
brain,axis0_+1mm,input,1.8812798998624203e-06,1.0,POLYIC_20190510_mouse43__E9_P1
brain,axis0_+1mm,encoder_level0,1.963400427484885e-05,1.0,POLYIC_20190510_mouse43__E9_P1
brain,axis0_+1mm,encoder_level1,0.20277924835681915,0.9792295098304749,POLYIC_20190510_mouse43__E9_P1
brain,axis0_+1mm,encoder_level2,0.2277277112007141,0.9737600088119507,POLYIC_20190510_mouse43__E9_P1
brain,axis0_+1mm,encoder_level3,0.16597405076026917,0.986139178276062,POLYIC_20190510_mouse43__E9_P1
brain,axis0_+1mm,encoder_level4,0.16394773125648499,0.9865325689315796,POLYIC_20190510_mouse43__E9_P1
brain,axis0_+1mm,canvas_level4,0.16394773125648499,0.9865325689315796,POLYIC_20190510_mouse43__E9_P1
brain,axis0_+1mm,canvas_level3,0.2550886273384094,0.9670738577842712,POLYIC_20190510_mouse43__E9_P1
brain,axis0_+1mm,canvas_level2,0.25966453552246094,0.9658659100532532,POLYIC_20190510_mouse43__E9_P1
brain,axis0_+1mm,canvas_level1,0.21869109570980072,0.9758775234222412,POLYIC_20190510_mouse43__E9_P1
brain,axis0_+1mm,canvas_level0,0.16356012225151062,0.9866490364074707,POLYIC_20190510_mouse43__E9_P1
brain,axis0_+1mm,output_logits,0.07233013957738876,0.9973807334899902,POLYIC_20190510_mouse43__E9_P1
brain,axis0_+1mm,query_mask_embedding,0.0023020475637167692,0.9999973773956299,POLYIC_20190510_mouse43__E9_P1
brain,axis0_+2mm,input,1.8902169358625542e-06,1.0,POLYIC_20190510_mouse43__E9_P1
brain,axis0_+2mm,encoder_level0,1.9011222320841625e-05,1.0,POLYIC_20190510_mouse43__E9_P1
brain,axis0_+2mm,encoder_level1,0.09111899882555008,0.9958760738372803,POLYIC_20190510_mouse43__E9_P1
brain,axis0_+2mm,encoder_level2,0.2419809252023697,0.9702816009521484,POLYIC_20190510_mouse43__E9_P1
brain,axis0_+2mm,encoder_level3,0.1566963642835617,0.9876527190208435,POLYIC_20190510_mouse43__E9_P1
brain,axis0_+2mm,encoder_level4,0.19671356678009033,0.9805331230163574,POLYIC_20190510_mouse43__E9_P1
brain,axis0_+2mm,canvas_level4,0.19671356678009033,0.9805331230163574,POLYIC_20190510_mouse43__E9_P1
brain,axis0_+2mm,canvas_level3,0.2698785960674286,0.9631824493408203,POLYIC_20190510_mouse43__E9_P1
brain,axis0_+2mm,canvas_level2,0.2900148034095764,0.9570976495742798,POLYIC_20190510_mouse43__E9_P1
brain,axis0_+2mm,canvas_level1,0.2137957662343979,0.9772255420684814,POLYIC_20190510_mouse43__E9_P1
brain,axis0_+2mm,canvas_level0,0.20519284904003143,0.9790891408920288,POLYIC_20190510_mouse43__E9_P1
brain,axis0_+2mm,output_logits,0.08235243707895279,0.9966033697128296,POLYIC_20190510_mouse43__E9_P1
brain,axis0_+2mm,query_mask_embedding,0.0049807908944785595,0.9999885559082031,POLYIC_20190510_mouse43__E9_P1
brain,axis0_+4mm,input,2.0638642581616296e-06,1.0,POLYIC_20190510_mouse43__E9_P1
brain,axis0_+4mm,encoder_level0,0.07225050777196884,0.9973865747451782,POLYIC_20190510_mouse43__E9_P1
brain,axis0_+4mm,encoder_level1,0.21622397005558014,0.9763776063919067,POLYIC_20190510_mouse43__E9_P1
brain,axis0_+4mm,encoder_level2,0.29454296827316284,0.9560219645500183,POLYIC_20190510_mouse43__E9_P1
brain,axis0_+4mm,encoder_level3,0.20908840000629425,0.9779670238494873,POLYIC_20190510_mouse43__E9_P1
brain,axis0_+4mm,encoder_level4,0.21070954203605652,0.9775501489639282,POLYIC_20190510_mouse43__E9_P1
brain,axis0_+4mm,canvas_level4,0.21070954203605652,0.9775501489639282,POLYIC_20190510_mouse43__E9_P1
brain,axis0_+4mm,canvas_level3,0.3237546980381012,0.9465175867080688,POLYIC_20190510_mouse43__E9_P1
brain,axis0_+4mm,canvas_level2,0.34146764874458313,0.9406922459602356,POLYIC_20190510_mouse43__E9_P1
brain,axis0_+4mm,canvas_level1,0.2982981503009796,0.9553117752075195,POLYIC_20190510_mouse43__E9_P1
brain,axis0_+4mm,canvas_level0,0.3122972548007965,0.9508175849914551,POLYIC_20190510_mouse43__E9_P1
brain,axis0_+4mm,output_logits,0.26747485995292664,0.9635947942733765,POLYIC_20190510_mouse43__E9_P1
brain,axis0_+4mm,query_mask_embedding,0.0037267454899847507,0.9999933242797852,POLYIC_20190510_mouse43__E9_P1
brain,axis0_+6mm,input,0.11815047264099121,0.9929957389831543,POLYIC_20190510_mouse43__E9_P1
brain,axis0_+6mm,encoder_level0,0.20916490256786346,0.9779585599899292,POLYIC_20190510_mouse43__E9_P1
brain,axis0_+6mm,encoder_level1,0.3436130881309509,0.9394524097442627,POLYIC_20190510_mouse43__E9_P1
brain,axis0_+6mm,encoder_level2,0.3939172923564911,0.9191634654998779,POLYIC_20190510_mouse43__E9_P1
brain,axis0_+6mm,encoder_level3,0.33843937516212463,0.941062867641449,POLYIC_20190510_mouse43__E9_P1
brain,axis0_+6mm,encoder_level4,0.22828204929828644,0.9738407731056213,POLYIC_20190510_mouse43__E9_P1
brain,axis0_+6mm,canvas_level4,0.22828204929828644,0.9738407731056213,POLYIC_20190510_mouse43__E9_P1
brain,axis0_+6mm,canvas_level3,0.3870399594306946,0.9229741096496582,POLYIC_20190510_mouse43__E9_P1
brain,axis0_+6mm,canvas_level2,0.43089255690574646,0.9032630920410156,POLYIC_20190510_mouse43__E9_P1
brain,axis0_+6mm,canvas_level1,0.40736493468284607,0.9156911969184875,POLYIC_20190510_mouse43__E9_P1
brain,axis0_+6mm,canvas_level0,0.4100842773914337,0.9140045642852783,POLYIC_20190510_mouse43__E9_P1
brain,axis0_+6mm,output_logits,0.3753834664821625,0.9269647598266602,POLYIC_20190510_mouse43__E9_P1
brain,axis0_+6mm,query_mask_embedding,0.008436789736151695,0.9999674558639526,POLYIC_20190510_mouse43__E9_P1
brain,axis1_+1mm,input,2.0648860754590714e-06,1.0,POLYIC_20190510_mouse43__E9_P1
brain,axis1_+1mm,encoder_level0,1.8534563423600048e-05,1.0,POLYIC_20190510_mouse43__E9_P1
brain,axis1_+1mm,encoder_level1,0.20690178871154785,0.9783617258071899,POLYIC_20190510_mouse43__E9_P1
brain,axis1_+1mm,encoder_level2,0.20418693125247955,0.9789354801177979,POLYIC_20190510_mouse43__E9_P1
brain,axis1_+1mm,encoder_level3,0.19393061101436615,0.9810432195663452,POLYIC_20190510_mouse43__E9_P1
brain,axis1_+1mm,encoder_level4,0.18456079065799713,0.9829002022743225,POLYIC_20190510_mouse43__E9_P1
brain,axis1_+1mm,canvas_level4,0.18456079065799713,0.9829002022743225,POLYIC_20190510_mouse43__E9_P1
brain,axis1_+1mm,canvas_level3,0.30334100127220154,0.9529274702072144,POLYIC_20190510_mouse43__E9_P1
brain,axis1_+1mm,canvas_level2,0.2774490416049957,0.9610055685043335,POLYIC_20190510_mouse43__E9_P1
brain,axis1_+1mm,canvas_level1,0.23169350624084473,0.9728697538375854,POLYIC_20190510_mouse43__E9_P1
brain,axis1_+1mm,canvas_level0,0.1654183715581894,0.9863184094429016,POLYIC_20190510_mouse43__E9_P1
brain,axis1_+1mm,output_logits,0.08137398958206177,0.9969270825386047,POLYIC_20190510_mouse43__E9_P1
brain,axis1_+1mm,query_mask_embedding,0.02945740520954132,0.999671459197998,POLYIC_20190510_mouse43__E9_P1
brain,axis1_+2mm,input,2.0648860754590714e-06,1.0,POLYIC_20190510_mouse43__E9_P1
brain,axis1_+2mm,encoder_level0,0.03612525761127472,0.9993472099304199,POLYIC_20190510_mouse43__E9_P1
brain,axis1_+2mm,encoder_level1,0.13413356244564056,0.9909900426864624,POLYIC_20190510_mouse43__E9_P1
brain,axis1_+2mm,encoder_level2,0.22239287197589874,0.9749587178230286,POLYIC_20190510_mouse43__E9_P1
brain,axis1_+2mm,encoder_level3,0.15515054762363434,0.9878935813903809,POLYIC_20190510_mouse43__E9_P1
brain,axis1_+2mm,encoder_level4,0.17760662734508514,0.9845284223556519,POLYIC_20190510_mouse43__E9_P1
brain,axis1_+2mm,canvas_level4,0.17760662734508514,0.9845284223556519,POLYIC_20190510_mouse43__E9_P1
brain,axis1_+2mm,canvas_level3,0.2973674237728119,0.9551020860671997,POLYIC_20190510_mouse43__E9_P1
brain,axis1_+2mm,canvas_level2,0.31957727670669556,0.9479414224624634,POLYIC_20190510_mouse43__E9_P1
brain,axis1_+2mm,canvas_level1,0.23076792061328888,0.9732222557067871,POLYIC_20190510_mouse43__E9_P1
brain,axis1_+2mm,canvas_level0,0.2071213573217392,0.978471577167511,POLYIC_20190510_mouse43__E9_P1
brain,axis1_+2mm,output_logits,0.13639813661575317,0.9906729459762573,POLYIC_20190510_mouse43__E9_P1
brain,axis1_+2mm,query_mask_embedding,0.002439708448946476,0.9999972581863403,POLYIC_20190510_mouse43__E9_P1
brain,axis1_+4mm,input,2.0648860754590714e-06,1.0,POLYIC_20190510_mouse43__E9_P1
brain,axis1_+4mm,encoder_level0,0.08848843723535538,0.9960771799087524,POLYIC_20190510_mouse43__E9_P1
brain,axis1_+4mm,encoder_level1,0.2581254243850708,0.9661403298377991,POLYIC_20190510_mouse43__E9_P1
brain,axis1_+4mm,encoder_level2,0.30226296186447144,0.953424870967865,POLYIC_20190510_mouse43__E9_P1
brain,axis1_+4mm,encoder_level3,0.23067021369934082,0.973236620426178,POLYIC_20190510_mouse43__E9_P1
brain,axis1_+4mm,encoder_level4,0.1765013188123703,0.9843795299530029,POLYIC_20190510_mouse43__E9_P1
brain,axis1_+4mm,canvas_level4,0.1765013188123703,0.9843795299530029,POLYIC_20190510_mouse43__E9_P1
brain,axis1_+4mm,canvas_level3,0.35976824164390564,0.9334748983383179,POLYIC_20190510_mouse43__E9_P1
brain,axis1_+4mm,canvas_level2,0.3641779124736786,0.9325832724571228,POLYIC_20190510_mouse43__E9_P1
brain,axis1_+4mm,canvas_level1,0.3017992675304413,0.9536762237548828,POLYIC_20190510_mouse43__E9_P1
brain,axis1_+4mm,canvas_level0,0.33426737785339355,0.9429934024810791,POLYIC_20190510_mouse43__E9_P1
brain,axis1_+4mm,output_logits,0.2909815013408661,0.9567973017692566,POLYIC_20190510_mouse43__E9_P1
brain,axis1_+4mm,query_mask_embedding,0.005433059297502041,0.999987006187439,POLYIC_20190510_mouse43__E9_P1
brain,axis1_+6mm,input,0.05602288246154785,0.998429536819458,POLYIC_20190510_mouse43__E9_P1
brain,axis1_+6mm,encoder_level0,0.18810948729515076,0.9821895360946655,POLYIC_20190510_mouse43__E9_P1
brain,axis1_+6mm,encoder_level1,0.3642962872982025,0.9314388036727905,POLYIC_20190510_mouse43__E9_P1
brain,axis1_+6mm,encoder_level2,0.415778785943985,0.9094690680503845,POLYIC_20190510_mouse43__E9_P1
brain,axis1_+6mm,encoder_level3,0.38613206148147583,0.9225602746009827,POLYIC_20190510_mouse43__E9_P1
brain,axis1_+6mm,encoder_level4,0.23992027342319489,0.970993161201477,POLYIC_20190510_mouse43__E9_P1
brain,axis1_+6mm,canvas_level4,0.23992027342319489,0.970993161201477,POLYIC_20190510_mouse43__E9_P1
brain,axis1_+6mm,canvas_level3,0.4194066524505615,0.9090426564216614,POLYIC_20190510_mouse43__E9_P1
brain,axis1_+6mm,canvas_level2,0.44687914848327637,0.8956459760665894,POLYIC_20190510_mouse43__E9_P1
brain,axis1_+6mm,canvas_level1,0.3797842860221863,0.9258955121040344,POLYIC_20190510_mouse43__E9_P1
brain,axis1_+6mm,canvas_level0,0.424605131149292,0.9068635106086731,POLYIC_20190510_mouse43__E9_P1
brain,axis1_+6mm,output_logits,0.40473034977912903,0.9144566059112549,POLYIC_20190510_mouse43__E9_P1
brain,axis1_+6mm,query_mask_embedding,0.01338777132332325,0.9999368190765381,POLYIC_20190510_mouse43__E9_P1
brain,axis2_+1mm,input,0.15931300818920135,0.9874197244644165,POLYIC_20190510_mouse43__E9_P1
brain,axis2_+1mm,encoder_level0,0.45230525732040405,0.8919649124145508,POLYIC_20190510_mouse43__E9_P1
brain,axis2_+1mm,encoder_level1,0.19622647762298584,0.9806053042411804,POLYIC_20190510_mouse43__E9_P1
brain,axis2_+1mm,encoder_level2,0.21606166660785675,0.9764647483825684,POLYIC_20190510_mouse43__E9_P1
brain,axis2_+1mm,encoder_level3,0.15633688867092133,0.9877383708953857,POLYIC_20190510_mouse43__E9_P1
brain,axis2_+1mm,encoder_level4,0.2989889681339264,0.9542686939239502,POLYIC_20190510_mouse43__E9_P1
brain,axis2_+1mm,canvas_level4,0.2989889681339264,0.9542686939239502,POLYIC_20190510_mouse43__E9_P1
brain,axis2_+1mm,canvas_level3,0.3292427062988281,0.9451270699501038,POLYIC_20190510_mouse43__E9_P1
brain,axis2_+1mm,canvas_level2,0.30691805481910706,0.952463686466217,POLYIC_20190510_mouse43__E9_P1
brain,axis2_+1mm,canvas_level1,0.24716448783874512,0.9690310955047607,POLYIC_20190510_mouse43__E9_P1
brain,axis2_+1mm,canvas_level0,0.23808182775974274,0.971543550491333,POLYIC_20190510_mouse43__E9_P1
brain,axis2_+1mm,output_logits,0.11319421976804733,0.9937223196029663,POLYIC_20190510_mouse43__E9_P1
brain,axis2_+1mm,query_mask_embedding,0.033651046454906464,0.9995594620704651,POLYIC_20190510_mouse43__E9_P1
brain,axis2_+2mm,input,2.789037125694449e-06,1.0,POLYIC_20190510_mouse43__E9_P1
brain,axis2_+2mm,encoder_level0,0.03612526133656502,0.9993471503257751,POLYIC_20190510_mouse43__E9_P1
brain,axis2_+2mm,encoder_level1,0.28605344891548157,0.9582170248031616,POLYIC_20190510_mouse43__E9_P1
brain,axis2_+2mm,encoder_level2,0.24959859251976013,0.968363881111145,POLYIC_20190510_mouse43__E9_P1
brain,axis2_+2mm,encoder_level3,0.15533481538295746,0.9878692626953125,POLYIC_20190510_mouse43__E9_P1
brain,axis2_+2mm,encoder_level4,0.20393221080303192,0.9790482521057129,POLYIC_20190510_mouse43__E9_P1
brain,axis2_+2mm,canvas_level4,0.20393221080303192,0.9790482521057129,POLYIC_20190510_mouse43__E9_P1
brain,axis2_+2mm,canvas_level3,0.3579137921333313,0.9351509809494019,POLYIC_20190510_mouse43__E9_P1
brain,axis2_+2mm,canvas_level2,0.35858505964279175,0.9340729713439941,POLYIC_20190510_mouse43__E9_P1
brain,axis2_+2mm,canvas_level1,0.33244213461875916,0.9433426856994629,POLYIC_20190510_mouse43__E9_P1
brain,axis2_+2mm,canvas_level0,0.289291650056839,0.957830011844635,POLYIC_20190510_mouse43__E9_P1
brain,axis2_+2mm,output_logits,0.1926373690366745,0.9814004898071289,POLYIC_20190510_mouse43__E9_P1
brain,axis2_+2mm,query_mask_embedding,0.014363550581037998,0.9999182224273682,POLYIC_20190510_mouse43__E9_P1
brain,axis2_+4mm,input,2.5298886612290516e-06,1.0,POLYIC_20190510_mouse43__E9_P1
brain,axis2_+4mm,encoder_level0,0.08848843723535538,0.9960771799087524,POLYIC_20190510_mouse43__E9_P1
brain,axis2_+4mm,encoder_level1,0.2478935420513153,0.9687905311584473,POLYIC_20190510_mouse43__E9_P1
brain,axis2_+4mm,encoder_level2,0.36797967553138733,0.9298394918441772,POLYIC_20190510_mouse43__E9_P1
brain,axis2_+4mm,encoder_level3,0.32888346910476685,0.9444131851196289,POLYIC_20190510_mouse43__E9_P1
brain,axis2_+4mm,encoder_level4,0.26725447177886963,0.9641582369804382,POLYIC_20190510_mouse43__E9_P1
brain,axis2_+4mm,canvas_level4,0.26725447177886963,0.9641582369804382,POLYIC_20190510_mouse43__E9_P1
brain,axis2_+4mm,canvas_level3,0.4221368730068207,0.9071416854858398,POLYIC_20190510_mouse43__E9_P1
brain,axis2_+4mm,canvas_level2,0.42753270268440247,0.9045919179916382,POLYIC_20190510_mouse43__E9_P1
brain,axis2_+4mm,canvas_level1,0.337770938873291,0.9415996670722961,POLYIC_20190510_mouse43__E9_P1
brain,axis2_+4mm,canvas_level0,0.34775781631469727,0.9382862448692322,POLYIC_20190510_mouse43__E9_P1
brain,axis2_+4mm,output_logits,0.304775595664978,0.9527198076248169,POLYIC_20190510_mouse43__E9_P1
brain,axis2_+4mm,query_mask_embedding,0.01958463154733181,0.9998428821563721,POLYIC_20190510_mouse43__E9_P1
brain,axis2_+6mm,input,2.621780822664732e-06,1.0,POLYIC_20190510_mouse43__E9_P1
brain,axis2_+6mm,encoder_level0,0.11981390416622162,0.9927964210510254,POLYIC_20190510_mouse43__E9_P1
brain,axis2_+6mm,encoder_level1,0.4231998324394226,0.9060399532318115,POLYIC_20190510_mouse43__E9_P1
brain,axis2_+6mm,encoder_level2,0.42570599913597107,0.9048947095870972,POLYIC_20190510_mouse43__E9_P1
brain,axis2_+6mm,encoder_level3,0.45883452892303467,0.888601541519165,POLYIC_20190510_mouse43__E9_P1
brain,axis2_+6mm,encoder_level4,0.3720988631248474,0.9287688732147217,POLYIC_20190510_mouse43__E9_P1
brain,axis2_+6mm,canvas_level4,0.3720988631248474,0.9287688732147217,POLYIC_20190510_mouse43__E9_P1
brain,axis2_+6mm,canvas_level3,0.49907535314559937,0.8673626184463501,POLYIC_20190510_mouse43__E9_P1
brain,axis2_+6mm,canvas_level2,0.45815515518188477,0.8897905945777893,POLYIC_20190510_mouse43__E9_P1
brain,axis2_+6mm,canvas_level1,0.4388127326965332,0.8990075588226318,POLYIC_20190510_mouse43__E9_P1
brain,axis2_+6mm,canvas_level0,0.4281560480594635,0.9048818945884705,POLYIC_20190510_mouse43__E9_P1
brain,axis2_+6mm,output_logits,0.4397951066493988,0.8983029127120972,POLYIC_20190510_mouse43__E9_P1
brain,axis2_+6mm,query_mask_embedding,0.032605525106191635,0.9995726346969604,POLYIC_20190510_mouse43__E9_P1
brain,resampling_floor,input,2.7584928830037825e-06,1.0,POLYIC_20190517_mouse33__E2_P1
brain,resampling_floor,encoder_level0,1.8976626961375587e-05,1.0,POLYIC_20190517_mouse33__E2_P1
brain,resampling_floor,encoder_level1,1.8520948287914507e-05,1.0,POLYIC_20190517_mouse33__E2_P1
brain,resampling_floor,encoder_level2,2.122140176652465e-05,0.9999999403953552,POLYIC_20190517_mouse33__E2_P1
brain,resampling_floor,encoder_level3,5.69573217035213e-07,0.9999999403953552,POLYIC_20190517_mouse33__E2_P1
brain,resampling_floor,encoder_level4,5.465733011078555e-06,1.0,POLYIC_20190517_mouse33__E2_P1
brain,resampling_floor,canvas_level4,5.465733011078555e-06,1.0,POLYIC_20190517_mouse33__E2_P1
brain,resampling_floor,canvas_level3,8.070140756899491e-05,1.0000001192092896,POLYIC_20190517_mouse33__E2_P1
brain,resampling_floor,canvas_level2,0.00016884220531210303,0.9999998807907104,POLYIC_20190517_mouse33__E2_P1
brain,resampling_floor,canvas_level1,0.00018649538105819374,1.0,POLYIC_20190517_mouse33__E2_P1
brain,resampling_floor,canvas_level0,0.00022572869784198701,1.0,POLYIC_20190517_mouse33__E2_P1
brain,resampling_floor,output_logits,7.795381679898128e-05,1.0,POLYIC_20190517_mouse33__E2_P1
brain,resampling_floor,query_mask_embedding,4.208691848361923e-07,1.0,POLYIC_20190517_mouse33__E2_P1
brain,axis0_+1mm,input,2.3354330096481135e-06,1.0,POLYIC_20190517_mouse33__E2_P1
brain,axis0_+1mm,encoder_level0,2.0852019588346593e-05,1.0,POLYIC_20190517_mouse33__E2_P1
brain,axis0_+1mm,encoder_level1,0.19336697459220886,0.9811418652534485,POLYIC_20190517_mouse33__E2_P1
brain,axis0_+1mm,encoder_level2,0.21687699854373932,0.9762165546417236,POLYIC_20190517_mouse33__E2_P1
brain,axis0_+1mm,encoder_level3,0.17926163971424103,0.9838040471076965,POLYIC_20190517_mouse33__E2_P1
brain,axis0_+1mm,encoder_level4,0.17022964358329773,0.9856823682785034,POLYIC_20190517_mouse33__E2_P1
brain,axis0_+1mm,canvas_level4,0.17022964358329773,0.9856823682785034,POLYIC_20190517_mouse33__E2_P1
brain,axis0_+1mm,canvas_level3,0.2433210164308548,0.969987154006958,POLYIC_20190517_mouse33__E2_P1
brain,axis0_+1mm,canvas_level2,0.24246717989444733,0.9702267646789551,POLYIC_20190517_mouse33__E2_P1
brain,axis0_+1mm,canvas_level1,0.20345261693000793,0.9791512489318848,POLYIC_20190517_mouse33__E2_P1
brain,axis0_+1mm,canvas_level0,0.1474096029996872,0.9891729354858398,POLYIC_20190517_mouse33__E2_P1
brain,axis0_+1mm,output_logits,0.0627533569931984,0.9980335235595703,POLYIC_20190517_mouse33__E2_P1
brain,axis0_+1mm,query_mask_embedding,0.0037474415730684996,0.9999932050704956,POLYIC_20190517_mouse33__E2_P1
brain,axis0_+2mm,input,2.2667886696581263e-06,1.0,POLYIC_20190517_mouse33__E2_P1
brain,axis0_+2mm,encoder_level0,1.9646324290079065e-05,0.9999999403953552,POLYIC_20190517_mouse33__E2_P1
brain,axis0_+2mm,encoder_level1,0.08201594650745392,0.9966564774513245,POLYIC_20190517_mouse33__E2_P1
brain,axis0_+2mm,encoder_level2,0.234453946352005,0.9721294641494751,POLYIC_20190517_mouse33__E2_P1
brain,axis0_+2mm,encoder_level3,0.16870984435081482,0.9856674075126648,POLYIC_20190517_mouse33__E2_P1
brain,axis0_+2mm,encoder_level4,0.1969633400440216,0.9806613922119141,POLYIC_20190517_mouse33__E2_P1
brain,axis0_+2mm,canvas_level4,0.1969633400440216,0.9806613922119141,POLYIC_20190517_mouse33__E2_P1
brain,axis0_+2mm,canvas_level3,0.25324562191963196,0.9674971699714661,POLYIC_20190517_mouse33__E2_P1
brain,axis0_+2mm,canvas_level2,0.27141880989074707,0.9624841809272766,POLYIC_20190517_mouse33__E2_P1
brain,axis0_+2mm,canvas_level1,0.1943276971578598,0.9812365770339966,POLYIC_20190517_mouse33__E2_P1
brain,axis0_+2mm,canvas_level0,0.18585264682769775,0.9828804731369019,POLYIC_20190517_mouse33__E2_P1
brain,axis0_+2mm,output_logits,0.07437412440776825,0.9972365498542786,POLYIC_20190517_mouse33__E2_P1
brain,axis0_+2mm,query_mask_embedding,0.0018695109756663442,0.9999982714653015,POLYIC_20190517_mouse33__E2_P1
brain,axis0_+4mm,input,2.140632432201528e-06,0.9999999403953552,POLYIC_20190517_mouse33__E2_P1
brain,axis0_+4mm,encoder_level0,0.07080195844173431,0.9974903464317322,POLYIC_20190517_mouse33__E2_P1
brain,axis0_+4mm,encoder_level1,0.21061894297599792,0.9775925278663635,POLYIC_20190517_mouse33__E2_P1
brain,axis0_+4mm,encoder_level2,0.28657975792884827,0.9583712816238403,POLYIC_20190517_mouse33__E2_P1
brain,axis0_+4mm,encoder_level3,0.22307798266410828,0.9748876094818115,POLYIC_20190517_mouse33__E2_P1
brain,axis0_+4mm,encoder_level4,0.2042439728975296,0.9790096282958984,POLYIC_20190517_mouse33__E2_P1
brain,axis0_+4mm,canvas_level4,0.2042439728975296,0.9790096282958984,POLYIC_20190517_mouse33__E2_P1
brain,axis0_+4mm,canvas_level3,0.3054708242416382,0.9523778557777405,POLYIC_20190517_mouse33__E2_P1
brain,axis0_+4mm,canvas_level2,0.30634263157844543,0.9523149728775024,POLYIC_20190517_mouse33__E2_P1
brain,axis0_+4mm,canvas_level1,0.2787081003189087,0.9609965682029724,POLYIC_20190517_mouse33__E2_P1
brain,axis0_+4mm,canvas_level0,0.3025801479816437,0.9538223743438721,POLYIC_20190517_mouse33__E2_P1
brain,axis0_+4mm,output_logits,0.28152406215667725,0.9595792889595032,POLYIC_20190517_mouse33__E2_P1
brain,axis0_+4mm,query_mask_embedding,0.0022422110196202993,0.9999977350234985,POLYIC_20190517_mouse33__E2_P1
brain,axis0_+6mm,input,0.1607511341571808,0.9869949221611023,POLYIC_20190517_mouse33__E2_P1
brain,axis0_+6mm,encoder_level0,0.2426842451095581,0.9703013896942139,POLYIC_20190517_mouse33__E2_P1
brain,axis0_+6mm,encoder_level1,0.34119412302970886,0.9403107166290283,POLYIC_20190517_mouse33__E2_P1
brain,axis0_+6mm,encoder_level2,0.3957825303077698,0.9183579087257385,POLYIC_20190517_mouse33__E2_P1
brain,axis0_+6mm,encoder_level3,0.3444831967353821,0.9388795495033264,POLYIC_20190517_mouse33__E2_P1
brain,axis0_+6mm,encoder_level4,0.20446360111236572,0.9789755344390869,POLYIC_20190517_mouse33__E2_P1
brain,axis0_+6mm,canvas_level4,0.20446360111236572,0.9789755344390869,POLYIC_20190517_mouse33__E2_P1
brain,axis0_+6mm,canvas_level3,0.3706263303756714,0.9293139576911926,POLYIC_20190517_mouse33__E2_P1
brain,axis0_+6mm,canvas_level2,0.4048027992248535,0.9148343205451965,POLYIC_20190517_mouse33__E2_P1
brain,axis0_+6mm,canvas_level1,0.3848733901977539,0.9247579574584961,POLYIC_20190517_mouse33__E2_P1
brain,axis0_+6mm,canvas_level0,0.4015383720397949,0.9174860715866089,POLYIC_20190517_mouse33__E2_P1
brain,axis0_+6mm,output_logits,0.39159345626831055,0.9202156066894531,POLYIC_20190517_mouse33__E2_P1
brain,axis0_+6mm,query_mask_embedding,0.0034337046090513468,0.999994158744812,POLYIC_20190517_mouse33__E2_P1
brain,axis1_+1mm,input,2.7584928830037825e-06,1.0,POLYIC_20190517_mouse33__E2_P1
brain,axis1_+1mm,encoder_level0,1.8976976207341067e-05,0.9999999403953552,POLYIC_20190517_mouse33__E2_P1
brain,axis1_+1mm,encoder_level1,0.2053295373916626,0.978692889213562,POLYIC_20190517_mouse33__E2_P1
brain,axis1_+1mm,encoder_level2,0.2082647830247879,0.9780725836753845,POLYIC_20190517_mouse33__E2_P1
brain,axis1_+1mm,encoder_level3,0.21425101161003113,0.9768021702766418,POLYIC_20190517_mouse33__E2_P1
brain,axis1_+1mm,encoder_level4,0.2193630486726761,0.975953221321106,POLYIC_20190517_mouse33__E2_P1
brain,axis1_+1mm,canvas_level4,0.2193630486726761,0.975953221321106,POLYIC_20190517_mouse33__E2_P1
brain,axis1_+1mm,canvas_level3,0.3073332607746124,0.951701283454895,POLYIC_20190517_mouse33__E2_P1
brain,axis1_+1mm,canvas_level2,0.26808860898017883,0.9635680317878723,POLYIC_20190517_mouse33__E2_P1
brain,axis1_+1mm,canvas_level1,0.21903501451015472,0.9757542610168457,POLYIC_20190517_mouse33__E2_P1
brain,axis1_+1mm,canvas_level0,0.14773480594158173,0.9890552759170532,POLYIC_20190517_mouse33__E2_P1
brain,axis1_+1mm,output_logits,0.06752843409776688,0.9977651238441467,POLYIC_20190517_mouse33__E2_P1
brain,axis1_+1mm,query_mask_embedding,0.01928183063864708,0.9998513460159302,POLYIC_20190517_mouse33__E2_P1
brain,axis1_+2mm,input,2.7584928830037825e-06,1.0,POLYIC_20190517_mouse33__E2_P1
brain,axis1_+2mm,encoder_level0,0.035400982946157455,0.9993732571601868,POLYIC_20190517_mouse33__E2_P1
brain,axis1_+2mm,encoder_level1,0.12806592881679535,0.9917865991592407,POLYIC_20190517_mouse33__E2_P1
brain,axis1_+2mm,encoder_level2,0.2236110419034958,0.9746925830841064,POLYIC_20190517_mouse33__E2_P1
brain,axis1_+2mm,encoder_level3,0.1727282702922821,0.9849715232849121,POLYIC_20190517_mouse33__E2_P1
brain,axis1_+2mm,encoder_level4,0.2041710615158081,0.9795163869857788,POLYIC_20190517_mouse33__E2_P1
brain,axis1_+2mm,canvas_level4,0.2041710615158081,0.9795163869857788,POLYIC_20190517_mouse33__E2_P1
brain,axis1_+2mm,canvas_level3,0.2790832817554474,0.9604129195213318,POLYIC_20190517_mouse33__E2_P1
brain,axis1_+2mm,canvas_level2,0.3028191030025482,0.9531994462013245,POLYIC_20190517_mouse33__E2_P1
brain,axis1_+2mm,canvas_level1,0.21813294291496277,0.9760468006134033,POLYIC_20190517_mouse33__E2_P1
brain,axis1_+2mm,canvas_level0,0.2001083344221115,0.9798755049705505,POLYIC_20190517_mouse33__E2_P1
brain,axis1_+2mm,output_logits,0.13412833213806152,0.9910029172897339,POLYIC_20190517_mouse33__E2_P1
brain,axis1_+2mm,query_mask_embedding,0.002266271272674203,0.9999974966049194,POLYIC_20190517_mouse33__E2_P1
brain,axis1_+4mm,input,2.7584928830037825e-06,1.0,POLYIC_20190517_mouse33__E2_P1
brain,axis1_+4mm,encoder_level0,0.08671432733535767,0.9962332248687744,POLYIC_20190517_mouse33__E2_P1
brain,axis1_+4mm,encoder_level1,0.2527001202106476,0.9675672054290771,POLYIC_20190517_mouse33__E2_P1
brain,axis1_+4mm,encoder_level2,0.30185234546661377,0.9535403251647949,POLYIC_20190517_mouse33__E2_P1
brain,axis1_+4mm,encoder_level3,0.24425189197063446,0.9699777364730835,POLYIC_20190517_mouse33__E2_P1
brain,axis1_+4mm,encoder_level4,0.18656635284423828,0.9825780391693115,POLYIC_20190517_mouse33__E2_P1
brain,axis1_+4mm,canvas_level4,0.18656635284423828,0.9825780391693115,POLYIC_20190517_mouse33__E2_P1
brain,axis1_+4mm,canvas_level3,0.33946388959884644,0.9407541751861572,POLYIC_20190517_mouse33__E2_P1
brain,axis1_+4mm,canvas_level2,0.3368293344974518,0.9423210620880127,POLYIC_20190517_mouse33__E2_P1
brain,axis1_+4mm,canvas_level1,0.283629447221756,0.9590795040130615,POLYIC_20190517_mouse33__E2_P1
brain,axis1_+4mm,canvas_level0,0.3198377192020416,0.9477938413619995,POLYIC_20190517_mouse33__E2_P1
brain,axis1_+4mm,output_logits,0.2892315685749054,0.9574207067489624,POLYIC_20190517_mouse33__E2_P1
brain,axis1_+4mm,query_mask_embedding,0.007041531149297953,0.9999828338623047,POLYIC_20190517_mouse33__E2_P1
brain,axis1_+6mm,input,0.10428474843502045,0.9945474863052368,POLYIC_20190517_mouse33__E2_P1
brain,axis1_+6mm,encoder_level0,0.2253521829843521,0.9744101166725159,POLYIC_20190517_mouse33__E2_P1
brain,axis1_+6mm,encoder_level1,0.3652358651161194,0.931090235710144,POLYIC_20190517_mouse33__E2_P1
brain,axis1_+6mm,encoder_level2,0.4210158586502075,0.9070534110069275,POLYIC_20190517_mouse33__E2_P1
brain,axis1_+6mm,encoder_level3,0.3922238349914551,0.9199962615966797,POLYIC_20190517_mouse33__E2_P1
brain,axis1_+6mm,encoder_level4,0.22518542408943176,0.9745214581489563,POLYIC_20190517_mouse33__E2_P1
brain,axis1_+6mm,canvas_level4,0.22518542408943176,0.9745214581489563,POLYIC_20190517_mouse33__E2_P1
brain,axis1_+6mm,canvas_level3,0.4128209948539734,0.9119265079498291,POLYIC_20190517_mouse33__E2_P1
brain,axis1_+6mm,canvas_level2,0.4261120557785034,0.9053213596343994,POLYIC_20190517_mouse33__E2_P1
brain,axis1_+6mm,canvas_level1,0.36425480246543884,0.9318498969078064,POLYIC_20190517_mouse33__E2_P1
brain,axis1_+6mm,canvas_level0,0.4075588881969452,0.9143284559249878,POLYIC_20190517_mouse33__E2_P1
brain,axis1_+6mm,output_logits,0.3989991843700409,0.9169881939888,POLYIC_20190517_mouse33__E2_P1
brain,axis1_+6mm,query_mask_embedding,0.010714895091950893,0.9999622106552124,POLYIC_20190517_mouse33__E2_P1
brain,axis2_+1mm,input,0.1634892225265503,0.9869031310081482,POLYIC_20190517_mouse33__E2_P1
brain,axis2_+1mm,encoder_level0,0.40530991554260254,0.9145627021789551,POLYIC_20190517_mouse33__E2_P1
brain,axis2_+1mm,encoder_level1,0.21023693680763245,0.9777072668075562,POLYIC_20190517_mouse33__E2_P1
brain,axis2_+1mm,encoder_level2,0.22434177994728088,0.9745672941207886,POLYIC_20190517_mouse33__E2_P1
brain,axis2_+1mm,encoder_level3,0.17977653443813324,0.9837614297866821,POLYIC_20190517_mouse33__E2_P1
brain,axis2_+1mm,encoder_level4,0.32573944330215454,0.9458063840866089,POLYIC_20190517_mouse33__E2_P1
brain,axis2_+1mm,canvas_level4,0.32573944330215454,0.9458063840866089,POLYIC_20190517_mouse33__E2_P1
brain,axis2_+1mm,canvas_level3,0.31159719824790955,0.9508674144744873,POLYIC_20190517_mouse33__E2_P1
brain,axis2_+1mm,canvas_level2,0.2875812351703644,0.9581530690193176,POLYIC_20190517_mouse33__E2_P1
brain,axis2_+1mm,canvas_level1,0.23503191769123077,0.9720139503479004,POLYIC_20190517_mouse33__E2_P1
brain,axis2_+1mm,canvas_level0,0.20791958272457123,0.9782242774963379,POLYIC_20190517_mouse33__E2_P1
brain,axis2_+1mm,output_logits,0.08783748745918274,0.9961577653884888,POLYIC_20190517_mouse33__E2_P1
brain,axis2_+1mm,query_mask_embedding,0.011334357783198357,0.9999521970748901,POLYIC_20190517_mouse33__E2_P1
brain,axis2_+2mm,input,3.0239216357585974e-06,0.9999998807907104,POLYIC_20190517_mouse33__E2_P1
brain,axis2_+2mm,encoder_level0,0.03540097922086716,0.9993731379508972,POLYIC_20190517_mouse33__E2_P1
brain,axis2_+2mm,encoder_level1,0.29623284935951233,0.9551284313201904,POLYIC_20190517_mouse33__E2_P1
brain,axis2_+2mm,encoder_level2,0.25677406787872314,0.9664777517318726,POLYIC_20190517_mouse33__E2_P1
brain,axis2_+2mm,encoder_level3,0.1828809231519699,0.9831490516662598,POLYIC_20190517_mouse33__E2_P1
brain,axis2_+2mm,encoder_level4,0.19133926928043365,0.98153156042099,POLYIC_20190517_mouse33__E2_P1
brain,axis2_+2mm,canvas_level4,0.19133926928043365,0.98153156042099,POLYIC_20190517_mouse33__E2_P1
brain,axis2_+2mm,canvas_level3,0.35139116644859314,0.9372063875198364,POLYIC_20190517_mouse33__E2_P1
brain,axis2_+2mm,canvas_level2,0.3509468734264374,0.9369038343429565,POLYIC_20190517_mouse33__E2_P1
brain,axis2_+2mm,canvas_level1,0.3166944086551666,0.9486484527587891,POLYIC_20190517_mouse33__E2_P1
brain,axis2_+2mm,canvas_level0,0.24786807596683502,0.9690737724304199,POLYIC_20190517_mouse33__E2_P1
brain,axis2_+2mm,output_logits,0.1625201255083084,0.9867794513702393,POLYIC_20190517_mouse33__E2_P1
brain,axis2_+2mm,query_mask_embedding,0.004445519298315048,0.9999926090240479,POLYIC_20190517_mouse33__E2_P1
brain,axis2_+4mm,input,3.3144490316772135e-06,1.0,POLYIC_20190517_mouse33__E2_P1
brain,axis2_+4mm,encoder_level0,0.08671432733535767,0.9962332248687744,POLYIC_20190517_mouse33__E2_P1
brain,axis2_+4mm,encoder_level1,0.24364721775054932,0.9698659777641296,POLYIC_20190517_mouse33__E2_P1
brain,axis2_+4mm,encoder_level2,0.37701547145843506,0.9262073040008545,POLYIC_20190517_mouse33__E2_P1
brain,axis2_+4mm,encoder_level3,0.34735506772994995,0.9377690553665161,POLYIC_20190517_mouse33__E2_P1
brain,axis2_+4mm,encoder_level4,0.24606330692768097,0.9693850874900818,POLYIC_20190517_mouse33__E2_P1
brain,axis2_+4mm,canvas_level4,0.24606330692768097,0.9693850874900818,POLYIC_20190517_mouse33__E2_P1
brain,axis2_+4mm,canvas_level3,0.4039224684238434,0.9152114391326904,POLYIC_20190517_mouse33__E2_P1
brain,axis2_+4mm,canvas_level2,0.4168436527252197,0.9095138311386108,POLYIC_20190517_mouse33__E2_P1
brain,axis2_+4mm,canvas_level1,0.3236078917980194,0.9465091228485107,POLYIC_20190517_mouse33__E2_P1
brain,axis2_+4mm,canvas_level0,0.32620006799697876,0.9457734823226929,POLYIC_20190517_mouse33__E2_P1
brain,axis2_+4mm,output_logits,0.30290350317955017,0.9531298875808716,POLYIC_20190517_mouse33__E2_P1
brain,axis2_+4mm,query_mask_embedding,0.006169853266328573,0.9999842643737793,POLYIC_20190517_mouse33__E2_P1
brain,axis2_+6mm,input,2.9572456696769223e-06,1.0,POLYIC_20190517_mouse33__E2_P1
brain,axis2_+6mm,encoder_level0,0.11741176247596741,0.9930833578109741,POLYIC_20190517_mouse33__E2_P1
brain,axis2_+6mm,encoder_level1,0.427391916513443,0.904080867767334,POLYIC_20190517_mouse33__E2_P1
brain,axis2_+6mm,encoder_level2,0.43212807178497314,0.9018286466598511,POLYIC_20190517_mouse33__E2_P1
brain,axis2_+6mm,encoder_level3,0.47763651609420776,0.87861168384552,POLYIC_20190517_mouse33__E2_P1
brain,axis2_+6mm,encoder_level4,0.34507471323013306,0.938591480255127,POLYIC_20190517_mouse33__E2_P1
brain,axis2_+6mm,canvas_level4,0.34507471323013306,0.938591480255127,POLYIC_20190517_mouse33__E2_P1
brain,axis2_+6mm,canvas_level3,0.4711041748523712,0.8824526071548462,POLYIC_20190517_mouse33__E2_P1
brain,axis2_+6mm,canvas_level2,0.4407570958137512,0.8983346223831177,POLYIC_20190517_mouse33__E2_P1
brain,axis2_+6mm,canvas_level1,0.42148616909980774,0.9070737361907959,POLYIC_20190517_mouse33__E2_P1
brain,axis2_+6mm,canvas_level0,0.4012410342693329,0.9166550040245056,POLYIC_20190517_mouse33__E2_P1
brain,axis2_+6mm,output_logits,0.426462858915329,0.9046681523323059,POLYIC_20190517_mouse33__E2_P1
brain,axis2_+6mm,query_mask_embedding,0.015095293521881104,0.999917209148407,POLYIC_20190517_mouse33__E2_P1
brain,resampling_floor,input,2.532821554268594e-06,1.0,POLYIC_20190517_mouse35__E2_P1
brain,resampling_floor,encoder_level0,1.899099152069539e-05,1.0,POLYIC_20190517_mouse35__E2_P1
brain,resampling_floor,encoder_level1,1.8624192307470366e-05,0.9999998807907104,POLYIC_20190517_mouse35__E2_P1
brain,resampling_floor,encoder_level2,2.0437657440197654e-05,1.0,POLYIC_20190517_mouse35__E2_P1
brain,resampling_floor,encoder_level3,5.260764055492473e-07,0.9999999403953552,POLYIC_20190517_mouse35__E2_P1
brain,resampling_floor,encoder_level4,4.579983851726865e-06,1.0,POLYIC_20190517_mouse35__E2_P1
brain,resampling_floor,canvas_level4,4.579983851726865e-06,1.0,POLYIC_20190517_mouse35__E2_P1
brain,resampling_floor,canvas_level3,7.699907291680574e-05,1.0,POLYIC_20190517_mouse35__E2_P1
brain,resampling_floor,canvas_level2,0.00016316499386448413,0.9999999403953552,POLYIC_20190517_mouse35__E2_P1
brain,resampling_floor,canvas_level1,0.0001852022105595097,0.9999998807907104,POLYIC_20190517_mouse35__E2_P1
brain,resampling_floor,canvas_level0,0.00022546340187545866,0.9999999403953552,POLYIC_20190517_mouse35__E2_P1
brain,resampling_floor,output_logits,7.734233076917008e-05,1.0,POLYIC_20190517_mouse35__E2_P1
brain,resampling_floor,query_mask_embedding,5.634847184410319e-07,0.9999999403953552,POLYIC_20190517_mouse35__E2_P1
brain,axis0_+1mm,input,2.328151822439395e-06,1.0,POLYIC_20190517_mouse35__E2_P1
brain,axis0_+1mm,encoder_level0,2.067213790724054e-05,0.9999999403953552,POLYIC_20190517_mouse35__E2_P1
brain,axis0_+1mm,encoder_level1,0.19566629827022552,0.9806846380233765,POLYIC_20190517_mouse35__E2_P1
brain,axis0_+1mm,encoder_level2,0.2233785092830658,0.9747558236122131,POLYIC_20190517_mouse35__E2_P1
brain,axis0_+1mm,encoder_level3,0.1816362887620926,0.9833693504333496,POLYIC_20190517_mouse35__E2_P1
brain,axis0_+1mm,encoder_level4,0.1758001297712326,0.9845343828201294,POLYIC_20190517_mouse35__E2_P1
brain,axis0_+1mm,canvas_level4,0.1758001297712326,0.9845343828201294,POLYIC_20190517_mouse35__E2_P1
brain,axis0_+1mm,canvas_level3,0.24965254962444305,0.9684048891067505,POLYIC_20190517_mouse35__E2_P1
brain,axis0_+1mm,canvas_level2,0.24529853463172913,0.9695480465888977,POLYIC_20190517_mouse35__E2_P1
brain,axis0_+1mm,canvas_level1,0.20595768094062805,0.9786466360092163,POLYIC_20190517_mouse35__E2_P1
brain,axis0_+1mm,canvas_level0,0.14976730942726135,0.9888501763343811,POLYIC_20190517_mouse35__E2_P1
brain,axis0_+1mm,output_logits,0.06659438461065292,0.997799277305603,POLYIC_20190517_mouse35__E2_P1
brain,axis0_+1mm,query_mask_embedding,0.005667390301823616,0.9999868869781494,POLYIC_20190517_mouse35__E2_P1
brain,axis0_+2mm,input,2.20858146349201e-06,1.0,POLYIC_20190517_mouse35__E2_P1
brain,axis0_+2mm,encoder_level0,1.9132468878524378e-05,1.0,POLYIC_20190517_mouse35__E2_P1
brain,axis0_+2mm,encoder_level1,0.082457534968853,0.9966204762458801,POLYIC_20190517_mouse35__E2_P1
brain,axis0_+2mm,encoder_level2,0.23990318179130554,0.970798909664154,POLYIC_20190517_mouse35__E2_P1
brain,axis0_+2mm,encoder_level3,0.17470376193523407,0.9846256971359253,POLYIC_20190517_mouse35__E2_P1
brain,axis0_+2mm,encoder_level4,0.2009512335062027,0.9796916842460632,POLYIC_20190517_mouse35__E2_P1
brain,axis0_+2mm,canvas_level4,0.2009512335062027,0.9796916842460632,POLYIC_20190517_mouse35__E2_P1
brain,axis0_+2mm,canvas_level3,0.25835394859313965,0.9661601781845093,POLYIC_20190517_mouse35__E2_P1
brain,axis0_+2mm,canvas_level2,0.27192655205726624,0.962338924407959,POLYIC_20190517_mouse35__E2_P1
brain,axis0_+2mm,canvas_level1,0.19612117111682892,0.9809005856513977,POLYIC_20190517_mouse35__E2_P1
brain,axis0_+2mm,canvas_level0,0.18626296520233154,0.982819676399231,POLYIC_20190517_mouse35__E2_P1
brain,axis0_+2mm,output_logits,0.07268457859754562,0.9973578453063965,POLYIC_20190517_mouse35__E2_P1
brain,axis0_+2mm,query_mask_embedding,0.002174271736294031,0.999997615814209,POLYIC_20190517_mouse35__E2_P1
brain,axis0_+4mm,input,2.1908647340751486e-06,1.0,POLYIC_20190517_mouse35__E2_P1
brain,axis0_+4mm,encoder_level0,0.07124432921409607,0.9974589347839355,POLYIC_20190517_mouse35__E2_P1
brain,axis0_+4mm,encoder_level1,0.21128572523593903,0.9774489402770996,POLYIC_20190517_mouse35__E2_P1
brain,axis0_+4mm,encoder_level2,0.28877437114715576,0.9577358365058899,POLYIC_20190517_mouse35__E2_P1
brain,axis0_+4mm,encoder_level3,0.22583313286304474,0.9742476940155029,POLYIC_20190517_mouse35__E2_P1
brain,axis0_+4mm,encoder_level4,0.2091725915670395,0.9778823852539062,POLYIC_20190517_mouse35__E2_P1
brain,axis0_+4mm,canvas_level4,0.2091725915670395,0.9778823852539062,POLYIC_20190517_mouse35__E2_P1
brain,axis0_+4mm,canvas_level3,0.3127627670764923,0.9500502347946167,POLYIC_20190517_mouse35__E2_P1
brain,axis0_+4mm,canvas_level2,0.30634844303131104,0.9523372054100037,POLYIC_20190517_mouse35__E2_P1
brain,axis0_+4mm,canvas_level1,0.2796289622783661,0.9607515335083008,POLYIC_20190517_mouse35__E2_P1
brain,axis0_+4mm,canvas_level0,0.3028719127178192,0.9537678360939026,POLYIC_20190517_mouse35__E2_P1
brain,axis0_+4mm,output_logits,0.2779034376144409,0.9606225490570068,POLYIC_20190517_mouse35__E2_P1
brain,axis0_+4mm,query_mask_embedding,0.0032656469848006964,0.9999969005584717,POLYIC_20190517_mouse35__E2_P1
brain,axis0_+6mm,input,0.15115107595920563,0.9885106682777405,POLYIC_20190517_mouse35__E2_P1
brain,axis0_+6mm,encoder_level0,0.229114830493927,0.9735450148582458,POLYIC_20190517_mouse35__E2_P1
brain,axis0_+6mm,encoder_level1,0.34207990765571594,0.9399888515472412,POLYIC_20190517_mouse35__E2_P1
brain,axis0_+6mm,encoder_level2,0.39371591806411743,0.9192371368408203,POLYIC_20190517_mouse35__E2_P1
brain,axis0_+6mm,encoder_level3,0.3452909588813782,0.9385818243026733,POLYIC_20190517_mouse35__E2_P1
brain,axis0_+6mm,encoder_level4,0.22165417671203613,0.9751939177513123,POLYIC_20190517_mouse35__E2_P1
brain,axis0_+6mm,canvas_level4,0.22165417671203613,0.9751939177513123,POLYIC_20190517_mouse35__E2_P1
brain,axis0_+6mm,canvas_level3,0.37584593892097473,0.9273200631141663,POLYIC_20190517_mouse35__E2_P1
brain,axis0_+6mm,canvas_level2,0.4014941155910492,0.9162823557853699,POLYIC_20190517_mouse35__E2_P1
brain,axis0_+6mm,canvas_level1,0.38534119725227356,0.9245513677597046,POLYIC_20190517_mouse35__E2_P1
brain,axis0_+6mm,canvas_level0,0.39918678998947144,0.9185124635696411,POLYIC_20190517_mouse35__E2_P1
brain,axis0_+6mm,output_logits,0.3886156976222992,0.9214499592781067,POLYIC_20190517_mouse35__E2_P1
brain,axis0_+6mm,query_mask_embedding,0.0036677317693829536,0.9999954700469971,POLYIC_20190517_mouse35__E2_P1
brain,axis1_+1mm,input,2.532821554268594e-06,1.0,POLYIC_20190517_mouse35__E2_P1
brain,axis1_+1mm,encoder_level0,1.8992093828273937e-05,1.0,POLYIC_20190517_mouse35__E2_P1
brain,axis1_+1mm,encoder_level1,0.2084234356880188,0.9780392050743103,POLYIC_20190517_mouse35__E2_P1
brain,axis1_+1mm,encoder_level2,0.20978271961212158,0.9777480363845825,POLYIC_20190517_mouse35__E2_P1
brain,axis1_+1mm,encoder_level3,0.21462377905845642,0.9767206311225891,POLYIC_20190517_mouse35__E2_P1
brain,axis1_+1mm,encoder_level4,0.2040490061044693,0.9790998697280884,POLYIC_20190517_mouse35__E2_P1
brain,axis1_+1mm,canvas_level4,0.2040490061044693,0.9790998697280884,POLYIC_20190517_mouse35__E2_P1
brain,axis1_+1mm,canvas_level3,0.3000938594341278,0.9540132284164429,POLYIC_20190517_mouse35__E2_P1
brain,axis1_+1mm,canvas_level2,0.26114335656166077,0.9654593467712402,POLYIC_20190517_mouse35__E2_P1
brain,axis1_+1mm,canvas_level1,0.21757617592811584,0.9760926961898804,POLYIC_20190517_mouse35__E2_P1
brain,axis1_+1mm,canvas_level0,0.14666227996349335,0.9892303943634033,POLYIC_20190517_mouse35__E2_P1
brain,axis1_+1mm,output_logits,0.06599367409944534,0.9978955984115601,POLYIC_20190517_mouse35__E2_P1
brain,axis1_+1mm,query_mask_embedding,0.01797889545559883,0.9998710751533508,POLYIC_20190517_mouse35__E2_P1
brain,axis1_+2mm,input,2.532821554268594e-06,1.0,POLYIC_20190517_mouse35__E2_P1
brain,axis1_+2mm,encoder_level0,0.035622164607048035,0.9993653893470764,POLYIC_20190517_mouse35__E2_P1
brain,axis1_+2mm,encoder_level1,0.12888076901435852,0.9916819334030151,POLYIC_20190517_mouse35__E2_P1
brain,axis1_+2mm,encoder_level2,0.22398263216018677,0.9746061563491821,POLYIC_20190517_mouse35__E2_P1
brain,axis1_+2mm,encoder_level3,0.1753540337085724,0.9845086336135864,POLYIC_20190517_mouse35__E2_P1
brain,axis1_+2mm,encoder_level4,0.21067790687084198,0.9777301549911499,POLYIC_20190517_mouse35__E2_P1
brain,axis1_+2mm,canvas_level4,0.21067790687084198,0.9777301549911499,POLYIC_20190517_mouse35__E2_P1
brain,axis1_+2mm,canvas_level3,0.2919972836971283,0.956646203994751,POLYIC_20190517_mouse35__E2_P1
brain,axis1_+2mm,canvas_level2,0.3025168478488922,0.9533297419548035,POLYIC_20190517_mouse35__E2_P1
brain,axis1_+2mm,canvas_level1,0.219000905752182,0.9758744835853577,POLYIC_20190517_mouse35__E2_P1
brain,axis1_+2mm,canvas_level0,0.19924411177635193,0.9800643920898438,POLYIC_20190517_mouse35__E2_P1
brain,axis1_+2mm,output_logits,0.13266915082931519,0.9911947250366211,POLYIC_20190517_mouse35__E2_P1
brain,axis1_+2mm,query_mask_embedding,0.002151516964659095,0.9999977350234985,POLYIC_20190517_mouse35__E2_P1
brain,axis1_+4mm,input,2.532821554268594e-06,1.0,POLYIC_20190517_mouse35__E2_P1
brain,axis1_+4mm,encoder_level0,0.08725611865520477,0.9961858987808228,POLYIC_20190517_mouse35__E2_P1
brain,axis1_+4mm,encoder_level1,0.2536415457725525,0.9673216938972473,POLYIC_20190517_mouse35__E2_P1
brain,axis1_+4mm,encoder_level2,0.3035034239292145,0.953031063079834,POLYIC_20190517_mouse35__E2_P1
brain,axis1_+4mm,encoder_level3,0.24546349048614502,0.9696580171585083,POLYIC_20190517_mouse35__E2_P1
brain,axis1_+4mm,encoder_level4,0.19653163850307465,0.9805014729499817,POLYIC_20190517_mouse35__E2_P1
brain,axis1_+4mm,canvas_level4,0.19653163850307465,0.9805014729499817,POLYIC_20190517_mouse35__E2_P1
brain,axis1_+4mm,canvas_level3,0.3473065197467804,0.9379633665084839,POLYIC_20190517_mouse35__E2_P1
brain,axis1_+4mm,canvas_level2,0.33878669142723083,0.9416314959526062,POLYIC_20190517_mouse35__E2_P1
brain,axis1_+4mm,canvas_level1,0.2870670557022095,0.9580875039100647,POLYIC_20190517_mouse35__E2_P1
brain,axis1_+4mm,canvas_level0,0.321167916059494,0.9473695755004883,POLYIC_20190517_mouse35__E2_P1
brain,axis1_+4mm,output_logits,0.28921517729759216,0.9574013352394104,POLYIC_20190517_mouse35__E2_P1
brain,axis1_+4mm,query_mask_embedding,0.0061121112667024136,0.9999861121177673,POLYIC_20190517_mouse35__E2_P1
brain,axis1_+6mm,input,0.09855891764163971,0.9951313734054565,POLYIC_20190517_mouse35__E2_P1
brain,axis1_+6mm,encoder_level0,0.21562136709690094,0.9765794277191162,POLYIC_20190517_mouse35__E2_P1
brain,axis1_+6mm,encoder_level1,0.36615192890167236,0.9307296276092529,POLYIC_20190517_mouse35__E2_P1
brain,axis1_+6mm,encoder_level2,0.4211134612560272,0.9070078730583191,POLYIC_20190517_mouse35__E2_P1
brain,axis1_+6mm,encoder_level3,0.39251625537872314,0.9198691844940186,POLYIC_20190517_mouse35__E2_P1
brain,axis1_+6mm,encoder_level4,0.23745562136173248,0.971721351146698,POLYIC_20190517_mouse35__E2_P1
brain,axis1_+6mm,canvas_level4,0.23745562136173248,0.971721351146698,POLYIC_20190517_mouse35__E2_P1
brain,axis1_+6mm,canvas_level3,0.42640456557273865,0.9059606194496155,POLYIC_20190517_mouse35__E2_P1
brain,axis1_+6mm,canvas_level2,0.4263900816440582,0.9051518440246582,POLYIC_20190517_mouse35__E2_P1
brain,axis1_+6mm,canvas_level1,0.3695828318595886,0.9298194646835327,POLYIC_20190517_mouse35__E2_P1
brain,axis1_+6mm,canvas_level0,0.4092838168144226,0.913601279258728,POLYIC_20190517_mouse35__E2_P1
brain,axis1_+6mm,output_logits,0.39992448687553406,0.9165558218955994,POLYIC_20190517_mouse35__E2_P1
brain,axis1_+6mm,query_mask_embedding,0.007693713530898094,0.9999790787696838,POLYIC_20190517_mouse35__E2_P1
brain,axis2_+1mm,input,0.15669263899326324,0.9879724979400635,POLYIC_20190517_mouse35__E2_P1
brain,axis2_+1mm,encoder_level0,0.40162262320518494,0.9161437153816223,POLYIC_20190517_mouse35__E2_P1
brain,axis2_+1mm,encoder_level1,0.2048312872648239,0.9788472652435303,POLYIC_20190517_mouse35__E2_P1
brain,axis2_+1mm,encoder_level2,0.2171737402677536,0.9762095808982849,POLYIC_20190517_mouse35__E2_P1
brain,axis2_+1mm,encoder_level3,0.17518146336078644,0.9845837950706482,POLYIC_20190517_mouse35__E2_P1
brain,axis2_+1mm,encoder_level4,0.33040255308151245,0.9438470602035522,POLYIC_20190517_mouse35__E2_P1
brain,axis2_+1mm,canvas_level4,0.33040255308151245,0.9438470602035522,POLYIC_20190517_mouse35__E2_P1
brain,axis2_+1mm,canvas_level3,0.31571558117866516,0.9495164752006531,POLYIC_20190517_mouse35__E2_P1
brain,axis2_+1mm,canvas_level2,0.2828989326953888,0.9595767259597778,POLYIC_20190517_mouse35__E2_P1
brain,axis2_+1mm,canvas_level1,0.23124532401561737,0.9729334115982056,POLYIC_20190517_mouse35__E2_P1
brain,axis2_+1mm,canvas_level0,0.20916759967803955,0.9780006408691406,POLYIC_20190517_mouse35__E2_P1
brain,axis2_+1mm,output_logits,0.0883716270327568,0.9961061477661133,POLYIC_20190517_mouse35__E2_P1
brain,axis2_+1mm,query_mask_embedding,0.011364050209522247,0.9999492168426514,POLYIC_20190517_mouse35__E2_P1
brain,axis2_+2mm,input,2.9612049274874153e-06,1.0,POLYIC_20190517_mouse35__E2_P1
brain,axis2_+2mm,encoder_level0,0.03562216833233833,0.9993653893470764,POLYIC_20190517_mouse35__E2_P1
brain,axis2_+2mm,encoder_level1,0.2894289493560791,0.9572106599807739,POLYIC_20190517_mouse35__E2_P1
brain,axis2_+2mm,encoder_level2,0.25538861751556396,0.9668480753898621,POLYIC_20190517_mouse35__E2_P1
brain,axis2_+2mm,encoder_level3,0.18002568185329437,0.9836750626564026,POLYIC_20190517_mouse35__E2_P1
brain,axis2_+2mm,encoder_level4,0.1998794674873352,0.979897141456604,POLYIC_20190517_mouse35__E2_P1
brain,axis2_+2mm,canvas_level4,0.1998794674873352,0.979897141456604,POLYIC_20190517_mouse35__E2_P1
brain,axis2_+2mm,canvas_level3,0.34846949577331543,0.9382991790771484,POLYIC_20190517_mouse35__E2_P1
brain,axis2_+2mm,canvas_level2,0.346239298582077,0.9384934902191162,POLYIC_20190517_mouse35__E2_P1
brain,axis2_+2mm,canvas_level1,0.3208250105381012,0.9472723007202148,POLYIC_20190517_mouse35__E2_P1
brain,axis2_+2mm,canvas_level0,0.2683781087398529,0.9637506604194641,POLYIC_20190517_mouse35__E2_P1
brain,axis2_+2mm,output_logits,0.18731547892093658,0.9823991060256958,POLYIC_20190517_mouse35__E2_P1
brain,axis2_+2mm,query_mask_embedding,0.010522534139454365,0.9999532699584961,POLYIC_20190517_mouse35__E2_P1
brain,axis2_+4mm,input,3.0759131277591223e-06,1.0,POLYIC_20190517_mouse35__E2_P1
brain,axis2_+4mm,encoder_level0,0.08725612610578537,0.9961858987808228,POLYIC_20190517_mouse35__E2_P1
brain,axis2_+4mm,encoder_level1,0.24438869953155518,0.9696795344352722,POLYIC_20190517_mouse35__E2_P1
brain,axis2_+4mm,encoder_level2,0.37406572699546814,0.9274035692214966,POLYIC_20190517_mouse35__E2_P1
brain,axis2_+4mm,encoder_level3,0.3436398506164551,0.9391472935676575,POLYIC_20190517_mouse35__E2_P1
brain,axis2_+4mm,encoder_level4,0.25364357233047485,0.9678134322166443,POLYIC_20190517_mouse35__E2_P1
brain,axis2_+4mm,canvas_level4,0.25364357233047485,0.9678134322166443,POLYIC_20190517_mouse35__E2_P1
brain,axis2_+4mm,canvas_level3,0.4029422998428345,0.915472149848938,POLYIC_20190517_mouse35__E2_P1
brain,axis2_+4mm,canvas_level2,0.41433951258659363,0.9106090068817139,POLYIC_20190517_mouse35__E2_P1
brain,axis2_+4mm,canvas_level1,0.3326477110385895,0.9433615207672119,POLYIC_20190517_mouse35__E2_P1
brain,axis2_+4mm,canvas_level0,0.34169232845306396,0.9404118061065674,POLYIC_20190517_mouse35__E2_P1
brain,axis2_+4mm,output_logits,0.30602139234542847,0.9523420929908752,POLYIC_20190517_mouse35__E2_P1
brain,axis2_+4mm,query_mask_embedding,0.016059113666415215,0.9998955130577087,POLYIC_20190517_mouse35__E2_P1
brain,axis2_+6mm,input,2.873166977224173e-06,1.0,POLYIC_20190517_mouse35__E2_P1
brain,axis2_+6mm,encoder_level0,0.11814534664154053,0.992996335029602,POLYIC_20190517_mouse35__E2_P1
brain,axis2_+6mm,encoder_level1,0.4233366847038269,0.9059850573539734,POLYIC_20190517_mouse35__E2_P1
brain,axis2_+6mm,encoder_level2,0.4297308623790741,0.9029804468154907,POLYIC_20190517_mouse35__E2_P1
brain,axis2_+6mm,encoder_level3,0.4728146493434906,0.8812428712844849,POLYIC_20190517_mouse35__E2_P1
brain,axis2_+6mm,encoder_level4,0.34583529829978943,0.9384589195251465,POLYIC_20190517_mouse35__E2_P1
brain,axis2_+6mm,canvas_level4,0.34583529829978943,0.9384589195251465,POLYIC_20190517_mouse35__E2_P1
brain,axis2_+6mm,canvas_level3,0.4708099961280823,0.8825336694717407,POLYIC_20190517_mouse35__E2_P1
brain,axis2_+6mm,canvas_level2,0.4399729073047638,0.89861661195755,POLYIC_20190517_mouse35__E2_P1
brain,axis2_+6mm,canvas_level1,0.43121176958084106,0.9025866985321045,POLYIC_20190517_mouse35__E2_P1
brain,axis2_+6mm,canvas_level0,0.4183105230331421,0.9092504382133484,POLYIC_20190517_mouse35__E2_P1
brain,axis2_+6mm,output_logits,0.44345933198928833,0.8964825868606567,POLYIC_20190517_mouse35__E2_P1
brain,axis2_+6mm,query_mask_embedding,0.021303806453943253,0.9998258352279663,POLYIC_20190517_mouse35__E2_P1
brain,resampling_floor,input,2.528624236219912e-06,1.0,POLYIC_20190517_mouse36__E2_P1
brain,resampling_floor,encoder_level0,1.804498788260389e-05,1.0,POLYIC_20190517_mouse36__E2_P1
brain,resampling_floor,encoder_level1,1.874163899628911e-05,1.0,POLYIC_20190517_mouse36__E2_P1
brain,resampling_floor,encoder_level2,2.0173487428110093e-05,1.0,POLYIC_20190517_mouse36__E2_P1
brain,resampling_floor,encoder_level3,5.701941745428485e-07,0.9999999403953552,POLYIC_20190517_mouse36__E2_P1
brain,resampling_floor,encoder_level4,3.6511944472295e-06,1.0,POLYIC_20190517_mouse36__E2_P1
brain,resampling_floor,canvas_level4,3.6511944472295e-06,1.0,POLYIC_20190517_mouse36__E2_P1
brain,resampling_floor,canvas_level3,7.510588329751045e-05,0.9999999403953552,POLYIC_20190517_mouse36__E2_P1
brain,resampling_floor,canvas_level2,0.00016269752813968807,1.0,POLYIC_20190517_mouse36__E2_P1
brain,resampling_floor,canvas_level1,0.0001855396112659946,0.9999999403953552,POLYIC_20190517_mouse36__E2_P1
brain,resampling_floor,canvas_level0,0.00022464865469373763,1.0000001192092896,POLYIC_20190517_mouse36__E2_P1
brain,resampling_floor,output_logits,7.762302993796766e-05,1.0,POLYIC_20190517_mouse36__E2_P1
brain,resampling_floor,query_mask_embedding,2.8897866855004395e-07,0.9999999403953552,POLYIC_20190517_mouse36__E2_P1
brain,axis0_+1mm,input,2.214130518041202e-06,1.0,POLYIC_20190517_mouse36__E2_P1
brain,axis0_+1mm,encoder_level0,1.9176086425432004e-05,1.0,POLYIC_20190517_mouse36__E2_P1
brain,axis0_+1mm,encoder_level1,0.1929054707288742,0.9812334179878235,POLYIC_20190517_mouse36__E2_P1
brain,axis0_+1mm,encoder_level2,0.22051069140434265,0.9754055738449097,POLYIC_20190517_mouse36__E2_P1
brain,axis0_+1mm,encoder_level3,0.18145254254341125,0.9834036827087402,POLYIC_20190517_mouse36__E2_P1
brain,axis0_+1mm,encoder_level4,0.1659225970506668,0.9862301349639893,POLYIC_20190517_mouse36__E2_P1
brain,axis0_+1mm,canvas_level4,0.1659225970506668,0.9862301349639893,POLYIC_20190517_mouse36__E2_P1
brain,axis0_+1mm,canvas_level3,0.2367190569639206,0.9716050028800964,POLYIC_20190517_mouse36__E2_P1
brain,axis0_+1mm,canvas_level2,0.2384314388036728,0.9712291955947876,POLYIC_20190517_mouse36__E2_P1
brain,axis0_+1mm,canvas_level1,0.19929826259613037,0.9800047874450684,POLYIC_20190517_mouse36__E2_P1
brain,axis0_+1mm,canvas_level0,0.14336198568344116,0.9897778034210205,POLYIC_20190517_mouse36__E2_P1
brain,axis0_+1mm,output_logits,0.061652567237615585,0.9981237649917603,POLYIC_20190517_mouse36__E2_P1
brain,axis0_+1mm,query_mask_embedding,0.008464462123811245,0.9999696016311646,POLYIC_20190517_mouse36__E2_P1
brain,axis0_+2mm,input,2.2136923689686228e-06,0.9999998807907104,POLYIC_20190517_mouse36__E2_P1
brain,axis0_+2mm,encoder_level0,1.953859828063287e-05,0.9999998807907104,POLYIC_20190517_mouse36__E2_P1
brain,axis0_+2mm,encoder_level1,0.08185447007417679,0.9966696500778198,POLYIC_20190517_mouse36__E2_P1
brain,axis0_+2mm,encoder_level2,0.23704782128334045,0.9715002775192261,POLYIC_20190517_mouse36__E2_P1
brain,axis0_+2mm,encoder_level3,0.17108304798603058,0.9852592945098877,POLYIC_20190517_mouse36__E2_P1
brain,axis0_+2mm,encoder_level4,0.1968393325805664,0.9805165529251099,POLYIC_20190517_mouse36__E2_P1
brain,axis0_+2mm,canvas_level4,0.1968393325805664,0.9805165529251099,POLYIC_20190517_mouse36__E2_P1
brain,axis0_+2mm,canvas_level3,0.258174329996109,0.9661847352981567,POLYIC_20190517_mouse36__E2_P1
brain,axis0_+2mm,canvas_level2,0.2708478271961212,0.9626412391662598,POLYIC_20190517_mouse36__E2_P1
brain,axis0_+2mm,canvas_level1,0.19352330267429352,0.9813774228096008,POLYIC_20190517_mouse36__E2_P1
brain,axis0_+2mm,canvas_level0,0.1862107366323471,0.9828206896781921,POLYIC_20190517_mouse36__E2_P1
brain,axis0_+2mm,output_logits,0.07135476171970367,0.9974578619003296,POLYIC_20190517_mouse36__E2_P1
brain,axis0_+2mm,query_mask_embedding,0.0042138854041695595,0.9999919533729553,POLYIC_20190517_mouse36__E2_P1
brain,axis0_+4mm,input,2.1334969915187685e-06,1.0,POLYIC_20190517_mouse36__E2_P1
brain,axis0_+4mm,encoder_level0,0.07081786543130875,0.9974893927574158,POLYIC_20190517_mouse36__E2_P1
brain,axis0_+4mm,encoder_level1,0.21057277917861938,0.9776023626327515,POLYIC_20190517_mouse36__E2_P1
brain,axis0_+4mm,encoder_level2,0.2880919575691223,0.9579302668571472,POLYIC_20190517_mouse36__E2_P1
brain,axis0_+4mm,encoder_level3,0.22529861330986023,0.9743707180023193,POLYIC_20190517_mouse36__E2_P1
brain,axis0_+4mm,encoder_level4,0.20757438242435455,0.9782251119613647,POLYIC_20190517_mouse36__E2_P1
brain,axis0_+4mm,canvas_level4,0.20757438242435455,0.9782251119613647,POLYIC_20190517_mouse36__E2_P1
brain,axis0_+4mm,canvas_level3,0.31097856163978577,0.9506155252456665,POLYIC_20190517_mouse36__E2_P1
brain,axis0_+4mm,canvas_level2,0.3082228899002075,0.9517518281936646,POLYIC_20190517_mouse36__E2_P1
brain,axis0_+4mm,canvas_level1,0.280500203371048,0.9604924917221069,POLYIC_20190517_mouse36__E2_P1
brain,axis0_+4mm,canvas_level0,0.30303335189819336,0.9536871910095215,POLYIC_20190517_mouse36__E2_P1
brain,axis0_+4mm,output_logits,0.2770061194896698,0.960887610912323,POLYIC_20190517_mouse36__E2_P1
brain,axis0_+4mm,query_mask_embedding,0.002859801519662142,0.9999960660934448,POLYIC_20190517_mouse36__E2_P1
brain,axis0_+6mm,input,0.15760521590709686,0.9875022172927856,POLYIC_20190517_mouse36__E2_P1
brain,axis0_+6mm,encoder_level0,0.23895041644573212,0.9712125062942505,POLYIC_20190517_mouse36__E2_P1
brain,axis0_+6mm,encoder_level1,0.341738224029541,0.9401178359985352,POLYIC_20190517_mouse36__E2_P1
brain,axis0_+6mm,encoder_level2,0.39517754316329956,0.9186149835586548,POLYIC_20190517_mouse36__E2_P1
brain,axis0_+6mm,encoder_level3,0.34506142139434814,0.9386625289916992,POLYIC_20190517_mouse36__E2_P1
brain,axis0_+6mm,encoder_level4,0.22097326815128326,0.9754325151443481,POLYIC_20190517_mouse36__E2_P1
brain,axis0_+6mm,canvas_level4,0.22097326815128326,0.9754325151443481,POLYIC_20190517_mouse36__E2_P1
brain,axis0_+6mm,canvas_level3,0.3709827959537506,0.92918860912323,POLYIC_20190517_mouse36__E2_P1
brain,axis0_+6mm,canvas_level2,0.4043920934200287,0.9150558710098267,POLYIC_20190517_mouse36__E2_P1
brain,axis0_+6mm,canvas_level1,0.38669469952583313,0.9240667223930359,POLYIC_20190517_mouse36__E2_P1
brain,axis0_+6mm,canvas_level0,0.4026562571525574,0.9170984029769897,POLYIC_20190517_mouse36__E2_P1
brain,axis0_+6mm,output_logits,0.389362633228302,0.9212346076965332,POLYIC_20190517_mouse36__E2_P1
brain,axis0_+6mm,query_mask_embedding,0.007415232714265585,0.9999748468399048,POLYIC_20190517_mouse36__E2_P1
brain,axis1_+1mm,input,2.528624236219912e-06,1.0,POLYIC_20190517_mouse36__E2_P1
brain,axis1_+1mm,encoder_level0,1.803089980967343e-05,1.0,POLYIC_20190517_mouse36__E2_P1
brain,axis1_+1mm,encoder_level1,0.2049708515405655,0.9787683486938477,POLYIC_20190517_mouse36__E2_P1
brain,axis1_+1mm,encoder_level2,0.20746570825576782,0.9782423973083496,POLYIC_20190517_mouse36__E2_P1
brain,axis1_+1mm,encoder_level3,0.21472647786140442,0.9767002463340759,POLYIC_20190517_mouse36__E2_P1
brain,axis1_+1mm,encoder_level4,0.21847130358219147,0.976041316986084,POLYIC_20190517_mouse36__E2_P1
brain,axis1_+1mm,canvas_level4,0.21847130358219147,0.976041316986084,POLYIC_20190517_mouse36__E2_P1
brain,axis1_+1mm,canvas_level3,0.30731600522994995,0.9517669081687927,POLYIC_20190517_mouse36__E2_P1
brain,axis1_+1mm,canvas_level2,0.264337420463562,0.9645977020263672,POLYIC_20190517_mouse36__E2_P1
brain,axis1_+1mm,canvas_level1,0.2173536866903305,0.9761403799057007,POLYIC_20190517_mouse36__E2_P1
brain,axis1_+1mm,canvas_level0,0.14788633584976196,0.9890393018722534,POLYIC_20190517_mouse36__E2_P1
brain,axis1_+1mm,output_logits,0.06677582859992981,0.9978327751159668,POLYIC_20190517_mouse36__E2_P1
brain,axis1_+1mm,query_mask_embedding,0.01863500475883484,0.9998631477355957,POLYIC_20190517_mouse36__E2_P1
brain,axis1_+2mm,input,2.528624236219912e-06,1.0,POLYIC_20190517_mouse36__E2_P1
brain,axis1_+2mm,encoder_level0,0.03540893271565437,0.9993729591369629,POLYIC_20190517_mouse36__E2_P1
brain,axis1_+2mm,encoder_level1,0.12812119722366333,0.9917796850204468,POLYIC_20190517_mouse36__E2_P1
brain,axis1_+2mm,encoder_level2,0.22138354182243347,0.9752011895179749,POLYIC_20190517_mouse36__E2_P1
brain,axis1_+2mm,encoder_level3,0.17357617616653442,0.9848225712776184,POLYIC_20190517_mouse36__E2_P1
brain,axis1_+2mm,encoder_level4,0.21546697616577148,0.9767864942550659,POLYIC_20190517_mouse36__E2_P1
brain,axis1_+2mm,canvas_level4,0.21546697616577148,0.9767864942550659,POLYIC_20190517_mouse36__E2_P1
brain,axis1_+2mm,canvas_level3,0.2900863289833069,0.9572244882583618,POLYIC_20190517_mouse36__E2_P1
brain,axis1_+2mm,canvas_level2,0.29998859763145447,0.9541138410568237,POLYIC_20190517_mouse36__E2_P1
brain,axis1_+2mm,canvas_level1,0.21681635081768036,0.9763368368148804,POLYIC_20190517_mouse36__E2_P1
brain,axis1_+2mm,canvas_level0,0.20152880251407623,0.9795759320259094,POLYIC_20190517_mouse36__E2_P1
brain,axis1_+2mm,output_logits,0.13399508595466614,0.991045355796814,POLYIC_20190517_mouse36__E2_P1
brain,axis1_+2mm,query_mask_embedding,0.002120646648108959,0.9999987483024597,POLYIC_20190517_mouse36__E2_P1
brain,axis1_+4mm,input,2.528624236219912e-06,1.0,POLYIC_20190517_mouse36__E2_P1
brain,axis1_+4mm,encoder_level0,0.08673380315303802,0.9962314963340759,POLYIC_20190517_mouse36__E2_P1
brain,axis1_+4mm,encoder_level1,0.25275588035583496,0.9675527811050415,POLYIC_20190517_mouse36__E2_P1
brain,axis1_+4mm,encoder_level2,0.3036017119884491,0.9529966115951538,POLYIC_20190517_mouse36__E2_P1
brain,axis1_+4mm,encoder_level3,0.2452412247657776,0.9697144031524658,POLYIC_20190517_mouse36__E2_P1
brain,axis1_+4mm,encoder_level4,0.20022240281105042,0.9797766804695129,POLYIC_20190517_mouse36__E2_P1
brain,axis1_+4mm,canvas_level4,0.20022240281105042,0.9797766804695129,POLYIC_20190517_mouse36__E2_P1
brain,axis1_+4mm,canvas_level3,0.34637823700904846,0.938312292098999,POLYIC_20190517_mouse36__E2_P1
brain,axis1_+4mm,canvas_level2,0.33677664399147034,0.9423259496688843,POLYIC_20190517_mouse36__E2_P1
brain,axis1_+4mm,canvas_level1,0.28613290190696716,0.958358645439148,POLYIC_20190517_mouse36__E2_P1
brain,axis1_+4mm,canvas_level0,0.32291361689567566,0.9467743635177612,POLYIC_20190517_mouse36__E2_P1
brain,axis1_+4mm,output_logits,0.2897610366344452,0.957247793674469,POLYIC_20190517_mouse36__E2_P1
brain,axis1_+4mm,query_mask_embedding,0.007000553421676159,0.9999814033508301,POLYIC_20190517_mouse36__E2_P1
brain,axis1_+6mm,input,0.11133085191249847,0.9937833547592163,POLYIC_20190517_mouse36__E2_P1
brain,axis1_+6mm,encoder_level0,0.22923289239406586,0.9735221266746521,POLYIC_20190517_mouse36__E2_P1
brain,axis1_+6mm,encoder_level1,0.3658350110054016,0.9308582544326782,POLYIC_20190517_mouse36__E2_P1
brain,axis1_+6mm,encoder_level2,0.42232951521873474,0.9064433574676514,POLYIC_20190517_mouse36__E2_P1
brain,axis1_+6mm,encoder_level3,0.39225703477859497,0.9199776649475098,POLYIC_20190517_mouse36__E2_P1
brain,axis1_+6mm,encoder_level4,0.24074870347976685,0.970894455909729,POLYIC_20190517_mouse36__E2_P1
brain,axis1_+6mm,canvas_level4,0.24074870347976685,0.970894455909729,POLYIC_20190517_mouse36__E2_P1
brain,axis1_+6mm,canvas_level3,0.42977482080459595,0.9044243693351746,POLYIC_20190517_mouse36__E2_P1
brain,axis1_+6mm,canvas_level2,0.4258613884449005,0.9054406881332397,POLYIC_20190517_mouse36__E2_P1
brain,axis1_+6mm,canvas_level1,0.36887669563293457,0.9300930500030518,POLYIC_20190517_mouse36__E2_P1
brain,axis1_+6mm,canvas_level0,0.41095754504203796,0.9128411412239075,POLYIC_20190517_mouse36__E2_P1
brain,axis1_+6mm,output_logits,0.4007962644100189,0.9162001609802246,POLYIC_20190517_mouse36__E2_P1
brain,axis1_+6mm,query_mask_embedding,0.011136600747704506,0.999956488609314,POLYIC_20190517_mouse36__E2_P1
brain,axis2_+1mm,input,0.16038568317890167,0.9873980283737183,POLYIC_20190517_mouse36__E2_P1
brain,axis2_+1mm,encoder_level0,0.4057998061180115,0.9143138527870178,POLYIC_20190517_mouse36__E2_P1
brain,axis2_+1mm,encoder_level1,0.20767682790756226,0.9782530069351196,POLYIC_20190517_mouse36__E2_P1
brain,axis2_+1mm,encoder_level2,0.22165995836257935,0.9752095937728882,POLYIC_20190517_mouse36__E2_P1
brain,axis2_+1mm,encoder_level3,0.17659682035446167,0.9843321442604065,POLYIC_20190517_mouse36__E2_P1
brain,axis2_+1mm,encoder_level4,0.31267765164375305,0.9498946666717529,POLYIC_20190517_mouse36__E2_P1
brain,axis2_+1mm,canvas_level4,0.31267765164375305,0.9498946666717529,POLYIC_20190517_mouse36__E2_P1
brain,axis2_+1mm,canvas_level3,0.3218138515949249,0.9474915266036987,POLYIC_20190517_mouse36__E2_P1
brain,axis2_+1mm,canvas_level2,0.29049625992774963,0.9573610424995422,POLYIC_20190517_mouse36__E2_P1
brain,axis2_+1mm,canvas_level1,0.23343384265899658,0.9724060893058777,POLYIC_20190517_mouse36__E2_P1
brain,axis2_+1mm,canvas_level0,0.20587579905986786,0.978671669960022,POLYIC_20190517_mouse36__E2_P1
brain,axis2_+1mm,output_logits,0.08601941168308258,0.9963191151618958,POLYIC_20190517_mouse36__E2_P1
brain,axis2_+1mm,query_mask_embedding,0.012051263824105263,0.9999425411224365,POLYIC_20190517_mouse36__E2_P1
brain,axis2_+2mm,input,3.0188307391654234e-06,0.9999999403953552,POLYIC_20190517_mouse36__E2_P1
brain,axis2_+2mm,encoder_level0,0.03540893644094467,0.9993730187416077,POLYIC_20190517_mouse36__E2_P1
brain,axis2_+2mm,encoder_level1,0.29300397634506226,0.9561242461204529,POLYIC_20190517_mouse36__E2_P1
brain,axis2_+2mm,encoder_level2,0.25759533047676086,0.9662621021270752,POLYIC_20190517_mouse36__E2_P1
brain,axis2_+2mm,encoder_level3,0.18251724541187286,0.9832169413566589,POLYIC_20190517_mouse36__E2_P1
brain,axis2_+2mm,encoder_level4,0.21025635302066803,0.9777722954750061,POLYIC_20190517_mouse36__E2_P1
brain,axis2_+2mm,canvas_level4,0.21025635302066803,0.9777722954750061,POLYIC_20190517_mouse36__E2_P1
brain,axis2_+2mm,canvas_level3,0.3473629057407379,0.9387531280517578,POLYIC_20190517_mouse36__E2_P1
brain,axis2_+2mm,canvas_level2,0.34343472123146057,0.9394909143447876,POLYIC_20190517_mouse36__E2_P1
brain,axis2_+2mm,canvas_level1,0.3155645728111267,0.9490190148353577,POLYIC_20190517_mouse36__E2_P1
brain,axis2_+2mm,canvas_level0,0.2566455006599426,0.9668495655059814,POLYIC_20190517_mouse36__E2_P1
brain,axis2_+2mm,output_logits,0.17734548449516296,0.9842155575752258,POLYIC_20190517_mouse36__E2_P1
brain,axis2_+2mm,query_mask_embedding,0.008060322143137455,0.9999717473983765,POLYIC_20190517_mouse36__E2_P1
brain,axis2_+4mm,input,3.0835992674838053e-06,1.0,POLYIC_20190517_mouse36__E2_P1
brain,axis2_+4mm,encoder_level0,0.08673381805419922,0.9962316155433655,POLYIC_20190517_mouse36__E2_P1
brain,axis2_+4mm,encoder_level1,0.24368686974048615,0.9698562026023865,POLYIC_20190517_mouse36__E2_P1
brain,axis2_+4mm,encoder_level2,0.37622955441474915,0.9265277981758118,POLYIC_20190517_mouse36__E2_P1
brain,axis2_+4mm,encoder_level3,0.34551432728767395,0.9384569525718689,POLYIC_20190517_mouse36__E2_P1
brain,axis2_+4mm,encoder_level4,0.2687462866306305,0.9638481140136719,POLYIC_20190517_mouse36__E2_P1
brain,axis2_+4mm,canvas_level4,0.2687462866306305,0.9638481140136719,POLYIC_20190517_mouse36__E2_P1
brain,axis2_+4mm,canvas_level3,0.4053698182106018,0.914421796798706,POLYIC_20190517_mouse36__E2_P1
brain,axis2_+4mm,canvas_level2,0.41310805082321167,0.9111647605895996,POLYIC_20190517_mouse36__E2_P1
brain,axis2_+4mm,canvas_level1,0.32885706424713135,0.9446661472320557,POLYIC_20190517_mouse36__E2_P1
brain,axis2_+4mm,canvas_level0,0.3359277844429016,0.9424117803573608,POLYIC_20190517_mouse36__E2_P1
brain,axis2_+4mm,output_logits,0.3039546310901642,0.9529879689216614,POLYIC_20190517_mouse36__E2_P1
brain,axis2_+4mm,query_mask_embedding,0.015178901143372059,0.9999043345451355,POLYIC_20190517_mouse36__E2_P1
brain,axis2_+6mm,input,2.8677320642600534e-06,1.0,POLYIC_20190517_mouse36__E2_P1
brain,axis2_+6mm,encoder_level0,0.11743813753128052,0.9930802583694458,POLYIC_20190517_mouse36__E2_P1
brain,axis2_+6mm,encoder_level1,0.42519325017929077,0.9051172733306885,POLYIC_20190517_mouse36__E2_P1
brain,axis2_+6mm,encoder_level2,0.43090784549713135,0.9024159908294678,POLYIC_20190517_mouse36__E2_P1
brain,axis2_+6mm,encoder_level3,0.4739915728569031,0.8806116580963135,POLYIC_20190517_mouse36__E2_P1
brain,axis2_+6mm,encoder_level4,0.35462138056755066,0.9351826906204224,POLYIC_20190517_mouse36__E2_P1
brain,axis2_+6mm,canvas_level4,0.35462138056755066,0.9351826906204224,POLYIC_20190517_mouse36__E2_P1
brain,axis2_+6mm,canvas_level3,0.4698597192764282,0.883027195930481,POLYIC_20190517_mouse36__E2_P1
brain,axis2_+6mm,canvas_level2,0.4365590214729309,0.9002808332443237,POLYIC_20190517_mouse36__E2_P1
brain,axis2_+6mm,canvas_level1,0.4258112907409668,0.9051080942153931,POLYIC_20190517_mouse36__E2_P1
brain,axis2_+6mm,canvas_level0,0.4099442660808563,0.9128949642181396,POLYIC_20190517_mouse36__E2_P1
brain,axis2_+6mm,output_logits,0.43466952443122864,0.9008033275604248,POLYIC_20190517_mouse36__E2_P1
brain,axis2_+6mm,query_mask_embedding,0.01834961771965027,0.9998682737350464,POLYIC_20190517_mouse36__E2_P1
brain,resampling_floor,input,3.7173520013311645e-06,1.0,POLYIC_20190517_mouse37__E3_P1
brain,resampling_floor,encoder_level0,2.0064020645804703e-05,1.0,POLYIC_20190517_mouse37__E3_P1
brain,resampling_floor,encoder_level1,2.390668487350922e-05,0.9999999403953552,POLYIC_20190517_mouse37__E3_P1
brain,resampling_floor,encoder_level2,2.4302360543515533e-05,1.0,POLYIC_20190517_mouse37__E3_P1
brain,resampling_floor,encoder_level3,9.396017048857175e-07,1.0,POLYIC_20190517_mouse37__E3_P1
brain,resampling_floor,encoder_level4,4.807973709830549e-06,1.0,POLYIC_20190517_mouse37__E3_P1
brain,resampling_floor,canvas_level4,4.807973709830549e-06,1.0,POLYIC_20190517_mouse37__E3_P1
brain,resampling_floor,canvas_level3,8.307476673508063e-05,1.0,POLYIC_20190517_mouse37__E3_P1
brain,resampling_floor,canvas_level2,0.00017601561557967216,0.9999999403953552,POLYIC_20190517_mouse37__E3_P1
brain,resampling_floor,canvas_level1,0.00019565250840969384,1.0000001192092896,POLYIC_20190517_mouse37__E3_P1
brain,resampling_floor,canvas_level0,0.0002323431835975498,1.0,POLYIC_20190517_mouse37__E3_P1
brain,resampling_floor,output_logits,8.159778371918947e-05,0.9999998807907104,POLYIC_20190517_mouse37__E3_P1
brain,resampling_floor,query_mask_embedding,1.931835640789359e-06,1.0000001192092896,POLYIC_20190517_mouse37__E3_P1
brain,axis0_+1mm,input,3.2367863695981214e-06,1.0000001192092896,POLYIC_20190517_mouse37__E3_P1
brain,axis0_+1mm,encoder_level0,2.0490455426624976e-05,1.0,POLYIC_20190517_mouse37__E3_P1
brain,axis0_+1mm,encoder_level1,0.2657710909843445,0.9640594720840454,POLYIC_20190517_mouse37__E3_P1
brain,axis0_+1mm,encoder_level2,0.23290154337882996,0.9725498557090759,POLYIC_20190517_mouse37__E3_P1
brain,axis0_+1mm,encoder_level3,0.17422278225421906,0.984714150428772,POLYIC_20190517_mouse37__E3_P1
brain,axis0_+1mm,encoder_level4,0.14329096674919128,0.9898000955581665,POLYIC_20190517_mouse37__E3_P1
brain,axis0_+1mm,canvas_level4,0.14329096674919128,0.9898000955581665,POLYIC_20190517_mouse37__E3_P1
brain,axis0_+1mm,canvas_level3,0.23722930252552032,0.9715210795402527,POLYIC_20190517_mouse37__E3_P1
brain,axis0_+1mm,canvas_level2,0.256965309381485,0.966570258140564,POLYIC_20190517_mouse37__E3_P1
brain,axis0_+1mm,canvas_level1,0.2517596185207367,0.9680298566818237,POLYIC_20190517_mouse37__E3_P1
brain,axis0_+1mm,canvas_level0,0.1510726511478424,0.9886652231216431,POLYIC_20190517_mouse37__E3_P1
brain,axis0_+1mm,output_logits,0.07014162838459015,0.9975507259368896,POLYIC_20190517_mouse37__E3_P1
brain,axis0_+1mm,query_mask_embedding,0.003172142431139946,0.9999951720237732,POLYIC_20190517_mouse37__E3_P1
brain,axis0_+2mm,input,3.1660256354371086e-06,1.0000001192092896,POLYIC_20190517_mouse37__E3_P1
brain,axis0_+2mm,encoder_level0,2.0958794266334735e-05,1.0,POLYIC_20190517_mouse37__E3_P1
brain,axis0_+2mm,encoder_level1,0.09073664247989655,0.9959125518798828,POLYIC_20190517_mouse37__E3_P1
brain,axis0_+2mm,encoder_level2,0.248845636844635,0.9685472846031189,POLYIC_20190517_mouse37__E3_P1
brain,axis0_+2mm,encoder_level3,0.16334804892539978,0.9865739345550537,POLYIC_20190517_mouse37__E3_P1
brain,axis0_+2mm,encoder_level4,0.17144720256328583,0.9853798151016235,POLYIC_20190517_mouse37__E3_P1
brain,axis0_+2mm,canvas_level4,0.17144720256328583,0.9853798151016235,POLYIC_20190517_mouse37__E3_P1
brain,axis0_+2mm,canvas_level3,0.24715910851955414,0.9691017866134644,POLYIC_20190517_mouse37__E3_P1
brain,axis0_+2mm,canvas_level2,0.2910732328891754,0.9567906856536865,POLYIC_20190517_mouse37__E3_P1
brain,axis0_+2mm,canvas_level1,0.21563079953193665,0.9770038723945618,POLYIC_20190517_mouse37__E3_P1
brain,axis0_+2mm,canvas_level0,0.19768893718719482,0.980720043182373,POLYIC_20190517_mouse37__E3_P1
brain,axis0_+2mm,output_logits,0.0767592266201973,0.997118353843689,POLYIC_20190517_mouse37__E3_P1
brain,axis0_+2mm,query_mask_embedding,0.007406590506434441,0.999977707862854,POLYIC_20190517_mouse37__E3_P1
brain,axis0_+4mm,input,3.1606698485120432e-06,1.0000001192092896,POLYIC_20190517_mouse37__E3_P1
brain,axis0_+4mm,encoder_level0,0.07214020192623138,0.9973945617675781,POLYIC_20190517_mouse37__E3_P1
brain,axis0_+4mm,encoder_level1,0.21517960727214813,0.9766101837158203,POLYIC_20190517_mouse37__E3_P1
brain,axis0_+4mm,encoder_level2,0.29173246026039124,0.9568688869476318,POLYIC_20190517_mouse37__E3_P1
brain,axis0_+4mm,encoder_level3,0.2172161042690277,0.976195752620697,POLYIC_20190517_mouse37__E3_P1
brain,axis0_+4mm,encoder_level4,0.18735186755657196,0.9823079705238342,POLYIC_20190517_mouse37__E3_P1
brain,axis0_+4mm,canvas_level4,0.18735186755657196,0.9823079705238342,POLYIC_20190517_mouse37__E3_P1
brain,axis0_+4mm,canvas_level3,0.3012775182723999,0.9538052082061768,POLYIC_20190517_mouse37__E3_P1
brain,axis0_+4mm,canvas_level2,0.3228509724140167,0.9471273422241211,POLYIC_20190517_mouse37__E3_P1
brain,axis0_+4mm,canvas_level1,0.29405876994132996,0.9568674564361572,POLYIC_20190517_mouse37__E3_P1
brain,axis0_+4mm,canvas_level0,0.31351879239082336,0.950702428817749,POLYIC_20190517_mouse37__E3_P1
brain,axis0_+4mm,output_logits,0.2781554162502289,0.9606543183326721,POLYIC_20190517_mouse37__E3_P1
brain,axis0_+4mm,query_mask_embedding,0.0032639377750456333,0.9999951124191284,POLYIC_20190517_mouse37__E3_P1
brain,axis0_+6mm,input,0.16423887014389038,0.9864205718040466,POLYIC_20190517_mouse37__E3_P1
brain,axis0_+6mm,encoder_level0,0.2447691410779953,0.9697543382644653,POLYIC_20190517_mouse37__E3_P1
brain,axis0_+6mm,encoder_level1,0.3474717438220978,0.9380447864532471,POLYIC_20190517_mouse37__E3_P1
brain,axis0_+6mm,encoder_level2,0.40962982177734375,0.9123440384864807,POLYIC_20190517_mouse37__E3_P1
brain,axis0_+6mm,encoder_level3,0.34512844681739807,0.9386098384857178,POLYIC_20190517_mouse37__E3_P1
brain,axis0_+6mm,encoder_level4,0.1968689113855362,0.9804589748382568,POLYIC_20190517_mouse37__E3_P1
brain,axis0_+6mm,canvas_level4,0.1968689113855362,0.9804589748382568,POLYIC_20190517_mouse37__E3_P1
brain,axis0_+6mm,canvas_level3,0.371305912733078,0.9293383955955505,POLYIC_20190517_mouse37__E3_P1
brain,axis0_+6mm,canvas_level2,0.4304661750793457,0.9034750461578369,POLYIC_20190517_mouse37__E3_P1
brain,axis0_+6mm,canvas_level1,0.40912461280822754,0.9152719974517822,POLYIC_20190517_mouse37__E3_P1
brain,axis0_+6mm,canvas_level0,0.4100291430950165,0.914499044418335,POLYIC_20190517_mouse37__E3_P1
brain,axis0_+6mm,output_logits,0.37952151894569397,0.9255644083023071,POLYIC_20190517_mouse37__E3_P1
brain,axis0_+6mm,query_mask_embedding,0.01444623339921236,0.9999151229858398,POLYIC_20190517_mouse37__E3_P1
brain,axis1_+1mm,input,3.7173520013311645e-06,1.0,POLYIC_20190517_mouse37__E3_P1
brain,axis1_+1mm,encoder_level0,2.0077744920854457e-05,1.0,POLYIC_20190517_mouse37__E3_P1
brain,axis1_+1mm,encoder_level1,0.2624533176422119,0.9649456739425659,POLYIC_20190517_mouse37__E3_P1
brain,axis1_+1mm,encoder_level2,0.2190777063369751,0.975716233253479,POLYIC_20190517_mouse37__E3_P1
brain,axis1_+1mm,encoder_level3,0.2009257972240448,0.9796187281608582,POLYIC_20190517_mouse37__E3_P1
brain,axis1_+1mm,encoder_level4,0.1822458952665329,0.9835026264190674,POLYIC_20190517_mouse37__E3_P1
brain,axis1_+1mm,canvas_level4,0.1822458952665329,0.9835026264190674,POLYIC_20190517_mouse37__E3_P1
brain,axis1_+1mm,canvas_level3,0.29004213213920593,0.9570500254631042,POLYIC_20190517_mouse37__E3_P1
brain,axis1_+1mm,canvas_level2,0.26918551325798035,0.9632363319396973,POLYIC_20190517_mouse37__E3_P1
brain,axis1_+1mm,canvas_level1,0.2547694742679596,0.9670741558074951,POLYIC_20190517_mouse37__E3_P1
brain,axis1_+1mm,canvas_level0,0.1587560474872589,0.9873759150505066,POLYIC_20190517_mouse37__E3_P1
brain,axis1_+1mm,output_logits,0.0824889987707138,0.9966020584106445,POLYIC_20190517_mouse37__E3_P1
brain,axis1_+1mm,query_mask_embedding,0.0044465516693890095,0.9999916553497314,POLYIC_20190517_mouse37__E3_P1
brain,axis1_+2mm,input,3.7173520013311645e-06,1.0,POLYIC_20190517_mouse37__E3_P1
brain,axis1_+2mm,encoder_level0,0.03607010841369629,0.9993492960929871,POLYIC_20190517_mouse37__E3_P1
brain,axis1_+2mm,encoder_level1,0.13254816830158234,0.9912049770355225,POLYIC_20190517_mouse37__E3_P1
brain,axis1_+2mm,encoder_level2,0.24608264863491058,0.9692491292953491,POLYIC_20190517_mouse37__E3_P1
brain,axis1_+2mm,encoder_level3,0.1960545778274536,0.9806146025657654,POLYIC_20190517_mouse37__E3_P1
brain,axis1_+2mm,encoder_level4,0.20067812502384186,0.9799312353134155,POLYIC_20190517_mouse37__E3_P1
brain,axis1_+2mm,canvas_level4,0.20067812502384186,0.9799312353134155,POLYIC_20190517_mouse37__E3_P1
brain,axis1_+2mm,canvas_level3,0.3103351891040802,0.9508724212646484,POLYIC_20190517_mouse37__E3_P1
brain,axis1_+2mm,canvas_level2,0.32440924644470215,0.9462105631828308,POLYIC_20190517_mouse37__E3_P1
brain,axis1_+2mm,canvas_level1,0.22965729236602783,0.9734863638877869,POLYIC_20190517_mouse37__E3_P1
brain,axis1_+2mm,canvas_level0,0.2004055231809616,0.9798471927642822,POLYIC_20190517_mouse37__E3_P1
brain,axis1_+2mm,output_logits,0.13060778379440308,0.9914828538894653,POLYIC_20190517_mouse37__E3_P1
brain,axis1_+2mm,query_mask_embedding,0.006220177281647921,0.9999846816062927,POLYIC_20190517_mouse37__E3_P1
brain,axis1_+4mm,input,3.7173520013311645e-06,1.0,POLYIC_20190517_mouse37__E3_P1
brain,axis1_+4mm,encoder_level0,0.08835333585739136,0.9960891604423523,POLYIC_20190517_mouse37__E3_P1
brain,axis1_+4mm,encoder_level1,0.25621527433395386,0.9666503667831421,POLYIC_20190517_mouse37__E3_P1
brain,axis1_+4mm,encoder_level2,0.2971414029598236,0.9550367593765259,POLYIC_20190517_mouse37__E3_P1
brain,axis1_+4mm,encoder_level3,0.25069883465766907,0.9682121872901917,POLYIC_20190517_mouse37__E3_P1
brain,axis1_+4mm,encoder_level4,0.195183664560318,0.9808834791183472,POLYIC_20190517_mouse37__E3_P1
brain,axis1_+4mm,canvas_level4,0.195183664560318,0.9808834791183472,POLYIC_20190517_mouse37__E3_P1
brain,axis1_+4mm,canvas_level3,0.35513290762901306,0.9350142478942871,POLYIC_20190517_mouse37__E3_P1
brain,axis1_+4mm,canvas_level2,0.3446369767189026,0.9397119283676147,POLYIC_20190517_mouse37__E3_P1
brain,axis1_+4mm,canvas_level1,0.28793856501579285,0.9579059481620789,POLYIC_20190517_mouse37__E3_P1
brain,axis1_+4mm,canvas_level0,0.32005882263183594,0.9478392601013184,POLYIC_20190517_mouse37__E3_P1
brain,axis1_+4mm,output_logits,0.28099092841148376,0.9597744941711426,POLYIC_20190517_mouse37__E3_P1
brain,axis1_+4mm,query_mask_embedding,0.005159209482371807,0.9999887943267822,POLYIC_20190517_mouse37__E3_P1
brain,axis1_+6mm,input,3.7173520013311645e-06,1.0,POLYIC_20190517_mouse37__E3_P1
brain,axis1_+6mm,encoder_level0,0.11963098496198654,0.9928183555603027,POLYIC_20190517_mouse37__E3_P1
brain,axis1_+6mm,encoder_level1,0.3425171971321106,0.9395459294319153,POLYIC_20190517_mouse37__E3_P1
brain,axis1_+6mm,encoder_level2,0.42424649000167847,0.905552864074707,POLYIC_20190517_mouse37__E3_P1
brain,axis1_+6mm,encoder_level3,0.4026154577732086,0.9154285788536072,POLYIC_20190517_mouse37__E3_P1
brain,axis1_+6mm,encoder_level4,0.24094578623771667,0.9708033204078674,POLYIC_20190517_mouse37__E3_P1
brain,axis1_+6mm,canvas_level4,0.24094578623771667,0.9708033204078674,POLYIC_20190517_mouse37__E3_P1
brain,axis1_+6mm,canvas_level3,0.4057352840900421,0.9148221611976624,POLYIC_20190517_mouse37__E3_P1
brain,axis1_+6mm,canvas_level2,0.4250671863555908,0.9057167768478394,POLYIC_20190517_mouse37__E3_P1
brain,axis1_+6mm,canvas_level1,0.3577854037284851,0.9343976974487305,POLYIC_20190517_mouse37__E3_P1
brain,axis1_+6mm,canvas_level0,0.4002969264984131,0.9175021648406982,POLYIC_20190517_mouse37__E3_P1
brain,axis1_+6mm,output_logits,0.37928712368011475,0.925322413444519,POLYIC_20190517_mouse37__E3_P1
brain,axis1_+6mm,query_mask_embedding,0.008016851730644703,0.9999768733978271,POLYIC_20190517_mouse37__E3_P1
brain,axis2_+1mm,input,0.233429953455925,0.9730215072631836,POLYIC_20190517_mouse37__E3_P1
brain,axis2_+1mm,encoder_level0,0.4735441207885742,0.881255030632019,POLYIC_20190517_mouse37__E3_P1
brain,axis2_+1mm,encoder_level1,0.2287125587463379,0.9735032320022583,POLYIC_20190517_mouse37__E3_P1
brain,axis2_+1mm,encoder_level2,0.2171992063522339,0.9761968851089478,POLYIC_20190517_mouse37__E3_P1
brain,axis2_+1mm,encoder_level3,0.1858498752117157,0.9826566576957703,POLYIC_20190517_mouse37__E3_P1
brain,axis2_+1mm,encoder_level4,0.29624345898628235,0.9554805159568787,POLYIC_20190517_mouse37__E3_P1
brain,axis2_+1mm,canvas_level4,0.29624345898628235,0.9554805159568787,POLYIC_20190517_mouse37__E3_P1
brain,axis2_+1mm,canvas_level3,0.33526894450187683,0.9429118633270264,POLYIC_20190517_mouse37__E3_P1
brain,axis2_+1mm,canvas_level2,0.2949363589286804,0.9560738205909729,POLYIC_20190517_mouse37__E3_P1
brain,axis2_+1mm,canvas_level1,0.2522174119949341,0.9677985906600952,POLYIC_20190517_mouse37__E3_P1
brain,axis2_+1mm,canvas_level0,0.24074587225914001,0.9708338975906372,POLYIC_20190517_mouse37__E3_P1
brain,axis2_+1mm,output_logits,0.0990125760436058,0.995479941368103,POLYIC_20190517_mouse37__E3_P1
brain,axis2_+1mm,query_mask_embedding,0.05076535791158676,0.9990267753601074,POLYIC_20190517_mouse37__E3_P1
brain,axis2_+2mm,input,4.168954092165222e-06,1.0,POLYIC_20190517_mouse37__E3_P1
brain,axis2_+2mm,encoder_level0,0.03607010468840599,0.9993492364883423,POLYIC_20190517_mouse37__E3_P1
brain,axis2_+2mm,encoder_level1,0.3253802955150604,0.9456009864807129,POLYIC_20190517_mouse37__E3_P1
brain,axis2_+2mm,encoder_level2,0.25796911120414734,0.9661819338798523,POLYIC_20190517_mouse37__E3_P1
brain,axis2_+2mm,encoder_level3,0.1760525405406952,0.9843989610671997,POLYIC_20190517_mouse37__E3_P1
brain,axis2_+2mm,encoder_level4,0.16994060575962067,0.9854543805122375,POLYIC_20190517_mouse37__E3_P1
brain,axis2_+2mm,canvas_level4,0.16994060575962067,0.9854543805122375,POLYIC_20190517_mouse37__E3_P1
brain,axis2_+2mm,canvas_level3,0.33371174335479736,0.9432215690612793,POLYIC_20190517_mouse37__E3_P1
brain,axis2_+2mm,canvas_level2,0.3457086384296417,0.9386948347091675,POLYIC_20190517_mouse37__E3_P1
brain,axis2_+2mm,canvas_level1,0.3426993191242218,0.9396896362304688,POLYIC_20190517_mouse37__E3_P1
brain,axis2_+2mm,canvas_level0,0.27965715527534485,0.9606865048408508,POLYIC_20190517_mouse37__E3_P1
brain,axis2_+2mm,output_logits,0.19795086979866028,0.9803276062011719,POLYIC_20190517_mouse37__E3_P1
brain,axis2_+2mm,query_mask_embedding,0.019773907959461212,0.9998475313186646,POLYIC_20190517_mouse37__E3_P1
brain,axis2_+4mm,input,4.4892267396789975e-06,1.0,POLYIC_20190517_mouse37__E3_P1
brain,axis2_+4mm,encoder_level0,0.08835333585739136,0.9960892200469971,POLYIC_20190517_mouse37__E3_P1
brain,axis2_+4mm,encoder_level1,0.24589557945728302,0.9692991971969604,POLYIC_20190517_mouse37__E3_P1
brain,axis2_+4mm,encoder_level2,0.37715375423431396,0.9261783957481384,POLYIC_20190517_mouse37__E3_P1
brain,axis2_+4mm,encoder_level3,0.3405797779560089,0.9402403831481934,POLYIC_20190517_mouse37__E3_P1
brain,axis2_+4mm,encoder_level4,0.22908519208431244,0.9734709858894348,POLYIC_20190517_mouse37__E3_P1
brain,axis2_+4mm,canvas_level4,0.22908519208431244,0.9734709858894348,POLYIC_20190517_mouse37__E3_P1
brain,axis2_+4mm,canvas_level3,0.39184147119522095,0.9202538132667542,POLYIC_20190517_mouse37__E3_P1
brain,axis2_+4mm,canvas_level2,0.4166449010372162,0.9095752239227295,POLYIC_20190517_mouse37__E3_P1
brain,axis2_+4mm,canvas_level1,0.3385685384273529,0.9413560032844543,POLYIC_20190517_mouse37__E3_P1
brain,axis2_+4mm,canvas_level0,0.3619938790798187,0.9332295656204224,POLYIC_20190517_mouse37__E3_P1
brain,axis2_+4mm,output_logits,0.30512097477912903,0.952422559261322,POLYIC_20190517_mouse37__E3_P1
brain,axis2_+4mm,query_mask_embedding,0.01371448952704668,0.9999235272407532,POLYIC_20190517_mouse37__E3_P1
brain,axis2_+6mm,input,4.0700942918192595e-06,1.0000001192092896,POLYIC_20190517_mouse37__E3_P1
brain,axis2_+6mm,encoder_level0,0.11963098496198654,0.9928184747695923,POLYIC_20190517_mouse37__E3_P1
brain,axis2_+6mm,encoder_level1,0.4494713544845581,0.8933160305023193,POLYIC_20190517_mouse37__E3_P1
brain,axis2_+6mm,encoder_level2,0.42598703503608704,0.9047751426696777,POLYIC_20190517_mouse37__E3_P1
brain,axis2_+6mm,encoder_level3,0.46982353925704956,0.8827954530715942,POLYIC_20190517_mouse37__E3_P1
brain,axis2_+6mm,encoder_level4,0.3234495222568512,0.9463757872581482,POLYIC_20190517_mouse37__E3_P1
brain,axis2_+6mm,canvas_level4,0.3234495222568512,0.9463757872581482,POLYIC_20190517_mouse37__E3_P1
brain,axis2_+6mm,canvas_level3,0.45467880368232727,0.8908064961433411,POLYIC_20190517_mouse37__E3_P1
brain,axis2_+6mm,canvas_level2,0.43629926443099976,0.9002479314804077,POLYIC_20190517_mouse37__E3_P1
brain,axis2_+6mm,canvas_level1,0.4436318278312683,0.8967064619064331,POLYIC_20190517_mouse37__E3_P1
brain,axis2_+6mm,canvas_level0,0.4268432855606079,0.9056909680366516,POLYIC_20190517_mouse37__E3_P1
brain,axis2_+6mm,output_logits,0.4438920021057129,0.8960814476013184,POLYIC_20190517_mouse37__E3_P1
brain,axis2_+6mm,query_mask_embedding,0.01076299324631691,0.9999520182609558,POLYIC_20190517_mouse37__E3_P1
brain,resampling_floor,input,2.700315462789149e-06,1.0,POLYIC_20190517_mouse38__E3_P1
brain,resampling_floor,encoder_level0,1.8719254512689076e-05,0.9999999403953552,POLYIC_20190517_mouse38__E3_P1
brain,resampling_floor,encoder_level1,1.8835118680726737e-05,0.9999998807907104,POLYIC_20190517_mouse38__E3_P1
brain,resampling_floor,encoder_level2,2.0423849491635337e-05,0.9999999403953552,POLYIC_20190517_mouse38__E3_P1
brain,resampling_floor,encoder_level3,5.94657251440367e-07,1.0,POLYIC_20190517_mouse38__E3_P1
brain,resampling_floor,encoder_level4,4.278264441381907e-06,1.0,POLYIC_20190517_mouse38__E3_P1
brain,resampling_floor,canvas_level4,4.278264441381907e-06,1.0,POLYIC_20190517_mouse38__E3_P1
brain,resampling_floor,canvas_level3,7.489731069654226e-05,1.0,POLYIC_20190517_mouse38__E3_P1
brain,resampling_floor,canvas_level2,0.00016300535935442895,0.9999999403953552,POLYIC_20190517_mouse38__E3_P1
brain,resampling_floor,canvas_level1,0.00018544132763054222,0.9999998807907104,POLYIC_20190517_mouse38__E3_P1
brain,resampling_floor,canvas_level0,0.00022442940098699182,0.9999999403953552,POLYIC_20190517_mouse38__E3_P1
brain,resampling_floor,output_logits,7.749121868982911e-05,1.0,POLYIC_20190517_mouse38__E3_P1
brain,resampling_floor,query_mask_embedding,5.40548342087277e-07,0.9999998807907104,POLYIC_20190517_mouse38__E3_P1
brain,axis0_+1mm,input,2.3694437913945876e-06,1.0,POLYIC_20190517_mouse38__E3_P1
brain,axis0_+1mm,encoder_level0,2.0135301383561455e-05,0.9999999403953552,POLYIC_20190517_mouse38__E3_P1
brain,axis0_+1mm,encoder_level1,0.19633737206459045,0.980552613735199,POLYIC_20190517_mouse38__E3_P1
brain,axis0_+1mm,encoder_level2,0.21744264662265778,0.976085901260376,POLYIC_20190517_mouse38__E3_P1
brain,axis0_+1mm,encoder_level3,0.1806882917881012,0.9835429191589355,POLYIC_20190517_mouse38__E3_P1
brain,axis0_+1mm,encoder_level4,0.1686503142118454,0.9859073162078857,POLYIC_20190517_mouse38__E3_P1
brain,axis0_+1mm,canvas_level4,0.1686503142118454,0.9859073162078857,POLYIC_20190517_mouse38__E3_P1
brain,axis0_+1mm,canvas_level3,0.2379341572523117,0.9713032245635986,POLYIC_20190517_mouse38__E3_P1
brain,axis0_+1mm,canvas_level2,0.23507757484912872,0.9720314741134644,POLYIC_20190517_mouse38__E3_P1
brain,axis0_+1mm,canvas_level1,0.19795314967632294,0.9802707433700562,POLYIC_20190517_mouse38__E3_P1
brain,axis0_+1mm,canvas_level0,0.1381676346063614,0.9905016422271729,POLYIC_20190517_mouse38__E3_P1
brain,axis0_+1mm,output_logits,0.059709999710321426,0.998215913772583,POLYIC_20190517_mouse38__E3_P1
brain,axis0_+1mm,query_mask_embedding,0.002100713551044464,0.9999986290931702,POLYIC_20190517_mouse38__E3_P1
brain,axis0_+2mm,input,2.392600890743779e-06,1.0,POLYIC_20190517_mouse38__E3_P1
brain,axis0_+2mm,encoder_level0,1.9222765331505798e-05,0.9999999403953552,POLYIC_20190517_mouse38__E3_P1
brain,axis0_+2mm,encoder_level1,0.08197750151157379,0.9966598749160767,POLYIC_20190517_mouse38__E3_P1
brain,axis0_+2mm,encoder_level2,0.23595012724399567,0.9717696905136108,POLYIC_20190517_mouse38__E3_P1
brain,axis0_+2mm,encoder_level3,0.17212188243865967,0.9850778579711914,POLYIC_20190517_mouse38__E3_P1
brain,axis0_+2mm,encoder_level4,0.19390271604061127,0.9812684059143066,POLYIC_20190517_mouse38__E3_P1
brain,axis0_+2mm,canvas_level4,0.19390271604061127,0.9812684059143066,POLYIC_20190517_mouse38__E3_P1
brain,axis0_+2mm,canvas_level3,0.2572094202041626,0.966456949710846,POLYIC_20190517_mouse38__E3_P1
brain,axis0_+2mm,canvas_level2,0.2693263292312622,0.9630630016326904,POLYIC_20190517_mouse38__E3_P1
brain,axis0_+2mm,canvas_level1,0.1923607885837555,0.9816414713859558,POLYIC_20190517_mouse38__E3_P1
brain,axis0_+2mm,canvas_level0,0.1873406171798706,0.9826369285583496,POLYIC_20190517_mouse38__E3_P1
brain,axis0_+2mm,output_logits,0.07381191104650497,0.9972758293151855,POLYIC_20190517_mouse38__E3_P1
brain,axis0_+2mm,query_mask_embedding,0.0022885059006512165,0.9999982714653015,POLYIC_20190517_mouse38__E3_P1
brain,axis0_+4mm,input,2.2331719264911953e-06,0.9999998807907104,POLYIC_20190517_mouse38__E3_P1
brain,axis0_+4mm,encoder_level0,0.07042878866195679,0.9975167512893677,POLYIC_20190517_mouse38__E3_P1
brain,axis0_+4mm,encoder_level1,0.21087594330310822,0.9775372743606567,POLYIC_20190517_mouse38__E3_P1
brain,axis0_+4mm,encoder_level2,0.2859852910041809,0.958541214466095,POLYIC_20190517_mouse38__E3_P1
brain,axis0_+4mm,encoder_level3,0.22541660070419312,0.9743514657020569,POLYIC_20190517_mouse38__E3_P1
brain,axis0_+4mm,encoder_level4,0.19933031499385834,0.9799823760986328,POLYIC_20190517_mouse38__E3_P1
brain,axis0_+4mm,canvas_level4,0.19933031499385834,0.9799823760986328,POLYIC_20190517_mouse38__E3_P1
brain,axis0_+4mm,canvas_level3,0.3012455701828003,0.9536594748497009,POLYIC_20190517_mouse38__E3_P1
brain,axis0_+4mm,canvas_level2,0.3005661368370056,0.9541444778442383,POLYIC_20190517_mouse38__E3_P1
brain,axis0_+4mm,canvas_level1,0.27392086386680603,0.962357223033905,POLYIC_20190517_mouse38__E3_P1
brain,axis0_+4mm,canvas_level0,0.30054664611816406,0.954480767250061,POLYIC_20190517_mouse38__E3_P1
brain,axis0_+4mm,output_logits,0.2775684893131256,0.9607164263725281,POLYIC_20190517_mouse38__E3_P1
brain,axis0_+4mm,query_mask_embedding,0.0027548852376639843,0.9999985098838806,POLYIC_20190517_mouse38__E3_P1
brain,axis0_+6mm,input,0.15893521904945374,0.9872890114784241,POLYIC_20190517_mouse38__E3_P1
brain,axis0_+6mm,encoder_level0,0.23417553305625916,0.9723625779151917,POLYIC_20190517_mouse38__E3_P1
brain,axis0_+6mm,encoder_level1,0.3408862352371216,0.9404159188270569,POLYIC_20190517_mouse38__E3_P1
brain,axis0_+6mm,encoder_level2,0.39482179284095764,0.9187670350074768,POLYIC_20190517_mouse38__E3_P1
brain,axis0_+6mm,encoder_level3,0.34534507989883423,0.9385623931884766,POLYIC_20190517_mouse38__E3_P1
brain,axis0_+6mm,encoder_level4,0.2006748467683792,0.9796802997589111,POLYIC_20190517_mouse38__E3_P1
brain,axis0_+6mm,canvas_level4,0.2006748467683792,0.9796802997589111,POLYIC_20190517_mouse38__E3_P1
brain,axis0_+6mm,canvas_level3,0.3605765700340271,0.9332159757614136,POLYIC_20190517_mouse38__E3_P1
brain,axis0_+6mm,canvas_level2,0.39859503507614136,0.917507529258728,POLYIC_20190517_mouse38__E3_P1
brain,axis0_+6mm,canvas_level1,0.3779717981815338,0.9274919629096985,POLYIC_20190517_mouse38__E3_P1
brain,axis0_+6mm,canvas_level0,0.39798447489738464,0.9190424680709839,POLYIC_20190517_mouse38__E3_P1
brain,axis0_+6mm,output_logits,0.38811632990837097,0.9216756820678711,POLYIC_20190517_mouse38__E3_P1
brain,axis0_+6mm,query_mask_embedding,0.0023349798284471035,0.9999978542327881,POLYIC_20190517_mouse38__E3_P1
brain,axis1_+1mm,input,2.700315462789149e-06,1.0,POLYIC_20190517_mouse38__E3_P1
brain,axis1_+1mm,encoder_level0,1.871938547992613e-05,1.0,POLYIC_20190517_mouse38__E3_P1
brain,axis1_+1mm,encoder_level1,0.21427251398563385,0.9767744541168213,POLYIC_20190517_mouse38__E3_P1
brain,axis1_+1mm,encoder_level2,0.21447694301605225,0.9767290949821472,POLYIC_20190517_mouse38__E3_P1
brain,axis1_+1mm,encoder_level3,0.22863100469112396,0.9735557436943054,POLYIC_20190517_mouse38__E3_P1
brain,axis1_+1mm,encoder_level4,0.2173103392124176,0.9763761162757874,POLYIC_20190517_mouse38__E3_P1
brain,axis1_+1mm,canvas_level4,0.2173103392124176,0.9763761162757874,POLYIC_20190517_mouse38__E3_P1
brain,axis1_+1mm,canvas_level3,0.3141002655029297,0.9495216608047485,POLYIC_20190517_mouse38__E3_P1
brain,axis1_+1mm,canvas_level2,0.2665212154388428,0.9640299081802368,POLYIC_20190517_mouse38__E3_P1
brain,axis1_+1mm,canvas_level1,0.2212170660495758,0.9752642512321472,POLYIC_20190517_mouse38__E3_P1
brain,axis1_+1mm,canvas_level0,0.14735092222690582,0.9891235828399658,POLYIC_20190517_mouse38__E3_P1
brain,axis1_+1mm,output_logits,0.06706517934799194,0.9977700114250183,POLYIC_20190517_mouse38__E3_P1
brain,axis1_+1mm,query_mask_embedding,0.013183124363422394,0.9999260902404785,POLYIC_20190517_mouse38__E3_P1
brain,axis1_+2mm,input,2.700315462789149e-06,1.0,POLYIC_20190517_mouse38__E3_P1
brain,axis1_+2mm,encoder_level0,0.03521439805626869,0.9993797540664673,POLYIC_20190517_mouse38__E3_P1
brain,axis1_+2mm,encoder_level1,0.12828847765922546,0.9917582273483276,POLYIC_20190517_mouse38__E3_P1
brain,axis1_+2mm,encoder_level2,0.2271459549665451,0.9738786220550537,POLYIC_20190517_mouse38__E3_P1
brain,axis1_+2mm,encoder_level3,0.18132799863815308,0.9834263324737549,POLYIC_20190517_mouse38__E3_P1
brain,axis1_+2mm,encoder_level4,0.20843930542469025,0.9785173535346985,POLYIC_20190517_mouse38__E3_P1
brain,axis1_+2mm,canvas_level4,0.20843930542469025,0.9785173535346985,POLYIC_20190517_mouse38__E3_P1
brain,axis1_+2mm,canvas_level3,0.29173725843429565,0.9566830396652222,POLYIC_20190517_mouse38__E3_P1
brain,axis1_+2mm,canvas_level2,0.3021833002567291,0.9534293413162231,POLYIC_20190517_mouse38__E3_P1
brain,axis1_+2mm,canvas_level1,0.21643351018428802,0.9764280319213867,POLYIC_20190517_mouse38__E3_P1
brain,axis1_+2mm,canvas_level0,0.19719652831554413,0.9804548025131226,POLYIC_20190517_mouse38__E3_P1
brain,axis1_+2mm,output_logits,0.1343085765838623,0.9910063743591309,POLYIC_20190517_mouse38__E3_P1
brain,axis1_+2mm,query_mask_embedding,0.0031038234010338783,0.9999972581863403,POLYIC_20190517_mouse38__E3_P1
brain,axis1_+4mm,input,2.700315462789149e-06,1.0,POLYIC_20190517_mouse38__E3_P1
brain,axis1_+4mm,encoder_level0,0.08625729382038116,0.99627286195755,POLYIC_20190517_mouse38__E3_P1
brain,axis1_+4mm,encoder_level1,0.25306618213653564,0.9674718976020813,POLYIC_20190517_mouse38__E3_P1
brain,axis1_+4mm,encoder_level2,0.30115193128585815,0.9537560939788818,POLYIC_20190517_mouse38__E3_P1
brain,axis1_+4mm,encoder_level3,0.25129279494285583,0.968151867389679,POLYIC_20190517_mouse38__E3_P1
brain,axis1_+4mm,encoder_level4,0.18231923878192902,0.9833579659461975,POLYIC_20190517_mouse38__E3_P1
brain,axis1_+4mm,canvas_level4,0.18231923878192902,0.9833579659461975,POLYIC_20190517_mouse38__E3_P1
brain,axis1_+4mm,canvas_level3,0.34791532158851624,0.9377083778381348,POLYIC_20190517_mouse38__E3_P1
brain,axis1_+4mm,canvas_level2,0.3316190540790558,0.9441009759902954,POLYIC_20190517_mouse38__E3_P1
brain,axis1_+4mm,canvas_level1,0.2785234749317169,0.9605736136436462,POLYIC_20190517_mouse38__E3_P1
brain,axis1_+4mm,canvas_level0,0.31402555108070374,0.9497337341308594,POLYIC_20190517_mouse38__E3_P1
brain,axis1_+4mm,output_logits,0.2880131006240845,0.9577630162239075,POLYIC_20190517_mouse38__E3_P1
brain,axis1_+4mm,query_mask_embedding,0.00694464473053813,0.9999829530715942,POLYIC_20190517_mouse38__E3_P1
brain,axis1_+6mm,input,0.13338221609592438,0.9910646677017212,POLYIC_20190517_mouse38__E3_P1
brain,axis1_+6mm,encoder_level0,0.2509433925151825,0.9682533740997314,POLYIC_20190517_mouse38__E3_P1
brain,axis1_+6mm,encoder_level1,0.3669854998588562,0.9304085373878479,POLYIC_20190517_mouse38__E3_P1
brain,axis1_+6mm,encoder_level2,0.4246453642845154,0.9053606986999512,POLYIC_20190517_mouse38__E3_P1
brain,axis1_+6mm,encoder_level3,0.39492344856262207,0.9188317656517029,POLYIC_20190517_mouse38__E3_P1
brain,axis1_+6mm,encoder_level4,0.2250109314918518,0.9744758605957031,POLYIC_20190517_mouse38__E3_P1
brain,axis1_+6mm,canvas_level4,0.2250109314918518,0.9744758605957031,POLYIC_20190517_mouse38__E3_P1
brain,axis1_+6mm,canvas_level3,0.4271484911441803,0.905628502368927,POLYIC_20190517_mouse38__E3_P1
brain,axis1_+6mm,canvas_level2,0.42485401034355164,0.9058635830879211,POLYIC_20190517_mouse38__E3_P1
brain,axis1_+6mm,canvas_level1,0.36163991689682007,0.9328672289848328,POLYIC_20190517_mouse38__E3_P1
brain,axis1_+6mm,canvas_level0,0.40607792139053345,0.9149810075759888,POLYIC_20190517_mouse38__E3_P1
brain,axis1_+6mm,output_logits,0.397295206785202,0.9177219867706299,POLYIC_20190517_mouse38__E3_P1
brain,axis1_+6mm,query_mask_embedding,0.011974522843956947,0.9999508261680603,POLYIC_20190517_mouse38__E3_P1
brain,axis2_+1mm,input,0.16935184597969055,0.9859589338302612,POLYIC_20190517_mouse38__E3_P1
brain,axis2_+1mm,encoder_level0,0.4126448631286621,0.9112460613250732,POLYIC_20190517_mouse38__E3_P1
brain,axis2_+1mm,encoder_level1,0.2059168666601181,0.9786214232444763,POLYIC_20190517_mouse38__E3_P1
brain,axis2_+1mm,encoder_level2,0.21345238387584686,0.9769972562789917,POLYIC_20190517_mouse38__E3_P1
brain,axis2_+1mm,encoder_level3,0.17921650409698486,0.9838631749153137,POLYIC_20190517_mouse38__E3_P1
brain,axis2_+1mm,encoder_level4,0.3192760646343231,0.9480569362640381,POLYIC_20190517_mouse38__E3_P1
brain,axis2_+1mm,canvas_level4,0.3192760646343231,0.9480569362640381,POLYIC_20190517_mouse38__E3_P1
brain,axis2_+1mm,canvas_level3,0.30704957246780396,0.9522122144699097,POLYIC_20190517_mouse38__E3_P1
brain,axis2_+1mm,canvas_level2,0.2750893831253052,0.9617736339569092,POLYIC_20190517_mouse38__E3_P1
brain,axis2_+1mm,canvas_level1,0.22705426812171936,0.9739106297492981,POLYIC_20190517_mouse38__E3_P1
brain,axis2_+1mm,canvas_level0,0.20407415926456451,0.9790505170822144,POLYIC_20190517_mouse38__E3_P1
brain,axis2_+1mm,output_logits,0.0811699703335762,0.996707022190094,POLYIC_20190517_mouse38__E3_P1
brain,axis2_+1mm,query_mask_embedding,0.010495283640921116,0.9999582767486572,POLYIC_20190517_mouse38__E3_P1
brain,axis2_+2mm,input,3.0271808100224007e-06,0.9999999403953552,POLYIC_20190517_mouse38__E3_P1
brain,axis2_+2mm,encoder_level0,0.03521439805626869,0.9993798732757568,POLYIC_20190517_mouse38__E3_P1
brain,axis2_+2mm,encoder_level1,0.2906588912010193,0.9568396210670471,POLYIC_20190517_mouse38__E3_P1
brain,axis2_+2mm,encoder_level2,0.2524336278438568,0.9676169157028198,POLYIC_20190517_mouse38__E3_P1
brain,axis2_+2mm,encoder_level3,0.18312346935272217,0.9831051230430603,POLYIC_20190517_mouse38__E3_P1
brain,axis2_+2mm,encoder_level4,0.19286805391311646,0.9812358617782593,POLYIC_20190517_mouse38__E3_P1
brain,axis2_+2mm,canvas_level4,0.19286805391311646,0.9812358617782593,POLYIC_20190517_mouse38__E3_P1
brain,axis2_+2mm,canvas_level3,0.3436749577522278,0.939874529838562,POLYIC_20190517_mouse38__E3_P1
brain,axis2_+2mm,canvas_level2,0.34296366572380066,0.9397093057632446,POLYIC_20190517_mouse38__E3_P1
brain,axis2_+2mm,canvas_level1,0.3125895857810974,0.9499853253364563,POLYIC_20190517_mouse38__E3_P1
brain,axis2_+2mm,canvas_level0,0.24807867407798767,0.9690214395523071,POLYIC_20190517_mouse38__E3_P1
brain,axis2_+2mm,output_logits,0.16840212047100067,0.9858071804046631,POLYIC_20190517_mouse38__E3_P1
brain,axis2_+2mm,query_mask_embedding,0.008101316168904305,0.999976634979248,POLYIC_20190517_mouse38__E3_P1
brain,axis2_+4mm,input,3.3252413231821265e-06,1.0,POLYIC_20190517_mouse38__E3_P1
brain,axis2_+4mm,encoder_level0,0.08625729382038116,0.99627286195755,POLYIC_20190517_mouse38__E3_P1
brain,axis2_+4mm,encoder_level1,0.24390502274036407,0.9698013067245483,POLYIC_20190517_mouse38__E3_P1
brain,axis2_+4mm,encoder_level2,0.3736695945262909,0.92756187915802,POLYIC_20190517_mouse38__E3_P1
brain,axis2_+4mm,encoder_level3,0.3466333746910095,0.9380378723144531,POLYIC_20190517_mouse38__E3_P1
brain,axis2_+4mm,encoder_level4,0.2289750725030899,0.9734334945678711,POLYIC_20190517_mouse38__E3_P1
brain,axis2_+4mm,canvas_level4,0.2289750725030899,0.9734334945678711,POLYIC_20190517_mouse38__E3_P1
brain,axis2_+4mm,canvas_level3,0.39118048548698425,0.9205584526062012,POLYIC_20190517_mouse38__E3_P1
brain,axis2_+4mm,canvas_level2,0.4107484817504883,0.9122025370597839,POLYIC_20190517_mouse38__E3_P1
brain,axis2_+4mm,canvas_level1,0.32478493452072144,0.94610595703125,POLYIC_20190517_mouse38__E3_P1
brain,axis2_+4mm,canvas_level0,0.3316287398338318,0.9439297318458557,POLYIC_20190517_mouse38__E3_P1
brain,axis2_+4mm,output_logits,0.29850754141807556,0.954596996307373,POLYIC_20190517_mouse38__E3_P1
brain,axis2_+4mm,query_mask_embedding,0.01095463614910841,0.9999545812606812,POLYIC_20190517_mouse38__E3_P1
brain,axis2_+6mm,input,2.9471484594978392e-06,0.9999999403953552,POLYIC_20190517_mouse38__E3_P1
brain,axis2_+6mm,encoder_level0,0.11679292470216751,0.9931562542915344,POLYIC_20190517_mouse38__E3_P1
brain,axis2_+6mm,encoder_level1,0.4238502085208893,0.9057469964027405,POLYIC_20190517_mouse38__E3_P1
brain,axis2_+6mm,encoder_level2,0.4269947111606598,0.9042599201202393,POLYIC_20190517_mouse38__E3_P1
brain,axis2_+6mm,encoder_level3,0.47853559255599976,0.878110408782959,POLYIC_20190517_mouse38__E3_P1
brain,axis2_+6mm,encoder_level4,0.3464888632297516,0.9381145238876343,POLYIC_20190517_mouse38__E3_P1
brain,axis2_+6mm,canvas_level4,0.3464888632297516,0.9381145238876343,POLYIC_20190517_mouse38__E3_P1
brain,axis2_+6mm,canvas_level3,0.45905476808547974,0.8886625170707703,POLYIC_20190517_mouse38__E3_P1
brain,axis2_+6mm,canvas_level2,0.4296029210090637,0.9035533666610718,POLYIC_20190517_mouse38__E3_P1
brain,axis2_+6mm,canvas_level1,0.4153003990650177,0.9099329710006714,POLYIC_20190517_mouse38__E3_P1
brain,axis2_+6mm,canvas_level0,0.3972053825855255,0.9184190034866333,POLYIC_20190517_mouse38__E3_P1
brain,axis2_+6mm,output_logits,0.42320987582206726,0.9061118960380554,POLYIC_20190517_mouse38__E3_P1
brain,axis2_+6mm,query_mask_embedding,0.010901996865868568,0.9999558925628662,POLYIC_20190517_mouse38__E3_P1
brain,resampling_floor,input,3.4330969356233254e-06,1.0,POLYIC_20190517_mouse39__E12_P1
brain,resampling_floor,encoder_level0,1.9524934032233432e-05,0.9999998807907104,POLYIC_20190517_mouse39__E12_P1
brain,resampling_floor,encoder_level1,2.2784952307119966e-05,1.0,POLYIC_20190517_mouse39__E12_P1
brain,resampling_floor,encoder_level2,2.3387254259432666e-05,1.0,POLYIC_20190517_mouse39__E12_P1
brain,resampling_floor,encoder_level3,8.03311536401452e-07,1.0,POLYIC_20190517_mouse39__E12_P1
brain,resampling_floor,encoder_level4,5.099986537970835e-06,1.0,POLYIC_20190517_mouse39__E12_P1
brain,resampling_floor,canvas_level4,5.099986537970835e-06,1.0,POLYIC_20190517_mouse39__E12_P1
brain,resampling_floor,canvas_level3,8.181203156709671e-05,1.0,POLYIC_20190517_mouse39__E12_P1
brain,resampling_floor,canvas_level2,0.00017206539632752538,1.0,POLYIC_20190517_mouse39__E12_P1
brain,resampling_floor,canvas_level1,0.00019201150280423462,0.9999999403953552,POLYIC_20190517_mouse39__E12_P1
brain,resampling_floor,canvas_level0,0.00023033050820231438,1.0000001192092896,POLYIC_20190517_mouse39__E12_P1
brain,resampling_floor,output_logits,8.053588680922985e-05,1.0,POLYIC_20190517_mouse39__E12_P1
brain,resampling_floor,query_mask_embedding,5.787871941720368e-07,1.0,POLYIC_20190517_mouse39__E12_P1
brain,axis0_+1mm,input,3.0768992473895196e-06,1.0,POLYIC_20190517_mouse39__E12_P1
brain,axis0_+1mm,encoder_level0,2.0832543668802828e-05,0.9999998807907104,POLYIC_20190517_mouse39__E12_P1
brain,axis0_+1mm,encoder_level1,0.2462586611509323,0.9692090153694153,POLYIC_20190517_mouse39__E12_P1
brain,axis0_+1mm,encoder_level2,0.2344890534877777,0.9721676111221313,POLYIC_20190517_mouse39__E12_P1
brain,axis0_+1mm,encoder_level3,0.17860561609268188,0.9839279055595398,POLYIC_20190517_mouse39__E12_P1
brain,axis0_+1mm,encoder_level4,0.1619296818971634,0.9868806600570679,POLYIC_20190517_mouse39__E12_P1
brain,axis0_+1mm,canvas_level4,0.1619296818971634,0.9868806600570679,POLYIC_20190517_mouse39__E12_P1
brain,axis0_+1mm,canvas_level3,0.24539287388324738,0.9694730043411255,POLYIC_20190517_mouse39__E12_P1
brain,axis0_+1mm,canvas_level2,0.2541131377220154,0.9673129916191101,POLYIC_20190517_mouse39__E12_P1
brain,axis0_+1mm,canvas_level1,0.23649612069129944,0.9718014001846313,POLYIC_20190517_mouse39__E12_P1
brain,axis0_+1mm,canvas_level0,0.150419682264328,0.9887436628341675,POLYIC_20190517_mouse39__E12_P1
brain,axis0_+1mm,output_logits,0.06778541207313538,0.9977208375930786,POLYIC_20190517_mouse39__E12_P1
brain,axis0_+1mm,query_mask_embedding,0.005336188245564699,0.9999883770942688,POLYIC_20190517_mouse39__E12_P1
brain,axis0_+2mm,input,3.024409807039774e-06,1.0,POLYIC_20190517_mouse39__E12_P1
brain,axis0_+2mm,encoder_level0,2.5638511942815967e-05,0.9999999403953552,POLYIC_20190517_mouse39__E12_P1
brain,axis0_+2mm,encoder_level1,0.08763831853866577,0.996185302734375,POLYIC_20190517_mouse39__E12_P1
brain,axis0_+2mm,encoder_level2,0.24901731312274933,0.9685020446777344,POLYIC_20190517_mouse39__E12_P1
brain,axis0_+2mm,encoder_level3,0.16862459480762482,0.985686182975769,POLYIC_20190517_mouse39__E12_P1
brain,axis0_+2mm,encoder_level4,0.18946966528892517,0.9819899797439575,POLYIC_20190517_mouse39__E12_P1
brain,axis0_+2mm,canvas_level4,0.18946966528892517,0.9819899797439575,POLYIC_20190517_mouse39__E12_P1
brain,axis0_+2mm,canvas_level3,0.25987035036087036,0.9657611846923828,POLYIC_20190517_mouse39__E12_P1
brain,axis0_+2mm,canvas_level2,0.28698301315307617,0.9580163955688477,POLYIC_20190517_mouse39__E12_P1
brain,axis0_+2mm,canvas_level1,0.21034955978393555,0.978083610534668,POLYIC_20190517_mouse39__E12_P1
brain,axis0_+2mm,canvas_level0,0.19821828603744507,0.980623185634613,POLYIC_20190517_mouse39__E12_P1
brain,axis0_+2mm,output_logits,0.07824181020259857,0.9969762563705444,POLYIC_20190517_mouse39__E12_P1
brain,axis0_+2mm,query_mask_embedding,0.003599748481065035,0.9999945759773254,POLYIC_20190517_mouse39__E12_P1
brain,axis0_+4mm,input,2.995915792780579e-06,1.0,POLYIC_20190517_mouse39__E12_P1
brain,axis0_+4mm,encoder_level0,0.06865674257278442,0.9976402521133423,POLYIC_20190517_mouse39__E12_P1
brain,axis0_+4mm,encoder_level1,0.21318820118904114,0.9770424365997314,POLYIC_20190517_mouse39__E12_P1
brain,axis0_+4mm,encoder_level2,0.29121142625808716,0.9570242166519165,POLYIC_20190517_mouse39__E12_P1
brain,axis0_+4mm,encoder_level3,0.2205818146467209,0.9754443764686584,POLYIC_20190517_mouse39__E12_P1
brain,axis0_+4mm,encoder_level4,0.20424190163612366,0.978923499584198,POLYIC_20190517_mouse39__E12_P1
brain,axis0_+4mm,canvas_level4,0.20424190163612366,0.978923499584198,POLYIC_20190517_mouse39__E12_P1
brain,axis0_+4mm,canvas_level3,0.30772051215171814,0.9517199397087097,POLYIC_20190517_mouse39__E12_P1
brain,axis0_+4mm,canvas_level2,0.31654107570648193,0.949216365814209,POLYIC_20190517_mouse39__E12_P1
brain,axis0_+4mm,canvas_level1,0.28805211186408997,0.9585294127464294,POLYIC_20190517_mouse39__E12_P1
brain,axis0_+4mm,canvas_level0,0.31206709146499634,0.9511102437973022,POLYIC_20190517_mouse39__E12_P1
brain,axis0_+4mm,output_logits,0.2763693928718567,0.961251974105835,POLYIC_20190517_mouse39__E12_P1
brain,axis0_+4mm,query_mask_embedding,0.013472535647451878,0.9999282360076904,POLYIC_20190517_mouse39__E12_P1
brain,axis0_+6mm,input,0.14880649745464325,0.9888663291931152,POLYIC_20190517_mouse39__E12_P1
brain,axis0_+6mm,encoder_level0,0.22017154097557068,0.9755731821060181,POLYIC_20190517_mouse39__E12_P1
brain,axis0_+6mm,encoder_level1,0.3420317471027374,0.9400056600570679,POLYIC_20190517_mouse39__E12_P1
brain,axis0_+6mm,encoder_level2,0.4036906361579895,0.9149446487426758,POLYIC_20190517_mouse39__E12_P1
brain,axis0_+6mm,encoder_level3,0.3457433879375458,0.9383932948112488,POLYIC_20190517_mouse39__E12_P1
brain,axis0_+6mm,encoder_level4,0.21375685930252075,0.9769697785377502,POLYIC_20190517_mouse39__E12_P1
brain,axis0_+6mm,canvas_level4,0.21375685930252075,0.9769697785377502,POLYIC_20190517_mouse39__E12_P1
brain,axis0_+6mm,canvas_level3,0.3742744028568268,0.9280078411102295,POLYIC_20190517_mouse39__E12_P1
brain,axis0_+6mm,canvas_level2,0.4182869791984558,0.9090107679367065,POLYIC_20190517_mouse39__E12_P1
brain,axis0_+6mm,canvas_level1,0.40087857842445374,0.918536901473999,POLYIC_20190517_mouse39__E12_P1
brain,axis0_+6mm,canvas_level0,0.4065874516963959,0.9157847762107849,POLYIC_20190517_mouse39__E12_P1
brain,axis0_+6mm,output_logits,0.38012635707855225,0.9251134991645813,POLYIC_20190517_mouse39__E12_P1
brain,axis0_+6mm,query_mask_embedding,0.0068628196604549885,0.9999789595603943,POLYIC_20190517_mouse39__E12_P1
brain,axis1_+1mm,input,3.4330969356233254e-06,1.0,POLYIC_20190517_mouse39__E12_P1
brain,axis1_+1mm,encoder_level0,1.9526542018866166e-05,0.9999998807907104,POLYIC_20190517_mouse39__E12_P1
brain,axis1_+1mm,encoder_level1,0.23868583142757416,0.9710978269577026,POLYIC_20190517_mouse39__E12_P1
brain,axis1_+1mm,encoder_level2,0.21220242977142334,0.977232038974762,POLYIC_20190517_mouse39__E12_P1
brain,axis1_+1mm,encoder_level3,0.19298434257507324,0.9812086820602417,POLYIC_20190517_mouse39__E12_P1
brain,axis1_+1mm,encoder_level4,0.18905486166477203,0.9821175336837769,POLYIC_20190517_mouse39__E12_P1
brain,axis1_+1mm,canvas_level4,0.18905486166477203,0.9821175336837769,POLYIC_20190517_mouse39__E12_P1
brain,axis1_+1mm,canvas_level3,0.2851317822933197,0.958543598651886,POLYIC_20190517_mouse39__E12_P1
brain,axis1_+1mm,canvas_level2,0.2602027952671051,0.9656654596328735,POLYIC_20190517_mouse39__E12_P1
brain,axis1_+1mm,canvas_level1,0.23714327812194824,0.9715133905410767,POLYIC_20190517_mouse39__E12_P1
brain,axis1_+1mm,canvas_level0,0.15127934515476227,0.9885293245315552,POLYIC_20190517_mouse39__E12_P1
brain,axis1_+1mm,output_logits,0.07597611844539642,0.9971507787704468,POLYIC_20190517_mouse39__E12_P1
brain,axis1_+1mm,query_mask_embedding,0.010549154132604599,0.9999561309814453,POLYIC_20190517_mouse39__E12_P1
brain,axis1_+2mm,input,3.4330969356233254e-06,1.0,POLYIC_20190517_mouse39__E12_P1
brain,axis1_+2mm,encoder_level0,0.03432837873697281,0.9994105100631714,POLYIC_20190517_mouse39__E12_P1
brain,axis1_+2mm,encoder_level1,0.1311837136745453,0.9913841485977173,POLYIC_20190517_mouse39__E12_P1
brain,axis1_+2mm,encoder_level2,0.23708884418010712,0.9714881777763367,POLYIC_20190517_mouse39__E12_P1
brain,axis1_+2mm,encoder_level3,0.19075903296470642,0.9816537499427795,POLYIC_20190517_mouse39__E12_P1
brain,axis1_+2mm,encoder_level4,0.20973151922225952,0.9778414964675903,POLYIC_20190517_mouse39__E12_P1
brain,axis1_+2mm,canvas_level4,0.20973151922225952,0.9778414964675903,POLYIC_20190517_mouse39__E12_P1
brain,axis1_+2mm,canvas_level3,0.31198638677597046,0.950428307056427,POLYIC_20190517_mouse39__E12_P1
brain,axis1_+2mm,canvas_level2,0.32231390476226807,0.9469209909439087,POLYIC_20190517_mouse39__E12_P1
brain,axis1_+2mm,canvas_level1,0.2315271645784378,0.9730108976364136,POLYIC_20190517_mouse39__E12_P1
brain,axis1_+2mm,canvas_level0,0.20405633747577667,0.9790807962417603,POLYIC_20190517_mouse39__E12_P1
brain,axis1_+2mm,output_logits,0.12925231456756592,0.9916520714759827,POLYIC_20190517_mouse39__E12_P1
brain,axis1_+2mm,query_mask_embedding,0.0032745692878961563,0.9999952912330627,POLYIC_20190517_mouse39__E12_P1
brain,axis1_+4mm,input,3.4330969356233254e-06,1.0,POLYIC_20190517_mouse39__E12_P1
brain,axis1_+4mm,encoder_level0,0.08408699184656143,0.9964582920074463,POLYIC_20190517_mouse39__E12_P1
brain,axis1_+4mm,encoder_level1,0.2547363340854645,0.967038631439209,POLYIC_20190517_mouse39__E12_P1
brain,axis1_+4mm,encoder_level2,0.2978686988353729,0.9548004865646362,POLYIC_20190517_mouse39__E12_P1
brain,axis1_+4mm,encoder_level3,0.245563805103302,0.9695453643798828,POLYIC_20190517_mouse39__E12_P1
brain,axis1_+4mm,encoder_level4,0.1925872564315796,0.9813526272773743,POLYIC_20190517_mouse39__E12_P1
brain,axis1_+4mm,canvas_level4,0.1925872564315796,0.9813526272773743,POLYIC_20190517_mouse39__E12_P1
brain,axis1_+4mm,canvas_level3,0.35300764441490173,0.9358702301979065,POLYIC_20190517_mouse39__E12_P1
brain,axis1_+4mm,canvas_level2,0.3390733301639557,0.9416983127593994,POLYIC_20190517_mouse39__E12_P1
brain,axis1_+4mm,canvas_level1,0.2815239429473877,0.9597549438476562,POLYIC_20190517_mouse39__E12_P1
brain,axis1_+4mm,canvas_level0,0.3133845627307892,0.9500150680541992,POLYIC_20190517_mouse39__E12_P1
brain,axis1_+4mm,output_logits,0.2807892858982086,0.9598053693771362,POLYIC_20190517_mouse39__E12_P1
brain,axis1_+4mm,query_mask_embedding,0.003589932108297944,0.9999935626983643,POLYIC_20190517_mouse39__E12_P1
brain,axis1_+6mm,input,3.4330969356233254e-06,1.0,POLYIC_20190517_mouse39__E12_P1
brain,axis1_+6mm,encoder_level0,0.113854318857193,0.9934974908828735,POLYIC_20190517_mouse39__E12_P1
brain,axis1_+6mm,encoder_level1,0.34117236733436584,0.9400333166122437,POLYIC_20190517_mouse39__E12_P1
brain,axis1_+6mm,encoder_level2,0.4195539057254791,0.9077314138412476,POLYIC_20190517_mouse39__E12_P1
brain,axis1_+6mm,encoder_level3,0.3985767662525177,0.917215883731842,POLYIC_20190517_mouse39__E12_P1
brain,axis1_+6mm,encoder_level4,0.24364425241947174,0.9702089428901672,POLYIC_20190517_mouse39__E12_P1
brain,axis1_+6mm,canvas_level4,0.24364425241947174,0.9702089428901672,POLYIC_20190517_mouse39__E12_P1
brain,axis1_+6mm,canvas_level3,0.40075355768203735,0.9170259833335876,POLYIC_20190517_mouse39__E12_P1
brain,axis1_+6mm,canvas_level2,0.4174310863018036,0.9091575145721436,POLYIC_20190517_mouse39__E12_P1
brain,axis1_+6mm,canvas_level1,0.3512027859687805,0.9367809891700745,POLYIC_20190517_mouse39__E12_P1
brain,axis1_+6mm,canvas_level0,0.39270347356796265,0.9206439256668091,POLYIC_20190517_mouse39__E12_P1
brain,axis1_+6mm,output_logits,0.37664446234703064,0.9263607859611511,POLYIC_20190517_mouse39__E12_P1
brain,axis1_+6mm,query_mask_embedding,0.00457798782736063,0.9999905824661255,POLYIC_20190517_mouse39__E12_P1
brain,axis2_+1mm,input,0.22190962731838226,0.9756753444671631,POLYIC_20190517_mouse39__E12_P1
brain,axis2_+1mm,encoder_level0,0.46565842628479004,0.8854649066925049,POLYIC_20190517_mouse39__E12_P1
brain,axis2_+1mm,encoder_level1,0.22258105874061584,0.9749332666397095,POLYIC_20190517_mouse39__E12_P1
brain,axis2_+1mm,encoder_level2,0.2176087498664856,0.9761069416999817,POLYIC_20190517_mouse39__E12_P1
brain,axis2_+1mm,encoder_level3,0.1815037578344345,0.983456552028656,POLYIC_20190517_mouse39__E12_P1
brain,axis2_+1mm,encoder_level4,0.3115176856517792,0.9502404928207397,POLYIC_20190517_mouse39__E12_P1
brain,axis2_+1mm,canvas_level4,0.3115176856517792,0.9502404928207397,POLYIC_20190517_mouse39__E12_P1
brain,axis2_+1mm,canvas_level3,0.3291056752204895,0.9448909163475037,POLYIC_20190517_mouse39__E12_P1
brain,axis2_+1mm,canvas_level2,0.2898828387260437,0.9575841426849365,POLYIC_20190517_mouse39__E12_P1
brain,axis2_+1mm,canvas_level1,0.24947157502174377,0.9684869050979614,POLYIC_20190517_mouse39__E12_P1
brain,axis2_+1mm,canvas_level0,0.24296802282333374,0.9703307151794434,POLYIC_20190517_mouse39__E12_P1
brain,axis2_+1mm,output_logits,0.09963136911392212,0.9951789975166321,POLYIC_20190517_mouse39__E12_P1
brain,axis2_+1mm,query_mask_embedding,0.03524698689579964,0.9995291829109192,POLYIC_20190517_mouse39__E12_P1
brain,axis2_+2mm,input,4.012715635326458e-06,1.0,POLYIC_20190517_mouse39__E12_P1
brain,axis2_+2mm,encoder_level0,0.03432837873697281,0.9994105100631714,POLYIC_20190517_mouse39__E12_P1
brain,axis2_+2mm,encoder_level1,0.3159175515174866,0.94879150390625,POLYIC_20190517_mouse39__E12_P1
brain,axis2_+2mm,encoder_level2,0.26011139154434204,0.965598464012146,POLYIC_20190517_mouse39__E12_P1
brain,axis2_+2mm,encoder_level3,0.17569242417812347,0.9844592809677124,POLYIC_20190517_mouse39__E12_P1
brain,axis2_+2mm,encoder_level4,0.18637731671333313,0.982547402381897,POLYIC_20190517_mouse39__E12_P1
brain,axis2_+2mm,canvas_level4,0.18637731671333313,0.982547402381897,POLYIC_20190517_mouse39__E12_P1
brain,axis2_+2mm,canvas_level3,0.33924272656440735,0.9413856863975525,POLYIC_20190517_mouse39__E12_P1
brain,axis2_+2mm,canvas_level2,0.344846248626709,0.9390044212341309,POLYIC_20190517_mouse39__E12_P1
brain,axis2_+2mm,canvas_level1,0.3386877179145813,0.941107988357544,POLYIC_20190517_mouse39__E12_P1
brain,axis2_+2mm,canvas_level0,0.28250589966773987,0.9598016738891602,POLYIC_20190517_mouse39__E12_P1
brain,axis2_+2mm,output_logits,0.201599583029747,0.9795347452163696,POLYIC_20190517_mouse39__E12_P1
brain,axis2_+2mm,query_mask_embedding,0.009304119274020195,0.9999628067016602,POLYIC_20190517_mouse39__E12_P1
brain,axis2_+4mm,input,4.120710400457028e-06,1.0,POLYIC_20190517_mouse39__E12_P1
brain,axis2_+4mm,encoder_level0,0.08408699184656143,0.9964583516120911,POLYIC_20190517_mouse39__E12_P1
brain,axis2_+4mm,encoder_level1,0.24474138021469116,0.9695912003517151,POLYIC_20190517_mouse39__E12_P1
brain,axis2_+4mm,encoder_level2,0.38019970059394836,0.9249237775802612,POLYIC_20190517_mouse39__E12_P1
brain,axis2_+4mm,encoder_level3,0.3432624042034149,0.9392671585083008,POLYIC_20190517_mouse39__E12_P1
brain,axis2_+4mm,encoder_level4,0.2570456564426422,0.9670025110244751,POLYIC_20190517_mouse39__E12_P1
brain,axis2_+4mm,canvas_level4,0.2570456564426422,0.9670025110244751,POLYIC_20190517_mouse39__E12_P1
brain,axis2_+4mm,canvas_level3,0.4088855981826782,0.9128621816635132,POLYIC_20190517_mouse39__E12_P1
brain,axis2_+4mm,canvas_level2,0.41958269476890564,0.9081851840019226,POLYIC_20190517_mouse39__E12_P1
brain,axis2_+4mm,canvas_level1,0.33993324637413025,0.9408398270606995,POLYIC_20190517_mouse39__E12_P1
brain,axis2_+4mm,canvas_level0,0.3564324676990509,0.9352195262908936,POLYIC_20190517_mouse39__E12_P1
brain,axis2_+4mm,output_logits,0.30756205320358276,0.9516957998275757,POLYIC_20190517_mouse39__E12_P1
brain,axis2_+4mm,query_mask_embedding,0.01761605590581894,0.9998685121536255,POLYIC_20190517_mouse39__E12_P1
brain,axis2_+6mm,input,3.905126050085528e-06,1.0,POLYIC_20190517_mouse39__E12_P1
brain,axis2_+6mm,encoder_level0,0.113854318857193,0.993497371673584,POLYIC_20190517_mouse39__E12_P1
brain,axis2_+6mm,encoder_level1,0.4417743682861328,0.897132158279419,POLYIC_20190517_mouse39__E12_P1
brain,axis2_+6mm,encoder_level2,0.42952898144721985,0.9030940532684326,POLYIC_20190517_mouse39__E12_P1
brain,axis2_+6mm,encoder_level3,0.47124481201171875,0.8820542097091675,POLYIC_20190517_mouse39__E12_P1
brain,axis2_+6mm,encoder_level4,0.34432753920555115,0.939018964767456,POLYIC_20190517_mouse39__E12_P1
brain,axis2_+6mm,canvas_level4,0.34432753920555115,0.939018964767456,POLYIC_20190517_mouse39__E12_P1
brain,axis2_+6mm,canvas_level3,0.4690423011779785,0.8833670020103455,POLYIC_20190517_mouse39__E12_P1
brain,axis2_+6mm,canvas_level2,0.4429914653301239,0.8970985412597656,POLYIC_20190517_mouse39__E12_P1
brain,axis2_+6mm,canvas_level1,0.44662225246429443,0.8952781558036804,POLYIC_20190517_mouse39__E12_P1
brain,axis2_+6mm,canvas_level0,0.43440163135528564,0.9022216796875,POLYIC_20190517_mouse39__E12_P1
brain,axis2_+6mm,output_logits,0.45495766401290894,0.8905286192893982,POLYIC_20190517_mouse39__E12_P1
brain,axis2_+6mm,query_mask_embedding,0.023631541058421135,0.9997668266296387,POLYIC_20190517_mouse39__E12_P1
brain,resampling_floor,input,2.597755383249023e-06,0.9999998807907104,POLYIC_20190517_mouse42__E4_P1
brain,resampling_floor,encoder_level0,1.808970409911126e-05,1.0,POLYIC_20190517_mouse42__E4_P1
brain,resampling_floor,encoder_level1,1.8644879673956893e-05,0.9999998807907104,POLYIC_20190517_mouse42__E4_P1
brain,resampling_floor,encoder_level2,2.0672674509114586e-05,1.0,POLYIC_20190517_mouse42__E4_P1
brain,resampling_floor,encoder_level3,5.523961590370163e-07,0.9999999403953552,POLYIC_20190517_mouse42__E4_P1
brain,resampling_floor,encoder_level4,5.538218374567805e-06,1.0,POLYIC_20190517_mouse42__E4_P1
brain,resampling_floor,canvas_level4,5.538218374567805e-06,1.0,POLYIC_20190517_mouse42__E4_P1
brain,resampling_floor,canvas_level3,7.69814578234218e-05,1.0,POLYIC_20190517_mouse42__E4_P1
brain,resampling_floor,canvas_level2,0.00016329347272403538,0.9999999403953552,POLYIC_20190517_mouse42__E4_P1
brain,resampling_floor,canvas_level1,0.00018533940601628274,0.9999999403953552,POLYIC_20190517_mouse42__E4_P1
brain,resampling_floor,canvas_level0,0.00022318886476568878,1.0,POLYIC_20190517_mouse42__E4_P1
brain,resampling_floor,output_logits,7.700770220253617e-05,1.0,POLYIC_20190517_mouse42__E4_P1
brain,resampling_floor,query_mask_embedding,1.1162829878230696e-06,1.0,POLYIC_20190517_mouse42__E4_P1
brain,axis0_+1mm,input,2.3135228275350528e-06,0.9999999403953552,POLYIC_20190517_mouse42__E4_P1
brain,axis0_+1mm,encoder_level0,1.9865159629262052e-05,1.0,POLYIC_20190517_mouse42__E4_P1
brain,axis0_+1mm,encoder_level1,0.19460263848304749,0.9808979034423828,POLYIC_20190517_mouse42__E4_P1
brain,axis0_+1mm,encoder_level2,0.21524249017238617,0.9765734672546387,POLYIC_20190517_mouse42__E4_P1
brain,axis0_+1mm,encoder_level3,0.18084007501602173,0.9835139513015747,POLYIC_20190517_mouse42__E4_P1
brain,axis0_+1mm,encoder_level4,0.17120839655399323,0.9853376150131226,POLYIC_20190517_mouse42__E4_P1
brain,axis0_+1mm,canvas_level4,0.17120839655399323,0.9853376150131226,POLYIC_20190517_mouse42__E4_P1
brain,axis0_+1mm,canvas_level3,0.2355126589536667,0.971886396408081,POLYIC_20190517_mouse42__E4_P1
brain,axis0_+1mm,canvas_level2,0.23216412961483002,0.972729504108429,POLYIC_20190517_mouse42__E4_P1
brain,axis0_+1mm,canvas_level1,0.1964731067419052,0.9805668592453003,POLYIC_20190517_mouse42__E4_P1
brain,axis0_+1mm,canvas_level0,0.13829520344734192,0.990479588508606,POLYIC_20190517_mouse42__E4_P1
brain,axis0_+1mm,output_logits,0.058980297297239304,0.9982661008834839,POLYIC_20190517_mouse42__E4_P1
brain,axis0_+1mm,query_mask_embedding,0.005849508568644524,0.9999854564666748,POLYIC_20190517_mouse42__E4_P1
brain,axis0_+2mm,input,2.2580386485060444e-06,0.9999999403953552,POLYIC_20190517_mouse42__E4_P1
brain,axis0_+2mm,encoder_level0,1.959751170943491e-05,1.0,POLYIC_20190517_mouse42__E4_P1
brain,axis0_+2mm,encoder_level1,0.08102019876241684,0.996737003326416,POLYIC_20190517_mouse42__E4_P1
brain,axis0_+2mm,encoder_level2,0.2339397519826889,0.9722552299499512,POLYIC_20190517_mouse42__E4_P1
brain,axis0_+2mm,encoder_level3,0.1712590605020523,0.9852275848388672,POLYIC_20190517_mouse42__E4_P1
brain,axis0_+2mm,encoder_level4,0.2049684226512909,0.9788378477096558,POLYIC_20190517_mouse42__E4_P1
brain,axis0_+2mm,canvas_level4,0.2049684226512909,0.9788378477096558,POLYIC_20190517_mouse42__E4_P1
brain,axis0_+2mm,canvas_level3,0.2547091841697693,0.9670877456665039,POLYIC_20190517_mouse42__E4_P1
brain,axis0_+2mm,canvas_level2,0.2674495279788971,0.9635860919952393,POLYIC_20190517_mouse42__E4_P1
brain,axis0_+2mm,canvas_level1,0.1900130808353424,0.9820418357849121,POLYIC_20190517_mouse42__E4_P1
brain,axis0_+2mm,canvas_level0,0.18105345964431763,0.9837533235549927,POLYIC_20190517_mouse42__E4_P1
brain,axis0_+2mm,output_logits,0.06874621659517288,0.9976351261138916,POLYIC_20190517_mouse42__E4_P1
brain,axis0_+2mm,query_mask_embedding,0.0036552122328430414,0.9999954700469971,POLYIC_20190517_mouse42__E4_P1
brain,axis0_+4mm,input,2.184103777835844e-06,0.9999999403953552,POLYIC_20190517_mouse42__E4_P1
brain,axis0_+4mm,encoder_level0,0.07081437110900879,0.9974895119667053,POLYIC_20190517_mouse42__E4_P1
brain,axis0_+4mm,encoder_level1,0.2099822461605072,0.9777286052703857,POLYIC_20190517_mouse42__E4_P1
brain,axis0_+4mm,encoder_level2,0.2858738899230957,0.9585660696029663,POLYIC_20190517_mouse42__E4_P1
brain,axis0_+4mm,encoder_level3,0.2263849824666977,0.974129319190979,POLYIC_20190517_mouse42__E4_P1
brain,axis0_+4mm,encoder_level4,0.21210211515426636,0.9772535562515259,POLYIC_20190517_mouse42__E4_P1
brain,axis0_+4mm,canvas_level4,0.21210211515426636,0.9772535562515259,POLYIC_20190517_mouse42__E4_P1
brain,axis0_+4mm,canvas_level3,0.3081694543361664,0.9515040516853333,POLYIC_20190517_mouse42__E4_P1
brain,axis0_+4mm,canvas_level2,0.30126065015792847,0.9539328813552856,POLYIC_20190517_mouse42__E4_P1
brain,axis0_+4mm,canvas_level1,0.2760527729988098,0.9617156982421875,POLYIC_20190517_mouse42__E4_P1
brain,axis0_+4mm,canvas_level0,0.29964810609817505,0.9546979069709778,POLYIC_20190517_mouse42__E4_P1
brain,axis0_+4mm,output_logits,0.2772206664085388,0.9608211517333984,POLYIC_20190517_mouse42__E4_P1
brain,axis0_+4mm,query_mask_embedding,0.002355431905016303,0.9999975562095642,POLYIC_20190517_mouse42__E4_P1
brain,axis0_+6mm,input,0.16079765558242798,0.986987292766571,POLYIC_20190517_mouse42__E4_P1
brain,axis0_+6mm,encoder_level0,0.2429392784833908,0.9702320694923401,POLYIC_20190517_mouse42__E4_P1
brain,axis0_+6mm,encoder_level1,0.3407312035560608,0.9404748678207397,POLYIC_20190517_mouse42__E4_P1
brain,axis0_+6mm,encoder_level2,0.3943651616573334,0.9189634919166565,POLYIC_20190517_mouse42__E4_P1
brain,axis0_+6mm,encoder_level3,0.34513992071151733,0.938640296459198,POLYIC_20190517_mouse42__E4_P1
brain,axis0_+6mm,encoder_level4,0.220367893576622,0.9755508899688721,POLYIC_20190517_mouse42__E4_P1
brain,axis0_+6mm,canvas_level4,0.220367893576622,0.9755508899688721,POLYIC_20190517_mouse42__E4_P1
brain,axis0_+6mm,canvas_level3,0.369375616312027,0.9297919273376465,POLYIC_20190517_mouse42__E4_P1
brain,axis0_+6mm,canvas_level2,0.3997308313846588,0.917056679725647,POLYIC_20190517_mouse42__E4_P1
brain,axis0_+6mm,canvas_level1,0.3833438754081726,0.925330638885498,POLYIC_20190517_mouse42__E4_P1
brain,axis0_+6mm,canvas_level0,0.40129348635673523,0.9176015853881836,POLYIC_20190517_mouse42__E4_P1
brain,axis0_+6mm,output_logits,0.39089149236679077,0.9205401539802551,POLYIC_20190517_mouse42__E4_P1
brain,axis0_+6mm,query_mask_embedding,0.0038085244596004486,0.9999927878379822,POLYIC_20190517_mouse42__E4_P1
brain,axis1_+1mm,input,2.597755383249023e-06,0.9999998807907104,POLYIC_20190517_mouse42__E4_P1
brain,axis1_+1mm,encoder_level0,1.812550181057304e-05,1.0,POLYIC_20190517_mouse42__E4_P1
brain,axis1_+1mm,encoder_level1,0.20385949313640594,0.9790000915527344,POLYIC_20190517_mouse42__E4_P1
brain,axis1_+1mm,encoder_level2,0.2034360021352768,0.9790887832641602,POLYIC_20190517_mouse42__E4_P1
brain,axis1_+1mm,encoder_level3,0.21697115898132324,0.9762004017829895,POLYIC_20190517_mouse42__E4_P1
brain,axis1_+1mm,encoder_level4,0.24045981466770172,0.970759928226471,POLYIC_20190517_mouse42__E4_P1
brain,axis1_+1mm,canvas_level4,0.24045981466770172,0.970759928226471,POLYIC_20190517_mouse42__E4_P1
brain,axis1_+1mm,canvas_level3,0.3087233304977417,0.9512761831283569,POLYIC_20190517_mouse42__E4_P1
brain,axis1_+1mm,canvas_level2,0.2591206431388855,0.9659810662269592,POLYIC_20190517_mouse42__E4_P1
brain,axis1_+1mm,canvas_level1,0.21450920403003693,0.976760983467102,POLYIC_20190517_mouse42__E4_P1
brain,axis1_+1mm,canvas_level0,0.14431621134281158,0.989559531211853,POLYIC_20190517_mouse42__E4_P1
brain,axis1_+1mm,output_logits,0.0638110488653183,0.998028039932251,POLYIC_20190517_mouse42__E4_P1
brain,axis1_+1mm,query_mask_embedding,0.019318649545311928,0.9998538494110107,POLYIC_20190517_mouse42__E4_P1
brain,axis1_+2mm,input,2.597755383249023e-06,0.9999998807907104,POLYIC_20190517_mouse42__E4_P1
brain,axis1_+2mm,encoder_level0,0.03540718927979469,0.9993730783462524,POLYIC_20190517_mouse42__E4_P1
brain,axis1_+2mm,encoder_level1,0.1275114268064499,0.9918577075004578,POLYIC_20190517_mouse42__E4_P1
brain,axis1_+2mm,encoder_level2,0.21901951730251312,0.9757410287857056,POLYIC_20190517_mouse42__E4_P1
brain,axis1_+2mm,encoder_level3,0.17459508776664734,0.9846416711807251,POLYIC_20190517_mouse42__E4_P1
brain,axis1_+2mm,encoder_level4,0.22620706260204315,0.9743099212646484,POLYIC_20190517_mouse42__E4_P1
brain,axis1_+2mm,canvas_level4,0.22620706260204315,0.9743099212646484,POLYIC_20190517_mouse42__E4_P1
brain,axis1_+2mm,canvas_level3,0.2887904942035675,0.9575965404510498,POLYIC_20190517_mouse42__E4_P1
brain,axis1_+2mm,canvas_level2,0.29828712344169617,0.9546286463737488,POLYIC_20190517_mouse42__E4_P1
brain,axis1_+2mm,canvas_level1,0.21551360189914703,0.9766080975532532,POLYIC_20190517_mouse42__E4_P1
brain,axis1_+2mm,canvas_level0,0.19966210424900055,0.9799530506134033,POLYIC_20190517_mouse42__E4_P1
brain,axis1_+2mm,output_logits,0.13312287628650665,0.9911923408508301,POLYIC_20190517_mouse42__E4_P1
brain,axis1_+2mm,query_mask_embedding,0.003623072523623705,0.9999960660934448,POLYIC_20190517_mouse42__E4_P1
brain,axis1_+4mm,input,2.597755383249023e-06,0.9999998807907104,POLYIC_20190517_mouse42__E4_P1
brain,axis1_+4mm,encoder_level0,0.08672953397035599,0.9962319135665894,POLYIC_20190517_mouse42__E4_P1
brain,axis1_+4mm,encoder_level1,0.2521347105503082,0.9677143096923828,POLYIC_20190517_mouse42__E4_P1
brain,axis1_+4mm,encoder_level2,0.3018968105316162,0.9535213112831116,POLYIC_20190517_mouse42__E4_P1
brain,axis1_+4mm,encoder_level3,0.24571433663368225,0.9696171879768372,POLYIC_20190517_mouse42__E4_P1
brain,axis1_+4mm,encoder_level4,0.21126137673854828,0.9774683713912964,POLYIC_20190517_mouse42__E4_P1
brain,axis1_+4mm,canvas_level4,0.21126137673854828,0.9774683713912964,POLYIC_20190517_mouse42__E4_P1
brain,axis1_+4mm,canvas_level3,0.342949241399765,0.9395074248313904,POLYIC_20190517_mouse42__E4_P1
brain,axis1_+4mm,canvas_level2,0.3327140212059021,0.9436888694763184,POLYIC_20190517_mouse42__E4_P1
brain,axis1_+4mm,canvas_level1,0.28220826387405396,0.9594945311546326,POLYIC_20190517_mouse42__E4_P1
brain,axis1_+4mm,canvas_level0,0.31959760189056396,0.947853684425354,POLYIC_20190517_mouse42__E4_P1
brain,axis1_+4mm,output_logits,0.28821107745170593,0.9577231407165527,POLYIC_20190517_mouse42__E4_P1
brain,axis1_+4mm,query_mask_embedding,0.006302329245954752,0.9999851584434509,POLYIC_20190517_mouse42__E4_P1
brain,axis1_+6mm,input,0.11520390212535858,0.9933417439460754,POLYIC_20190517_mouse42__E4_P1
brain,axis1_+6mm,encoder_level0,0.23331618309020996,0.972571849822998,POLYIC_20190517_mouse42__E4_P1
brain,axis1_+6mm,encoder_level1,0.3653770983219147,0.9310375452041626,POLYIC_20190517_mouse42__E4_P1
brain,axis1_+6mm,encoder_level2,0.4201508164405823,0.9074543118476868,POLYIC_20190517_mouse42__E4_P1
brain,axis1_+6mm,encoder_level3,0.39285504817962646,0.9197274446487427,POLYIC_20190517_mouse42__E4_P1
brain,axis1_+6mm,encoder_level4,0.2475907802581787,0.9692800045013428,POLYIC_20190517_mouse42__E4_P1
brain,axis1_+6mm,canvas_level4,0.2475907802581787,0.9692800045013428,POLYIC_20190517_mouse42__E4_P1
brain,axis1_+6mm,canvas_level3,0.4222988486289978,0.9077394604682922,POLYIC_20190517_mouse42__E4_P1
brain,axis1_+6mm,canvas_level2,0.42012661695480347,0.9080398082733154,POLYIC_20190517_mouse42__E4_P1
brain,axis1_+6mm,canvas_level1,0.36518555879592896,0.9314777851104736,POLYIC_20190517_mouse42__E4_P1
brain,axis1_+6mm,canvas_level0,0.4080640375614166,0.9140505790710449,POLYIC_20190517_mouse42__E4_P1
brain,axis1_+6mm,output_logits,0.397992342710495,0.917449951171875,POLYIC_20190517_mouse42__E4_P1
brain,axis1_+6mm,query_mask_embedding,0.012491862289607525,0.9999445676803589,POLYIC_20190517_mouse42__E4_P1
brain,axis2_+1mm,input,0.16393530368804932,0.9868234992027283,POLYIC_20190517_mouse42__E4_P1
brain,axis2_+1mm,encoder_level0,0.4076402187347412,0.9134773015975952,POLYIC_20190517_mouse42__E4_P1
brain,axis2_+1mm,encoder_level1,0.20843671262264252,0.9780926704406738,POLYIC_20190517_mouse42__E4_P1
brain,axis2_+1mm,encoder_level2,0.22176887094974518,0.9751807451248169,POLYIC_20190517_mouse42__E4_P1
brain,axis2_+1mm,encoder_level3,0.17809705436229706,0.9840610027313232,POLYIC_20190517_mouse42__E4_P1
brain,axis2_+1mm,encoder_level4,0.33301064372062683,0.9430853128433228,POLYIC_20190517_mouse42__E4_P1
brain,axis2_+1mm,canvas_level4,0.33301064372062683,0.9430853128433228,POLYIC_20190517_mouse42__E4_P1
brain,axis2_+1mm,canvas_level3,0.31952956318855286,0.9482313394546509,POLYIC_20190517_mouse42__E4_P1
brain,axis2_+1mm,canvas_level2,0.2879660129547119,0.9580703973770142,POLYIC_20190517_mouse42__E4_P1
brain,axis2_+1mm,canvas_level1,0.23342947661876678,0.972411036491394,POLYIC_20190517_mouse42__E4_P1
brain,axis2_+1mm,canvas_level0,0.2074812799692154,0.9783515930175781,POLYIC_20190517_mouse42__E4_P1
brain,axis2_+1mm,output_logits,0.09091629087924957,0.9958858489990234,POLYIC_20190517_mouse42__E4_P1
brain,axis2_+1mm,query_mask_embedding,0.01349880825728178,0.9999266266822815,POLYIC_20190517_mouse42__E4_P1
brain,axis2_+2mm,input,3.049760152862291e-06,0.9999999403953552,POLYIC_20190517_mouse42__E4_P1
brain,axis2_+2mm,encoder_level0,0.03540718927979469,0.9993729591369629,POLYIC_20190517_mouse42__E4_P1
brain,axis2_+2mm,encoder_level1,0.2932933270931244,0.9560365676879883,POLYIC_20190517_mouse42__E4_P1
brain,axis2_+2mm,encoder_level2,0.25676923990249634,0.9664784669876099,POLYIC_20190517_mouse42__E4_P1
brain,axis2_+2mm,encoder_level3,0.18212001025676727,0.9832866191864014,POLYIC_20190517_mouse42__E4_P1
brain,axis2_+2mm,encoder_level4,0.2165621817111969,0.9764405488967896,POLYIC_20190517_mouse42__E4_P1
brain,axis2_+2mm,canvas_level4,0.2165621817111969,0.9764405488967896,POLYIC_20190517_mouse42__E4_P1
brain,axis2_+2mm,canvas_level3,0.3416118025779724,0.9406827092170715,POLYIC_20190517_mouse42__E4_P1
brain,axis2_+2mm,canvas_level2,0.33993709087371826,0.9406890869140625,POLYIC_20190517_mouse42__E4_P1
brain,axis2_+2mm,canvas_level1,0.313353568315506,0.9497288465499878,POLYIC_20190517_mouse42__E4_P1
brain,axis2_+2mm,canvas_level0,0.2535480558872223,0.967637300491333,POLYIC_20190517_mouse42__E4_P1
brain,axis2_+2mm,output_logits,0.17736521363258362,0.9842400550842285,POLYIC_20190517_mouse42__E4_P1
brain,axis2_+2mm,query_mask_embedding,0.010263165459036827,0.999955952167511,POLYIC_20190517_mouse42__E4_P1
brain,axis2_+4mm,input,3.1436275094165467e-06,0.9999998807907104,POLYIC_20190517_mouse42__E4_P1
brain,axis2_+4mm,encoder_level0,0.08672953397035599,0.9962319731712341,POLYIC_20190517_mouse42__E4_P1
brain,axis2_+4mm,encoder_level1,0.24314673244953156,0.9699915647506714,POLYIC_20190517_mouse42__E4_P1
brain,axis2_+4mm,encoder_level2,0.37661969661712646,0.9263682961463928,POLYIC_20190517_mouse42__E4_P1
brain,axis2_+4mm,encoder_level3,0.3473604619503021,0.9377813339233398,POLYIC_20190517_mouse42__E4_P1
brain,axis2_+4mm,encoder_level4,0.2875221371650696,0.9586209654808044,POLYIC_20190517_mouse42__E4_P1
brain,axis2_+4mm,canvas_level4,0.2875221371650696,0.9586209654808044,POLYIC_20190517_mouse42__E4_P1
brain,axis2_+4mm,canvas_level3,0.40650394558906555,0.9139468669891357,POLYIC_20190517_mouse42__E4_P1
brain,axis2_+4mm,canvas_level2,0.411335289478302,0.9118778705596924,POLYIC_20190517_mouse42__E4_P1
brain,axis2_+4mm,canvas_level1,0.32362982630729675,0.9464499950408936,POLYIC_20190517_mouse42__E4_P1
brain,axis2_+4mm,canvas_level0,0.329197496175766,0.9447146654129028,POLYIC_20190517_mouse42__E4_P1
brain,axis2_+4mm,output_logits,0.30312830209732056,0.9532631635665894,POLYIC_20190517_mouse42__E4_P1
brain,axis2_+4mm,query_mask_embedding,0.017790526151657104,0.9998708963394165,POLYIC_20190517_mouse42__E4_P1
brain,axis2_+6mm,input,2.95341760647716e-06,1.0,POLYIC_20190517_mouse42__E4_P1
brain,axis2_+6mm,encoder_level0,0.11743234843015671,0.9930809140205383,POLYIC_20190517_mouse42__E4_P1
brain,axis2_+6mm,encoder_level1,0.4250214695930481,0.9051991701126099,POLYIC_20190517_mouse42__E4_P1
brain,axis2_+6mm,encoder_level2,0.4310307204723358,0.9023531675338745,POLYIC_20190517_mouse42__E4_P1
brain,axis2_+6mm,encoder_level3,0.47617819905281067,0.8794436454772949,POLYIC_20190517_mouse42__E4_P1
brain,axis2_+6mm,encoder_level4,0.37056124210357666,0.9291568994522095,POLYIC_20190517_mouse42__E4_P1
brain,axis2_+6mm,canvas_level4,0.37056124210357666,0.9291568994522095,POLYIC_20190517_mouse42__E4_P1
brain,axis2_+6mm,canvas_level3,0.46640467643737793,0.8847782611846924,POLYIC_20190517_mouse42__E4_P1
brain,axis2_+6mm,canvas_level2,0.4341968595981598,0.901354968547821,POLYIC_20190517_mouse42__E4_P1
brain,axis2_+6mm,canvas_level1,0.42431220412254333,0.905829131603241,POLYIC_20190517_mouse42__E4_P1
brain,axis2_+6mm,canvas_level0,0.41093623638153076,0.9125559329986572,POLYIC_20190517_mouse42__E4_P1
brain,axis2_+6mm,output_logits,0.4390929043292999,0.898614764213562,POLYIC_20190517_mouse42__E4_P1
brain,axis2_+6mm,query_mask_embedding,0.022215548902750015,0.9998043775558472,POLYIC_20190517_mouse42__E4_P1
