domain,subject,native_coordinate_axis,candidate_factor_pixels,expected_level1_footprint_pixels,expert_best_residue,expert_max_alignment_fraction,prediction_best_residue,prediction_max_alignment_fraction,prediction_minus_expert_alignment,expert_transition_count,prediction_transition_count,condition
CAMRI,064,x,2,1.5999999403953562,0,0.50346511261616,0,0.5003919724051427,-0.0030731402110173445,12698,12756,current_best
CAMRI,064,x,3,1.5999999403953562,2,0.3354071507323988,2,0.3385073690812167,0.003100218348817907,12698,12756,current_best
CAMRI,064,x,4,1.5999999403953562,0,0.25791463222554734,0,0.26175917215428035,0.003844539928733015,12698,12756,current_best
CAMRI,064,x,5,1.5999999403953562,4,0.21389195148842338,4,0.21966133584195674,0.005769384353533358,12698,12756,current_best
CAMRI,064,x,6,1.5999999403953562,5,0.1803433611592377,5,0.18697083725305738,0.006627476093819695,12698,12756,current_best
CAMRI,064,x,7,1.5999999403953562,1,0.16711293117026305,1,0.16933207902163688,0.002219147851373837,12698,12756,current_best
CAMRI,064,x,8,1.5999999403953562,1,0.14789730666246653,1,0.15443712762621511,0.006539820963748583,12698,12756,current_best
CAMRI,064,y,2,2.4999999627470975,1,0.5084377397085145,1,0.5211839121613557,0.012746172452841265,7822,8379,current_best
CAMRI,064,y,3,2.4999999627470975,2,0.3394272564561493,2,0.3622150614631818,0.02278780500703248,7822,8379,current_best
CAMRI,064,y,4,2.4999999627470975,3,0.2550498593710049,3,0.28237259816207183,0.027322738791066947,7822,8379,current_best
CAMRI,064,y,5,2.4999999627470975,2,0.20646893377652775,3,0.24107888769542904,0.03460995391890129,7822,8379,current_best
CAMRI,064,y,6,2.4999999627470975,5,0.17847097928918434,5,0.20599116839718343,0.027520189107999082,7822,8379,current_best
CAMRI,064,y,7,2.4999999627470975,1,0.14727691127588852,3,0.17400644468313642,0.026729533407247902,7822,8379,current_best
CAMRI,064,y,8,2.4999999627470975,7,0.13244694451546918,7,0.1655328798185941,0.033085935303124925,7822,8379,current_best
CAMRI,064,x,2,1.5999999403953562,0,0.50346511261616,1,0.5048475371383894,0.001382424522229364,12698,12790,paper_width
CAMRI,064,x,3,1.5999999403953562,2,0.3354071507323988,2,0.34487881157154027,0.009471660839141471,12698,12790,paper_width
CAMRI,064,x,4,1.5999999403953562,0,0.25791463222554734,0,0.2701329163408913,0.01221828411534398,12698,12790,paper_width
CAMRI,064,x,5,1.5999999403953562,4,0.21389195148842338,4,0.2107896794370602,-0.0031022720513631807,12698,12790,paper_width
CAMRI,064,x,6,1.5999999403953562,5,0.1803433611592377,5,0.1920250195465207,0.011681658387283023,12698,12790,paper_width
CAMRI,064,x,7,1.5999999403953562,1,0.16711293117026305,1,0.16755277560594214,0.0004398444356790987,12698,12790,paper_width
CAMRI,064,x,8,1.5999999403953562,1,0.14789730666246653,1,0.15676309616888193,0.008865789506415395,12698,12790,paper_width
CAMRI,064,y,2,2.4999999627470975,1,0.5084377397085145,1,0.5163343742493394,0.007896634540824898,7822,8326,paper_width
CAMRI,064,y,3,2.4999999627470975,2,0.3394272564561493,2,0.3537112659140043,0.014284009457855018,7822,8326,paper_width
CAMRI,064,y,4,2.4999999627470975,3,0.2550498593710049,3,0.2686764352630315,0.013626575892026593,7822,8326,paper_width
CAMRI,064,y,5,2.4999999627470975,2,0.20646893377652775,3,0.21210665385539273,0.005637720078864983,7822,8326,paper_width
CAMRI,064,y,6,2.4999999627470975,5,0.17847097928918434,5,0.1922892145087677,0.013818235219583364,7822,8326,paper_width
CAMRI,064,y,7,2.4999999627470975,1,0.14727691127588852,0,0.151573384578429,0.004296473302540488,7822,8326,paper_width
CAMRI,064,y,8,2.4999999627470975,7,0.13244694451546918,7,0.15433581551765554,0.021888871002186366,7822,8326,paper_width
CAMRI,007,x,2,3.1999998807907124,0,0.5756929637526652,1,0.5196011004126547,-0.056091863340010484,2814,2908,current_best
CAMRI,007,x,3,3.1999998807907124,0,0.34506041222459133,0,0.35385144429160936,0.008791032067018034,2814,2908,current_best
CAMRI,007,x,4,3.1999998807907124,2,0.3034825870646766,3,0.2740715268225585,-0.029411060242118148,2814,2908,current_best
CAMRI,007,x,5,3.1999998807907124,2,0.2085998578535892,0,0.2125171939477304,0.003917336094141188,2814,2908,current_best
CAMRI,007,x,6,3.1999998807907124,0,0.19900497512437812,3,0.1887895460797799,-0.010215429044598212,2814,2908,current_best
CAMRI,007,x,7,3.1999998807907124,3,0.16062544420753375,5,0.16162310866574967,0.0009976644582159189,2814,2908,current_best
CAMRI,007,x,8,3.1999998807907124,6,0.15636105188343993,7,0.13892709766162312,-0.017433954221816816,2814,2908,current_best
CAMRI,007,y,2,4.999999925494195,0,0.556926528323051,0,0.5240089335566722,-0.03291759476637879,3566,3582,current_best
CAMRI,007,y,3,4.999999925494195,1,0.339035333707235,1,0.3458961474036851,0.006860813696450085,3566,3582,current_best
CAMRI,007,y,4,4.999999925494195,0,0.3051037577117218,0,0.2646566164154104,-0.04044714129631144,3566,3582,current_best
CAMRI,007,y,5,4.999999925494195,0,0.2319125070106562,1,0.33556672250139585,0.10365421549073967,3566,3582,current_best
CAMRI,007,y,6,4.999999925494195,2,0.18900729108244532,0,0.18592964824120603,-0.003077642841239292,3566,3582,current_best
CAMRI,007,y,7,4.999999925494195,6,0.16320807627593942,5,0.20268006700167504,0.03947199072573562,3566,3582,current_best
CAMRI,007,y,8,4.999999925494195,0,0.16881660123387549,7,0.19905080960357344,0.03023420836969795,3566,3582,current_best
CAMRI,007,x,2,3.1999998807907124,0,0.5756929637526652,1,0.5037465940054496,-0.07194636974721558,2814,2936,paper_width
CAMRI,007,x,3,3.1999998807907124,0,0.34506041222459133,0,0.351158038147139,0.006097625922547645,2814,2936,paper_width
CAMRI,007,x,4,3.1999998807907124,2,0.3034825870646766,2,0.2619209809264305,-0.04156160613824611,2814,2936,paper_width
CAMRI,007,x,5,3.1999998807907124,2,0.2085998578535892,3,0.207425068119891,-0.001174789733698195,2814,2936,paper_width
CAMRI,007,x,6,3.1999998807907124,0,0.19900497512437812,3,0.18256130790190736,-0.01644366722247076,2814,2936,paper_width
CAMRI,007,x,7,3.1999998807907124,3,0.16062544420753375,5,0.1651907356948229,0.004565291487289153,2814,2936,paper_width
CAMRI,007,x,8,3.1999998807907124,6,0.15636105188343993,3,0.13760217983651227,-0.018758872046927666,2814,2936,paper_width
CAMRI,007,y,2,4.999999925494195,0,0.556926528323051,0,0.5439132851584213,-0.013013243164629706,3566,3598,paper_width
CAMRI,007,y,3,4.999999925494195,1,0.339035333707235,1,0.3668704836020011,0.027835149894766098,3566,3598,paper_width
CAMRI,007,y,4,4.999999925494195,0,0.3051037577117218,2,0.27904391328515843,-0.026059844426563394,3566,3598,paper_width
CAMRI,007,y,5,4.999999925494195,0,0.2319125070106562,1,0.35241801000555867,0.12050550299490248,3566,3598,paper_width
CAMRI,007,y,6,4.999999925494195,2,0.18900729108244532,4,0.19760978321289605,0.008602492130450723,3566,3598,paper_width
CAMRI,007,y,7,4.999999925494195,6,0.16320807627593942,5,0.2009449694274597,0.03773689315152029,3566,3598,paper_width
CAMRI,007,y,8,4.999999925494195,0,0.16881660123387549,4,0.19371873262923847,0.024902131395362986,3566,3598,paper_width
CAMRI,043,x,2,3.1999998807907124,0,0.5821508588498879,1,0.5350877192982456,-0.04706313955164232,2678,2736,current_best
CAMRI,043,x,3,3.1999998807907124,0,0.35175504107542943,2,0.3391812865497076,-0.012573754525721847,2678,2736,current_best
CAMRI,043,x,4,3.1999998807907124,2,0.2983569828230022,3,0.2679093567251462,-0.030447626097856006,2678,2736,current_best
CAMRI,043,x,5,3.1999998807907124,1,0.21135175504107542,0,0.22039473684210525,0.009042981801029831,2678,2736,current_best
CAMRI,043,x,6,3.1999998807907124,0,0.21135175504107542,1,0.18676900584795322,-0.0245827491931222,2678,2736,current_best
CAMRI,043,x,7,3.1999998807907124,3,0.15571321882001493,5,0.15314327485380116,-0.002569943966213767,2678,2736,current_best
CAMRI,043,x,8,3.1999998807907124,2,0.16019417475728157,5,0.14619883040935672,-0.013995344347924848,2678,2736,current_best
CAMRI,043,y,2,4.999999925494195,0,0.5787146226415094,0,0.5180863477246208,-0.0606282749168886,3392,3428,current_best
CAMRI,043,y,3,4.999999925494195,1,0.33726415094339623,2,0.3929404900816803,0.05567633913828407,3392,3428,current_best
CAMRI,043,y,4,4.999999925494195,0,0.30395047169811323,2,0.2660443407234539,-0.037906130974659336,3392,3428,current_best
CAMRI,043,y,5,4.999999925494195,4,0.21226415094339623,3,0.33751458576429405,0.12525043482089782,3392,3428,current_best
CAMRI,043,y,6,4.999999925494195,2,0.2016509433962264,2,0.19778296382730456,-0.0038679795689218477,3392,3428,current_best
CAMRI,043,y,7,4.999999925494195,6,0.15566037735849056,6,0.1834889148191365,0.027828537460645952,3392,3428,current_best
CAMRI,043,y,8,4.999999925494195,6,0.15683962264150944,6,0.18757292882147025,0.030733306179960812,3392,3428,current_best
CAMRI,043,x,2,3.1999998807907124,0,0.5821508588498879,1,0.5248023005032351,-0.05734855834665287,2678,2782,paper_width
CAMRI,043,x,3,3.1999998807907124,0,0.35175504107542943,0,0.35442127965492454,0.002666238579495106,2678,2782,paper_width
CAMRI,043,x,4,3.1999998807907124,2,0.2983569828230022,3,0.26779295470884257,-0.030564028114159647,2678,2782,paper_width
CAMRI,043,x,5,3.1999998807907124,1,0.21135175504107542,0,0.21746944644140906,0.006117691400333636,2678,2782,paper_width
CAMRI,043,x,6,3.1999998807907124,0,0.21135175504107542,3,0.1800862688713156,-0.031265486169759826,2678,2782,paper_width
CAMRI,043,x,7,3.1999998807907124,3,0.15571321882001493,2,0.15851905104241554,0.002805832222400606,2678,2782,paper_width
CAMRI,043,x,8,3.1999998807907124,2,0.16019417475728157,3,0.13551401869158877,-0.024680156065692793,2678,2782,paper_width
CAMRI,043,y,2,4.999999925494195,0,0.5787146226415094,0,0.52,-0.058714622641509395,3392,3450,paper_width
CAMRI,043,y,3,4.999999925494195,1,0.33726415094339623,2,0.38057971014492753,0.043315559201531295,3392,3450,paper_width
CAMRI,043,y,4,4.999999925494195,0,0.30395047169811323,2,0.2672463768115942,-0.036704094886519045,3392,3450,paper_width
CAMRI,043,y,5,4.999999925494195,4,0.21226415094339623,3,0.34318840579710147,0.13092425485370524,3392,3450,paper_width
CAMRI,043,y,6,4.999999925494195,2,0.2016509433962264,2,0.19478260869565217,-0.006868334700574241,3392,3450,paper_width
CAMRI,043,y,7,4.999999925494195,6,0.15566037735849056,6,0.16753623188405797,0.011875854525567414,3392,3450,paper_width
CAMRI,043,y,8,4.999999925494195,6,0.15683962264150944,6,0.1855072463768116,0.028667623735302156,3392,3450,paper_width
CAMRI,078,x,2,1.5999999403953562,0,0.5036836935166994,0,0.5096359743040685,0.005952280787369091,12216,12142,current_best
CAMRI,078,x,3,1.5999999403953562,1,0.34372953503601833,1,0.3431889309833635,-0.000540604052654825,12216,12142,current_best
CAMRI,078,x,4,1.5999999403953562,0,0.2687459070072037,0,0.2762312633832976,0.007485356376093932,12216,12142,current_best
CAMRI,078,x,5,1.5999999403953562,2,0.24353307138179436,2,0.24452314281008072,0.0009900714282863599,12216,12142,current_best
CAMRI,078,x,6,1.5999999403953562,2,0.17927308447937132,2,0.17929500905946302,2.1924580091703394e-05,12216,12142,current_best
CAMRI,078,x,7,1.5999999403953562,0,0.16601178781925344,0,0.16883544720803823,0.0028236593887847883,12216,12142,current_best
CAMRI,078,x,8,1.5999999403953562,3,0.13695153896529141,0,0.1409158293526602,0.003964290387368785,12216,12142,current_best
CAMRI,078,y,2,2.4999999627470975,0,0.5025013164823592,1,0.5051956382296344,0.002694321747275241,7596,7795,current_best
CAMRI,078,y,3,2.4999999627470975,1,0.3362295945234334,2,0.3431686978832585,0.006939103359825116,7596,7795,current_best
CAMRI,078,y,4,2.4999999627470975,2,0.2539494470774092,1,0.2572161642078255,0.003266717130416319,7596,7795,current_best
CAMRI,078,y,5,2.4999999627470975,2,0.2095839915745129,2,0.20731237973059655,-0.00227161184391636,7596,7795,current_best
CAMRI,078,y,6,2.4999999627470975,4,0.17772511848341233,5,0.1763951250801796,-0.0013299934032327265,7596,7795,current_best
CAMRI,078,y,7,2.4999999627470975,3,0.15600315955766192,3,0.15792174470814624,0.0019185851504843199,7596,7795,current_best
CAMRI,078,y,8,2.4999999627470975,1,0.12914691943127962,1,0.1334188582424631,0.004271938811183484,7596,7795,current_best
CAMRI,078,x,2,1.5999999403953562,0,0.5036836935166994,0,0.5089344262295082,0.005250732712808848,12216,12200,paper_width
CAMRI,078,x,3,1.5999999403953562,1,0.34372953503601833,1,0.3468852459016393,0.0031557108656209976,12216,12200,paper_width
CAMRI,078,x,4,1.5999999403953562,0,0.2687459070072037,0,0.28852459016393445,0.01977868315673076,12216,12200,paper_width
CAMRI,078,x,5,1.5999999403953562,2,0.24353307138179436,2,0.24327868852459017,-0.00025438285720419396,12216,12200,paper_width
CAMRI,078,x,6,1.5999999403953562,2,0.17927308447937132,2,0.17811475409836067,-0.0011583303810106527,12216,12200,paper_width
CAMRI,078,x,7,1.5999999403953562,0,0.16601178781925344,0,0.17549180327868852,0.009480015459435082,12216,12200,paper_width
CAMRI,078,x,8,1.5999999403953562,3,0.13695153896529141,0,0.14704918032786884,0.01009764136257743,12216,12200,paper_width
CAMRI,078,y,2,2.4999999627470975,0,0.5025013164823592,0,0.5066152858060372,0.004113969323678024,7596,7785,paper_width
CAMRI,078,y,3,2.4999999627470975,1,0.3362295945234334,1,0.33770070648683365,0.0014711119634002734,7596,7785,paper_width
CAMRI,078,y,4,2.4999999627470975,2,0.2539494470774092,2,0.2625561978163134,0.008606750738904212,7596,7785,paper_width
CAMRI,078,y,5,2.4999999627470975,2,0.2095839915745129,2,0.20346820809248556,-0.006115783482027348,7596,7785,paper_width
CAMRI,078,y,6,2.4999999627470975,4,0.17772511848341233,4,0.17931920359666023,0.0015940851132479061,7596,7785,paper_width
CAMRI,078,y,7,2.4999999627470975,3,0.15600315955766192,3,0.15080282594733463,-0.00520033361032729,7596,7785,paper_width
CAMRI,078,y,8,2.4999999627470975,1,0.12914691943127962,2,0.14026974951830443,0.011122830087024804,7596,7785,paper_width
CAMRI,009,x,2,3.1999998807907124,0,0.5891472868217055,0,0.5003633720930233,-0.08878391472868219,2580,2752,current_best
CAMRI,009,x,3,3.1999998807907124,0,0.3581395348837209,1,0.34011627906976744,-0.018023255813953476,2580,2752,current_best
CAMRI,009,x,4,3.1999998807907124,2,0.30426356589147285,0,0.26526162790697677,-0.03900193798449608,2580,2752,current_best
CAMRI,009,x,5,3.1999998807907124,3,0.20852713178294574,4,0.21693313953488372,0.008406007751937977,2580,2752,current_best
CAMRI,009,x,6,3.1999998807907124,0,0.2116279069767442,0,0.17732558139534885,-0.03430232558139534,2580,2752,current_best
CAMRI,009,x,7,3.1999998807907124,1,0.15271317829457365,6,0.1529796511627907,0.00026647286821704363,2580,2752,current_best
CAMRI,009,x,8,3.1999998807907124,2,0.16162790697674417,1,0.13880813953488372,-0.022819767441860456,2580,2752,current_best
CAMRI,009,y,2,4.999999925494195,0,0.596255119953189,0,0.5315547905909351,-0.0647003293622539,3418,3486,current_best
CAMRI,009,y,3,4.999999925494195,0,0.3557636044470451,2,0.361732644865175,0.005969040418129901,3418,3486,current_best
CAMRI,009,y,4,4.999999925494195,0,0.320947922761849,2,0.26993689041881813,-0.05101103234303089,3418,3486,current_best
CAMRI,009,y,5,4.999999925494195,1,0.23434757167934464,1,0.33419391853126795,0.09984634685192331,3418,3486,current_best
CAMRI,009,y,6,4.999999925494195,0,0.2141603276770041,5,0.18646012621916236,-0.027700201457841744,3418,3486,current_best
CAMRI,009,y,7,4.999999925494195,5,0.16881217086015213,5,0.19334480780263913,0.024532636942487,3418,3486,current_best
CAMRI,009,y,8,4.999999925494195,0,0.19689877121123464,7,0.17670682730923695,-0.02019194390199769,3418,3486,current_best
CAMRI,009,x,2,3.1999998807907124,0,0.5891472868217055,0,0.5113970588235294,-0.0777502279981761,2580,2720,paper_width
CAMRI,009,x,3,3.1999998807907124,0,0.3581395348837209,2,0.34044117647058825,-0.017698358413132664,2580,2720,paper_width
CAMRI,009,x,4,3.1999998807907124,2,0.30426356589147285,2,0.2566176470588235,-0.04764591883264935,2580,2720,paper_width
CAMRI,009,x,5,3.1999998807907124,3,0.20852713178294574,2,0.20772058823529413,-0.0008065435476516114,2580,2720,paper_width
CAMRI,009,x,6,3.1999998807907124,0,0.2116279069767442,2,0.17647058823529413,-0.03515731874145006,2580,2720,paper_width
CAMRI,009,x,7,3.1999998807907124,1,0.15271317829457365,0,0.15441176470588236,0.0016985864113087112,2580,2720,paper_width
CAMRI,009,x,8,3.1999998807907124,2,0.16162790697674417,1,0.13933823529411765,-0.022289671682626522,2580,2720,paper_width
CAMRI,009,y,2,4.999999925494195,0,0.596255119953189,0,0.5360854503464203,-0.06016966960676873,3418,3464,paper_width
CAMRI,009,y,3,4.999999925494195,0,0.3557636044470451,2,0.37153579676674364,0.015772192319698564,3418,3464,paper_width
CAMRI,009,y,4,4.999999925494195,0,0.320947922761849,2,0.2745381062355658,-0.04640981652628323,3418,3464,paper_width
CAMRI,009,y,5,4.999999925494195,1,0.23434757167934464,1,0.3432448036951501,0.10889723201580545,3418,3464,paper_width
CAMRI,009,y,6,4.999999925494195,0,0.2141603276770041,4,0.19861431870669746,-0.01554600897030664,3418,3464,paper_width
CAMRI,009,y,7,4.999999925494195,5,0.16881217086015213,5,0.18879907621247113,0.019986905352319007,3418,3464,paper_width
CAMRI,009,y,8,4.999999925494195,0,0.19689877121123464,2,0.17176674364896075,-0.025132027562273895,3418,3464,paper_width
CAMRI,099,x,2,3.1999998807907124,0,0.5771979985704074,0,0.5034843205574913,-0.07371367801291617,2798,2870,current_best
CAMRI,099,x,3,3.1999998807907124,2,0.34774839170836314,1,0.35958188153310106,0.01183348982473792,2798,2870,current_best
CAMRI,099,x,4,3.1999998807907124,0,0.28984989278055756,2,0.27038327526132405,-0.01946661751923351,2798,2870,current_best
CAMRI,099,x,5,3.1999998807907124,0,0.21622587562544673,0,0.20905923344947736,-0.007166642175969379,2798,2870,current_best
CAMRI,099,x,6,3.1999998807907124,2,0.20836311651179415,1,0.18292682926829268,-0.02543628724350147,2798,2870,current_best
CAMRI,099,x,7,3.1999998807907124,4,0.1529664045746962,4,0.1616724738675958,0.008706069292899604,2798,2870,current_best
CAMRI,099,x,8,3.1999998807907124,0,0.14653323802716225,7,0.14006968641114984,-0.0064635516160124196,2798,2870,current_best
CAMRI,099,y,2,4.999999925494195,0,0.5454308093994779,0,0.55,0.004569190600522188,3830,3860,current_best
CAMRI,099,y,3,4.999999925494195,1,0.3488250652741514,0,0.40362694300518137,0.05480187773102996,3830,3860,current_best
CAMRI,099,y,4,4.999999925494195,0,0.283289817232376,0,0.2955958549222798,0.012306037689903793,3830,3860,current_best
CAMRI,099,y,5,4.999999925494195,1,0.21775456919060052,0,0.3417098445595855,0.12395527536898496,3830,3860,current_best
CAMRI,099,y,6,4.999999925494195,4,0.20678851174934726,3,0.20466321243523317,-0.002125299314114093,3830,3860,current_best
CAMRI,099,y,7,4.999999925494195,6,0.16736292428198432,5,0.19326424870466322,0.025901324422678895,3830,3860,current_best
CAMRI,099,y,8,4.999999925494195,4,0.16031331592689296,3,0.1743523316062176,0.01403901567932464,3830,3860,current_best
CAMRI,099,x,2,3.1999998807907124,0,0.5771979985704074,1,0.5093490304709142,-0.06784896809949326,2798,2888,paper_width
CAMRI,099,x,3,3.1999998807907124,2,0.34774839170836314,1,0.3410664819944598,-0.006681909713903311,2798,2888,paper_width
CAMRI,099,x,4,3.1999998807907124,0,0.28984989278055756,2,0.2610803324099723,-0.028769560370585257,2798,2888,paper_width
CAMRI,099,x,5,3.1999998807907124,0,0.21622587562544673,1,0.20914127423822715,-0.007084601387219586,2798,2888,paper_width
CAMRI,099,x,6,3.1999998807907124,2,0.20836311651179415,1,0.1772853185595568,-0.031077797952237363,2798,2888,paper_width
CAMRI,099,x,7,3.1999998807907124,4,0.1529664045746962,6,0.15166204986149584,-0.0013043547132003674,2798,2888,paper_width
CAMRI,099,x,8,3.1999998807907124,0,0.14653323802716225,5,0.13261772853185597,-0.013915509495306289,2798,2888,paper_width
CAMRI,099,y,2,4.999999925494195,0,0.5454308093994779,0,0.5524130773222626,0.0069822679227847795,3830,3854,paper_width
CAMRI,099,y,3,4.999999925494195,1,0.3488250652741514,0,0.38920601971977165,0.04038095444562023,3830,3854,paper_width
CAMRI,099,y,4,4.999999925494195,0,0.283289817232376,0,0.290866632070576,0.007576814838199997,3830,3854,paper_width
CAMRI,099,y,5,4.999999925494195,1,0.21775456919060052,0,0.34250129735339907,0.12474672816279855,3830,3854,paper_width
CAMRI,099,y,6,4.999999925494195,4,0.20678851174934726,0,0.1951219512195122,-0.011666560529835057,3830,3854,paper_width
CAMRI,099,y,7,4.999999925494195,6,0.16736292428198432,5,0.17877529839128178,0.011412374109297463,3830,3854,paper_width
CAMRI,099,y,8,4.999999925494195,4,0.16031331592689296,0,0.16995329527763361,0.009639979350740652,3830,3854,paper_width
Mouse,POLYIC_20190510_mouse34__E2_P1,x,2,3.1999998807907124,1,0.5078082929456113,0,0.5065410779696494,-0.0012672149759618279,3714,3822,current_best
Mouse,POLYIC_20190510_mouse34__E2_P1,x,3,3.1999998807907124,2,0.3373721055465805,2,0.3492935635792779,0.011921458032697396,3714,3822,current_best
Mouse,POLYIC_20190510_mouse34__E2_P1,x,4,3.1999998807907124,3,0.2549811523963382,2,0.26321297749869177,0.008231825102353596,3714,3822,current_best
Mouse,POLYIC_20190510_mouse34__E2_P1,x,5,3.1999998807907124,2,0.20597738287560582,3,0.2153322867608582,0.00935490388525237,3714,3822,current_best
Mouse,POLYIC_20190510_mouse34__E2_P1,x,6,3.1999998807907124,1,0.1752827140549273,2,0.18628990057561487,0.011007186520687579,3714,3822,current_best
Mouse,POLYIC_20190510_mouse34__E2_P1,x,7,3.1999998807907124,6,0.16478190630048464,0,0.15907901622187337,-0.005702890078611272,3714,3822,current_best
Mouse,POLYIC_20190510_mouse34__E2_P1,x,8,3.1999998807907124,7,0.13597199784598815,6,0.1425954997383569,0.006623501892368738,3714,3822,current_best
Mouse,POLYIC_20190510_mouse34__E2_P1,y,2,4.999999925494195,1,0.503001200480192,1,0.503921568627451,0.000920368147258932,4998,5100,current_best
Mouse,POLYIC_20190510_mouse34__E2_P1,y,3,4.999999925494195,2,0.33693477390956383,2,0.36941176470588233,0.032476990796318495,4998,5100,current_best
Mouse,POLYIC_20190510_mouse34__E2_P1,y,4,4.999999925494195,2,0.27450980392156865,0,0.266078431372549,-0.008431372549019656,4998,5100,current_best
Mouse,POLYIC_20190510_mouse34__E2_P1,y,5,4.999999925494195,1,0.22008803521408563,2,0.3452941176470588,0.12520608243297318,4998,5100,current_best
Mouse,POLYIC_20190510_mouse34__E2_P1,y,6,4.999999925494195,2,0.18007202881152462,2,0.20490196078431372,0.0248299319727891,4998,5100,current_best
Mouse,POLYIC_20190510_mouse34__E2_P1,y,7,4.999999925494195,0,0.16666666666666666,2,0.1688235294117647,0.002156862745098048,4998,5100,current_best
Mouse,POLYIC_20190510_mouse34__E2_P1,y,8,4.999999925494195,6,0.1404561824729892,4,0.17705882352941177,0.03660264105642258,4998,5100,current_best
Mouse,POLYIC_20190510_mouse34__E2_P1,x,2,3.1999998807907124,1,0.5078082929456113,0,0.5119047619047619,0.004096468959150612,3714,3864,paper_width
Mouse,POLYIC_20190510_mouse34__E2_P1,x,3,3.1999998807907124,2,0.3373721055465805,2,0.34006211180124224,0.0026900062546617587,3714,3864,paper_width
Mouse,POLYIC_20190510_mouse34__E2_P1,x,4,3.1999998807907124,3,0.2549811523963382,2,0.25957556935817805,0.004594416961839876,3714,3864,paper_width
Mouse,POLYIC_20190510_mouse34__E2_P1,x,5,3.1999998807907124,2,0.20597738287560582,3,0.20626293995859213,0.0002855570829863041,3714,3864,paper_width
Mouse,POLYIC_20190510_mouse34__E2_P1,x,6,3.1999998807907124,1,0.1752827140549273,0,0.18115942028985507,0.005876706234927781,3714,3864,paper_width
Mouse,POLYIC_20190510_mouse34__E2_P1,x,7,3.1999998807907124,6,0.16478190630048464,0,0.15372670807453417,-0.011055198225950469,3714,3864,paper_width
Mouse,POLYIC_20190510_mouse34__E2_P1,x,8,3.1999998807907124,7,0.13597199784598815,6,0.1431159420289855,0.007143944182997353,3714,3864,paper_width
Mouse,POLYIC_20190510_mouse34__E2_P1,y,2,4.999999925494195,1,0.503001200480192,0,0.5033477747144545,0.00034657423426243117,4998,5078,paper_width
Mouse,POLYIC_20190510_mouse34__E2_P1,y,3,4.999999925494195,2,0.33693477390956383,2,0.37534462386766443,0.038409849958100595,4998,5078,paper_width
Mouse,POLYIC_20190510_mouse34__E2_P1,y,4,4.999999925494195,2,0.27450980392156865,0,0.26132335565183146,-0.013186448269737194,4998,5078,paper_width
Mouse,POLYIC_20190510_mouse34__E2_P1,y,5,4.999999925494195,1,0.22008803521408563,2,0.34265458842063806,0.12256655320655244,4998,5078,paper_width
Mouse,POLYIC_20190510_mouse34__E2_P1,y,6,4.999999925494195,2,0.18007202881152462,2,0.21051595116187474,0.030443922350350122,4998,5078,paper_width
Mouse,POLYIC_20190510_mouse34__E2_P1,y,7,4.999999925494195,0,0.16666666666666666,0,0.16620716817644743,-0.00045949849021922895,4998,5078,paper_width
Mouse,POLYIC_20190510_mouse34__E2_P1,y,8,4.999999925494195,6,0.1404561824729892,1,0.16758566364710517,0.027129481174115982,4998,5078,paper_width
Mouse,POLYIC_20190510_mouse35__E3_P1,x,2,3.1999998807907124,1,0.5024403470715835,1,0.5071164997364259,0.004676152664842448,3688,3794,current_best
Mouse,POLYIC_20190510_mouse35__E3_P1,x,3,3.1999998807907124,0,0.3405639913232104,1,0.3352662098049552,-0.005297781518255218,3688,3794,current_best
Mouse,POLYIC_20190510_mouse35__E3_P1,x,4,3.1999998807907124,0,0.25488069414316705,3,0.25724828676858197,0.002367592625414916,3688,3794,current_best
Mouse,POLYIC_20190510_mouse35__E3_P1,x,5,3.1999998807907124,4,0.20715835140997832,4,0.2113863995782815,0.004228048168303189,3688,3794,current_best
Mouse,POLYIC_20190510_mouse35__E3_P1,x,6,3.1999998807907124,0,0.17814533622559653,5,0.1776489193463363,-0.0004964168792602197,3688,3794,current_best
Mouse,POLYIC_20190510_mouse35__E3_P1,x,7,3.1999998807907124,5,0.1531995661605206,1,0.15155508697944123,-0.001644479181079378,3688,3794,current_best
Mouse,POLYIC_20190510_mouse35__E3_P1,x,8,3.1999998807907124,0,0.13964208242950107,0,0.1462836056931998,0.006641523263698712,3688,3794,current_best
Mouse,POLYIC_20190510_mouse35__E3_P1,y,2,4.999999925494195,0,0.5201785021342646,1,0.5104006163328197,-0.009777885801444897,5154,5192,current_best
Mouse,POLYIC_20190510_mouse35__E3_P1,y,3,4.999999925494195,0,0.3409002716336826,2,0.362095531587057,0.0211952599533744,5154,5192,current_best
Mouse,POLYIC_20190510_mouse35__E3_P1,y,4,4.999999925494195,2,0.286767559177338,0,0.2733050847457627,-0.013462474431575278,5154,5192,current_best
Mouse,POLYIC_20190510_mouse35__E3_P1,y,5,4.999999925494195,3,0.2173069460613116,2,0.34726502311248075,0.12995807705116916,5154,5192,current_best
Mouse,POLYIC_20190510_mouse35__E3_P1,y,6,4.999999925494195,2,0.17889018238261545,3,0.20088597842835132,0.02199579604573587,5154,5192,current_best
Mouse,POLYIC_20190510_mouse35__E3_P1,y,7,4.999999925494195,3,0.18257663950329842,2,0.17122496147919877,-0.011351678024099643,5154,5192,current_best
Mouse,POLYIC_20190510_mouse35__E3_P1,y,8,4.999999925494195,6,0.16627861854870005,4,0.1893297380585516,0.02305111950985156,5154,5192,current_best
Mouse,POLYIC_20190510_mouse35__E3_P1,x,2,3.1999998807907124,1,0.5024403470715835,0,0.5023560209424084,-8.432612917508298e-05,3688,3820,paper_width
Mouse,POLYIC_20190510_mouse35__E3_P1,x,3,3.1999998807907124,0,0.3405639913232104,0,0.3473821989528796,0.006818207629669171,3688,3820,paper_width
Mouse,POLYIC_20190510_mouse35__E3_P1,x,4,3.1999998807907124,0,0.25488069414316705,3,0.25732984293193717,0.002449148788770117,3688,3820,paper_width
Mouse,POLYIC_20190510_mouse35__E3_P1,x,5,3.1999998807907124,4,0.20715835140997832,0,0.21413612565445025,0.006977774244471935,3688,3820,paper_width
Mouse,POLYIC_20190510_mouse35__E3_P1,x,6,3.1999998807907124,0,0.17814533622559653,0,0.1806282722513089,0.002482936025712368,3688,3820,paper_width
Mouse,POLYIC_20190510_mouse35__E3_P1,x,7,3.1999998807907124,5,0.1531995661605206,5,0.1549738219895288,0.0017742558290081978,3688,3820,paper_width
Mouse,POLYIC_20190510_mouse35__E3_P1,x,8,3.1999998807907124,0,0.13964208242950107,0,0.1400523560209424,0.00041027359144132913,3688,3820,paper_width
Mouse,POLYIC_20190510_mouse35__E3_P1,y,2,4.999999925494195,0,0.5201785021342646,1,0.5273044151820294,0.007125913047764776,5154,5164,paper_width
Mouse,POLYIC_20190510_mouse35__E3_P1,y,3,4.999999925494195,0,0.3409002716336826,2,0.3650271107668474,0.024126839133164824,5154,5164,paper_width
Mouse,POLYIC_20190510_mouse35__E3_P1,y,4,4.999999925494195,2,0.286767559177338,1,0.2918280402788536,0.005060481101515635,5154,5164,paper_width
Mouse,POLYIC_20190510_mouse35__E3_P1,y,5,4.999999925494195,3,0.2173069460613116,2,0.3435321456235476,0.12622519956223602,5154,5164,paper_width
Mouse,POLYIC_20190510_mouse35__E3_P1,y,6,4.999999925494195,2,0.17889018238261545,3,0.20061967467079783,0.021729492288182384,5154,5164,paper_width
Mouse,POLYIC_20190510_mouse35__E3_P1,y,7,4.999999925494195,3,0.18257663950329842,5,0.17467079783113865,-0.007905841672159769,5154,5164,paper_width
Mouse,POLYIC_20190510_mouse35__E3_P1,y,8,4.999999925494195,6,0.16627861854870005,1,0.1855151045701007,0.019236486021400656,5154,5164,paper_width
Mouse,POLYIC_20190510_mouse37__E2_P1,x,2,3.1999998807907124,1,0.5043037974683544,1,0.5024838549428713,-0.0018199425254831203,3950,4026,current_best
Mouse,POLYIC_20190510_mouse37__E2_P1,x,3,3.1999998807907124,1,0.35037974683544304,1,0.3469945355191257,-0.0033852113163173603,3950,4026,current_best
Mouse,POLYIC_20190510_mouse37__E2_P1,x,4,3.1999998807907124,3,0.2665822784810127,3,0.2526080476900149,-0.0139742307909978,3950,4026,current_best
Mouse,POLYIC_20190510_mouse37__E2_P1,x,5,3.1999998807907124,3,0.2078481012658228,3,0.21535022354694486,0.00750212228112207,3950,4026,current_best
Mouse,POLYIC_20190510_mouse37__E2_P1,x,6,3.1999998807907124,1,0.17873417721518986,2,0.17883755588673622,0.00010337867154636138,3950,4026,current_best
Mouse,POLYIC_20190510_mouse37__E2_P1,x,7,3.1999998807907124,2,0.149873417721519,3,0.1572280178837556,0.007354600162236602,3950,4026,current_best
Mouse,POLYIC_20190510_mouse37__E2_P1,x,8,3.1999998807907124,7,0.13341772151898734,6,0.13114754098360656,-0.002270180535380778,3950,4026,current_best
Mouse,POLYIC_20190510_mouse37__E2_P1,y,2,4.999999925494195,0,0.5316176470588235,1,0.5600073179656055,0.028389670906782016,5440,5466,current_best
Mouse,POLYIC_20190510_mouse37__E2_P1,y,3,4.999999925494195,1,0.346875,1,0.3664471276984998,0.01957212769849981,5440,5466,current_best
Mouse,POLYIC_20190510_mouse37__E2_P1,y,4,4.999999925494195,2,0.2884191176470588,3,0.30863519941456274,0.020216081767503946,5440,5466,current_best
Mouse,POLYIC_20190510_mouse37__E2_P1,y,5,4.999999925494195,1,0.22463235294117648,2,0.3556531284302964,0.13102077548911992,5440,5466,current_best
Mouse,POLYIC_20190510_mouse37__E2_P1,y,6,4.999999925494195,4,0.19522058823529412,5,0.2385656787413099,0.04334509050601579,5440,5466,current_best
Mouse,POLYIC_20190510_mouse37__E2_P1,y,7,4.999999925494195,5,0.17261029411764706,6,0.18258324185876326,0.009972947741116206,5440,5466,current_best
Mouse,POLYIC_20190510_mouse37__E2_P1,y,8,4.999999925494195,2,0.1670955882352941,2,0.17489937797292351,0.007803789737629407,5440,5466,current_best
Mouse,POLYIC_20190510_mouse37__E2_P1,x,2,3.1999998807907124,1,0.5043037974683544,0,0.5017215937038859,-0.0025822037644684936,3950,4066,paper_width
Mouse,POLYIC_20190510_mouse37__E2_P1,x,3,3.1999998807907124,1,0.35037974683544304,2,0.34776192818494833,-0.0026178186504947076,3950,4066,paper_width
Mouse,POLYIC_20190510_mouse37__E2_P1,x,4,3.1999998807907124,3,0.2665822784810127,3,0.2678307919331038,0.0012485134520910934,3950,4066,paper_width
Mouse,POLYIC_20190510_mouse37__E2_P1,x,5,3.1999998807907124,3,0.2078481012658228,3,0.22110181997048697,0.013253718704664186,3950,4066,paper_width
Mouse,POLYIC_20190510_mouse37__E2_P1,x,6,3.1999998807907124,1,0.17873417721518986,2,0.18298081652729956,0.004246639312109696,3950,4066,paper_width
Mouse,POLYIC_20190510_mouse37__E2_P1,x,7,3.1999998807907124,2,0.149873417721519,0,0.14633546483030005,-0.003537952891218943,3950,4066,paper_width
Mouse,POLYIC_20190510_mouse37__E2_P1,x,8,3.1999998807907124,7,0.13341772151898734,3,0.14313821938022628,0.009720497861238936,3950,4066,paper_width
Mouse,POLYIC_20190510_mouse37__E2_P1,y,2,4.999999925494195,0,0.5316176470588235,1,0.5752017608217168,0.043584113762893284,5440,5452,paper_width
Mouse,POLYIC_20190510_mouse37__E2_P1,y,3,4.999999925494195,1,0.346875,1,0.3723404255319149,0.025465425531914887,5440,5452,paper_width
Mouse,POLYIC_20190510_mouse37__E2_P1,y,4,4.999999925494195,2,0.2884191176470588,3,0.31382978723404253,0.025410669586983736,5440,5452,paper_width
Mouse,POLYIC_20190510_mouse37__E2_P1,y,5,4.999999925494195,1,0.22463235294117648,3,0.3503301540719002,0.12569780113072374,5440,5452,paper_width
Mouse,POLYIC_20190510_mouse37__E2_P1,y,6,4.999999925494195,4,0.19522058823529412,5,0.2417461482024945,0.04652555996720037,5440,5452,paper_width
Mouse,POLYIC_20190510_mouse37__E2_P1,y,7,4.999999925494195,5,0.17261029411764706,6,0.18561995597945707,0.013009661861810018,5440,5452,paper_width
Mouse,POLYIC_20190510_mouse37__E2_P1,y,8,4.999999925494195,2,0.1670955882352941,7,0.16929567131327952,0.0022000830779854152,5440,5452,paper_width
Mouse,POLYIC_20190510_mouse38__E2_P1,x,2,3.1999998807907124,1,0.507635597682991,1,0.5093908629441625,0.0017552652611714237,3798,3940,current_best
Mouse,POLYIC_20190510_mouse38__E2_P1,x,3,3.1999998807907124,2,0.34623486045286994,0,0.3413705583756345,-0.004864302077235427,3798,3940,current_best
Mouse,POLYIC_20190510_mouse38__E2_P1,x,4,3.1999998807907124,3,0.26408636124275936,3,0.2654822335025381,0.0013958722597787188,3798,3940,current_best
Mouse,POLYIC_20190510_mouse38__E2_P1,x,5,3.1999998807907124,0,0.22195892575039494,0,0.21751269035532994,-0.004446235395065001,3798,3940,current_best
Mouse,POLYIC_20190510_mouse38__E2_P1,x,6,3.1999998807907124,3,0.17719852553975776,3,0.17791878172588832,0.0007202561861305579,3798,3940,current_best
Mouse,POLYIC_20190510_mouse38__E2_P1,x,7,3.1999998807907124,2,0.16192733017377567,2,0.15837563451776648,-0.003551695656009185,3798,3940,current_best
Mouse,POLYIC_20190510_mouse38__E2_P1,x,8,3.1999998807907124,6,0.13796735123749343,6,0.1398477157360406,0.0018803644985471712,3798,3940,current_best
Mouse,POLYIC_20190510_mouse38__E2_P1,y,2,4.999999925494195,1,0.5038080731150039,0,0.5827677224736049,0.078959649358601,5252,5304,current_best
Mouse,POLYIC_20190510_mouse38__E2_P1,y,3,4.999999925494195,2,0.3526275704493526,0,0.3717948717948718,0.019167301345519194,5252,5304,current_best
Mouse,POLYIC_20190510_mouse38__E2_P1,y,4,4.999999925494195,3,0.2616146230007616,0,0.32334087481146306,0.06172625181070146,5252,5304,current_best
Mouse,POLYIC_20190510_mouse38__E2_P1,y,5,4.999999925494195,1,0.22867479055597867,2,0.3453996983408748,0.11672490778489614,5252,5304,current_best
Mouse,POLYIC_20190510_mouse38__E2_P1,y,6,4.999999925494195,5,0.18697638994668697,0,0.2023001508295626,0.015323760882875626,5252,5304,current_best
Mouse,POLYIC_20190510_mouse38__E2_P1,y,7,4.999999925494195,3,0.17326732673267325,3,0.16553544494720965,-0.007731881785463607,5252,5304,current_best
Mouse,POLYIC_20190510_mouse38__E2_P1,y,8,4.999999925494195,6,0.15651180502665651,4,0.1747737556561086,0.018261950629452073,5252,5304,current_best
Mouse,POLYIC_20190510_mouse38__E2_P1,x,2,3.1999998807907124,1,0.507635597682991,0,0.5153884964682139,0.007752898785222895,3798,3964,paper_width
Mouse,POLYIC_20190510_mouse38__E2_P1,x,3,3.1999998807907124,2,0.34623486045286994,0,0.3473763874873865,0.0011415270345165318,3798,3964,paper_width
Mouse,POLYIC_20190510_mouse38__E2_P1,x,4,3.1999998807907124,3,0.26408636124275936,2,0.272452068617558,0.008365707374798637,3798,3964,paper_width
Mouse,POLYIC_20190510_mouse38__E2_P1,x,5,3.1999998807907124,0,0.22195892575039494,4,0.2232593340060545,0.001300408255659552,3798,3964,paper_width
Mouse,POLYIC_20190510_mouse38__E2_P1,x,6,3.1999998807907124,3,0.17719852553975776,0,0.17633703329969727,-0.0008614922400604907,3798,3964,paper_width
Mouse,POLYIC_20190510_mouse38__E2_P1,x,7,3.1999998807907124,2,0.16192733017377567,5,0.15060544904137235,-0.011321881132403316,3798,3964,paper_width
Mouse,POLYIC_20190510_mouse38__E2_P1,x,8,3.1999998807907124,6,0.13796735123749343,6,0.15640766902119072,0.018440317783697285,3798,3964,paper_width
Mouse,POLYIC_20190510_mouse38__E2_P1,y,2,4.999999925494195,1,0.5038080731150039,0,0.5817454268292683,0.07793735371426447,5252,5248,paper_width
Mouse,POLYIC_20190510_mouse38__E2_P1,y,3,4.999999925494195,2,0.3526275704493526,0,0.3635670731707317,0.010939502721379113,5252,5248,paper_width
Mouse,POLYIC_20190510_mouse38__E2_P1,y,4,4.999999925494195,3,0.2616146230007616,0,0.32602896341463417,0.06441434041387256,5252,5248,paper_width
Mouse,POLYIC_20190510_mouse38__E2_P1,y,5,4.999999925494195,1,0.22867479055597867,2,0.3559451219512195,0.12727033139524085,5252,5248,paper_width
Mouse,POLYIC_20190510_mouse38__E2_P1,y,6,4.999999925494195,5,0.18697638994668697,0,0.19607469512195122,0.009098305175264249,5252,5248,paper_width
Mouse,POLYIC_20190510_mouse38__E2_P1,y,7,4.999999925494195,3,0.17326732673267325,3,0.16520579268292682,-0.008061534049746438,5252,5248,paper_width
Mouse,POLYIC_20190510_mouse38__E2_P1,y,8,4.999999925494195,6,0.15651180502665651,4,0.17130335365853658,0.014791548631880064,5252,5248,paper_width
Mouse,POLYIC_20190510_mouse39__E4_P1,x,2,3.1999998807907124,0,0.502568053415511,1,0.5028161802355351,0.00024812682002406383,3894,3906,current_best
Mouse,POLYIC_20190510_mouse39__E4_P1,x,3,3.1999998807907124,1,0.33846944016435543,1,0.33768561187916024,-0.0007838282851951872,3894,3906,current_best
Mouse,POLYIC_20190510_mouse39__E4_P1,x,4,3.1999998807907124,2,0.26322547508988187,1,0.25806451612903225,-0.005160958960849615,3894,3906,current_best
Mouse,POLYIC_20190510_mouse39__E4_P1,x,5,3.1999998807907124,2,0.21982537236774524,2,0.22196620583717358,0.002140833469428338,3894,3906,current_best
Mouse,POLYIC_20190510_mouse39__E4_P1,x,6,3.1999998807907124,4,0.1813045711350796,3,0.1733230926779314,-0.007981478457148222,3894,3906,current_best
Mouse,POLYIC_20190510_mouse39__E4_P1,x,7,3.1999998807907124,2,0.16718027734976887,2,0.159242191500256,-0.00793808584951286,3894,3906,current_best
Mouse,POLYIC_20190510_mouse39__E4_P1,x,8,3.1999998807907124,6,0.14021571648690292,6,0.1390168970814132,-0.001198819405489715,3894,3906,current_best
Mouse,POLYIC_20190510_mouse39__E4_P1,y,2,4.999999925494195,0,0.508808095952024,0,0.5256505576208178,0.016842461668793773,5336,5380,current_best
Mouse,POLYIC_20190510_mouse39__E4_P1,y,3,4.999999925494195,2,0.37275112443778113,1,0.3845724907063197,0.01182136626853858,5336,5380,current_best
Mouse,POLYIC_20190510_mouse39__E4_P1,y,4,4.999999925494195,2,0.2762368815592204,0,0.30446096654275095,0.028224084983530573,5336,5380,current_best
Mouse,POLYIC_20190510_mouse39__E4_P1,y,5,4.999999925494195,1,0.22563718140929534,3,0.36561338289962825,0.1399762014903329,5336,5380,current_best
Mouse,POLYIC_20190510_mouse39__E4_P1,y,6,4.999999925494195,5,0.1866566716641679,4,0.2505576208178439,0.06390094915367597,5336,5380,current_best
Mouse,POLYIC_20190510_mouse39__E4_P1,y,7,4.999999925494195,2,0.17916041979010494,4,0.18494423791821563,0.005783818128110685,5336,5380,current_best
Mouse,POLYIC_20190510_mouse39__E4_P1,y,8,4.999999925494195,6,0.15948275862068967,7,0.18884758364312268,0.02936482502243301,5336,5380,current_best
Mouse,POLYIC_20190510_mouse39__E4_P1,x,2,3.1999998807907124,0,0.502568053415511,1,0.5005060728744939,-0.002061980541017139,3894,3952,paper_width
Mouse,POLYIC_20190510_mouse39__E4_P1,x,3,3.1999998807907124,1,0.33846944016435543,1,0.3491902834008097,0.01072084323645428,3894,3952,paper_width
Mouse,POLYIC_20190510_mouse39__E4_P1,x,4,3.1999998807907124,2,0.26322547508988187,2,0.256831983805668,-0.006393491284213848,3894,3952,paper_width
Mouse,POLYIC_20190510_mouse39__E4_P1,x,5,3.1999998807907124,2,0.21982537236774524,3,0.21811740890688258,-0.0017079634608626604,3894,3952,paper_width
Mouse,POLYIC_20190510_mouse39__E4_P1,x,6,3.1999998807907124,4,0.1813045711350796,4,0.17737854251012145,-0.003926028624958167,3894,3952,paper_width
Mouse,POLYIC_20190510_mouse39__E4_P1,x,7,3.1999998807907124,2,0.16718027734976887,2,0.16093117408906882,-0.006249103260700051,3894,3952,paper_width
Mouse,POLYIC_20190510_mouse39__E4_P1,x,8,3.1999998807907124,6,0.14021571648690292,6,0.1404352226720648,0.00021950618516186626,3894,3952,paper_width
Mouse,POLYIC_20190510_mouse39__E4_P1,y,2,4.999999925494195,0,0.508808095952024,0,0.5386636636636637,0.029855567711639663,5336,5328,paper_width
Mouse,POLYIC_20190510_mouse39__E4_P1,y,3,4.999999925494195,2,0.37275112443778113,0,0.36843093093093093,-0.004320193506850201,5336,5328,paper_width
Mouse,POLYIC_20190510_mouse39__E4_P1,y,4,4.999999925494195,2,0.2762368815592204,0,0.2987987987987988,0.0225619172395784,5336,5328,paper_width
Mouse,POLYIC_20190510_mouse39__E4_P1,y,5,4.999999925494195,1,0.22563718140929534,3,0.3549174174174174,0.12928023600812205,5336,5328,paper_width
Mouse,POLYIC_20190510_mouse39__E4_P1,y,6,4.999999925494195,5,0.1866566716641679,4,0.24136636636636635,0.05470969470219844,5336,5328,paper_width
Mouse,POLYIC_20190510_mouse39__E4_P1,y,7,4.999999925494195,2,0.17916041979010494,4,0.18862612612612611,0.009465706336021174,5336,5328,paper_width
Mouse,POLYIC_20190510_mouse39__E4_P1,y,8,4.999999925494195,6,0.15948275862068967,7,0.18074324324324326,0.021260484622553588,5336,5328,paper_width
Mouse,POLYIC_20190510_mouse42__E2_P1,x,2,3.1999998807907124,0,0.5015440041173443,1,0.5035282258064516,0.0019842216891072795,3886,3968,current_best
Mouse,POLYIC_20190510_mouse42__E2_P1,x,3,3.1999998807907124,0,0.34534225424601134,1,0.33845766129032256,-0.006884592955688773,3886,3968,current_best
Mouse,POLYIC_20190510_mouse42__E2_P1,x,4,3.1999998807907124,3,0.2547606793618116,1,0.2535282258064516,-0.0012324535553600025,3886,3968,current_best
Mouse,POLYIC_20190510_mouse42__E2_P1,x,5,3.1999998807907124,4,0.21384457025218734,4,0.20942540322580644,-0.004419167026380899,3886,3968,current_best
Mouse,POLYIC_20190510_mouse42__E2_P1,x,6,3.1999998807907124,0,0.1755018013381369,1,0.1766633064516129,0.0011615051134760135,3886,3968,current_best
Mouse,POLYIC_20190510_mouse42__E2_P1,x,7,3.1999998807907124,3,0.15182707153885744,1,0.15700604838709678,0.005178976848239342,3886,3968,current_best
Mouse,POLYIC_20190510_mouse42__E2_P1,x,8,3.1999998807907124,6,0.13535769428718478,6,0.14087701612903225,0.005519321841847474,3886,3968,current_best
Mouse,POLYIC_20190510_mouse42__E2_P1,y,2,4.999999925494195,0,0.5005818463925523,1,0.5163398692810458,0.015758022888493484,5156,5202,current_best
Mouse,POLYIC_20190510_mouse42__E2_P1,y,3,4.999999925494195,2,0.35550814584949575,2,0.36562860438292966,0.010120458533433907,5156,5202,current_best
Mouse,POLYIC_20190510_mouse42__E2_P1,y,4,4.999999925494195,3,0.2651280062063615,2,0.2779700115340254,0.012842005327663886,5156,5202,current_best
Mouse,POLYIC_20190510_mouse42__E2_P1,y,5,4.999999925494195,4,0.21683475562451512,3,0.3548635140330642,0.13802875840854908,5156,5202,current_best
Mouse,POLYIC_20190510_mouse42__E2_P1,y,6,4.999999925494195,5,0.18211792086889061,5,0.21414840445982314,0.032030483590932524,5156,5202,current_best
Mouse,POLYIC_20190510_mouse42__E2_P1,y,7,4.999999925494195,2,0.16252909231962762,5,0.1643598615916955,0.001830769272067878,5156,5202,current_best
Mouse,POLYIC_20190510_mouse42__E2_P1,y,8,4.999999925494195,7,0.15050426687354537,7,0.1708958093041138,0.020391542430568427,5156,5202,current_best
Mouse,POLYIC_20190510_mouse42__E2_P1,x,2,3.1999998807907124,0,0.5015440041173443,1,0.5052421367948078,0.0036981326774634393,3886,4006,paper_width
Mouse,POLYIC_20190510_mouse42__E2_P1,x,3,3.1999998807907124,0,0.34534225424601134,1,0.3347478781827259,-0.010594376063285449,3886,4006,paper_width
Mouse,POLYIC_20190510_mouse42__E2_P1,x,4,3.1999998807907124,3,0.2547606793618116,3,0.2598602096854718,0.005099530323660173,3886,4006,paper_width
Mouse,POLYIC_20190510_mouse42__E2_P1,x,5,3.1999998807907124,4,0.21384457025218734,4,0.2164253619570644,0.0025807917048770723,3886,4006,paper_width
Mouse,POLYIC_20190510_mouse42__E2_P1,x,6,3.1999998807907124,0,0.1755018013381369,1,0.17498751872191712,-0.0005142826162197744,3886,4006,paper_width
Mouse,POLYIC_20190510_mouse42__E2_P1,x,7,3.1999998807907124,3,0.15182707153885744,3,0.15926110833749377,0.007434036798636329,3886,4006,paper_width
Mouse,POLYIC_20190510_mouse42__E2_P1,x,8,3.1999998807907124,6,0.13535769428718478,6,0.14278582126809786,0.00742812698091308,3886,4006,paper_width
Mouse,POLYIC_20190510_mouse42__E2_P1,y,2,4.999999925494195,0,0.5005818463925523,1,0.5211650485436893,0.02058320215113696,5156,5150,paper_width
Mouse,POLYIC_20190510_mouse42__E2_P1,y,3,4.999999925494195,2,0.35550814584949575,2,0.3650485436893204,0.009540397839824633,5156,5150,paper_width
Mouse,POLYIC_20190510_mouse42__E2_P1,y,4,4.999999925494195,3,0.2651280062063615,3,0.2732038834951456,0.008075877288784117,5156,5150,paper_width
Mouse,POLYIC_20190510_mouse42__E2_P1,y,5,4.999999925494195,4,0.21683475562451512,3,0.3559223300970874,0.13908757447257228,5156,5150,paper_width
Mouse,POLYIC_20190510_mouse42__E2_P1,y,6,4.999999925494195,5,0.18211792086889061,5,0.20951456310679611,0.0273966422379055,5156,5150,paper_width
Mouse,POLYIC_20190510_mouse42__E2_P1,y,7,4.999999925494195,2,0.16252909231962762,3,0.16485436893203884,0.00232527661241122,5156,5150,paper_width
Mouse,POLYIC_20190510_mouse42__E2_P1,y,8,4.999999925494195,7,0.15050426687354537,7,0.17398058252427184,0.02347631565072647,5156,5150,paper_width
Mouse,POLYIC_20190510_mouse43__E2_P1_1,x,2,3.1999998807907124,0,0.5107444359171144,0,0.5052434456928839,-0.005500990224230451,2606,2670,current_best
Mouse,POLYIC_20190510_mouse43__E2_P1_1,x,3,3.1999998807907124,0,0.34804297774366844,2,0.349063670411985,0.0010206926683165585,2606,2670,current_best
Mouse,POLYIC_20190510_mouse43__E2_P1_1,x,4,3.1999998807907124,0,0.2651573292402149,1,0.2636704119850187,-0.001486917255196174,2606,2670,current_best
Mouse,POLYIC_20190510_mouse43__E2_P1_1,x,5,3.1999998807907124,1,0.20683039140445125,4,0.21423220973782772,0.00740181833337647,2606,2670,current_best
Mouse,POLYIC_20190510_mouse43__E2_P1_1,x,6,3.1999998807907124,3,0.18457405986185726,2,0.17752808988764046,-0.007045969974216804,2606,2670,current_best
Mouse,POLYIC_20190510_mouse43__E2_P1_1,x,7,3.1999998807907124,1,0.15656178050652342,5,0.15393258426966291,-0.0026291962368605037,2606,2670,current_best
Mouse,POLYIC_20190510_mouse43__E2_P1_1,x,8,3.1999998807907124,4,0.14044512663085187,1,0.14644194756554307,0.005996820934691199,2606,2670,current_best
Mouse,POLYIC_20190510_mouse43__E2_P1_1,y,2,4.999999925494195,1,0.5104875283446711,1,0.5739695087521175,0.06348198040744635,3528,3542,current_best
Mouse,POLYIC_20190510_mouse43__E2_P1_1,y,3,4.999999925494195,1,0.3449546485260771,2,0.38226990400903443,0.03731525548295733,3528,3542,current_best
Mouse,POLYIC_20190510_mouse43__E2_P1_1,y,4,4.999999925494195,3,0.2593537414965986,1,0.3105590062111801,0.05120526471458148,3528,3542,current_best
Mouse,POLYIC_20190510_mouse43__E2_P1_1,y,5,4.999999925494195,2,0.20918367346938777,2,0.354884246188594,0.14570057271920622,3528,3542,current_best
Mouse,POLYIC_20190510_mouse43__E2_P1_1,y,6,4.999999925494195,1,0.18339002267573695,3,0.21428571428571427,0.03089569160997732,3528,3542,current_best
Mouse,POLYIC_20190510_mouse43__E2_P1_1,y,7,4.999999925494195,3,0.16780045351473924,2,0.18181818181818182,0.014017728303442584,3528,3542,current_best
Mouse,POLYIC_20190510_mouse43__E2_P1_1,y,8,4.999999925494195,3,0.15136054421768708,4,0.16290231507622813,0.01154177085854105,3528,3542,current_best
Mouse,POLYIC_20190510_mouse43__E2_P1_1,x,2,3.1999998807907124,0,0.5107444359171144,1,0.5021945866861741,-0.008549849230940265,2606,2734,paper_width
Mouse,POLYIC_20190510_mouse43__E2_P1_1,x,3,3.1999998807907124,0,0.34804297774366844,0,0.33686905632772496,-0.011173921415943477,2606,2734,paper_width
Mouse,POLYIC_20190510_mouse43__E2_P1_1,x,4,3.1999998807907124,0,0.2651573292402149,3,0.25969275786393564,-0.005464571376279259,2606,2734,paper_width
Mouse,POLYIC_20190510_mouse43__E2_P1_1,x,5,3.1999998807907124,1,0.20683039140445125,4,0.22494513533284566,0.018114743928394406,2606,2734,paper_width
Mouse,POLYIC_20190510_mouse43__E2_P1_1,x,6,3.1999998807907124,3,0.18457405986185726,5,0.17264081931236283,-0.011933240549494434,2606,2734,paper_width
Mouse,POLYIC_20190510_mouse43__E2_P1_1,x,7,3.1999998807907124,1,0.15656178050652342,0,0.1616678858814923,0.005106105374968889,2606,2734,paper_width
Mouse,POLYIC_20190510_mouse43__E2_P1_1,x,8,3.1999998807907124,4,0.14044512663085187,3,0.13386978785662035,-0.006575338774231526,2606,2734,paper_width
Mouse,POLYIC_20190510_mouse43__E2_P1_1,y,2,4.999999925494195,1,0.5104875283446711,1,0.518941504178273,0.008453975833601857,3528,3590,paper_width
Mouse,POLYIC_20190510_mouse43__E2_P1_1,y,3,4.999999925494195,1,0.3449546485260771,2,0.3955431754874652,0.0505885269613881,3528,3590,paper_width
Mouse,POLYIC_20190510_mouse43__E2_P1_1,y,4,4.999999925494195,3,0.2593537414965986,1,0.2908077994428969,0.0314540579462983,3528,3590,paper_width
Mouse,POLYIC_20190510_mouse43__E2_P1_1,y,5,4.999999925494195,2,0.20918367346938777,2,0.3615598885793872,0.15237621510999944,3528,3590,paper_width
Mouse,POLYIC_20190510_mouse43__E2_P1_1,y,6,4.999999925494195,1,0.18339002267573695,2,0.22061281337047353,0.03722279069473658,3528,3590,paper_width
Mouse,POLYIC_20190510_mouse43__E2_P1_1,y,7,4.999999925494195,3,0.16780045351473924,1,0.183008356545961,0.01520790303122177,3528,3590,paper_width
Mouse,POLYIC_20190510_mouse43__E2_P1_1,y,8,4.999999925494195,3,0.15136054421768708,4,0.19247910863509748,0.04111856441741041,3528,3590,paper_width
Mouse,POLYIC_20190510_mouse43__E9_P1,x,2,3.1999998807907124,0,0.5094195519348269,1,0.5058465855940131,-0.0035729663408138324,3928,4276,current_best
Mouse,POLYIC_20190510_mouse43__E9_P1,x,3,3.1999998807907124,2,0.33834012219959264,2,0.3498596819457437,0.011519559746151042,3928,4276,current_best
Mouse,POLYIC_20190510_mouse43__E9_P1,x,4,3.1999998807907124,2,0.265020366598778,3,0.2570159027128157,-0.008004463885962265,3928,4276,current_best
Mouse,POLYIC_20190510_mouse43__E9_P1,x,5,3.1999998807907124,0,0.21308553971486763,3,0.2100093545369504,-0.003076185177917218,3928,4276,current_best
Mouse,POLYIC_20190510_mouse43__E9_P1,x,6,3.1999998807907124,2,0.17362525458248473,5,0.181244153414406,0.007618898831921267,3928,4276,current_best
Mouse,POLYIC_20190510_mouse43__E9_P1,x,7,3.1999998807907124,4,0.15554989816700612,2,0.146866230121609,-0.008683668045397136,3928,4276,current_best
Mouse,POLYIC_20190510_mouse43__E9_P1,x,8,3.1999998807907124,2,0.13365580448065173,0,0.13493919550982225,0.001283391029170522,3928,4276,current_best
Mouse,POLYIC_20190510_mouse43__E9_P1,y,2,4.999999925494195,0,0.5155291411042945,1,0.5399085794655415,0.024379438361247008,5216,5688,current_best
Mouse,POLYIC_20190510_mouse43__E9_P1,y,3,4.999999925494195,1,0.3462423312883436,1,0.36937412095639943,0.023131789668055847,5216,5688,current_best
Mouse,POLYIC_20190510_mouse43__E9_P1,y,4,4.999999925494195,2,0.26150306748466257,1,0.29957805907172996,0.0380749915870674,5216,5688,current_best
Mouse,POLYIC_20190510_mouse43__E9_P1,y,5,4.999999925494195,4,0.20648006134969324,2,0.36075949367088606,0.15427943232119282,5216,5688,current_best
Mouse,POLYIC_20190510_mouse43__E9_P1,y,6,4.999999925494195,4,0.18692484662576686,1,0.20991561181434598,0.02299076518857912,5216,5688,current_best
Mouse,POLYIC_20190510_mouse43__E9_P1,y,7,4.999999925494195,6,0.17043711656441718,6,0.19251054852320676,0.02207343195878958,5216,5688,current_best
Mouse,POLYIC_20190510_mouse43__E9_P1,y,8,4.999999925494195,0,0.1460889570552147,1,0.22063994374120957,0.07455098668599486,5216,5688,current_best
Mouse,POLYIC_20190510_mouse43__E9_P1,x,2,3.1999998807907124,0,0.5094195519348269,0,0.5117260787992496,0.0023065268644226755,3928,4264,paper_width
Mouse,POLYIC_20190510_mouse43__E9_P1,x,3,3.1999998807907124,2,0.33834012219959264,0,0.35365853658536583,0.015318414385773194,3928,4264,paper_width
Mouse,POLYIC_20190510_mouse43__E9_P1,x,4,3.1999998807907124,2,0.265020366598778,2,0.2628986866791745,-0.002121679919603492,3928,4264,paper_width
Mouse,POLYIC_20190510_mouse43__E9_P1,x,5,3.1999998807907124,0,0.21308553971486763,0,0.2077861163227017,-0.005299423392165936,3928,4264,paper_width
Mouse,POLYIC_20190510_mouse43__E9_P1,x,6,3.1999998807907124,2,0.17362525458248473,0,0.18081613508442776,0.0071908805019430255,3928,4264,paper_width
Mouse,POLYIC_20190510_mouse43__E9_P1,x,7,3.1999998807907124,4,0.15554989816700612,0,0.14704502814258913,-0.008504870024416994,3928,4264,paper_width
Mouse,POLYIC_20190510_mouse43__E9_P1,x,8,3.1999998807907124,2,0.13365580448065173,6,0.13860225140712945,0.004946446926477721,3928,4264,paper_width
Mouse,POLYIC_20190510_mouse43__E9_P1,y,2,4.999999925494195,0,0.5155291411042945,1,0.5291576673866091,0.01362852628231459,5216,5556,paper_width
Mouse,POLYIC_20190510_mouse43__E9_P1,y,3,4.999999925494195,1,0.3462423312883436,1,0.3666306695464363,0.02038833825809272,5216,5556,paper_width
Mouse,POLYIC_20190510_mouse43__E9_P1,y,4,4.999999925494195,2,0.26150306748466257,1,0.2964362850971922,0.034933217612529655,5216,5556,paper_width
Mouse,POLYIC_20190510_mouse43__E9_P1,y,5,4.999999925494195,4,0.20648006134969324,2,0.3669906407487401,0.16051057939904687,5216,5556,paper_width
Mouse,POLYIC_20190510_mouse43__E9_P1,y,6,4.999999925494195,4,0.18692484662576686,1,0.20770338372930167,0.020778537103534805,5216,5556,paper_width
Mouse,POLYIC_20190510_mouse43__E9_P1,y,7,4.999999925494195,6,0.17043711656441718,6,0.19420446364290855,0.023767347078491374,5216,5556,paper_width
Mouse,POLYIC_20190510_mouse43__E9_P1,y,8,4.999999925494195,0,0.1460889570552147,1,0.22390208783297336,0.07781313077775864,5216,5556,paper_width
Mouse,POLYIC_20190517_mouse33__E2_P1,x,2,3.1999998807907124,0,0.5048179871520343,1,0.5023461939520334,-0.0024717932000009046,3736,3836,current_best
Mouse,POLYIC_20190517_mouse33__E2_P1,x,3,3.1999998807907124,2,0.3476980728051392,0,0.35427528675703857,0.006577213951899363,3736,3836,current_best
Mouse,POLYIC_20190517_mouse33__E2_P1,x,4,3.1999998807907124,1,0.2639186295503212,2,0.264859228362878,0.0009405988125568143,3736,3836,current_best
Mouse,POLYIC_20190517_mouse33__E2_P1,x,5,3.1999998807907124,0,0.20985010706638116,0,0.2281021897810219,0.01825208271464074,3736,3836,current_best
Mouse,POLYIC_20190517_mouse33__E2_P1,x,6,3.1999998807907124,5,0.1838865096359743,0,0.18169968717413973,-0.0021868224618345755,3736,3836,current_best
Mouse,POLYIC_20190517_mouse33__E2_P1,x,7,3.1999998807907124,2,0.1664882226980728,2,0.15667361835245047,-0.00981460434562234,3736,3836,current_best
Mouse,POLYIC_20190517_mouse33__E2_P1,x,8,3.1999998807907124,5,0.14828693790149894,6,0.15250260688216893,0.004215668980669995,3736,3836,current_best
Mouse,POLYIC_20190517_mouse33__E2_P1,y,2,4.999999925494195,1,0.5232198142414861,0,0.5074655436447167,-0.01575427059676937,5168,5224,current_best
Mouse,POLYIC_20190517_mouse33__E2_P1,y,3,4.999999925494195,1,0.33920278637770895,0,0.39127105666156203,0.05206827028385308,5168,5224,current_best
Mouse,POLYIC_20190517_mouse33__E2_P1,y,4,4.999999925494195,3,0.27321981424148606,2,0.2890505359877488,0.015830721746262766,5168,5224,current_best
Mouse,POLYIC_20190517_mouse33__E2_P1,y,5,4.999999925494195,2,0.21729876160990713,2,0.35470903522205205,0.13741027361214492,5168,5224,current_best
Mouse,POLYIC_20190517_mouse33__E2_P1,y,6,4.999999925494195,5,0.19195046439628483,0,0.22320061255742726,0.03125014816114244,5168,5224,current_best
Mouse,POLYIC_20190517_mouse33__E2_P1,y,7,4.999999925494195,5,0.16137770897832818,1,0.17151607963246554,0.010138370654137363,5168,5224,current_best
Mouse,POLYIC_20190517_mouse33__E2_P1,y,8,4.999999925494195,7,0.14202786377708979,5,0.18778713629402757,0.04575927251693779,5168,5224,current_best
Mouse,POLYIC_20190517_mouse33__E2_P1,x,2,3.1999998807907124,0,0.5048179871520343,0,0.5026219192448873,-0.0021960679071469924,3736,3814,paper_width
Mouse,POLYIC_20190517_mouse33__E2_P1,x,3,3.1999998807907124,2,0.3476980728051392,0,0.35395909805977976,0.006261025254640562,3736,3814,paper_width
Mouse,POLYIC_20190517_mouse33__E2_P1,x,4,3.1999998807907124,1,0.2639186295503212,2,0.26533822758259046,0.0014195980322692647,3736,3814,paper_width
Mouse,POLYIC_20190517_mouse33__E2_P1,x,5,3.1999998807907124,0,0.20985010706638116,0,0.2126376507603566,0.002787543693975436,3736,3814,paper_width
Mouse,POLYIC_20190517_mouse33__E2_P1,x,6,3.1999998807907124,5,0.1838865096359743,0,0.18274777136864184,-0.001138738267332462,3736,3814,paper_width
Mouse,POLYIC_20190517_mouse33__E2_P1,x,7,3.1999998807907124,2,0.1664882226980728,2,0.15731515469323545,-0.00917306800483736,3736,3814,paper_width
Mouse,POLYIC_20190517_mouse33__E2_P1,x,8,3.1999998807907124,5,0.14828693790149894,6,0.15416885159937074,0.0058819136978718045,3736,3814,paper_width
Mouse,POLYIC_20190517_mouse33__E2_P1,y,2,4.999999925494195,1,0.5232198142414861,0,0.51905311778291,-0.004166696458576147,5168,5196,paper_width
Mouse,POLYIC_20190517_mouse33__E2_P1,y,3,4.999999925494195,1,0.33920278637770895,0,0.3874133949191686,0.04821060854145964,5168,5196,paper_width
Mouse,POLYIC_20190517_mouse33__E2_P1,y,4,4.999999925494195,3,0.27321981424148606,2,0.2881062355658199,0.01488642132433382,5168,5196,paper_width
Mouse,POLYIC_20190517_mouse33__E2_P1,y,5,4.999999925494195,2,0.21729876160990713,3,0.3483448806774442,0.13104611906753705,5168,5196,paper_width
Mouse,POLYIC_20190517_mouse33__E2_P1,y,6,4.999999925494195,5,0.19195046439628483,0,0.2340261739799846,0.04207570958369977,5168,5196,paper_width
Mouse,POLYIC_20190517_mouse33__E2_P1,y,7,4.999999925494195,5,0.16137770897832818,1,0.1859122401847575,0.024534531206429316,5168,5196,paper_width
Mouse,POLYIC_20190517_mouse33__E2_P1,y,8,4.999999925494195,7,0.14202786377708979,5,0.18225558121632024,0.040227717439230454,5168,5196,paper_width
Mouse,POLYIC_20190517_mouse35__E2_P1,x,2,3.1999998807907124,1,0.5021063717746183,1,0.5124352331606218,0.01032886138600353,3798,3860,current_best
Mouse,POLYIC_20190517_mouse35__E2_P1,x,3,3.1999998807907124,0,0.3467614533965245,2,0.3559585492227979,0.009197095826273427,3798,3860,current_best
Mouse,POLYIC_20190517_mouse35__E2_P1,x,4,3.1999998807907124,0,0.2646129541864139,3,0.27124352331606216,0.006630569129648267,3798,3860,current_best
Mouse,POLYIC_20190517_mouse35__E2_P1,x,5,3.1999998807907124,0,0.22933122696155872,0,0.21528497409326425,-0.014046252868294473,3798,3860,current_best
Mouse,POLYIC_20190517_mouse35__E2_P1,x,6,3.1999998807907124,0,0.17614533965244866,5,0.1878238341968912,0.01167849454444253,3798,3860,current_best
Mouse,POLYIC_20190517_mouse35__E2_P1,x,7,3.1999998807907124,6,0.16850974196945762,6,0.15984455958549224,-0.00866518238396538,3798,3860,current_best
Mouse,POLYIC_20190517_mouse35__E2_P1,x,8,3.1999998807907124,3,0.15297525013164823,3,0.14870466321243522,-0.004270586919213004,3798,3860,current_best
Mouse,POLYIC_20190517_mouse35__E2_P1,y,2,4.999999925494195,0,0.5039047247169075,0,0.5275193798449612,0.02361465512805372,5122,5160,current_best
Mouse,POLYIC_20190517_mouse35__E2_P1,y,3,4.999999925494195,2,0.36060132760640373,0,0.3798449612403101,0.019243633633906354,5122,5160,current_best
Mouse,POLYIC_20190517_mouse35__E2_P1,y,4,4.999999925494195,1,0.2672784068723155,0,0.3013565891472868,0.03407818227497128,5122,5160,current_best
Mouse,POLYIC_20190517_mouse35__E2_P1,y,5,4.999999925494195,3,0.23096446700507614,2,0.3608527131782946,0.12988824617321845,5122,5160,current_best
Mouse,POLYIC_20190517_mouse35__E2_P1,y,6,4.999999925494195,2,0.19621241702459977,3,0.21104651162790697,0.014834094603307202,5122,5160,current_best
Mouse,POLYIC_20190517_mouse35__E2_P1,y,7,4.999999925494195,5,0.15911753221397892,5,0.1693798449612403,0.010262312747261387,5122,5160,current_best
Mouse,POLYIC_20190517_mouse35__E2_P1,y,8,4.999999925494195,1,0.1491604841858649,4,0.16395348837209303,0.014793004186228143,5122,5160,current_best
Mouse,POLYIC_20190517_mouse35__E2_P1,x,2,3.1999998807907124,1,0.5021063717746183,1,0.5043814432989691,0.0022750715243508024,3798,3880,paper_width
Mouse,POLYIC_20190517_mouse35__E2_P1,x,3,3.1999998807907124,0,0.3467614533965245,2,0.3389175257731959,-0.007843927623328584,3798,3880,paper_width
Mouse,POLYIC_20190517_mouse35__E2_P1,x,4,3.1999998807907124,0,0.2646129541864139,3,0.26958762886597937,0.004974674679565472,3798,3880,paper_width
Mouse,POLYIC_20190517_mouse35__E2_P1,x,5,3.1999998807907124,0,0.22933122696155872,0,0.21237113402061855,-0.01696009294094017,3798,3880,paper_width
Mouse,POLYIC_20190517_mouse35__E2_P1,x,6,3.1999998807907124,0,0.17614533965244866,5,0.17422680412371133,-0.0019185355287373307,3798,3880,paper_width
Mouse,POLYIC_20190517_mouse35__E2_P1,x,7,3.1999998807907124,6,0.16850974196945762,6,0.17371134020618556,0.0052015982367279445,3798,3880,paper_width
Mouse,POLYIC_20190517_mouse35__E2_P1,x,8,3.1999998807907124,3,0.15297525013164823,3,0.15902061855670102,0.006045368425052794,3798,3880,paper_width
Mouse,POLYIC_20190517_mouse35__E2_P1,y,2,4.999999925494195,0,0.5039047247169075,0,0.5340953118946145,0.03019058717770695,5122,5162,paper_width
Mouse,POLYIC_20190517_mouse35__E2_P1,y,3,4.999999925494195,2,0.36060132760640373,0,0.3793103448275862,0.018709017221182456,5122,5162,paper_width
Mouse,POLYIC_20190517_mouse35__E2_P1,y,4,4.999999925494195,1,0.2672784068723155,0,0.30608291359938006,0.038804506727064536,5122,5162,paper_width
Mouse,POLYIC_20190517_mouse35__E2_P1,y,5,4.999999925494195,3,0.23096446700507614,2,0.35819449825648975,0.1272300312514136,5122,5162,paper_width
Mouse,POLYIC_20190517_mouse35__E2_P1,y,6,4.999999925494195,2,0.19621241702459977,3,0.2096086788066641,0.013396261782064323,5122,5162,paper_width
Mouse,POLYIC_20190517_mouse35__E2_P1,y,7,4.999999925494195,5,0.15911753221397892,5,0.16524602867105773,0.0061284964570788025,5122,5162,paper_width
Mouse,POLYIC_20190517_mouse35__E2_P1,y,8,4.999999925494195,1,0.1491604841858649,4,0.16485858194498257,0.01569809775911768,5122,5162,paper_width
Mouse,POLYIC_20190517_mouse36__E2_P1,x,2,3.1999998807907124,1,0.5120663650075414,1,0.5088607594936709,-0.003205605513870502,3978,3950,current_best
Mouse,POLYIC_20190517_mouse36__E2_P1,x,3,3.1999998807907124,1,0.3350930115635998,1,0.34632911392405064,0.011236102360450861,3978,3950,current_best
Mouse,POLYIC_20190517_mouse36__E2_P1,x,4,3.1999998807907124,3,0.2561588738059326,1,0.25924050632911394,0.0030816325231813324,3978,3950,current_best
Mouse,POLYIC_20190517_mouse36__E2_P1,x,5,3.1999998807907124,2,0.20487682252388134,1,0.21822784810126583,0.01335102557738449,3978,3950,current_best
Mouse,POLYIC_20190517_mouse36__E2_P1,x,6,3.1999998807907124,1,0.1804927099044746,1,0.18177215189873416,0.0012794419942595558,3978,3950,current_best
Mouse,POLYIC_20190517_mouse36__E2_P1,x,7,3.1999998807907124,2,0.15434891905480141,0,0.15569620253164557,0.0013472834768441522,3978,3950,current_best
Mouse,POLYIC_20190517_mouse36__E2_P1,x,8,3.1999998807907124,3,0.13423831070889894,1,0.14278481012658228,0.008546499417683345,3978,3950,current_best
Mouse,POLYIC_20190517_mouse36__E2_P1,y,2,4.999999925494195,1,0.506872852233677,0,0.5051117001135933,-0.0017611521200836533,5238,5282,current_best
Mouse,POLYIC_20190517_mouse36__E2_P1,y,3,4.999999925494195,0,0.34116074837724325,0,0.38072699734948884,0.03956624897224559,5238,5282,current_best
Mouse,POLYIC_20190517_mouse36__E2_P1,y,4,4.999999925494195,1,0.2733867888507064,0,0.2862552063612268,0.012868417510520425,5238,5282,current_best
Mouse,POLYIC_20190517_mouse36__E2_P1,y,5,4.999999925494195,3,0.23004963726613212,3,0.35876561908368043,0.12871598181754831,5238,5282,current_best
Mouse,POLYIC_20190517_mouse36__E2_P1,y,6,4.999999925494195,3,0.1928216876670485,3,0.23210904960242332,0.039287361935374826,5238,5282,current_best
Mouse,POLYIC_20190517_mouse36__E2_P1,y,7,4.999999925494195,6,0.16132111492936235,5,0.16224914804998106,0.0009280331206187042,5238,5282,current_best
Mouse,POLYIC_20190517_mouse36__E2_P1,y,8,4.999999925494195,1,0.15578465063001146,4,0.17493373722074973,0.019149086590738273,5238,5282,current_best
Mouse,POLYIC_20190517_mouse36__E2_P1,x,2,3.1999998807907124,1,0.5120663650075414,1,0.5112781954887218,-0.0007881695188196591,3978,3990,paper_width
Mouse,POLYIC_20190517_mouse36__E2_P1,x,3,3.1999998807907124,1,0.3350930115635998,0,0.33784461152882206,0.0027515999652222844,3978,3990,paper_width
Mouse,POLYIC_20190517_mouse36__E2_P1,x,4,3.1999998807907124,3,0.2561588738059326,1,0.25588972431077694,-0.0002691494951556628,3978,3990,paper_width
Mouse,POLYIC_20190517_mouse36__E2_P1,x,5,3.1999998807907124,2,0.20487682252388134,2,0.21629072681704262,0.011413904293161276,3978,3990,paper_width
Mouse,POLYIC_20190517_mouse36__E2_P1,x,6,3.1999998807907124,1,0.1804927099044746,3,0.181203007518797,0.0007102976143223971,3978,3990,paper_width
Mouse,POLYIC_20190517_mouse36__E2_P1,x,7,3.1999998807907124,2,0.15434891905480141,2,0.14912280701754385,-0.005226112037257563,3978,3990,paper_width
Mouse,POLYIC_20190517_mouse36__E2_P1,x,8,3.1999998807907124,3,0.13423831070889894,1,0.14385964912280702,0.009621338413908082,3978,3990,paper_width
Mouse,POLYIC_20190517_mouse36__E2_P1,y,2,4.999999925494195,1,0.506872852233677,0,0.5083650190114068,0.0014921667777298975,5238,5260,paper_width
Mouse,POLYIC_20190517_mouse36__E2_P1,y,3,4.999999925494195,0,0.34116074837724325,0,0.39144486692015207,0.05028411854290882,5238,5260,paper_width
Mouse,POLYIC_20190517_mouse36__E2_P1,y,4,4.999999925494195,1,0.2733867888507064,0,0.2889733840304182,0.015586595179711837,5238,5260,paper_width
Mouse,POLYIC_20190517_mouse36__E2_P1,y,5,4.999999925494195,3,0.23004963726613212,3,0.3703422053231939,0.14029256805706178,5238,5260,paper_width
Mouse,POLYIC_20190517_mouse36__E2_P1,y,6,4.999999925494195,3,0.1928216876670485,3,0.2344106463878327,0.04158895872078422,5238,5260,paper_width
Mouse,POLYIC_20190517_mouse36__E2_P1,y,7,4.999999925494195,6,0.16132111492936235,5,0.1623574144486692,0.001036299519306838,5238,5260,paper_width
Mouse,POLYIC_20190517_mouse36__E2_P1,y,8,4.999999925494195,1,0.15578465063001146,1,0.17129277566539924,0.015508125035387788,5238,5260,paper_width
Mouse,POLYIC_20190517_mouse37__E3_P1,x,2,4.551111009385851,1,0.5032706459525756,0,0.504013914905004,0.0007432689524283775,7338,7474,current_best
Mouse,POLYIC_20190517_mouse37__E3_P1,x,3,4.551111009385851,0,0.34082856364131914,0,0.34974578538934975,0.008917221748030613,7338,7474,current_best
Mouse,POLYIC_20190517_mouse37__E3_P1,x,4,4.551111009385851,1,0.2583810302534751,0,0.2597002943537597,0.0013192641002846006,7338,7474,current_best
Mouse,POLYIC_20190517_mouse37__E3_P1,x,5,4.551111009385851,3,0.2089125102207686,4,0.21541343323521542,0.006500923014446824,7338,7474,current_best
Mouse,POLYIC_20190517_mouse37__E3_P1,x,6,4.551111009385851,0,0.17416189697465248,0,0.1800909820711801,0.00592908509652762,7338,7474,current_best
Mouse,POLYIC_20190517_mouse37__E3_P1,x,7,4.551111009385851,2,0.15140365222131372,1,0.15654268129515655,0.005139029073842838,7338,7474,current_best
Mouse,POLYIC_20190517_mouse37__E3_P1,x,8,4.551111009385851,1,0.1304170073589534,4,0.13781107840513782,0.0073940710461844195,7338,7474,current_best
Mouse,POLYIC_20190517_mouse37__E3_P1,y,2,7.111111111111111,1,0.5104187537567622,1,0.55235914791957,0.041940394162807815,9982,10046,current_best
Mouse,POLYIC_20190517_mouse37__E3_P1,y,3,7.111111111111111,2,0.3402123822881186,2,0.3737806091976906,0.03356822690957201,9982,10046,current_best
Mouse,POLYIC_20190517_mouse37__E3_P1,y,4,7.111111111111111,3,0.26006812262071727,1,0.2891698188333665,0.029101696212649242,9982,10046,current_best
Mouse,POLYIC_20190517_mouse37__E3_P1,y,5,7.111111111111111,3,0.20196353436185133,1,0.274537129205654,0.07257359484380266,9982,10046,current_best
Mouse,POLYIC_20190517_mouse37__E3_P1,y,6,7.111111111111111,5,0.17952314165497896,1,0.2022695600238901,0.022746418368911142,9982,10046,current_best
Mouse,POLYIC_20190517_mouse37__E3_P1,y,7,7.111111111111111,0,0.166800240432779,0,0.20595261795739597,0.03915237752461698,9982,10046,current_best
Mouse,POLYIC_20190517_mouse37__E3_P1,y,8,7.111111111111111,2,0.1344419955920657,1,0.18733824407724467,0.05289624848517896,9982,10046,current_best
Mouse,POLYIC_20190517_mouse37__E3_P1,x,2,4.551111009385851,1,0.5032706459525756,0,0.5222575516693164,0.018986905716740776,7338,7548,paper_width
Mouse,POLYIC_20190517_mouse37__E3_P1,x,3,4.551111009385851,0,0.34082856364131914,0,0.3509538950715421,0.010125331430222984,7338,7548,paper_width
Mouse,POLYIC_20190517_mouse37__E3_P1,x,4,4.551111009385851,1,0.2583810302534751,0,0.2649708532061473,0.006589822952672242,7338,7548,paper_width
Mouse,POLYIC_20190517_mouse37__E3_P1,x,5,4.551111009385851,3,0.2089125102207686,4,0.21648118706942238,0.0075686768486537825,7338,7548,paper_width
Mouse,POLYIC_20190517_mouse37__E3_P1,x,6,4.551111009385851,0,0.17416189697465248,0,0.1830948595654478,0.008932962590795318,7338,7548,paper_width
Mouse,POLYIC_20190517_mouse37__E3_P1,x,7,4.551111009385851,2,0.15140365222131372,1,0.17117117117117117,0.019767518949857454,7338,7548,paper_width
Mouse,POLYIC_20190517_mouse37__E3_P1,x,8,4.551111009385851,1,0.1304170073589534,4,0.14255431902490726,0.01213731166595386,7338,7548,paper_width
Mouse,POLYIC_20190517_mouse37__E3_P1,y,2,7.111111111111111,1,0.5104187537567622,1,0.5564194577352473,0.0460007039784851,9982,10032,paper_width
Mouse,POLYIC_20190517_mouse37__E3_P1,y,3,7.111111111111111,2,0.3402123822881186,2,0.3687200956937799,0.028507713405661272,9982,10032,paper_width
Mouse,POLYIC_20190517_mouse37__E3_P1,y,4,7.111111111111111,3,0.26006812262071727,1,0.29395933014354064,0.033891207522823374,9982,10032,paper_width
Mouse,POLYIC_20190517_mouse37__E3_P1,y,5,7.111111111111111,3,0.20196353436185133,1,0.275518341307815,0.07355480694596367,9982,10032,paper_width
Mouse,POLYIC_20190517_mouse37__E3_P1,y,6,7.111111111111111,5,0.17952314165497896,1,0.20075757575757575,0.02123443410259679,9982,10032,paper_width
Mouse,POLYIC_20190517_mouse37__E3_P1,y,7,7.111111111111111,0,0.166800240432779,0,0.20544258373205743,0.03864234329927843,9982,10032,paper_width
Mouse,POLYIC_20190517_mouse37__E3_P1,y,8,7.111111111111111,2,0.1344419955920657,1,0.2000598086124402,0.06561781302037448,9982,10032,paper_width
Mouse,POLYIC_20190517_mouse38__E3_P1,x,2,3.1999998807907124,0,0.5015592515592515,1,0.5031088082901555,0.001549556730903956,3848,3860,current_best
Mouse,POLYIC_20190517_mouse38__E3_P1,x,3,3.1999998807907124,1,0.3562889812889813,2,0.3453367875647668,-0.010952193724214465,3848,3860,current_best
Mouse,POLYIC_20190517_mouse38__E3_P1,x,4,3.1999998807907124,0,0.2609147609147609,1,0.25699481865284973,-0.003919942261911169,3848,3860,current_best
Mouse,POLYIC_20190517_mouse38__E3_P1,x,5,3.1999998807907124,3,0.20816008316008316,3,0.2095854922279793,0.0014254090678961218,3848,3860,current_best
Mouse,POLYIC_20190517_mouse38__E3_P1,x,6,3.1999998807907124,4,0.1800935550935551,5,0.1738341968911917,-0.0062593582023633965,3848,3860,current_best
Mouse,POLYIC_20190517_mouse38__E3_P1,x,7,3.1999998807907124,1,0.15592515592515593,2,0.1562176165803109,0.00029246065515495245,3848,3860,current_best
Mouse,POLYIC_20190517_mouse38__E3_P1,x,8,3.1999998807907124,4,0.13695426195426194,1,0.1344559585492228,-0.0024983034050391484,3848,3860,current_best
Mouse,POLYIC_20190517_mouse38__E3_P1,y,2,4.999999925494195,0,0.5026197604790419,1,0.5146894756415025,0.012069715162460581,5344,5378,current_best
Mouse,POLYIC_20190517_mouse38__E3_P1,y,3,4.999999925494195,1,0.3405688622754491,1,0.37597619933060616,0.035407337055157084,5344,5378,current_best
Mouse,POLYIC_20190517_mouse38__E3_P1,y,4,4.999999925494195,3,0.25729790419161674,2,0.28412049088880625,0.02682258669718951,5344,5378,current_best
Mouse,POLYIC_20190517_mouse38__E3_P1,y,5,4.999999925494195,4,0.2249251497005988,3,0.35031610264038676,0.12539095293978797,5344,5378,current_best
Mouse,POLYIC_20190517_mouse38__E3_P1,y,6,4.999999925494195,4,0.1846931137724551,5,0.22666418743027147,0.04197107365781638,5344,5378,current_best
Mouse,POLYIC_20190517_mouse38__E3_P1,y,7,4.999999925494195,5,0.15793413173652696,5,0.1692078839717367,0.011273752235209739,5344,5378,current_best
Mouse,POLYIC_20190517_mouse38__E3_P1,y,8,4.999999925494195,2,0.1349176646706587,2,0.20509483079211602,0.07017716612145733,5344,5378,current_best
Mouse,POLYIC_20190517_mouse38__E3_P1,x,2,3.1999998807907124,0,0.5015592515592515,0,0.5181122448979592,0.016552993338707633,3848,3920,paper_width
Mouse,POLYIC_20190517_mouse38__E3_P1,x,3,3.1999998807907124,1,0.3562889812889813,1,0.34158163265306124,-0.014707348635920048,3848,3920,paper_width
Mouse,POLYIC_20190517_mouse38__E3_P1,x,4,3.1999998807907124,0,0.2609147609147609,0,0.2739795918367347,0.013064830921973802,3848,3920,paper_width
Mouse,POLYIC_20190517_mouse38__E3_P1,x,5,3.1999998807907124,3,0.20816008316008316,2,0.21096938775510204,0.00280930459501888,3848,3920,paper_width
Mouse,POLYIC_20190517_mouse38__E3_P1,x,6,3.1999998807907124,4,0.1800935550935551,4,0.18341836734693878,0.0033248122533836855,3848,3920,paper_width
Mouse,POLYIC_20190517_mouse38__E3_P1,x,7,3.1999998807907124,1,0.15592515592515593,1,0.1528061224489796,-0.0031190334761763416,3848,3920,paper_width
Mouse,POLYIC_20190517_mouse38__E3_P1,x,8,3.1999998807907124,4,0.13695426195426194,0,0.14005102040816325,0.0030967584539013104,3848,3920,paper_width
Mouse,POLYIC_20190517_mouse38__E3_P1,y,2,4.999999925494195,0,0.5026197604790419,1,0.5430648769574944,0.0404451164784525,5344,5364,paper_width
Mouse,POLYIC_20190517_mouse38__E3_P1,y,3,4.999999925494195,1,0.3405688622754491,2,0.38031319910514544,0.03974433682969636,5344,5364,paper_width
Mouse,POLYIC_20190517_mouse38__E3_P1,y,4,4.999999925494195,3,0.25729790419161674,3,0.29903057419835943,0.04173267000674269,5344,5364,paper_width
Mouse,POLYIC_20190517_mouse38__E3_P1,y,5,4.999999925494195,4,0.2249251497005988,3,0.37583892617449666,0.15091377647389786,5344,5364,paper_width
Mouse,POLYIC_20190517_mouse38__E3_P1,y,6,4.999999925494195,4,0.1846931137724551,5,0.2417971662938106,0.0571040525213555,5344,5364,paper_width
Mouse,POLYIC_20190517_mouse38__E3_P1,y,7,4.999999925494195,5,0.15793413173652696,6,0.18269947800149142,0.02476534626496446,5344,5364,paper_width
Mouse,POLYIC_20190517_mouse38__E3_P1,y,8,4.999999925494195,2,0.1349176646706587,2,0.18102162565249813,0.04610396098183944,5344,5364,paper_width
Mouse,POLYIC_20190517_mouse39__E12_P1,x,2,4.551111009385851,1,0.5019701660568534,0,0.5075383771929824,0.005568211136129042,7106,7296,current_best
Mouse,POLYIC_20190517_mouse39__E12_P1,x,3,4.551111009385851,2,0.3401350971010414,2,0.3397752192982456,-0.00035987780279578274,7106,7296,current_best
Mouse,POLYIC_20190517_mouse39__E12_P1,x,4,4.551111009385851,1,0.25499577821559244,0,0.2590460526315789,0.004050274415986488,7106,7296,current_best
Mouse,POLYIC_20190517_mouse39__E12_P1,x,5,4.551111009385851,1,0.20757106670419365,2,0.2060032894736842,-0.0015677772305094373,7106,7296,current_best
Mouse,POLYIC_20190517_mouse39__E12_P1,x,6,4.551111009385851,5,0.17703349282296652,5,0.17036732456140352,-0.006666168261562994,7106,7296,current_best
Mouse,POLYIC_20190517_mouse39__E12_P1,x,7,4.551111009385851,6,0.1556431184914157,1,0.14980811403508773,-0.00583500445632798,7106,7296,current_best
Mouse,POLYIC_20190517_mouse39__E12_P1,x,8,4.551111009385851,1,0.13129749507458485,4,0.13719846491228072,0.005900969837695863,7106,7296,current_best
Mouse,POLYIC_20190517_mouse39__E12_P1,y,2,7.111111111111111,0,0.5028682646998566,1,0.5328591464636345,0.029990881763777955,9762,9982,current_best
Mouse,POLYIC_20190517_mouse39__E12_P1,y,3,7.111111111111111,0,0.3363040360581848,2,0.3944099378881988,0.05810590183001396,9762,9982,current_best
Mouse,POLYIC_20190517_mouse39__E12_P1,y,4,7.111111111111111,2,0.26070477361196476,1,0.31065918653576435,0.049954412923799596,9762,9982,current_best
Mouse,POLYIC_20190517_mouse39__E12_P1,y,5,7.111111111111111,0,0.20610530628969473,0,0.24644359847725908,0.04033829218756435,9762,9982,current_best
Mouse,POLYIC_20190517_mouse39__E12_P1,y,6,7.111111111111111,0,0.1753738987912313,2,0.21057904227609697,0.03520514348486567,9762,9982,current_best
Mouse,POLYIC_20190517_mouse39__E12_P1,y,7,7.111111111111111,5,0.16267158369186643,3,0.18723702664796635,0.024565442956099914,9762,9982,current_best
Mouse,POLYIC_20190517_mouse39__E12_P1,y,8,7.111111111111111,2,0.1322474902683876,1,0.2036665998797836,0.071419109611396,9762,9982,current_best
Mouse,POLYIC_20190517_mouse39__E12_P1,x,2,4.551111009385851,1,0.5019701660568534,1,0.5119407082075212,0.009970542150667838,7106,7286,paper_width
Mouse,POLYIC_20190517_mouse39__E12_P1,x,3,4.551111009385851,2,0.3401350971010414,2,0.34463354378259675,0.004498446681555357,7106,7286,paper_width
Mouse,POLYIC_20190517_mouse39__E12_P1,x,4,4.551111009385851,1,0.25499577821559244,1,0.26269558056546805,0.007699802349875606,7106,7286,paper_width
Mouse,POLYIC_20190517_mouse39__E12_P1,x,5,4.551111009385851,1,0.20757106670419365,1,0.20587427944002196,-0.0016967872641716897,7106,7286,paper_width
Mouse,POLYIC_20190517_mouse39__E12_P1,x,6,4.551111009385851,5,0.17703349282296652,5,0.17979687071095252,0.0027633778879860016,7106,7286,paper_width
Mouse,POLYIC_20190517_mouse39__E12_P1,x,7,4.551111009385851,6,0.1556431184914157,3,0.1629151797968707,0.007272061305454991,7106,7286,paper_width
Mouse,POLYIC_20190517_mouse39__E12_P1,x,8,4.551111009385851,1,0.13129749507458485,5,0.13258303595937415,0.001285540884789299,7106,7286,paper_width
Mouse,POLYIC_20190517_mouse39__E12_P1,y,2,7.111111111111111,0,0.5028682646998566,1,0.5277946230038407,0.024926358303984153,9762,9894,paper_width
Mouse,POLYIC_20190517_mouse39__E12_P1,y,3,7.111111111111111,0,0.3363040360581848,2,0.3898322215484132,0.053528185490228364,9762,9894,paper_width
Mouse,POLYIC_20190517_mouse39__E12_P1,y,4,7.111111111111111,2,0.26070477361196476,1,0.3116029917121488,0.05089821810018402,9762,9894,paper_width
Mouse,POLYIC_20190517_mouse39__E12_P1,y,5,7.111111111111111,0,0.20610530628969473,0,0.23266626238124116,0.026560956091546434,9762,9894,paper_width
Mouse,POLYIC_20190517_mouse39__E12_P1,y,6,7.111111111111111,0,0.1753738987912313,2,0.2035577117444916,0.028183812953260307,9762,9894,paper_width
Mouse,POLYIC_20190517_mouse39__E12_P1,y,7,7.111111111111111,5,0.16267158369186643,3,0.19163129169193452,0.028959708000068085,9762,9894,paper_width
Mouse,POLYIC_20190517_mouse39__E12_P1,y,8,7.111111111111111,2,0.1322474902683876,1,0.19870628663836667,0.06645879636997906,9762,9894,paper_width
Mouse,POLYIC_20190517_mouse42__E4_P1,x,2,3.1999998807907124,0,0.5065856129685917,1,0.5032354405176704,-0.003350172450921285,3948,4018,current_best
Mouse,POLYIC_20190517_mouse42__E4_P1,x,3,3.1999998807907124,2,0.3497973657548126,0,0.34519661523145845,-0.004600750523354125,3948,4018,current_best
Mouse,POLYIC_20190517_mouse42__E4_P1,x,4,3.1999998807907124,2,0.2689969604863222,3,0.2573419611747138,-0.011654999311608405,3948,4018,current_best
Mouse,POLYIC_20190517_mouse42__E4_P1,x,5,3.1999998807907124,1,0.21707193515704154,2,0.21652563464410154,-0.0005463005129399956,3948,4018,current_best
Mouse,POLYIC_20190517_mouse42__E4_P1,x,6,3.1999998807907124,2,0.17806484295845998,3,0.17297162767546043,-0.0050932152829995525,3948,4018,current_best
Mouse,POLYIC_20190517_mouse42__E4_P1,x,7,3.1999998807907124,4,0.16286727456940223,0,0.15331010452961671,-0.009557170039785512,3948,4018,current_best
Mouse,POLYIC_20190517_mouse42__E4_P1,x,8,3.1999998807907124,2,0.14209726443768997,0,0.1326530612244898,-0.009444203213200164,3948,4018,current_best
Mouse,POLYIC_20190517_mouse42__E4_P1,y,2,4.999999925494195,1,0.5041698256254739,1,0.5616283452695062,0.05745851964403237,5276,5306,current_best
Mouse,POLYIC_20190517_mouse42__E4_P1,y,3,4.999999925494195,1,0.34268385140257773,0,0.3744817188088956,0.03179786740631785,5276,5306,current_best
Mouse,POLYIC_20190517_mouse42__E4_P1,y,4,4.999999925494195,2,0.260235026535254,1,0.287598944591029,0.02736391805577504,5276,5306,current_best
Mouse,POLYIC_20190517_mouse42__E4_P1,y,5,4.999999925494195,1,0.2196739954510993,3,0.3507350169619299,0.13106102151083057,5276,5306,current_best
Mouse,POLYIC_20190517_mouse42__E4_P1,y,6,4.999999925494195,5,0.18423047763457165,3,0.23426309837919337,0.050032620744621725,5276,5306,current_best
Mouse,POLYIC_20190517_mouse42__E4_P1,y,7,4.999999925494195,1,0.15902198635329795,1,0.18431963814549568,0.02529765179219773,5276,5306,current_best
Mouse,POLYIC_20190517_mouse42__E4_P1,y,8,4.999999925494195,3,0.15428354814253223,4,0.1601960045231813,0.005912456380649078,5276,5306,current_best
Mouse,POLYIC_20190517_mouse42__E4_P1,x,2,3.1999998807907124,0,0.5065856129685917,1,0.5096296296296297,0.0030440166610379293,3948,4050,paper_width
Mouse,POLYIC_20190517_mouse42__E4_P1,x,3,3.1999998807907124,2,0.3497973657548126,0,0.34444444444444444,-0.005352921310368131,3948,4050,paper_width
Mouse,POLYIC_20190517_mouse42__E4_P1,x,4,3.1999998807907124,2,0.2689969604863222,3,0.26,-0.008996960486322203,3948,4050,paper_width
Mouse,POLYIC_20190517_mouse42__E4_P1,x,5,3.1999998807907124,1,0.21707193515704154,1,0.21604938271604937,-0.0010225524409921694,3948,4050,paper_width
Mouse,POLYIC_20190517_mouse42__E4_P1,x,6,3.1999998807907124,2,0.17806484295845998,0,0.174320987654321,-0.003743855304138982,3948,4050,paper_width
Mouse,POLYIC_20190517_mouse42__E4_P1,x,7,3.1999998807907124,4,0.16286727456940223,6,0.16074074074074074,-0.0021265338286614865,3948,4050,paper_width
Mouse,POLYIC_20190517_mouse42__E4_P1,x,8,3.1999998807907124,2,0.14209726443768997,7,0.13209876543209875,-0.009998499005591216,3948,4050,paper_width
Mouse,POLYIC_20190517_mouse42__E4_P1,y,2,4.999999925494195,1,0.5041698256254739,1,0.5517241379310345,0.04755431230556062,5276,5278,paper_width
Mouse,POLYIC_20190517_mouse42__E4_P1,y,3,4.999999925494195,1,0.34268385140257773,0,0.3643425539977264,0.021658702595148682,5276,5278,paper_width
Mouse,POLYIC_20190517_mouse42__E4_P1,y,4,4.999999925494195,2,0.260235026535254,1,0.2932929139825692,0.03305788744731519,5276,5278,paper_width
Mouse,POLYIC_20190517_mouse42__E4_P1,y,5,4.999999925494195,1,0.2196739954510993,2,0.3429329291398257,0.1232589336887264,5276,5278,paper_width
Mouse,POLYIC_20190517_mouse42__E4_P1,y,6,4.999999925494195,5,0.18423047763457165,3,0.22129594543387646,0.03706546779930481,5276,5278,paper_width
Mouse,POLYIC_20190517_mouse42__E4_P1,y,7,4.999999925494195,1,0.15902198635329795,1,0.17658203865100416,0.017560052297706213,5276,5278,paper_width
Mouse,POLYIC_20190517_mouse42__E4_P1,y,8,4.999999925494195,3,0.15428354814253223,1,0.1625615763546798,0.00827802821214757,5276,5278,paper_width
Mouse,POLYIC_20190517_mouse43__E3_P1,x,2,3.1999998807907124,1,0.5002492522432702,1,0.5039564787339268,0.003707226490656579,4012,4044,current_best
Mouse,POLYIC_20190517_mouse43__E3_P1,x,3,3.1999998807907124,1,0.3397308075772682,1,0.34099901088031653,0.001268203303048332,4012,4044,current_best
Mouse,POLYIC_20190517_mouse43__E3_P1,x,4,3.1999998807907124,1,0.2522432701894317,1,0.2591493570722057,0.0069060868827739985,4012,4044,current_best
Mouse,POLYIC_20190517_mouse43__E3_P1,x,5,3.1999998807907124,0,0.20787637088733799,4,0.2109297725024728,0.0030534016151348153,4012,4044,current_best
Mouse,POLYIC_20190517_mouse43__E3_P1,x,6,3.1999998807907124,1,0.1747258225324028,1,0.17507418397626112,0.00034836144385833046,4012,4044,current_best
Mouse,POLYIC_20190517_mouse43__E3_P1,x,7,3.1999998807907124,6,0.14930209371884348,1,0.1513353115727003,0.0020332178538568224,4012,4044,current_best
Mouse,POLYIC_20190517_mouse43__E3_P1,x,8,3.1999998807907124,7,0.13409770687936193,1,0.14268051434223541,0.008582807462873487,4012,4044,current_best
Mouse,POLYIC_20190517_mouse43__E3_P1,y,2,4.999999925494195,1,0.511693700490381,0,0.5551373729770418,0.04344367248666081,5302,5314,current_best
Mouse,POLYIC_20190517_mouse43__E3_P1,y,3,4.999999925494195,2,0.3360995850622407,0,0.35397064358298835,0.017871058520747662,5302,5314,current_best
Mouse,POLYIC_20190517_mouse43__E3_P1,y,4,4.999999925494195,1,0.2819690682761222,0,0.28961234474971775,0.007643276473595528,5302,5314,current_best
Mouse,POLYIC_20190517_mouse43__E3_P1,y,5,4.999999925494195,4,0.21067521689928329,2,0.3515242754986827,0.14084905859939942,5302,5314,current_best
Mouse,POLYIC_20190517_mouse43__E3_P1,y,6,4.999999925494195,3,0.17691437193511883,4,0.20700037636432067,0.03008600442920184,5302,5314,current_best
Mouse,POLYIC_20190517_mouse43__E3_P1,y,7,4.999999925494195,5,0.17597133157299133,5,0.16051938276251412,-0.015451948810477206,5302,5314,current_best
Mouse,POLYIC_20190517_mouse43__E3_P1,y,8,4.999999925494195,1,0.16125990192380235,4,0.16484757245013174,0.003587670526329384,5302,5314,current_best
Mouse,POLYIC_20190517_mouse43__E3_P1,x,2,3.1999998807907124,1,0.5002492522432702,1,0.5194581280788177,0.019208875835547534,4012,4060,paper_width
Mouse,POLYIC_20190517_mouse43__E3_P1,x,3,3.1999998807907124,1,0.3397308075772682,2,0.3411330049261084,0.0014021973488401729,4012,4060,paper_width
Mouse,POLYIC_20190517_mouse43__E3_P1,x,4,3.1999998807907124,1,0.2522432701894317,1,0.26699507389162563,0.014751803702193922,4012,4060,paper_width
Mouse,POLYIC_20190517_mouse43__E3_P1,x,5,3.1999998807907124,0,0.20787637088733799,4,0.21083743842364533,0.0029610675363073435,4012,4060,paper_width
Mouse,POLYIC_20190517_mouse43__E3_P1,x,6,3.1999998807907124,1,0.1747258225324028,1,0.179064039408867,0.004338216876464213,4012,4060,paper_width
Mouse,POLYIC_20190517_mouse43__E3_P1,x,7,3.1999998807907124,6,0.14930209371884348,2,0.1539408866995074,0.004638792980663914,4012,4060,paper_width
Mouse,POLYIC_20190517_mouse43__E3_P1,x,8,3.1999998807907124,7,0.13409770687936193,1,0.14852216748768474,0.014424460608322809,4012,4060,paper_width
Mouse,POLYIC_20190517_mouse43__E3_P1,y,2,4.999999925494195,1,0.511693700490381,0,0.5429598788796366,0.031266178389255606,5302,5284,paper_width
Mouse,POLYIC_20190517_mouse43__E3_P1,y,3,4.999999925494195,2,0.3360995850622407,0,0.3489780469341408,0.012878461871900115,5302,5284,paper_width
Mouse,POLYIC_20190517_mouse43__E3_P1,y,4,4.999999925494195,1,0.2819690682761222,0,0.2833080999242998,0.0013390316481775577,5302,5284,paper_width
Mouse,POLYIC_20190517_mouse43__E3_P1,y,5,4.999999925494195,4,0.21067521689928329,3,0.35560181680545044,0.14492659990616716,5302,5284,paper_width
Mouse,POLYIC_20190517_mouse43__E3_P1,y,6,4.999999925494195,3,0.17691437193511883,4,0.20003785011355035,0.023123478178431522,5302,5284,paper_width
Mouse,POLYIC_20190517_mouse43__E3_P1,y,7,4.999999925494195,5,0.17597133157299133,5,0.15745647236941712,-0.018514859203574208,5302,5284,paper_width
Mouse,POLYIC_20190517_mouse43__E3_P1,y,8,4.999999925494195,1,0.16125990192380235,4,0.15442846328538987,-0.006831438638412485,5302,5284,paper_width
Mouse,POLYIC_20190524_polyic___E3_P1,x,2,3.1999998807907124,1,0.5081632653061224,1,0.5052870090634441,-0.002876256242678288,3920,3972,current_best
Mouse,POLYIC_20190524_polyic___E3_P1,x,3,3.1999998807907124,1,0.35153061224489796,1,0.3366062437059416,-0.014924368538956345,3920,3972,current_best
Mouse,POLYIC_20190524_polyic___E3_P1,x,4,3.1999998807907124,3,0.2627551020408163,3,0.2550352467270896,-0.007719855313726709,3920,3972,current_best
Mouse,POLYIC_20190524_polyic___E3_P1,x,5,3.1999998807907124,4,0.21887755102040815,0,0.21122860020140988,-0.0076489508189982736,3920,3972,current_best
Mouse,POLYIC_20190524_polyic___E3_P1,x,6,3.1999998807907124,1,0.18418367346938774,0,0.17849949647532729,-0.005684176994060458,3920,3972,current_best
Mouse,POLYIC_20190524_polyic___E3_P1,x,7,3.1999998807907124,6,0.16096938775510203,1,0.16037260825780464,-0.0005967794972973894,3920,3972,current_best
Mouse,POLYIC_20190524_polyic___E3_P1,x,8,3.1999998807907124,3,0.14923469387755103,3,0.14350453172205438,-0.005730162155496654,3920,3972,current_best
Mouse,POLYIC_20190524_polyic___E3_P1,y,2,4.999999925494195,1,0.503731343283582,1,0.5066790352504639,0.002947691966881827,5360,5390,current_best
Mouse,POLYIC_20190524_polyic___E3_P1,y,3,4.999999925494195,2,0.35261194029850745,0,0.3523191094619666,-0.0002928308365408583,5360,5390,current_best
Mouse,POLYIC_20190524_polyic___E3_P1,y,4,4.999999925494195,3,0.26026119402985076,1,0.26048237476808905,0.00022118073823829132,5360,5390,current_best
Mouse,POLYIC_20190524_polyic___E3_P1,y,5,4.999999925494195,4,0.23041044776119404,3,0.34786641929499074,0.1174559715337967,5360,5390,current_best
Mouse,POLYIC_20190524_polyic___E3_P1,y,6,4.999999925494195,2,0.18078358208955222,0,0.1849721706864564,0.004188588596904186,5360,5390,current_best
Mouse,POLYIC_20190524_polyic___E3_P1,y,7,4.999999925494195,3,0.15951492537313433,4,0.16085343228200372,0.0013385069088693857,5360,5390,current_best
Mouse,POLYIC_20190524_polyic___E3_P1,y,8,4.999999925494195,0,0.13936567164179103,5,0.16753246753246753,0.0281667958906765,5360,5390,current_best
Mouse,POLYIC_20190524_polyic___E3_P1,x,2,3.1999998807907124,1,0.5081632653061224,1,0.5024888003982081,-0.005674464907914345,3920,4018,paper_width
Mouse,POLYIC_20190524_polyic___E3_P1,x,3,3.1999998807907124,1,0.35153061224489796,2,0.3394723743155799,-0.012058237929318039,3920,4018,paper_width
Mouse,POLYIC_20190524_polyic___E3_P1,x,4,3.1999998807907124,3,0.2627551020408163,3,0.2628173220507715,6.222000995520505e-05,3920,4018,paper_width
Mouse,POLYIC_20190524_polyic___E3_P1,x,5,3.1999998807907124,4,0.21887755102040815,0,0.2105525136884022,-0.008325037332005958,3920,4018,paper_width
Mouse,POLYIC_20190524_polyic___E3_P1,x,6,3.1999998807907124,1,0.18418367346938774,5,0.17720258835241415,-0.0069810851169735955,3920,4018,paper_width
Mouse,POLYIC_20190524_polyic___E3_P1,x,7,3.1999998807907124,6,0.16096938775510203,5,0.15181682429069188,-0.009152563464410152,3920,4018,paper_width
Mouse,POLYIC_20190524_polyic___E3_P1,x,8,3.1999998807907124,3,0.14923469387755103,3,0.14584370333499252,-0.0033909905425585085,3920,4018,paper_width
Mouse,POLYIC_20190524_polyic___E3_P1,y,2,4.999999925494195,1,0.503731343283582,1,0.5033695245226507,-0.0003618187609313317,5360,5342,paper_width
Mouse,POLYIC_20190524_polyic___E3_P1,y,3,4.999999925494195,2,0.35261194029850745,2,0.34294271808311494,-0.009669222215392514,5360,5342,paper_width
Mouse,POLYIC_20190524_polyic___E3_P1,y,4,4.999999925494195,3,0.26026119402985076,1,0.2613253463122426,0.001064152282391817,5360,5342,paper_width
Mouse,POLYIC_20190524_polyic___E3_P1,y,5,4.999999925494195,4,0.23041044776119404,3,0.33826282291276677,0.10785237515157273,5360,5342,paper_width
Mouse,POLYIC_20190524_polyic___E3_P1,y,6,4.999999925494195,2,0.18078358208955222,5,0.17596405840509172,-0.004819523684460508,5360,5342,paper_width
Mouse,POLYIC_20190524_polyic___E3_P1,y,7,4.999999925494195,3,0.15951492537313433,4,0.16641707225758143,0.006902146884447097,5360,5342,paper_width
Mouse,POLYIC_20190524_polyic___E3_P1,y,8,4.999999925494195,0,0.13936567164179103,2,0.1737177087233246,0.03435203708153356,5360,5342,paper_width
Mouse,POLYIC_20190524_polyic___E3_P1_1,x,2,3.1999998807907124,0,0.5056352459016393,0,0.500253036437247,-0.005382209464392385,3904,3952,current_best
Mouse,POLYIC_20190524_polyic___E3_P1_1,x,3,3.1999998807907124,1,0.34298155737704916,2,0.3575404858299595,0.014558928452910347,3904,3952,current_best
Mouse,POLYIC_20190524_polyic___E3_P1_1,x,4,3.1999998807907124,0,0.2640881147540984,1,0.2555668016194332,-0.008521313134665198,3904,3952,current_best
Mouse,POLYIC_20190524_polyic___E3_P1_1,x,5,3.1999998807907124,0,0.2177254098360656,0,0.21685222672064777,-0.0008731831154178138,3904,3952,current_best
Mouse,POLYIC_20190524_polyic___E3_P1_1,x,6,3.1999998807907124,4,0.17366803278688525,2,0.1799089068825911,0.0062408740957058395,3904,3952,current_best
Mouse,POLYIC_20190524_polyic___E3_P1_1,x,7,3.1999998807907124,6,0.15394467213114754,5,0.15258097165991902,-0.001363700471228524,3904,3952,current_best
Mouse,POLYIC_20190524_polyic___E3_P1_1,x,8,3.1999998807907124,0,0.13550204918032788,3,0.13360323886639677,-0.0018988103139311041,3904,3952,current_best
Mouse,POLYIC_20190524_polyic___E3_P1_1,y,2,4.999999925494195,0,0.500367107195301,0,0.5257863935625458,0.025419286367244776,5448,5468,current_best
Mouse,POLYIC_20190524_polyic___E3_P1_1,y,3,4.999999925494195,2,0.3474669603524229,0,0.3694220921726408,0.02195513182021791,5448,5468,current_best
Mouse,POLYIC_20190524_polyic___E3_P1_1,y,4,4.999999925494195,1,0.2630323054331865,0,0.2798098024871982,0.016777497054011714,5448,5468,current_best
Mouse,POLYIC_20190524_polyic___E3_P1_1,y,5,4.999999925494195,1,0.23348017621145375,0,0.3423555230431602,0.10887534683170644,5448,5468,current_best
Mouse,POLYIC_20190524_polyic___E3_P1_1,y,6,4.999999925494195,5,0.1762114537444934,4,0.2055596196049744,0.029348165860481,5448,5468,current_best
Mouse,POLYIC_20190524_polyic___E3_P1_1,y,7,4.999999925494195,1,0.1683186490455213,0,0.17008046817849304,0.0017618191329717425,5448,5468,current_best
Mouse,POLYIC_20190524_polyic___E3_P1_1,y,8,4.999999925494195,4,0.14684287812041116,4,0.19092904169714703,0.044086163576735865,5448,5468,current_best
Mouse,POLYIC_20190524_polyic___E3_P1_1,x,2,3.1999998807907124,0,0.5056352459016393,0,0.515992003998001,0.010356758096361718,3904,4002,paper_width
Mouse,POLYIC_20190524_polyic___E3_P1_1,x,3,3.1999998807907124,1,0.34298155737704916,2,0.3530734632683658,0.010091905891316644,3904,4002,paper_width
Mouse,POLYIC_20190524_polyic___E3_P1_1,x,4,3.1999998807907124,0,0.2640881147540984,2,0.2621189405297351,-0.001969174224363268,3904,4002,paper_width
Mouse,POLYIC_20190524_polyic___E3_P1_1,x,5,3.1999998807907124,0,0.2177254098360656,0,0.21239380309845077,-0.005331606737614819,3904,4002,paper_width
Mouse,POLYIC_20190524_polyic___E3_P1_1,x,6,3.1999998807907124,4,0.17366803278688525,2,0.18065967016491755,0.006991637378032295,3904,4002,paper_width
Mouse,POLYIC_20190524_polyic___E3_P1_1,x,7,3.1999998807907124,6,0.15394467213114754,4,0.1519240379810095,-0.0020206341501380343,3904,4002,paper_width
Mouse,POLYIC_20190524_polyic___E3_P1_1,x,8,3.1999998807907124,0,0.13550204918032788,2,0.14067966016991504,0.005177610989587161,3904,4002,paper_width
Mouse,POLYIC_20190524_polyic___E3_P1_1,y,2,4.999999925494195,0,0.500367107195301,0,0.5289695636230289,0.028602456427727962,5448,5454,paper_width
Mouse,POLYIC_20190524_polyic___E3_P1_1,y,3,4.999999925494195,2,0.3474669603524229,0,0.36175284195086177,0.014285881598438854,5448,5454,paper_width
Mouse,POLYIC_20190524_polyic___E3_P1_1,y,4,4.999999925494195,1,0.2630323054331865,0,0.27997799779978,0.01694569236659349,5448,5454,paper_width
Mouse,POLYIC_20190524_polyic___E3_P1_1,y,5,4.999999925494195,1,0.23348017621145375,0,0.3348001466813348,0.10131997046988103,5448,5454,paper_width
Mouse,POLYIC_20190524_polyic___E3_P1_1,y,6,4.999999925494195,5,0.1762114537444934,4,0.20462046204620463,0.028409008301711225,5448,5454,paper_width
Mouse,POLYIC_20190524_polyic___E3_P1_1,y,7,4.999999925494195,1,0.1683186490455213,0,0.16685001833516686,-0.0014686307103544405,5448,5454,paper_width
Mouse,POLYIC_20190524_polyic___E3_P1_1,y,8,4.999999925494195,4,0.14684287812041116,4,0.19013568023469013,0.043292802114278967,5448,5454,paper_width
Mouse,POLYIC_20190524_polyic___E3_P1_10,x,2,3.1999998807907124,1,0.5010498687664042,0,0.5074550128534704,0.006405144087066161,3810,3890,current_best
Mouse,POLYIC_20190524_polyic___E3_P1_10,x,3,3.1999998807907124,0,0.33569553805774277,1,0.3365038560411311,0.0008083179833883181,3810,3890,current_best
Mouse,POLYIC_20190524_polyic___E3_P1_10,x,4,3.1999998807907124,2,0.2572178477690289,2,0.26195372750642676,0.004735879737397863,3810,3890,current_best
Mouse,POLYIC_20190524_polyic___E3_P1_10,x,5,3.1999998807907124,0,0.21338582677165355,0,0.212853470437018,-0.0005323563346355531,3810,3890,current_best
Mouse,POLYIC_20190524_polyic___E3_P1_10,x,6,3.1999998807907124,3,0.17821522309711285,2,0.17326478149100258,-0.004950441606110273,3810,3890,current_best
Mouse,POLYIC_20190524_polyic___E3_P1_10,x,7,3.1999998807907124,5,0.15616797900262466,6,0.16709511568123395,0.010927136678609284,3810,3890,current_best
Mouse,POLYIC_20190524_polyic___E3_P1_10,x,8,3.1999998807907124,2,0.13622047244094487,3,0.14961439588688946,0.013393923445944589,3810,3890,current_best
Mouse,POLYIC_20190524_polyic___E3_P1_10,y,2,4.999999925494195,1,0.509430403621275,0,0.5445692883895131,0.03513888476823812,5302,5340,current_best
Mouse,POLYIC_20190524_polyic___E3_P1_10,y,3,4.999999925494195,1,0.34156921916258015,0,0.35917602996254683,0.017606810799966677,5302,5340,current_best
Mouse,POLYIC_20190524_polyic___E3_P1_10,y,4,4.999999925494195,3,0.2708411920030177,0,0.2852059925093633,0.014364800506345587,5302,5340,current_best
Mouse,POLYIC_20190524_polyic___E3_P1_10,y,5,4.999999925494195,1,0.24801961523953225,2,0.349063670411985,0.10104405517245274,5302,5340,current_best
Mouse,POLYIC_20190524_polyic___E3_P1_10,y,6,4.999999925494195,1,0.19294605809128632,2,0.20112359550561798,0.008177537414331665,5302,5340,current_best
Mouse,POLYIC_20190524_polyic___E3_P1_10,y,7,4.999999925494195,0,0.17370803470388532,2,0.17378277153558053,7.473683169520462e-05,5302,5340,current_best
Mouse,POLYIC_20190524_polyic___E3_P1_10,y,8,4.999999925494195,3,0.15937382119954735,4,0.21161048689138576,0.05223666569183841,5302,5340,current_best
Mouse,POLYIC_20190524_polyic___E3_P1_10,x,2,3.1999998807907124,1,0.5010498687664042,1,0.5066975785677486,0.005647709801344325,3810,3882,paper_width
Mouse,POLYIC_20190524_polyic___E3_P1_10,x,3,3.1999998807907124,0,0.33569553805774277,0,0.34492529623905205,0.009229758181309278,3810,3882,paper_width
Mouse,POLYIC_20190524_polyic___E3_P1_10,x,4,3.1999998807907124,2,0.2572178477690289,3,0.26017516743946417,0.0029573196704352767,3810,3882,paper_width
Mouse,POLYIC_20190524_polyic___E3_P1_10,x,5,3.1999998807907124,0,0.21338582677165355,2,0.2125193199381762,-0.0008665068334773596,3810,3882,paper_width
Mouse,POLYIC_20190524_polyic___E3_P1_10,x,6,3.1999998807907124,3,0.17821522309711285,3,0.1777434312210201,-0.0004717918760927531,3810,3882,paper_width
Mouse,POLYIC_20190524_polyic___E3_P1_10,x,7,3.1999998807907124,5,0.15616797900262466,5,0.16795466254507985,0.011786683542455184,3810,3882,paper_width
Mouse,POLYIC_20190524_polyic___E3_P1_10,x,8,3.1999998807907124,2,0.13622047244094487,3,0.14399793920659454,0.0077774667656496654,3810,3882,paper_width
Mouse,POLYIC_20190524_polyic___E3_P1_10,y,2,4.999999925494195,1,0.509430403621275,0,0.5615124153498872,0.052082011728612154,5302,5316,paper_width
Mouse,POLYIC_20190524_polyic___E3_P1_10,y,3,4.999999925494195,1,0.34156921916258015,2,0.36211437170805116,0.020545152545471013,5302,5316,paper_width
Mouse,POLYIC_20190524_polyic___E3_P1_10,y,4,4.999999925494195,3,0.2708411920030177,0,0.30003762227238523,0.029196430269367524,5302,5316,paper_width
Mouse,POLYIC_20190524_polyic___E3_P1_10,y,5,4.999999925494195,1,0.24801961523953225,2,0.36644093303235514,0.11842131779282289,5302,5316,paper_width
Mouse,POLYIC_20190524_polyic___E3_P1_10,y,6,4.999999925494195,1,0.19294605809128632,2,0.21425884123401054,0.021312783142724223,5302,5316,paper_width
Mouse,POLYIC_20190524_polyic___E3_P1_10,y,7,4.999999925494195,0,0.17370803470388532,1,0.1721218961625282,-0.0015861385413571127,5302,5316,paper_width
Mouse,POLYIC_20190524_polyic___E3_P1_10,y,8,4.999999925494195,3,0.15937382119954735,4,0.22554552294958616,0.06617170175003881,5302,5316,paper_width
Mouse,POLYIC_20190524_polyic___E3_P1_12,x,2,3.1999998807907124,0,0.51,1,0.5019277108433735,-0.0080722891566265,4100,4150,current_best
Mouse,POLYIC_20190524_polyic___E3_P1_12,x,3,3.1999998807907124,0,0.34170731707317076,0,0.34433734939759036,0.0026300323244196067,4100,4150,current_best
Mouse,POLYIC_20190524_polyic___E3_P1_12,x,4,3.1999998807907124,0,0.2624390243902439,3,0.2672289156626506,0.004789891272406699,4100,4150,current_best
Mouse,POLYIC_20190524_polyic___E3_P1_12,x,5,3.1999998807907124,2,0.2070731707317073,4,0.20819277108433734,0.0011196003526300347,4100,4150,current_best
Mouse,POLYIC_20190524_polyic___E3_P1_12,x,6,3.1999998807907124,4,0.18390243902439024,3,0.1763855421686747,-0.007516896855715549,4100,4150,current_best
Mouse,POLYIC_20190524_polyic___E3_P1_12,x,7,3.1999998807907124,2,0.1575609756097561,3,0.156144578313253,-0.0014163972965030858,4100,4150,current_best
Mouse,POLYIC_20190524_polyic___E3_P1_12,x,8,3.1999998807907124,6,0.14097560975609755,6,0.1453012048192771,0.00432559506317956,4100,4150,current_best
Mouse,POLYIC_20190524_polyic___E3_P1_12,y,2,4.999999925494195,1,0.5184418517124577,0,0.5595593726661687,0.04111752095371102,5314,5356,current_best
Mouse,POLYIC_20190524_polyic___E3_P1_12,y,3,4.999999925494195,1,0.3438088069251035,0,0.33961911874533235,-0.004189688179771167,5314,5356,current_best
Mouse,POLYIC_20190524_polyic___E3_P1_12,y,4,4.999999925494195,3,0.27342867896123446,2,0.2875280059746079,0.014099327013373464,5314,5356,current_best
Mouse,POLYIC_20190524_polyic___E3_P1_12,y,5,4.999999925494195,4,0.2160331200602183,2,0.3411127707244212,0.1250796506642029,5314,5356,current_best
Mouse,POLYIC_20190524_polyic___E3_P1_12,y,6,4.999999925494195,1,0.1868648852088822,0,0.20481702763256163,0.01795214242367943,5314,5356,current_best
Mouse,POLYIC_20190524_polyic___E3_P1_12,y,7,4.999999925494195,5,0.15995483628152052,0,0.15664675130694547,-0.0033080849745750485,5314,5356,current_best
Mouse,POLYIC_20190524_polyic___E3_P1_12,y,8,4.999999925494195,3,0.1575084681972149,2,0.16206123973114264,0.004552771533927746,5314,5356,current_best
Mouse,POLYIC_20190524_polyic___E3_P1_12,x,2,3.1999998807907124,0,0.51,0,0.5128267182962246,0.0028267182962246062,4100,4132,paper_width
Mouse,POLYIC_20190524_polyic___E3_P1_12,x,3,3.1999998807907124,0,0.34170731707317076,0,0.34172313649564373,1.581942247297352e-05,4100,4132,paper_width
Mouse,POLYIC_20190524_polyic___E3_P1_12,x,4,3.1999998807907124,0,0.2624390243902439,0,0.2623426911907067,-9.633319953722408e-05,4100,4132,paper_width
Mouse,POLYIC_20190524_polyic___E3_P1_12,x,5,3.1999998807907124,2,0.2070731707317073,3,0.207405614714424,0.0003324439827167014,4100,4132,paper_width
Mouse,POLYIC_20190524_polyic___E3_P1_12,x,6,3.1999998807907124,4,0.18390243902439024,4,0.1819941916747338,-0.0019082473496564445,4100,4132,paper_width
Mouse,POLYIC_20190524_polyic___E3_P1_12,x,7,3.1999998807907124,2,0.1575609756097561,2,0.15440464666021297,-0.0031563289495431246,4100,4132,paper_width
Mouse,POLYIC_20190524_polyic___E3_P1_12,x,8,3.1999998807907124,6,0.14097560975609755,6,0.14351403678606,0.002538427029962459,4100,4132,paper_width
Mouse,POLYIC_20190524_polyic___E3_P1_12,y,2,4.999999925494195,1,0.5184418517124577,0,0.5525621703089676,0.03412031859650988,5314,5308,paper_width
Mouse,POLYIC_20190524_polyic___E3_P1_12,y,3,4.999999925494195,1,0.3438088069251035,0,0.35041446872645066,0.00660566180134714,5314,5308,paper_width
Mouse,POLYIC_20190524_polyic___E3_P1_12,y,4,4.999999925494195,3,0.27342867896123446,2,0.2876789751318764,0.01425029617064194,5314,5308,paper_width
Mouse,POLYIC_20190524_polyic___E3_P1_12,y,5,4.999999925494195,4,0.2160331200602183,2,0.3449510173323286,0.12891789727211028,5314,5308,paper_width
Mouse,POLYIC_20190524_polyic___E3_P1_12,y,6,4.999999925494195,1,0.1868648852088822,0,0.20949510173323285,0.022630216524350655,5314,5308,paper_width
Mouse,POLYIC_20190524_polyic___E3_P1_12,y,7,4.999999925494195,5,0.15995483628152052,5,0.15184626978146196,-0.008108566500058562,5314,5308,paper_width
Mouse,POLYIC_20190524_polyic___E3_P1_12,y,8,4.999999925494195,3,0.1575084681972149,2,0.17143933685003768,0.013930868652822781,5314,5308,paper_width
Mouse,POLYIC_20190524_polyic___E3_P1_13,x,2,3.1999998807907124,1,0.5054715997915581,0,0.5252498684902683,0.019778268698710244,3838,3802,current_best
Mouse,POLYIC_20190524_polyic___E3_P1_13,x,3,3.1999998807907124,0,0.33949973944762896,2,0.34823776959495,0.008738030147321052,3838,3802,current_best
Mouse,POLYIC_20190524_polyic___E3_P1_13,x,4,3.1999998807907124,1,0.26341844710786866,0,0.26854287217254075,0.005124425064672089,3838,3802,current_best
Mouse,POLYIC_20190524_polyic___E3_P1_13,x,5,3.1999998807907124,1,0.20557582073996875,4,0.21436086270384008,0.008785041963871337,3838,3802,current_best
Mouse,POLYIC_20190524_polyic___E3_P1_13,x,6,3.1999998807907124,1,0.1818655549765503,2,0.18884797475013151,0.006982419773581217,3838,3802,current_best
Mouse,POLYIC_20190524_polyic___E3_P1_13,x,7,3.1999998807907124,2,0.14903595622720167,4,0.15123619147816939,0.0022002352509677137,3838,3802,current_best
Mouse,POLYIC_20190524_polyic___E3_P1_13,x,8,3.1999998807907124,5,0.151902032308494,6,0.1504471330878485,-0.0014548992206455114,3838,3802,current_best
Mouse,POLYIC_20190524_polyic___E3_P1_13,y,2,4.999999925494195,0,0.505135032331685,1,0.5259691381257057,0.020834105794020674,5258,5314,current_best
Mouse,POLYIC_20190524_polyic___E3_P1_13,y,3,4.999999925494195,1,0.34480791175351844,2,0.35867519759126837,0.013867285837749932,5258,5314,current_best
Mouse,POLYIC_20190524_polyic___E3_P1_13,y,4,4.999999925494195,2,0.2613160897679726,3,0.2689123071132857,0.007596217345313072,5258,5314,current_best
Mouse,POLYIC_20190524_polyic___E3_P1_13,y,5,4.999999925494195,1,0.2213769494104222,0,0.3347760632292059,0.11339911381878368,5258,5314,current_best
Mouse,POLYIC_20190524_polyic___E3_P1_13,y,6,4.999999925494195,1,0.17459109927729174,5,0.19627399322544223,0.021682893948150483,5258,5314,current_best
Mouse,POLYIC_20190524_polyic___E3_P1_13,y,7,4.999999925494195,1,0.16165842525675161,4,0.17105758374106134,0.009399158484309722,5258,5314,current_best
Mouse,POLYIC_20190524_polyic___E3_P1_13,y,8,4.999999925494195,6,0.1409281095473564,7,0.17839668799397818,0.03746857844662177,5258,5314,current_best
Mouse,POLYIC_20190524_polyic___E3_P1_13,x,2,3.1999998807907124,1,0.5054715997915581,0,0.5039164490861618,-0.0015551507053962466,3838,3830,paper_width
Mouse,POLYIC_20190524_polyic___E3_P1_13,x,3,3.1999998807907124,0,0.33949973944762896,1,0.3399477806788512,0.00044804123122221817,3838,3830,paper_width
Mouse,POLYIC_20190524_polyic___E3_P1_13,x,4,3.1999998807907124,1,0.26341844710786866,1,0.2618798955613577,-0.0015385515465109467,3838,3830,paper_width
Mouse,POLYIC_20190524_polyic___E3_P1_13,x,5,3.1999998807907124,1,0.20557582073996875,1,0.20574412532637076,0.00016830458640201829,3838,3830,paper_width
Mouse,POLYIC_20190524_polyic___E3_P1_13,x,6,3.1999998807907124,1,0.1818655549765503,1,0.1804177545691906,-0.0014478004073597006,3838,3830,paper_width
Mouse,POLYIC_20190524_polyic___E3_P1_13,x,7,3.1999998807907124,2,0.14903595622720167,4,0.16344647519582245,0.014410518968620778,3838,3830,paper_width
Mouse,POLYIC_20190524_polyic___E3_P1_13,x,8,3.1999998807907124,5,0.151902032308494,6,0.14334203655352482,-0.008559995754969185,3838,3830,paper_width
Mouse,POLYIC_20190524_polyic___E3_P1_13,y,2,4.999999925494195,0,0.505135032331685,1,0.526116578349735,0.020981546018050024,5258,5284,paper_width
Mouse,POLYIC_20190524_polyic___E3_P1_13,y,3,4.999999925494195,1,0.34480791175351844,2,0.35389856169568507,0.009090649942166629,5258,5284,paper_width
Mouse,POLYIC_20190524_polyic___E3_P1_13,y,4,4.999999925494195,2,0.2613160897679726,3,0.2746025738077214,0.013286484039748803,5258,5284,paper_width
Mouse,POLYIC_20190524_polyic___E3_P1_13,y,5,4.999999925494195,1,0.2213769494104222,3,0.3542770628311885,0.13290011342076627,5258,5284,paper_width
Mouse,POLYIC_20190524_polyic___E3_P1_13,y,6,4.999999925494195,1,0.17459109927729174,5,0.20022710068130203,0.02563600140401029,5258,5284,paper_width
Mouse,POLYIC_20190524_polyic___E3_P1_13,y,7,4.999999925494195,1,0.16165842525675161,4,0.17562452687358063,0.013966101616829013,5258,5284,paper_width
Mouse,POLYIC_20190524_polyic___E3_P1_13,y,8,4.999999925494195,6,0.1409281095473564,7,0.18224829674489024,0.04132018719753383,5258,5284,paper_width
Mouse,POLYIC_20190524_polyic___E3_P1_3,x,2,3.1999998807907124,1,0.5077279752704791,1,0.5130970724191063,0.005369097148627211,3882,3894,current_best
Mouse,POLYIC_20190524_polyic___E3_P1_3,x,3,3.1999998807907124,1,0.3387429160226687,2,0.3446327683615819,0.005889852338913204,3882,3894,current_best
Mouse,POLYIC_20190524_polyic___E3_P1_3,x,4,3.1999998807907124,1,0.2679031427099433,1,0.2657935285053929,-0.002109614204550414,3882,3894,current_best
Mouse,POLYIC_20190524_polyic___E3_P1_3,x,5,3.1999998807907124,1,0.21148892323544566,3,0.20775552131484334,-0.003733401920602314,3882,3894,current_best
Mouse,POLYIC_20190524_polyic___E3_P1_3,x,6,3.1999998807907124,3,0.18160741885625967,3,0.17873651771956856,-0.002870901136691112,3882,3894,current_best
Mouse,POLYIC_20190524_polyic___E3_P1_3,x,7,3.1999998807907124,3,0.1602266872746007,3,0.15228556753980482,-0.007941119734795887,3882,3894,current_best
Mouse,POLYIC_20190524_polyic___E3_P1_3,x,8,3.1999998807907124,1,0.15687789799072643,1,0.14612223934257831,-0.01075565864814812,3882,3894,current_best
Mouse,POLYIC_20190524_polyic___E3_P1_3,y,2,4.999999925494195,0,0.5135083713850838,0,0.5066162570888468,-0.006892114296236929,5256,5290,current_best
Mouse,POLYIC_20190524_polyic___E3_P1_3,y,3,4.999999925494195,1,0.3504566210045662,0,0.3516068052930057,0.001150184288439493,5256,5290,current_best
Mouse,POLYIC_20190524_polyic___E3_P1_3,y,4,4.999999925494195,0,0.2671232876712329,1,0.25916824196597354,-0.007955045705259345,5256,5290,current_best
Mouse,POLYIC_20190524_polyic___E3_P1_3,y,5,4.999999925494195,4,0.2146118721461187,3,0.34820415879017014,0.13359228664405143,5256,5290,current_best
Mouse,POLYIC_20190524_polyic___E3_P1_3,y,6,4.999999925494195,1,0.1767503805175038,0,0.18752362948960302,0.01077324897209922,5256,5290,current_best
Mouse,POLYIC_20190524_polyic___E3_P1_3,y,7,4.999999925494195,5,0.16419330289193304,4,0.15992438563327033,-0.004268917258662713,5256,5290,current_best
Mouse,POLYIC_20190524_polyic___E3_P1_3,y,8,4.999999925494195,0,0.14098173515981735,5,0.1544423440453686,0.013460608885551256,5256,5290,current_best
Mouse,POLYIC_20190524_polyic___E3_P1_3,x,2,3.1999998807907124,1,0.5077279752704791,0,0.5078800203355364,0.00015204506505728244,3882,3934,paper_width
Mouse,POLYIC_20190524_polyic___E3_P1_3,x,3,3.1999998807907124,1,0.3387429160226687,1,0.360447381799695,0.021704465777026283,3882,3934,paper_width
Mouse,POLYIC_20190524_polyic___E3_P1_3,x,4,3.1999998807907124,1,0.2679031427099433,0,0.2653787493645145,-0.0025243933454288103,3882,3934,paper_width
Mouse,POLYIC_20190524_polyic___E3_P1_3,x,5,3.1999998807907124,1,0.21148892323544566,0,0.20793085917641077,-0.0035580640590348878,3882,3934,paper_width
Mouse,POLYIC_20190524_polyic___E3_P1_3,x,6,3.1999998807907124,3,0.18160741885625967,1,0.18149466192170818,-0.00011275693455148339,3882,3934,paper_width
Mouse,POLYIC_20190524_polyic___E3_P1_3,x,7,3.1999998807907124,3,0.1602266872746007,3,0.15810879511947126,-0.002117892155129447,3882,3934,paper_width
Mouse,POLYIC_20190524_polyic___E3_P1_3,x,8,3.1999998807907124,1,0.15687789799072643,1,0.14590747330960854,-0.01097042468111789,3882,3934,paper_width
Mouse,POLYIC_20190524_polyic___E3_P1_3,y,2,4.999999925494195,0,0.5135083713850838,0,0.5076103500761036,-0.005898021308980206,5256,5256,paper_width
Mouse,POLYIC_20190524_polyic___E3_P1_3,y,3,4.999999925494195,1,0.3504566210045662,0,0.3519786910197869,0.0015220700152207,5256,5256,paper_width
Mouse,POLYIC_20190524_polyic___E3_P1_3,y,4,4.999999925494195,0,0.2671232876712329,0,0.265220700152207,-0.001902587519025889,5256,5256,paper_width
Mouse,POLYIC_20190524_polyic___E3_P1_3,y,5,4.999999925494195,4,0.2146118721461187,3,0.3481735159817352,0.13356164383561647,5256,5256,paper_width
Mouse,POLYIC_20190524_polyic___E3_P1_3,y,6,4.999999925494195,1,0.1767503805175038,0,0.19140030441400305,0.014649923896499245,5256,5256,paper_width
Mouse,POLYIC_20190524_polyic___E3_P1_3,y,7,4.999999925494195,5,0.16419330289193304,4,0.16057838660578386,-0.0036149162861491835,5256,5256,paper_width
Mouse,POLYIC_20190524_polyic___E3_P1_3,y,8,4.999999925494195,0,0.14098173515981735,0,0.1510654490106545,0.010083713850837145,5256,5256,paper_width
Mouse,POLYIC_20190524_polyic___E3_P1_4,x,2,3.1999998807907124,1,0.5077962577962578,0,0.5059339525283798,-0.001862305267878006,3848,3876,current_best
Mouse,POLYIC_20190524_polyic___E3_P1_4,x,3,3.1999998807907124,2,0.34303534303534305,2,0.3446852425180599,0.0016498994827168212,3848,3876,current_best
Mouse,POLYIC_20190524_polyic___E3_P1_4,x,4,3.1999998807907124,3,0.2642931392931393,2,0.25386996904024767,-0.010423170252891634,3848,3876,current_best
Mouse,POLYIC_20190524_polyic___E3_P1_4,x,5,3.1999998807907124,3,0.20686070686070687,1,0.22007223942208462,0.013211532561377748,3848,3876,current_best
Mouse,POLYIC_20190524_polyic___E3_P1_4,x,6,3.1999998807907124,1,0.17515592515592515,2,0.17595459236326108,0.0007986672073359291,3848,3876,current_best
Mouse,POLYIC_20190524_polyic___E3_P1_4,x,7,3.1999998807907124,0,0.1541060291060291,6,0.16021671826625386,0.006110689160224753,3848,3876,current_best
Mouse,POLYIC_20190524_polyic___E3_P1_4,x,8,3.1999998807907124,7,0.1340956340956341,2,0.13415892672858618,6.329263295207221e-05,3848,3876,current_best
Mouse,POLYIC_20190524_polyic___E3_P1_4,y,2,4.999999925494195,1,0.53196261682243,0,0.5614328136599851,0.02947019683755514,5350,5388,current_best
Mouse,POLYIC_20190524_polyic___E3_P1_4,y,3,4.999999925494195,1,0.3579439252336449,0,0.3747216035634744,0.016777678329829515,5350,5388,current_best
Mouse,POLYIC_20190524_polyic___E3_P1_4,y,4,4.999999925494195,3,0.26822429906542056,2,0.2897178916109874,0.02149359254556682,5350,5388,current_best
Mouse,POLYIC_20190524_polyic___E3_P1_4,y,5,4.999999925494195,1,0.23476635514018693,3,0.3433556050482554,0.10858924990806848,5350,5388,current_best
Mouse,POLYIC_20190524_polyic___E3_P1_4,y,6,4.999999925494195,5,0.19850467289719625,4,0.23589458054936896,0.037389907652172705,5350,5388,current_best
Mouse,POLYIC_20190524_polyic___E3_P1_4,y,7,4.999999925494195,0,0.16149532710280373,2,0.17687453600593914,0.015379208903135405,5350,5388,current_best
Mouse,POLYIC_20190524_polyic___E3_P1_4,y,8,4.999999925494195,3,0.1560747663551402,4,0.17706013363028952,0.020985367275149325,5350,5388,current_best
Mouse,POLYIC_20190524_polyic___E3_P1_4,x,2,3.1999998807907124,1,0.5077962577962578,0,0.50153452685422,-0.0062617309420378575,3848,3910,paper_width
Mouse,POLYIC_20190524_polyic___E3_P1_4,x,3,3.1999998807907124,2,0.34303534303534305,1,0.3452685421994885,0.0022331991641454385,3848,3910,paper_width
Mouse,POLYIC_20190524_polyic___E3_P1_4,x,4,3.1999998807907124,3,0.2642931392931393,0,0.2631713554987212,-0.0011217837944180742,3848,3910,paper_width
Mouse,POLYIC_20190524_polyic___E3_P1_4,x,5,3.1999998807907124,3,0.20686070686070687,1,0.2186700767263427,0.011809369865635827,3848,3910,paper_width
Mouse,POLYIC_20190524_polyic___E3_P1_4,x,6,3.1999998807907124,1,0.17515592515592515,1,0.17391304347826086,-0.001242881677664287,3848,3910,paper_width
Mouse,POLYIC_20190524_polyic___E3_P1_4,x,7,3.1999998807907124,0,0.1541060291060291,6,0.15601023017902813,0.0019042010729990178,3848,3910,paper_width
Mouse,POLYIC_20190524_polyic___E3_P1_4,x,8,3.1999998807907124,7,0.1340956340956341,0,0.13248081841432224,-0.0016148156813118597,3848,3910,paper_width
Mouse,POLYIC_20190524_polyic___E3_P1_4,y,2,4.999999925494195,1,0.53196261682243,0,0.5679357969391564,0.035973180116726455,5350,5358,paper_width
Mouse,POLYIC_20190524_polyic___E3_P1_4,y,3,4.999999925494195,1,0.3579439252336449,0,0.3617021276595745,0.003758202425929613,5350,5358,paper_width
Mouse,POLYIC_20190524_polyic___E3_P1_4,y,4,4.999999925494195,3,0.26822429906542056,0,0.2891004106009705,0.020876111535549968,5350,5358,paper_width
Mouse,POLYIC_20190524_polyic___E3_P1_4,y,5,4.999999925494195,1,0.23476635514018693,2,0.3445315416200075,0.10976518647982056,5350,5358,paper_width
Mouse,POLYIC_20190524_polyic___E3_P1_4,y,6,4.999999925494195,5,0.19850467289719625,4,0.22265770810003732,0.024153035202841067,5350,5358,paper_width
Mouse,POLYIC_20190524_polyic___E3_P1_4,y,7,4.999999925494195,0,0.16149532710280373,2,0.1773049645390071,0.015809637436203366,5350,5358,paper_width
Mouse,POLYIC_20190524_polyic___E3_P1_4,y,8,4.999999925494195,3,0.1560747663551402,4,0.196528555431131,0.040453789075990815,5350,5358,paper_width
Mouse,POLYIC_20190524_polyic___E3_P1_5,x,2,3.1999998807907124,1,0.5010515247108307,0,0.5275489186405767,0.026497393929746038,3804,3884,current_best
Mouse,POLYIC_20190524_polyic___E3_P1_5,x,3,3.1999998807907124,2,0.3441114616193481,0,0.33831101956745624,-0.005800442051891841,3804,3884,current_best
Mouse,POLYIC_20190524_polyic___E3_P1_5,x,4,3.1999998807907124,1,0.2542060988433228,2,0.2664778578784758,0.012271759035152985,3804,3884,current_best
Mouse,POLYIC_20190524_polyic___E3_P1_5,x,5,3.1999998807907124,4,0.20425867507886436,4,0.2090628218331617,0.004804146754297328,3804,3884,current_best
Mouse,POLYIC_20190524_polyic___E3_P1_5,x,6,3.1999998807907124,2,0.17928496319663512,2,0.18280123583934088,0.0035162726427057645,3804,3884,current_best
Mouse,POLYIC_20190524_polyic___E3_P1_5,x,7,3.1999998807907124,5,0.16035751840168244,6,0.15396498455200824,-0.006392533849674198,3804,3884,current_best
Mouse,POLYIC_20190524_polyic___E3_P1_5,x,8,3.1999998807907124,0,0.13801261829652997,0,0.14186405767250257,0.0038514393759725984,3804,3884,current_best
Mouse,POLYIC_20190524_polyic___E3_P1_5,y,2,4.999999925494195,0,0.5039277297721917,0,0.512076353720296,0.008148623948104339,5092,5134,current_best
Mouse,POLYIC_20190524_polyic___E3_P1_5,y,3,4.999999925494195,1,0.3375883739198743,2,0.3854694195559018,0.04788104563602752,5092,5134,current_best
Mouse,POLYIC_20190524_polyic___E3_P1_5,y,4,4.999999925494195,2,0.25216025137470544,2,0.2810673938449552,0.02890714247024978,5092,5134,current_best
Mouse,POLYIC_20190524_polyic___E3_P1_5,y,5,4.999999925494195,2,0.21602513747054203,2,0.3671601090767433,0.15113497160620126,5092,5134,current_best
Mouse,POLYIC_20190524_polyic___E3_P1_5,y,6,4.999999925494195,4,0.19265514532600156,5,0.22477600311647838,0.032120857790476826,5092,5134,current_best
Mouse,POLYIC_20190524_polyic___E3_P1_5,y,7,4.999999925494195,3,0.1624116260801257,6,0.17121153097000388,0.008799904889878196,5092,5134,current_best
Mouse,POLYIC_20190524_polyic___E3_P1_5,y,8,4.999999925494195,2,0.1357030636292223,2,0.20023373587845733,0.06453067224923503,5092,5134,current_best
Mouse,POLYIC_20190524_polyic___E3_P1_5,x,2,3.1999998807907124,1,0.5010515247108307,0,0.5088174273858921,0.007765902675061387,3804,3856,paper_width
Mouse,POLYIC_20190524_polyic___E3_P1_5,x,3,3.1999998807907124,2,0.3441114616193481,2,0.3524377593360996,0.00832629771675153,3804,3856,paper_width
Mouse,POLYIC_20190524_polyic___E3_P1_5,x,4,3.1999998807907124,1,0.2542060988433228,0,0.2697095435684647,0.015503444725141924,3804,3856,paper_width
Mouse,POLYIC_20190524_polyic___E3_P1_5,x,5,3.1999998807907124,4,0.20425867507886436,3,0.2170643153526971,0.012805640273832741,3804,3856,paper_width
Mouse,POLYIC_20190524_polyic___E3_P1_5,x,6,3.1999998807907124,2,0.17928496319663512,2,0.18360995850622408,0.004324995309588964,3804,3856,paper_width
Mouse,POLYIC_20190524_polyic___E3_P1_5,x,7,3.1999998807907124,5,0.16035751840168244,3,0.14937759336099585,-0.010979925040686594,3804,3856,paper_width
Mouse,POLYIC_20190524_polyic___E3_P1_5,x,8,3.1999998807907124,0,0.13801261829652997,0,0.1483402489626556,0.010327630666125631,3804,3856,paper_width
Mouse,POLYIC_20190524_polyic___E3_P1_5,y,2,4.999999925494195,0,0.5039277297721917,0,0.5035294117647059,-0.0003983180074857984,5092,5100,paper_width
Mouse,POLYIC_20190524_polyic___E3_P1_5,y,3,4.999999925494195,1,0.3375883739198743,2,0.37,0.03241162608012571,5092,5100,paper_width
Mouse,POLYIC_20190524_polyic___E3_P1_5,y,4,4.999999925494195,2,0.25216025137470544,2,0.286078431372549,0.03391817999784358,5092,5100,paper_width
Mouse,POLYIC_20190524_polyic___E3_P1_5,y,5,4.999999925494195,2,0.21602513747054203,2,0.36549019607843136,0.14946505860788933,5092,5100,paper_width
Mouse,POLYIC_20190524_polyic___E3_P1_5,y,6,4.999999925494195,4,0.19265514532600156,5,0.2235294117647059,0.030874266438704334,5092,5100,paper_width
Mouse,POLYIC_20190524_polyic___E3_P1_5,y,7,4.999999925494195,3,0.1624116260801257,6,0.1776470588235294,0.01523543274340372,5092,5100,paper_width
Mouse,POLYIC_20190524_polyic___E3_P1_5,y,8,4.999999925494195,2,0.1357030636292223,2,0.20058823529411765,0.06488517166489535,5092,5100,paper_width
Mouse,POLYIC_20190524_polyic___E3_P1_6,x,2,3.1999998807907124,1,0.5166912125675013,1,0.5185276679841897,0.0018364554166884206,4074,4048,current_best
Mouse,POLYIC_20190524_polyic___E3_P1_6,x,3,3.1999998807907124,1,0.34658811978399606,1,0.3394268774703557,-0.007161242313640348,4074,4048,current_best
Mouse,POLYIC_20190524_polyic___E3_P1_6,x,4,3.1999998807907124,3,0.27319587628865977,3,0.27223320158102765,-0.0009626747076321163,4074,4048,current_best
Mouse,POLYIC_20190524_polyic___E3_P1_6,x,5,3.1999998807907124,4,0.20814923907707414,0,0.20923913043478262,0.0010898913577084834,4074,4048,current_best
Mouse,POLYIC_20190524_polyic___E3_P1_6,x,6,3.1999998807907124,4,0.18458517427589594,3,0.1783596837944664,-0.006225490481429535,4074,4048,current_best
Mouse,POLYIC_20190524_polyic___E3_P1_6,x,7,3.1999998807907124,3,0.16200294550810015,2,0.166501976284585,0.004499030776484836,4074,4048,current_best
Mouse,POLYIC_20190524_polyic___E3_P1_6,x,8,3.1999998807907124,3,0.14261168384879724,3,0.14352766798418973,0.0009159841353924836,4074,4048,current_best
Mouse,POLYIC_20190524_polyic___E3_P1_6,y,2,4.999999925494195,0,0.501679104477612,1,0.5026109660574413,0.000931861579829274,5360,5362,current_best
Mouse,POLYIC_20190524_polyic___E3_P1_6,y,3,4.999999925494195,1,0.34496268656716417,2,0.371130175307721,0.026167488740556855,5360,5362,current_best
Mouse,POLYIC_20190524_polyic___E3_P1_6,y,4,4.999999925494195,2,0.2666044776119403,1,0.28086534875046626,0.014260871138525977,5360,5362,current_best
Mouse,POLYIC_20190524_polyic___E3_P1_6,y,5,4.999999925494195,3,0.23152985074626867,3,0.37280865348750464,0.14127880274123597,5360,5362,current_best
Mouse,POLYIC_20190524_polyic___E3_P1_6,y,6,4.999999925494195,1,0.18488805970149252,2,0.21372622155911974,0.02883816185762722,5360,5362,current_best
Mouse,POLYIC_20190524_polyic___E3_P1_6,y,7,4.999999925494195,6,0.16138059701492538,0,0.1671018276762402,0.00572123066131483,5360,5362,current_best
Mouse,POLYIC_20190524_polyic___E3_P1_6,y,8,4.999999925494195,1,0.141044776119403,1,0.18481909735173443,0.04377432123233144,5360,5362,current_best
Mouse,POLYIC_20190524_polyic___E3_P1_6,x,2,3.1999998807907124,1,0.5166912125675013,0,0.5009910802775025,-0.01570013228999878,4074,4036,paper_width
Mouse,POLYIC_20190524_polyic___E3_P1_6,x,3,3.1999998807907124,1,0.34658811978399606,2,0.3396927651139742,-0.006895354670021836,4074,4036,paper_width
Mouse,POLYIC_20190524_polyic___E3_P1_6,x,4,3.1999998807907124,3,0.27319587628865977,0,0.260406342913776,-0.012789533374883755,4074,4036,paper_width
Mouse,POLYIC_20190524_polyic___E3_P1_6,x,5,3.1999998807907124,4,0.20814923907707414,0,0.21283448959365708,0.004685250516582945,4074,4036,paper_width
Mouse,POLYIC_20190524_polyic___E3_P1_6,x,6,3.1999998807907124,4,0.18458517427589594,3,0.17789890981169476,-0.006686264464201175,4074,4036,paper_width
Mouse,POLYIC_20190524_polyic___E3_P1_6,x,7,3.1999998807907124,3,0.16200294550810015,2,0.1518830525272547,-0.010119892980845452,4074,4036,paper_width
Mouse,POLYIC_20190524_polyic___E3_P1_6,x,8,3.1999998807907124,3,0.14261168384879724,6,0.13478691774033696,-0.00782476610846028,4074,4036,paper_width
Mouse,POLYIC_20190524_polyic___E3_P1_6,y,2,4.999999925494195,0,0.501679104477612,0,0.5122595247076575,0.010580420230045462,5360,5302,paper_width
Mouse,POLYIC_20190524_polyic___E3_P1_6,y,3,4.999999925494195,1,0.34496268656716417,2,0.3698604300264051,0.02489774345924095,5360,5302,paper_width
Mouse,POLYIC_20190524_polyic___E3_P1_6,y,4,4.999999925494195,2,0.2666044776119403,1,0.27800829875518673,0.011403821143246451,5360,5302,paper_width
Mouse,POLYIC_20190524_polyic___E3_P1_6,y,5,4.999999925494195,3,0.23152985074626867,3,0.35496039230479065,0.12343054155852198,5360,5302,paper_width
Mouse,POLYIC_20190524_polyic___E3_P1_6,y,6,4.999999925494195,1,0.18488805970149252,2,0.21935118823085628,0.03446312852936376,5360,5302,paper_width
Mouse,POLYIC_20190524_polyic___E3_P1_6,y,7,4.999999925494195,6,0.16138059701492538,0,0.16427763108261034,0.0028970340676849615,5360,5302,paper_width
Mouse,POLYIC_20190524_polyic___E3_P1_6,y,8,4.999999925494195,1,0.141044776119403,1,0.1961523953225198,0.0551076192031168,5360,5302,paper_width
Mouse,POLYIC_20190524_polyic___E3_P1_7,x,2,3.1999998807907124,1,0.5029348986125933,1,0.510863804981452,0.00792890636885868,3748,3774,current_best
Mouse,POLYIC_20190524_polyic___E3_P1_7,x,3,3.1999998807907124,1,0.34071504802561364,2,0.3420773714891362,0.0013623234635225523,3748,3774,current_best
Mouse,POLYIC_20190524_polyic___E3_P1_7,x,4,3.1999998807907124,2,0.2646744930629669,2,0.2641759406465289,-0.0004985524164380362,3748,3774,current_best
Mouse,POLYIC_20190524_polyic___E3_P1_7,x,5,3.1999998807907124,4,0.21398078975453574,4,0.21118177000529942,-0.0027990197492363256,3748,3774,current_best
Mouse,POLYIC_20190524_polyic___E3_P1_7,x,6,3.1999998807907124,1,0.18223052294557096,1,0.1825649178590355,0.00033439491346454187,3748,3774,current_best
Mouse,POLYIC_20190524_polyic___E3_P1_7,x,7,3.1999998807907124,4,0.1523479188900747,1,0.16825649178590354,0.015908572895828837,3748,3774,current_best
Mouse,POLYIC_20190524_polyic___E3_P1_7,x,8,3.1999998807907124,6,0.14461045891141944,6,0.15765765765765766,0.01304719874623822,3748,3774,current_best
Mouse,POLYIC_20190524_polyic___E3_P1_7,y,2,4.999999925494195,1,0.5100760456273764,1,0.5136041744316064,0.003528128804230035,5260,5366,current_best
Mouse,POLYIC_20190524_polyic___E3_P1_7,y,3,4.999999925494195,1,0.34942965779467683,0,0.3380544166977264,-0.011375241096950428,5260,5366,current_best
Mouse,POLYIC_20190524_polyic___E3_P1_7,y,4,4.999999925494195,3,0.2661596958174905,0,0.27376071561684684,0.0076010197993563455,5260,5366,current_best
Mouse,POLYIC_20190524_polyic___E3_P1_7,y,5,4.999999925494195,1,0.23840304182509506,2,0.35538576220648527,0.11698272038139021,5260,5366,current_best
Mouse,POLYIC_20190524_polyic___E3_P1_7,y,6,4.999999925494195,1,0.18136882129277568,3,0.18617219530376444,0.004803374010988765,5260,5366,current_best
Mouse,POLYIC_20190524_polyic___E3_P1_7,y,7,4.999999925494195,3,0.170532319391635,2,0.17685426761088335,0.006321948219248363,5260,5366,current_best
Mouse,POLYIC_20190524_polyic___E3_P1_7,y,8,4.999999925494195,3,0.13745247148288972,7,0.18952664927320165,0.052074177790311926,5260,5366,current_best
Mouse,POLYIC_20190524_polyic___E3_P1_7,x,2,3.1999998807907124,1,0.5029348986125933,0,0.519332627118644,0.0163977285060507,3748,3776,paper_width
Mouse,POLYIC_20190524_polyic___E3_P1_7,x,3,3.1999998807907124,1,0.34071504802561364,0,0.3381885593220339,-0.0025264887035797434,3748,3776,paper_width
Mouse,POLYIC_20190524_polyic___E3_P1_7,x,4,3.1999998807907124,2,0.2646744930629669,2,0.2714512711864407,0.00677677812347377,3748,3776,paper_width
Mouse,POLYIC_20190524_polyic___E3_P1_7,x,5,3.1999998807907124,4,0.21398078975453574,3,0.210010593220339,-0.0039701965341967516,3748,3776,paper_width
Mouse,POLYIC_20190524_polyic___E3_P1_7,x,6,3.1999998807907124,1,0.18223052294557096,2,0.18220338983050846,-2.7133115062499824e-05,3748,3776,paper_width
Mouse,POLYIC_20190524_polyic___E3_P1_7,x,7,3.1999998807907124,4,0.1523479188900747,0,0.15995762711864406,0.007609708228569351,3748,3776,paper_width
Mouse,POLYIC_20190524_polyic___E3_P1_7,x,8,3.1999998807907124,6,0.14461045891141944,6,0.15810381355932204,0.013493354647902606,3748,3776,paper_width
Mouse,POLYIC_20190524_polyic___E3_P1_7,y,2,4.999999925494195,1,0.5100760456273764,1,0.5107142857142857,0.0006382400869092697,5260,5320,paper_width
Mouse,POLYIC_20190524_polyic___E3_P1_7,y,3,4.999999925494195,1,0.34942965779467683,2,0.34078947368421053,-0.008640184110466298,5260,5320,paper_width
Mouse,POLYIC_20190524_polyic___E3_P1_7,y,4,4.999999925494195,3,0.2661596958174905,0,0.2793233082706767,0.013163612453186202,5260,5320,paper_width
Mouse,POLYIC_20190524_polyic___E3_P1_7,y,5,4.999999925494195,1,0.23840304182509506,2,0.36278195488721804,0.12437891306212298,5260,5320,paper_width
Mouse,POLYIC_20190524_polyic___E3_P1_7,y,6,4.999999925494195,1,0.18136882129277568,3,0.181203007518797,-0.00016581377397867358,5260,5320,paper_width
Mouse,POLYIC_20190524_polyic___E3_P1_7,y,7,4.999999925494195,3,0.170532319391635,4,0.18045112781954886,0.009918808427913872,5260,5320,paper_width
Mouse,POLYIC_20190524_polyic___E3_P1_7,y,8,4.999999925494195,3,0.13745247148288972,4,0.187593984962406,0.050141513479516286,5260,5320,paper_width
Mouse,POLYIC_20190524_polyic___E3_P1_9,x,2,3.1999998807907124,0,0.5025667351129364,1,0.5087001023541453,0.006133367241208942,3896,3908,current_best
Mouse,POLYIC_20190524_polyic___E3_P1_9,x,3,3.1999998807907124,1,0.34856262833675566,0,0.35516888433981575,0.006606256003060085,3896,3908,current_best
Mouse,POLYIC_20190524_polyic___E3_P1_9,x,4,3.1999998807907124,3,0.2612936344969199,3,0.25588536335721596,-0.005408271139703935,3896,3908,current_best
Mouse,POLYIC_20190524_polyic___E3_P1_9,x,5,3.1999998807907124,3,0.20867556468172485,1,0.20957011258955988,0.0008945479078350249,3896,3908,current_best
Mouse,POLYIC_20190524_polyic___E3_P1_9,x,6,3.1999998807907124,1,0.17838809034907596,3,0.18551688843398156,0.007128798084905602,3896,3908,current_best
Mouse,POLYIC_20190524_polyic___E3_P1_9,x,7,3.1999998807907124,1,0.1629876796714579,1,0.1589048106448311,-0.004082869026626801,3896,3908,current_best
Mouse,POLYIC_20190524_polyic___E3_P1_9,x,8,3.1999998807907124,4,0.14656057494866528,3,0.14994882292732856,0.0033882479786632724,3896,3908,current_best
Mouse,POLYIC_20190524_polyic___E3_P1_9,y,2,4.999999925494195,0,0.5021945866861741,0,0.5180327868852459,0.015838200199071784,5468,5490,current_best
Mouse,POLYIC_20190524_polyic___E3_P1_9,y,3,4.999999925494195,1,0.33522311631309437,0,0.37122040072859747,0.035997284415503095,5468,5490,current_best
Mouse,POLYIC_20190524_polyic___E3_P1_9,y,4,4.999999925494195,2,0.25786393562545723,0,0.27285974499089255,0.01499580936543532,5468,5490,current_best
Mouse,POLYIC_20190524_polyic___E3_P1_9,y,5,4.999999925494195,3,0.22275054864667154,3,0.34735883424408015,0.12460828559740861,5468,5490,current_best
Mouse,POLYIC_20190524_polyic___E3_P1_9,y,6,4.999999925494195,3,0.18013899049012436,3,0.19726775956284154,0.01712876907271718,5468,5490,current_best
Mouse,POLYIC_20190524_polyic___E3_P1_9,y,7,4.999999925494195,3,0.1616678858814923,5,0.18397085610200364,0.022302970220511337,5468,5490,current_best
Mouse,POLYIC_20190524_polyic___E3_P1_9,y,8,4.999999925494195,6,0.13533284564740308,4,0.1785063752276867,0.043173529580283615,5468,5490,current_best
Mouse,POLYIC_20190524_polyic___E3_P1_9,x,2,3.1999998807907124,0,0.5025667351129364,1,0.5010121457489879,-0.0015545893639484776,3896,3952,paper_width
Mouse,POLYIC_20190524_polyic___E3_P1_9,x,3,3.1999998807907124,1,0.34856262833675566,1,0.3426113360323887,-0.005951292304366973,3896,3952,paper_width
Mouse,POLYIC_20190524_polyic___E3_P1_9,x,4,3.1999998807907124,3,0.2612936344969199,3,0.25885627530364375,-0.002437359193276145,3896,3952,paper_width
Mouse,POLYIC_20190524_polyic___E3_P1_9,x,5,3.1999998807907124,3,0.20867556468172485,1,0.21002024291497975,0.0013446782332549034,3896,3952,paper_width
Mouse,POLYIC_20190524_polyic___E3_P1_9,x,6,3.1999998807907124,1,0.17838809034907596,1,0.1763663967611336,-0.0020216935879423525,3896,3952,paper_width
Mouse,POLYIC_20190524_polyic___E3_P1_9,x,7,3.1999998807907124,1,0.1629876796714579,1,0.15587044534412955,-0.007117234327328359,3896,3952,paper_width
Mouse,POLYIC_20190524_polyic___E3_P1_9,x,8,3.1999998807907124,4,0.14656057494866528,3,0.14423076923076922,-0.0023298057178960663,3896,3952,paper_width
Mouse,POLYIC_20190524_polyic___E3_P1_9,y,2,4.999999925494195,0,0.5021945866861741,0,0.5060461707585197,0.0038515840723455375,5468,5458,paper_width
Mouse,POLYIC_20190524_polyic___E3_P1_9,y,3,4.999999925494195,1,0.33522311631309437,0,0.37614510809820445,0.04092199178511008,5468,5458,paper_width
Mouse,POLYIC_20190524_polyic___E3_P1_9,y,4,4.999999925494195,2,0.25786393562545723,0,0.262550384756321,0.004686449130863746,5468,5458,paper_width
Mouse,POLYIC_20190524_polyic___E3_P1_9,y,5,4.999999925494195,3,0.22275054864667154,3,0.35031146940271163,0.12756092075604009,5468,5458,paper_width
Mouse,POLYIC_20190524_polyic___E3_P1_9,y,6,4.999999925494195,3,0.18013899049012436,3,0.20300476364968853,0.022865773159564173,5468,5458,paper_width
Mouse,POLYIC_20190524_polyic___E3_P1_9,y,7,4.999999925494195,3,0.1616678858814923,5,0.18614877244411873,0.024480886562626425,5468,5458,paper_width
Mouse,POLYIC_20190524_polyic___E3_P1_9,y,8,4.999999925494195,6,0.13533284564740308,4,0.1716746060828142,0.036341760435411125,5468,5458,paper_width
Mouse,POLYIC_20190524_polyic___E4_P1_1,x,2,3.1999998807907124,0,0.5064234326824255,0,0.504665629860031,-0.0017578028223944608,3892,3858,current_best
Mouse,POLYIC_20190524_polyic___E4_P1_1,x,3,3.1999998807907124,0,0.3368448098663926,1,0.3475894245723173,0.010744614705924693,3892,3858,current_best
Mouse,POLYIC_20190524_polyic___E4_P1_1,x,4,3.1999998807907124,2,0.2541109969167523,1,0.2667185069984448,0.012607510081692475,3892,3858,current_best
Mouse,POLYIC_20190524_polyic___E4_P1_1,x,5,3.1999998807907124,4,0.20760534429599178,4,0.21124935199585276,0.0036440076998609794,3892,3858,current_best
Mouse,POLYIC_20190524_polyic___E4_P1_1,x,6,3.1999998807907124,4,0.17343268242548818,4,0.18144116122343182,0.008008478797943641,3892,3858,current_best
Mouse,POLYIC_20190524_polyic___E4_P1_1,x,7,3.1999998807907124,2,0.16495375128468653,2,0.15578019699326076,-0.009173554291425773,3892,3858,current_best
Mouse,POLYIC_20190524_polyic___E4_P1_1,x,8,3.1999998807907124,4,0.13540596094552929,5,0.14385692068429237,0.008450959738763086,3892,3858,current_best
Mouse,POLYIC_20190524_polyic___E4_P1_1,y,2,4.999999925494195,0,0.5078277886497065,1,0.5601651592607156,0.05233737061100918,5110,5086,current_best
Mouse,POLYIC_20190524_polyic___E4_P1_1,y,3,4.999999925494195,2,0.35342465753424657,1,0.35450255603617775,0.0010778985019311849,5110,5086,current_best
Mouse,POLYIC_20190524_polyic___E4_P1_1,y,4,4.999999925494195,2,0.2694716242661448,3,0.3018088871411718,0.03233726287502703,5110,5086,current_best
Mouse,POLYIC_20190524_polyic___E4_P1_1,y,5,4.999999925494195,1,0.21859099804305285,3,0.3409359024773889,0.12234490443433607,5110,5086,current_best
Mouse,POLYIC_20190524_polyic___E4_P1_1,y,6,4.999999925494195,2,0.18454011741682974,5,0.19799449469130947,0.013454377274479734,5110,5086,current_best
Mouse,POLYIC_20190524_polyic___E4_P1_1,y,7,4.999999925494195,6,0.16105675146771037,6,0.1488399528116398,-0.01221679865607056,5110,5086,current_best
Mouse,POLYIC_20190524_polyic___E4_P1_1,y,8,4.999999925494195,3,0.13933463796477494,7,0.18659064097522612,0.047256003010451186,5110,5086,current_best
Mouse,POLYIC_20190524_polyic___E4_P1_1,x,2,3.1999998807907124,0,0.5064234326824255,1,0.5229145211122554,0.016491088429829937,3892,3884,paper_width
Mouse,POLYIC_20190524_polyic___E4_P1_1,x,3,3.1999998807907124,0,0.3368448098663926,0,0.34114315139031925,0.004298341523926663,3892,3884,paper_width
Mouse,POLYIC_20190524_polyic___E4_P1_1,x,4,3.1999998807907124,2,0.2541109969167523,1,0.2618434603501545,0.00773246343340217,3892,3884,paper_width
Mouse,POLYIC_20190524_polyic___E4_P1_1,x,5,3.1999998807907124,4,0.20760534429599178,1,0.203913491246138,-0.0036918530498537827,3892,3884,paper_width
Mouse,POLYIC_20190524_polyic___E4_P1_1,x,6,3.1999998807907124,4,0.17343268242548818,3,0.1822863027806385,0.008853620355150332,3892,3884,paper_width
Mouse,POLYIC_20190524_polyic___E4_P1_1,x,7,3.1999998807907124,2,0.16495375128468653,2,0.15834191555097837,-0.00661183573370816,3892,3884,paper_width
Mouse,POLYIC_20190524_polyic___E4_P1_1,x,8,3.1999998807907124,4,0.13540596094552929,5,0.13774459320288363,0.0023386322573543394,3892,3884,paper_width
Mouse,POLYIC_20190524_polyic___E4_P1_1,y,2,4.999999925494195,0,0.5078277886497065,1,0.5465435978004713,0.03871580915076489,5110,5092,paper_width
Mouse,POLYIC_20190524_polyic___E4_P1_1,y,3,4.999999925494195,2,0.35342465753424657,1,0.3397486252945797,-0.013676032239666847,5110,5092,paper_width
Mouse,POLYIC_20190524_polyic___E4_P1_1,y,4,4.999999925494195,2,0.2694716242661448,3,0.3043990573448547,0.03492743307870988,5110,5092,paper_width
Mouse,POLYIC_20190524_polyic___E4_P1_1,y,5,4.999999925494195,1,0.21859099804305285,2,0.33837391987431265,0.1197829218312598,5110,5092,paper_width
Mouse,POLYIC_20190524_polyic___E4_P1_1,y,6,4.999999925494195,2,0.18454011741682974,5,0.19383346425765907,0.00929334684082933,5110,5092,paper_width
Mouse,POLYIC_20190524_polyic___E4_P1_1,y,7,4.999999925494195,6,0.16105675146771037,6,0.15180675569520816,-0.009249995772502212,5110,5092,paper_width
Mouse,POLYIC_20190524_polyic___E4_P1_1,y,8,4.999999925494195,3,0.13933463796477494,7,0.1922623723487824,0.05292773438400747,5110,5092,paper_width
Mouse,POLYIC_20190524_polyic___E4_P1_7,x,2,3.1999998807907124,0,0.5020833333333333,0,0.5005235602094241,-0.0015597731239092028,3840,3820,current_best
Mouse,POLYIC_20190524_polyic___E4_P1_7,x,3,3.1999998807907124,2,0.34375,2,0.37643979057591626,0.032689790575916255,3840,3820,current_best
Mouse,POLYIC_20190524_polyic___E4_P1_7,x,4,3.1999998807907124,1,0.2708333333333333,1,0.2615183246073298,-0.009315008726003493,3840,3820,current_best
Mouse,POLYIC_20190524_polyic___E4_P1_7,x,5,3.1999998807907124,1,0.21510416666666668,2,0.21780104712041884,0.0026968804537521596,3840,3820,current_best
Mouse,POLYIC_20190524_polyic___E4_P1_7,x,6,3.1999998807907124,5,0.18359375,5,0.20340314136125653,0.019809391361256534,3840,3820,current_best
Mouse,POLYIC_20190524_polyic___E4_P1_7,x,7,3.1999998807907124,3,0.15729166666666666,4,0.15785340314136126,0.0005617364746945963,3840,3820,current_best
Mouse,POLYIC_20190524_polyic___E4_P1_7,x,8,3.1999998807907124,1,0.15494791666666666,1,0.14764397905759163,-0.007303937609075023,3840,3820,current_best
Mouse,POLYIC_20190524_polyic___E4_P1_7,y,2,4.999999925494195,0,0.5034220532319391,1,0.501324252743095,-0.002097800488844115,5260,5286,current_best
Mouse,POLYIC_20190524_polyic___E4_P1_7,y,3,4.999999925494195,2,0.33897338403041827,2,0.36511539916761254,0.026142015137194274,5260,5286,current_best
Mouse,POLYIC_20190524_polyic___E4_P1_7,y,4,4.999999925494195,2,0.2581749049429658,1,0.2637154748391979,0.005540569896232084,5260,5286,current_best
Mouse,POLYIC_20190524_polyic___E4_P1_7,y,5,4.999999925494195,3,0.22167300380228136,2,0.34108967082860386,0.1194166670263225,5260,5286,current_best
Mouse,POLYIC_20190524_polyic___E4_P1_7,y,6,4.999999925494195,4,0.17338403041825096,2,0.1933409004918653,0.019956870073614352,5260,5286,current_best
Mouse,POLYIC_20190524_polyic___E4_P1_7,y,7,4.999999925494195,3,0.16197718631178706,5,0.18161180476730987,0.019634618455522806,5260,5286,current_best
Mouse,POLYIC_20190524_polyic___E4_P1_7,y,8,4.999999925494195,6,0.13155893536121674,1,0.18274687854710556,0.05118794318588882,5260,5286,current_best
Mouse,POLYIC_20190524_polyic___E4_P1_7,x,2,3.1999998807907124,0,0.5020833333333333,0,0.511322696860525,0.00923936352719168,3840,3886,paper_width
Mouse,POLYIC_20190524_polyic___E4_P1_7,x,3,3.1999998807907124,2,0.34375,2,0.36103962943901186,0.017289629439011855,3840,3886,paper_width
Mouse,POLYIC_20190524_polyic___E4_P1_7,x,4,3.1999998807907124,1,0.2708333333333333,0,0.2658260422027792,-0.005007291130554092,3840,3886,paper_width
Mouse,POLYIC_20190524_polyic___E4_P1_7,x,5,3.1999998807907124,1,0.21510416666666668,2,0.22979927946474524,0.014695112798078558,3840,3886,paper_width
Mouse,POLYIC_20190524_polyic___E4_P1_7,x,6,3.1999998807907124,5,0.18359375,5,0.1847658260422028,0.001172076042202791,3840,3886,paper_width
Mouse,POLYIC_20190524_polyic___E4_P1_7,x,7,3.1999998807907124,3,0.15729166666666666,4,0.16006176016469378,0.002770093498027121,3840,3886,paper_width
Mouse,POLYIC_20190524_polyic___E4_P1_7,x,8,3.1999998807907124,1,0.15494791666666666,1,0.14410705095213588,-0.010840865714530773,3840,3886,paper_width
Mouse,POLYIC_20190524_polyic___E4_P1_7,y,2,4.999999925494195,0,0.5034220532319391,1,0.5039802880970432,0.0005582348651040903,5260,5276,paper_width
Mouse,POLYIC_20190524_polyic___E4_P1_7,y,3,4.999999925494195,2,0.33897338403041827,2,0.3553828658074299,0.016409481777011625,5260,5276,paper_width
Mouse,POLYIC_20190524_polyic___E4_P1_7,y,4,4.999999925494195,2,0.2581749049429658,1,0.2596664139499621,0.0014915090069962944,5260,5276,paper_width
Mouse,POLYIC_20190524_polyic___E4_P1_7,y,5,4.999999925494195,3,0.22167300380228136,2,0.3565200909780136,0.13484708717573227,5260,5276,paper_width
Mouse,POLYIC_20190524_polyic___E4_P1_7,y,6,4.999999925494195,4,0.17338403041825096,3,0.18631539044730858,0.01293136002905762,5260,5276,paper_width
Mouse,POLYIC_20190524_polyic___E4_P1_7,y,7,4.999999925494195,3,0.16197718631178706,5,0.18442001516300227,0.022442828851215207,5260,5276,paper_width
Mouse,POLYIC_20190524_polyic___E4_P1_7,y,8,4.999999925494195,6,0.13155893536121674,1,0.17001516300227446,0.038456227641057716,5260,5276,paper_width
Mouse,POLYIC_20190524_polyic___E4_P1_9,x,2,3.1999998807907124,1,0.5056762092793682,0,0.5245338567222767,0.01885764744290852,4052,4076,current_best
Mouse,POLYIC_20190524_polyic___E4_P1_9,x,3,3.1999998807907124,2,0.3487166831194472,2,0.36162904808635915,0.012912364966911949,4052,4076,current_best
Mouse,POLYIC_20190524_polyic___E4_P1_9,x,4,3.1999998807907124,2,0.26678183613030604,2,0.2831207065750736,0.01633887044476756,4052,4076,current_best
Mouse,POLYIC_20190524_polyic___E4_P1_9,x,5,3.1999998807907124,0,0.2087857847976308,4,0.22301275760549558,0.01422697280786478,4052,4076,current_best
Mouse,POLYIC_20190524_polyic___E4_P1_9,x,6,3.1999998807907124,1,0.17522211253701875,2,0.19013738959764476,0.014915277060626009,4052,4076,current_best
Mouse,POLYIC_20190524_polyic___E4_P1_9,x,7,3.1999998807907124,1,0.162142152023692,1,0.1611874386653582,-0.000954713358333803,4052,4076,current_best
Mouse,POLYIC_20190524_polyic___E4_P1_9,x,8,3.1999998807907124,6,0.1386969397828233,6,0.15235525024533858,0.013658310462515283,4052,4076,current_best
Mouse,POLYIC_20190524_polyic___E4_P1_9,y,2,4.999999925494195,1,0.5078154075176777,0,0.5234345706786652,0.015619163160987437,5374,5334,current_best
Mouse,POLYIC_20190524_polyic___E4_P1_9,y,3,4.999999925494195,2,0.3496464458503908,1,0.36520434945631797,0.015557903605927181,5374,5334,current_best
Mouse,POLYIC_20190524_polyic___E4_P1_9,y,4,4.999999925494195,1,0.2610718273167101,0,0.2793400824896888,0.018268255172978698,5374,5334,current_best
Mouse,POLYIC_20190524_polyic___E4_P1_9,y,5,4.999999925494195,1,0.21771492370673615,3,0.34158230221222347,0.12386737850548732,5374,5334,current_best
Mouse,POLYIC_20190524_polyic___E4_P1_9,y,6,4.999999925494195,5,0.19036099739486417,4,0.2118485189351331,0.021487521540268922,5374,5334,current_best
Mouse,POLYIC_20190524_polyic___E4_P1_9,y,7,4.999999925494195,5,0.16524004465947154,4,0.16816647919010125,0.0029264345306297124,5374,5334,current_best
Mouse,POLYIC_20190524_polyic___E4_P1_9,y,8,4.999999925494195,1,0.14923706736136955,7,0.16197975253093364,0.012742685169564089,5374,5334,current_best
Mouse,POLYIC_20190524_polyic___E4_P1_9,x,2,3.1999998807907124,1,0.5056762092793682,0,0.501704822211398,-0.003971387067970178,4052,4106,paper_width
Mouse,POLYIC_20190524_polyic___E4_P1_9,x,3,3.1999998807907124,2,0.3487166831194472,2,0.3555772040915733,0.006860520972126083,4052,4106,paper_width
Mouse,POLYIC_20190524_polyic___E4_P1_9,x,4,3.1999998807907124,2,0.26678183613030604,2,0.2576716999512908,-0.009110136179015238,4052,4106,paper_width
Mouse,POLYIC_20190524_polyic___E4_P1_9,x,5,3.1999998807907124,0,0.2087857847976308,0,0.2048222113979542,-0.003963573399676595,4052,4106,paper_width
Mouse,POLYIC_20190524_polyic___E4_P1_9,x,6,3.1999998807907124,1,0.17522211253701875,2,0.18144179249878226,0.006219679961763508,4052,4106,paper_width
Mouse,POLYIC_20190524_polyic___E4_P1_9,x,7,3.1999998807907124,1,0.162142152023692,1,0.154164637116415,-0.007977514907276995,4052,4106,paper_width
Mouse,POLYIC_20190524_polyic___E4_P1_9,x,8,3.1999998807907124,6,0.1386969397828233,6,0.14052605942523136,0.0018291196424080614,4052,4106,paper_width
Mouse,POLYIC_20190524_polyic___E4_P1_9,y,2,4.999999925494195,1,0.5078154075176777,0,0.5313311086392287,0.02351570112155099,5374,5394,paper_width
Mouse,POLYIC_20190524_polyic___E4_P1_9,y,3,4.999999925494195,2,0.3496464458503908,1,0.36837226548016316,0.018725819629772378,5374,5394,paper_width
Mouse,POLYIC_20190524_polyic___E4_P1_9,y,4,4.999999925494195,1,0.2610718273167101,0,0.28272154245457914,0.021649715137869063,5374,5394,paper_width
Mouse,POLYIC_20190524_polyic___E4_P1_9,y,5,4.999999925494195,1,0.21771492370673615,3,0.3489061920652577,0.13119126835852155,5374,5394,paper_width
Mouse,POLYIC_20190524_polyic___E4_P1_9,y,6,4.999999925494195,5,0.19036099739486417,4,0.21950315164998146,0.029142154255117292,5374,5394,paper_width
Mouse,POLYIC_20190524_polyic___E4_P1_9,y,7,4.999999925494195,5,0.16524004465947154,4,0.17296996662958844,0.007729921970116904,5374,5394,paper_width
Mouse,POLYIC_20190524_polyic___E4_P1_9,y,8,4.999999925494195,1,0.14923706736136955,7,0.16203188728216536,0.012794819920795814,5374,5394,paper_width
Mouse,POLYIC_20190524_polyic___E8_P1_1,x,2,3.1999998807907124,1,0.5163348647269015,0,0.5040526849037488,-0.012282179823152717,3918,3948,current_best
Mouse,POLYIC_20190524_polyic___E8_P1_1,x,3,3.1999998807907124,2,0.3486472690148035,1,0.34422492401215804,-0.004422345002645434,3918,3948,current_best
Mouse,POLYIC_20190524_polyic___E8_P1_1,x,4,3.1999998807907124,3,0.2713118938233793,3,0.2563323201621074,-0.014979573661271894,3918,3948,current_best
Mouse,POLYIC_20190524_polyic___E8_P1_1,x,5,3.1999998807907124,1,0.21720265441551811,1,0.22315096251266464,0.005948308097146526,3918,3948,current_best
Mouse,POLYIC_20190524_polyic___E8_P1_1,x,6,3.1999998807907124,2,0.17432363450740174,4,0.182370820668693,0.00804718616129127,3918,3948,current_best
Mouse,POLYIC_20190524_polyic___E8_P1_1,x,7,3.1999998807907124,4,0.16207248596222562,4,0.1585612968591692,-0.0035111891030564224,3918,3948,current_best
Mouse,POLYIC_20190524_polyic___E8_P1_1,x,8,3.1999998807907124,1,0.1383358856559469,0,0.135258358662614,-0.003077526993332913,3918,3948,current_best
Mouse,POLYIC_20190524_polyic___E8_P1_1,y,2,4.999999925494195,1,0.5020415738678545,0,0.5231958762886598,0.021154302420805293,5388,5432,current_best
Mouse,POLYIC_20190524_polyic___E8_P1_1,y,3,4.999999925494195,1,0.3437268002969562,2,0.35143593519882177,0.007709134901865589,5388,5432,current_best
Mouse,POLYIC_20190524_polyic___E8_P1_1,y,4,4.999999925494195,2,0.2615070527097253,2,0.2763254786450663,0.014818425935340995,5388,5432,current_best
Mouse,POLYIC_20190524_polyic___E8_P1_1,y,5,4.999999925494195,1,0.21492204899777284,0,0.34554491899852724,0.1306228700007544,5388,5432,current_best
Mouse,POLYIC_20190524_polyic___E8_P1_1,y,6,4.999999925494195,4,0.1789161098737936,4,0.18906480117820323,0.010148691304409624,5388,5432,current_best
Mouse,POLYIC_20190524_polyic___E8_P1_1,y,7,4.999999925494195,1,0.16165553080920564,6,0.1719440353460972,0.010288504536891563,5388,5432,current_best
Mouse,POLYIC_20190524_polyic___E8_P1_1,y,8,4.999999925494195,5,0.1471789161098738,2,0.18151693667157584,0.03433802056170204,5388,5432,current_best
Mouse,POLYIC_20190524_polyic___E8_P1_1,x,2,3.1999998807907124,1,0.5163348647269015,0,0.5070422535211268,-0.009292611205774737,3918,3976,paper_width
Mouse,POLYIC_20190524_polyic___E8_P1_1,x,3,3.1999998807907124,2,0.3486472690148035,1,0.3584004024144869,0.009753133399683422,3918,3976,paper_width
Mouse,POLYIC_20190524_polyic___E8_P1_1,x,4,3.1999998807907124,3,0.2713118938233793,0,0.2535211267605634,-0.017790767062815904,3918,3976,paper_width
Mouse,POLYIC_20190524_polyic___E8_P1_1,x,5,3.1999998807907124,1,0.21720265441551811,0,0.20875251509054327,-0.008450139324974848,3918,3976,paper_width
Mouse,POLYIC_20190524_polyic___E8_P1_1,x,6,3.1999998807907124,2,0.17432363450740174,4,0.19290744466800805,0.018583810160606312,3918,3976,paper_width
Mouse,POLYIC_20190524_polyic___E8_P1_1,x,7,3.1999998807907124,4,0.16207248596222562,4,0.15769617706237424,-0.004376308899851383,3918,3976,paper_width
Mouse,POLYIC_20190524_polyic___E8_P1_1,x,8,3.1999998807907124,1,0.1383358856559469,0,0.13304828973843058,-0.005287595917516319,3918,3976,paper_width
Mouse,POLYIC_20190524_polyic___E8_P1_1,y,2,4.999999925494195,1,0.5020415738678545,0,0.5050055617352615,0.0029639878674069253,5388,5394,paper_width
Mouse,POLYIC_20190524_polyic___E8_P1_1,y,3,4.999999925494195,1,0.3437268002969562,1,0.353540971449759,0.009814171152802809,5388,5394,paper_width
Mouse,POLYIC_20190524_polyic___E8_P1_1,y,4,4.999999925494195,2,0.2615070527097253,2,0.27233963663329624,0.010832583923570949,5388,5394,paper_width
Mouse,POLYIC_20190524_polyic___E8_P1_1,y,5,4.999999925494195,1,0.21492204899777284,3,0.3388950685947349,0.12397301959696205,5388,5394,paper_width
Mouse,POLYIC_20190524_polyic___E8_P1_1,y,6,4.999999925494195,4,0.1789161098737936,4,0.18946978123841304,0.010553671364619432,5388,5394,paper_width
Mouse,POLYIC_20190524_polyic___E8_P1_1,y,7,4.999999925494195,1,0.16165553080920564,6,0.17760474601408974,0.0159492152048841,5388,5394,paper_width
Mouse,POLYIC_20190524_polyic___E8_P1_1,y,8,4.999999925494195,5,0.1471789161098738,2,0.18242491657397109,0.03524600046409729,5388,5394,paper_width
Mouse,POLYIC_20190524_polyic___E9_P1_1,x,2,3.1999998807907124,1,0.5105871029836381,1,0.5026140684410646,-0.007973034542573476,4156,4208,current_best
Mouse,POLYIC_20190524_polyic___E9_P1_1,x,3,3.1999998807907124,0,0.33926852743022134,1,0.3488593155893536,0.00959078815913228,4156,4208,current_best
Mouse,POLYIC_20190524_polyic___E9_P1_1,x,4,3.1999998807907124,3,0.27237728585178056,2,0.2656844106463878,-0.006692875205392745,4156,4208,current_best
Mouse,POLYIC_20190524_polyic___E9_P1_1,x,5,3.1999998807907124,0,0.2071703561116458,4,0.2229087452471483,0.01573838913550249,4156,4208,current_best
Mouse,POLYIC_20190524_polyic___E9_P1_1,x,6,3.1999998807907124,3,0.1823869104908566,1,0.17538022813688212,-0.007006682353974475,4156,4208,current_best
Mouse,POLYIC_20190524_polyic___E9_P1_1,x,7,3.1999998807907124,6,0.15664100096246392,3,0.16064638783269963,0.0040053868702357165,4156,4208,current_best
Mouse,POLYIC_20190524_polyic___E9_P1_1,x,8,3.1999998807907124,7,0.1373917228103946,1,0.14282319391634982,0.00543147110595521,4156,4208,current_best
Mouse,POLYIC_20190524_polyic___E9_P1_1,y,2,4.999999925494195,1,0.5015015015015015,1,0.5600073179656055,0.05850581646410402,5328,5466,current_best
Mouse,POLYIC_20190524_polyic___E9_P1_1,y,3,4.999999925494195,2,0.35960960960960964,0,0.3386388583973655,-0.02097075121224412,5328,5466,current_best
Mouse,POLYIC_20190524_polyic___E9_P1_1,y,4,4.999999925494195,2,0.26745495495495497,3,0.3071716062934504,0.039716651338495446,5328,5466,current_best
Mouse,POLYIC_20190524_polyic___E9_P1_1,y,5,4.999999925494195,4,0.2147147147147147,3,0.345042078302232,0.1303273635875173,5328,5466,current_best
Mouse,POLYIC_20190524_polyic___E9_P1_1,y,6,4.999999925494195,2,0.18693693693693694,5,0.20160995243322358,0.014673015496286634,5328,5466,current_best
Mouse,POLYIC_20190524_polyic___E9_P1_1,y,7,4.999999925494195,5,0.1614114114114114,0,0.16886205634833518,0.007450644936923767,5328,5466,current_best
Mouse,POLYIC_20190524_polyic___E9_P1_1,y,8,4.999999925494195,2,0.14451951951951952,7,0.1544090742773509,0.009889554757831376,5328,5466,current_best
Mouse,POLYIC_20190524_polyic___E9_P1_1,x,2,3.1999998807907124,1,0.5105871029836381,1,0.5084378013500482,-0.0021493016335898396,4156,4148,paper_width
Mouse,POLYIC_20190524_polyic___E9_P1_1,x,3,3.1999998807907124,0,0.33926852743022134,2,0.3442622950819672,0.004993767651745862,4156,4148,paper_width
Mouse,POLYIC_20190524_polyic___E9_P1_1,x,4,3.1999998807907124,3,0.27237728585178056,3,0.2709739633558341,-0.0014033224959464352,4156,4148,paper_width
Mouse,POLYIC_20190524_polyic___E9_P1_1,x,5,3.1999998807907124,0,0.2071703561116458,4,0.21986499517839922,0.012694639066753416,4156,4148,paper_width
Mouse,POLYIC_20190524_polyic___E9_P1_1,x,6,3.1999998807907124,3,0.1823869104908566,5,0.1750241080038573,-0.007362802486999304,4156,4148,paper_width
Mouse,POLYIC_20190524_polyic___E9_P1_1,x,7,3.1999998807907124,6,0.15664100096246392,4,0.1562198649951784,-0.0004211359672855186,4156,4148,paper_width
Mouse,POLYIC_20190524_polyic___E9_P1_1,x,8,3.1999998807907124,7,0.1373917228103946,3,0.14561234329797493,0.008220620487580321,4156,4148,paper_width
Mouse,POLYIC_20190524_polyic___E9_P1_1,y,2,4.999999925494195,1,0.5015015015015015,1,0.5721552373775434,0.07065373587604185,5328,5308,paper_width
Mouse,POLYIC_20190524_polyic___E9_P1_1,y,3,4.999999925494195,2,0.35960960960960964,1,0.3571966842501884,-0.002412925359421225,5328,5308,paper_width
Mouse,POLYIC_20190524_polyic___E9_P1_1,y,4,4.999999925494195,2,0.26745495495495497,3,0.2931424265259985,0.025687471571043508,5328,5308,paper_width
Mouse,POLYIC_20190524_polyic___E9_P1_1,y,5,4.999999925494195,4,0.2147147147147147,2,0.3434438583270535,0.12872914361233878,5328,5308,paper_width
Mouse,POLYIC_20190524_polyic___E9_P1_1,y,6,4.999999925494195,2,0.18693693693693694,5,0.20911831198191408,0.022181375044977136,5328,5308,paper_width
Mouse,POLYIC_20190524_polyic___E9_P1_1,y,7,4.999999925494195,5,0.1614114114114114,5,0.16107761868877166,-0.000333792722639753,5328,5308,paper_width
Mouse,POLYIC_20190524_polyic___E9_P1_1,y,8,4.999999925494195,2,0.14451951951951952,7,0.1501507159005275,0.00563119638100798,5328,5308,paper_width
Mouse,POLYIC_20190531_polyic_m__E3_P1,x,2,3.1999998807907124,0,0.5022432701894317,0,0.500999000999001,-0.0012442691904307468,4012,4004,current_best
Mouse,POLYIC_20190531_polyic_m__E3_P1,x,3,3.1999998807907124,2,0.3392323030907278,2,0.34590409590409593,0.006671792813368105,4012,4004,current_best
Mouse,POLYIC_20190531_polyic_m__E3_P1,x,4,3.1999998807907124,0,0.26046859421734797,3,0.252997002997003,-0.007471591220344964,4012,4004,current_best
Mouse,POLYIC_20190531_polyic_m__E3_P1,x,5,3.1999998807907124,4,0.21360917248255235,0,0.21553446553446554,0.0019252930519131906,4012,4004,current_best
Mouse,POLYIC_20190531_polyic_m__E3_P1,x,6,3.1999998807907124,2,0.1702392821535394,5,0.17307692307692307,0.0028376409233836775,4012,4004,current_best
Mouse,POLYIC_20190531_polyic_m__E3_P1,x,7,3.1999998807907124,6,0.15628115653040878,5,0.1550949050949051,-0.001186251435503688,4012,4004,current_best
Mouse,POLYIC_20190531_polyic_m__E3_P1,x,8,3.1999998807907124,0,0.13584247258225324,1,0.14385614385614387,0.008013671273890632,4012,4004,current_best
Mouse,POLYIC_20190531_polyic_m__E3_P1,y,2,4.999999925494195,0,0.5239073589839373,1,0.5529061102831595,0.028998751299222247,5354,5368,current_best
Mouse,POLYIC_20190531_polyic_m__E3_P1,y,3,4.999999925494195,2,0.3866268210683601,1,0.3772354694485842,-0.00939135161977589,5354,5368,current_best
Mouse,POLYIC_20190531_polyic_m__E3_P1,y,4,4.999999925494195,2,0.2803511393350766,3,0.30178837555886734,0.021437236223790734,5354,5368,current_best
Mouse,POLYIC_20190531_polyic_m__E3_P1,y,5,4.999999925494195,1,0.24785207321628688,2,0.3757451564828614,0.1278930832665745,5354,5368,current_best
Mouse,POLYIC_20190531_polyic_m__E3_P1,y,6,4.999999925494195,2,0.22039596563317146,3,0.19299552906110284,-0.027400436572068615,5354,5368,current_best
Mouse,POLYIC_20190531_polyic_m__E3_P1,y,7,4.999999925494195,2,0.15988046320508031,5,0.161698956780924,0.0018184935758436827,5354,5368,current_best
Mouse,POLYIC_20190531_polyic_m__E3_P1,y,8,4.999999925494195,6,0.14475158759805754,7,0.190946348733234,0.046194761135176454,5354,5368,current_best
Mouse,POLYIC_20190531_polyic_m__E3_P1,x,2,3.1999998807907124,0,0.5022432701894317,0,0.5084830339321357,0.006239763742703963,4012,4008,paper_width
Mouse,POLYIC_20190531_polyic_m__E3_P1,x,3,3.1999998807907124,2,0.3392323030907278,0,0.33532934131736525,-0.0039029617733625788,4012,4008,paper_width
Mouse,POLYIC_20190531_polyic_m__E3_P1,x,4,3.1999998807907124,0,0.26046859421734797,1,0.2564870259481038,-0.003981568269244173,4012,4008,paper_width
Mouse,POLYIC_20190531_polyic_m__E3_P1,x,5,3.1999998807907124,4,0.21360917248255235,4,0.2088323353293413,-0.004776837153211033,4012,4008,paper_width
Mouse,POLYIC_20190531_polyic_m__E3_P1,x,6,3.1999998807907124,2,0.1702392821535394,0,0.1724051896207585,0.0021659074672190914,4012,4008,paper_width
Mouse,POLYIC_20190531_polyic_m__E3_P1,x,7,3.1999998807907124,6,0.15628115653040878,4,0.1591816367265469,0.0029004801961381166,4012,4008,paper_width
Mouse,POLYIC_20190531_polyic_m__E3_P1,x,8,3.1999998807907124,0,0.13584247258225324,1,0.14146706586826346,0.005624593286010227,4012,4008,paper_width
Mouse,POLYIC_20190531_polyic_m__E3_P1,y,2,4.999999925494195,0,0.5239073589839373,1,0.5613969207660533,0.03748956178211604,5354,5326,paper_width
Mouse,POLYIC_20190531_polyic_m__E3_P1,y,3,4.999999925494195,2,0.3866268210683601,1,0.3696958317686819,-0.01693098929967818,5354,5326,paper_width
Mouse,POLYIC_20190531_polyic_m__E3_P1,y,4,4.999999925494195,2,0.2803511393350766,3,0.30022530980097634,0.019874170465899732,5354,5326,paper_width
Mouse,POLYIC_20190531_polyic_m__E3_P1,y,5,4.999999925494195,1,0.24785207321628688,2,0.36331205407435224,0.11545998085806536,5354,5326,paper_width
Mouse,POLYIC_20190531_polyic_m__E3_P1,y,6,4.999999925494195,2,0.22039596563317146,1,0.19057453999248966,-0.029821425640681798,5354,5326,paper_width
Mouse,POLYIC_20190531_polyic_m__E3_P1,y,7,4.999999925494195,2,0.15988046320508031,5,0.16503942921517087,0.005158966010090554,5354,5326,paper_width
Mouse,POLYIC_20190531_polyic_m__E3_P1,y,8,4.999999925494195,6,0.14475158759805754,7,0.1992114156965828,0.05445982809852526,5354,5326,paper_width
Mouse,POLYIC_20190531_polyic_m__E3_P1_1,x,2,3.1999998807907124,0,0.5079324462640737,1,0.5046320123520329,-0.0033004339120408233,3908,3886,current_best
Mouse,POLYIC_20190531_polyic_m__E3_P1_1,x,3,3.1999998807907124,2,0.33853633572159675,2,0.3394235717961915,0.0008872360745947327,3908,3886,current_best
Mouse,POLYIC_20190531_polyic_m__E3_P1_1,x,4,3.1999998807907124,0,0.25972364380757423,1,0.26042202779207413,0.0006983839844998951,3908,3886,current_best
Mouse,POLYIC_20190531_polyic_m__E3_P1_1,x,5,3.1999998807907124,1,0.21494370522006143,0,0.2233659289758106,0.008422223755749164,3908,3886,current_best
Mouse,POLYIC_20190531_polyic_m__E3_P1_1,x,6,3.1999998807907124,2,0.18142272262026612,5,0.16984045290787442,-0.011582269712391707,3908,3886,current_best
Mouse,POLYIC_20190531_polyic_m__E3_P1_1,x,7,3.1999998807907124,6,0.1535312180143296,0,0.17627380339680906,0.022742585382479474,3908,3886,current_best
Mouse,POLYIC_20190531_polyic_m__E3_P1_1,x,8,3.1999998807907124,4,0.1379222108495394,1,0.14770972722593928,0.00978751637639988,3908,3886,current_best
Mouse,POLYIC_20190531_polyic_m__E3_P1_1,y,2,4.999999925494195,1,0.5001888217522659,1,0.5567924528301886,0.05660363107792277,5296,5300,current_best
Mouse,POLYIC_20190531_polyic_m__E3_P1_1,y,3,4.999999925494195,1,0.341012084592145,2,0.35132075471698115,0.010308670124836161,5296,5300,current_best
Mouse,POLYIC_20190531_polyic_m__E3_P1_1,y,4,4.999999925494195,2,0.2556646525679758,1,0.3013207547169811,0.045656102149005284,5296,5300,current_best
Mouse,POLYIC_20190531_polyic_m__E3_P1_1,y,5,4.999999925494195,3,0.2252643504531722,2,0.3460377358490566,0.12077338539588442,5296,5300,current_best
Mouse,POLYIC_20190531_polyic_m__E3_P1_1,y,6,4.999999925494195,3,0.17862537764350453,3,0.21566037735849056,0.03703499971498603,5296,5300,current_best
Mouse,POLYIC_20190531_polyic_m__E3_P1_1,y,7,4.999999925494195,6,0.1618202416918429,5,0.16811320754716982,0.006292965855326932,5296,5300,current_best
Mouse,POLYIC_20190531_polyic_m__E3_P1_1,y,8,4.999999925494195,1,0.13991691842900303,1,0.21132075471698114,0.07140383628797811,5296,5300,current_best
Mouse,POLYIC_20190531_polyic_m__E3_P1_1,x,2,3.1999998807907124,0,0.5079324462640737,0,0.514525993883792,0.00659354761971831,3908,3924,paper_width
Mouse,POLYIC_20190531_polyic_m__E3_P1_1,x,3,3.1999998807907124,2,0.33853633572159675,0,0.33588175331294595,-0.0026545824086507963,3908,3924,paper_width
Mouse,POLYIC_20190531_polyic_m__E3_P1_1,x,4,3.1999998807907124,0,0.25972364380757423,0,0.2576452599388379,-0.002078383868736322,3908,3924,paper_width
Mouse,POLYIC_20190531_polyic_m__E3_P1_1,x,5,3.1999998807907124,1,0.21494370522006143,1,0.21636085626911314,0.0014171510490517125,3908,3924,paper_width
Mouse,POLYIC_20190531_polyic_m__E3_P1_1,x,6,3.1999998807907124,2,0.18142272262026612,2,0.1763506625891947,-0.005072060031071413,3908,3924,paper_width
Mouse,POLYIC_20190531_polyic_m__E3_P1_1,x,7,3.1999998807907124,6,0.1535312180143296,0,0.1643730886850153,0.010841870670685705,3908,3924,paper_width
Mouse,POLYIC_20190531_polyic_m__E3_P1_1,x,8,3.1999998807907124,4,0.1379222108495394,1,0.13786952089704382,-5.2689952495577064e-05,3908,3924,paper_width
Mouse,POLYIC_20190531_polyic_m__E3_P1_1,y,2,4.999999925494195,1,0.5001888217522659,1,0.5542372881355933,0.05404846638332739,5296,5310,paper_width
Mouse,POLYIC_20190531_polyic_m__E3_P1_1,y,3,4.999999925494195,1,0.341012084592145,2,0.36271186440677966,0.021699779814634668,5296,5310,paper_width
Mouse,POLYIC_20190531_polyic_m__E3_P1_1,y,4,4.999999925494195,2,0.2556646525679758,1,0.29152542372881357,0.035860771160837746,5296,5310,paper_width
Mouse,POLYIC_20190531_polyic_m__E3_P1_1,y,5,4.999999925494195,3,0.2252643504531722,2,0.3531073446327684,0.1278429941795962,5296,5310,paper_width
Mouse,POLYIC_20190531_polyic_m__E3_P1_1,y,6,4.999999925494195,3,0.17862537764350453,3,0.20470809792843692,0.026082720284932387,5296,5310,paper_width
Mouse,POLYIC_20190531_polyic_m__E3_P1_1,y,7,4.999999925494195,6,0.1618202416918429,5,0.16930320150659134,0.007482959814748447,5296,5310,paper_width
Mouse,POLYIC_20190531_polyic_m__E3_P1_1,y,8,4.999999925494195,1,0.13991691842900303,1,0.21148775894538607,0.07157084051638304,5296,5310,paper_width
Mouse,POLYIC_20190531_polyic_m__E3_P1_10,x,2,3.1999998807907124,1,0.5193778684344722,0,0.5145185939887926,-0.004859274445679573,3922,3926,current_best
Mouse,POLYIC_20190531_polyic_m__E3_P1_10,x,3,3.1999998807907124,2,0.33656297807241203,0,0.34717269485481406,0.010609716782402023,3922,3926,current_best
Mouse,POLYIC_20190531_polyic_m__E3_P1_10,x,4,3.1999998807907124,1,0.26466088730239673,2,0.26897605705552724,0.00431516975313051,3922,3926,current_best
Mouse,POLYIC_20190531_polyic_m__E3_P1_10,x,5,3.1999998807907124,3,0.21137174910759818,1,0.2106469689251146,-0.0007247801824835642,3922,3926,current_best
Mouse,POLYIC_20190531_polyic_m__E3_P1_10,x,6,3.1999998807907124,5,0.17771545130035696,0,0.1805909322465614,0.002875480946204434,3922,3926,current_best
Mouse,POLYIC_20190531_polyic_m__E3_P1_10,x,7,3.1999998807907124,4,0.15655277919428862,4,0.15817626082526745,0.0016234816309788347,3922,3926,current_best
Mouse,POLYIC_20190531_polyic_m__E3_P1_10,x,8,3.1999998807907124,1,0.15451300356960734,1,0.14645950076413652,-0.008053502805470819,3922,3926,current_best
Mouse,POLYIC_20190531_polyic_m__E3_P1_10,y,2,4.999999925494195,1,0.5097498160412067,0,0.5410077234277307,0.03125790738652401,5436,5438,current_best
Mouse,POLYIC_20190531_polyic_m__E3_P1_10,y,3,4.999999925494195,2,0.35356880058866813,2,0.35399043766090477,0.0004216370722366358,5436,5438,current_best
Mouse,POLYIC_20190531_polyic_m__E3_P1_10,y,4,4.999999925494195,3,0.2619573215599706,2,0.2752850312614932,0.013327709701522583,5436,5438,current_best
Mouse,POLYIC_20190531_polyic_m__E3_P1_10,y,5,4.999999925494195,1,0.23252391464311994,0,0.3490253769768297,0.11650146233370978,5436,5438,current_best
Mouse,POLYIC_20190531_polyic_m__E3_P1_10,y,6,4.999999925494195,2,0.18267108167770418,2,0.19124678190511218,0.008575700227408,5436,5438,current_best
Mouse,POLYIC_20190531_polyic_m__E3_P1_10,y,7,4.999999925494195,2,0.16740250183958794,4,0.1575947039352703,-0.009807797904317628,5436,5438,current_best
Mouse,POLYIC_20190531_polyic_m__E3_P1_10,y,8,4.999999925494195,6,0.14643119941133187,2,0.17671938212578153,0.030288182714449663,5436,5438,current_best
Mouse,POLYIC_20190531_polyic_m__E3_P1_10,x,2,3.1999998807907124,1,0.5193778684344722,0,0.5089331291475242,-0.010444739286948002,3922,3918,paper_width
Mouse,POLYIC_20190531_polyic_m__E3_P1_10,x,3,3.1999998807907124,2,0.33656297807241203,0,0.3381827462991322,0.001619768226720164,3922,3918,paper_width
Mouse,POLYIC_20190531_polyic_m__E3_P1_10,x,4,3.1999998807907124,1,0.26466088730239673,2,0.26391015824400205,-0.0007507290583946835,3922,3918,paper_width
Mouse,POLYIC_20190531_polyic_m__E3_P1_10,x,5,3.1999998807907124,3,0.21137174910759818,1,0.20750382848392038,-0.0038679206236778008,3922,3918,paper_width
Mouse,POLYIC_20190531_polyic_m__E3_P1_10,x,6,3.1999998807907124,5,0.17771545130035696,0,0.1725370086778969,-0.005178442622460061,3922,3918,paper_width
Mouse,POLYIC_20190531_polyic_m__E3_P1_10,x,7,3.1999998807907124,4,0.15655277919428862,4,0.1518631955079122,-0.004689583686376425,3922,3918,paper_width
Mouse,POLYIC_20190531_polyic_m__E3_P1_10,x,8,3.1999998807907124,1,0.15451300356960734,6,0.1360387953037264,-0.018474208265880948,3922,3918,paper_width
Mouse,POLYIC_20190531_polyic_m__E3_P1_10,y,2,4.999999925494195,1,0.5097498160412067,0,0.5419593345656192,0.03220951852441245,5436,5410,paper_width
Mouse,POLYIC_20190531_polyic_m__E3_P1_10,y,3,4.999999925494195,2,0.35356880058866813,2,0.34048059149722737,-0.013088209091440761,5436,5410,paper_width
Mouse,POLYIC_20190531_polyic_m__E3_P1_10,y,4,4.999999925494195,3,0.2619573215599706,2,0.28650646950092423,0.02454914794095364,5436,5410,paper_width
Mouse,POLYIC_20190531_polyic_m__E3_P1_10,y,5,4.999999925494195,1,0.23252391464311994,2,0.3563770794824399,0.12385316483931996,5436,5410,paper_width
Mouse,POLYIC_20190531_polyic_m__E3_P1_10,y,6,4.999999925494195,2,0.18267108167770418,4,0.1866913123844732,0.004020230706769018,5436,5410,paper_width
Mouse,POLYIC_20190531_polyic_m__E3_P1_10,y,7,4.999999925494195,2,0.16740250183958794,4,0.1656192236598891,-0.0017832781796988384,5436,5410,paper_width
Mouse,POLYIC_20190531_polyic_m__E3_P1_10,y,8,4.999999925494195,6,0.14643119941133187,2,0.18428835489833642,0.03785715548700455,5436,5410,paper_width
Mouse,POLYIC_20190531_polyic_m__E3_P1_11,x,2,3.1999998807907124,1,0.5098984771573604,1,0.5188295165394402,0.008931039382079842,3940,3930,current_best
Mouse,POLYIC_20190531_polyic_m__E3_P1_11,x,3,3.1999998807907124,2,0.3411167512690355,2,0.34580152671755726,0.00468477544852175,3940,3930,current_best
Mouse,POLYIC_20190531_polyic_m__E3_P1_11,x,4,3.1999998807907124,1,0.25583756345177666,1,0.26692111959287534,0.011083556141098683,3940,3930,current_best
Mouse,POLYIC_20190531_polyic_m__E3_P1_11,x,5,3.1999998807907124,3,0.22538071065989848,2,0.21170483460559797,-0.013675876054300512,3940,3930,current_best
Mouse,POLYIC_20190531_polyic_m__E3_P1_11,x,6,3.1999998807907124,5,0.1736040609137056,3,0.18142493638676846,0.007820875473062872,3940,3930,current_best
Mouse,POLYIC_20190531_polyic_m__E3_P1_11,x,7,3.1999998807907124,4,0.1565989847715736,4,0.16157760814249364,0.004978623370920032,3940,3930,current_best
Mouse,POLYIC_20190531_polyic_m__E3_P1_11,x,8,3.1999998807907124,1,0.13857868020304567,1,0.14910941475826972,0.010530734555224047,3940,3930,current_best
Mouse,POLYIC_20190531_polyic_m__E3_P1_11,y,2,4.999999925494195,0,0.5110560426991994,1,0.538534910339565,0.027478867640365667,5246,5242,current_best
Mouse,POLYIC_20190531_polyic_m__E3_P1_11,y,3,4.999999925494195,1,0.34235608082348457,0,0.377527661198016,0.03517158037453144,5246,5242,current_best
Mouse,POLYIC_20190531_polyic_m__E3_P1_11,y,4,4.999999925494195,2,0.28764773160503243,1,0.2964517359786341,0.008804004373601682,5246,5242,current_best
Mouse,POLYIC_20190531_polyic_m__E3_P1_11,y,5,4.999999925494195,3,0.22683949675943577,3,0.35959557420831745,0.13275607744888168,5246,5242,current_best
Mouse,POLYIC_20190531_polyic_m__E3_P1_11,y,6,4.999999925494195,4,0.189668318719024,3,0.22701259061426937,0.03734427189524536,5246,5242,current_best
Mouse,POLYIC_20190531_polyic_m__E3_P1_11,y,7,4.999999925494195,6,0.16908120472741137,6,0.17111789393361312,0.0020366892062017583,5246,5242,current_best
Mouse,POLYIC_20190531_polyic_m__E3_P1_11,y,8,4.999999925494195,6,0.1479222264582539,1,0.19877909194963755,0.05085686549138366,5246,5242,current_best
Mouse,POLYIC_20190531_polyic_m__E3_P1_11,x,2,3.1999998807907124,1,0.5098984771573604,1,0.5089775561097257,-0.0009209210476346374,3940,4010,paper_width
Mouse,POLYIC_20190531_polyic_m__E3_P1_11,x,3,3.1999998807907124,2,0.3411167512690355,2,0.3508728179551122,0.009756066686076703,3940,4010,paper_width
Mouse,POLYIC_20190531_polyic_m__E3_P1_11,x,4,3.1999998807907124,1,0.25583756345177666,1,0.2638403990024938,0.008002835550717124,3940,4010,paper_width
Mouse,POLYIC_20190531_polyic_m__E3_P1_11,x,5,3.1999998807907124,3,0.22538071065989848,3,0.20947630922693267,-0.015904401432965815,3940,4010,paper_width
Mouse,POLYIC_20190531_polyic_m__E3_P1_11,x,6,3.1999998807907124,5,0.1736040609137056,5,0.17605985037406482,0.0024557894603592367,3940,4010,paper_width
Mouse,POLYIC_20190531_polyic_m__E3_P1_11,x,7,3.1999998807907124,4,0.1565989847715736,3,0.14937655860349128,-0.00722242616808233,3940,4010,paper_width
Mouse,POLYIC_20190531_polyic_m__E3_P1_11,x,8,3.1999998807907124,1,0.13857868020304567,1,0.14962593516209477,0.011047254959049096,3940,4010,paper_width
Mouse,POLYIC_20190531_polyic_m__E3_P1_11,y,2,4.999999925494195,0,0.5110560426991994,1,0.5300535987748851,0.018997556075685762,5246,5224,paper_width
Mouse,POLYIC_20190531_polyic_m__E3_P1_11,y,3,4.999999925494195,1,0.34235608082348457,0,0.3717457886676876,0.029389707844203028,5246,5224,paper_width
Mouse,POLYIC_20190531_polyic_m__E3_P1_11,y,4,4.999999925494195,2,0.28764773160503243,1,0.28924196018376724,0.0015942285787348132,5246,5224,paper_width
Mouse,POLYIC_20190531_polyic_m__E3_P1_11,y,5,4.999999925494195,3,0.22683949675943577,3,0.36542879019908114,0.13858929343964538,5246,5224,paper_width
Mouse,POLYIC_20190531_polyic_m__E3_P1_11,y,6,4.999999925494195,4,0.189668318719024,3,0.21841500765696784,0.028746688937943826,5246,5224,paper_width
Mouse,POLYIC_20190531_polyic_m__E3_P1_11,y,7,4.999999925494195,6,0.16908120472741137,6,0.16462480857580397,-0.004456396151607395,5246,5224,paper_width
Mouse,POLYIC_20190531_polyic_m__E3_P1_11,y,8,4.999999925494195,6,0.1479222264582539,1,0.20099540581929556,0.05307317936104167,5246,5224,paper_width
Mouse,POLYIC_20190531_polyic_m__E3_P1_12,x,2,3.1999998807907124,0,0.5078369905956113,0,0.5080352514256091,0.00019826082999785388,3828,3858,current_best
Mouse,POLYIC_20190531_polyic_m__E3_P1_12,x,3,3.1999998807907124,2,0.35919540229885055,2,0.3665111456713323,0.007315743372481753,3828,3858,current_best
Mouse,POLYIC_20190531_polyic_m__E3_P1_12,x,4,3.1999998807907124,2,0.2664576802507837,2,0.25972006220839816,-0.00673761804238554,3828,3858,current_best
Mouse,POLYIC_20190531_polyic_m__E3_P1_12,x,5,3.1999998807907124,1,0.2283176593521421,1,0.2099533437013997,-0.018364315650742397,3828,3858,current_best
Mouse,POLYIC_20190531_polyic_m__E3_P1_12,x,6,3.1999998807907124,2,0.1896551724137931,2,0.19077242094349403,0.0011172485297009371,3828,3858,current_best
Mouse,POLYIC_20190531_polyic_m__E3_P1_12,x,7,3.1999998807907124,6,0.1669278996865204,0,0.15552099533437014,-0.011406904352150249,3828,3858,current_best
Mouse,POLYIC_20190531_polyic_m__E3_P1_12,x,8,3.1999998807907124,2,0.14237199582027169,0,0.13608087091757387,-0.0062911249026978144,3828,3858,current_best
Mouse,POLYIC_20190531_polyic_m__E3_P1_12,y,2,4.999999925494195,1,0.5143513203214696,1,0.5121858339680122,-0.0021654863534573687,5226,5252,current_best
Mouse,POLYIC_20190531_polyic_m__E3_P1_12,y,3,4.999999925494195,1,0.3383084577114428,0,0.3667174409748667,0.028408983263423893,5226,5252,current_best
Mouse,POLYIC_20190531_polyic_m__E3_P1_12,y,4,4.999999925494195,1,0.26865671641791045,1,0.27494287890327496,0.00628616248536451,5226,5252,current_best
Mouse,POLYIC_20190531_polyic_m__E3_P1_12,y,5,4.999999925494195,3,0.2265595101415997,3,0.34615384615384615,0.11959433601224645,5226,5252,current_best
Mouse,POLYIC_20190531_polyic_m__E3_P1_12,y,6,4.999999925494195,3,0.17661691542288557,3,0.20906321401370906,0.032446298590823486,5226,5252,current_best
Mouse,POLYIC_20190531_polyic_m__E3_P1_12,y,7,4.999999925494195,5,0.16628396479142749,6,0.15936785986290936,-0.00691610492851813,5226,5252,current_best
Mouse,POLYIC_20190531_polyic_m__E3_P1_12,y,8,4.999999925494195,1,0.16111748947569843,1,0.17764661081492764,0.016529121339229208,5226,5252,current_best
Mouse,POLYIC_20190531_polyic_m__E3_P1_12,x,2,3.1999998807907124,0,0.5078369905956113,0,0.5123737373737374,0.0045367467781260995,3828,3960,paper_width
Mouse,POLYIC_20190531_polyic_m__E3_P1_12,x,3,3.1999998807907124,2,0.35919540229885055,1,0.3345959595959596,-0.02459944270289094,3828,3960,paper_width
Mouse,POLYIC_20190531_polyic_m__E3_P1_12,x,4,3.1999998807907124,2,0.2664576802507837,0,0.26237373737373737,-0.0040839428770463315,3828,3960,paper_width
Mouse,POLYIC_20190531_polyic_m__E3_P1_12,x,5,3.1999998807907124,1,0.2283176593521421,1,0.21363636363636362,-0.014681295715778475,3828,3960,paper_width
Mouse,POLYIC_20190531_polyic_m__E3_P1_12,x,6,3.1999998807907124,2,0.1896551724137931,0,0.17752525252525253,-0.012129919888540563,3828,3960,paper_width
Mouse,POLYIC_20190531_polyic_m__E3_P1_12,x,7,3.1999998807907124,6,0.1669278996865204,6,0.1648989898989899,-0.0020289097875304807,3828,3960,paper_width
Mouse,POLYIC_20190531_polyic_m__E3_P1_12,x,8,3.1999998807907124,2,0.14237199582027169,0,0.14292929292929293,0.0005572971090212486,3828,3960,paper_width
Mouse,POLYIC_20190531_polyic_m__E3_P1_12,y,2,4.999999925494195,1,0.5143513203214696,1,0.5144322066084315,8.088628696190092e-05,5226,5266,paper_width
Mouse,POLYIC_20190531_polyic_m__E3_P1_12,y,3,4.999999925494195,1,0.3383084577114428,2,0.36080516521078615,0.02249670749934335,5226,5266,paper_width
Mouse,POLYIC_20190531_polyic_m__E3_P1_12,y,4,4.999999925494195,1,0.26865671641791045,1,0.2747816179263198,0.0061249015084093306,5226,5266,paper_width
Mouse,POLYIC_20190531_polyic_m__E3_P1_12,y,5,4.999999925494195,3,0.2265595101415997,3,0.3412457273072541,0.11468621716565441,5226,5266,paper_width
Mouse,POLYIC_20190531_polyic_m__E3_P1_12,y,6,4.999999925494195,3,0.17661691542288557,3,0.20224078997341435,0.02562387455052878,5226,5266,paper_width
Mouse,POLYIC_20190531_polyic_m__E3_P1_12,y,7,4.999999925494195,5,0.16628396479142749,5,0.16274211925560197,-0.0035418455358255108,5226,5266,paper_width
Mouse,POLYIC_20190531_polyic_m__E3_P1_12,y,8,4.999999925494195,1,0.16111748947569843,1,0.18609950626661603,0.024982016790917605,5226,5266,paper_width
Mouse,POLYIC_20190531_polyic_m__E3_P1_13,x,2,3.1999998807907124,0,0.5105833763551885,0,0.5081674323634507,-0.0024159439917377235,3874,3918,current_best
Mouse,POLYIC_20190531_polyic_m__E3_P1_13,x,3,3.1999998807907124,2,0.3477026329375323,2,0.3588565594691169,0.01115392653158459,3874,3918,current_best
Mouse,POLYIC_20190531_polyic_m__E3_P1_13,x,4,3.1999998807907124,0,0.27284460505937014,0,0.26442062276671774,-0.008423982292652399,3874,3918,current_best
Mouse,POLYIC_20190531_polyic_m__E3_P1_13,x,5,3.1999998807907124,0,0.2080536912751678,0,0.21465033180193976,0.006596640526771974,3874,3918,current_best
Mouse,POLYIC_20190531_polyic_m__E3_P1_13,x,6,3.1999998807907124,2,0.18172431595250388,2,0.1835119959162838,0.0017876799637799312,3874,3918,current_best
Mouse,POLYIC_20190531_polyic_m__E3_P1_13,x,7,3.1999998807907124,0,0.15049044914816728,3,0.15390505359877488,0.0034146044506075945,3874,3918,current_best
Mouse,POLYIC_20190531_polyic_m__E3_P1_13,x,8,3.1999998807907124,4,0.14248838409912234,1,0.14854517611026033,0.006056792011137985,3874,3918,current_best
Mouse,POLYIC_20190531_polyic_m__E3_P1_13,y,2,4.999999925494195,0,0.5110619469026548,1,0.5148787656135194,0.003816818710864589,5424,5444,current_best
Mouse,POLYIC_20190531_polyic_m__E3_P1_13,y,3,4.999999925494195,2,0.33775811209439527,2,0.36370315944158704,0.025945047347191774,5424,5444,current_best
Mouse,POLYIC_20190531_polyic_m__E3_P1_13,y,4,4.999999925494195,2,0.28078908554572274,1,0.27351212343864806,-0.00727696210707468,5424,5444,current_best
Mouse,POLYIC_20190531_polyic_m__E3_P1_13,y,5,4.999999925494195,3,0.22842920353982302,3,0.3453343130051433,0.11690510946532026,5424,5444,current_best
Mouse,POLYIC_20190531_polyic_m__E3_P1_13,y,6,4.999999925494195,2,0.17699115044247787,2,0.19875091844232182,0.021759767999843943,5424,5444,current_best
Mouse,POLYIC_20190531_polyic_m__E3_P1_13,y,7,4.999999925494195,0,0.17699115044247787,0,0.20867009551800147,0.0316789450755236,5424,5444,current_best
Mouse,POLYIC_20190531_polyic_m__E3_P1_13,y,8,4.999999925494195,2,0.16500737463126844,1,0.22024246877296105,0.055235094141692614,5424,5444,current_best
Mouse,POLYIC_20190531_polyic_m__E3_P1_13,x,2,3.1999998807907124,0,0.5105833763551885,0,0.5224974721941354,0.011914095838946981,3874,3956,paper_width
Mouse,POLYIC_20190531_polyic_m__E3_P1_13,x,3,3.1999998807907124,2,0.3477026329375323,2,0.3415065722952477,-0.006196060642284562,3874,3956,paper_width
Mouse,POLYIC_20190531_polyic_m__E3_P1_13,x,4,3.1999998807907124,0,0.27284460505937014,0,0.27098078867542974,-0.0018638163839403976,3874,3956,paper_width
Mouse,POLYIC_20190531_polyic_m__E3_P1_13,x,5,3.1999998807907124,0,0.2080536912751678,0,0.21739130434782608,0.00933761307265829,3874,3956,paper_width
Mouse,POLYIC_20190531_polyic_m__E3_P1_13,x,6,3.1999998807907124,2,0.18172431595250388,2,0.18351870576339738,0.0017943898108934986,3874,3956,paper_width
Mouse,POLYIC_20190531_polyic_m__E3_P1_13,x,7,3.1999998807907124,0,0.15049044914816728,3,0.15495449949443882,0.004464050346271536,3874,3956,paper_width
Mouse,POLYIC_20190531_polyic_m__E3_P1_13,x,8,3.1999998807907124,4,0.14248838409912234,4,0.14737108190091,0.0048826978017876554,3874,3956,paper_width
Mouse,POLYIC_20190531_polyic_m__E3_P1_13,y,2,4.999999925494195,0,0.5110619469026548,1,0.5104933726067746,-0.0005685742958801976,5424,5432,paper_width
Mouse,POLYIC_20190531_polyic_m__E3_P1_13,y,3,4.999999925494195,2,0.33775811209439527,2,0.36561119293078054,0.02785308083638527,5424,5432,paper_width
Mouse,POLYIC_20190531_polyic_m__E3_P1_13,y,4,4.999999925494195,2,0.28078908554572274,2,0.2713549337260677,-0.009434151819655012,5424,5432,paper_width
Mouse,POLYIC_20190531_polyic_m__E3_P1_13,y,5,4.999999925494195,3,0.22842920353982302,3,0.343519882179676,0.11509067863985298,5424,5432,paper_width
Mouse,POLYIC_20190531_polyic_m__E3_P1_13,y,6,4.999999925494195,2,0.17699115044247787,2,0.20139911634756996,0.02440796590509209,5424,5432,paper_width
Mouse,POLYIC_20190531_polyic_m__E3_P1_13,y,7,4.999999925494195,0,0.17699115044247787,0,0.20821060382916054,0.031219453386682666,5424,5432,paper_width
Mouse,POLYIC_20190531_polyic_m__E3_P1_13,y,8,4.999999925494195,2,0.16500737463126844,1,0.211340206185567,0.04633283155429857,5424,5432,paper_width
Mouse,POLYIC_20190531_polyic_m__E3_P1_2,x,2,3.1999998807907124,0,0.5022556390977444,0,0.5054347826086957,0.0031791435109512767,3990,4048,current_best
Mouse,POLYIC_20190531_polyic_m__E3_P1_2,x,3,3.1999998807907124,1,0.34135338345864663,1,0.3619071146245059,0.02055373116585929,3990,4048,current_best
Mouse,POLYIC_20190531_polyic_m__E3_P1_2,x,4,3.1999998807907124,0,0.2578947368421053,2,0.25815217391304346,0.00025743707093817125,3990,4048,current_best
Mouse,POLYIC_20190531_polyic_m__E3_P1_2,x,5,3.1999998807907124,4,0.20551378446115287,3,0.2099802371541502,0.004466452692997336,3990,4048,current_best
Mouse,POLYIC_20190531_polyic_m__E3_P1_2,x,6,3.1999998807907124,2,0.1736842105263158,1,0.18305335968379446,0.009369149157478662,3990,4048,current_best
Mouse,POLYIC_20190531_polyic_m__E3_P1_2,x,7,3.1999998807907124,4,0.1656641604010025,6,0.15686758893280633,-0.00879657146819618,3990,4048,current_best
Mouse,POLYIC_20190531_polyic_m__E3_P1_2,x,8,3.1999998807907124,1,0.13583959899749373,1,0.1400691699604743,0.004229570962980572,3990,4048,current_best
Mouse,POLYIC_20190531_polyic_m__E3_P1_2,y,2,4.999999925494195,1,0.5236051502145923,0,0.5219858156028369,-0.001619334611755452,5592,5640,current_best
Mouse,POLYIC_20190531_polyic_m__E3_P1_2,y,3,4.999999925494195,2,0.3376251788268956,0,0.4097517730496454,0.0721265942227498,5592,5640,current_best
Mouse,POLYIC_20190531_polyic_m__E3_P1_2,y,4,4.999999925494195,3,0.27968526466380544,2,0.2764184397163121,-0.003266824947493363,5592,5640,current_best
Mouse,POLYIC_20190531_polyic_m__E3_P1_2,y,5,4.999999925494195,1,0.23533619456366237,0,0.35301418439716314,0.11767798983350078,5592,5640,current_best
Mouse,POLYIC_20190531_polyic_m__E3_P1_2,y,6,4.999999925494195,1,0.18723175965665237,0,0.21099290780141844,0.02376114814476607,5592,5640,current_best
Mouse,POLYIC_20190531_polyic_m__E3_P1_2,y,7,4.999999925494195,0,0.1680972818311874,2,0.1725177304964539,0.004420448665266502,5592,5640,current_best
Mouse,POLYIC_20190531_polyic_m__E3_P1_2,y,8,4.999999925494195,3,0.155758226037196,4,0.175,0.019241773962803993,5592,5640,current_best
Mouse,POLYIC_20190531_polyic_m__E3_P1_2,x,2,3.1999998807907124,0,0.5022556390977444,0,0.5076354679802956,0.005379828882551174,3990,4060,paper_width
Mouse,POLYIC_20190531_polyic_m__E3_P1_2,x,3,3.1999998807907124,1,0.34135338345864663,0,0.3394088669950739,-0.001944516463572743,3990,4060,paper_width
Mouse,POLYIC_20190531_polyic_m__E3_P1_2,x,4,3.1999998807907124,0,0.2578947368421053,0,0.2642857142857143,0.006390977443609003,3990,4060,paper_width
Mouse,POLYIC_20190531_polyic_m__E3_P1_2,x,5,3.1999998807907124,4,0.20551378446115287,2,0.21009852216748767,0.004584737706334802,3990,4060,paper_width
Mouse,POLYIC_20190531_polyic_m__E3_P1_2,x,6,3.1999998807907124,2,0.1736842105263158,2,0.1706896551724138,-0.002994555353902001,3990,4060,paper_width
Mouse,POLYIC_20190531_polyic_m__E3_P1_2,x,7,3.1999998807907124,4,0.1656641604010025,3,0.16773399014778326,0.0020698297467807436,3990,4060,paper_width
Mouse,POLYIC_20190531_polyic_m__E3_P1_2,x,8,3.1999998807907124,1,0.13583959899749373,4,0.13620689655172413,0.0003672975542304002,3990,4060,paper_width
Mouse,POLYIC_20190531_polyic_m__E3_P1_2,y,2,4.999999925494195,1,0.5236051502145923,0,0.5320398718405126,0.008434721625920294,5592,5618,paper_width
Mouse,POLYIC_20190531_polyic_m__E3_P1_2,y,3,4.999999925494195,2,0.3376251788268956,0,0.37557849768600926,0.03795331885911368,5592,5618,paper_width
Mouse,POLYIC_20190531_polyic_m__E3_P1_2,y,4,4.999999925494195,3,0.27968526466380544,0,0.271626913492346,-0.008058351171459421,5592,5618,paper_width
Mouse,POLYIC_20190531_polyic_m__E3_P1_2,y,5,4.999999925494195,1,0.23533619456366237,3,0.33659665361338553,0.10126045904972317,5592,5618,paper_width
Mouse,POLYIC_20190531_polyic_m__E3_P1_2,y,6,4.999999925494195,1,0.18723175965665237,0,0.1977572089711641,0.010525449314511742,5592,5618,paper_width
Mouse,POLYIC_20190531_polyic_m__E3_P1_2,y,7,4.999999925494195,0,0.1680972818311874,2,0.16162335350658597,-0.006473928324601447,5592,5618,paper_width
Mouse,POLYIC_20190531_polyic_m__E3_P1_2,y,8,4.999999925494195,3,0.155758226037196,4,0.19206123175507298,0.03630300571787698,5592,5618,paper_width
Mouse,POLYIC_20190531_polyic_m__E3_P1_3,x,2,3.1999998807907124,0,0.503227408142999,0,0.5084367245657568,0.005209316422757793,4028,4030,current_best
Mouse,POLYIC_20190531_polyic_m__E3_P1_3,x,3,3.1999998807907124,2,0.3361469712015889,0,0.34739454094292804,0.01124756974133917,4028,4030,current_best
Mouse,POLYIC_20190531_polyic_m__E3_P1_3,x,4,3.1999998807907124,0,0.2557100297914598,2,0.2642679900744417,0.008557960282981891,4028,4030,current_best
Mouse,POLYIC_20190531_polyic_m__E3_P1_3,x,5,3.1999998807907124,2,0.21027805362462762,2,0.21240694789081885,0.002128894266191228,4028,4030,current_best
Mouse,POLYIC_20190531_polyic_m__E3_P1_3,x,6,3.1999998807907124,2,0.17254220456802383,2,0.18014888337468982,0.00760667880666599,4028,4030,current_best
Mouse,POLYIC_20190531_polyic_m__E3_P1_3,x,7,3.1999998807907124,2,0.15615690168818272,1,0.15657568238213398,0.00041878069395126505,4028,4030,current_best
Mouse,POLYIC_20190531_polyic_m__E3_P1_3,x,8,3.1999998807907124,4,0.1355511420059583,6,0.14491315136476426,0.009362009358805962,4028,4030,current_best
Mouse,POLYIC_20190531_polyic_m__E3_P1_3,y,2,4.999999925494195,0,0.5130450987700336,1,0.5070921985815603,-0.005952900188473276,5366,5358,current_best
Mouse,POLYIC_20190531_polyic_m__E3_P1_3,y,3,4.999999925494195,2,0.3529631010063362,2,0.34621127286300857,-0.006751828143327643,5366,5358,current_best
Mouse,POLYIC_20190531_polyic_m__E3_P1_3,y,4,4.999999925494195,2,0.26071561684681327,3,0.2726763717805151,0.011960754933701856,5366,5358,current_best
Mouse,POLYIC_20190531_polyic_m__E3_P1_3,y,5,4.999999925494195,1,0.21561684681326873,2,0.36039567002612916,0.14477882321286042,5366,5358,current_best
Mouse,POLYIC_20190531_polyic_m__E3_P1_3,y,6,4.999999925494195,2,0.18468132687290348,5,0.18365061590145576,-0.001030710971447718,5366,5358,current_best
Mouse,POLYIC_20190531_polyic_m__E3_P1_3,y,7,4.999999925494195,0,0.15747297800969065,0,0.18047779022023144,0.023004812210540793,5366,5358,current_best
Mouse,POLYIC_20190531_polyic_m__E3_P1_3,y,8,4.999999925494195,2,0.13753261274692508,7,0.14109742441209405,0.0035648116651689765,5366,5358,current_best
Mouse,POLYIC_20190531_polyic_m__E3_P1_3,x,2,3.1999998807907124,0,0.503227408142999,1,0.5026829268292683,-0.0005444813137307492,4028,4100,paper_width
Mouse,POLYIC_20190531_polyic_m__E3_P1_3,x,3,3.1999998807907124,2,0.3361469712015889,0,0.3463414634146341,0.010194492213045248,4028,4100,paper_width
Mouse,POLYIC_20190531_polyic_m__E3_P1_3,x,4,3.1999998807907124,0,0.2557100297914598,3,0.2582926829268293,0.0025826531353694837,4028,4100,paper_width
Mouse,POLYIC_20190531_polyic_m__E3_P1_3,x,5,3.1999998807907124,2,0.21027805362462762,2,0.20634146341463414,-0.003936590209993485,4028,4100,paper_width
Mouse,POLYIC_20190531_polyic_m__E3_P1_3,x,6,3.1999998807907124,2,0.17254220456802383,0,0.17902439024390243,0.0064821856758786045,4028,4100,paper_width
Mouse,POLYIC_20190531_polyic_m__E3_P1_3,x,7,3.1999998807907124,2,0.15615690168818272,3,0.15560975609756098,-0.0005471455906217448,4028,4100,paper_width
Mouse,POLYIC_20190531_polyic_m__E3_P1_3,x,8,3.1999998807907124,4,0.1355511420059583,3,0.14560975609756097,0.010058614091602663,4028,4100,paper_width
Mouse,POLYIC_20190531_polyic_m__E3_P1_3,y,2,4.999999925494195,0,0.5130450987700336,0,0.5074321813452248,-0.005612917424808739,5366,5382,paper_width
Mouse,POLYIC_20190531_polyic_m__E3_P1_3,y,3,4.999999925494195,2,0.3529631010063362,2,0.3534002229654404,0.00043712195910416973,5366,5382,paper_width
Mouse,POLYIC_20190531_polyic_m__E3_P1_3,y,4,4.999999925494195,2,0.26071561684681327,0,0.26291341508732813,0.002197798240514859,5366,5382,paper_width
Mouse,POLYIC_20190531_polyic_m__E3_P1_3,y,5,4.999999925494195,1,0.21561684681326873,2,0.35618729096989965,0.14057044415663092,5366,5382,paper_width
Mouse,POLYIC_20190531_polyic_m__E3_P1_3,y,6,4.999999925494195,2,0.18468132687290348,4,0.1902638424377555,0.005582515564852009,5366,5382,paper_width
Mouse,POLYIC_20190531_polyic_m__E3_P1_3,y,7,4.999999925494195,0,0.15747297800969065,0,0.17744332961724266,0.019970351607552006,5366,5382,paper_width
Mouse,POLYIC_20190531_polyic_m__E3_P1_3,y,8,4.999999925494195,2,0.13753261274692508,4,0.1451133407655147,0.007580728018589611,5366,5382,paper_width
Mouse,POLYIC_20190531_polyic_m__E3_P1_4,x,2,3.1999998807907124,1,0.5054095826893354,0,0.5198878123406425,0.014478229651307073,3882,3922,current_best
Mouse,POLYIC_20190531_polyic_m__E3_P1_4,x,3,3.1999998807907124,2,0.3369397217928903,2,0.34982151963284036,0.012881797839950082,3882,3922,current_best
Mouse,POLYIC_20190531_polyic_m__E3_P1_4,x,4,3.1999998807907124,3,0.25579598145285937,2,0.27307496175420704,0.01727898030134767,3882,3922,current_best
Mouse,POLYIC_20190531_polyic_m__E3_P1_4,x,5,3.1999998807907124,3,0.21973209685729006,3,0.21341152473227945,-0.0063205721250106095,3882,3922,current_best
Mouse,POLYIC_20190531_polyic_m__E3_P1_4,x,6,3.1999998807907124,1,0.17877382792375066,2,0.18663946965833758,0.007865641734586926,3882,3922,current_best
Mouse,POLYIC_20190531_polyic_m__E3_P1_4,x,7,3.1999998807907124,6,0.15224111282843894,1,0.15884752677205508,0.006606413943616135,3882,3922,current_best
Mouse,POLYIC_20190531_polyic_m__E3_P1_4,x,8,3.1999998807907124,5,0.13730036063884596,6,0.14278429372768994,0.005483933088843984,3882,3922,current_best
Mouse,POLYIC_20190531_polyic_m__E3_P1_4,y,2,4.999999925494195,0,0.5138248847926268,0,0.5512093726379441,0.03738448784531734,5208,5292,current_best
Mouse,POLYIC_20190531_polyic_m__E3_P1_4,y,3,4.999999925494195,0,0.35599078341013823,1,0.3603552532123961,0.004364469802257853,5208,5292,current_best
Mouse,POLYIC_20190531_polyic_m__E3_P1_4,y,4,4.999999925494195,0,0.2588325652841782,0,0.27569916855631144,0.01686660327213324,5208,5292,current_best
Mouse,POLYIC_20190531_polyic_m__E3_P1_4,y,5,4.999999925494195,3,0.22407834101382487,0,0.34996220710506426,0.1258838660912394,5208,5292,current_best
Mouse,POLYIC_20190531_polyic_m__E3_P1_4,y,6,4.999999925494195,0,0.18740399385560677,4,0.19765684051398338,0.010252846658376613,5208,5292,current_best
Mouse,POLYIC_20190531_polyic_m__E3_P1_4,y,7,4.999999925494195,6,0.17857142857142858,5,0.15721844293272866,-0.021352985638699917,5208,5292,current_best
Mouse,POLYIC_20190531_polyic_m__E3_P1_4,y,8,4.999999925494195,0,0.16378648233486942,6,0.16477702191987906,0.0009905395850096366,5208,5292,current_best
Mouse,POLYIC_20190531_polyic_m__E3_P1_4,x,2,3.1999998807907124,1,0.5054095826893354,1,0.5037726358148893,-0.0016369468744461546,3882,3976,paper_width
Mouse,POLYIC_20190531_polyic_m__E3_P1_4,x,3,3.1999998807907124,2,0.3369397217928903,0,0.3455734406438632,0.008633718850972916,3882,3976,paper_width
Mouse,POLYIC_20190531_polyic_m__E3_P1_4,x,4,3.1999998807907124,3,0.25579598145285937,1,0.2580482897384306,0.002252308285571214,3882,3976,paper_width
Mouse,POLYIC_20190531_polyic_m__E3_P1_4,x,5,3.1999998807907124,3,0.21973209685729006,3,0.21453722334004025,-0.005194873517249815,3882,3976,paper_width
Mouse,POLYIC_20190531_polyic_m__E3_P1_4,x,6,3.1999998807907124,1,0.17877382792375066,0,0.18435613682092555,0.005582308897174898,3882,3976,paper_width
Mouse,POLYIC_20190531_polyic_m__E3_P1_4,x,7,3.1999998807907124,6,0.15224111282843894,0,0.1612173038229376,0.008976190994498673,3882,3976,paper_width
Mouse,POLYIC_20190531_polyic_m__E3_P1_4,x,8,3.1999998807907124,5,0.13730036063884596,4,0.1398390342052314,0.00253867356638543,3882,3976,paper_width
Mouse,POLYIC_20190531_polyic_m__E3_P1_4,y,2,4.999999925494195,0,0.5138248847926268,0,0.5375622844001533,0.02373739960752652,5208,5218,paper_width
Mouse,POLYIC_20190531_polyic_m__E3_P1_4,y,3,4.999999925494195,0,0.35599078341013823,1,0.3729398236872365,0.01694904027709826,5208,5218,paper_width
Mouse,POLYIC_20190531_polyic_m__E3_P1_4,y,4,4.999999925494195,0,0.2588325652841782,2,0.2798006899195094,0.02096812463533121,5208,5218,paper_width
Mouse,POLYIC_20190531_polyic_m__E3_P1_4,y,5,4.999999925494195,3,0.22407834101382487,3,0.3403602912993484,0.11628195028552354,5208,5218,paper_width
Mouse,POLYIC_20190531_polyic_m__E3_P1_4,y,6,4.999999925494195,0,0.18740399385560677,4,0.18857799923342278,0.0011740053778160064,5208,5218,paper_width
Mouse,POLYIC_20190531_polyic_m__E3_P1_4,y,7,4.999999925494195,6,0.17857142857142858,6,0.16404752778842469,-0.01452390078300389,5208,5218,paper_width
Mouse,POLYIC_20190531_polyic_m__E3_P1_4,y,8,4.999999925494195,0,0.16378648233486942,6,0.1697968570333461,0.006010374698476678,5208,5218,paper_width
Mouse,POLYIC_20190531_polyic_m__E3_P1_5,x,2,3.1999998807907124,0,0.5074626865671642,0,0.5028118609406953,-0.004650825626468902,3886,3912,current_best
Mouse,POLYIC_20190531_polyic_m__E3_P1_5,x,3,3.1999998807907124,0,0.34071024189397836,1,0.34381390593047034,0.003103664036491982,3886,3912,current_best
Mouse,POLYIC_20190531_polyic_m__E3_P1_5,x,4,3.1999998807907124,0,0.26479670612454964,1,0.26559304703476483,0.0007963409102151875,3886,3912,current_best
Mouse,POLYIC_20190531_polyic_m__E3_P1_5,x,5,3.1999998807907124,1,0.20972722593926918,1,0.20833333333333334,-0.001393892605935837,3886,3912,current_best
Mouse,POLYIC_20190531_polyic_m__E3_P1_5,x,6,3.1999998807907124,0,0.1770458054554812,4,0.17612474437627812,-0.0009210610792030893,3886,3912,current_best
Mouse,POLYIC_20190531_polyic_m__E3_P1_5,x,7,3.1999998807907124,1,0.15208440555841482,5,0.1554192229038855,0.0033348173454706698,3886,3912,current_best
Mouse,POLYIC_20190531_polyic_m__E3_P1_5,x,8,3.1999998807907124,5,0.13612969634585692,5,0.1362474437627812,0.00011774741692427426,3886,3912,current_best
Mouse,POLYIC_20190531_polyic_m__E3_P1_5,y,2,4.999999925494195,0,0.5187861271676301,0,0.5225306416726748,0.0037445145050447604,5536,5548,current_best
Mouse,POLYIC_20190531_polyic_m__E3_P1_5,y,3,4.999999925494195,1,0.375,0,0.37707281903388606,0.002072819033886064,5536,5548,current_best
Mouse,POLYIC_20190531_polyic_m__E3_P1_5,y,4,4.999999925494195,2,0.2714956647398844,0,0.26946647440519106,-0.0020291903346933426,5536,5548,current_best
Mouse,POLYIC_20190531_polyic_m__E3_P1_5,y,5,4.999999925494195,3,0.22597543352601157,3,0.36824080749819754,0.14226537397218597,5536,5548,current_best
Mouse,POLYIC_20190531_polyic_m__E3_P1_5,y,6,4.999999925494195,4,0.20429913294797689,3,0.19736842105263158,-0.006930711895345304,5536,5548,current_best
Mouse,POLYIC_20190531_polyic_m__E3_P1_5,y,7,4.999999925494195,3,0.17521676300578035,2,0.18673395818312905,0.011517195177348699,5536,5548,current_best
Mouse,POLYIC_20190531_polyic_m__E3_P1_5,y,8,4.999999925494195,6,0.14920520231213874,4,0.1793439077144917,0.030138705402352972,5536,5548,current_best
Mouse,POLYIC_20190531_polyic_m__E3_P1_5,x,2,3.1999998807907124,0,0.5074626865671642,0,0.5027679919476598,-0.004694694619504447,3886,3974,paper_width
Mouse,POLYIC_20190531_polyic_m__E3_P1_5,x,3,3.1999998807907124,0,0.34071024189397836,0,0.3492702566683442,0.008560014774365854,3886,3974,paper_width
Mouse,POLYIC_20190531_polyic_m__E3_P1_5,x,4,3.1999998807907124,0,0.26479670612454964,1,0.25817815802717664,-0.006618548097373,3886,3974,paper_width
Mouse,POLYIC_20190531_polyic_m__E3_P1_5,x,5,3.1999998807907124,1,0.20972722593926918,1,0.2086059386009059,-0.0011212873383632804,3886,3974,paper_width
Mouse,POLYIC_20190531_polyic_m__E3_P1_5,x,6,3.1999998807907124,0,0.1770458054554812,0,0.17564167086059387,-0.0014041345948873352,3886,3974,paper_width
Mouse,POLYIC_20190531_polyic_m__E3_P1_5,x,7,3.1999998807907124,1,0.15208440555841482,6,0.1540010065425264,0.0019166009841115883,3886,3974,paper_width
Mouse,POLYIC_20190531_polyic_m__E3_P1_5,x,8,3.1999998807907124,5,0.13612969634585692,5,0.13236034222445897,-0.00376935412139795,3886,3974,paper_width
Mouse,POLYIC_20190531_polyic_m__E3_P1_5,y,2,4.999999925494195,0,0.5187861271676301,0,0.5196821957385338,0.0008960685709037408,5536,5538,paper_width
Mouse,POLYIC_20190531_polyic_m__E3_P1_5,y,3,4.999999925494195,1,0.375,0,0.3557240881184543,-0.019275911881545704,5536,5538,paper_width
Mouse,POLYIC_20190531_polyic_m__E3_P1_5,y,4,4.999999925494195,2,0.2714956647398844,0,0.26724449259660527,-0.004251172143279136,5536,5538,paper_width
Mouse,POLYIC_20190531_polyic_m__E3_P1_5,y,5,4.999999925494195,3,0.22597543352601157,3,0.36096063560852293,0.13498520208251136,5536,5538,paper_width
Mouse,POLYIC_20190531_polyic_m__E3_P1_5,y,6,4.999999925494195,4,0.20429913294797689,4,0.19411339833875046,-0.010185734609226421,5536,5538,paper_width
Mouse,POLYIC_20190531_polyic_m__E3_P1_5,y,7,4.999999925494195,3,0.17521676300578035,0,0.1847237269772481,0.009506963971467747,5536,5538,paper_width
Mouse,POLYIC_20190531_polyic_m__E3_P1_5,y,8,4.999999925494195,6,0.14920520231213874,4,0.17262549656915854,0.023420294257019802,5536,5538,paper_width
Mouse,POLYIC_20190531_polyic_m__E3_P1_6,x,2,3.1999998807907124,1,0.5158610271903323,0,0.5022900763358779,-0.013570950854454478,3972,3930,current_best
Mouse,POLYIC_20190531_polyic_m__E3_P1_6,x,3,3.1999998807907124,1,0.3406344410876133,0,0.3486005089058524,0.007966067818239109,3972,3930,current_best
Mouse,POLYIC_20190531_polyic_m__E3_P1_6,x,4,3.1999998807907124,3,0.26560926485397784,3,0.2633587786259542,-0.0022504862280236515,3972,3930,current_best
Mouse,POLYIC_20190531_polyic_m__E3_P1_6,x,5,3.1999998807907124,3,0.21676737160120846,2,0.2178117048346056,0.0010443332333971433,3972,3930,current_best
Mouse,POLYIC_20190531_polyic_m__E3_P1_6,x,6,3.1999998807907124,1,0.18126888217522658,3,0.17455470737913487,-0.00671417479609171,3972,3930,current_best
Mouse,POLYIC_20190531_polyic_m__E3_P1_6,x,7,3.1999998807907124,0,0.15055387713997986,0,0.15419847328244274,0.0036445961424628748,3972,3930,current_best
Mouse,POLYIC_20190531_polyic_m__E3_P1_6,x,8,3.1999998807907124,3,0.1351963746223565,3,0.14045801526717558,0.005261640644819071,3972,3930,current_best
Mouse,POLYIC_20190531_polyic_m__E3_P1_6,y,2,4.999999925494195,0,0.5073394495412844,0,0.5670256219829187,0.05968617244163432,5450,5386,current_best
Mouse,POLYIC_20190531_polyic_m__E3_P1_6,y,3,4.999999925494195,2,0.35376146788990825,0,0.3679910880059413,0.01422962011603307,5450,5386,current_best
Mouse,POLYIC_20190531_polyic_m__E3_P1_6,y,4,4.999999925494195,2,0.275045871559633,0,0.2952098031934645,0.02016393163383151,5450,5386,current_best
Mouse,POLYIC_20190531_polyic_m__E3_P1_6,y,5,4.999999925494195,3,0.2111926605504587,2,0.3445971036019309,0.1334044430514722,5450,5386,current_best
Mouse,POLYIC_20190531_polyic_m__E3_P1_6,y,6,4.999999925494195,2,0.18972477064220183,2,0.2070181953212031,0.017293424679001274,5450,5386,current_best
Mouse,POLYIC_20190531_polyic_m__E3_P1_6,y,7,4.999999925494195,0,0.16862385321100917,5,0.16134422577051616,-0.007279627440493014,5450,5386,current_best
Mouse,POLYIC_20190531_polyic_m__E3_P1_6,y,8,4.999999925494195,3,0.14825688073394497,4,0.17675454883030078,0.028497668096355816,5450,5386,current_best
Mouse,POLYIC_20190531_polyic_m__E3_P1_6,x,2,3.1999998807907124,1,0.5158610271903323,1,0.5248493975903614,0.008988370400029089,3972,3984,paper_width
Mouse,POLYIC_20190531_polyic_m__E3_P1_6,x,3,3.1999998807907124,1,0.3406344410876133,0,0.3446285140562249,0.003994072968611595,3972,3984,paper_width
Mouse,POLYIC_20190531_polyic_m__E3_P1_6,x,4,3.1999998807907124,3,0.26560926485397784,3,0.2735943775100402,0.007985112656062332,3972,3984,paper_width
Mouse,POLYIC_20190531_polyic_m__E3_P1_6,x,5,3.1999998807907124,3,0.21676737160120846,2,0.21460843373493976,-0.0021589378662686953,3972,3984,paper_width
Mouse,POLYIC_20190531_polyic_m__E3_P1_6,x,6,3.1999998807907124,1,0.18126888217522658,1,0.18624497991967873,0.0049760977444521515,3972,3984,paper_width
Mouse,POLYIC_20190531_polyic_m__E3_P1_6,x,7,3.1999998807907124,0,0.15055387713997986,1,0.15135542168674698,0.000801544546767119,3972,3984,paper_width
Mouse,POLYIC_20190531_polyic_m__E3_P1_6,x,8,3.1999998807907124,3,0.1351963746223565,3,0.1438253012048193,0.008628926582462781,3972,3984,paper_width
Mouse,POLYIC_20190531_polyic_m__E3_P1_6,y,2,4.999999925494195,0,0.5073394495412844,0,0.5567758749069248,0.04943642536564041,5450,5372,paper_width
Mouse,POLYIC_20190531_polyic_m__E3_P1_6,y,3,4.999999925494195,2,0.35376146788990825,0,0.37211466865227105,0.018353200762362798,5450,5372,paper_width
Mouse,POLYIC_20190531_polyic_m__E3_P1_6,y,4,4.999999925494195,2,0.275045871559633,0,0.2870439314966493,0.011998059937016303,5450,5372,paper_width
Mouse,POLYIC_20190531_polyic_m__E3_P1_6,y,5,4.999999925494195,3,0.2111926605504587,2,0.33655994043186893,0.12536727988141022,5450,5372,paper_width
Mouse,POLYIC_20190531_polyic_m__E3_P1_6,y,6,4.999999925494195,2,0.18972477064220183,2,0.19471332836932242,0.0049885577271205905,5450,5372,paper_width
Mouse,POLYIC_20190531_polyic_m__E3_P1_6,y,7,4.999999925494195,0,0.16862385321100917,0,0.15878629932985852,-0.009837553881150651,5450,5372,paper_width
Mouse,POLYIC_20190531_polyic_m__E3_P1_6,y,8,4.999999925494195,3,0.14825688073394497,4,0.1723752792256143,0.02411839849166933,5450,5372,paper_width
Mouse,POLYIC_20190531_polyic_m__E3_P1_7,x,2,3.1999998807907124,0,0.5070316423907584,1,0.5083375442142496,0.0013059018234912179,3982,3958,current_best
Mouse,POLYIC_20190531_polyic_m__E3_P1_7,x,3,3.1999998807907124,1,0.35233550979407335,1,0.3461344113188479,-0.0062010984752254306,3982,3958,current_best
Mouse,POLYIC_20190531_polyic_m__E3_P1_7,x,4,3.1999998807907124,0,0.2614264188849824,3,0.2713491662455786,0.009922747360596174,3982,3958,current_best
Mouse,POLYIC_20190531_polyic_m__E3_P1_7,x,5,3.1999998807907124,0,0.22174786539427424,0,0.20692268822637697,-0.014825177167897274,3982,3958,current_best
Mouse,POLYIC_20190531_polyic_m__E3_P1_7,x,6,3.1999998807907124,4,0.1860873932697137,5,0.19605861546235473,0.009971222192641016,3982,3958,current_best
Mouse,POLYIC_20190531_polyic_m__E3_P1_7,x,7,3.1999998807907124,6,0.15067805123053743,6,0.16472966144517434,0.014051610214636912,3982,3958,current_best
Mouse,POLYIC_20190531_polyic_m__E3_P1_7,x,8,3.1999998807907124,0,0.13636363636363635,3,0.14325416877210712,0.006890532408470762,3982,3958,current_best
Mouse,POLYIC_20190531_polyic_m__E3_P1_7,y,2,4.999999925494195,0,0.511333585190782,0,0.5030143180105501,-0.008319267180231904,5294,5308,current_best
Mouse,POLYIC_20190531_polyic_m__E3_P1_7,y,3,4.999999925494195,0,0.3486966377030601,0,0.40184626978146193,0.05314963207840184,5294,5308,current_best
Mouse,POLYIC_20190531_polyic_m__E3_P1_7,y,4,4.999999925494195,2,0.2612391386475255,1,0.28183873398643555,0.020599595338910037,5294,5308,current_best
Mouse,POLYIC_20190531_polyic_m__E3_P1_7,y,5,4.999999925494195,3,0.2162825840574235,2,0.3553127354935946,0.1390301514361711,5294,5308,current_best
Mouse,POLYIC_20190531_polyic_m__E3_P1_7,y,6,4.999999925494195,2,0.18511522478277295,3,0.2394498869630746,0.05433466218030164,5294,5308,current_best
Mouse,POLYIC_20190531_polyic_m__E3_P1_7,y,7,4.999999925494195,6,0.17151492255383452,2,0.1691785983421251,-0.0023363242117094285,5294,5308,current_best
Mouse,POLYIC_20190531_polyic_m__E3_P1_7,y,8,4.999999925494195,0,0.13808084624102757,1,0.1699321778447626,0.031851331603735045,5294,5308,current_best
Mouse,POLYIC_20190531_polyic_m__E3_P1_7,x,2,3.1999998807907124,0,0.5070316423907584,0,0.5123517786561265,0.005320136265368092,3982,4048,paper_width
Mouse,POLYIC_20190531_polyic_m__E3_P1_7,x,3,3.1999998807907124,1,0.35233550979407335,2,0.34634387351778656,-0.005991636276286794,3982,4048,paper_width
Mouse,POLYIC_20190531_polyic_m__E3_P1_7,x,4,3.1999998807907124,0,0.2614264188849824,0,0.2648221343873518,0.0033957155023693897,3982,4048,paper_width
Mouse,POLYIC_20190531_polyic_m__E3_P1_7,x,5,3.1999998807907124,0,0.22174786539427424,4,0.2099802371541502,-0.011767628240124034,3982,4048,paper_width
Mouse,POLYIC_20190531_polyic_m__E3_P1_7,x,6,3.1999998807907124,4,0.1860873932697137,4,0.17860671936758893,-0.007480673902124785,3982,4048,paper_width
Mouse,POLYIC_20190531_polyic_m__E3_P1_7,x,7,3.1999998807907124,6,0.15067805123053743,6,0.15711462450592886,0.006436573275391433,3982,4048,paper_width
Mouse,POLYIC_20190531_polyic_m__E3_P1_7,x,8,3.1999998807907124,0,0.13636363636363635,1,0.13784584980237155,0.001482213438735197,3982,4048,paper_width
Mouse,POLYIC_20190531_polyic_m__E3_P1_7,y,2,4.999999925494195,0,0.511333585190782,0,0.5049354593773728,-0.00639812581340915,5294,5268,paper_width
Mouse,POLYIC_20190531_polyic_m__E3_P1_7,y,3,4.999999925494195,0,0.3486966377030601,0,0.3931283219438117,0.04443168424075161,5294,5268,paper_width
Mouse,POLYIC_20190531_polyic_m__E3_P1_7,y,4,4.999999925494195,2,0.2612391386475255,0,0.27638572513287774,0.01514658648535222,5294,5268,paper_width
Mouse,POLYIC_20190531_polyic_m__E3_P1_7,y,5,4.999999925494195,3,0.2162825840574235,2,0.35876993166287013,0.14248734760544662,5294,5268,paper_width
Mouse,POLYIC_20190531_polyic_m__E3_P1_7,y,6,4.999999925494195,2,0.18511522478277295,3,0.22722095671981776,0.04210573193704481,5294,5268,paper_width
Mouse,POLYIC_20190531_polyic_m__E3_P1_7,y,7,4.999999925494195,6,0.17151492255383452,5,0.1662870159453303,-0.005227906608504224,5294,5268,paper_width
Mouse,POLYIC_20190531_polyic_m__E3_P1_7,y,8,4.999999925494195,0,0.13808084624102757,1,0.16666666666666666,0.02858582042563909,5294,5268,paper_width
Mouse,POLYIC_20190531_polyic_m__E3_P1_8,x,2,3.1999998807907124,1,0.5015690376569037,1,0.5005175983436853,-0.001051439313218494,3824,3864,current_best
Mouse,POLYIC_20190531_polyic_m__E3_P1_8,x,3,3.1999998807907124,1,0.34989539748953974,0,0.3434265010351967,-0.006468896454343065,3824,3864,current_best
Mouse,POLYIC_20190531_polyic_m__E3_P1_8,x,4,3.1999998807907124,3,0.2549686192468619,2,0.26268115942028986,0.007712540173427929,3824,3864,current_best
Mouse,POLYIC_20190531_polyic_m__E3_P1_8,x,5,3.1999998807907124,0,0.20894351464435146,1,0.20678053830227744,-0.002162976342074019,3824,3864,current_best
Mouse,POLYIC_20190531_polyic_m__E3_P1_8,x,6,3.1999998807907124,4,0.1846234309623431,4,0.17960662525879917,-0.005016805703543931,3824,3864,current_best
Mouse,POLYIC_20190531_polyic_m__E3_P1_8,x,7,3.1999998807907124,4,0.15298117154811716,5,0.1581262939958592,0.00514512244774204,3824,3864,current_best
Mouse,POLYIC_20190531_polyic_m__E3_P1_8,x,8,3.1999998807907124,1,0.13127615062761505,2,0.1337991718426501,0.0025230212150350595,3824,3864,current_best
Mouse,POLYIC_20190531_polyic_m__E3_P1_8,y,2,4.999999925494195,1,0.5205893464299207,0,0.5448405253283302,0.024251178898409442,5294,5330,current_best
Mouse,POLYIC_20190531_polyic_m__E3_P1_8,y,3,4.999999925494195,2,0.37117491499811106,1,0.3677298311444653,-0.0034450838536457806,5294,5330,current_best
Mouse,POLYIC_20190531_polyic_m__E3_P1_8,y,4,4.999999925494195,1,0.2788061956932376,0,0.3067542213883677,0.027948025695130108,5294,5330,current_best
Mouse,POLYIC_20190531_polyic_m__E3_P1_8,y,5,4.999999925494195,4,0.24348318851530035,3,0.36153846153846153,0.11805527302316118,5294,5330,current_best
Mouse,POLYIC_20190531_polyic_m__E3_P1_8,y,6,4.999999925494195,5,0.21609369097091047,4,0.24296435272045028,0.02687066174953981,5294,5330,current_best
Mouse,POLYIC_20190531_polyic_m__E3_P1_8,y,7,4.999999925494195,5,0.18945976577257273,4,0.199812382739212,0.010352616966639278,5294,5330,current_best
Mouse,POLYIC_20190531_polyic_m__E3_P1_8,y,8,4.999999925494195,1,0.1752927842840952,4,0.17654784240150093,0.0012550581174057274,5294,5330,current_best
Mouse,POLYIC_20190531_polyic_m__E3_P1_8,x,2,3.1999998807907124,1,0.5015690376569037,1,0.5175348117586385,0.01596577410173472,3824,3878,paper_width
Mouse,POLYIC_20190531_polyic_m__E3_P1_8,x,3,3.1999998807907124,1,0.34989539748953974,0,0.34682826199071687,-0.0030671354988228705,3824,3878,paper_width
Mouse,POLYIC_20190531_polyic_m__E3_P1_8,x,4,3.1999998807907124,3,0.2549686192468619,3,0.2591542031975245,0.004185583950662597,3824,3878,paper_width
Mouse,POLYIC_20190531_polyic_m__E3_P1_8,x,5,3.1999998807907124,0,0.20894351464435146,2,0.22073233625580196,0.011788821611450506,3824,3878,paper_width
Mouse,POLYIC_20190531_polyic_m__E3_P1_8,x,6,3.1999998807907124,4,0.1846234309623431,3,0.1735430634347602,-0.011080367527582902,3824,3878,paper_width
Mouse,POLYIC_20190531_polyic_m__E3_P1_8,x,7,3.1999998807907124,4,0.15298117154811716,4,0.15626611655492523,0.0032849450068080654,3824,3878,paper_width
Mouse,POLYIC_20190531_polyic_m__E3_P1_8,x,8,3.1999998807907124,1,0.13127615062761505,1,0.14388860237235687,0.01261245174474182,3824,3878,paper_width
Mouse,POLYIC_20190531_polyic_m__E3_P1_8,y,2,4.999999925494195,1,0.5205893464299207,0,0.5548642533936652,0.03427490696374447,5294,5304,paper_width
Mouse,POLYIC_20190531_polyic_m__E3_P1_8,y,3,4.999999925494195,2,0.37117491499811106,1,0.3627450980392157,-0.008429816958895386,5294,5304,paper_width
Mouse,POLYIC_20190531_polyic_m__E3_P1_8,y,4,4.999999925494195,1,0.2788061956932376,0,0.29638009049773756,0.017573894804499945,5294,5304,paper_width
Mouse,POLYIC_20190531_polyic_m__E3_P1_8,y,5,4.999999925494195,4,0.24348318851530035,3,0.35991704374057315,0.1164338552252728,5294,5304,paper_width
Mouse,POLYIC_20190531_polyic_m__E3_P1_8,y,6,4.999999925494195,5,0.21609369097091047,4,0.2313348416289593,0.015241150658048819,5294,5304,paper_width
Mouse,POLYIC_20190531_polyic_m__E3_P1_8,y,7,4.999999925494195,5,0.18945976577257273,4,0.18815987933634992,-0.001299886436222808,5294,5304,paper_width
Mouse,POLYIC_20190531_polyic_m__E3_P1_8,y,8,4.999999925494195,1,0.1752927842840952,4,0.17647058823529413,0.0011778039511989302,5294,5304,paper_width
Mouse,POLYIC_20190531_polyic_m__E3_P1_9,x,2,3.1999998807907124,0,0.5100603621730382,1,0.512086827824371,0.0020264656513327983,3976,4054,current_best
Mouse,POLYIC_20190531_polyic_m__E3_P1_9,x,3,3.1999998807907124,0,0.3460764587525151,1,0.34731129748396644,0.0012348387314513598,3976,4054,current_best
Mouse,POLYIC_20190531_polyic_m__E3_P1_9,x,4,3.1999998807907124,2,0.2620724346076459,3,0.259990133201776,-0.002082301405869902,3976,4054,current_best
Mouse,POLYIC_20190531_polyic_m__E3_P1_9,x,5,3.1999998807907124,0,0.20573440643863178,0,0.20769610261470153,0.001961696176069755,3976,4054,current_best
Mouse,POLYIC_20190531_polyic_m__E3_P1_9,x,6,3.1999998807907124,3,0.17706237424547283,1,0.1820424272323631,0.0049800529868902765,3976,4054,current_best
Mouse,POLYIC_20190531_polyic_m__E3_P1_9,x,7,3.1999998807907124,0,0.1511569416498994,4,0.15416872224963,0.00301178059973059,3976,4054,current_best
Mouse,POLYIC_20190531_polyic_m__E3_P1_9,x,8,3.1999998807907124,2,0.13329979879275655,3,0.13320177602368033,-9.802276907622254e-05,3976,4054,current_best
Mouse,POLYIC_20190531_polyic_m__E3_P1_9,y,2,4.999999925494195,1,0.5290676416819012,0,0.5125136017410229,-0.01655403994087834,5470,5514,current_best
Mouse,POLYIC_20190531_polyic_m__E3_P1_9,y,3,4.999999925494195,2,0.34552102376599636,2,0.3534639100471527,0.007942886281156358,5470,5514,current_best
Mouse,POLYIC_20190531_polyic_m__E3_P1_9,y,4,4.999999925494195,1,0.2817184643510055,0,0.27548059484947407,-0.0062378695015314345,5470,5514,current_best
Mouse,POLYIC_20190531_polyic_m__E3_P1_9,y,5,4.999999925494195,1,0.21809872029250457,2,0.35310119695321,0.13500247666070544,5470,5514,current_best
Mouse,POLYIC_20190531_polyic_m__E3_P1_9,y,6,4.999999925494195,5,0.18775137111517368,2,0.19423286180631122,0.0064814906911375425,5470,5514,current_best
Mouse,POLYIC_20190531_polyic_m__E3_P1_9,y,7,4.999999925494195,6,0.17824497257769653,6,0.1893362350380849,0.011091262460388357,5470,5514,current_best
Mouse,POLYIC_20190531_polyic_m__E3_P1_9,y,8,4.999999925494195,1,0.16526508226691042,1,0.20366340224882118,0.03839831998191076,5470,5514,current_best
Mouse,POLYIC_20190531_polyic_m__E3_P1_9,x,2,3.1999998807907124,0,0.5100603621730382,1,0.503173828125,-0.006886534048038184,3976,4096,paper_width
Mouse,POLYIC_20190531_polyic_m__E3_P1_9,x,3,3.1999998807907124,0,0.3460764587525151,0,0.341796875,-0.0042795837525150815,3976,4096,paper_width
Mouse,POLYIC_20190531_polyic_m__E3_P1_9,x,4,3.1999998807907124,2,0.2620724346076459,3,0.269775390625,0.007702956017354101,3976,4096,paper_width
Mouse,POLYIC_20190531_polyic_m__E3_P1_9,x,5,3.1999998807907124,0,0.20573440643863178,1,0.208984375,0.0032499685613682217,3976,4096,paper_width
Mouse,POLYIC_20190531_polyic_m__E3_P1_9,x,6,3.1999998807907124,3,0.17706237424547283,2,0.176025390625,-0.001036983620472831,3976,4096,paper_width
Mouse,POLYIC_20190531_polyic_m__E3_P1_9,x,7,3.1999998807907124,0,0.1511569416498994,3,0.1513671875,0.00021024585010059882,3976,4096,paper_width
Mouse,POLYIC_20190531_polyic_m__E3_P1_9,x,8,3.1999998807907124,2,0.13329979879275655,6,0.13720703125,0.003907232457243448,3976,4096,paper_width
Mouse,POLYIC_20190531_polyic_m__E3_P1_9,y,2,4.999999925494195,1,0.5290676416819012,0,0.5355975299673084,0.006529888285407126,5470,5506,paper_width
Mouse,POLYIC_20190531_polyic_m__E3_P1_9,y,3,4.999999925494195,2,0.34552102376599636,2,0.3499818379949146,0.004460814228918253,5470,5506,paper_width
Mouse,POLYIC_20190531_polyic_m__E3_P1_9,y,4,4.999999925494195,1,0.2817184643510055,0,0.2882310207046858,0.00651255635368031,5470,5506,paper_width
Mouse,POLYIC_20190531_polyic_m__E3_P1_9,y,5,4.999999925494195,1,0.21809872029250457,2,0.3688703232836905,0.15077160299118594,5470,5506,paper_width
Mouse,POLYIC_20190531_polyic_m__E3_P1_9,y,6,4.999999925494195,5,0.18775137111517368,2,0.2015982564475118,0.013846885332338132,5470,5506,paper_width
Mouse,POLYIC_20190531_polyic_m__E3_P1_9,y,7,4.999999925494195,6,0.17824497257769653,6,0.1787141300399564,0.0004691574622598671,5470,5506,paper_width
Mouse,POLYIC_20190531_polyic_m__E3_P1_9,y,8,4.999999925494195,1,0.16526508226691042,4,0.185978932074101,0.02071384980719057,5470,5506,paper_width
Mouse,POLYIC_20190531_polyic_m__E5_P1_11,x,2,3.1999998807907124,0,0.5007285089849441,1,0.511181332036947,0.010452823052002902,4118,4114,current_best
Mouse,POLYIC_20190531_polyic_m__E5_P1_11,x,3,3.1999998807907124,1,0.3411850412821758,2,0.34297520661157027,0.0017901653293944664,4118,4114,current_best
Mouse,POLYIC_20190531_polyic_m__E5_P1_11,x,4,3.1999998807907124,0,0.26372025254978143,1,0.256198347107438,-0.007521905442343435,4118,4114,current_best
Mouse,POLYIC_20190531_polyic_m__E5_P1_11,x,5,3.1999998807907124,1,0.21345313258863527,1,0.2075838599902771,-0.005869272598358177,4118,4114,current_best
Mouse,POLYIC_20190531_polyic_m__E5_P1_11,x,6,3.1999998807907124,4,0.1804273919378339,5,0.1762275157997083,-0.004199876138125586,4118,4114,current_best
Mouse,POLYIC_20190531_polyic_m__E5_P1_11,x,7,3.1999998807907124,2,0.14764448761534726,1,0.1587263004375304,0.011081812822183124,4118,4114,current_best
Mouse,POLYIC_20190531_polyic_m__E5_P1_11,x,8,3.1999998807907124,5,0.14133074307916466,3,0.13709285367039378,-0.004237889408770873,4118,4114,current_best
Mouse,POLYIC_20190531_polyic_m__E5_P1_11,y,2,4.999999925494195,0,0.5095799557848194,1,0.5081877729257642,-0.00139218285905518,5428,5496,current_best
Mouse,POLYIC_20190531_polyic_m__E5_P1_11,y,3,4.999999925494195,1,0.3496683861459101,1,0.35953420669577874,0.00986582054986862,5428,5496,current_best
Mouse,POLYIC_20190531_polyic_m__E5_P1_11,y,4,4.999999925494195,2,0.25957995578481946,1,0.28074963609898107,0.02116968031416161,5428,5496,current_best
Mouse,POLYIC_20190531_polyic_m__E5_P1_11,y,5,4.999999925494195,0,0.21573323507737657,2,0.3398835516739447,0.12415031659656811,5428,5496,current_best
Mouse,POLYIC_20190531_polyic_m__E5_P1_11,y,6,4.999999925494195,0,0.18625644804716285,1,0.18631732168850074,6.087364133788853e-05,5428,5496,current_best
Mouse,POLYIC_20190531_polyic_m__E5_P1_11,y,7,4.999999925494195,6,0.18533529845246868,6,0.1750363901018923,-0.010298908350576397,5428,5496,current_best
Mouse,POLYIC_20190531_polyic_m__E5_P1_11,y,8,4.999999925494195,1,0.13872512896094324,1,0.18577147016011644,0.0470463411991732,5428,5496,current_best
Mouse,POLYIC_20190531_polyic_m__E5_P1_11,x,2,3.1999998807907124,0,0.5007285089849441,1,0.514975845410628,0.014247336425683876,4118,4140,paper_width
Mouse,POLYIC_20190531_polyic_m__E5_P1_11,x,3,3.1999998807907124,1,0.3411850412821758,0,0.34251207729468597,0.0013270360125101632,4118,4140,paper_width
Mouse,POLYIC_20190531_polyic_m__E5_P1_11,x,4,3.1999998807907124,0,0.26372025254978143,3,0.2635265700483092,-0.00019368250147222543,4118,4140,paper_width
Mouse,POLYIC_20190531_polyic_m__E5_P1_11,x,5,3.1999998807907124,1,0.21345313258863527,2,0.20772946859903382,-0.005723663989601446,4118,4140,paper_width
Mouse,POLYIC_20190531_polyic_m__E5_P1_11,x,6,3.1999998807907124,4,0.1804273919378339,3,0.178743961352657,-0.0016834305851768927,4118,4140,paper_width
Mouse,POLYIC_20190531_polyic_m__E5_P1_11,x,7,3.1999998807907124,2,0.14764448761534726,2,0.15531400966183576,0.007669522046488492,4118,4140,paper_width
Mouse,POLYIC_20190531_polyic_m__E5_P1_11,x,8,3.1999998807907124,5,0.14133074307916466,3,0.1427536231884058,0.0014228801092411314,4118,4140,paper_width
Mouse,POLYIC_20190531_polyic_m__E5_P1_11,y,2,4.999999925494195,0,0.5095799557848194,0,0.5034965034965035,-0.00608345228831586,5428,5434,paper_width
Mouse,POLYIC_20190531_polyic_m__E5_P1_11,y,3,4.999999925494195,1,0.3496683861459101,1,0.3535149061464851,0.0038465200005750044,5428,5434,paper_width
Mouse,POLYIC_20190531_polyic_m__E5_P1_11,y,4,4.999999925494195,2,0.25957995578481946,1,0.2749355907250644,0.015355634940244944,5428,5434,paper_width
Mouse,POLYIC_20190531_polyic_m__E5_P1_11,y,5,4.999999925494195,0,0.21573323507737657,0,0.34136915715863086,0.1256359220812543,5428,5434,paper_width
Mouse,POLYIC_20190531_polyic_m__E5_P1_11,y,6,4.999999925494195,0,0.18625644804716285,2,0.18844313581155686,0.002186687764394013,5428,5434,paper_width
Mouse,POLYIC_20190531_polyic_m__E5_P1_11,y,7,4.999999925494195,6,0.18533529845246868,6,0.1832903938167096,-0.0020449046357590706,5428,5434,paper_width
Mouse,POLYIC_20190531_polyic_m__E5_P1_11,y,8,4.999999925494195,1,0.13872512896094324,1,0.18089804931910194,0.0421729203581587,5428,5434,paper_width
Mouse,POLYIC_20190612_polyic___E10_P1_1,x,2,3.1999998807907124,1,0.5062562562562563,0,0.5062065541211519,-4.970213510435695e-05,3996,4028,current_best
Mouse,POLYIC_20190612_polyic___E10_P1_1,x,3,3.1999998807907124,0,0.33933933933933935,1,0.3426017874875869,0.0032624481482475542,3996,4028,current_best
Mouse,POLYIC_20190612_polyic___E10_P1_1,x,4,3.1999998807907124,0,0.262012012012012,2,0.2576961271102284,-0.00431588490178364,3996,4028,current_best
Mouse,POLYIC_20190612_polyic___E10_P1_1,x,5,3.1999998807907124,4,0.22372372372372373,3,0.21896722939424032,-0.004756494329483413,3996,4028,current_best
Mouse,POLYIC_20190612_polyic___E10_P1_1,x,6,3.1999998807907124,3,0.17617617617617617,4,0.1807348560079444,0.00455867983176822,3996,4028,current_best
Mouse,POLYIC_20190612_polyic___E10_P1_1,x,7,3.1999998807907124,3,0.15340340340340342,6,0.15317775571002978,-0.00022564769337363177,3996,4028,current_best
Mouse,POLYIC_20190612_polyic___E10_P1_1,x,8,3.1999998807907124,0,0.13963963963963963,1,0.13629592850049652,-0.003343711139143113,3996,4028,current_best
Mouse,POLYIC_20190612_polyic___E10_P1_1,y,2,4.999999925494195,1,0.507415647015202,0,0.5804851157662624,0.07306946875106035,5394,5442,current_best
Mouse,POLYIC_20190612_polyic___E10_P1_1,y,3,4.999999925494195,2,0.3485354097144976,0,0.3504226387357589,0.0018872290212613163,5394,5442,current_best
Mouse,POLYIC_20190612_polyic___E10_P1_1,y,4,4.999999925494195,2,0.25695216907675195,0,0.3033811098860713,0.04642894080931936,5394,5442,current_best
Mouse,POLYIC_20190612_polyic___E10_P1_1,y,5,4.999999925494195,1,0.2278457545420838,0,0.3634693127526645,0.13562355821058067,5394,5442,current_best
Mouse,POLYIC_20190612_polyic___E10_P1_1,y,6,4.999999925494195,1,0.19577308120133483,0,0.21646453509739066,0.02069145389605584,5394,5442,current_best
Mouse,POLYIC_20190612_polyic___E10_P1_1,y,7,4.999999925494195,3,0.1692621431219874,1,0.15692760014700477,-0.012334542974982626,5394,5442,current_best
Mouse,POLYIC_20190612_polyic___E10_P1_1,y,8,4.999999925494195,6,0.14015572858731926,4,0.20801176038221242,0.06785603179489316,5394,5442,current_best
Mouse,POLYIC_20190612_polyic___E10_P1_1,x,2,3.1999998807907124,1,0.5062562562562563,0,0.5027308838133069,-0.0035253724429493705,3996,4028,paper_width
Mouse,POLYIC_20190612_polyic___E10_P1_1,x,3,3.1999998807907124,0,0.33933933933933935,1,0.3383813306852036,-0.0009580086541357558,3996,4028,paper_width
Mouse,POLYIC_20190612_polyic___E10_P1_1,x,4,3.1999998807907124,0,0.262012012012012,2,0.26514399205561073,0.0031319800435987144,3996,4028,paper_width
Mouse,POLYIC_20190612_polyic___E10_P1_1,x,5,3.1999998807907124,4,0.22372372372372373,4,0.21400198609731877,-0.009721737626404964,3996,4028,paper_width
Mouse,POLYIC_20190612_polyic___E10_P1_1,x,6,3.1999998807907124,3,0.17617617617617617,4,0.17899702085402186,0.0028208446778456853,3996,4028,paper_width
Mouse,POLYIC_20190612_polyic___E10_P1_1,x,7,3.1999998807907124,3,0.15340340340340342,6,0.1551638530287984,0.001760449625394983,3996,4028,paper_width
Mouse,POLYIC_20190612_polyic___E10_P1_1,x,8,3.1999998807907124,0,0.13963963963963963,6,0.13927507447864945,-0.0003645651609901768,3996,4028,paper_width
Mouse,POLYIC_20190612_polyic___E10_P1_1,y,2,4.999999925494195,1,0.507415647015202,0,0.5692737430167598,0.06185809600155778,5394,5370,paper_width
Mouse,POLYIC_20190612_polyic___E10_P1_1,y,3,4.999999925494195,2,0.3485354097144976,0,0.3437616387337058,-0.004773770980791792,5394,5370,paper_width
Mouse,POLYIC_20190612_polyic___E10_P1_1,y,4,4.999999925494195,2,0.25695216907675195,0,0.2990689013035382,0.042116732226786247,5394,5370,paper_width
Mouse,POLYIC_20190612_polyic___E10_P1_1,y,5,4.999999925494195,1,0.2278457545420838,0,0.3484171322160149,0.12057137767393108,5394,5370,paper_width
Mouse,POLYIC_20190612_polyic___E10_P1_1,y,6,4.999999925494195,1,0.19577308120133483,0,0.20782122905027933,0.012048147848944507,5394,5370,paper_width
Mouse,POLYIC_20190612_polyic___E10_P1_1,y,7,4.999999925494195,3,0.1692621431219874,1,0.16387337057728119,-0.005388772544706211,5394,5370,paper_width
Mouse,POLYIC_20190612_polyic___E10_P1_1,y,8,4.999999925494195,6,0.14015572858731926,4,0.21396648044692737,0.07381075185960811,5394,5370,paper_width
Mouse,POLYIC_20190612_polyic___E12_P1,x,2,3.1999998807907124,0,0.5002565418163161,0,0.5108531044926805,0.01059656267636444,3898,3962,current_best
Mouse,POLYIC_20190612_polyic___E12_P1,x,3,3.1999998807907124,0,0.35146228835300153,2,0.3404846037354871,-0.010977684617514416,3898,3962,current_best
Mouse,POLYIC_20190612_polyic___E12_P1,x,4,3.1999998807907124,2,0.25705489994869163,2,0.26148409893992935,0.004429198991237726,3898,3962,current_best
Mouse,POLYIC_20190612_polyic___E12_P1,x,5,3.1999998807907124,4,0.2047203694202155,3,0.2132761231701161,0.008555753749900613,3898,3962,current_best
Mouse,POLYIC_20190612_polyic___E12_P1,x,6,3.1999998807907124,3,0.18086198050282196,4,0.1812216052498738,0.0003596247470518399,3898,3962,current_best
Mouse,POLYIC_20190612_polyic___E12_P1,x,7,3.1999998807907124,5,0.15700359158542843,3,0.1607773851590106,0.0037737935735821793,3898,3962,current_best
Mouse,POLYIC_20190612_polyic___E12_P1,x,8,3.1999998807907124,1,0.13648024628014366,1,0.1408379606259465,0.004357714345802843,3898,3962,current_best
Mouse,POLYIC_20190612_polyic___E12_P1,y,2,4.999999925494195,0,0.5229021619640895,1,0.5440962099125365,0.021194047948447037,5458,5488,current_best
Mouse,POLYIC_20190612_polyic___E12_P1,y,3,4.999999925494195,0,0.3525100769512642,2,0.35276967930029157,0.000259602349027388,5458,5488,current_best
Mouse,POLYIC_20190612_polyic___E12_P1,y,4,4.999999925494195,0,0.2790399413704654,1,0.27223032069970843,-0.006809620670756966,5458,5488,current_best
Mouse,POLYIC_20190612_polyic___E12_P1,y,5,4.999999925494195,1,0.22224257969952363,0,0.34894314868804666,0.12670056898852303,5458,5488,current_best
Mouse,POLYIC_20190612_polyic___E12_P1,y,6,4.999999925494195,0,0.20245511176255038,5,0.2000728862973761,-0.002382225465174276,5458,5488,current_best
Mouse,POLYIC_20190612_polyic___E12_P1,y,7,4.999999925494195,5,0.1656284353242946,0,0.16253644314868804,-0.0030919921756065727,5458,5488,current_best
Mouse,POLYIC_20190612_polyic___E12_P1,y,8,4.999999925494195,0,0.15665078783437156,1,0.19952623906705538,0.042875451232683826,5458,5488,current_best
Mouse,POLYIC_20190612_polyic___E12_P1,x,2,3.1999998807907124,0,0.5002565418163161,0,0.5049850448654037,0.004728503049087673,3898,4012,paper_width
Mouse,POLYIC_20190612_polyic___E12_P1,x,3,3.1999998807907124,0,0.35146228835300153,0,0.3524426719840479,0.0009803836310463554,3898,4012,paper_width
Mouse,POLYIC_20190612_polyic___E12_P1,x,4,3.1999998807907124,2,0.25705489994869163,2,0.25398803589232305,-0.003066864056368579,3898,4012,paper_width
Mouse,POLYIC_20190612_polyic___E12_P1,x,5,3.1999998807907124,4,0.2047203694202155,3,0.21560319042871387,0.010882821008498383,3898,4012,paper_width
Mouse,POLYIC_20190612_polyic___E12_P1,x,6,3.1999998807907124,3,0.18086198050282196,3,0.1864406779661017,0.0055786974632797415,3898,4012,paper_width
Mouse,POLYIC_20190612_polyic___E12_P1,x,7,3.1999998807907124,5,0.15700359158542843,4,0.15453639082751744,-0.0024672007579109867,3898,4012,paper_width
Mouse,POLYIC_20190612_polyic___E12_P1,x,8,3.1999998807907124,1,0.13648024628014366,1,0.13783649052841476,0.0013562442482711046,3898,4012,paper_width
Mouse,POLYIC_20190612_polyic___E12_P1,y,2,4.999999925494195,0,0.5229021619640895,1,0.5423048869438366,0.019402724979747155,5458,5484,paper_width
Mouse,POLYIC_20190612_polyic___E12_P1,y,3,4.999999925494195,0,0.3525100769512642,2,0.34719183078045224,-0.005318246170811947,5458,5484,paper_width
Mouse,POLYIC_20190612_polyic___E12_P1,y,4,4.999999925494195,0,0.2790399413704654,1,0.2839168490153173,0.00487690764485188,5458,5484,paper_width
Mouse,POLYIC_20190612_polyic___E12_P1,y,5,4.999999925494195,1,0.22224257969952363,2,0.3400802334062728,0.11783765370674917,5458,5484,paper_width
Mouse,POLYIC_20190612_polyic___E12_P1,y,6,4.999999925494195,0,0.20245511176255038,5,0.19073668854850473,-0.011718423214045648,5458,5484,paper_width
Mouse,POLYIC_20190612_polyic___E12_P1,y,7,4.999999925494195,5,0.1656284353242946,0,0.1652078774617068,-0.0004205578625878226,5458,5484,paper_width
Mouse,POLYIC_20190612_polyic___E12_P1,y,8,4.999999925494195,0,0.15665078783437156,1,0.2135302698760029,0.056879482041631346,5458,5484,paper_width
Mouse,POLYIC_20190612_polyic___E3_P1,x,2,3.1999998807907124,1,0.5082914572864322,0,0.5064870259481038,-0.001804431338328416,3980,4008,current_best
Mouse,POLYIC_20190612_polyic___E3_P1,x,3,3.1999998807907124,2,0.335929648241206,1,0.34780439121756485,0.01187474297635882,3980,4008,current_best
Mouse,POLYIC_20190612_polyic___E3_P1,x,4,3.1999998807907124,3,0.26105527638190956,2,0.2781936127744511,0.01713833639254153,3980,4008,current_best
Mouse,POLYIC_20190612_polyic___E3_P1,x,5,3.1999998807907124,4,0.20778894472361809,1,0.21706586826347304,0.009276923539854959,3980,4008,current_best
Mouse,POLYIC_20190612_polyic___E3_P1,x,6,3.1999998807907124,5,0.17386934673366833,4,0.17415169660678642,0.0002823498731180929,3980,4008,current_best
Mouse,POLYIC_20190612_polyic___E3_P1,x,7,3.1999998807907124,2,0.1615577889447236,2,0.1624251497005988,0.0008673607558751795,3980,4008,current_best
Mouse,POLYIC_20190612_polyic___E3_P1,x,8,3.1999998807907124,3,0.13668341708542714,6,0.14820359281437126,0.011520175728944121,3980,4008,current_best
Mouse,POLYIC_20190612_polyic___E3_P1,y,2,4.999999925494195,1,0.5107223476297968,1,0.540460282108389,0.029737934478592187,5316,5388,current_best
Mouse,POLYIC_20190612_polyic___E3_P1,y,3,4.999999925494195,2,0.3686982693754703,1,0.36247216035634744,-0.00622610901912285,5316,5388,current_best
Mouse,POLYIC_20190612_polyic___E3_P1,y,4,4.999999925494195,1,0.26072234762979685,3,0.2720861172976986,0.011363769667901757,5316,5388,current_best
Mouse,POLYIC_20190612_polyic___E3_P1,y,5,4.999999925494195,4,0.21557562076749437,0,0.3585746102449889,0.1429989894774945,5316,5388,current_best
Mouse,POLYIC_20190612_polyic___E3_P1,y,6,4.999999925494195,5,0.1969525959367946,5,0.20193021529324426,0.004977619356449664,5316,5388,current_best
Mouse,POLYIC_20190612_polyic___E3_P1,y,7,4.999999925494195,3,0.16102332580887885,3,0.18596881959910913,0.024945493790230283,5316,5388,current_best
Mouse,POLYIC_20190612_polyic___E3_P1,y,8,4.999999925494195,7,0.145221971407073,7,0.20452858203414997,0.05930661062707698,5316,5388,current_best
Mouse,POLYIC_20190612_polyic___E3_P1,x,2,3.1999998807907124,1,0.5082914572864322,0,0.5101485148514852,0.0018570575650529442,3980,4040,paper_width
Mouse,POLYIC_20190612_polyic___E3_P1,x,3,3.1999998807907124,2,0.335929648241206,0,0.3448019801980198,0.00887233195681375,3980,4040,paper_width
Mouse,POLYIC_20190612_polyic___E3_P1,x,4,3.1999998807907124,3,0.26105527638190956,2,0.2722772277227723,0.011221951340862735,3980,4040,paper_width
Mouse,POLYIC_20190612_polyic___E3_P1,x,5,3.1999998807907124,4,0.20778894472361809,1,0.2094059405940594,0.0016169958704413123,3980,4040,paper_width
Mouse,POLYIC_20190612_polyic___E3_P1,x,6,3.1999998807907124,5,0.17386934673366833,3,0.1792079207920792,0.005338574058410872,3980,4040,paper_width
Mouse,POLYIC_20190612_polyic___E3_P1,x,7,3.1999998807907124,2,0.1615577889447236,2,0.1660891089108911,0.004531319966167485,3980,4040,paper_width
Mouse,POLYIC_20190612_polyic___E3_P1,x,8,3.1999998807907124,3,0.13668341708542714,6,0.1452970297029703,0.008613612617543148,3980,4040,paper_width
Mouse,POLYIC_20190612_polyic___E3_P1,y,2,4.999999925494195,1,0.5107223476297968,1,0.545916447120813,0.03519409949101615,5316,5314,paper_width
Mouse,POLYIC_20190612_polyic___E3_P1,y,3,4.999999925494195,2,0.3686982693754703,1,0.3669552126458412,-0.0017430567296291,5316,5314,paper_width
Mouse,POLYIC_20190612_polyic___E3_P1,y,4,4.999999925494195,1,0.26072234762979685,3,0.2830259691381257,0.022303621508328875,5316,5314,paper_width
Mouse,POLYIC_20190612_polyic___E3_P1,y,5,4.999999925494195,4,0.21557562076749437,0,0.3455024463680843,0.12992682560058993,5316,5314,paper_width
Mouse,POLYIC_20190612_polyic___E3_P1,y,6,4.999999925494195,5,0.1969525959367946,5,0.20775310500564548,0.010800509068850883,5316,5314,paper_width
Mouse,POLYIC_20190612_polyic___E3_P1,y,7,4.999999925494195,3,0.16102332580887885,3,0.1842303349642454,0.023207009155366554,5316,5314,paper_width
Mouse,POLYIC_20190612_polyic___E3_P1,y,8,4.999999925494195,7,0.145221971407073,7,0.2150922092585623,0.0698702378514893,5316,5314,paper_width
Mouse,POLYIC_20190612_polyic___E3_P1_1,x,2,3.1999998807907124,0,0.5053763440860215,0,0.5032861476238625,-0.002090196462159022,3906,3956,current_best
Mouse,POLYIC_20190612_polyic___E3_P1_1,x,3,3.1999998807907124,1,0.3420378904249872,1,0.33998988877654196,-0.0020480016484452634,3906,3956,current_best
Mouse,POLYIC_20190612_polyic___E3_P1_1,x,4,3.1999998807907124,0,0.2721454173067076,2,0.25353892821031343,-0.018606489096394174,3906,3956,current_best
Mouse,POLYIC_20190612_polyic___E3_P1_1,x,5,3.1999998807907124,0,0.2078853046594982,2,0.20879676440849343,0.0009114597489952303,3906,3956,current_best
Mouse,POLYIC_20190612_polyic___E3_P1_1,x,6,3.1999998807907124,2,0.17665130568356374,1,0.17416582406471184,-0.002485481618851898,3906,3956,current_best
Mouse,POLYIC_20190612_polyic___E3_P1_1,x,7,3.1999998807907124,0,0.1538658474142345,6,0.16102123356926187,0.007155386155027366,3906,3956,current_best
Mouse,POLYIC_20190612_polyic___E3_P1_1,x,8,3.1999998807907124,4,0.13645673323092677,2,0.13119312436804853,-0.005263608862878244,3906,3956,current_best
Mouse,POLYIC_20190612_polyic___E3_P1_1,y,2,4.999999925494195,0,0.506632277081798,0,0.5156991602774735,0.009066883195675501,5428,5478,current_best
Mouse,POLYIC_20190612_polyic___E3_P1_1,y,3,4.999999925494195,0,0.34579955784819455,2,0.35669952537422417,0.01089996752602962,5428,5478,current_best
Mouse,POLYIC_20190612_polyic___E3_P1_1,y,4,4.999999925494195,2,0.26160648489314664,2,0.26816356334428626,0.00655707845113962,5428,5478,current_best
Mouse,POLYIC_20190612_polyic___E3_P1_1,y,5,4.999999925494195,3,0.22512896094325718,3,0.3368017524644031,0.1116727915211459,5428,5478,current_best
Mouse,POLYIC_20190612_polyic___E3_P1_1,y,6,4.999999925494195,3,0.183861459100958,2,0.19350127783862722,0.009639818737669226,5428,5478,current_best
Mouse,POLYIC_20190612_polyic___E3_P1_1,y,7,4.999999925494195,1,0.1575165806927045,0,0.17981014968966777,0.022293568996963276,5428,5478,current_best
Mouse,POLYIC_20190612_polyic___E3_P1_1,y,8,4.999999925494195,2,0.1331982313927782,1,0.19058050383351588,0.05738227244073768,5428,5478,current_best
Mouse,POLYIC_20190612_polyic___E3_P1_1,x,2,3.1999998807907124,0,0.5053763440860215,0,0.508362899138368,0.0029865550523464623,3906,3946,paper_width
Mouse,POLYIC_20190612_polyic___E3_P1_1,x,3,3.1999998807907124,1,0.3420378904249872,1,0.35580334515965534,0.013765454734668114,3906,3946,paper_width
Mouse,POLYIC_20190612_polyic___E3_P1_1,x,4,3.1999998807907124,0,0.2721454173067076,0,0.26938672072985304,-0.002758696576854569,3906,3946,paper_width
Mouse,POLYIC_20190612_polyic___E3_P1_1,x,5,3.1999998807907124,0,0.2078853046594982,2,0.21186011150532186,0.0039748068458236585,3906,3946,paper_width
Mouse,POLYIC_20190612_polyic___E3_P1_1,x,6,3.1999998807907124,2,0.17665130568356374,4,0.17916877850988341,0.002517472826319672,3906,3946,paper_width
Mouse,POLYIC_20190612_polyic___E3_P1_1,x,7,3.1999998807907124,0,0.1538658474142345,1,0.1634566649771921,0.009590817562957599,3906,3946,paper_width
Mouse,POLYIC_20190612_polyic___E3_P1_1,x,8,3.1999998807907124,4,0.13645673323092677,1,0.13862138874809934,0.00216465551717257,3906,3946,paper_width
Mouse,POLYIC_20190612_polyic___E3_P1_1,y,2,4.999999925494195,0,0.506632277081798,0,0.5195283714075166,0.012896094325718588,5428,5428,paper_width
Mouse,POLYIC_20190612_polyic___E3_P1_1,y,3,4.999999925494195,0,0.34579955784819455,2,0.34690493736182754,0.001105379513632987,5428,5428,paper_width
Mouse,POLYIC_20190612_polyic___E3_P1_1,y,4,4.999999925494195,2,0.26160648489314664,2,0.26215917464996313,0.0005526897568164935,5428,5428,paper_width
Mouse,POLYIC_20190612_polyic___E3_P1_1,y,5,4.999999925494195,3,0.22512896094325718,0,0.3356669123065586,0.11053795136330141,5428,5428,paper_width
Mouse,POLYIC_20190612_polyic___E3_P1_1,y,6,4.999999925494195,3,0.183861459100958,2,0.18330876934414148,-0.0005526897568165212,5428,5428,paper_width
Mouse,POLYIC_20190612_polyic___E3_P1_1,y,7,4.999999925494195,1,0.1575165806927045,5,0.1812822402358143,0.0237656595431098,5428,5428,paper_width
Mouse,POLYIC_20190612_polyic___E3_P1_1,y,8,4.999999925494195,2,0.1331982313927782,1,0.18220338983050846,0.04900515843773026,5428,5428,paper_width
Mouse,POLYIC_20190612_polyic___E3_P1_2,x,2,3.1999998807907124,1,0.5095311695002576,0,0.5043973098810139,-0.005133859619243619,3882,3866,current_best
Mouse,POLYIC_20190612_polyic___E3_P1_2,x,3,3.1999998807907124,1,0.34028851107676455,2,0.342731505431971,0.0024429943552064515,3882,3866,current_best
Mouse,POLYIC_20190612_polyic___E3_P1_2,x,4,3.1999998807907124,3,0.2691911385883565,2,0.260475944128298,-0.008715194460058528,3882,3866,current_best
Mouse,POLYIC_20190612_polyic___E3_P1_2,x,5,3.1999998807907124,4,0.21432251416795467,3,0.20874288670460425,-0.005579627463350417,3882,3866,current_best
Mouse,POLYIC_20190612_polyic___E3_P1_2,x,6,3.1999998807907124,4,0.1736218444100979,5,0.17640972581479566,0.0027878814046977674,3882,3866,current_best
Mouse,POLYIC_20190612_polyic___E3_P1_2,x,7,3.1999998807907124,6,0.157908294693457,5,0.1645111226073461,0.006602827913889109,3882,3866,current_best
Mouse,POLYIC_20190612_polyic___E3_P1_2,x,8,3.1999998807907124,7,0.13523956723338484,6,0.1347646145887222,-0.0004749526446626573,3882,3866,current_best
Mouse,POLYIC_20190612_polyic___E3_P1_2,y,2,4.999999925494195,1,0.5003765060240963,0,0.537714712471994,0.03733820644789765,5312,5356,current_best
Mouse,POLYIC_20190612_polyic___E3_P1_2,y,3,4.999999925494195,1,0.35033885542168675,1,0.37509335324869303,0.024754497827006283,5312,5356,current_best
Mouse,POLYIC_20190612_polyic___E3_P1_2,y,4,4.999999925494195,2,0.25432981927710846,0,0.28864824495892455,0.03431842568181609,5312,5356,current_best
Mouse,POLYIC_20190612_polyic___E3_P1_2,y,5,4.999999925494195,1,0.24021084337349397,3,0.3427931292008962,0.10258228582740225,5312,5356,current_best
Mouse,POLYIC_20190612_polyic___E3_P1_2,y,6,4.999999925494195,1,0.17789909638554216,4,0.2210604929051531,0.04316139651961093,5312,5356,current_best
Mouse,POLYIC_20190612_polyic___E3_P1_2,y,7,4.999999925494195,0,0.16453313253012047,1,0.15776699029126215,-0.006766142238858325,5312,5356,current_best
Mouse,POLYIC_20190612_polyic___E3_P1_2,y,8,4.999999925494195,3,0.14966114457831325,4,0.20108289768483945,0.05142175310652619,5312,5356,current_best
Mouse,POLYIC_20190612_polyic___E3_P1_2,x,2,3.1999998807907124,1,0.5095311695002576,1,0.5175840978593272,0.008052928359069678,3882,3924,paper_width
Mouse,POLYIC_20190612_polyic___E3_P1_2,x,3,3.1999998807907124,1,0.34028851107676455,0,0.34327217125382264,0.0029836601770580895,3882,3924,paper_width
Mouse,POLYIC_20190612_polyic___E3_P1_2,x,4,3.1999998807907124,3,0.2691911385883565,3,0.273190621814475,0.003999483226118483,3882,3924,paper_width
Mouse,POLYIC_20190612_polyic___E3_P1_2,x,5,3.1999998807907124,4,0.21432251416795467,4,0.21228338430173294,-0.002039129866221734,3882,3924,paper_width
Mouse,POLYIC_20190612_polyic___E3_P1_2,x,6,3.1999998807907124,4,0.1736218444100979,3,0.17940876656472987,0.005786922154631974,3882,3924,paper_width
Mouse,POLYIC_20190612_polyic___E3_P1_2,x,7,3.1999998807907124,6,0.157908294693457,5,0.16539245667686034,0.007484161983403348,3882,3924,paper_width
Mouse,POLYIC_20190612_polyic___E3_P1_2,x,8,3.1999998807907124,7,0.13523956723338484,3,0.13939857288481142,0.004159005651426573,3882,3924,paper_width
Mouse,POLYIC_20190612_polyic___E3_P1_2,y,2,4.999999925494195,1,0.5003765060240963,0,0.5361037984204589,0.03572729239636252,5312,5318,paper_width
Mouse,POLYIC_20190612_polyic___E3_P1_2,y,3,4.999999925494195,1,0.35033885542168675,1,0.36141406543813465,0.0110752100164479,5312,5318,paper_width
Mouse,POLYIC_20190612_polyic___E3_P1_2,y,4,4.999999925494195,2,0.25432981927710846,0,0.29447160586686727,0.04014178658975881,5312,5318,paper_width
Mouse,POLYIC_20190612_polyic___E3_P1_2,y,5,4.999999925494195,1,0.24021084337349397,3,0.33847311019180143,0.09826226681830746,5312,5318,paper_width
Mouse,POLYIC_20190612_polyic___E3_P1_2,y,6,4.999999925494195,1,0.17789909638554216,4,0.21173373448664912,0.033834638101106956,5312,5318,paper_width
Mouse,POLYIC_20190612_polyic___E3_P1_2,y,7,4.999999925494195,0,0.16453313253012047,1,0.17506581421587064,0.010532681685750167,5312,5318,paper_width
Mouse,POLYIC_20190612_polyic___E3_P1_2,y,8,4.999999925494195,3,0.14966114457831325,4,0.214178262504701,0.06451711792638776,5312,5318,paper_width
Mouse,POLYIC_20190612_polyic___E3_P1_3,x,2,3.1999998807907124,0,0.5095508518327311,0,0.5080394190871369,-0.0015114327455941767,3874,3856,current_best
Mouse,POLYIC_20190612_polyic___E3_P1_3,x,3,3.1999998807907124,2,0.3435725348477026,2,0.3516597510373444,0.00808721618964181,3874,3856,current_best
Mouse,POLYIC_20190612_polyic___E3_P1_3,x,4,3.1999998807907124,2,0.2607124419204956,2,0.2595954356846473,-0.0011170062358482613,3874,3856,current_best
Mouse,POLYIC_20190612_polyic___E3_P1_3,x,5,3.1999998807907124,3,0.2106350025813113,1,0.21732365145228216,0.00668864887097087,3874,3856,current_best
Mouse,POLYIC_20190612_polyic___E3_P1_3,x,6,3.1999998807907124,5,0.18172431595250388,5,0.18724066390041494,0.00551634794791106,3874,3856,current_best
Mouse,POLYIC_20190612_polyic___E3_P1_3,x,7,3.1999998807907124,3,0.1590087764584409,3,0.1600103734439834,0.0010015969855425022,3874,3856,current_best
Mouse,POLYIC_20190612_polyic___E3_P1_3,x,8,3.1999998807907124,2,0.14352090862157976,1,0.14393153526970953,0.00041062664812976934,3874,3856,current_best
Mouse,POLYIC_20190612_polyic___E3_P1_3,y,2,4.999999925494195,0,0.5051078320090806,0,0.5405153099327856,0.03540747792370502,5286,5356,current_best
Mouse,POLYIC_20190612_polyic___E3_P1_3,y,3,4.999999925494195,0,0.34808929247067727,0,0.3928304705003734,0.04474117802969613,5286,5356,current_best
Mouse,POLYIC_20190612_polyic___E3_P1_3,y,4,4.999999925494195,2,0.2616345062429058,0,0.28416728902165794,0.022532782778752147,5286,5356,current_best
Mouse,POLYIC_20190612_polyic___E3_P1_3,y,5,4.999999925494195,4,0.2132046916382898,3,0.3554891710231516,0.14228447938486177,5286,5356,current_best
Mouse,POLYIC_20190612_polyic___E3_P1_3,y,6,4.999999925494195,4,0.17896329928111995,4,0.20238984316654218,0.02342654388542223,5286,5356,current_best
Mouse,POLYIC_20190612_polyic___E3_P1_3,y,7,4.999999925494195,3,0.18671963677639047,2,0.1796116504854369,-0.007107986290953577,5286,5356,current_best
Mouse,POLYIC_20190612_polyic___E3_P1_3,y,8,4.999999925494195,6,0.15966704502459325,4,0.19454817027632562,0.03488112525173237,5286,5356,current_best
Mouse,POLYIC_20190612_polyic___E3_P1_3,x,2,3.1999998807907124,0,0.5095508518327311,0,0.5017632241813602,-0.007787627651370865,3874,3970,paper_width
Mouse,POLYIC_20190612_polyic___E3_P1_3,x,3,3.1999998807907124,2,0.3435725348477026,0,0.35340050377833754,0.009827968930634923,3874,3970,paper_width
Mouse,POLYIC_20190612_polyic___E3_P1_3,x,4,3.1999998807907124,2,0.2607124419204956,2,0.2531486146095718,-0.00756382731092381,3874,3970,paper_width
Mouse,POLYIC_20190612_polyic___E3_P1_3,x,5,3.1999998807907124,3,0.2106350025813113,3,0.2093198992443325,-0.0013151033369787901,3874,3970,paper_width
Mouse,POLYIC_20190612_polyic___E3_P1_3,x,6,3.1999998807907124,5,0.18172431595250388,0,0.18463476070528967,0.00291044475278579,3874,3970,paper_width
Mouse,POLYIC_20190612_polyic___E3_P1_3,x,7,3.1999998807907124,3,0.1590087764584409,3,0.15919395465994962,0.00018517820150873443,3874,3970,paper_width
Mouse,POLYIC_20190612_polyic___E3_P1_3,x,8,3.1999998807907124,2,0.14352090862157976,1,0.14005037783375315,-0.003470530787826609,3874,3970,paper_width
Mouse,POLYIC_20190612_polyic___E3_P1_3,y,2,4.999999925494195,0,0.5051078320090806,0,0.5322822822822822,0.027174450273201645,5286,5328,paper_width
Mouse,POLYIC_20190612_polyic___E3_P1_3,y,3,4.999999925494195,0,0.34808929247067727,0,0.3855105105105105,0.037421218039833226,5286,5328,paper_width
Mouse,POLYIC_20190612_polyic___E3_P1_3,y,4,4.999999925494195,2,0.2616345062429058,0,0.27646396396396394,0.014829457721058148,5286,5328,paper_width
Mouse,POLYIC_20190612_polyic___E3_P1_3,y,5,4.999999925494195,4,0.2132046916382898,3,0.34234234234234234,0.12913765070405253,5286,5328,paper_width
Mouse,POLYIC_20190612_polyic___E3_P1_3,y,6,4.999999925494195,4,0.17896329928111995,4,0.19744744744744744,0.018484148166327485,5286,5328,paper_width
Mouse,POLYIC_20190612_polyic___E3_P1_3,y,7,4.999999925494195,3,0.18671963677639047,2,0.16741741741741742,-0.019302219358973055,5286,5328,paper_width
Mouse,POLYIC_20190612_polyic___E3_P1_3,y,8,4.999999925494195,6,0.15966704502459325,4,0.1933183183183183,0.033651273293725054,5286,5328,paper_width
Mouse,POLYIC_20190612_polyic___E3_P1_4,x,2,3.1999998807907124,1,0.5167871900826446,0,0.51171875,-0.005068440082644621,3872,3840,current_best
Mouse,POLYIC_20190612_polyic___E3_P1_4,x,3,3.1999998807907124,1,0.34581611570247933,2,0.34713541666666664,0.0013193009641873088,3872,3840,current_best
Mouse,POLYIC_20190612_polyic___E3_P1_4,x,4,3.1999998807907124,3,0.265754132231405,0,0.26015625,-0.005597882231405005,3872,3840,current_best
Mouse,POLYIC_20190612_polyic___E3_P1_4,x,5,3.1999998807907124,1,0.21074380165289255,1,0.21041666666666667,-0.00032713498622588544,3872,3840,current_best
Mouse,POLYIC_20190612_polyic___E3_P1_4,x,6,3.1999998807907124,3,0.1846590909090909,2,0.17578125,-0.008877840909090912,3872,3840,current_best
Mouse,POLYIC_20190612_polyic___E3_P1_4,x,7,3.1999998807907124,4,0.16451446280991736,4,0.16197916666666667,-0.0025352961432506815,3872,3840,current_best
Mouse,POLYIC_20190612_polyic___E3_P1_4,x,8,3.1999998807907124,7,0.14514462809917356,1,0.13854166666666667,-0.006602961432506882,3872,3840,current_best
Mouse,POLYIC_20190612_polyic___E3_P1_4,y,2,4.999999925494195,1,0.5001888217522659,1,0.5470260223048327,0.04683720055256679,5296,5380,current_best
Mouse,POLYIC_20190612_polyic___E3_P1_4,y,3,4.999999925494195,0,0.35139728096676737,1,0.35055762081784386,-0.0008396601489235045,5296,5380,current_best
Mouse,POLYIC_20190612_polyic___E3_P1_4,y,4,4.999999925494195,2,0.2617069486404834,1,0.287546468401487,0.025839519761003626,5296,5380,current_best
Mouse,POLYIC_20190612_polyic___E3_P1_4,y,5,4.999999925494195,3,0.21695619335347432,2,0.35185873605947954,0.1349025427060052,5296,5380,current_best
Mouse,POLYIC_20190612_polyic___E3_P1_4,y,6,4.999999925494195,0,0.19373111782477342,1,0.20074349442379183,0.007012376599018405,5296,5380,current_best
Mouse,POLYIC_20190612_polyic___E3_P1_4,y,7,4.999999925494195,6,0.16389728096676737,0,0.1737918215613383,0.009894540594570927,5296,5380,current_best
Mouse,POLYIC_20190612_polyic___E3_P1_4,y,8,4.999999925494195,1,0.15351208459214502,1,0.22992565055762082,0.0764135659654758,5296,5380,current_best
Mouse,POLYIC_20190612_polyic___E3_P1_4,x,2,3.1999998807907124,1,0.5167871900826446,0,0.5125255623721882,-0.0042616277104564615,3872,3912,paper_width
Mouse,POLYIC_20190612_polyic___E3_P1_4,x,3,3.1999998807907124,1,0.34581611570247933,1,0.3374233128834356,-0.008392802819043754,3872,3912,paper_width
Mouse,POLYIC_20190612_polyic___E3_P1_4,x,4,3.1999998807907124,3,0.265754132231405,0,0.2714723926380368,0.005718260406631814,3872,3912,paper_width
Mouse,POLYIC_20190612_polyic___E3_P1_4,x,5,3.1999998807907124,1,0.21074380165289255,1,0.20986707566462168,-0.0008767259882708767,3872,3912,paper_width
Mouse,POLYIC_20190612_polyic___E3_P1_4,x,6,3.1999998807907124,3,0.1846590909090909,4,0.18174846625766872,-0.0029106246514221945,3872,3912,paper_width
Mouse,POLYIC_20190612_polyic___E3_P1_4,x,7,3.1999998807907124,4,0.16451446280991736,4,0.16129856850715746,-0.0032158943027598974,3872,3912,paper_width
Mouse,POLYIC_20190612_polyic___E3_P1_4,x,8,3.1999998807907124,7,0.14514462809917356,0,0.14289366053169733,-0.0022509675674762253,3872,3912,paper_width
Mouse,POLYIC_20190612_polyic___E3_P1_4,y,2,4.999999925494195,1,0.5001888217522659,1,0.5310150375939849,0.030826215841719073,5296,5320,paper_width
Mouse,POLYIC_20190612_polyic___E3_P1_4,y,3,4.999999925494195,0,0.35139728096676737,1,0.34981203007518796,-0.001585250891579404,5296,5320,paper_width
Mouse,POLYIC_20190612_polyic___E3_P1_4,y,4,4.999999925494195,2,0.2617069486404834,1,0.2795112781954887,0.017804329555005327,5296,5320,paper_width
Mouse,POLYIC_20190612_polyic___E3_P1_4,y,5,4.999999925494195,3,0.21695619335347432,2,0.3543233082706767,0.13736711491720238,5296,5320,paper_width
Mouse,POLYIC_20190612_polyic___E3_P1_4,y,6,4.999999925494195,0,0.19373111782477342,1,0.2024436090225564,0.008712491197782973,5296,5320,paper_width
Mouse,POLYIC_20190612_polyic___E3_P1_4,y,7,4.999999925494195,6,0.16389728096676737,0,0.18890977443609022,0.025012493469322855,5296,5320,paper_width
Mouse,POLYIC_20190612_polyic___E3_P1_4,y,8,4.999999925494195,1,0.15351208459214502,1,0.2244360902255639,0.07092400563341889,5296,5320,paper_width
Mouse,POLYIC_20190614_polyic___E3_P1,x,2,3.1999998807907124,0,0.5055499495459133,0,0.50075,-0.004799949545913229,3964,4000,current_best
Mouse,POLYIC_20190614_polyic___E3_P1,x,3,3.1999998807907124,0,0.3360242179616549,2,0.3375,0.0014757820383451414,3964,4000,current_best
Mouse,POLYIC_20190614_polyic___E3_P1,x,4,3.1999998807907124,0,0.2626135216952573,3,0.2565,-0.006113521695257307,3964,4000,current_best
Mouse,POLYIC_20190614_polyic___E3_P1,x,5,3.1999998807907124,4,0.21619576185671038,4,0.2195,0.0033042381432896173,3964,4000,current_best
Mouse,POLYIC_20190614_polyic___E3_P1,x,6,3.1999998807907124,1,0.17734611503531786,1,0.17725,-9.611503531786747e-05,3964,4000,current_best
Mouse,POLYIC_20190614_polyic___E3_P1,x,7,3.1999998807907124,6,0.16321897073662966,6,0.1635,0.0002810292633703415,3964,4000,current_best
Mouse,POLYIC_20190614_polyic___E3_P1,x,8,3.1999998807907124,4,0.13420787083753785,3,0.143,0.008792129162462137,3964,4000,current_best
Mouse,POLYIC_20190614_polyic___E3_P1,y,2,4.999999925494195,0,0.5027462467960454,1,0.55468465184105,0.051938405045004576,5462,5486,current_best
Mouse,POLYIC_20190614_polyic___E3_P1,y,3,4.999999925494195,2,0.34328084950567556,2,0.3829748450601531,0.03969399555447756,5462,5486,current_best
Mouse,POLYIC_20190614_polyic___E3_P1,y,4,4.999999925494195,2,0.25851336506774075,1,0.2918337586584032,0.03332039359066247,5462,5486,current_best
Mouse,POLYIC_20190614_polyic___E3_P1,y,5,4.999999925494195,3,0.2255584035151959,3,0.34433102442581115,0.11877262091061525,5462,5486,current_best
Mouse,POLYIC_20190614_polyic___E3_P1,y,6,4.999999925494195,2,0.17777370926400585,3,0.2110827561064528,0.033309046842446954,5462,5486,current_best
Mouse,POLYIC_20190614_polyic___E3_P1,y,7,4.999999925494195,0,0.18454778469425118,0,0.16423623769595333,-0.020311546998297847,5462,5486,current_best
Mouse,POLYIC_20190614_polyic___E3_P1,y,8,4.999999925494195,2,0.1508604906627609,1,0.2010572366022603,0.05019674593949941,5462,5486,current_best
Mouse,POLYIC_20190614_polyic___E3_P1,x,2,3.1999998807907124,0,0.5055499495459133,1,0.5061425061425061,0.0005925565965928525,3964,4070,paper_width
Mouse,POLYIC_20190614_polyic___E3_P1,x,3,3.1999998807907124,0,0.3360242179616549,2,0.33685503685503687,0.0008308188933819904,3964,4070,paper_width
Mouse,POLYIC_20190614_polyic___E3_P1,x,4,3.1999998807907124,0,0.2626135216952573,3,0.2582309582309582,-0.004382563464299105,3964,4070,paper_width
Mouse,POLYIC_20190614_polyic___E3_P1,x,5,3.1999998807907124,4,0.21619576185671038,4,0.228009828009828,0.011814066153117614,3964,4070,paper_width
Mouse,POLYIC_20190614_polyic___E3_P1,x,6,3.1999998807907124,1,0.17734611503531786,1,0.17641277641277642,-0.0009333386225414408,3964,4070,paper_width
Mouse,POLYIC_20190614_polyic___E3_P1,x,7,3.1999998807907124,6,0.16321897073662966,6,0.16437346437346437,0.0011544936368347025,3964,4070,paper_width
Mouse,POLYIC_20190614_polyic___E3_P1,x,8,3.1999998807907124,4,0.13420787083753785,3,0.13808353808353807,0.0038756672460002195,3964,4070,paper_width
Mouse,POLYIC_20190614_polyic___E3_P1,y,2,4.999999925494195,0,0.5027462467960454,1,0.5464181286549707,0.04367188185892534,5462,5472,paper_width
Mouse,POLYIC_20190614_polyic___E3_P1,y,3,4.999999925494195,2,0.34328084950567556,2,0.3795687134502924,0.03628786394461686,5462,5472,paper_width
Mouse,POLYIC_20190614_polyic___E3_P1,y,4,4.999999925494195,2,0.25851336506774075,1,0.2989766081871345,0.040463243119393755,5462,5472,paper_width
Mouse,POLYIC_20190614_polyic___E3_P1,y,5,4.999999925494195,3,0.2255584035151959,3,0.34941520467836257,0.12385680116316666,5462,5472,paper_width
Mouse,POLYIC_20190614_polyic___E3_P1,y,6,4.999999925494195,2,0.17777370926400585,3,0.20394736842105263,0.02617365915704678,5462,5472,paper_width
Mouse,POLYIC_20190614_polyic___E3_P1,y,7,4.999999925494195,0,0.18454778469425118,0,0.17141812865497075,-0.01312965603928043,5462,5472,paper_width
Mouse,POLYIC_20190614_polyic___E3_P1,y,8,4.999999925494195,2,0.1508604906627609,1,0.20394736842105263,0.05308687775829174,5462,5472,paper_width
Mouse,POLYIC_20190614_polyic___E3_P1_1,x,2,3.1999998807907124,0,0.5,1,0.5118129218900676,0.011812921890067551,4142,4148,current_best
Mouse,POLYIC_20190614_polyic___E3_P1_1,x,3,3.1999998807907124,0,0.34282955094157413,1,0.34185149469623916,-0.0009780562453349795,4142,4148,current_best
Mouse,POLYIC_20190614_polyic___E3_P1_1,x,4,3.1999998807907124,3,0.26050217286335103,1,0.26325940212150434,0.0027572292581533042,4142,4148,current_best
Mouse,POLYIC_20190614_polyic___E3_P1_1,x,5,3.1999998807907124,3,0.21173346209560598,2,0.21552555448408872,0.003792092388482743,4142,4148,current_best
Mouse,POLYIC_20190614_polyic___E3_P1_1,x,6,3.1999998807907124,3,0.1731047802993723,4,0.17430086788813887,0.0011960875887665756,4142,4148,current_best
Mouse,POLYIC_20190614_polyic___E3_P1_1,x,7,3.1999998807907124,1,0.1571704490584259,1,0.15718418514946964,1.3736091043742293e-05,4142,4148,current_best
Mouse,POLYIC_20190614_polyic___E3_P1_1,x,8,3.1999998807907124,4,0.1417189763399324,2,0.1410318225650916,-0.0006871537748407985,4142,4148,current_best
Mouse,POLYIC_20190614_polyic___E3_P1_1,y,2,4.999999925494195,0,0.515011119347665,1,0.5586499446698635,0.04363882532219854,5396,5422,current_best
Mouse,POLYIC_20190614_polyic___E3_P1_1,y,3,4.999999925494195,0,0.33821349147516677,2,0.3600147547030616,0.02180126322789483,5396,5422,current_best
Mouse,POLYIC_20190614_polyic___E3_P1_1,y,4,4.999999925494195,2,0.2629725722757598,1,0.2938030247141276,0.030830452438367795,5396,5422,current_best
Mouse,POLYIC_20190614_polyic___E3_P1_1,y,5,4.999999925494195,1,0.21830985915492956,2,0.3450756178531907,0.12676575869826112,5396,5422,current_best
Mouse,POLYIC_20190614_polyic___E3_P1_1,y,6,4.999999925494195,0,0.17920681986656783,5,0.18720029509406122,0.007993475227493385,5396,5422,current_best
Mouse,POLYIC_20190614_polyic___E3_P1_1,y,7,4.999999925494195,5,0.16215715344699777,4,0.16451493913684986,0.0023577856898520932,5396,5422,current_best
Mouse,POLYIC_20190614_polyic___E3_P1_1,y,8,4.999999925494195,0,0.14733135656041513,1,0.2032460346735522,0.05591467811313708,5396,5422,current_best
Mouse,POLYIC_20190614_polyic___E3_P1_1,x,2,3.1999998807907124,0,0.5,1,0.5106589147286822,0.01065891472868219,4142,4128,paper_width
Mouse,POLYIC_20190614_polyic___E3_P1_1,x,3,3.1999998807907124,0,0.34282955094157413,2,0.3488372093023256,0.0060076583607514555,4142,4128,paper_width
Mouse,POLYIC_20190614_polyic___E3_P1_1,x,4,3.1999998807907124,3,0.26050217286335103,1,0.25750968992248063,-0.0029924829408704,4142,4128,paper_width
Mouse,POLYIC_20190614_polyic___E3_P1_1,x,5,3.1999998807907124,3,0.21173346209560598,3,0.22722868217054262,0.015495220074936644,4142,4128,paper_width
Mouse,POLYIC_20190614_polyic___E3_P1_1,x,6,3.1999998807907124,3,0.1731047802993723,5,0.18313953488372092,0.010034754584348632,4142,4128,paper_width
Mouse,POLYIC_20190614_polyic___E3_P1_1,x,7,3.1999998807907124,1,0.1571704490584259,6,0.14631782945736435,-0.010852619601061542,4142,4128,paper_width
Mouse,POLYIC_20190614_polyic___E3_P1_1,x,8,3.1999998807907124,4,0.1417189763399324,4,0.13905038759689922,-0.00266858874303319,4142,4128,paper_width
Mouse,POLYIC_20190614_polyic___E3_P1_1,y,2,4.999999925494195,0,0.515011119347665,1,0.5567164179104478,0.04170529856278282,5396,5360,paper_width
Mouse,POLYIC_20190614_polyic___E3_P1_1,y,3,4.999999925494195,0,0.33821349147516677,2,0.36138059701492536,0.023167105539758592,5396,5360,paper_width
Mouse,POLYIC_20190614_polyic___E3_P1_1,y,4,4.999999925494195,2,0.2629725722757598,1,0.29701492537313434,0.03404235309737452,5396,5360,paper_width
Mouse,POLYIC_20190614_polyic___E3_P1_1,y,5,4.999999925494195,1,0.21830985915492956,0,0.3365671641791045,0.11825730502417492,5396,5360,paper_width
Mouse,POLYIC_20190614_polyic___E3_P1_1,y,6,4.999999925494195,0,0.17920681986656783,5,0.1871268656716418,0.007920045805073966,5396,5360,paper_width
Mouse,POLYIC_20190614_polyic___E3_P1_1,y,7,4.999999925494195,5,0.16215715344699777,4,0.16026119402985076,-0.001895959417147014,5396,5360,paper_width
Mouse,POLYIC_20190614_polyic___E3_P1_1,y,8,4.999999925494195,0,0.14733135656041513,1,0.2041044776119403,0.05677312105152518,5396,5360,paper_width
Mouse,POLYIC_20190614_polyic___E3_P1_3,x,2,3.1999998807907124,0,0.5045982575024202,1,0.5052556139512662,0.0006573564488460137,4132,4186,current_best
Mouse,POLYIC_20190614_polyic___E3_P1_3,x,3,3.1999998807907124,1,0.340513068731849,2,0.3456760630673674,0.005162994335518423,4132,4186,current_best
Mouse,POLYIC_20190614_polyic___E3_P1_3,x,4,3.1999998807907124,0,0.2596805421103582,3,0.2544194935499283,-0.00526104856042986,4132,4186,current_best
Mouse,POLYIC_20190614_polyic___E3_P1_3,x,5,3.1999998807907124,2,0.207405614714424,0,0.20926899187768752,0.0018633771632635132,4132,4186,current_best
Mouse,POLYIC_20190614_polyic___E3_P1_3,x,6,3.1999998807907124,1,0.1749757986447241,2,0.17654085045389392,0.0015650518091698262,4132,4186,current_best
Mouse,POLYIC_20190614_polyic___E3_P1_3,x,7,3.1999998807907124,0,0.14666021297192644,0,0.16244624940277114,0.015786036430844697,4132,4186,current_best
Mouse,POLYIC_20190614_polyic___E3_P1_3,x,8,3.1999998807907124,4,0.12996127783155856,7,0.13210702341137123,0.0021457455798126746,4132,4186,current_best
Mouse,POLYIC_20190614_polyic___E3_P1_3,y,2,4.999999925494195,0,0.503968253968254,1,0.5073033707865169,0.0033351168182629287,5292,5340,current_best
Mouse,POLYIC_20190614_polyic___E3_P1_3,y,3,4.999999925494195,0,0.33843537414965985,0,0.33951310861423223,0.0010777344645723774,5292,5340,current_best
Mouse,POLYIC_20190614_polyic___E3_P1_3,y,4,4.999999925494195,2,0.25321239606953894,0,0.26910112359550564,0.015888727525966706,5292,5340,current_best
Mouse,POLYIC_20190614_polyic___E3_P1_3,y,5,4.999999925494195,1,0.21863189720332576,0,0.350187265917603,0.13155536871427725,5292,5340,current_best
Mouse,POLYIC_20190614_polyic___E3_P1_3,y,6,4.999999925494195,0,0.17970521541950113,3,0.18576779026217227,0.006062574842671142,5292,5340,current_best
Mouse,POLYIC_20190614_polyic___E3_P1_3,y,7,4.999999925494195,3,0.15684051398337112,3,0.17059925093632958,0.013758736952958456,5292,5340,current_best
Mouse,POLYIC_20190614_polyic___E3_P1_3,y,8,4.999999925494195,4,0.13624338624338625,1,0.1546816479400749,0.018438261696688663,5292,5340,current_best
Mouse,POLYIC_20190614_polyic___E3_P1_3,x,2,3.1999998807907124,0,0.5045982575024202,1,0.519212523719165,0.014614266216744887,4132,4216,paper_width
Mouse,POLYIC_20190614_polyic___E3_P1_3,x,3,3.1999998807907124,1,0.340513068731849,2,0.3420303605313093,0.0015172917994603075,4132,4216,paper_width
Mouse,POLYIC_20190614_polyic___E3_P1_3,x,4,3.1999998807907124,0,0.2596805421103582,3,0.2703984819734345,0.010717939863076342,4132,4216,paper_width
Mouse,POLYIC_20190614_polyic___E3_P1_3,x,5,3.1999998807907124,2,0.207405614714424,1,0.21608159392789375,0.008675979213469742,4132,4216,paper_width
Mouse,POLYIC_20190614_polyic___E3_P1_3,x,6,3.1999998807907124,1,0.1749757986447241,1,0.18240037950664137,0.007424580861917274,4132,4216,paper_width
Mouse,POLYIC_20190614_polyic___E3_P1_3,x,7,3.1999998807907124,0,0.14666021297192644,0,0.15180265654648956,0.005142443574563116,4132,4216,paper_width
Mouse,POLYIC_20190614_polyic___E3_P1_3,x,8,3.1999998807907124,4,0.12996127783155856,7,0.13614800759013282,0.006186729758574261,4132,4216,paper_width
Mouse,POLYIC_20190614_polyic___E3_P1_3,y,2,4.999999925494195,0,0.503968253968254,1,0.5086629001883239,0.004694646220069987,5292,5310,paper_width
Mouse,POLYIC_20190614_polyic___E3_P1_3,y,3,4.999999925494195,0,0.33843537414965985,0,0.3519774011299435,0.013542026980283672,5292,5310,paper_width
Mouse,POLYIC_20190614_polyic___E3_P1_3,y,4,4.999999925494195,2,0.25321239606953894,1,0.2608286252354049,0.007616229165865962,5292,5310,paper_width
Mouse,POLYIC_20190614_polyic___E3_P1_3,y,5,4.999999925494195,1,0.21863189720332576,2,0.34030131826741994,0.12166942106409417,5292,5310,paper_width
Mouse,POLYIC_20190614_polyic___E3_P1_3,y,6,4.999999925494195,0,0.17970521541950113,3,0.19171374764595103,0.012008532226449903,5292,5310,paper_width
Mouse,POLYIC_20190614_polyic___E3_P1_3,y,7,4.999999925494195,3,0.15684051398337112,3,0.16610169491525423,0.009261180931883106,5292,5310,paper_width
Mouse,POLYIC_20190614_polyic___E3_P1_3,y,8,4.999999925494195,4,0.13624338624338625,1,0.14726930320150658,0.01102591695812033,5292,5310,paper_width
Mouse,POLYIC_20190614_polyic___E3_P1_4,x,2,3.1999998807907124,1,0.502906976744186,1,0.5007187350263537,-0.0021882417178323843,4128,4174,current_best
Mouse,POLYIC_20190614_polyic___E3_P1_4,x,3,3.1999998807907124,2,0.34689922480620156,1,0.3447532343076186,-0.0021459904985829392,4128,4174,current_best
Mouse,POLYIC_20190614_polyic___E3_P1_4,x,4,3.1999998807907124,3,0.25775193798449614,2,0.2616195495927168,0.003867611608220689,4128,4174,current_best
Mouse,POLYIC_20190614_polyic___E3_P1_4,x,5,3.1999998807907124,4,0.20687984496124032,4,0.21250598945855295,0.005626144497312635,4128,4174,current_best
Mouse,POLYIC_20190614_polyic___E3_P1_4,x,6,3.1999998807907124,5,0.17829457364341086,5,0.1772879731672257,-0.001006600476185171,4128,4174,current_best
Mouse,POLYIC_20190614_polyic___E3_P1_4,x,7,3.1999998807907124,0,0.14898255813953487,0,0.14734068040249163,-0.0016418777370432458,4128,4174,current_best
Mouse,POLYIC_20190614_polyic___E3_P1_4,x,8,3.1999998807907124,3,0.13275193798449614,3,0.1377575467177767,0.00500560873328057,4128,4174,current_best
Mouse,POLYIC_20190614_polyic___E3_P1_4,y,2,4.999999925494195,1,0.50202131569276,1,0.5547445255474452,0.05272320985468526,5442,5480,current_best
Mouse,POLYIC_20190614_polyic___E3_P1_4,y,3,4.999999925494195,2,0.35887541345093715,2,0.3697080291970803,0.010832615746143137,5442,5480,current_best
Mouse,POLYIC_20190614_polyic___E3_P1_4,y,4,4.999999925494195,2,0.28114663726571115,3,0.2804744525547445,-0.000672184710966639,5442,5480,current_best
Mouse,POLYIC_20190614_polyic___E3_P1_4,y,5,4.999999925494195,1,0.22528482175670708,0,0.38467153284671535,0.15938671109000827,5442,5480,current_best
Mouse,POLYIC_20190614_polyic___E3_P1_4,y,6,4.999999925494195,5,0.18779860345461227,3,0.2071167883211679,0.01931818486655562,5442,5480,current_best
Mouse,POLYIC_20190614_polyic___E3_P1_4,y,7,4.999999925494195,1,0.1585814038956266,1,0.181021897810219,0.02244049391459238,5442,5480,current_best
Mouse,POLYIC_20190614_polyic___E3_P1_4,y,8,4.999999925494195,3,0.14792355751561925,1,0.17427007299270073,0.026346515477081472,5442,5480,current_best
Mouse,POLYIC_20190614_polyic___E3_P1_4,x,2,3.1999998807907124,1,0.502906976744186,0,0.5161135161135161,0.013206539369330028,4128,4158,paper_width
Mouse,POLYIC_20190614_polyic___E3_P1_4,x,3,3.1999998807907124,2,0.34689922480620156,1,0.3398268398268398,-0.0070723849793617455,4128,4158,paper_width
Mouse,POLYIC_20190614_polyic___E3_P1_4,x,4,3.1999998807907124,3,0.25775193798449614,2,0.26406926406926406,0.006317326084767927,4128,4158,paper_width
Mouse,POLYIC_20190614_polyic___E3_P1_4,x,5,3.1999998807907124,4,0.20687984496124032,0,0.20995670995670995,0.003076864995469636,4128,4158,paper_width
Mouse,POLYIC_20190614_polyic___E3_P1_4,x,6,3.1999998807907124,5,0.17829457364341086,0,0.17364117364117365,-0.004653400002237212,4128,4158,paper_width
Mouse,POLYIC_20190614_polyic___E3_P1_4,x,7,3.1999998807907124,0,0.14898255813953487,2,0.15343915343915343,0.00445659529961856,4128,4158,paper_width
Mouse,POLYIC_20190614_polyic___E3_P1_4,x,8,3.1999998807907124,3,0.13275193798449614,2,0.13924963924963926,0.006497701265143124,4128,4158,paper_width
Mouse,POLYIC_20190614_polyic___E3_P1_4,y,2,4.999999925494195,1,0.50202131569276,1,0.5595854922279793,0.05756417653521928,5442,5404,paper_width
Mouse,POLYIC_20190614_polyic___E3_P1_4,y,3,4.999999925494195,2,0.35887541345093715,2,0.3756476683937824,0.016772254942845233,5442,5404,paper_width
Mouse,POLYIC_20190614_polyic___E3_P1_4,y,4,4.999999925494195,2,0.28114663726571115,3,0.2942264988897113,0.013079861624000155,5442,5404,paper_width
Mouse,POLYIC_20190614_polyic___E3_P1_4,y,5,4.999999925494195,1,0.22528482175670708,0,0.3704663212435233,0.14518149948681622,5442,5404,paper_width
Mouse,POLYIC_20190614_polyic___E3_P1_4,y,6,4.999999925494195,5,0.18779860345461227,5,0.21058475203552923,0.02278614858091696,5442,5404,paper_width
Mouse,POLYIC_20190614_polyic___E3_P1_4,y,7,4.999999925494195,1,0.1585814038956266,1,0.17357512953367876,0.014993725638052152,5442,5404,paper_width
Mouse,POLYIC_20190614_polyic___E3_P1_4,y,8,4.999999925494195,3,0.14792355751561925,1,0.17505551443375278,0.027131956918133526,5442,5404,paper_width
Mouse,POLYIC_20190614_polyic___E3_P1_5,x,2,3.1999998807907124,1,0.50570835495589,0,0.5020565552699229,-0.003651799685967072,3854,3890,current_best
Mouse,POLYIC_20190614_polyic___E3_P1_5,x,3,3.1999998807907124,1,0.33990659055526723,2,0.3467866323907455,0.0068800418354782455,3854,3890,current_best
Mouse,POLYIC_20190614_polyic___E3_P1_5,x,4,3.1999998807907124,3,0.2597301504929943,2,0.2660668380462725,0.0063366875532782085,3854,3890,current_best
Mouse,POLYIC_20190614_polyic___E3_P1_5,x,5,3.1999998807907124,3,0.2075765438505449,3,0.21516709511568125,0.007590551265136358,3854,3890,current_best
Mouse,POLYIC_20190614_polyic___E3_P1_5,x,6,3.1999998807907124,3,0.17903476907109497,4,0.17866323907455012,-0.00037152999654485597,3854,3890,current_best
Mouse,POLYIC_20190614_polyic___E3_P1_5,x,7,3.1999998807907124,2,0.15568240788790866,2,0.1570694087403599,0.0013870008524512478,3854,3890,current_best
Mouse,POLYIC_20190614_polyic___E3_P1_5,x,8,3.1999998807907124,6,0.1411520498183705,6,0.15604113110539847,0.014889081287027955,3854,3890,current_best
Mouse,POLYIC_20190614_polyic___E3_P1_5,y,2,4.999999925494195,0,0.5116848850358086,1,0.559053651266766,0.047368766230957426,5306,5368,current_best
Mouse,POLYIC_20190614_polyic___E3_P1_5,y,3,4.999999925494195,2,0.3511119487372786,2,0.37853949329359166,0.027427544556313077,5306,5368,current_best
Mouse,POLYIC_20190614_polyic___E3_P1_5,y,4,4.999999925494195,2,0.28100263852242746,1,0.30011177347242923,0.01910913495000177,5306,5368,current_best
Mouse,POLYIC_20190614_polyic___E3_P1_5,y,5,4.999999925494195,3,0.2161703731624576,2,0.34295827123695977,0.12678789807450216,5306,5368,current_best
Mouse,POLYIC_20190614_polyic___E3_P1_5,y,6,4.999999925494195,2,0.18620429702223898,3,0.19020119225037257,0.003996895228133596,5306,5368,current_best
Mouse,POLYIC_20190614_polyic___E3_P1_5,y,7,4.999999925494195,0,0.16528458349038824,0,0.1695230998509687,0.004238516360580452,5306,5368,current_best
Mouse,POLYIC_20190614_polyic___E3_P1_5,y,8,4.999999925494195,2,0.15981907274783264,1,0.18610283159463487,0.02628375884680223,5306,5368,current_best
Mouse,POLYIC_20190614_polyic___E3_P1_5,x,2,3.1999998807907124,1,0.50570835495589,1,0.5115325474115838,0.005824192455693877,3854,3902,paper_width
Mouse,POLYIC_20190614_polyic___E3_P1_5,x,3,3.1999998807907124,1,0.33990659055526723,2,0.34853921066119936,0.008632620105932132,3854,3902,paper_width
Mouse,POLYIC_20190614_polyic___E3_P1_5,x,4,3.1999998807907124,3,0.2597301504929943,3,0.26140440799589953,0.0016742575029052298,3854,3902,paper_width
Mouse,POLYIC_20190614_polyic___E3_P1_5,x,5,3.1999998807907124,3,0.2075765438505449,3,0.21732444900051257,0.009747905149967678,3854,3902,paper_width
Mouse,POLYIC_20190614_polyic___E3_P1_5,x,6,3.1999998807907124,3,0.17903476907109497,3,0.17811378780112763,-0.0009209812699673414,3854,3902,paper_width
Mouse,POLYIC_20190614_polyic___E3_P1_5,x,7,3.1999998807907124,2,0.15568240788790866,2,0.15607380830343415,0.0003914004155254891,3854,3902,paper_width
Mouse,POLYIC_20190614_polyic___E3_P1_5,x,8,3.1999998807907124,6,0.1411520498183705,6,0.14633521271143005,0.005183162893059534,3854,3902,paper_width
Mouse,POLYIC_20190614_polyic___E3_P1_5,y,2,4.999999925494195,0,0.5116848850358086,1,0.5593797276853253,0.04769484264951673,5306,5288,paper_width
Mouse,POLYIC_20190614_polyic___E3_P1_5,y,3,4.999999925494195,2,0.3511119487372786,2,0.36289712556732223,0.011785176830043653,5306,5288,paper_width
Mouse,POLYIC_20190614_polyic___E3_P1_5,y,4,4.999999925494195,2,0.28100263852242746,1,0.3088124054462935,0.027809766923866053,5306,5288,paper_width
Mouse,POLYIC_20190614_polyic___E3_P1_5,y,5,4.999999925494195,3,0.2161703731624576,3,0.341338880484115,0.12516850732165738,5306,5288,paper_width
Mouse,POLYIC_20190614_polyic___E3_P1_5,y,6,4.999999925494195,2,0.18620429702223898,3,0.19837367624810892,0.012169379225869942,5306,5288,paper_width
Mouse,POLYIC_20190614_polyic___E3_P1_5,y,7,4.999999925494195,0,0.16528458349038824,0,0.16981845688350983,0.004533873393121585,5306,5288,paper_width
Mouse,POLYIC_20190614_polyic___E3_P1_5,y,8,4.999999925494195,2,0.15981907274783264,1,0.1915658093797277,0.03174673663189506,5306,5288,paper_width
Mouse,POLYIC_20190614_polyic___E3_P1_6,x,2,3.1999998807907124,1,0.512108980827447,1,0.519,0.00689101917255297,3964,4000,current_best
Mouse,POLYIC_20190614_polyic___E3_P1_6,x,3,3.1999998807907124,1,0.34006054490413723,0,0.33775,-0.002310544904137235,3964,4000,current_best
Mouse,POLYIC_20190614_polyic___E3_P1_6,x,4,3.1999998807907124,3,0.26185671039354186,1,0.26475,0.002893289606458127,3964,4000,current_best
Mouse,POLYIC_20190614_polyic___E3_P1_6,x,5,3.1999998807907124,4,0.21115035317860747,3,0.214,0.002849646821392521,3964,4000,current_best
Mouse,POLYIC_20190614_polyic___E3_P1_6,x,6,3.1999998807907124,1,0.1818869828456105,1,0.178,-0.0038869828456105093,3964,4000,current_best
Mouse,POLYIC_20190614_polyic___E3_P1_6,x,7,3.1999998807907124,4,0.1601917255297679,3,0.1585,-0.0016917255297679012,3964,4000,current_best
Mouse,POLYIC_20190614_polyic___E3_P1_6,x,8,3.1999998807907124,3,0.14278506559031282,1,0.15225,0.009464934409687181,3964,4000,current_best
Mouse,POLYIC_20190614_polyic___E3_P1_6,y,2,4.999999925494195,1,0.5158124318429662,0,0.5118279569892473,-0.003984474853718889,5502,5580,current_best
Mouse,POLYIC_20190614_polyic___E3_P1_6,y,3,4.999999925494195,0,0.33933115230825156,1,0.34551971326164876,0.006188560953397204,5502,5580,current_best
Mouse,POLYIC_20190614_polyic___E3_P1_6,y,4,4.999999925494195,1,0.26990185387131954,2,0.2698924731182796,-9.380753039966994e-06,5502,5580,current_best
Mouse,POLYIC_20190614_polyic___E3_P1_6,y,5,4.999999925494195,3,0.21901126862958925,2,0.34516129032258064,0.1261500216929914,5502,5580,current_best
Mouse,POLYIC_20190614_polyic___E3_P1_6,y,6,4.999999925494195,0,0.17884405670665213,0,0.1949820788530466,0.016138022146394482,5502,5580,current_best
Mouse,POLYIC_20190614_polyic___E3_P1_6,y,7,4.999999925494195,3,0.16266812068338785,3,0.16308243727598568,0.0004143165925978298,5502,5580,current_best
Mouse,POLYIC_20190614_polyic___E3_P1_6,y,8,4.999999925494195,1,0.13776808433296983,3,0.17759856630824372,0.03983048197527389,5502,5580,current_best
Mouse,POLYIC_20190614_polyic___E3_P1_6,x,2,3.1999998807907124,1,0.512108980827447,0,0.5027227722772277,-0.009386208550219322,3964,4040,paper_width
Mouse,POLYIC_20190614_polyic___E3_P1_6,x,3,3.1999998807907124,1,0.34006054490413723,1,0.34183168316831686,0.001771138264179628,3964,4040,paper_width
Mouse,POLYIC_20190614_polyic___E3_P1_6,x,4,3.1999998807907124,3,0.26185671039354186,3,0.2551980198019802,-0.006658690591561656,3964,4040,paper_width
Mouse,POLYIC_20190614_polyic___E3_P1_6,x,5,3.1999998807907124,4,0.21115035317860747,3,0.21856435643564356,0.007414003257036089,3964,4040,paper_width
Mouse,POLYIC_20190614_polyic___E3_P1_6,x,6,3.1999998807907124,1,0.1818869828456105,2,0.17722772277227722,-0.004659260073333282,3964,4040,paper_width
Mouse,POLYIC_20190614_polyic___E3_P1_6,x,7,3.1999998807907124,4,0.1601917255297679,3,0.16336633663366337,0.0031746111038954694,3964,4040,paper_width
Mouse,POLYIC_20190614_polyic___E3_P1_6,x,8,3.1999998807907124,3,0.14278506559031282,1,0.13663366336633664,-0.006151402223976171,3964,4040,paper_width
Mouse,POLYIC_20190614_polyic___E3_P1_6,y,2,4.999999925494195,1,0.5158124318429662,1,0.5043620501635769,-0.011450381679389277,5502,5502,paper_width
Mouse,POLYIC_20190614_polyic___E3_P1_6,y,3,4.999999925494195,0,0.33933115230825156,1,0.3505997818974918,0.011268629589240242,5502,5502,paper_width
Mouse,POLYIC_20190614_polyic___E3_P1_6,y,4,4.999999925494195,1,0.26990185387131954,3,0.27044711014176664,0.0005452562704471031,5502,5502,paper_width
Mouse,POLYIC_20190614_polyic___E3_P1_6,y,5,4.999999925494195,3,0.21901126862958925,3,0.35205379861868413,0.13304252998909488,5502,5502,paper_width
Mouse,POLYIC_20190614_polyic___E3_P1_6,y,6,4.999999925494195,0,0.17884405670665213,1,0.2024718284260269,0.023627771719374774,5502,5502,paper_width
Mouse,POLYIC_20190614_polyic___E3_P1_6,y,7,4.999999925494195,3,0.16266812068338785,3,0.17066521264994547,0.007997091966557623,5502,5502,paper_width
Mouse,POLYIC_20190614_polyic___E3_P1_6,y,8,4.999999925494195,1,0.13776808433296983,3,0.18138858596873864,0.043620501635768805,5502,5502,paper_width
Mouse,POLYIC_20190614_polyic___E4_P1_5,x,2,3.1999998807907124,0,0.5154845154845155,1,0.5141509433962265,-0.0013335720882889923,4004,4028,current_best
Mouse,POLYIC_20190614_polyic___E4_P1_5,x,3,3.1999998807907124,2,0.3421578421578422,2,0.3473187686196624,0.005160926461820203,4004,4028,current_best
Mouse,POLYIC_20190614_polyic___E4_P1_5,x,4,3.1999998807907124,0,0.2624875124875125,1,0.26688182720953324,0.004394314722020731,4004,4028,current_best
Mouse,POLYIC_20190614_polyic___E4_P1_5,x,5,3.1999998807907124,2,0.2087912087912088,1,0.20953326713008938,0.0007420583388805801,4004,4028,current_best
Mouse,POLYIC_20190614_polyic___E4_P1_5,x,6,3.1999998807907124,2,0.18031968031968032,5,0.17825223435948362,-0.002067445960196701,4004,4028,current_best
Mouse,POLYIC_20190614_polyic___E4_P1_5,x,7,3.1999998807907124,5,0.1645854145854146,6,0.15466732869910627,-0.009918085886308325,4004,4028,current_best
Mouse,POLYIC_20190614_polyic___E4_P1_5,x,8,3.1999998807907124,0,0.13661338661338662,1,0.1397715988083416,0.00315821219495499,4004,4028,current_best
Mouse,POLYIC_20190614_polyic___E4_P1_5,y,2,4.999999925494195,1,0.5223880597014925,0,0.5489795918367347,0.026591532135242235,5360,5390,current_best
Mouse,POLYIC_20190614_polyic___E4_P1_5,y,3,4.999999925494195,2,0.35261194029850745,0,0.37884972170686454,0.026237781408357086,5360,5390,current_best
Mouse,POLYIC_20190614_polyic___E4_P1_5,y,4,4.999999925494195,1,0.27425373134328357,0,0.298886827458256,0.02463309611497244,5360,5390,current_best
Mouse,POLYIC_20190614_polyic___E4_P1_5,y,5,4.999999925494195,1,0.22817164179104477,0,0.33506493506493507,0.1068932932738903,5360,5390,current_best
Mouse,POLYIC_20190614_polyic___E4_P1_5,y,6,4.999999925494195,1,0.17798507462686566,0,0.1914656771799629,0.013480602553097243,5360,5390,current_best
Mouse,POLYIC_20190614_polyic___E4_P1_5,y,7,4.999999925494195,6,0.1578358208955224,0,0.16215213358070502,0.004316312685182622,5360,5390,current_best
Mouse,POLYIC_20190614_polyic___E4_P1_5,y,8,4.999999925494195,1,0.14906716417910448,4,0.19053803339517625,0.041470869216071765,5360,5390,current_best
Mouse,POLYIC_20190614_polyic___E4_P1_5,x,2,3.1999998807907124,0,0.5154845154845155,1,0.5156632403328438,0.000178724848328371,4004,4086,paper_width
Mouse,POLYIC_20190614_polyic___E4_P1_5,x,3,3.1999998807907124,2,0.3421578421578422,0,0.34459128732256483,0.0024334451647226585,4004,4086,paper_width
Mouse,POLYIC_20190614_polyic___E4_P1_5,x,4,3.1999998807907124,0,0.2624875124875125,1,0.2586882036221243,-0.0037993088653882068,4004,4086,paper_width
Mouse,POLYIC_20190614_polyic___E4_P1_5,x,5,3.1999998807907124,2,0.2087912087912088,2,0.20704845814977973,-0.0017427506414290639,4004,4086,paper_width
Mouse,POLYIC_20190614_polyic___E4_P1_5,x,6,3.1999998807907124,2,0.18031968031968032,3,0.17670093000489476,-0.0036187503147855626,4004,4086,paper_width
Mouse,POLYIC_20190614_polyic___E4_P1_5,x,7,3.1999998807907124,5,0.1645854145854146,6,0.1595692608908468,-0.005016153694567788,4004,4086,paper_width
Mouse,POLYIC_20190614_polyic___E4_P1_5,x,8,3.1999998807907124,0,0.13661338661338662,1,0.14072442486539402,0.0041110382520073985,4004,4086,paper_width
Mouse,POLYIC_20190614_polyic___E4_P1_5,y,2,4.999999925494195,1,0.5223880597014925,0,0.5472795497185741,0.024891490017081574,5360,5330,paper_width
Mouse,POLYIC_20190614_polyic___E4_P1_5,y,3,4.999999925494195,2,0.35261194029850745,0,0.3649155722326454,0.01230363193413797,5360,5330,paper_width
Mouse,POLYIC_20190614_polyic___E4_P1_5,y,4,4.999999925494195,1,0.27425373134328357,0,0.3022514071294559,0.02799767578617235,5360,5330,paper_width
Mouse,POLYIC_20190614_polyic___E4_P1_5,y,5,4.999999925494195,1,0.22817164179104477,2,0.3397748592870544,0.11160321749600965,5360,5330,paper_width
Mouse,POLYIC_20190614_polyic___E4_P1_5,y,6,4.999999925494195,1,0.17798507462686566,2,0.18855534709193245,0.010570272465066782,5360,5330,paper_width
Mouse,POLYIC_20190614_polyic___E4_P1_5,y,7,4.999999925494195,6,0.1578358208955224,0,0.15422138836772983,-0.0036144325277925604,5360,5330,paper_width
Mouse,POLYIC_20190614_polyic___E4_P1_5,y,8,4.999999925494195,1,0.14906716417910448,4,0.19831144465290806,0.04924428047380358,5360,5330,paper_width
Mouse,POLYIC_20190618_mouse33__E3_P1,x,2,3.1999998807907124,1,0.5110087045570917,1,0.5130456598093327,0.002036955252241013,3906,3986,current_best
Mouse,POLYIC_20190618_mouse33__E3_P1,x,3,3.1999998807907124,0,0.3420378904249872,0,0.34119417962870047,-0.0008437107962867563,3906,3986,current_best
Mouse,POLYIC_20190618_mouse33__E3_P1,x,4,3.1999998807907124,3,0.2631848438300051,3,0.2599096838936277,-0.0032751599363774475,3906,3986,current_best
Mouse,POLYIC_20190618_mouse33__E3_P1,x,5,3.1999998807907124,1,0.20378904249871993,3,0.20898143502257902,0.005192392523859085,3906,3986,current_best
Mouse,POLYIC_20190618_mouse33__E3_P1,x,6,3.1999998807907124,3,0.17767537122375832,3,0.18013045659809332,0.002455085374335003,3906,3986,current_best
Mouse,POLYIC_20190618_mouse33__E3_P1,x,7,3.1999998807907124,1,0.15232974910394265,3,0.154039136979428,0.0017093878754853575,3906,3986,current_best
Mouse,POLYIC_20190618_mouse33__E3_P1,x,8,3.1999998807907124,7,0.1390168970814132,3,0.1359759157049674,-0.003040981376445817,3906,3986,current_best
Mouse,POLYIC_20190618_mouse33__E3_P1,y,2,4.999999925494195,1,0.5314711359404097,0,0.5105011053795137,-0.02097003056089608,5370,5428,current_best
Mouse,POLYIC_20190618_mouse33__E3_P1,y,3,4.999999925494195,2,0.35698324022346367,0,0.36495946941783347,0.0079762291943698,5370,5428,current_best
Mouse,POLYIC_20190618_mouse33__E3_P1,y,4,4.999999925494195,3,0.2783985102420857,3,0.26823876197494473,-0.010159748267140944,5370,5428,current_best
Mouse,POLYIC_20190618_mouse33__E3_P1,y,5,4.999999925494195,1,0.21787709497206703,3,0.34948415622697127,0.13160706125490423,5370,5428,current_best
Mouse,POLYIC_20190618_mouse33__E3_P1,y,6,4.999999925494195,5,0.20353817504655494,4,0.19288872512896094,-0.010649449917594006,5370,5428,current_best
Mouse,POLYIC_20190618_mouse33__E3_P1,y,7,4.999999925494195,5,0.17076350093109868,4,0.19049373618275608,0.019730235251657402,5370,5428,current_best
Mouse,POLYIC_20190618_mouse33__E3_P1,y,8,4.999999925494195,1,0.14990689013035383,7,0.18091378039793662,0.0310068902675828,5370,5428,current_best
Mouse,POLYIC_20190618_mouse33__E3_P1,x,2,3.1999998807907124,1,0.5110087045570917,1,0.5103692463328275,-0.0006394582242641444,3906,3954,paper_width
Mouse,POLYIC_20190618_mouse33__E3_P1,x,3,3.1999998807907124,0,0.3420378904249872,0,0.35154274152756704,0.009504851102579814,3906,3954,paper_width
Mouse,POLYIC_20190618_mouse33__E3_P1,x,4,3.1999998807907124,3,0.2631848438300051,3,0.25872534142640363,-0.00445950240360149,3906,3954,paper_width
Mouse,POLYIC_20190618_mouse33__E3_P1,x,5,3.1999998807907124,1,0.20378904249871993,1,0.20637329286798178,0.0025842503692618535,3906,3954,paper_width
Mouse,POLYIC_20190618_mouse33__E3_P1,x,6,3.1999998807907124,3,0.17767537122375832,3,0.17956499747091553,0.0018896262471572167,3906,3954,paper_width
Mouse,POLYIC_20190618_mouse33__E3_P1,x,7,3.1999998807907124,1,0.15232974910394265,3,0.15553869499241274,0.003208945888470094,3906,3954,paper_width
Mouse,POLYIC_20190618_mouse33__E3_P1,x,8,3.1999998807907124,7,0.1390168970814132,1,0.14162873039959534,0.0026118333181821274,3906,3954,paper_width
Mouse,POLYIC_20190618_mouse33__E3_P1,y,2,4.999999925494195,1,0.5314711359404097,0,0.5251771726967549,-0.006293963243654832,5370,5362,paper_width
Mouse,POLYIC_20190618_mouse33__E3_P1,y,3,4.999999925494195,2,0.35698324022346367,0,0.35807534502051475,0.0010921047970510744,5370,5362,paper_width
Mouse,POLYIC_20190618_mouse33__E3_P1,y,4,4.999999925494195,3,0.2783985102420857,2,0.2717269675494219,-0.00667154269266379,5370,5362,paper_width
Mouse,POLYIC_20190618_mouse33__E3_P1,y,5,4.999999925494195,1,0.21787709497206703,3,0.355650876538605,0.13777378156653797,5370,5362,paper_width
Mouse,POLYIC_20190618_mouse33__E3_P1,y,6,4.999999925494195,5,0.20353817504655494,4,0.2030958597538232,-0.0004423152927317542,5370,5362,paper_width
Mouse,POLYIC_20190618_mouse33__E3_P1,y,7,4.999999925494195,5,0.17076350093109868,4,0.19880641551659828,0.028042914585499595,5370,5362,paper_width
Mouse,POLYIC_20190618_mouse33__E3_P1,y,8,4.999999925494195,1,0.14990689013035383,7,0.17698619917941066,0.027079309049056838,5370,5362,paper_width
Mouse,POLYIC_20190618_mouse34__E3_P1,x,2,3.1999998807907124,0,0.5088311688311689,0,0.5095262615859938,0.000695092754824933,3850,3884,current_best
Mouse,POLYIC_20190618_mouse34__E3_P1,x,3,3.1999998807907124,2,0.3509090909090909,2,0.34783728115345003,-0.003071809755640864,3850,3884,current_best
Mouse,POLYIC_20190618_mouse34__E3_P1,x,4,3.1999998807907124,0,0.2597402597402597,0,0.27059732234809475,0.010857062607835033,3850,3884,current_best
Mouse,POLYIC_20190618_mouse34__E3_P1,x,5,3.1999998807907124,3,0.21012987012987014,3,0.21266735324407826,0.0025374831142081222,3850,3884,current_best
Mouse,POLYIC_20190618_mouse34__E3_P1,x,6,3.1999998807907124,2,0.1787012987012987,2,0.177394438722966,-0.0013068599783326862,3850,3884,current_best
Mouse,POLYIC_20190618_mouse34__E3_P1,x,7,3.1999998807907124,3,0.1561038961038961,3,0.15756951596292482,0.0014656198590287106,3850,3884,current_best
Mouse,POLYIC_20190618_mouse34__E3_P1,x,8,3.1999998807907124,7,0.14493506493506494,4,0.1398043254376931,-0.0051307394973718334,3850,3884,current_best
Mouse,POLYIC_20190618_mouse34__E3_P1,y,2,4.999999925494195,1,0.5001878287002254,0,0.5261317629738682,0.025943934273642832,5324,5434,current_best
Mouse,POLYIC_20190618_mouse34__E3_P1,y,3,4.999999925494195,0,0.34278737791134484,1,0.36142804563857195,0.01864066772722711,5324,5434,current_best
Mouse,POLYIC_20190618_mouse34__E3_P1,y,4,4.999999925494195,1,0.25563486100676186,2,0.2692307692307692,0.013595908224007358,5324,5434,current_best
Mouse,POLYIC_20190618_mouse34__E3_P1,y,5,4.999999925494195,3,0.22933884297520662,3,0.3424733161575267,0.11313447318232006,5324,5434,current_best
Mouse,POLYIC_20190618_mouse34__E3_P1,y,6,4.999999925494195,3,0.17449286250939144,2,0.2118145012881855,0.03732163877879405,5324,5434,current_best
Mouse,POLYIC_20190618_mouse34__E3_P1,y,7,4.999999925494195,3,0.1626596543951916,0,0.1888111888111888,0.026151534415997213,5324,5434,current_best
Mouse,POLYIC_20190618_mouse34__E3_P1,y,8,4.999999925494195,2,0.14350112697220135,1,0.1888111888111888,0.04531006183898745,5324,5434,current_best
Mouse,POLYIC_20190618_mouse34__E3_P1,x,2,3.1999998807907124,0,0.5088311688311689,1,0.5117227319062182,0.0028915630750493415,3850,3924,paper_width
Mouse,POLYIC_20190618_mouse34__E3_P1,x,3,3.1999998807907124,2,0.3509090909090909,2,0.3549949031600408,0.004085812250949894,3850,3924,paper_width
Mouse,POLYIC_20190618_mouse34__E3_P1,x,4,3.1999998807907124,0,0.2597402597402597,3,0.2619775739041794,0.0022373141639197014,3850,3924,paper_width
Mouse,POLYIC_20190618_mouse34__E3_P1,x,5,3.1999998807907124,3,0.21012987012987014,0,0.2173802242609582,0.0072503541310880715,3850,3924,paper_width
Mouse,POLYIC_20190618_mouse34__E3_P1,x,6,3.1999998807907124,2,0.1787012987012987,5,0.1834862385321101,0.004784939830811408,3850,3924,paper_width
Mouse,POLYIC_20190618_mouse34__E3_P1,x,7,3.1999998807907124,3,0.1561038961038961,3,0.15774719673802243,0.0016433006341263212,3850,3924,paper_width
Mouse,POLYIC_20190618_mouse34__E3_P1,x,8,3.1999998807907124,7,0.14493506493506494,5,0.13634046890927626,-0.008594596025788687,3850,3924,paper_width
Mouse,POLYIC_20190618_mouse34__E3_P1,y,2,4.999999925494195,1,0.5001878287002254,0,0.5430365718507573,0.04284874315053189,5324,5414,paper_width
Mouse,POLYIC_20190618_mouse34__E3_P1,y,3,4.999999925494195,0,0.34278737791134484,1,0.36461026967122273,0.021822891759877894,5324,5414,paper_width
Mouse,POLYIC_20190618_mouse34__E3_P1,y,4,4.999999925494195,1,0.25563486100676186,0,0.2722571111932028,0.016622250186440923,5324,5414,paper_width
Mouse,POLYIC_20190618_mouse34__E3_P1,y,5,4.999999925494195,3,0.22933884297520662,2,0.3466937569264869,0.11735491395128028,5324,5414,paper_width
Mouse,POLYIC_20190618_mouse34__E3_P1,y,6,4.999999925494195,3,0.17449286250939144,2,0.2107499076468415,0.03625704513745007,5324,5414,paper_width
Mouse,POLYIC_20190618_mouse34__E3_P1,y,7,4.999999925494195,3,0.1626596543951916,5,0.18433690432212782,0.021677249926936232,5324,5414,paper_width
Mouse,POLYIC_20190618_mouse34__E3_P1,y,8,4.999999925494195,2,0.14350112697220135,1,0.17473217584041376,0.031231048868212402,5324,5414,paper_width
Mouse,POLYIC_20190618_mouse35__E3_P1,x,2,3.1999998807907124,0,0.5,0,0.5081664910432033,0.008166491043203328,3844,3796,current_best
Mouse,POLYIC_20190618_mouse35__E3_P1,x,3,3.1999998807907124,0,0.34391259105098854,1,0.3382507903055848,-0.005661800745403733,3844,3796,current_best
Mouse,POLYIC_20190618_mouse35__E3_P1,x,4,3.1999998807907124,0,0.2575442247658689,0,0.2542149631190727,-0.0033292616467962,3844,3796,current_best
Mouse,POLYIC_20190618_mouse35__E3_P1,x,5,3.1999998807907124,4,0.2187825182101977,4,0.2102212855637513,-0.008561232646446398,3844,3796,current_best
Mouse,POLYIC_20190618_mouse35__E3_P1,x,6,3.1999998807907124,3,0.17611862643080126,4,0.18177028451001054,0.005651658079209282,3844,3796,current_best
Mouse,POLYIC_20190618_mouse35__E3_P1,x,7,3.1999998807907124,6,0.15218522372528617,5,0.1554267650158061,0.003241541290519928,3844,3796,current_best
Mouse,POLYIC_20190618_mouse35__E3_P1,x,8,3.1999998807907124,0,0.136576482830385,1,0.13408851422550053,-0.002487968604884483,3844,3796,current_best
Mouse,POLYIC_20190618_mouse35__E3_P1,y,2,4.999999925494195,1,0.5055028462998102,1,0.5268595041322314,0.021356657832421133,5270,5324,current_best
Mouse,POLYIC_20190618_mouse35__E3_P1,y,3,4.999999925494195,2,0.36736242884250475,0,0.3628850488354621,-0.004477380007042675,5270,5324,current_best
Mouse,POLYIC_20190618_mouse35__E3_P1,y,4,4.999999925494195,1,0.2540796963946869,3,0.2973328324567994,0.04325313606211251,5270,5324,current_best
Mouse,POLYIC_20190618_mouse35__E3_P1,y,5,4.999999925494195,1,0.22618595825426946,2,0.35537190082644626,0.1291859425721768,5270,5324,current_best
Mouse,POLYIC_20190618_mouse35__E3_P1,y,6,4.999999925494195,2,0.18614800759013284,3,0.21487603305785125,0.02872802546771841,5270,5324,current_best
Mouse,POLYIC_20190618_mouse35__E3_P1,y,7,4.999999925494195,5,0.16091081593927894,4,0.18012772351615328,0.01921690757687433,5270,5324,current_best
Mouse,POLYIC_20190618_mouse35__E3_P1,y,8,4.999999925494195,1,0.14705882352941177,7,0.20980465815176558,0.06274583462235381,5270,5324,current_best
Mouse,POLYIC_20190618_mouse35__E3_P1,x,2,3.1999998807907124,0,0.5,1,0.5002594706798131,0.0002594706798131341,3844,3854,paper_width
Mouse,POLYIC_20190618_mouse35__E3_P1,x,3,3.1999998807907124,0,0.34391259105098854,0,0.353918007265179,0.010005416214190488,3844,3854,paper_width
Mouse,POLYIC_20190618_mouse35__E3_P1,x,4,3.1999998807907124,0,0.2575442247658689,2,0.2524649714582252,-0.005079253307643694,3844,3854,paper_width
Mouse,POLYIC_20190618_mouse35__E3_P1,x,5,3.1999998807907124,4,0.2187825182101977,4,0.21458225220550078,-0.004200266004696918,3844,3854,paper_width
Mouse,POLYIC_20190618_mouse35__E3_P1,x,6,3.1999998807907124,3,0.17611862643080126,3,0.17825635703165543,0.0021377306008541763,3844,3854,paper_width
Mouse,POLYIC_20190618_mouse35__E3_P1,x,7,3.1999998807907124,6,0.15218522372528617,0,0.14789828749351322,-0.004286936231772953,3844,3854,paper_width
Mouse,POLYIC_20190618_mouse35__E3_P1,x,8,3.1999998807907124,0,0.136576482830385,2,0.13907628437986508,0.0024998015494800685,3844,3854,paper_width
Mouse,POLYIC_20190618_mouse35__E3_P1,y,2,4.999999925494195,1,0.5055028462998102,1,0.5210843373493976,0.015581491049587393,5270,5312,paper_width
Mouse,POLYIC_20190618_mouse35__E3_P1,y,3,4.999999925494195,2,0.36736242884250475,1,0.3539156626506024,-0.013446766191902326,5270,5312,paper_width
Mouse,POLYIC_20190618_mouse35__E3_P1,y,4,4.999999925494195,1,0.2540796963946869,3,0.28708584337349397,0.03300614697880705,5270,5312,paper_width
Mouse,POLYIC_20190618_mouse35__E3_P1,y,5,4.999999925494195,1,0.22618595825426946,3,0.3469503012048193,0.12076434295054983,5270,5312,paper_width
Mouse,POLYIC_20190618_mouse35__E3_P1,y,6,4.999999925494195,2,0.18614800759013284,4,0.1905120481927711,0.004364040602638258,5270,5312,paper_width
Mouse,POLYIC_20190618_mouse35__E3_P1,y,7,4.999999925494195,5,0.16091081593927894,4,0.1905120481927711,0.02960123225349215,5270,5312,paper_width
Mouse,POLYIC_20190618_mouse35__E3_P1,y,8,4.999999925494195,1,0.14705882352941177,7,0.19653614457831325,0.049477321048901485,5270,5312,paper_width
Mouse,POLYIC_20190618_mouse36__E3_P1,x,2,3.1999998807907124,0,0.509682224428997,1,0.5061819980217607,-0.003500226407236351,4028,4044,current_best
Mouse,POLYIC_20190618_mouse36__E3_P1,x,3,3.1999998807907124,2,0.34756703078450846,1,0.3464391691394659,-0.0011278616450425827,4028,4044,current_best
Mouse,POLYIC_20190618_mouse36__E3_P1,x,4,3.1999998807907124,0,0.27209533267130087,0,0.25939663699307614,-0.012698695678224736,4028,4044,current_best
Mouse,POLYIC_20190618_mouse36__E3_P1,x,5,3.1999998807907124,4,0.21002979145978154,4,0.20845697329376855,-0.0015728181660129847,4028,4044,current_best
Mouse,POLYIC_20190618_mouse36__E3_P1,x,6,3.1999998807907124,5,0.17576961271102284,1,0.17804154302670624,0.0022719303156834014,4028,4044,current_best
Mouse,POLYIC_20190618_mouse36__E3_P1,x,7,3.1999998807907124,0,0.16310824230387289,0,0.15454995054401582,-0.008558291759857062,4028,4044,current_best
Mouse,POLYIC_20190618_mouse36__E3_P1,x,8,3.1999998807907124,0,0.1422542204568024,1,0.13996043521266074,-0.002293785244141644,4028,4044,current_best
Mouse,POLYIC_20190618_mouse36__E3_P1,y,2,4.999999925494195,1,0.5084714548802947,0,0.5554535438854205,0.04698208900512579,5430,5446,current_best
Mouse,POLYIC_20190618_mouse36__E3_P1,y,3,4.999999925494195,2,0.36482504604051563,2,0.3545721630554535,-0.010252882985062106,5430,5446,current_best
Mouse,POLYIC_20190618_mouse36__E3_P1,y,4,4.999999925494195,1,0.26169429097605895,0,0.30811604847594565,0.046421757499886696,5430,5446,current_best
Mouse,POLYIC_20190618_mouse36__E3_P1,y,5,4.999999925494195,4,0.22136279926335176,2,0.35438854204921044,0.13302574278585869,5430,5446,current_best
Mouse,POLYIC_20190618_mouse36__E3_P1,y,6,4.999999925494195,5,0.19189686924493554,2,0.20455380095482922,0.012656931709893682,5430,5446,current_best
Mouse,POLYIC_20190618_mouse36__E3_P1,y,7,4.999999925494195,3,0.16335174953959483,1,0.16874770473742196,0.005395955197827124,5430,5446,current_best
Mouse,POLYIC_20190618_mouse36__E3_P1,y,8,4.999999925494195,1,0.13333333333333333,4,0.21373485126698494,0.0804015179336516,5430,5446,current_best
Mouse,POLYIC_20190618_mouse36__E3_P1,x,2,3.1999998807907124,0,0.509682224428997,0,0.5070525291828794,-0.0026296952461176692,4028,4112,paper_width
Mouse,POLYIC_20190618_mouse36__E3_P1,x,3,3.1999998807907124,2,0.34756703078450846,2,0.34897859922178986,0.0014115684372814075,4028,4112,paper_width
Mouse,POLYIC_20190618_mouse36__E3_P1,x,4,3.1999998807907124,0,0.27209533267130087,0,0.26580739299610895,-0.0062879396751919225,4028,4112,paper_width
Mouse,POLYIC_20190618_mouse36__E3_P1,x,5,3.1999998807907124,4,0.21002979145978154,0,0.2132782101167315,0.0032484186569499696,4028,4112,paper_width
Mouse,POLYIC_20190618_mouse36__E3_P1,x,6,3.1999998807907124,5,0.17576961271102284,5,0.17704280155642024,0.0012731888453973994,4028,4112,paper_width
Mouse,POLYIC_20190618_mouse36__E3_P1,x,7,3.1999998807907124,0,0.16310824230387289,0,0.15831712062256809,-0.0047911216813048,4028,4112,paper_width
Mouse,POLYIC_20190618_mouse36__E3_P1,x,8,3.1999998807907124,0,0.1422542204568024,4,0.14396887159533073,0.0017146511385283392,4028,4112,paper_width
Mouse,POLYIC_20190618_mouse36__E3_P1,y,2,4.999999925494195,1,0.5084714548802947,0,0.5479527849502028,0.03948133006990817,5430,5422,paper_width
Mouse,POLYIC_20190618_mouse36__E3_P1,y,3,4.999999925494195,2,0.36482504604051563,0,0.350608631501291,-0.01421641453922462,5430,5422,paper_width
Mouse,POLYIC_20190618_mouse36__E3_P1,y,4,4.999999925494195,1,0.26169429097605895,0,0.2945407598672077,0.03284646889114873,5430,5422,paper_width
Mouse,POLYIC_20190618_mouse36__E3_P1,y,5,4.999999925494195,4,0.22136279926335176,2,0.3417558096643305,0.12039301040097874,5430,5422,paper_width
Mouse,POLYIC_20190618_mouse36__E3_P1,y,6,4.999999925494195,5,0.19189686924493554,2,0.19715971966064183,0.005262850415706288,5430,5422,paper_width
Mouse,POLYIC_20190618_mouse36__E3_P1,y,7,4.999999925494195,3,0.16335174953959483,5,0.1635927701954998,0.00024102065590497768,5430,5422,paper_width
Mouse,POLYIC_20190618_mouse36__E3_P1,y,8,4.999999925494195,1,0.13333333333333333,4,0.19789745481372187,0.06456412148038854,5430,5422,paper_width
Mouse,POLYIC_20190619_mouse38__E3_P1,x,2,3.1999998807907124,1,0.512874408828166,0,0.5162120432321153,0.0033376344039492967,3806,3886,current_best
Mouse,POLYIC_20190619_mouse38__E3_P1,x,3,3.1999998807907124,2,0.3399894902785076,2,0.34354091610910964,0.0035514258306020285,3806,3886,current_best
Mouse,POLYIC_20190619_mouse38__E3_P1,x,4,3.1999998807907124,3,0.27167630057803466,0,0.26891405043746786,-0.002762250140566802,3806,3886,current_best
Mouse,POLYIC_20190619_mouse38__E3_P1,x,5,3.1999998807907124,0,0.20861797162375198,3,0.2074112197632527,-0.0012067518604992888,3806,3886,current_best
Mouse,POLYIC_20190619_mouse38__E3_P1,x,6,3.1999998807907124,1,0.17840252233315818,0,0.1829644879053011,0.0045619655721429175,3806,3886,current_best
Mouse,POLYIC_20190619_mouse38__E3_P1,x,7,3.1999998807907124,0,0.15423016290068314,0,0.15568708183221822,0.0014569189315350728,3806,3886,current_best
Mouse,POLYIC_20190619_mouse38__E3_P1,x,8,3.1999998807907124,7,0.1371518654755649,4,0.1453937210499228,0.008241855574357887,3806,3886,current_best
Mouse,POLYIC_20190619_mouse38__E3_P1,y,2,4.999999925494195,0,0.5113886847905952,1,0.5576504713560552,0.046261786565459984,5444,5516,current_best
Mouse,POLYIC_20190619_mouse38__E3_P1,y,3,4.999999925494195,0,0.35121234386480527,2,0.35351704133430023,0.002304697469494965,5444,5516,current_best
Mouse,POLYIC_20190619_mouse38__E3_P1,y,4,4.999999925494195,2,0.2613886847905951,1,0.2982233502538071,0.03683466546321196,5444,5516,current_best
Mouse,POLYIC_20190619_mouse38__E3_P1,y,5,4.999999925494195,3,0.22740631888317414,3,0.34463379260333576,0.11722747372016162,5444,5516,current_best
Mouse,POLYIC_20190619_mouse38__E3_P1,y,6,4.999999925494195,0,0.17946362968405585,3,0.20322697606961565,0.023763346385559797,5444,5516,current_best
Mouse,POLYIC_20190619_mouse38__E3_P1,y,7,4.999999925494195,5,0.1607274063188832,0,0.16950688905003625,0.00877948273115306,5444,5516,current_best
Mouse,POLYIC_20190619_mouse38__E3_P1,y,8,4.999999925494195,1,0.14695077149155034,1,0.22026831036983321,0.07331753887828288,5444,5516,current_best
Mouse,POLYIC_20190619_mouse38__E3_P1,x,2,3.1999998807907124,1,0.512874408828166,1,0.5033265097236438,-0.00954789910452225,3806,3908,paper_width
Mouse,POLYIC_20190619_mouse38__E3_P1,x,3,3.1999998807907124,2,0.3399894902785076,0,0.3416069600818833,0.0016174698033756818,3806,3908,paper_width
Mouse,POLYIC_20190619_mouse38__E3_P1,x,4,3.1999998807907124,3,0.27167630057803466,3,0.2612589559877175,-0.010417344590317179,3806,3908,paper_width
Mouse,POLYIC_20190619_mouse38__E3_P1,x,5,3.1999998807907124,0,0.20861797162375198,1,0.20905834186284544,0.00044037023909346273,3806,3908,paper_width
Mouse,POLYIC_20190619_mouse38__E3_P1,x,6,3.1999998807907124,1,0.17840252233315818,0,0.17911975435005117,0.0007172320168929991,3806,3908,paper_width
Mouse,POLYIC_20190619_mouse38__E3_P1,x,7,3.1999998807907124,0,0.15423016290068314,1,0.15020470829068577,-0.00402545460999737,3806,3908,paper_width
Mouse,POLYIC_20190619_mouse38__E3_P1,x,8,3.1999998807907124,7,0.1371518654755649,3,0.13894575230296827,0.0017938868274033626,3806,3908,paper_width
Mouse,POLYIC_20190619_mouse38__E3_P1,y,2,4.999999925494195,0,0.5113886847905952,1,0.548901098901099,0.03751241411050377,5444,5460,paper_width
Mouse,POLYIC_20190619_mouse38__E3_P1,y,3,4.999999925494195,0,0.35121234386480527,2,0.35402930402930405,0.002816960164498783,5444,5460,paper_width
Mouse,POLYIC_20190619_mouse38__E3_P1,y,4,4.999999925494195,2,0.2613886847905951,1,0.2866300366300366,0.025241351839441484,5444,5460,paper_width
Mouse,POLYIC_20190619_mouse38__E3_P1,y,5,4.999999925494195,3,0.22740631888317414,2,0.34175824175824177,0.11435192287506762,5444,5460,paper_width
Mouse,POLYIC_20190619_mouse38__E3_P1,y,6,4.999999925494195,0,0.17946362968405585,3,0.18937728937728937,0.009913659693233517,5444,5460,paper_width
Mouse,POLYIC_20190619_mouse38__E3_P1,y,7,4.999999925494195,5,0.1607274063188832,0,0.17472527472527472,0.013997868406391528,5444,5460,paper_width
Mouse,POLYIC_20190619_mouse38__E3_P1,y,8,4.999999925494195,1,0.14695077149155034,1,0.21996336996336996,0.07301259847181962,5444,5460,paper_width
Mouse,POLYIC_20190619_mouse39__E3_P1,x,2,3.1999998807907124,0,0.5027610441767069,0,0.5166500994035785,0.013889055226871672,3984,4024,current_best
Mouse,POLYIC_20190619_mouse39__E3_P1,x,3,3.1999998807907124,2,0.33559236947791166,0,0.34070576540755465,0.005113395929642994,3984,4024,current_best
Mouse,POLYIC_20190619_mouse39__E3_P1,x,4,3.1999998807907124,2,0.2592871485943775,2,0.2654075546719682,0.006120406077590679,3984,4024,current_best
Mouse,POLYIC_20190619_mouse39__E3_P1,x,5,3.1999998807907124,2,0.2103413654618474,2,0.21620278330019882,0.005861417838351424,3984,4024,current_best
Mouse,POLYIC_20190619_mouse39__E3_P1,x,6,3.1999998807907124,2,0.17394578313253012,0,0.17693836978131214,0.0029925866487820196,3984,4024,current_best
Mouse,POLYIC_20190619_mouse39__E3_P1,x,7,3.1999998807907124,2,0.15813253012048192,2,0.15780318091451292,-0.0003293492059689984,3984,4024,current_best
Mouse,POLYIC_20190619_mouse39__E3_P1,x,8,3.1999998807907124,6,0.13579317269076305,6,0.147117296222664,0.01132412353190096,3984,4024,current_best
Mouse,POLYIC_20190619_mouse39__E3_P1,y,2,4.999999925494195,1,0.5052727272727273,0,0.5284890010818608,0.023216273809133492,5500,5546,current_best
Mouse,POLYIC_20190619_mouse39__E3_P1,y,3,4.999999925494195,2,0.3507272727272727,2,0.3487197980526506,-0.002007474674622145,5500,5546,current_best
Mouse,POLYIC_20190619_mouse39__E3_P1,y,4,4.999999925494195,2,0.2672727272727273,2,0.2724486116119726,0.005175884339245318,5500,5546,current_best
Mouse,POLYIC_20190619_mouse39__E3_P1,y,5,4.999999925494195,3,0.236,3,0.36188243779300394,0.12588243779300395,5500,5546,current_best
Mouse,POLYIC_20190619_mouse39__E3_P1,y,6,4.999999925494195,2,0.17745454545454545,2,0.20753696357735305,0.030082418122807597,5500,5546,current_best
Mouse,POLYIC_20190619_mouse39__E3_P1,y,7,4.999999925494195,3,0.1658181818181818,0,0.18734222863324917,0.021524046815067366,5500,5546,current_best
Mouse,POLYIC_20190619_mouse39__E3_P1,y,8,4.999999925494195,2,0.14254545454545456,1,0.16444284168770285,0.021897387142248287,5500,5546,current_best
Mouse,POLYIC_20190619_mouse39__E3_P1,x,2,3.1999998807907124,0,0.5027610441767069,1,0.5114770459081837,0.008716001731476797,3984,4008,paper_width
Mouse,POLYIC_20190619_mouse39__E3_P1,x,3,3.1999998807907124,2,0.33559236947791166,0,0.33857285429141715,0.0029804848135054907,3984,4008,paper_width
Mouse,POLYIC_20190619_mouse39__E3_P1,x,4,3.1999998807907124,2,0.2592871485943775,3,0.26122754491017963,0.0019403963158021176,3984,4008,paper_width
Mouse,POLYIC_20190619_mouse39__E3_P1,x,5,3.1999998807907124,2,0.2103413654618474,2,0.20508982035928144,-0.005251545102565952,3984,4008,paper_width
Mouse,POLYIC_20190619_mouse39__E3_P1,x,6,3.1999998807907124,2,0.17394578313253012,3,0.17889221556886228,0.0049464324363321654,3984,4008,paper_width
Mouse,POLYIC_20190619_mouse39__E3_P1,x,7,3.1999998807907124,2,0.15813253012048192,2,0.1664171656686627,0.008284635548180763,3984,4008,paper_width
Mouse,POLYIC_20190619_mouse39__E3_P1,x,8,3.1999998807907124,6,0.13579317269076305,6,0.14296407185628743,0.00717089916552438,3984,4008,paper_width
Mouse,POLYIC_20190619_mouse39__E3_P1,y,2,4.999999925494195,1,0.5052727272727273,0,0.5320933625091174,0.02682063523639011,5500,5484,paper_width
Mouse,POLYIC_20190619_mouse39__E3_P1,y,3,4.999999925494195,2,0.3507272727272727,2,0.34992706053975203,-0.000800212187520688,5500,5484,paper_width
Mouse,POLYIC_20190619_mouse39__E3_P1,y,4,4.999999925494195,2,0.2672727272727273,2,0.2773522975929978,0.010079570320270514,5500,5484,paper_width
Mouse,POLYIC_20190619_mouse39__E3_P1,y,5,4.999999925494195,3,0.236,3,0.3491976659372721,0.1131976659372721,5500,5484,paper_width
Mouse,POLYIC_20190619_mouse39__E3_P1,y,6,4.999999925494195,2,0.17745454545454545,2,0.20167760758570386,0.024223062131158407,5500,5484,paper_width
Mouse,POLYIC_20190619_mouse39__E3_P1,y,7,4.999999925494195,3,0.1658181818181818,5,0.17450765864332604,0.008689476825144232,5500,5484,paper_width
Mouse,POLYIC_20190619_mouse39__E3_P1,y,8,4.999999925494195,2,0.14254545454545456,6,0.18052516411378555,0.037979709568330994,5500,5484,paper_width
Mouse,POLYIC_20190619_mouse42__E3_P1,x,2,3.1999998807907124,0,0.5025037556334502,1,0.5034705007436787,0.0009667451102285396,3994,4034,current_best
Mouse,POLYIC_20190619_mouse42__E3_P1,x,3,3.1999998807907124,1,0.33950926389584374,1,0.3438274665344571,0.004318202638613378,3994,4034,current_best
Mouse,POLYIC_20190619_mouse42__E3_P1,x,4,3.1999998807907124,2,0.2661492238357536,1,0.2545860188398612,-0.011563204995892418,3994,4034,current_best
Mouse,POLYIC_20190619_mouse42__E3_P1,x,5,3.1999998807907124,0,0.21932899349023535,0,0.20872583044124937,-0.01060316304898598,3994,4034,current_best
Mouse,POLYIC_20190619_mouse42__E3_P1,x,6,3.1999998807907124,4,0.17050575863795694,1,0.17302925136341102,0.002523492725454074,3994,4034,current_best
Mouse,POLYIC_20190619_mouse42__E3_P1,x,7,3.1999998807907124,6,0.16099148723084628,5,0.1663361427863163,0.005344655555470035,3994,4034,current_best
Mouse,POLYIC_20190619_mouse42__E3_P1,x,8,3.1999998807907124,2,0.1357035553329995,1,0.13435795736241943,-0.0013455979705800647,3994,4034,current_best
Mouse,POLYIC_20190619_mouse42__E3_P1,y,2,4.999999925494195,1,0.5154735272184937,0,0.572556943423953,0.057083416205459314,5364,5444,current_best
Mouse,POLYIC_20190619_mouse42__E3_P1,y,3,4.999999925494195,0,0.33687546607009694,0,0.3910727406318883,0.05419727456179135,5364,5444,current_best
Mouse,POLYIC_20190619_mouse42__E3_P1,y,4,4.999999925494195,3,0.26304996271439224,2,0.2946362968405584,0.03158633412616618,5364,5444,current_best
Mouse,POLYIC_20190619_mouse42__E3_P1,y,5,4.999999925494195,1,0.22054436987322892,0,0.34423218221895663,0.1236878123457277,5364,5444,current_best
Mouse,POLYIC_20190619_mouse42__E3_P1,y,6,4.999999925494195,5,0.18586875466070096,4,0.22942689199118296,0.043558137330482,5364,5444,current_best
Mouse,POLYIC_20190619_mouse42__E3_P1,y,7,4.999999925494195,0,0.15902311707680836,3,0.1618295371050698,0.0028064200282614526,5364,5444,current_best
Mouse,POLYIC_20190619_mouse42__E3_P1,y,8,4.999999925494195,3,0.14410887397464578,4,0.16936076414401174,0.025251890169365965,5364,5444,current_best
Mouse,POLYIC_20190619_mouse42__E3_P1,x,2,3.1999998807907124,0,0.5025037556334502,0,0.5148148148148148,0.012311059181364659,3994,4050,paper_width
Mouse,POLYIC_20190619_mouse42__E3_P1,x,3,3.1999998807907124,1,0.33950926389584374,1,0.34296296296296297,0.0034536990671192314,3994,4050,paper_width
Mouse,POLYIC_20190619_mouse42__E3_P1,x,4,3.1999998807907124,2,0.2661492238357536,0,0.2607407407407407,-0.005408483095012906,3994,4050,paper_width
Mouse,POLYIC_20190619_mouse42__E3_P1,x,5,3.1999998807907124,0,0.21932899349023535,0,0.22123456790123458,0.0019055744109992279,3994,4050,paper_width
Mouse,POLYIC_20190619_mouse42__E3_P1,x,6,3.1999998807907124,4,0.17050575863795694,4,0.1760493827160494,0.005543624078092446,3994,4050,paper_width
Mouse,POLYIC_20190619_mouse42__E3_P1,x,7,3.1999998807907124,6,0.16099148723084628,5,0.15679012345679014,-0.004201363774056138,3994,4050,paper_width
Mouse,POLYIC_20190619_mouse42__E3_P1,x,8,3.1999998807907124,2,0.1357035553329995,0,0.1419753086419753,0.006271753308975808,3994,4050,paper_width
Mouse,POLYIC_20190619_mouse42__E3_P1,y,2,4.999999925494195,1,0.5154735272184937,0,0.5902648265572548,0.07479129933876105,5364,5362,paper_width
Mouse,POLYIC_20190619_mouse42__E3_P1,y,3,4.999999925494195,0,0.33687546607009694,0,0.38698246922790003,0.05010700315780309,5364,5362,paper_width
Mouse,POLYIC_20190619_mouse42__E3_P1,y,4,4.999999925494195,3,0.26304996271439224,2,0.2982096232748974,0.03515966056050518,5364,5362,paper_width
Mouse,POLYIC_20190619_mouse42__E3_P1,y,5,4.999999925494195,1,0.22054436987322892,0,0.3491234613950019,0.12857909152177296,5364,5362,paper_width
Mouse,POLYIC_20190619_mouse42__E3_P1,y,6,4.999999925494195,5,0.18586875466070096,4,0.22342409548675868,0.037555340826057715,5364,5362,paper_width
Mouse,POLYIC_20190619_mouse42__E3_P1,y,7,4.999999925494195,0,0.15902311707680836,4,0.16057441253263707,0.0015512954558287162,5364,5362,paper_width
Mouse,POLYIC_20190619_mouse42__E3_P1,y,8,4.999999925494195,3,0.14410887397464578,4,0.18575158522939203,0.04164271125474625,5364,5362,paper_width
Mouse,POLYIC_20190619_mouse43__E3_P1,x,2,3.1999998807907124,1,0.5088148873653281,0,0.5118110236220472,0.0029961362567191285,4084,4064,current_best
Mouse,POLYIC_20190619_mouse43__E3_P1,x,3,3.1999998807907124,2,0.3396180215475024,2,0.3484251968503937,0.008807175302891268,4084,4064,current_best
Mouse,POLYIC_20190619_mouse43__E3_P1,x,4,3.1999998807907124,0,0.2615083251714006,0,0.2593503937007874,-0.002157931470613217,4084,4064,current_best
Mouse,POLYIC_20190619_mouse43__E3_P1,x,5,3.1999998807907124,1,0.21449559255631734,0,0.20521653543307086,-0.009279057123246476,4084,4064,current_best
Mouse,POLYIC_20190619_mouse43__E3_P1,x,6,3.1999998807907124,5,0.17580803134182174,2,0.1747047244094488,-0.0011033069323729272,4084,4064,current_best
Mouse,POLYIC_20190619_mouse43__E3_P1,x,7,3.1999998807907124,0,0.15523996082272282,0,0.1577263779527559,0.002486417130033086,4084,4064,current_best
Mouse,POLYIC_20190619_mouse43__E3_P1,x,8,3.1999998807907124,7,0.13491674828599412,6,0.13558070866141733,0.0006639603754232115,4084,4064,current_best
Mouse,POLYIC_20190619_mouse43__E3_P1,y,2,4.999999925494195,0,0.5091743119266054,0,0.5098634294385432,0.0006891175119377868,5232,5272,current_best
Mouse,POLYIC_20190619_mouse43__E3_P1,y,3,4.999999925494195,0,0.3388761467889908,0,0.3681714719271624,0.02929532513817157,5232,5272,current_best
Mouse,POLYIC_20190619_mouse43__E3_P1,y,4,4.999999925494195,2,0.2566896024464832,3,0.26783004552352047,0.011140443077037265,5232,5272,current_best
Mouse,POLYIC_20190619_mouse43__E3_P1,y,5,4.999999925494195,0,0.21521406727828746,0,0.3600151745068285,0.14480110722854106,5232,5272,current_best
Mouse,POLYIC_20190619_mouse43__E3_P1,y,6,4.999999925494195,4,0.1834862385321101,4,0.19954476479514416,0.016058526263034056,5232,5272,current_best
Mouse,POLYIC_20190619_mouse43__E3_P1,y,7,4.999999925494195,2,0.17392966360856268,3,0.17621396054628224,0.00228429693771956,5232,5272,current_best
Mouse,POLYIC_20190619_mouse43__E3_P1,y,8,4.999999925494195,6,0.15347859327217125,4,0.164453717754173,0.010975124482001747,5232,5272,current_best
Mouse,POLYIC_20190619_mouse43__E3_P1,x,2,3.1999998807907124,1,0.5088148873653281,0,0.5051521099116781,-0.003662777453649957,4084,4076,paper_width
Mouse,POLYIC_20190619_mouse43__E3_P1,x,3,3.1999998807907124,2,0.3396180215475024,0,0.33832188420019627,-0.0012961373473061588,4084,4076,paper_width
Mouse,POLYIC_20190619_mouse43__E3_P1,x,4,3.1999998807907124,0,0.2615083251714006,0,0.2578508341511286,-0.003657491020272019,4084,4076,paper_width
Mouse,POLYIC_20190619_mouse43__E3_P1,x,5,3.1999998807907124,1,0.21449559255631734,0,0.21516192345436702,0.0006663308980496829,4084,4076,paper_width
Mouse,POLYIC_20190619_mouse43__E3_P1,x,6,3.1999998807907124,5,0.17580803134182174,0,0.17075564278704614,-0.005052388554775605,4084,4076,paper_width
Mouse,POLYIC_20190619_mouse43__E3_P1,x,7,3.1999998807907124,0,0.15523996082272282,0,0.15652600588812562,0.0012860450654028077,4084,4076,paper_width
Mouse,POLYIC_20190619_mouse43__E3_P1,x,8,3.1999998807907124,7,0.13491674828599412,7,0.13910696761530914,0.004190219329315015,4084,4076,paper_width
Mouse,POLYIC_20190619_mouse43__E3_P1,y,2,4.999999925494195,0,0.5091743119266054,0,0.5124045801526718,0.003230268226066313,5232,5240,paper_width
Mouse,POLYIC_20190619_mouse43__E3_P1,y,3,4.999999925494195,0,0.3388761467889908,0,0.3616412213740458,0.022765074585055,5232,5240,paper_width
Mouse,POLYIC_20190619_mouse43__E3_P1,y,4,4.999999925494195,2,0.2566896024464832,0,0.27022900763358776,0.013539405187104558,5232,5240,paper_width
Mouse,POLYIC_20190619_mouse43__E3_P1,y,5,4.999999925494195,0,0.21521406727828746,0,0.3463740458015267,0.13115997852323924,5232,5240,paper_width
Mouse,POLYIC_20190619_mouse43__E3_P1,y,6,4.999999925494195,4,0.1834862385321101,4,0.20076335877862594,0.017277120246515842,5232,5240,paper_width
Mouse,POLYIC_20190619_mouse43__E3_P1,y,7,4.999999925494195,2,0.17392966360856268,3,0.17404580152671756,0.00011613791815487384,5232,5240,paper_width
Mouse,POLYIC_20190619_mouse43__E3_P1,y,8,4.999999925494195,6,0.15347859327217125,4,0.1687022900763359,0.015223696804164633,5232,5240,paper_width
Mouse,POLYIC_20190628_mouse33__E3_P1,x,2,3.1999998807907124,0,0.5121334681496461,0,0.5073084677419355,-0.004825000407710611,3956,3968,current_best
Mouse,POLYIC_20190628_mouse33__E3_P1,x,3,3.1999998807907124,2,0.35085945399393326,2,0.3467741935483871,-0.004085260445546135,3956,3968,current_best
Mouse,POLYIC_20190628_mouse33__E3_P1,x,4,3.1999998807907124,2,0.2616279069767442,2,0.25756048387096775,-0.004067423105776458,3956,3968,current_best
Mouse,POLYIC_20190628_mouse33__E3_P1,x,5,3.1999998807907124,4,0.21081900910010112,1,0.21597782258064516,0.005158813480544033,3956,3968,current_best
Mouse,POLYIC_20190628_mouse33__E3_P1,x,6,3.1999998807907124,5,0.17669362992922144,0,0.1822076612903226,0.0055140313611011516,3956,3968,current_best
Mouse,POLYIC_20190628_mouse33__E3_P1,x,7,3.1999998807907124,0,0.15091001011122346,0,0.16028225806451613,0.009372247953292667,3956,3968,current_best
Mouse,POLYIC_20190628_mouse33__E3_P1,x,8,3.1999998807907124,6,0.13675429726996965,6,0.13860887096774194,0.0018545736977722826,3956,3968,current_best
Mouse,POLYIC_20190628_mouse33__E3_P1,y,2,4.999999925494195,0,0.5018463810930576,0,0.5190127970749543,0.01716641598189672,5416,5470,current_best
Mouse,POLYIC_20190628_mouse33__E3_P1,y,3,4.999999925494195,1,0.33899556868537667,2,0.3853747714808044,0.04637920279542773,5416,5470,current_best
Mouse,POLYIC_20190628_mouse33__E3_P1,y,4,4.999999925494195,2,0.25406203840472674,2,0.2789762340036563,0.024914195598929545,5416,5470,current_best
Mouse,POLYIC_20190628_mouse33__E3_P1,y,5,4.999999925494195,3,0.22950516986706057,3,0.35612431444241316,0.1266191445753526,5416,5470,current_best
Mouse,POLYIC_20190628_mouse33__E3_P1,y,6,4.999999925494195,2,0.18112998522895127,2,0.23473491773308958,0.05360493250413831,5416,5470,current_best
Mouse,POLYIC_20190628_mouse33__E3_P1,y,7,4.999999925494195,3,0.15528064992614476,0,0.2076782449725777,0.05239759504643293,5416,5470,current_best
Mouse,POLYIC_20190628_mouse33__E3_P1,y,8,4.999999925494195,2,0.14143279172821271,1,0.196709323583181,0.05527653185496828,5416,5470,current_best
Mouse,POLYIC_20190628_mouse33__E3_P1,x,2,3.1999998807907124,0,0.5121334681496461,0,0.5079681274900398,-0.004165340659606276,3956,4016,paper_width
Mouse,POLYIC_20190628_mouse33__E3_P1,x,3,3.1999998807907124,2,0.35085945399393326,1,0.3423804780876494,-0.008478975906283881,3956,4016,paper_width
Mouse,POLYIC_20190628_mouse33__E3_P1,x,4,3.1999998807907124,2,0.2616279069767442,0,0.2604581673306773,-0.0011697396460669252,3956,4016,paper_width
Mouse,POLYIC_20190628_mouse33__E3_P1,x,5,3.1999998807907124,4,0.21081900910010112,1,0.20642430278884463,-0.004394706311256491,3956,4016,paper_width
Mouse,POLYIC_20190628_mouse33__E3_P1,x,6,3.1999998807907124,5,0.17669362992922144,4,0.17380478087649404,-0.0028888490527274047,3956,4016,paper_width
Mouse,POLYIC_20190628_mouse33__E3_P1,x,7,3.1999998807907124,0,0.15091001011122346,0,0.15961155378486055,0.008701543673637097,3956,4016,paper_width
Mouse,POLYIC_20190628_mouse33__E3_P1,x,8,3.1999998807907124,6,0.13675429726996965,4,0.14716135458167331,0.01040705731170366,3956,4016,paper_width
Mouse,POLYIC_20190628_mouse33__E3_P1,y,2,4.999999925494195,0,0.5018463810930576,0,0.5349094939046916,0.03306311281163399,5416,5414,paper_width
Mouse,POLYIC_20190628_mouse33__E3_P1,y,3,4.999999925494195,1,0.33899556868537667,2,0.36590321388991504,0.026907645204538366,5416,5414,paper_width
Mouse,POLYIC_20190628_mouse33__E3_P1,y,4,4.999999925494195,2,0.25406203840472674,2,0.2680088659032139,0.013946827498487135,5416,5414,paper_width
Mouse,POLYIC_20190628_mouse33__E3_P1,y,5,4.999999925494195,3,0.22950516986706057,3,0.3448466937569265,0.11534152388986593,5416,5414,paper_width
Mouse,POLYIC_20190628_mouse33__E3_P1,y,6,4.999999925494195,2,0.18112998522895127,2,0.21813816032508312,0.03700817509613186,5416,5414,paper_width
Mouse,POLYIC_20190628_mouse33__E3_P1,y,7,4.999999925494195,3,0.15528064992614476,0,0.1884004432951607,0.03311979336901594,5416,5414,paper_width
Mouse,POLYIC_20190628_mouse33__E3_P1,y,8,4.999999925494195,2,0.14143279172821271,1,0.1787957148134466,0.037362923085233896,5416,5414,paper_width
Mouse,POLYIC_20190628_mouse34__E6_P1,x,2,3.1999998807907124,0,0.5033197139938713,0,0.5100205549845838,0.006700840990712442,3916,3892,current_best
Mouse,POLYIC_20190628_mouse34__E6_P1,x,3,3.1999998807907124,2,0.3409090909090909,1,0.3404419321685509,-0.00046715874053998574,3916,3892,current_best
Mouse,POLYIC_20190628_mouse34__E6_P1,x,4,3.1999998807907124,2,0.26072522982635343,2,0.2649023638232271,0.004177133996873694,3916,3892,current_best
Mouse,POLYIC_20190628_mouse34__E6_P1,x,5,3.1999998807907124,0,0.21220633299284986,1,0.20606372045220966,-0.006142612540640191,3916,3892,current_best
Mouse,POLYIC_20190628_mouse34__E6_P1,x,6,3.1999998807907124,5,0.1764555669050051,4,0.18396711202466598,0.007511545119660873,3916,3892,current_best
Mouse,POLYIC_20190628_mouse34__E6_P1,x,7,3.1999998807907124,3,0.1511746680286006,4,0.15082219938335045,-0.00035246864525015353,3916,3892,current_best
Mouse,POLYIC_20190628_mouse34__E6_P1,x,8,3.1999998807907124,2,0.13789581205311544,1,0.14773895169578624,0.009843139642670806,3916,3892,current_best
Mouse,POLYIC_20190628_mouse34__E6_P1,y,2,4.999999925494195,1,0.5059501673484567,0,0.548716995165489,0.04276682781703234,5378,5378,current_best
Mouse,POLYIC_20190628_mouse34__E6_P1,y,3,4.999999925494195,2,0.3462253625883228,1,0.34659724804760134,0.00037188545927852035,5378,5378,current_best
Mouse,POLYIC_20190628_mouse34__E6_P1,y,4,4.999999925494195,1,0.2612495351431759,2,0.2759390107846783,0.014689475641502414,5378,5378,current_best
Mouse,POLYIC_20190628_mouse34__E6_P1,y,5,4.999999925494195,1,0.21309036816660468,0,0.3558943845295649,0.14280401636296022,5378,5378,current_best
Mouse,POLYIC_20190628_mouse34__E6_P1,y,6,4.999999925494195,5,0.1911491260691707,4,0.20490888806247676,0.013759761993306058,5378,5378,current_best
Mouse,POLYIC_20190628_mouse34__E6_P1,y,7,4.999999925494195,3,0.17869096318333952,5,0.1569356638155448,-0.021755299367794717,5378,5378,current_best
Mouse,POLYIC_20190628_mouse34__E6_P1,y,8,4.999999925494195,5,0.1569356638155448,6,0.20435105987355895,0.04741539605801415,5378,5378,current_best
Mouse,POLYIC_20190628_mouse34__E6_P1,x,2,3.1999998807907124,0,0.5033197139938713,1,0.5038032454361054,0.0004835314422341197,3916,3944,paper_width
Mouse,POLYIC_20190628_mouse34__E6_P1,x,3,3.1999998807907124,2,0.3409090909090909,1,0.3364604462474645,-0.004448644661626366,3916,3944,paper_width
Mouse,POLYIC_20190628_mouse34__E6_P1,x,4,3.1999998807907124,2,0.26072522982635343,2,0.2578600405679513,-0.0028651892584021232,3916,3944,paper_width
Mouse,POLYIC_20190628_mouse34__E6_P1,x,5,3.1999998807907124,0,0.21220633299284986,0,0.2086713995943205,-0.0035349333985293663,3916,3944,paper_width
Mouse,POLYIC_20190628_mouse34__E6_P1,x,6,3.1999998807907124,5,0.1764555669050051,5,0.1823022312373225,0.005846664332317397,3916,3944,paper_width
Mouse,POLYIC_20190628_mouse34__E6_P1,x,7,3.1999998807907124,3,0.1511746680286006,4,0.15365111561866127,0.0024764475900606597,3916,3944,paper_width
Mouse,POLYIC_20190628_mouse34__E6_P1,x,8,3.1999998807907124,2,0.13789581205311544,1,0.1366632860040568,-0.0012325260490586298,3916,3944,paper_width
Mouse,POLYIC_20190628_mouse34__E6_P1,y,2,4.999999925494195,1,0.5059501673484567,0,0.5415276232851316,0.03557745593667494,5378,5394,paper_width
Mouse,POLYIC_20190628_mouse34__E6_P1,y,3,4.999999925494195,2,0.3462253625883228,1,0.3390804597701149,-0.007144902818207899,5378,5394,paper_width
Mouse,POLYIC_20190628_mouse34__E6_P1,y,4,4.999999925494195,1,0.2612495351431759,2,0.28883945124212085,0.027589916098944955,5378,5394,paper_width
Mouse,POLYIC_20190628_mouse34__E6_P1,y,5,4.999999925494195,1,0.21309036816660468,2,0.3407489803485354,0.12765861218193073,5378,5394,paper_width
Mouse,POLYIC_20190628_mouse34__E6_P1,y,6,4.999999925494195,5,0.1911491260691707,4,0.1885428253615128,-0.0026063007076579103,5378,5394,paper_width
Mouse,POLYIC_20190628_mouse34__E6_P1,y,7,4.999999925494195,3,0.17869096318333952,4,0.1649981460882462,-0.013692817095093318,5378,5394,paper_width
Mouse,POLYIC_20190628_mouse34__E6_P1,y,8,4.999999925494195,5,0.1569356638155448,6,0.2282165368928439,0.0712808730772991,5378,5394,paper_width
Mouse,POLYIC_20190628_mouse35__E3_P1,x,2,3.1999998807907124,1,0.5177215189873418,1,0.5177484787018256,2.6959714483854036e-05,3950,3944,current_best
Mouse,POLYIC_20190628_mouse35__E3_P1,x,3,3.1999998807907124,0,0.3473417721518987,0,0.33975659229208927,-0.007585179859809443,3950,3944,current_best
Mouse,POLYIC_20190628_mouse35__E3_P1,x,4,3.1999998807907124,3,0.260253164556962,3,0.26140973630831643,0.0011565717513544183,3950,3944,current_best
Mouse,POLYIC_20190628_mouse35__E3_P1,x,5,3.1999998807907124,1,0.20810126582278482,1,0.2079107505070994,-0.00019051531568542446,3950,3944,current_best
Mouse,POLYIC_20190628_mouse35__E3_P1,x,6,3.1999998807907124,1,0.1850632911392405,1,0.18407707910750506,-0.000986212031735434,3950,3944,current_best
Mouse,POLYIC_20190628_mouse35__E3_P1,x,7,3.1999998807907124,1,0.1830379746835443,1,0.17038539553752535,-0.012652579146018944,3950,3944,current_best
Mouse,POLYIC_20190628_mouse35__E3_P1,x,8,3.1999998807907124,3,0.14405063291139242,3,0.14655172413793102,0.0025010912265386043,3950,3944,current_best
Mouse,POLYIC_20190628_mouse35__E3_P1,y,2,4.999999925494195,0,0.5054144884241971,1,0.568038561364479,0.06262407294028194,5356,5394,current_best
Mouse,POLYIC_20190628_mouse35__E3_P1,y,3,4.999999925494195,1,0.3448469006721434,2,0.3709677419354839,0.026120841263340466,5356,5394,current_best
Mouse,POLYIC_20190628_mouse35__E3_P1,y,4,4.999999925494195,3,0.2626960418222554,1,0.2918057100482017,0.029109668225946295,5356,5394,current_best
Mouse,POLYIC_20190628_mouse35__E3_P1,y,5,4.999999925494195,1,0.21359223300970873,2,0.3474230626622173,0.13383082965250856,5356,5394,current_best
Mouse,POLYIC_20190628_mouse35__E3_P1,y,6,4.999999925494195,3,0.18241224794622854,3,0.23155357804968482,0.04914133010345628,5356,5394,current_best
Mouse,POLYIC_20190628_mouse35__E3_P1,y,7,4.999999925494195,0,0.16392830470500375,0,0.16981831664812755,0.005890011943123802,5356,5394,current_best
Mouse,POLYIC_20190628_mouse35__E3_P1,y,8,4.999999925494195,3,0.13872292755787902,1,0.19781238413051538,0.05908945657263637,5356,5394,current_best
Mouse,POLYIC_20190628_mouse35__E3_P1,x,2,3.1999998807907124,1,0.5177215189873418,1,0.5060240963855421,-0.011697422601799623,3950,3984,paper_width
Mouse,POLYIC_20190628_mouse35__E3_P1,x,3,3.1999998807907124,0,0.3473417721518987,0,0.347640562248996,0.0002987900970972679,3950,3984,paper_width
Mouse,POLYIC_20190628_mouse35__E3_P1,x,4,3.1999998807907124,3,0.260253164556962,3,0.26029116465863456,3.800010167254175e-05,3950,3984,paper_width
Mouse,POLYIC_20190628_mouse35__E3_P1,x,5,3.1999998807907124,1,0.20810126582278482,1,0.21485943775100402,0.006758171928219203,3950,3984,paper_width
Mouse,POLYIC_20190628_mouse35__E3_P1,x,6,3.1999998807907124,1,0.1850632911392405,3,0.17595381526104417,-0.009109475878196327,3950,3984,paper_width
Mouse,POLYIC_20190628_mouse35__E3_P1,x,7,3.1999998807907124,1,0.1830379746835443,1,0.16716867469879518,-0.01586929998474912,3950,3984,paper_width
Mouse,POLYIC_20190628_mouse35__E3_P1,x,8,3.1999998807907124,3,0.14405063291139242,3,0.14834337349397592,0.0042927405825834986,3950,3984,paper_width
Mouse,POLYIC_20190628_mouse35__E3_P1,y,2,4.999999925494195,0,0.5054144884241971,1,0.5705772811918063,0.06516279276760917,5356,5370,paper_width
Mouse,POLYIC_20190628_mouse35__E3_P1,y,3,4.999999925494195,1,0.3448469006721434,2,0.36703910614525137,0.022192205473107962,5356,5370,paper_width
Mouse,POLYIC_20190628_mouse35__E3_P1,y,4,4.999999925494195,3,0.2626960418222554,1,0.28808193668528864,0.02538589486303322,5356,5370,paper_width
Mouse,POLYIC_20190628_mouse35__E3_P1,y,5,4.999999925494195,1,0.21359223300970873,2,0.3512104283054004,0.13761819529569166,5356,5370,paper_width
Mouse,POLYIC_20190628_mouse35__E3_P1,y,6,4.999999925494195,3,0.18241224794622854,3,0.21787709497206703,0.03546484702583849,5356,5370,paper_width
Mouse,POLYIC_20190628_mouse35__E3_P1,y,7,4.999999925494195,0,0.16392830470500375,0,0.1690875232774674,0.005159218572463653,5356,5370,paper_width
Mouse,POLYIC_20190628_mouse35__E3_P1,y,8,4.999999925494195,3,0.13872292755787902,1,0.19981378026070765,0.06109085270282863,5356,5370,paper_width
Mouse,POLYIC_20190628_mouse36__E3_P1,x,2,3.1999998807907124,1,0.5142787996127783,0,0.5050773694390716,-0.009201430173706782,4132,4136,current_best
Mouse,POLYIC_20190628_mouse36__E3_P1,x,3,3.1999998807907124,2,0.3477734753146176,2,0.34937137330754353,0.001597897992925923,4132,4136,current_best
Mouse,POLYIC_20190628_mouse36__E3_P1,x,4,3.1999998807907124,3,0.2633107454017425,0,0.2625725338491296,-0.0007382115526128885,4132,4136,current_best
Mouse,POLYIC_20190628_mouse36__E3_P1,x,5,3.1999998807907124,0,0.20716360116166505,3,0.2127659574468085,0.005602356285143467,4132,4136,current_best
Mouse,POLYIC_20190628_mouse36__E3_P1,x,6,3.1999998807907124,5,0.18635043562439496,5,0.17819148936170212,-0.00815894626269284,4132,4136,current_best
Mouse,POLYIC_20190628_mouse36__E3_P1,x,7,3.1999998807907124,4,0.15246853823814133,4,0.1518375241779497,-0.0006310140601916148,4132,4136,current_best
Mouse,POLYIC_20190628_mouse36__E3_P1,x,8,3.1999998807907124,1,0.13649564375605033,1,0.14095744680851063,0.0044618030524603,4132,4136,current_best
Mouse,POLYIC_20190628_mouse36__E3_P1,y,2,4.999999925494195,0,0.5149388048956084,1,0.5580853352456078,0.04314653034999938,5556,5578,current_best
Mouse,POLYIC_20190628_mouse36__E3_P1,y,3,4.999999925494195,1,0.34485241180705545,1,0.35926855503764793,0.014416143230592482,5556,5578,current_best
Mouse,POLYIC_20190628_mouse36__E3_P1,y,4,4.999999925494195,2,0.2687185025197984,1,0.31391179634277516,0.045193293822976766,5556,5578,current_best
Mouse,POLYIC_20190628_mouse36__E3_P1,y,5,4.999999925494195,3,0.226601871850252,2,0.359806382215848,0.133204510365596,5556,5578,current_best
Mouse,POLYIC_20190628_mouse36__E3_P1,y,6,4.999999925494195,0,0.1783657307415407,1,0.21351738974542847,0.03515165900388778,5556,5578,current_best
Mouse,POLYIC_20190628_mouse36__E3_P1,y,7,4.999999925494195,3,0.1677465802735781,6,0.17084976694155612,0.003103186667978014,5556,5578,current_best
Mouse,POLYIC_20190628_mouse36__E3_P1,y,8,4.999999925494195,1,0.1421886249100072,1,0.21620652563642884,0.07401790072642164,5556,5578,current_best
Mouse,POLYIC_20190628_mouse36__E3_P1,x,2,3.1999998807907124,1,0.5142787996127783,1,0.5075169738118331,-0.006761825800945198,4132,4124,paper_width
Mouse,POLYIC_20190628_mouse36__E3_P1,x,3,3.1999998807907124,2,0.3477734753146176,0,0.3435984481086324,-0.004175027205985227,4132,4124,paper_width
Mouse,POLYIC_20190628_mouse36__E3_P1,x,4,3.1999998807907124,3,0.2633107454017425,0,0.25630455868089236,-0.007006186720850127,4132,4124,paper_width
Mouse,POLYIC_20190628_mouse36__E3_P1,x,5,3.1999998807907124,0,0.20716360116166505,2,0.20223084384093112,-0.0049327573207339215,4132,4124,paper_width
Mouse,POLYIC_20190628_mouse36__E3_P1,x,6,3.1999998807907124,5,0.18635043562439496,5,0.18064985451018428,-0.005700581114210679,4132,4124,paper_width
Mouse,POLYIC_20190628_mouse36__E3_P1,x,7,3.1999998807907124,4,0.15246853823814133,0,0.1571290009699321,0.004660462731790771,4132,4124,paper_width
Mouse,POLYIC_20190628_mouse36__E3_P1,x,8,3.1999998807907124,1,0.13649564375605033,1,0.14209505334626577,0.005599409590215432,4132,4124,paper_width
Mouse,POLYIC_20190628_mouse36__E3_P1,y,2,4.999999925494195,0,0.5149388048956084,1,0.5411828737300436,0.026244068834435197,5556,5512,paper_width
Mouse,POLYIC_20190628_mouse36__E3_P1,y,3,4.999999925494195,1,0.34485241180705545,2,0.35649492017416545,0.011642508367110005,5556,5512,paper_width
Mouse,POLYIC_20190628_mouse36__E3_P1,y,4,4.999999925494195,2,0.2687185025197984,1,0.30007256894049344,0.03135406642069505,5556,5512,paper_width
Mouse,POLYIC_20190628_mouse36__E3_P1,y,5,4.999999925494195,3,0.226601871850252,2,0.35649492017416545,0.12989304832391346,5556,5512,paper_width
Mouse,POLYIC_20190628_mouse36__E3_P1,y,6,4.999999925494195,0,0.1783657307415407,1,0.21099419448476053,0.03262846374321984,5556,5512,paper_width
Mouse,POLYIC_20190628_mouse36__E3_P1,y,7,4.999999925494195,3,0.1677465802735781,0,0.1721698113207547,0.004423231047176596,5556,5512,paper_width
Mouse,POLYIC_20190628_mouse36__E3_P1,y,8,4.999999925494195,1,0.1421886249100072,1,0.2084542815674891,0.06626565665748191,5556,5512,paper_width
Mouse,POLYIC_20190629_polyic_mo__E3_P1,x,2,3.1999998807907124,1,0.5009940357852882,0,0.5193467336683417,0.018352697883053493,4024,3980,current_best
Mouse,POLYIC_20190629_polyic_mo__E3_P1,x,3,3.1999998807907124,2,0.3429423459244533,1,0.34095477386934675,-0.0019875720551065235,4024,3980,current_best
Mouse,POLYIC_20190629_polyic_mo__E3_P1,x,4,3.1999998807907124,3,0.26118290258449306,0,0.2620603015075377,0.0008773989230446144,4024,3980,current_best
Mouse,POLYIC_20190629_polyic_mo__E3_P1,x,5,3.1999998807907124,2,0.20526838966202784,4,0.21331658291457287,0.008048193252545022,4024,3980,current_best
Mouse,POLYIC_20190629_polyic_mo__E3_P1,x,6,3.1999998807907124,3,0.18116302186878727,4,0.1829145728643216,0.00175155099553434,4024,3980,current_best
Mouse,POLYIC_20190629_polyic_mo__E3_P1,x,7,3.1999998807907124,2,0.16451292246520874,3,0.16005025125628142,-0.004462671208927321,4024,3980,current_best
Mouse,POLYIC_20190629_polyic_mo__E3_P1,x,8,3.1999998807907124,7,0.13817097415506957,6,0.14045226130653266,0.002281287151463085,4024,3980,current_best
Mouse,POLYIC_20190629_polyic_mo__E3_P1,y,2,4.999999925494195,0,0.5070831819832909,1,0.5454052098408104,0.03832202785751948,5506,5528,current_best
Mouse,POLYIC_20190629_polyic_mo__E3_P1,y,3,4.999999925494195,1,0.3458045768252815,2,0.3475036179450072,0.0016990411197257416,5506,5528,current_best
Mouse,POLYIC_20190629_polyic_mo__E3_P1,y,4,4.999999925494195,2,0.2586269524155467,1,0.2901591895803184,0.031532237164771715,5506,5528,current_best
Mouse,POLYIC_20190629_polyic_mo__E3_P1,y,5,4.999999925494195,3,0.21503814021067927,2,0.361794500723589,0.14675636051290972,5506,5528,current_best
Mouse,POLYIC_20190629_polyic_mo__E3_P1,y,6,4.999999925494195,4,0.18779513258263714,3,0.20803183791606367,0.02023670533342653,5506,5528,current_best
Mouse,POLYIC_20190629_polyic_mo__E3_P1,y,7,4.999999925494195,0,0.15710134398837633,0,0.17311866859623734,0.01601732460786101,5506,5528,current_best
Mouse,POLYIC_20190629_polyic_mo__E3_P1,y,8,4.999999925494195,1,0.143116600072648,1,0.21183068017366136,0.06871408010101335,5506,5528,current_best
Mouse,POLYIC_20190629_polyic_mo__E3_P1,x,2,3.1999998807907124,1,0.5009940357852882,0,0.5074074074074074,0.0064133716221191905,4024,4050,paper_width
Mouse,POLYIC_20190629_polyic_mo__E3_P1,x,3,3.1999998807907124,2,0.3429423459244533,2,0.34296296296296297,2.0617038509695984e-05,4024,4050,paper_width
Mouse,POLYIC_20190629_polyic_mo__E3_P1,x,4,3.1999998807907124,3,0.26118290258449306,0,0.2545679012345679,-0.006615001349925154,4024,4050,paper_width
Mouse,POLYIC_20190629_polyic_mo__E3_P1,x,5,3.1999998807907124,2,0.20526838966202784,4,0.20864197530864198,0.0033735856466141356,4024,4050,paper_width
Mouse,POLYIC_20190629_polyic_mo__E3_P1,x,6,3.1999998807907124,3,0.18116302186878727,2,0.17876543209876544,-0.0023975897700218296,4024,4050,paper_width
Mouse,POLYIC_20190629_polyic_mo__E3_P1,x,7,3.1999998807907124,2,0.16451292246520874,3,0.15580246913580248,-0.00871045332940626,4024,4050,paper_width
Mouse,POLYIC_20190629_polyic_mo__E3_P1,x,8,3.1999998807907124,7,0.13817097415506957,6,0.134320987654321,-0.003849986500748581,4024,4050,paper_width
Mouse,POLYIC_20190629_polyic_mo__E3_P1,y,2,4.999999925494195,0,0.5070831819832909,1,0.5572783655600146,0.0501951835767237,5506,5482,paper_width
Mouse,POLYIC_20190629_polyic_mo__E3_P1,y,3,4.999999925494195,1,0.3458045768252815,2,0.3442174388909157,-0.0015871379343657677,5506,5482,paper_width
Mouse,POLYIC_20190629_polyic_mo__E3_P1,y,4,4.999999925494195,2,0.2586269524155467,1,0.29715432323969354,0.03852737082414687,5506,5482,paper_width
Mouse,POLYIC_20190629_polyic_mo__E3_P1,y,5,4.999999925494195,3,0.21503814021067927,2,0.3690259029551259,0.15398776274444662,5506,5482,paper_width
Mouse,POLYIC_20190629_polyic_mo__E3_P1,y,6,4.999999925494195,4,0.18779513258263714,3,0.20977745348412988,0.02198232090149274,5506,5482,paper_width
Mouse,POLYIC_20190629_polyic_mo__E3_P1,y,7,4.999999925494195,0,0.15710134398837633,0,0.1787668734038672,0.02166552941549088,5506,5482,paper_width
Mouse,POLYIC_20190629_polyic_mo__E3_P1,y,8,4.999999925494195,1,0.143116600072648,1,0.21488507843852608,0.07176847836587807,5506,5482,paper_width
Mouse,POLYIC_20190629_polyic_mo__E3_P1_1,x,2,3.1999998807907124,1,0.5091302258529553,0,0.5095928872250819,0.00046266137212658265,4162,4274,current_best
Mouse,POLYIC_20190629_polyic_mo__E3_P1_1,x,3,3.1999998807907124,1,0.3399807784718885,2,0.34885353299017313,0.00887275451828462,4162,4274,current_best
Mouse,POLYIC_20190629_polyic_mo__E3_P1_1,x,4,3.1999998807907124,3,0.2597308986064392,2,0.2678989237248479,0.008168025118408695,4162,4274,current_best
Mouse,POLYIC_20190629_polyic_mo__E3_P1_1,x,5,3.1999998807907124,4,0.2157616530514176,0,0.21782873186710341,0.0020670788156858244,4162,4274,current_best
Mouse,POLYIC_20190629_polyic_mo__E3_P1_1,x,6,3.1999998807907124,5,0.17683805862566074,2,0.1754796443612541,-0.0013584142644066377,4162,4274,current_best
Mouse,POLYIC_20190629_polyic_mo__E3_P1_1,x,7,3.1999998807907124,3,0.15233061028351755,3,0.15559195133364528,0.0032613410501277362,4162,4274,current_best
Mouse,POLYIC_20190629_polyic_mo__E3_P1_1,x,8,3.1999998807907124,3,0.13142719846227774,2,0.13617220402433317,0.0047450055620554266,4162,4274,current_best
Mouse,POLYIC_20190629_polyic_mo__E3_P1_1,y,2,4.999999925494195,1,0.5028538812785388,0,0.5224990702863518,0.01964518900781298,5256,5378,current_best
Mouse,POLYIC_20190629_polyic_mo__E3_P1_1,y,3,4.999999925494195,1,0.3369482496194825,1,0.3538490145035329,0.0169007648840504,5256,5378,current_best
Mouse,POLYIC_20190629_polyic_mo__E3_P1_1,y,4,4.999999925494195,2,0.2595129375951294,2,0.2904425436965415,0.0309296061014121,5256,5378,current_best
Mouse,POLYIC_20190629_polyic_mo__E3_P1_1,y,5,4.999999925494195,3,0.2197488584474886,2,0.35291930085533657,0.13317044240784798,5256,5378,current_best
Mouse,POLYIC_20190629_polyic_mo__E3_P1_1,y,6,4.999999925494195,0,0.1754185692541857,0,0.187244328746746,0.011825759492560317,5256,5378,current_best
Mouse,POLYIC_20190629_polyic_mo__E3_P1_1,y,7,4.999999925494195,6,0.14878234398782345,1,0.16697657121606546,0.018194227228242016,5256,5378,current_best
Mouse,POLYIC_20190629_polyic_mo__E3_P1_1,y,8,4.999999925494195,2,0.1430745814307458,2,0.1498698400892525,0.006795258658506692,5256,5378,current_best
Mouse,POLYIC_20190629_polyic_mo__E3_P1_1,x,2,3.1999998807907124,1,0.5091302258529553,0,0.5123339658444023,0.0032037399914469633,4162,4216,paper_width
Mouse,POLYIC_20190629_polyic_mo__E3_P1_1,x,3,3.1999998807907124,1,0.3399807784718885,1,0.34582542694497154,0.005844648473083025,4162,4216,paper_width
Mouse,POLYIC_20190629_polyic_mo__E3_P1_1,x,4,3.1999998807907124,3,0.2597308986064392,2,0.25830170777988615,-0.0014291908265530728,4162,4216,paper_width
Mouse,POLYIC_20190629_polyic_mo__E3_P1_1,x,5,3.1999998807907124,4,0.2157616530514176,0,0.22248576850094876,0.006724115449531165,4162,4216,paper_width
Mouse,POLYIC_20190629_polyic_mo__E3_P1_1,x,6,3.1999998807907124,5,0.17683805862566074,4,0.1793168880455408,0.002478829419880063,4162,4216,paper_width
Mouse,POLYIC_20190629_polyic_mo__E3_P1_1,x,7,3.1999998807907124,3,0.15233061028351755,2,0.15441176470588236,0.0020811544223648115,4162,4216,paper_width
Mouse,POLYIC_20190629_polyic_mo__E3_P1_1,x,8,3.1999998807907124,3,0.13142719846227774,2,0.13567362428842505,0.004246425826147315,4162,4216,paper_width
Mouse,POLYIC_20190629_polyic_mo__E3_P1_1,y,2,4.999999925494195,1,0.5028538812785388,0,0.5189969604863222,0.01614307920778335,5256,5264,paper_width
Mouse,POLYIC_20190629_polyic_mo__E3_P1_1,y,3,4.999999925494195,1,0.3369482496194825,1,0.3655015197568389,0.028553270137356423,5256,5264,paper_width
Mouse,POLYIC_20190629_polyic_mo__E3_P1_1,y,4,4.999999925494195,2,0.2595129375951294,2,0.29046352583586627,0.030950588240736876,5256,5264,paper_width
Mouse,POLYIC_20190629_polyic_mo__E3_P1_1,y,5,4.999999925494195,3,0.2197488584474886,2,0.34555471124620063,0.12580585279871204,5256,5264,paper_width
Mouse,POLYIC_20190629_polyic_mo__E3_P1_1,y,6,4.999999925494195,0,0.1754185692541857,1,0.1875,0.012081430745814303,5256,5264,paper_width
Mouse,POLYIC_20190629_polyic_mo__E3_P1_1,y,7,4.999999925494195,6,0.14878234398782345,6,0.16033434650455927,0.011552002516735826,5256,5264,paper_width
Mouse,POLYIC_20190629_polyic_mo__E3_P1_1,y,8,4.999999925494195,2,0.1430745814307458,2,0.1502659574468085,0.007191376016062706,5256,5264,paper_width
Mouse,POLYIC_20190629_polyic_mo__E3_P1_2,x,2,3.1999998807907124,1,0.5052058684335069,0,0.5028328611898017,-0.0023730072437051497,4226,4236,current_best
Mouse,POLYIC_20190629_polyic_mo__E3_P1_2,x,3,3.1999998807907124,2,0.3454803596781827,2,0.34985835694050993,0.004377997262327238,4226,4236,current_best
Mouse,POLYIC_20190629_polyic_mo__E3_P1_2,x,4,3.1999998807907124,3,0.26100331282536676,2,0.2577903682719547,-0.0032129445534120893,4226,4236,current_best
Mouse,POLYIC_20190629_polyic_mo__E3_P1_2,x,5,3.1999998807907124,4,0.2127307146237577,1,0.20939565627950896,-0.0033350583442487425,4226,4236,current_best
Mouse,POLYIC_20190629_polyic_mo__E3_P1_2,x,6,3.1999998807907124,5,0.1767628963558921,5,0.18649669499527857,0.009733798639386476,4226,4236,current_best
Mouse,POLYIC_20190629_polyic_mo__E3_P1_2,x,7,3.1999998807907124,3,0.15380974917179366,5,0.16288951841359772,0.009079769241804064,4226,4236,current_best
Mouse,POLYIC_20190629_polyic_mo__E3_P1_2,x,8,3.1999998807907124,0,0.13558920965451965,0,0.13503305004721436,-0.0005561596073052899,4226,4236,current_best
Mouse,POLYIC_20190629_polyic_mo__E3_P1_2,y,2,4.999999925494195,1,0.5213000367242012,1,0.5403137541043415,0.019013717380140238,5446,5482,current_best
Mouse,POLYIC_20190629_polyic_mo__E3_P1_2,y,3,4.999999925494195,0,0.35310319500550863,0,0.34294053265231667,-0.010162662353191965,5446,5482,current_best
Mouse,POLYIC_20190629_polyic_mo__E3_P1_2,y,4,4.999999925494195,3,0.2629452809401395,3,0.29222911346224006,0.02928383252210054,5446,5482,current_best
Mouse,POLYIC_20190629_polyic_mo__E3_P1_2,y,5,4.999999925494195,3,0.2219977965479251,3,0.35552717986136445,0.13352938331343936,5446,5482,current_best
Mouse,POLYIC_20190629_polyic_mo__E3_P1_2,y,6,4.999999925494195,3,0.1872934263679765,1,0.19700839109813936,0.009714964730162867,5446,5482,current_best
Mouse,POLYIC_20190629_polyic_mo__E3_P1_2,y,7,4.999999925494195,6,0.15662871832537642,2,0.16180226194819408,0.005173543622817661,5446,5482,current_best
Mouse,POLYIC_20190629_polyic_mo__E3_P1_2,y,8,4.999999925494195,5,0.15332354021300038,3,0.16034294053265233,0.007019400319651953,5446,5482,current_best
Mouse,POLYIC_20190629_polyic_mo__E3_P1_2,x,2,3.1999998807907124,1,0.5052058684335069,1,0.5023719165085389,-0.002833951924968048,4226,4216,paper_width
Mouse,POLYIC_20190629_polyic_mo__E3_P1_2,x,3,3.1999998807907124,2,0.3454803596781827,2,0.3408444022770398,-0.004635957401142865,4226,4216,paper_width
Mouse,POLYIC_20190629_polyic_mo__E3_P1_2,x,4,3.1999998807907124,3,0.26100331282536676,3,0.2670777988614801,0.006074486036113325,4226,4216,paper_width
Mouse,POLYIC_20190629_polyic_mo__E3_P1_2,x,5,3.1999998807907124,4,0.2127307146237577,0,0.21062618595825428,-0.0021045286655034245,4226,4216,paper_width
Mouse,POLYIC_20190629_polyic_mo__E3_P1_2,x,6,3.1999998807907124,5,0.1767628963558921,5,0.1769449715370019,0.0001820751811097976,4226,4216,paper_width
Mouse,POLYIC_20190629_polyic_mo__E3_P1_2,x,7,3.1999998807907124,3,0.15380974917179366,2,0.152988614800759,-0.0008211343710346486,4226,4216,paper_width
Mouse,POLYIC_20190629_polyic_mo__E3_P1_2,x,8,3.1999998807907124,0,0.13558920965451965,3,0.1392314990512334,0.003642289396713738,4226,4216,paper_width
Mouse,POLYIC_20190629_polyic_mo__E3_P1_2,y,2,4.999999925494195,1,0.5213000367242012,1,0.5511258767072721,0.029825839983070868,5446,5418,paper_width
Mouse,POLYIC_20190629_polyic_mo__E3_P1_2,y,3,4.999999925494195,0,0.35310319500550863,1,0.3418235511258767,-0.011279643879631929,5446,5418,paper_width
Mouse,POLYIC_20190629_polyic_mo__E3_P1_2,y,4,4.999999925494195,3,0.2629452809401395,3,0.30306386120339607,0.04011858026325654,5446,5418,paper_width
Mouse,POLYIC_20190629_polyic_mo__E3_P1_2,y,5,4.999999925494195,3,0.2219977965479251,3,0.35012919896640826,0.12813140241848317,5446,5418,paper_width
Mouse,POLYIC_20190629_polyic_mo__E3_P1_2,y,6,4.999999925494195,3,0.1872934263679765,1,0.2011812476928756,0.013887821324899102,5446,5418,paper_width
Mouse,POLYIC_20190629_polyic_mo__E3_P1_2,y,7,4.999999925494195,6,0.15662871832537642,6,0.16076042820228867,0.0041317098769122484,5446,5418,paper_width
Mouse,POLYIC_20190629_polyic_mo__E3_P1_2,y,8,4.999999925494195,5,0.15332354021300038,3,0.1686969361387966,0.01537339592579623,5446,5418,paper_width
Mouse,POLYIC_20190629_polyic_mo__E3_P1_3,x,2,3.1999998807907124,1,0.501287332646756,0,0.5111223458038423,0.009835013157086347,3884,3956,current_best
Mouse,POLYIC_20190629_polyic_mo__E3_P1_3,x,3,3.1999998807907124,1,0.34629248197734297,1,0.33695652173913043,-0.009335960238212537,3884,3956,current_best
Mouse,POLYIC_20190629_polyic_mo__E3_P1_3,x,4,3.1999998807907124,3,0.256951596292482,0,0.26238624873609706,0.005434652443615073,3884,3956,current_best
Mouse,POLYIC_20190629_polyic_mo__E3_P1_3,x,5,3.1999998807907124,1,0.20829042224510813,4,0.20930232558139536,0.0010119033362872287,3884,3956,current_best
Mouse,POLYIC_20190629_polyic_mo__E3_P1_3,x,6,3.1999998807907124,1,0.174562306900103,0,0.18023255813953487,0.005670251239431878,3884,3956,current_best
Mouse,POLYIC_20190629_polyic_mo__E3_P1_3,x,7,3.1999998807907124,6,0.1560247167868177,6,0.15495449949443882,-0.0010702172923788833,3884,3956,current_best
Mouse,POLYIC_20190629_polyic_mo__E3_P1_3,x,8,3.1999998807907124,3,0.13851699279093718,3,0.1365015166835187,-0.002015476107418479,3884,3956,current_best
Mouse,POLYIC_20190629_polyic_mo__E3_P1_3,y,2,4.999999925494195,0,0.5038574577516532,1,0.5295189504373178,0.025661492685664533,5444,5488,current_best
Mouse,POLYIC_20190629_polyic_mo__E3_P1_3,y,3,4.999999925494195,0,0.35635562086700956,2,0.35659620991253643,0.00024058904552687332,5444,5488,current_best
Mouse,POLYIC_20190629_polyic_mo__E3_P1_3,y,4,4.999999925494195,2,0.25991917707567963,1,0.28680758017492713,0.026888403099247504,5444,5488,current_best
Mouse,POLYIC_20190629_polyic_mo__E3_P1_3,y,5,4.999999925494195,3,0.21914033798677443,2,0.34766763848396504,0.1285273004971906,5444,5488,current_best
Mouse,POLYIC_20190629_polyic_mo__E3_P1_3,y,6,4.999999925494195,0,0.19948567229977957,1,0.20973032069970846,0.01024464839992889,5444,5488,current_best
Mouse,POLYIC_20190629_polyic_mo__E3_P1_3,y,7,4.999999925494195,3,0.16660543717854517,3,0.18385568513119532,0.01725024795265015,5444,5488,current_best
Mouse,POLYIC_20190629_polyic_mo__E3_P1_3,y,8,4.999999925494195,3,0.13739897134459955,1,0.17401603498542273,0.03661706364082318,5444,5488,current_best
Mouse,POLYIC_20190629_polyic_mo__E3_P1_3,x,2,3.1999998807907124,1,0.501287332646756,0,0.5122745490981964,0.010987216451440407,3884,3992,paper_width
Mouse,POLYIC_20190629_polyic_mo__E3_P1_3,x,3,3.1999998807907124,1,0.34629248197734297,1,0.34018036072144286,-0.006112121255900105,3884,3992,paper_width
Mouse,POLYIC_20190629_polyic_mo__E3_P1_3,x,4,3.1999998807907124,3,0.256951596292482,0,0.25851703406813625,0.001565437775654266,3884,3992,paper_width
Mouse,POLYIC_20190629_polyic_mo__E3_P1_3,x,5,3.1999998807907124,1,0.20829042224510813,2,0.20791583166332667,-0.0003745905817814643,3884,3992,paper_width
Mouse,POLYIC_20190629_polyic_mo__E3_P1_3,x,6,3.1999998807907124,1,0.174562306900103,4,0.17610220440881763,0.0015398975087146383,3884,3992,paper_width
Mouse,POLYIC_20190629_polyic_mo__E3_P1_3,x,7,3.1999998807907124,6,0.1560247167868177,5,0.15506012024048096,-0.0009645965463367379,3884,3992,paper_width
Mouse,POLYIC_20190629_polyic_mo__E3_P1_3,x,8,3.1999998807907124,3,0.13851699279093718,3,0.1372745490981964,-0.0012424436927407911,3884,3992,paper_width
Mouse,POLYIC_20190629_polyic_mo__E3_P1_3,y,2,4.999999925494195,0,0.5038574577516532,1,0.5100954478707783,0.00623799011912507,5444,5448,paper_width
Mouse,POLYIC_20190629_polyic_mo__E3_P1_3,y,3,4.999999925494195,0,0.35635562086700956,1,0.37701908957415564,0.020663468707146082,5444,5448,paper_width
Mouse,POLYIC_20190629_polyic_mo__E3_P1_3,y,4,4.999999925494195,2,0.25991917707567963,1,0.27881791483113066,0.018898737755451034,5444,5448,paper_width
Mouse,POLYIC_20190629_polyic_mo__E3_P1_3,y,5,4.999999925494195,3,0.21914033798677443,2,0.36361967694566816,0.14447933895889373,5444,5448,paper_width
Mouse,POLYIC_20190629_polyic_mo__E3_P1_3,y,6,4.999999925494195,0,0.19948567229977957,1,0.2156754772393539,0.016189804939574337,5444,5448,paper_width
Mouse,POLYIC_20190629_polyic_mo__E3_P1_3,y,7,4.999999925494195,3,0.16660543717854517,3,0.191079295154185,0.024473857975639834,5444,5448,paper_width
Mouse,POLYIC_20190629_polyic_mo__E3_P1_3,y,8,4.999999925494195,3,0.13739897134459955,1,0.17749632892804698,0.04009735758344743,5444,5448,paper_width
Mouse,POLYIC_20190629_polyic_mo__E3_P1_5,x,2,3.1999998807907124,1,0.5054590570719603,1,0.5066864784546805,0.0012274213827202507,4030,4038,current_best
Mouse,POLYIC_20190629_polyic_mo__E3_P1_5,x,3,3.1999998807907124,1,0.3426799007444169,1,0.3405151064883606,-0.0021647942560563127,4030,4038,current_best
Mouse,POLYIC_20190629_polyic_mo__E3_P1_5,x,4,3.1999998807907124,3,0.2669975186104218,3,0.26869737493808815,0.001699856327666338,4030,4038,current_best
Mouse,POLYIC_20190629_polyic_mo__E3_P1_5,x,5,3.1999998807907124,2,0.21761786600496277,2,0.21471025260029716,-0.00290761340466561,4030,4038,current_best
Mouse,POLYIC_20190629_polyic_mo__E3_P1_5,x,6,3.1999998807907124,4,0.17419354838709677,3,0.1738484398216939,-0.00034510856540287405,4030,4038,current_best
Mouse,POLYIC_20190629_polyic_mo__E3_P1_5,x,7,3.1999998807907124,2,0.16476426799007443,2,0.16468548786527984,-7.878012479459184e-05,4030,4038,current_best
Mouse,POLYIC_20190629_polyic_mo__E3_P1_5,x,8,3.1999998807907124,3,0.1334987593052109,3,0.14041604754829123,0.006917288243080327,4030,4038,current_best
Mouse,POLYIC_20190629_polyic_mo__E3_P1_5,y,2,4.999999925494195,1,0.5090339233038348,0,0.5190476190476191,0.010013695743784301,5424,5460,current_best
Mouse,POLYIC_20190629_polyic_mo__E3_P1_5,y,3,4.999999925494195,0,0.34494837758112096,2,0.37142857142857144,0.026480193847450484,5424,5460,current_best
Mouse,POLYIC_20190629_polyic_mo__E3_P1_5,y,4,4.999999925494195,3,0.25995575221238937,2,0.27985347985347986,0.01989772764109049,5424,5460,current_best
Mouse,POLYIC_20190629_polyic_mo__E3_P1_5,y,5,4.999999925494195,3,0.2206858407079646,3,0.3525641025641026,0.131878261856138,5424,5460,current_best
Mouse,POLYIC_20190629_polyic_mo__E3_P1_5,y,6,4.999999925494195,3,0.18215339233038347,2,0.22765567765567765,0.045502285325294184,5424,5460,current_best
Mouse,POLYIC_20190629_polyic_mo__E3_P1_5,y,7,4.999999925494195,3,0.18067846607669616,3,0.17032967032967034,-0.010348795747025824,5424,5460,current_best
Mouse,POLYIC_20190629_polyic_mo__E3_P1_5,y,8,4.999999925494195,5,0.14233038348082597,6,0.17967032967032967,0.0373399461895037,5424,5460,current_best
Mouse,POLYIC_20190629_polyic_mo__E3_P1_5,x,2,3.1999998807907124,1,0.5054590570719603,0,0.5019540791402052,-0.003504977931755082,4030,4094,paper_width
Mouse,POLYIC_20190629_polyic_mo__E3_P1_5,x,3,3.1999998807907124,1,0.3426799007444169,0,0.33756717147044457,-0.005112729273972327,4030,4094,paper_width
Mouse,POLYIC_20190629_polyic_mo__E3_P1_5,x,4,3.1999998807907124,3,0.2669975186104218,3,0.2677088422081094,0.0007113235976876076,4030,4094,paper_width
Mouse,POLYIC_20190629_polyic_mo__E3_P1_5,x,5,3.1999998807907124,2,0.21761786600496277,2,0.21836834391792867,0.0007504779129658967,4030,4094,paper_width
Mouse,POLYIC_20190629_polyic_mo__E3_P1_5,x,6,3.1999998807907124,4,0.17419354838709677,2,0.17635564240351734,0.0021620940164205626,4030,4094,paper_width
Mouse,POLYIC_20190629_polyic_mo__E3_P1_5,x,7,3.1999998807907124,2,0.16476426799007443,3,0.1575476306790425,-0.00721663731103192,4030,4094,paper_width
Mouse,POLYIC_20190629_polyic_mo__E3_P1_5,x,8,3.1999998807907124,3,0.1334987593052109,4,0.1358085002442599,0.002309740939048982,4030,4094,paper_width
Mouse,POLYIC_20190629_polyic_mo__E3_P1_5,y,2,4.999999925494195,1,0.5090339233038348,0,0.5201107011070111,0.011076777803176285,5424,5420,paper_width
Mouse,POLYIC_20190629_polyic_mo__E3_P1_5,y,3,4.999999925494195,0,0.34494837758112096,1,0.36494464944649446,0.019996271865373505,5424,5420,paper_width
Mouse,POLYIC_20190629_polyic_mo__E3_P1_5,y,4,4.999999925494195,3,0.25995575221238937,2,0.277859778597786,0.01790402638539662,5424,5420,paper_width
Mouse,POLYIC_20190629_polyic_mo__E3_P1_5,y,5,4.999999925494195,3,0.2206858407079646,2,0.34428044280442804,0.12359460209646345,5424,5420,paper_width
Mouse,POLYIC_20190629_polyic_mo__E3_P1_5,y,6,4.999999925494195,3,0.18215339233038347,2,0.20627306273062732,0.024119670400243848,5424,5420,paper_width
Mouse,POLYIC_20190629_polyic_mo__E3_P1_5,y,7,4.999999925494195,3,0.18067846607669616,3,0.17453874538745387,-0.0061397206892422895,5424,5420,paper_width
Mouse,POLYIC_20190629_polyic_mo__E3_P1_5,y,8,4.999999925494195,5,0.14233038348082597,6,0.19612546125461255,0.05379507777378659,5424,5420,paper_width
Mouse,POLYIC_20190629_polyic_mo__E4_P1_2,x,2,3.1999998807907124,0,0.505324298160697,1,0.5033751205400193,-0.0019491776206777,4132,4148,current_best
Mouse,POLYIC_20190629_polyic_mo__E4_P1_2,x,3,3.1999998807907124,1,0.33736689254598257,0,0.34281581485053036,0.005448922304547799,4132,4148,current_best
Mouse,POLYIC_20190629_polyic_mo__E4_P1_2,x,4,3.1999998807907124,3,0.2584704743465634,1,0.2668756027000964,0.00840512835353302,4132,4148,current_best
Mouse,POLYIC_20190629_polyic_mo__E4_P1_2,x,5,3.1999998807907124,1,0.20401742497579864,0,0.21239151398264225,0.00837408900684361,4132,4148,current_best
Mouse,POLYIC_20190629_polyic_mo__E4_P1_2,x,6,3.1999998807907124,2,0.17473378509196516,3,0.1750241080038573,0.0002903229118921269,4132,4148,current_best
Mouse,POLYIC_20190629_polyic_mo__E4_P1_2,x,7,3.1999998807907124,3,0.15198451113262343,1,0.1562198649951784,0.004235353862554969,4132,4148,current_best
Mouse,POLYIC_20190629_polyic_mo__E4_P1_2,x,8,3.1999998807907124,7,0.13770571151984512,0,0.1444069431051109,0.006701231585265782,4132,4148,current_best
Mouse,POLYIC_20190629_polyic_mo__E4_P1_2,y,2,4.999999925494195,1,0.5151953690303908,1,0.5126080691642652,-0.002587299866125603,5528,5552,current_best
Mouse,POLYIC_20190629_polyic_mo__E4_P1_2,y,3,4.999999925494195,0,0.34876989869753977,2,0.35644812680115273,0.007678228103612961,5528,5552,current_best
Mouse,POLYIC_20190629_polyic_mo__E4_P1_2,y,4,4.999999925494195,1,0.26157742402315487,1,0.2849423631123919,0.023364939089237036,5528,5552,current_best
Mouse,POLYIC_20190629_polyic_mo__E4_P1_2,y,5,4.999999925494195,1,0.21164978292329956,0,0.3425792507204611,0.13092946779716153,5528,5552,current_best
Mouse,POLYIC_20190629_polyic_mo__E4_P1_2,y,6,4.999999925494195,1,0.1935600578871201,2,0.19434438040345822,0.0007843225163381151,5528,5552,current_best
Mouse,POLYIC_20190629_polyic_mo__E4_P1_2,y,7,4.999999925494195,3,0.17547033285094066,3,0.180835734870317,0.005365402019376353,5528,5552,current_best
Mouse,POLYIC_20190629_polyic_mo__E4_P1_2,y,8,4.999999925494195,5,0.14272793053545585,4,0.1640850144092219,0.02135708387376606,5528,5552,current_best
Mouse,POLYIC_20190629_polyic_mo__E4_P1_2,x,2,3.1999998807907124,0,0.505324298160697,0,0.5,-0.005324298160697016,4132,4172,paper_width
Mouse,POLYIC_20190629_polyic_mo__E4_P1_2,x,3,3.1999998807907124,1,0.33736689254598257,0,0.3432406519654842,0.005873759419501634,4132,4172,paper_width
Mouse,POLYIC_20190629_polyic_mo__E4_P1_2,x,4,3.1999998807907124,3,0.2584704743465634,0,0.2641418983700863,0.005671424023522886,4132,4172,paper_width
Mouse,POLYIC_20190629_polyic_mo__E4_P1_2,x,5,3.1999998807907124,1,0.20401742497579864,2,0.21140939597315436,0.0073919709973557235,4132,4172,paper_width
Mouse,POLYIC_20190629_polyic_mo__E4_P1_2,x,6,3.1999998807907124,2,0.17473378509196516,3,0.17809204218600191,0.003358257094036754,4132,4172,paper_width
Mouse,POLYIC_20190629_polyic_mo__E4_P1_2,x,7,3.1999998807907124,3,0.15198451113262343,2,0.15963566634707574,0.00765115521445231,4132,4172,paper_width
Mouse,POLYIC_20190629_polyic_mo__E4_P1_2,x,8,3.1999998807907124,7,0.13770571151984512,0,0.1361457334611697,-0.0015599780586754153,4132,4172,paper_width
Mouse,POLYIC_20190629_polyic_mo__E4_P1_2,y,2,4.999999925494195,1,0.5151953690303908,1,0.5057971014492754,-0.009398267581115394,5528,5520,paper_width
Mouse,POLYIC_20190629_polyic_mo__E4_P1_2,y,3,4.999999925494195,0,0.34876989869753977,2,0.35579710144927534,0.007027202751735573,5528,5520,paper_width
Mouse,POLYIC_20190629_polyic_mo__E4_P1_2,y,4,4.999999925494195,1,0.26157742402315487,1,0.2875,0.025922575976845108,5528,5520,paper_width
Mouse,POLYIC_20190629_polyic_mo__E4_P1_2,y,5,4.999999925494195,1,0.21164978292329956,2,0.33967391304347827,0.12802413012017871,5528,5520,paper_width
Mouse,POLYIC_20190629_polyic_mo__E4_P1_2,y,6,4.999999925494195,1,0.1935600578871201,2,0.20253623188405798,0.00897617399693787,5528,5520,paper_width
Mouse,POLYIC_20190629_polyic_mo__E4_P1_2,y,7,4.999999925494195,3,0.17547033285094066,3,0.17409420289855074,-0.0013761299523899206,5528,5520,paper_width
Mouse,POLYIC_20190629_polyic_mo__E4_P1_2,y,8,4.999999925494195,5,0.14272793053545585,6,0.17282608695652174,0.03009815642106589,5528,5520,paper_width
Mouse,POLYIC_20190629_polyic_mo__E4_P1_4,x,2,3.1999998807907124,1,0.5048100048100048,1,0.5101253616200578,0.005315356810053018,4158,4148,current_best
Mouse,POLYIC_20190629_polyic_mo__E4_P1_4,x,3,3.1999998807907124,1,0.3354978354978355,2,0.33799421407907426,0.002496378581238745,4158,4148,current_best
Mouse,POLYIC_20190629_polyic_mo__E4_P1_4,x,4,3.1999998807907124,3,0.25901875901875904,3,0.25578592092574737,-0.0032328380930116696,4158,4148,current_best
Mouse,POLYIC_20190629_polyic_mo__E4_P1_4,x,5,3.1999998807907124,4,0.20514670514670516,0,0.211427193828351,0.006280488681645852,4158,4148,current_best
Mouse,POLYIC_20190629_polyic_mo__E4_P1_4,x,6,3.1999998807907124,3,0.1738816738816739,1,0.17767598842815815,0.0037943145464842676,4158,4148,current_best
Mouse,POLYIC_20190629_polyic_mo__E4_P1_4,x,7,3.1999998807907124,2,0.15488215488215487,3,0.15549662487945998,0.000614469997305106,4158,4148,current_best
Mouse,POLYIC_20190629_polyic_mo__E4_P1_4,x,8,3.1999998807907124,7,0.13732563732563732,5,0.14006750241080038,0.0027418650851630533,4158,4148,current_best
Mouse,POLYIC_20190629_polyic_mo__E4_P1_4,y,2,4.999999925494195,1,0.503302752293578,1,0.5110051357300074,0.007702383436429372,5450,5452,current_best
Mouse,POLYIC_20190629_polyic_mo__E4_P1_4,y,3,4.999999925494195,2,0.3774311926605505,2,0.3503301540719002,-0.02710103858865026,5450,5452,current_best
Mouse,POLYIC_20190629_polyic_mo__E4_P1_4,y,4,4.999999925494195,2,0.26238532110091745,3,0.2681584739545121,0.005773152853594643,5450,5452,current_best
Mouse,POLYIC_20190629_polyic_mo__E4_P1_4,y,5,4.999999925494195,1,0.23577981651376148,2,0.36683785766691124,0.13105804115314976,5450,5452,current_best
Mouse,POLYIC_20190629_polyic_mo__E4_P1_4,y,6,4.999999925494195,2,0.19247706422018349,5,0.19075568598679385,-0.0017213782333896366,5450,5452,current_best
Mouse,POLYIC_20190629_polyic_mo__E4_P1_4,y,7,4.999999925494195,6,0.15614678899082568,2,0.15792369772560527,0.001776908734779592,5450,5452,current_best
Mouse,POLYIC_20190629_polyic_mo__E4_P1_4,y,8,4.999999925494195,2,0.138348623853211,2,0.15553925165077037,0.017190627797559366,5450,5452,current_best
Mouse,POLYIC_20190629_polyic_mo__E4_P1_4,x,2,3.1999998807907124,1,0.5048100048100048,1,0.5173410404624278,0.012531035652422973,4158,4152,paper_width
Mouse,POLYIC_20190629_polyic_mo__E4_P1_4,x,3,3.1999998807907124,1,0.3354978354978355,2,0.33790944123314065,0.0024116057353051334,4158,4152,paper_width
Mouse,POLYIC_20190629_polyic_mo__E4_P1_4,x,4,3.1999998807907124,3,0.25901875901875904,3,0.2680635838150289,0.00904482479626989,4158,4152,paper_width
Mouse,POLYIC_20190629_polyic_mo__E4_P1_4,x,5,3.1999998807907124,4,0.20514670514670516,0,0.20785163776493257,0.002704932618227407,4158,4152,paper_width
Mouse,POLYIC_20190629_polyic_mo__E4_P1_4,x,6,3.1999998807907124,3,0.1738816738816739,3,0.17389210019267823,1.0426311004341215e-05,4158,4152,paper_width
Mouse,POLYIC_20190629_polyic_mo__E4_P1_4,x,7,3.1999998807907124,2,0.15488215488215487,2,0.1577552986512524,0.0028731437690975303,4158,4152,paper_width
Mouse,POLYIC_20190629_polyic_mo__E4_P1_4,x,8,3.1999998807907124,7,0.13732563732563732,5,0.13680154142581888,-0.0005240958998184442,4158,4152,paper_width
Mouse,POLYIC_20190629_polyic_mo__E4_P1_4,y,2,4.999999925494195,1,0.503302752293578,1,0.523509811181044,0.02020705888746599,5450,5402,paper_width
Mouse,POLYIC_20190629_polyic_mo__E4_P1_4,y,3,4.999999925494195,2,0.3774311926605505,1,0.3522769344687153,-0.0251542581918352,5450,5402,paper_width
Mouse,POLYIC_20190629_polyic_mo__E4_P1_4,y,4,4.999999925494195,2,0.26238532110091745,3,0.2637911884487227,0.0014058673478052341,5450,5402,paper_width
Mouse,POLYIC_20190629_polyic_mo__E4_P1_4,y,5,4.999999925494195,1,0.23577981651376148,2,0.35486856719733434,0.11908875068357286,5450,5402,paper_width
Mouse,POLYIC_20190629_polyic_mo__E4_P1_4,y,6,4.999999925494195,2,0.19247706422018349,5,0.1891891891891892,-0.003287875030994286,5450,5402,paper_width
Mouse,POLYIC_20190629_polyic_mo__E4_P1_4,y,7,4.999999925494195,6,0.15614678899082568,5,0.15605331358756017,-9.347540326551385e-05,5450,5402,paper_width
Mouse,POLYIC_20190629_polyic_mo__E4_P1_4,y,8,4.999999925494195,2,0.138348623853211,7,0.15049981488337652,0.012151191030165515,5450,5402,paper_width
