domain,subject,native_coordinate_axis,candidate_factor_pixels,expected_level1_footprint_pixels,expert_best_residue,expert_max_alignment_fraction,prediction_best_residue,prediction_max_alignment_fraction,prediction_minus_expert_alignment,expert_transition_count,prediction_transition_count,condition
CAMRI,064,x,2,1.5999999403953562,0,0.50346511261616,0,0.5003919724051427,-0.0030731402110173445,12698,12756,current_best
CAMRI,064,x,3,1.5999999403953562,2,0.3354071507323988,2,0.3385073690812167,0.003100218348817907,12698,12756,current_best
CAMRI,064,x,4,1.5999999403953562,0,0.25791463222554734,0,0.26175917215428035,0.003844539928733015,12698,12756,current_best
CAMRI,064,x,5,1.5999999403953562,4,0.21389195148842338,4,0.21966133584195674,0.005769384353533358,12698,12756,current_best
CAMRI,064,x,6,1.5999999403953562,5,0.1803433611592377,5,0.18697083725305738,0.006627476093819695,12698,12756,current_best
CAMRI,064,x,7,1.5999999403953562,1,0.16711293117026305,1,0.16933207902163688,0.002219147851373837,12698,12756,current_best
CAMRI,064,x,8,1.5999999403953562,1,0.14789730666246653,1,0.15443712762621511,0.006539820963748583,12698,12756,current_best
CAMRI,064,y,2,2.4999999627470975,1,0.5084377397085145,1,0.5211839121613557,0.012746172452841265,7822,8379,current_best
CAMRI,064,y,3,2.4999999627470975,2,0.3394272564561493,2,0.3622150614631818,0.02278780500703248,7822,8379,current_best
CAMRI,064,y,4,2.4999999627470975,3,0.2550498593710049,3,0.28237259816207183,0.027322738791066947,7822,8379,current_best
CAMRI,064,y,5,2.4999999627470975,2,0.20646893377652775,3,0.24107888769542904,0.03460995391890129,7822,8379,current_best
CAMRI,064,y,6,2.4999999627470975,5,0.17847097928918434,5,0.20599116839718343,0.027520189107999082,7822,8379,current_best
CAMRI,064,y,7,2.4999999627470975,1,0.14727691127588852,3,0.17400644468313642,0.026729533407247902,7822,8379,current_best
CAMRI,064,y,8,2.4999999627470975,7,0.13244694451546918,7,0.1655328798185941,0.033085935303124925,7822,8379,current_best
CAMRI,064,x,2,1.5999999403953562,0,0.50346511261616,1,0.5011646527878876,-0.0023004598282724276,12698,13738,unetr_style
CAMRI,064,x,3,1.5999999403953562,2,0.3354071507323988,2,0.335274421313146,-0.00013272941925279724,12698,13738,unetr_style
CAMRI,064,x,4,1.5999999403953562,0,0.25791463222554734,0,0.26721502402096375,0.009300391795416418,12698,13738,unetr_style
CAMRI,064,x,5,1.5999999403953562,4,0.21389195148842338,4,0.21123889940311544,-0.0026530520853079442,12698,13738,unetr_style
CAMRI,064,x,6,1.5999999403953562,5,0.1803433611592377,5,0.18517979327413014,0.004836432114892458,12698,13738,unetr_style
CAMRI,064,x,7,1.5999999403953562,1,0.16711293117026305,1,0.1626146455088077,-0.0044982856614553535,12698,13738,unetr_style
CAMRI,064,x,8,1.5999999403953562,1,0.14789730666246653,0,0.14929392924734314,0.0013966225848766056,12698,13738,unetr_style
CAMRI,064,y,2,2.4999999627470975,1,0.5084377397085145,1,0.5106781153676795,0.002240375659165017,7822,9084,unetr_style
CAMRI,064,y,3,2.4999999627470975,2,0.3394272564561493,0,0.33740642888595335,-0.002020827570195949,7822,9084,unetr_style
CAMRI,064,y,4,2.4999999627470975,3,0.2550498593710049,3,0.2559445178335535,0.0008946584625486032,7822,9084,unetr_style
CAMRI,064,y,5,2.4999999627470975,2,0.20646893377652775,4,0.21774548656979303,0.011276552793265282,7822,9084,unetr_style
CAMRI,064,y,6,2.4999999627470975,5,0.17847097928918434,3,0.1741523557904007,-0.004318623498783647,7822,9084,unetr_style
CAMRI,064,y,7,2.4999999627470975,1,0.14727691127588852,6,0.15235579040070454,0.005078879124816027,7822,9084,unetr_style
CAMRI,064,y,8,2.4999999627470975,7,0.13244694451546918,7,0.1361734918538089,0.003726547338339714,7822,9084,unetr_style
CAMRI,007,x,2,3.1999998807907124,0,0.5756929637526652,1,0.5196011004126547,-0.056091863340010484,2814,2908,current_best
CAMRI,007,x,3,3.1999998807907124,0,0.34506041222459133,0,0.35385144429160936,0.008791032067018034,2814,2908,current_best
CAMRI,007,x,4,3.1999998807907124,2,0.3034825870646766,3,0.2740715268225585,-0.029411060242118148,2814,2908,current_best
CAMRI,007,x,5,3.1999998807907124,2,0.2085998578535892,0,0.2125171939477304,0.003917336094141188,2814,2908,current_best
CAMRI,007,x,6,3.1999998807907124,0,0.19900497512437812,3,0.1887895460797799,-0.010215429044598212,2814,2908,current_best
CAMRI,007,x,7,3.1999998807907124,3,0.16062544420753375,5,0.16162310866574967,0.0009976644582159189,2814,2908,current_best
CAMRI,007,x,8,3.1999998807907124,6,0.15636105188343993,7,0.13892709766162312,-0.017433954221816816,2814,2908,current_best
CAMRI,007,y,2,4.999999925494195,0,0.556926528323051,0,0.5240089335566722,-0.03291759476637879,3566,3582,current_best
CAMRI,007,y,3,4.999999925494195,1,0.339035333707235,1,0.3458961474036851,0.006860813696450085,3566,3582,current_best
CAMRI,007,y,4,4.999999925494195,0,0.3051037577117218,0,0.2646566164154104,-0.04044714129631144,3566,3582,current_best
CAMRI,007,y,5,4.999999925494195,0,0.2319125070106562,1,0.33556672250139585,0.10365421549073967,3566,3582,current_best
CAMRI,007,y,6,4.999999925494195,2,0.18900729108244532,0,0.18592964824120603,-0.003077642841239292,3566,3582,current_best
CAMRI,007,y,7,4.999999925494195,6,0.16320807627593942,5,0.20268006700167504,0.03947199072573562,3566,3582,current_best
CAMRI,007,y,8,4.999999925494195,0,0.16881660123387549,7,0.19905080960357344,0.03023420836969795,3566,3582,current_best
CAMRI,007,x,2,3.1999998807907124,0,0.5756929637526652,0,0.5033266799733865,-0.07236628377927867,2814,3006,unetr_style
CAMRI,007,x,3,3.1999998807907124,0,0.34506041222459133,0,0.34464404524284764,-0.0004163669817436877,2814,3006,unetr_style
CAMRI,007,x,4,3.1999998807907124,2,0.3034825870646766,2,0.25848303393213573,-0.04499955313254089,2814,3006,unetr_style
CAMRI,007,x,5,3.1999998807907124,2,0.2085998578535892,0,0.2102461743180306,0.0016463164644414108,2814,3006,unetr_style
CAMRI,007,x,6,3.1999998807907124,0,0.19900497512437812,3,0.17465069860279442,-0.0243542765215837,2814,3006,unetr_style
CAMRI,007,x,7,3.1999998807907124,3,0.16062544420753375,5,0.16300731869594146,0.002381874488407709,2814,3006,unetr_style
CAMRI,007,x,8,3.1999998807907124,6,0.15636105188343993,6,0.1317365269461078,-0.024624524937332137,2814,3006,unetr_style
CAMRI,007,y,2,4.999999925494195,0,0.556926528323051,0,0.5222283205268935,-0.03469820779615751,3566,3644,unetr_style
CAMRI,007,y,3,4.999999925494195,1,0.339035333707235,1,0.3413830954994512,0.0023477617922161853,3566,3644,unetr_style
CAMRI,007,y,4,4.999999925494195,0,0.3051037577117218,0,0.2711306256860593,-0.033973132025662545,3566,3644,unetr_style
CAMRI,007,y,5,4.999999925494195,0,0.2319125070106562,1,0.3389132821075741,0.10700077509691791,3566,3644,unetr_style
CAMRI,007,y,6,4.999999925494195,2,0.18900729108244532,0,0.18660812294182216,-0.002399168140623159,3566,3644,unetr_style
CAMRI,007,y,7,4.999999925494195,6,0.16320807627593942,5,0.21295279912184412,0.0497447228459047,3566,3644,unetr_style
CAMRI,007,y,8,4.999999925494195,0,0.16881660123387549,4,0.19538968166849616,0.02657308043462067,3566,3644,unetr_style
CAMRI,043,x,2,3.1999998807907124,0,0.5821508588498879,1,0.5350877192982456,-0.04706313955164232,2678,2736,current_best
CAMRI,043,x,3,3.1999998807907124,0,0.35175504107542943,2,0.3391812865497076,-0.012573754525721847,2678,2736,current_best
CAMRI,043,x,4,3.1999998807907124,2,0.2983569828230022,3,0.2679093567251462,-0.030447626097856006,2678,2736,current_best
CAMRI,043,x,5,3.1999998807907124,1,0.21135175504107542,0,0.22039473684210525,0.009042981801029831,2678,2736,current_best
CAMRI,043,x,6,3.1999998807907124,0,0.21135175504107542,1,0.18676900584795322,-0.0245827491931222,2678,2736,current_best
CAMRI,043,x,7,3.1999998807907124,3,0.15571321882001493,5,0.15314327485380116,-0.002569943966213767,2678,2736,current_best
CAMRI,043,x,8,3.1999998807907124,2,0.16019417475728157,5,0.14619883040935672,-0.013995344347924848,2678,2736,current_best
CAMRI,043,y,2,4.999999925494195,0,0.5787146226415094,0,0.5180863477246208,-0.0606282749168886,3392,3428,current_best
CAMRI,043,y,3,4.999999925494195,1,0.33726415094339623,2,0.3929404900816803,0.05567633913828407,3392,3428,current_best
CAMRI,043,y,4,4.999999925494195,0,0.30395047169811323,2,0.2660443407234539,-0.037906130974659336,3392,3428,current_best
CAMRI,043,y,5,4.999999925494195,4,0.21226415094339623,3,0.33751458576429405,0.12525043482089782,3392,3428,current_best
CAMRI,043,y,6,4.999999925494195,2,0.2016509433962264,2,0.19778296382730456,-0.0038679795689218477,3392,3428,current_best
CAMRI,043,y,7,4.999999925494195,6,0.15566037735849056,6,0.1834889148191365,0.027828537460645952,3392,3428,current_best
CAMRI,043,y,8,4.999999925494195,6,0.15683962264150944,6,0.18757292882147025,0.030733306179960812,3392,3428,current_best
CAMRI,043,x,2,3.1999998807907124,0,0.5821508588498879,1,0.5296191819464033,-0.05253167690348459,2678,2836,unetr_style
CAMRI,043,x,3,3.1999998807907124,0,0.35175504107542943,1,0.34520451339915376,-0.006550527676275675,2678,2836,unetr_style
CAMRI,043,x,4,3.1999998807907124,2,0.2983569828230022,1,0.2757404795486601,-0.022616503274342115,2678,2836,unetr_style
CAMRI,043,x,5,3.1999998807907124,1,0.21135175504107542,0,0.20698166431593795,-0.004370090725137471,2678,2836,unetr_style
CAMRI,043,x,6,3.1999998807907124,0,0.21135175504107542,1,0.192524682651622,-0.018827072389453414,2678,2836,unetr_style
CAMRI,043,x,7,3.1999998807907124,3,0.15571321882001493,6,0.15726375176304655,0.0015505329430316184,2678,2836,unetr_style
CAMRI,043,x,8,3.1999998807907124,2,0.16019417475728157,5,0.14915373765867418,-0.011040437098607386,2678,2836,unetr_style
CAMRI,043,y,2,4.999999925494195,0,0.5787146226415094,0,0.5295807007466973,-0.04913392189481214,3392,3482,unetr_style
CAMRI,043,y,3,4.999999925494195,1,0.33726415094339623,2,0.39661114302125217,0.05934699207785593,3392,3482,unetr_style
CAMRI,043,y,4,4.999999925494195,0,0.30395047169811323,2,0.2857553130384836,-0.018195158659629618,3392,3482,unetr_style
CAMRI,043,y,5,4.999999925494195,4,0.21226415094339623,3,0.3388856978747846,0.12662154693138838,3392,3482,unetr_style
CAMRI,043,y,6,4.999999925494195,2,0.2016509433962264,2,0.20907524411257897,0.007424300716352555,3392,3482,unetr_style
CAMRI,043,y,7,4.999999925494195,6,0.15566037735849056,6,0.17633543940264215,0.020675062044151593,3392,3482,unetr_style
CAMRI,043,y,8,4.999999925494195,6,0.15683962264150944,6,0.20390580126364158,0.04706617862213214,3392,3482,unetr_style
CAMRI,078,x,2,1.5999999403953562,0,0.5036836935166994,0,0.5096359743040685,0.005952280787369091,12216,12142,current_best
CAMRI,078,x,3,1.5999999403953562,1,0.34372953503601833,1,0.3431889309833635,-0.000540604052654825,12216,12142,current_best
CAMRI,078,x,4,1.5999999403953562,0,0.2687459070072037,0,0.2762312633832976,0.007485356376093932,12216,12142,current_best
CAMRI,078,x,5,1.5999999403953562,2,0.24353307138179436,2,0.24452314281008072,0.0009900714282863599,12216,12142,current_best
CAMRI,078,x,6,1.5999999403953562,2,0.17927308447937132,2,0.17929500905946302,2.1924580091703394e-05,12216,12142,current_best
CAMRI,078,x,7,1.5999999403953562,0,0.16601178781925344,0,0.16883544720803823,0.0028236593887847883,12216,12142,current_best
CAMRI,078,x,8,1.5999999403953562,3,0.13695153896529141,0,0.1409158293526602,0.003964290387368785,12216,12142,current_best
CAMRI,078,y,2,2.4999999627470975,0,0.5025013164823592,1,0.5051956382296344,0.002694321747275241,7596,7795,current_best
CAMRI,078,y,3,2.4999999627470975,1,0.3362295945234334,2,0.3431686978832585,0.006939103359825116,7596,7795,current_best
CAMRI,078,y,4,2.4999999627470975,2,0.2539494470774092,1,0.2572161642078255,0.003266717130416319,7596,7795,current_best
CAMRI,078,y,5,2.4999999627470975,2,0.2095839915745129,2,0.20731237973059655,-0.00227161184391636,7596,7795,current_best
CAMRI,078,y,6,2.4999999627470975,4,0.17772511848341233,5,0.1763951250801796,-0.0013299934032327265,7596,7795,current_best
CAMRI,078,y,7,2.4999999627470975,3,0.15600315955766192,3,0.15792174470814624,0.0019185851504843199,7596,7795,current_best
CAMRI,078,y,8,2.4999999627470975,1,0.12914691943127962,1,0.1334188582424631,0.004271938811183484,7596,7795,current_best
CAMRI,078,x,2,1.5999999403953562,0,0.5036836935166994,0,0.5116166505324298,0.00793295701573038,12216,12396,unetr_style
CAMRI,078,x,3,1.5999999403953562,1,0.34372953503601833,1,0.34099709583736687,-0.0027324391986514596,12216,12396,unetr_style
CAMRI,078,x,4,1.5999999403953562,0,0.2687459070072037,0,0.28388189738625363,0.015135990379049946,12216,12396,unetr_style
CAMRI,078,x,5,1.5999999403953562,2,0.24353307138179436,2,0.23951274604711198,-0.004020325334682384,12216,12396,unetr_style
CAMRI,078,x,6,1.5999999403953562,2,0.17927308447937132,2,0.1797353985156502,0.000462314036278888,12216,12396,unetr_style
CAMRI,078,x,7,1.5999999403953562,0,0.16601178781925344,0,0.1623104227170055,-0.0037013651022479443,12216,12396,unetr_style
CAMRI,078,x,8,1.5999999403953562,3,0.13695153896529141,4,0.14270732494353017,0.005755785978238753,12216,12396,unetr_style
CAMRI,078,y,2,2.4999999627470975,0,0.5025013164823592,0,0.5093498452012384,0.006848528718879199,7596,8075,unetr_style
CAMRI,078,y,3,2.4999999627470975,1,0.3362295945234334,0,0.339938080495356,0.003708485971922637,7596,8075,unetr_style
CAMRI,078,y,4,2.4999999627470975,2,0.2539494470774092,2,0.2669969040247678,0.013047456947358593,7596,8075,unetr_style
CAMRI,078,y,5,2.4999999627470975,2,0.2095839915745129,4,0.20507739938080496,-0.004506592193707942,7596,8075,unetr_style
CAMRI,078,y,6,2.4999999627470975,4,0.17772511848341233,4,0.1725077399380805,-0.00521737854533183,7596,8075,unetr_style
CAMRI,078,y,7,2.4999999627470975,3,0.15600315955766192,3,0.1528173374613003,-0.003185822096361618,7596,8075,unetr_style
CAMRI,078,y,8,2.4999999627470975,1,0.12914691943127962,2,0.14142414860681116,0.012277229175531534,7596,8075,unetr_style
CAMRI,009,x,2,3.1999998807907124,0,0.5891472868217055,0,0.5003633720930233,-0.08878391472868219,2580,2752,current_best
CAMRI,009,x,3,3.1999998807907124,0,0.3581395348837209,1,0.34011627906976744,-0.018023255813953476,2580,2752,current_best
CAMRI,009,x,4,3.1999998807907124,2,0.30426356589147285,0,0.26526162790697677,-0.03900193798449608,2580,2752,current_best
CAMRI,009,x,5,3.1999998807907124,3,0.20852713178294574,4,0.21693313953488372,0.008406007751937977,2580,2752,current_best
CAMRI,009,x,6,3.1999998807907124,0,0.2116279069767442,0,0.17732558139534885,-0.03430232558139534,2580,2752,current_best
CAMRI,009,x,7,3.1999998807907124,1,0.15271317829457365,6,0.1529796511627907,0.00026647286821704363,2580,2752,current_best
CAMRI,009,x,8,3.1999998807907124,2,0.16162790697674417,1,0.13880813953488372,-0.022819767441860456,2580,2752,current_best
CAMRI,009,y,2,4.999999925494195,0,0.596255119953189,0,0.5315547905909351,-0.0647003293622539,3418,3486,current_best
CAMRI,009,y,3,4.999999925494195,0,0.3557636044470451,2,0.361732644865175,0.005969040418129901,3418,3486,current_best
CAMRI,009,y,4,4.999999925494195,0,0.320947922761849,2,0.26993689041881813,-0.05101103234303089,3418,3486,current_best
CAMRI,009,y,5,4.999999925494195,1,0.23434757167934464,1,0.33419391853126795,0.09984634685192331,3418,3486,current_best
CAMRI,009,y,6,4.999999925494195,0,0.2141603276770041,5,0.18646012621916236,-0.027700201457841744,3418,3486,current_best
CAMRI,009,y,7,4.999999925494195,5,0.16881217086015213,5,0.19334480780263913,0.024532636942487,3418,3486,current_best
CAMRI,009,y,8,4.999999925494195,0,0.19689877121123464,7,0.17670682730923695,-0.02019194390199769,3418,3486,current_best
CAMRI,009,x,2,3.1999998807907124,0,0.5891472868217055,0,0.5013976240391335,-0.08774966278257201,2580,2862,unetr_style
CAMRI,009,x,3,3.1999998807907124,0,0.3581395348837209,1,0.3438155136268344,-0.014324021256886532,2580,2862,unetr_style
CAMRI,009,x,4,3.1999998807907124,2,0.30426356589147285,1,0.259958071278826,-0.04430549461264688,2580,2862,unetr_style
CAMRI,009,x,5,3.1999998807907124,3,0.20852713178294574,4,0.22152341020265548,0.01299627841970974,2580,2862,unetr_style
CAMRI,009,x,6,3.1999998807907124,0,0.2116279069767442,1,0.1774982529699511,-0.0341296540067931,2580,2862,unetr_style
CAMRI,009,x,7,3.1999998807907124,1,0.15271317829457365,6,0.1638714185883997,0.01115824029382606,2580,2862,unetr_style
CAMRI,009,x,8,3.1999998807907124,2,0.16162790697674417,1,0.13941299790356393,-0.022214909073180245,2580,2862,unetr_style
CAMRI,009,y,2,4.999999925494195,0,0.596255119953189,0,0.5269511510387422,-0.06930396891444679,3418,3562,unetr_style
CAMRI,009,y,3,4.999999925494195,0,0.3557636044470451,2,0.36973610331274565,0.013972498865700567,3418,3562,unetr_style
CAMRI,009,y,4,4.999999925494195,0,0.320947922761849,2,0.2765300393037619,-0.044417883458087115,3418,3562,unetr_style
CAMRI,009,y,5,4.999999925494195,1,0.23434757167934464,1,0.3338012352610893,0.09945366358174465,3418,3562,unetr_style
CAMRI,009,y,6,4.999999925494195,0,0.2141603276770041,5,0.19427288040426727,-0.019887447272736836,3418,3562,unetr_style
CAMRI,009,y,7,4.999999925494195,5,0.16881217086015213,5,0.19371139809096014,0.024899227230808008,3418,3562,unetr_style
CAMRI,009,y,8,4.999999925494195,0,0.19689877121123464,7,0.16928691746209995,-0.02761185374913469,3418,3562,unetr_style
CAMRI,099,x,2,3.1999998807907124,0,0.5771979985704074,0,0.5034843205574913,-0.07371367801291617,2798,2870,current_best
CAMRI,099,x,3,3.1999998807907124,2,0.34774839170836314,1,0.35958188153310106,0.01183348982473792,2798,2870,current_best
CAMRI,099,x,4,3.1999998807907124,0,0.28984989278055756,2,0.27038327526132405,-0.01946661751923351,2798,2870,current_best
CAMRI,099,x,5,3.1999998807907124,0,0.21622587562544673,0,0.20905923344947736,-0.007166642175969379,2798,2870,current_best
CAMRI,099,x,6,3.1999998807907124,2,0.20836311651179415,1,0.18292682926829268,-0.02543628724350147,2798,2870,current_best
CAMRI,099,x,7,3.1999998807907124,4,0.1529664045746962,4,0.1616724738675958,0.008706069292899604,2798,2870,current_best
CAMRI,099,x,8,3.1999998807907124,0,0.14653323802716225,7,0.14006968641114984,-0.0064635516160124196,2798,2870,current_best
CAMRI,099,y,2,4.999999925494195,0,0.5454308093994779,0,0.55,0.004569190600522188,3830,3860,current_best
CAMRI,099,y,3,4.999999925494195,1,0.3488250652741514,0,0.40362694300518137,0.05480187773102996,3830,3860,current_best
CAMRI,099,y,4,4.999999925494195,0,0.283289817232376,0,0.2955958549222798,0.012306037689903793,3830,3860,current_best
CAMRI,099,y,5,4.999999925494195,1,0.21775456919060052,0,0.3417098445595855,0.12395527536898496,3830,3860,current_best
CAMRI,099,y,6,4.999999925494195,4,0.20678851174934726,3,0.20466321243523317,-0.002125299314114093,3830,3860,current_best
CAMRI,099,y,7,4.999999925494195,6,0.16736292428198432,5,0.19326424870466322,0.025901324422678895,3830,3860,current_best
CAMRI,099,y,8,4.999999925494195,4,0.16031331592689296,3,0.1743523316062176,0.01403901567932464,3830,3860,current_best
CAMRI,099,x,2,3.1999998807907124,0,0.5771979985704074,1,0.5094722598105548,-0.06772573875985266,2798,2956,unetr_style
CAMRI,099,x,3,3.1999998807907124,2,0.34774839170836314,1,0.35013531799729364,0.002386926288930502,2798,2956,unetr_style
CAMRI,099,x,4,3.1999998807907124,0,0.28984989278055756,3,0.2723274695534506,-0.017522423227106954,2798,2956,unetr_style
CAMRI,099,x,5,3.1999998807907124,0,0.21622587562544673,4,0.2107577807848444,-0.005468094840602344,2798,2956,unetr_style
CAMRI,099,x,6,3.1999998807907124,2,0.20836311651179415,1,0.18301759133964818,-0.025345525172145972,2798,2956,unetr_style
CAMRI,099,x,7,3.1999998807907124,4,0.1529664045746962,1,0.15020297699594046,-0.0027634275787557505,2798,2956,unetr_style
CAMRI,099,x,8,3.1999998807907124,0,0.14653323802716225,3,0.14208389715832206,-0.00444934086884019,2798,2956,unetr_style
CAMRI,099,y,2,4.999999925494195,0,0.5454308093994779,0,0.5477542591636552,0.00232344976417731,3830,3874,unetr_style
CAMRI,099,y,3,4.999999925494195,1,0.3488250652741514,0,0.4042333505420754,0.05540828526792396,3830,3874,unetr_style
CAMRI,099,y,4,4.999999925494195,0,0.283289817232376,0,0.29246257098606093,0.009172753753684926,3830,3874,unetr_style
CAMRI,099,y,5,4.999999925494195,1,0.21775456919060052,0,0.33918430562725865,0.12142973643665814,3830,3874,unetr_style
CAMRI,099,y,6,4.999999925494195,4,0.20678851174934726,3,0.2057305110996386,-0.0010580006497086514,3830,3874,unetr_style
CAMRI,099,y,7,4.999999925494195,6,0.16736292428198432,5,0.18146618482188953,0.01410326053990521,3830,3874,unetr_style
CAMRI,099,y,8,4.999999925494195,4,0.16031331592689296,3,0.16520392359318534,0.004890607666292374,3830,3874,unetr_style
Mouse,POLYIC_20190510_mouse34__E2_P1,x,2,3.1999998807907124,1,0.5078082929456113,0,0.5065410779696494,-0.0012672149759618279,3714,3822,current_best
Mouse,POLYIC_20190510_mouse34__E2_P1,x,3,3.1999998807907124,2,0.3373721055465805,2,0.3492935635792779,0.011921458032697396,3714,3822,current_best
Mouse,POLYIC_20190510_mouse34__E2_P1,x,4,3.1999998807907124,3,0.2549811523963382,2,0.26321297749869177,0.008231825102353596,3714,3822,current_best
Mouse,POLYIC_20190510_mouse34__E2_P1,x,5,3.1999998807907124,2,0.20597738287560582,3,0.2153322867608582,0.00935490388525237,3714,3822,current_best
Mouse,POLYIC_20190510_mouse34__E2_P1,x,6,3.1999998807907124,1,0.1752827140549273,2,0.18628990057561487,0.011007186520687579,3714,3822,current_best
Mouse,POLYIC_20190510_mouse34__E2_P1,x,7,3.1999998807907124,6,0.16478190630048464,0,0.15907901622187337,-0.005702890078611272,3714,3822,current_best
Mouse,POLYIC_20190510_mouse34__E2_P1,x,8,3.1999998807907124,7,0.13597199784598815,6,0.1425954997383569,0.006623501892368738,3714,3822,current_best
Mouse,POLYIC_20190510_mouse34__E2_P1,y,2,4.999999925494195,1,0.503001200480192,1,0.503921568627451,0.000920368147258932,4998,5100,current_best
Mouse,POLYIC_20190510_mouse34__E2_P1,y,3,4.999999925494195,2,0.33693477390956383,2,0.36941176470588233,0.032476990796318495,4998,5100,current_best
Mouse,POLYIC_20190510_mouse34__E2_P1,y,4,4.999999925494195,2,0.27450980392156865,0,0.266078431372549,-0.008431372549019656,4998,5100,current_best
Mouse,POLYIC_20190510_mouse34__E2_P1,y,5,4.999999925494195,1,0.22008803521408563,2,0.3452941176470588,0.12520608243297318,4998,5100,current_best
Mouse,POLYIC_20190510_mouse34__E2_P1,y,6,4.999999925494195,2,0.18007202881152462,2,0.20490196078431372,0.0248299319727891,4998,5100,current_best
Mouse,POLYIC_20190510_mouse34__E2_P1,y,7,4.999999925494195,0,0.16666666666666666,2,0.1688235294117647,0.002156862745098048,4998,5100,current_best
Mouse,POLYIC_20190510_mouse34__E2_P1,y,8,4.999999925494195,6,0.1404561824729892,4,0.17705882352941177,0.03660264105642258,4998,5100,current_best
Mouse,POLYIC_20190510_mouse34__E2_P1,x,2,3.1999998807907124,1,0.5078082929456113,0,0.5296184738955824,0.021810180949971114,3714,3984,unetr_style
Mouse,POLYIC_20190510_mouse34__E2_P1,x,3,3.1999998807907124,2,0.3373721055465805,0,0.34387550200803213,0.006503396461451649,3714,3984,unetr_style
Mouse,POLYIC_20190510_mouse34__E2_P1,x,4,3.1999998807907124,3,0.2549811523963382,0,0.26857429718875503,0.013593144792416856,3714,3984,unetr_style
Mouse,POLYIC_20190510_mouse34__E2_P1,x,5,3.1999998807907124,2,0.20597738287560582,4,0.20783132530120482,0.0018539424255989978,3714,3984,unetr_style
Mouse,POLYIC_20190510_mouse34__E2_P1,x,6,3.1999998807907124,1,0.1752827140549273,0,0.18875502008032127,0.013472306025393982,3714,3984,unetr_style
Mouse,POLYIC_20190510_mouse34__E2_P1,x,7,3.1999998807907124,6,0.16478190630048464,1,0.16516064257028112,0.00037873626979648134,3714,3984,unetr_style
Mouse,POLYIC_20190510_mouse34__E2_P1,x,8,3.1999998807907124,7,0.13597199784598815,6,0.142570281124498,0.006598283278509837,3714,3984,unetr_style
Mouse,POLYIC_20190510_mouse34__E2_P1,y,2,4.999999925494195,1,0.503001200480192,0,0.5056006179992275,0.002599417519035474,4998,5178,unetr_style
Mouse,POLYIC_20190510_mouse34__E2_P1,y,3,4.999999925494195,2,0.33693477390956383,0,0.38122827346465815,0.04429349955509432,4998,5178,unetr_style
Mouse,POLYIC_20190510_mouse34__E2_P1,y,4,4.999999925494195,2,0.27450980392156865,0,0.25473155658555424,-0.01977824733601441,4998,5178,unetr_style
Mouse,POLYIC_20190510_mouse34__E2_P1,y,5,4.999999925494195,1,0.22008803521408563,3,0.33719582850521435,0.11710779329112872,4998,5178,unetr_style
Mouse,POLYIC_20190510_mouse34__E2_P1,y,6,4.999999925494195,2,0.18007202881152462,3,0.21089223638470453,0.03082020757317991,4998,5178,unetr_style
Mouse,POLYIC_20190510_mouse34__E2_P1,y,7,4.999999925494195,0,0.16666666666666666,0,0.16319042101197373,-0.0034762456546929277,4998,5178,unetr_style
Mouse,POLYIC_20190510_mouse34__E2_P1,y,8,4.999999925494195,6,0.1404561824729892,4,0.1657010428736964,0.025244860400707225,4998,5178,unetr_style
Mouse,POLYIC_20190510_mouse35__E3_P1,x,2,3.1999998807907124,1,0.5024403470715835,1,0.5071164997364259,0.004676152664842448,3688,3794,current_best
Mouse,POLYIC_20190510_mouse35__E3_P1,x,3,3.1999998807907124,0,0.3405639913232104,1,0.3352662098049552,-0.005297781518255218,3688,3794,current_best
Mouse,POLYIC_20190510_mouse35__E3_P1,x,4,3.1999998807907124,0,0.25488069414316705,3,0.25724828676858197,0.002367592625414916,3688,3794,current_best
Mouse,POLYIC_20190510_mouse35__E3_P1,x,5,3.1999998807907124,4,0.20715835140997832,4,0.2113863995782815,0.004228048168303189,3688,3794,current_best
Mouse,POLYIC_20190510_mouse35__E3_P1,x,6,3.1999998807907124,0,0.17814533622559653,5,0.1776489193463363,-0.0004964168792602197,3688,3794,current_best
Mouse,POLYIC_20190510_mouse35__E3_P1,x,7,3.1999998807907124,5,0.1531995661605206,1,0.15155508697944123,-0.001644479181079378,3688,3794,current_best
Mouse,POLYIC_20190510_mouse35__E3_P1,x,8,3.1999998807907124,0,0.13964208242950107,0,0.1462836056931998,0.006641523263698712,3688,3794,current_best
Mouse,POLYIC_20190510_mouse35__E3_P1,y,2,4.999999925494195,0,0.5201785021342646,1,0.5104006163328197,-0.009777885801444897,5154,5192,current_best
Mouse,POLYIC_20190510_mouse35__E3_P1,y,3,4.999999925494195,0,0.3409002716336826,2,0.362095531587057,0.0211952599533744,5154,5192,current_best
Mouse,POLYIC_20190510_mouse35__E3_P1,y,4,4.999999925494195,2,0.286767559177338,0,0.2733050847457627,-0.013462474431575278,5154,5192,current_best
Mouse,POLYIC_20190510_mouse35__E3_P1,y,5,4.999999925494195,3,0.2173069460613116,2,0.34726502311248075,0.12995807705116916,5154,5192,current_best
Mouse,POLYIC_20190510_mouse35__E3_P1,y,6,4.999999925494195,2,0.17889018238261545,3,0.20088597842835132,0.02199579604573587,5154,5192,current_best
Mouse,POLYIC_20190510_mouse35__E3_P1,y,7,4.999999925494195,3,0.18257663950329842,2,0.17122496147919877,-0.011351678024099643,5154,5192,current_best
Mouse,POLYIC_20190510_mouse35__E3_P1,y,8,4.999999925494195,6,0.16627861854870005,4,0.1893297380585516,0.02305111950985156,5154,5192,current_best
Mouse,POLYIC_20190510_mouse35__E3_P1,x,2,3.1999998807907124,1,0.5024403470715835,0,0.5123987854251012,0.009958438353517729,3688,3952,unetr_style
Mouse,POLYIC_20190510_mouse35__E3_P1,x,3,3.1999998807907124,0,0.3405639913232104,0,0.35450404858299595,0.013940057259785532,3688,3952,unetr_style
Mouse,POLYIC_20190510_mouse35__E3_P1,x,4,3.1999998807907124,0,0.25488069414316705,2,0.2583502024291498,0.0034695082859827475,3688,3952,unetr_style
Mouse,POLYIC_20190510_mouse35__E3_P1,x,5,3.1999998807907124,4,0.20715835140997832,0,0.21280364372469635,0.005645292314718026,3688,3952,unetr_style
Mouse,POLYIC_20190510_mouse35__E3_P1,x,6,3.1999998807907124,0,0.17814533622559653,0,0.1887651821862348,0.01061984596063828,3688,3952,unetr_style
Mouse,POLYIC_20190510_mouse35__E3_P1,x,7,3.1999998807907124,5,0.1531995661605206,1,0.15435222672064777,0.0011526605601271667,3688,3952,unetr_style
Mouse,POLYIC_20190510_mouse35__E3_P1,x,8,3.1999998807907124,0,0.13964208242950107,0,0.14144736842105263,0.001805285991551553,3688,3952,unetr_style
Mouse,POLYIC_20190510_mouse35__E3_P1,y,2,4.999999925494195,0,0.5201785021342646,1,0.5015203344735842,-0.018658167660680403,5154,5262,unetr_style
Mouse,POLYIC_20190510_mouse35__E3_P1,y,3,4.999999925494195,0,0.3409002716336826,2,0.35879893576586847,0.017898664132185882,5154,5262,unetr_style
Mouse,POLYIC_20190510_mouse35__E3_P1,y,4,4.999999925494195,2,0.286767559177338,1,0.2780311668567085,-0.008736392320629505,5154,5262,unetr_style
Mouse,POLYIC_20190510_mouse35__E3_P1,y,5,4.999999925494195,3,0.2173069460613116,2,0.3498669707335614,0.13256002467224978,5154,5262,unetr_style
Mouse,POLYIC_20190510_mouse35__E3_P1,y,6,4.999999925494195,2,0.17889018238261545,2,0.2056252375522615,0.026735055169646055,5154,5262,unetr_style
Mouse,POLYIC_20190510_mouse35__E3_P1,y,7,4.999999925494195,3,0.18257663950329842,5,0.16324591410110223,-0.019330725402196186,5154,5262,unetr_style
Mouse,POLYIC_20190510_mouse35__E3_P1,y,8,4.999999925494195,6,0.16627861854870005,4,0.19726339794754846,0.030984779398848417,5154,5262,unetr_style
Mouse,POLYIC_20190510_mouse37__E2_P1,x,2,3.1999998807907124,1,0.5043037974683544,1,0.5024838549428713,-0.0018199425254831203,3950,4026,current_best
Mouse,POLYIC_20190510_mouse37__E2_P1,x,3,3.1999998807907124,1,0.35037974683544304,1,0.3469945355191257,-0.0033852113163173603,3950,4026,current_best
Mouse,POLYIC_20190510_mouse37__E2_P1,x,4,3.1999998807907124,3,0.2665822784810127,3,0.2526080476900149,-0.0139742307909978,3950,4026,current_best
Mouse,POLYIC_20190510_mouse37__E2_P1,x,5,3.1999998807907124,3,0.2078481012658228,3,0.21535022354694486,0.00750212228112207,3950,4026,current_best
Mouse,POLYIC_20190510_mouse37__E2_P1,x,6,3.1999998807907124,1,0.17873417721518986,2,0.17883755588673622,0.00010337867154636138,3950,4026,current_best
Mouse,POLYIC_20190510_mouse37__E2_P1,x,7,3.1999998807907124,2,0.149873417721519,3,0.1572280178837556,0.007354600162236602,3950,4026,current_best
Mouse,POLYIC_20190510_mouse37__E2_P1,x,8,3.1999998807907124,7,0.13341772151898734,6,0.13114754098360656,-0.002270180535380778,3950,4026,current_best
Mouse,POLYIC_20190510_mouse37__E2_P1,y,2,4.999999925494195,0,0.5316176470588235,1,0.5600073179656055,0.028389670906782016,5440,5466,current_best
Mouse,POLYIC_20190510_mouse37__E2_P1,y,3,4.999999925494195,1,0.346875,1,0.3664471276984998,0.01957212769849981,5440,5466,current_best
Mouse,POLYIC_20190510_mouse37__E2_P1,y,4,4.999999925494195,2,0.2884191176470588,3,0.30863519941456274,0.020216081767503946,5440,5466,current_best
Mouse,POLYIC_20190510_mouse37__E2_P1,y,5,4.999999925494195,1,0.22463235294117648,2,0.3556531284302964,0.13102077548911992,5440,5466,current_best
Mouse,POLYIC_20190510_mouse37__E2_P1,y,6,4.999999925494195,4,0.19522058823529412,5,0.2385656787413099,0.04334509050601579,5440,5466,current_best
Mouse,POLYIC_20190510_mouse37__E2_P1,y,7,4.999999925494195,5,0.17261029411764706,6,0.18258324185876326,0.009972947741116206,5440,5466,current_best
Mouse,POLYIC_20190510_mouse37__E2_P1,y,8,4.999999925494195,2,0.1670955882352941,2,0.17489937797292351,0.007803789737629407,5440,5466,current_best
Mouse,POLYIC_20190510_mouse37__E2_P1,x,2,3.1999998807907124,1,0.5043037974683544,1,0.5016810758885687,-0.002622721579785714,3950,4164,unetr_style
Mouse,POLYIC_20190510_mouse37__E2_P1,x,3,3.1999998807907124,1,0.35037974683544304,2,0.35086455331412103,0.0004848064786779904,3950,4164,unetr_style
Mouse,POLYIC_20190510_mouse37__E2_P1,x,4,3.1999998807907124,3,0.2665822784810127,3,0.25864553314121036,-0.00793674533980232,3950,4164,unetr_style
Mouse,POLYIC_20190510_mouse37__E2_P1,x,5,3.1999998807907124,3,0.2078481012658228,3,0.2149375600384246,0.007089458772601809,3950,4164,unetr_style
Mouse,POLYIC_20190510_mouse37__E2_P1,x,6,3.1999998807907124,1,0.17873417721518986,2,0.18179634966378483,0.0030621724485949686,3950,4164,unetr_style
Mouse,POLYIC_20190510_mouse37__E2_P1,x,7,3.1999998807907124,2,0.149873417721519,0,0.1493756003842459,-0.0004978173372730821,3950,4164,unetr_style
Mouse,POLYIC_20190510_mouse37__E2_P1,x,8,3.1999998807907124,7,0.13341772151898734,3,0.13808837656099904,0.0046706550420116955,3950,4164,unetr_style
Mouse,POLYIC_20190510_mouse37__E2_P1,y,2,4.999999925494195,0,0.5316176470588235,1,0.569278200943054,0.03766055388423051,5440,5514,unetr_style
Mouse,POLYIC_20190510_mouse37__E2_P1,y,3,4.999999925494195,1,0.346875,2,0.36887921653971706,0.02200421653971707,5440,5514,unetr_style
Mouse,POLYIC_20190510_mouse37__E2_P1,y,4,4.999999925494195,2,0.2884191176470588,3,0.32027566195139645,0.03185654430433765,5440,5514,unetr_style
Mouse,POLYIC_20190510_mouse37__E2_P1,y,5,4.999999925494195,1,0.22463235294117648,3,0.35291984040623864,0.12828748746506216,5440,5514,unetr_style
Mouse,POLYIC_20190510_mouse37__E2_P1,y,6,4.999999925494195,4,0.19522058823529412,5,0.24011606819006165,0.04489547995476753,5440,5514,unetr_style
Mouse,POLYIC_20190510_mouse37__E2_P1,y,7,4.999999925494195,5,0.17261029411764706,6,0.1838955386289445,0.011285244511297449,5440,5514,unetr_style
Mouse,POLYIC_20190510_mouse37__E2_P1,y,8,4.999999925494195,2,0.1670955882352941,7,0.1735582154515778,0.006462627216283684,5440,5514,unetr_style
Mouse,POLYIC_20190510_mouse38__E2_P1,x,2,3.1999998807907124,1,0.507635597682991,1,0.5093908629441625,0.0017552652611714237,3798,3940,current_best
Mouse,POLYIC_20190510_mouse38__E2_P1,x,3,3.1999998807907124,2,0.34623486045286994,0,0.3413705583756345,-0.004864302077235427,3798,3940,current_best
Mouse,POLYIC_20190510_mouse38__E2_P1,x,4,3.1999998807907124,3,0.26408636124275936,3,0.2654822335025381,0.0013958722597787188,3798,3940,current_best
Mouse,POLYIC_20190510_mouse38__E2_P1,x,5,3.1999998807907124,0,0.22195892575039494,0,0.21751269035532994,-0.004446235395065001,3798,3940,current_best
Mouse,POLYIC_20190510_mouse38__E2_P1,x,6,3.1999998807907124,3,0.17719852553975776,3,0.17791878172588832,0.0007202561861305579,3798,3940,current_best
Mouse,POLYIC_20190510_mouse38__E2_P1,x,7,3.1999998807907124,2,0.16192733017377567,2,0.15837563451776648,-0.003551695656009185,3798,3940,current_best
Mouse,POLYIC_20190510_mouse38__E2_P1,x,8,3.1999998807907124,6,0.13796735123749343,6,0.1398477157360406,0.0018803644985471712,3798,3940,current_best
Mouse,POLYIC_20190510_mouse38__E2_P1,y,2,4.999999925494195,1,0.5038080731150039,0,0.5827677224736049,0.078959649358601,5252,5304,current_best
Mouse,POLYIC_20190510_mouse38__E2_P1,y,3,4.999999925494195,2,0.3526275704493526,0,0.3717948717948718,0.019167301345519194,5252,5304,current_best
Mouse,POLYIC_20190510_mouse38__E2_P1,y,4,4.999999925494195,3,0.2616146230007616,0,0.32334087481146306,0.06172625181070146,5252,5304,current_best
Mouse,POLYIC_20190510_mouse38__E2_P1,y,5,4.999999925494195,1,0.22867479055597867,2,0.3453996983408748,0.11672490778489614,5252,5304,current_best
Mouse,POLYIC_20190510_mouse38__E2_P1,y,6,4.999999925494195,5,0.18697638994668697,0,0.2023001508295626,0.015323760882875626,5252,5304,current_best
Mouse,POLYIC_20190510_mouse38__E2_P1,y,7,4.999999925494195,3,0.17326732673267325,3,0.16553544494720965,-0.007731881785463607,5252,5304,current_best
Mouse,POLYIC_20190510_mouse38__E2_P1,y,8,4.999999925494195,6,0.15651180502665651,4,0.1747737556561086,0.018261950629452073,5252,5304,current_best
Mouse,POLYIC_20190510_mouse38__E2_P1,x,2,3.1999998807907124,1,0.507635597682991,1,0.5017081503172279,-0.005927447365763117,3798,4098,unetr_style
Mouse,POLYIC_20190510_mouse38__E2_P1,x,3,3.1999998807907124,2,0.34623486045286994,0,0.3389458272327965,-0.00728903322007346,3798,4098,unetr_style
Mouse,POLYIC_20190510_mouse38__E2_P1,x,4,3.1999998807907124,3,0.26408636124275936,3,0.2562225475841874,-0.007863813658571972,3798,4098,unetr_style
Mouse,POLYIC_20190510_mouse38__E2_P1,x,5,3.1999998807907124,0,0.22195892575039494,4,0.21644704734016593,-0.005511878410229015,3798,4098,unetr_style
Mouse,POLYIC_20190510_mouse38__E2_P1,x,6,3.1999998807907124,3,0.17719852553975776,0,0.17227916056612982,-0.004919364973627938,3798,4098,unetr_style
Mouse,POLYIC_20190510_mouse38__E2_P1,x,7,3.1999998807907124,2,0.16192733017377567,2,0.15397755002440214,-0.007949780149373531,3798,4098,unetr_style
Mouse,POLYIC_20190510_mouse38__E2_P1,x,8,3.1999998807907124,6,0.13796735123749343,6,0.14202049780380674,0.004053146566313309,3798,4098,unetr_style
Mouse,POLYIC_20190510_mouse38__E2_P1,y,2,4.999999925494195,1,0.5038080731150039,0,0.5623362036690378,0.05852813055403394,5252,5342,unetr_style
Mouse,POLYIC_20190510_mouse38__E2_P1,y,3,4.999999925494195,2,0.3526275704493526,0,0.38000748783227256,0.02737991738291995,5252,5342,unetr_style
Mouse,POLYIC_20190510_mouse38__E2_P1,y,4,4.999999925494195,3,0.2616146230007616,0,0.3025084238113066,0.040893800810545,5252,5342,unetr_style
Mouse,POLYIC_20190510_mouse38__E2_P1,y,5,4.999999925494195,1,0.22867479055597867,2,0.355672032946462,0.12699724239048332,5252,5342,unetr_style
Mouse,POLYIC_20190510_mouse38__E2_P1,y,6,4.999999925494195,5,0.18697638994668697,0,0.19374766005241484,0.006771270105727867,5252,5342,unetr_style
Mouse,POLYIC_20190510_mouse38__E2_P1,y,7,4.999999925494195,3,0.17326732673267325,3,0.17502807937102208,0.0017607526383488226,5252,5342,unetr_style
Mouse,POLYIC_20190510_mouse38__E2_P1,y,8,4.999999925494195,6,0.15651180502665651,7,0.16903781355297642,0.01252600852631991,5252,5342,unetr_style
Mouse,POLYIC_20190510_mouse39__E4_P1,x,2,3.1999998807907124,0,0.502568053415511,1,0.5028161802355351,0.00024812682002406383,3894,3906,current_best
Mouse,POLYIC_20190510_mouse39__E4_P1,x,3,3.1999998807907124,1,0.33846944016435543,1,0.33768561187916024,-0.0007838282851951872,3894,3906,current_best
Mouse,POLYIC_20190510_mouse39__E4_P1,x,4,3.1999998807907124,2,0.26322547508988187,1,0.25806451612903225,-0.005160958960849615,3894,3906,current_best
Mouse,POLYIC_20190510_mouse39__E4_P1,x,5,3.1999998807907124,2,0.21982537236774524,2,0.22196620583717358,0.002140833469428338,3894,3906,current_best
Mouse,POLYIC_20190510_mouse39__E4_P1,x,6,3.1999998807907124,4,0.1813045711350796,3,0.1733230926779314,-0.007981478457148222,3894,3906,current_best
Mouse,POLYIC_20190510_mouse39__E4_P1,x,7,3.1999998807907124,2,0.16718027734976887,2,0.159242191500256,-0.00793808584951286,3894,3906,current_best
Mouse,POLYIC_20190510_mouse39__E4_P1,x,8,3.1999998807907124,6,0.14021571648690292,6,0.1390168970814132,-0.001198819405489715,3894,3906,current_best
Mouse,POLYIC_20190510_mouse39__E4_P1,y,2,4.999999925494195,0,0.508808095952024,0,0.5256505576208178,0.016842461668793773,5336,5380,current_best
Mouse,POLYIC_20190510_mouse39__E4_P1,y,3,4.999999925494195,2,0.37275112443778113,1,0.3845724907063197,0.01182136626853858,5336,5380,current_best
Mouse,POLYIC_20190510_mouse39__E4_P1,y,4,4.999999925494195,2,0.2762368815592204,0,0.30446096654275095,0.028224084983530573,5336,5380,current_best
Mouse,POLYIC_20190510_mouse39__E4_P1,y,5,4.999999925494195,1,0.22563718140929534,3,0.36561338289962825,0.1399762014903329,5336,5380,current_best
Mouse,POLYIC_20190510_mouse39__E4_P1,y,6,4.999999925494195,5,0.1866566716641679,4,0.2505576208178439,0.06390094915367597,5336,5380,current_best
Mouse,POLYIC_20190510_mouse39__E4_P1,y,7,4.999999925494195,2,0.17916041979010494,4,0.18494423791821563,0.005783818128110685,5336,5380,current_best
Mouse,POLYIC_20190510_mouse39__E4_P1,y,8,4.999999925494195,6,0.15948275862068967,7,0.18884758364312268,0.02936482502243301,5336,5380,current_best
Mouse,POLYIC_20190510_mouse39__E4_P1,x,2,3.1999998807907124,0,0.502568053415511,0,0.5,-0.002568053415511029,3894,4090,unetr_style
Mouse,POLYIC_20190510_mouse39__E4_P1,x,3,3.1999998807907124,1,0.33846944016435543,1,0.3484107579462103,0.009941317781854864,3894,4090,unetr_style
Mouse,POLYIC_20190510_mouse39__E4_P1,x,4,3.1999998807907124,2,0.26322547508988187,2,0.25452322738386307,-0.008702247706018795,3894,4090,unetr_style
Mouse,POLYIC_20190510_mouse39__E4_P1,x,5,3.1999998807907124,2,0.21982537236774524,2,0.2176039119804401,-0.002221460387305141,3894,4090,unetr_style
Mouse,POLYIC_20190510_mouse39__E4_P1,x,6,3.1999998807907124,4,0.1813045711350796,3,0.17970660146699266,-0.0015979696680869515,3894,4090,unetr_style
Mouse,POLYIC_20190510_mouse39__E4_P1,x,7,3.1999998807907124,2,0.16718027734976887,3,0.16185819070904645,-0.005322086640722423,3894,4090,unetr_style
Mouse,POLYIC_20190510_mouse39__E4_P1,x,8,3.1999998807907124,6,0.14021571648690292,6,0.14205378973105134,0.0018380732441484193,3894,4090,unetr_style
Mouse,POLYIC_20190510_mouse39__E4_P1,y,2,4.999999925494195,0,0.508808095952024,0,0.5083892617449665,-0.00041883420705757235,5336,5364,unetr_style
Mouse,POLYIC_20190510_mouse39__E4_P1,y,3,4.999999925494195,2,0.37275112443778113,0,0.3713646532438479,-0.0013864711939332586,5336,5364,unetr_style
Mouse,POLYIC_20190510_mouse39__E4_P1,y,4,4.999999925494195,2,0.2762368815592204,3,0.2889634601043997,0.012726578545179335,5336,5364,unetr_style
Mouse,POLYIC_20190510_mouse39__E4_P1,y,5,4.999999925494195,1,0.22563718140929534,2,0.35961968680089484,0.1339825053915995,5336,5364,unetr_style
Mouse,POLYIC_20190510_mouse39__E4_P1,y,6,4.999999925494195,5,0.1866566716641679,4,0.2231543624161074,0.03649769075193948,5336,5364,unetr_style
Mouse,POLYIC_20190510_mouse39__E4_P1,y,7,4.999999925494195,2,0.17916041979010494,3,0.18344519015659955,0.004284770366494606,5336,5364,unetr_style
Mouse,POLYIC_20190510_mouse39__E4_P1,y,8,4.999999925494195,6,0.15948275862068967,7,0.19966442953020133,0.04018167090951166,5336,5364,unetr_style
Mouse,POLYIC_20190510_mouse42__E2_P1,x,2,3.1999998807907124,0,0.5015440041173443,1,0.5035282258064516,0.0019842216891072795,3886,3968,current_best
Mouse,POLYIC_20190510_mouse42__E2_P1,x,3,3.1999998807907124,0,0.34534225424601134,1,0.33845766129032256,-0.006884592955688773,3886,3968,current_best
Mouse,POLYIC_20190510_mouse42__E2_P1,x,4,3.1999998807907124,3,0.2547606793618116,1,0.2535282258064516,-0.0012324535553600025,3886,3968,current_best
Mouse,POLYIC_20190510_mouse42__E2_P1,x,5,3.1999998807907124,4,0.21384457025218734,4,0.20942540322580644,-0.004419167026380899,3886,3968,current_best
Mouse,POLYIC_20190510_mouse42__E2_P1,x,6,3.1999998807907124,0,0.1755018013381369,1,0.1766633064516129,0.0011615051134760135,3886,3968,current_best
Mouse,POLYIC_20190510_mouse42__E2_P1,x,7,3.1999998807907124,3,0.15182707153885744,1,0.15700604838709678,0.005178976848239342,3886,3968,current_best
Mouse,POLYIC_20190510_mouse42__E2_P1,x,8,3.1999998807907124,6,0.13535769428718478,6,0.14087701612903225,0.005519321841847474,3886,3968,current_best
Mouse,POLYIC_20190510_mouse42__E2_P1,y,2,4.999999925494195,0,0.5005818463925523,1,0.5163398692810458,0.015758022888493484,5156,5202,current_best
Mouse,POLYIC_20190510_mouse42__E2_P1,y,3,4.999999925494195,2,0.35550814584949575,2,0.36562860438292966,0.010120458533433907,5156,5202,current_best
Mouse,POLYIC_20190510_mouse42__E2_P1,y,4,4.999999925494195,3,0.2651280062063615,2,0.2779700115340254,0.012842005327663886,5156,5202,current_best
Mouse,POLYIC_20190510_mouse42__E2_P1,y,5,4.999999925494195,4,0.21683475562451512,3,0.3548635140330642,0.13802875840854908,5156,5202,current_best
Mouse,POLYIC_20190510_mouse42__E2_P1,y,6,4.999999925494195,5,0.18211792086889061,5,0.21414840445982314,0.032030483590932524,5156,5202,current_best
Mouse,POLYIC_20190510_mouse42__E2_P1,y,7,4.999999925494195,2,0.16252909231962762,5,0.1643598615916955,0.001830769272067878,5156,5202,current_best
Mouse,POLYIC_20190510_mouse42__E2_P1,y,8,4.999999925494195,7,0.15050426687354537,7,0.1708958093041138,0.020391542430568427,5156,5202,current_best
Mouse,POLYIC_20190510_mouse42__E2_P1,x,2,3.1999998807907124,0,0.5015440041173443,0,0.5004828585224529,-0.001061145594891455,3886,4142,unetr_style
Mouse,POLYIC_20190510_mouse42__E2_P1,x,3,3.1999998807907124,0,0.34534225424601134,0,0.3367938194109126,-0.008548434835098762,3886,4142,unetr_style
Mouse,POLYIC_20190510_mouse42__E2_P1,x,4,3.1999998807907124,3,0.2547606793618116,0,0.25688073394495414,0.0021200545831425166,3886,4142,unetr_style
Mouse,POLYIC_20190510_mouse42__E2_P1,x,5,3.1999998807907124,4,0.21384457025218734,4,0.21752776436504104,0.0036831941128536994,3886,4142,unetr_style
Mouse,POLYIC_20190510_mouse42__E2_P1,x,6,3.1999998807907124,0,0.1755018013381369,1,0.17141477547078707,-0.004087025867349825,3886,4142,unetr_style
Mouse,POLYIC_20190510_mouse42__E2_P1,x,7,3.1999998807907124,3,0.15182707153885744,4,0.1619990342829551,0.010171962744097651,3886,4142,unetr_style
Mouse,POLYIC_20190510_mouse42__E2_P1,x,8,3.1999998807907124,6,0.13535769428718478,6,0.14099468855625302,0.005636994269068246,3886,4142,unetr_style
Mouse,POLYIC_20190510_mouse42__E2_P1,y,2,4.999999925494195,0,0.5005818463925523,1,0.5181574923547401,0.017575645962187747,5156,5232,unetr_style
Mouse,POLYIC_20190510_mouse42__E2_P1,y,3,4.999999925494195,2,0.35550814584949575,2,0.3694571865443425,0.01394904069484676,5156,5232,unetr_style
Mouse,POLYIC_20190510_mouse42__E2_P1,y,4,4.999999925494195,3,0.2651280062063615,3,0.2698776758409786,0.004749669634617093,5156,5232,unetr_style
Mouse,POLYIC_20190510_mouse42__E2_P1,y,5,4.999999925494195,4,0.21683475562451512,3,0.34843272171253825,0.13159796608802313,5156,5232,unetr_style
Mouse,POLYIC_20190510_mouse42__E2_P1,y,6,4.999999925494195,5,0.18211792086889061,5,0.2161697247706422,0.03405180390175158,5156,5232,unetr_style
Mouse,POLYIC_20190510_mouse42__E2_P1,y,7,4.999999925494195,2,0.16252909231962762,3,0.15271406727828746,-0.009815025041340159,5156,5232,unetr_style
Mouse,POLYIC_20190510_mouse42__E2_P1,y,8,4.999999925494195,7,0.15050426687354537,7,0.16475535168195718,0.014251084808411807,5156,5232,unetr_style
Mouse,POLYIC_20190510_mouse43__E2_P1_1,x,2,3.1999998807907124,0,0.5107444359171144,0,0.5052434456928839,-0.005500990224230451,2606,2670,current_best
Mouse,POLYIC_20190510_mouse43__E2_P1_1,x,3,3.1999998807907124,0,0.34804297774366844,2,0.349063670411985,0.0010206926683165585,2606,2670,current_best
Mouse,POLYIC_20190510_mouse43__E2_P1_1,x,4,3.1999998807907124,0,0.2651573292402149,1,0.2636704119850187,-0.001486917255196174,2606,2670,current_best
Mouse,POLYIC_20190510_mouse43__E2_P1_1,x,5,3.1999998807907124,1,0.20683039140445125,4,0.21423220973782772,0.00740181833337647,2606,2670,current_best
Mouse,POLYIC_20190510_mouse43__E2_P1_1,x,6,3.1999998807907124,3,0.18457405986185726,2,0.17752808988764046,-0.007045969974216804,2606,2670,current_best
Mouse,POLYIC_20190510_mouse43__E2_P1_1,x,7,3.1999998807907124,1,0.15656178050652342,5,0.15393258426966291,-0.0026291962368605037,2606,2670,current_best
Mouse,POLYIC_20190510_mouse43__E2_P1_1,x,8,3.1999998807907124,4,0.14044512663085187,1,0.14644194756554307,0.005996820934691199,2606,2670,current_best
Mouse,POLYIC_20190510_mouse43__E2_P1_1,y,2,4.999999925494195,1,0.5104875283446711,1,0.5739695087521175,0.06348198040744635,3528,3542,current_best
Mouse,POLYIC_20190510_mouse43__E2_P1_1,y,3,4.999999925494195,1,0.3449546485260771,2,0.38226990400903443,0.03731525548295733,3528,3542,current_best
Mouse,POLYIC_20190510_mouse43__E2_P1_1,y,4,4.999999925494195,3,0.2593537414965986,1,0.3105590062111801,0.05120526471458148,3528,3542,current_best
Mouse,POLYIC_20190510_mouse43__E2_P1_1,y,5,4.999999925494195,2,0.20918367346938777,2,0.354884246188594,0.14570057271920622,3528,3542,current_best
Mouse,POLYIC_20190510_mouse43__E2_P1_1,y,6,4.999999925494195,1,0.18339002267573695,3,0.21428571428571427,0.03089569160997732,3528,3542,current_best
Mouse,POLYIC_20190510_mouse43__E2_P1_1,y,7,4.999999925494195,3,0.16780045351473924,2,0.18181818181818182,0.014017728303442584,3528,3542,current_best
Mouse,POLYIC_20190510_mouse43__E2_P1_1,y,8,4.999999925494195,3,0.15136054421768708,4,0.16290231507622813,0.01154177085854105,3528,3542,current_best
Mouse,POLYIC_20190510_mouse43__E2_P1_1,x,2,3.1999998807907124,0,0.5107444359171144,1,0.507548526240115,-0.0031959096769993423,2606,2782,unetr_style
Mouse,POLYIC_20190510_mouse43__E2_P1_1,x,3,3.1999998807907124,0,0.34804297774366844,0,0.3443565780014378,-0.003686399742230617,2606,2782,unetr_style
Mouse,POLYIC_20190510_mouse43__E2_P1_1,x,4,3.1999998807907124,0,0.2651573292402149,0,0.2595255212077642,-0.005631808032450725,2606,2782,unetr_style
Mouse,POLYIC_20190510_mouse43__E2_P1_1,x,5,3.1999998807907124,1,0.20683039140445125,1,0.21099928109273905,0.004168889688287797,2606,2782,unetr_style
Mouse,POLYIC_20190510_mouse43__E2_P1_1,x,6,3.1999998807907124,3,0.18457405986185726,3,0.18655643421998563,0.0019823743581283693,2606,2782,unetr_style
Mouse,POLYIC_20190510_mouse43__E2_P1_1,x,7,3.1999998807907124,1,0.15656178050652342,6,0.15851905104241554,0.0019572705358921194,2606,2782,unetr_style
Mouse,POLYIC_20190510_mouse43__E2_P1_1,x,8,3.1999998807907124,4,0.14044512663085187,1,0.13910855499640545,-0.0013365716344464207,2606,2782,unetr_style
Mouse,POLYIC_20190510_mouse43__E2_P1_1,y,2,4.999999925494195,1,0.5104875283446711,1,0.507182320441989,-0.0033052079026821835,3528,3620,unetr_style
Mouse,POLYIC_20190510_mouse43__E2_P1_1,y,3,4.999999925494195,1,0.3449546485260771,2,0.37403314917127073,0.029078500645193628,3528,3620,unetr_style
Mouse,POLYIC_20190510_mouse43__E2_P1_1,y,4,4.999999925494195,3,0.2593537414965986,1,0.2886740331491713,0.02932029165257266,3528,3620,unetr_style
Mouse,POLYIC_20190510_mouse43__E2_P1_1,y,5,4.999999925494195,2,0.20918367346938777,2,0.3651933701657459,0.1560096966963581,3528,3620,unetr_style
Mouse,POLYIC_20190510_mouse43__E2_P1_1,y,6,4.999999925494195,1,0.18339002267573695,2,0.2138121546961326,0.030422132020395648,3528,3620,unetr_style
Mouse,POLYIC_20190510_mouse43__E2_P1_1,y,7,4.999999925494195,3,0.16780045351473924,2,0.18204419889502763,0.014243745380288386,3528,3620,unetr_style
Mouse,POLYIC_20190510_mouse43__E2_P1_1,y,8,4.999999925494195,3,0.15136054421768708,4,0.1925414364640884,0.04118089224640131,3528,3620,unetr_style
Mouse,POLYIC_20190510_mouse43__E9_P1,x,2,3.1999998807907124,0,0.5094195519348269,1,0.5058465855940131,-0.0035729663408138324,3928,4276,current_best
Mouse,POLYIC_20190510_mouse43__E9_P1,x,3,3.1999998807907124,2,0.33834012219959264,2,0.3498596819457437,0.011519559746151042,3928,4276,current_best
Mouse,POLYIC_20190510_mouse43__E9_P1,x,4,3.1999998807907124,2,0.265020366598778,3,0.2570159027128157,-0.008004463885962265,3928,4276,current_best
Mouse,POLYIC_20190510_mouse43__E9_P1,x,5,3.1999998807907124,0,0.21308553971486763,3,0.2100093545369504,-0.003076185177917218,3928,4276,current_best
Mouse,POLYIC_20190510_mouse43__E9_P1,x,6,3.1999998807907124,2,0.17362525458248473,5,0.181244153414406,0.007618898831921267,3928,4276,current_best
Mouse,POLYIC_20190510_mouse43__E9_P1,x,7,3.1999998807907124,4,0.15554989816700612,2,0.146866230121609,-0.008683668045397136,3928,4276,current_best
Mouse,POLYIC_20190510_mouse43__E9_P1,x,8,3.1999998807907124,2,0.13365580448065173,0,0.13493919550982225,0.001283391029170522,3928,4276,current_best
Mouse,POLYIC_20190510_mouse43__E9_P1,y,2,4.999999925494195,0,0.5155291411042945,1,0.5399085794655415,0.024379438361247008,5216,5688,current_best
Mouse,POLYIC_20190510_mouse43__E9_P1,y,3,4.999999925494195,1,0.3462423312883436,1,0.36937412095639943,0.023131789668055847,5216,5688,current_best
Mouse,POLYIC_20190510_mouse43__E9_P1,y,4,4.999999925494195,2,0.26150306748466257,1,0.29957805907172996,0.0380749915870674,5216,5688,current_best
Mouse,POLYIC_20190510_mouse43__E9_P1,y,5,4.999999925494195,4,0.20648006134969324,2,0.36075949367088606,0.15427943232119282,5216,5688,current_best
Mouse,POLYIC_20190510_mouse43__E9_P1,y,6,4.999999925494195,4,0.18692484662576686,1,0.20991561181434598,0.02299076518857912,5216,5688,current_best
Mouse,POLYIC_20190510_mouse43__E9_P1,y,7,4.999999925494195,6,0.17043711656441718,6,0.19251054852320676,0.02207343195878958,5216,5688,current_best
Mouse,POLYIC_20190510_mouse43__E9_P1,y,8,4.999999925494195,0,0.1460889570552147,1,0.22063994374120957,0.07455098668599486,5216,5688,current_best
Mouse,POLYIC_20190510_mouse43__E9_P1,x,2,3.1999998807907124,0,0.5094195519348269,0,0.5010638297872341,-0.008355722147592837,3928,4700,unetr_style
Mouse,POLYIC_20190510_mouse43__E9_P1,x,3,3.1999998807907124,2,0.33834012219959264,1,0.33893617021276595,0.0005960480131733115,3928,4700,unetr_style
Mouse,POLYIC_20190510_mouse43__E9_P1,x,4,3.1999998807907124,2,0.265020366598778,2,0.2572340425531915,-0.00778632404558649,3928,4700,unetr_style
Mouse,POLYIC_20190510_mouse43__E9_P1,x,5,3.1999998807907124,0,0.21308553971486763,4,0.2046808510638298,-0.008404688651037828,3928,4700,unetr_style
Mouse,POLYIC_20190510_mouse43__E9_P1,x,6,3.1999998807907124,2,0.17362525458248473,4,0.17574468085106382,0.0021194262685790832,3928,4700,unetr_style
Mouse,POLYIC_20190510_mouse43__E9_P1,x,7,3.1999998807907124,4,0.15554989816700612,4,0.15468085106382978,-0.0008690471031763403,3928,4700,unetr_style
Mouse,POLYIC_20190510_mouse43__E9_P1,x,8,3.1999998807907124,2,0.13365580448065173,6,0.14617021276595746,0.012514408285305728,3928,4700,unetr_style
Mouse,POLYIC_20190510_mouse43__E9_P1,y,2,4.999999925494195,0,0.5155291411042945,1,0.541708043694141,0.026178902589846564,5216,6042,unetr_style
Mouse,POLYIC_20190510_mouse43__E9_P1,y,3,4.999999925494195,1,0.3462423312883436,2,0.36329030122476,0.01704796993641644,5216,6042,unetr_style
Mouse,POLYIC_20190510_mouse43__E9_P1,y,4,4.999999925494195,2,0.26150306748466257,1,0.29476994372724263,0.03326687624258007,5216,6042,unetr_style
Mouse,POLYIC_20190510_mouse43__E9_P1,y,5,4.999999925494195,4,0.20648006134969324,2,0.33747103608076795,0.1309909747310747,5216,6042,unetr_style
Mouse,POLYIC_20190510_mouse43__E9_P1,y,6,4.999999925494195,4,0.18692484662576686,1,0.19298245614035087,0.006057609514584006,5216,6042,unetr_style
Mouse,POLYIC_20190510_mouse43__E9_P1,y,7,4.999999925494195,6,0.17043711656441718,6,0.17874875868917578,0.0083116421247586,5216,6042,unetr_style
Mouse,POLYIC_20190510_mouse43__E9_P1,y,8,4.999999925494195,0,0.1460889570552147,1,0.20092684541542535,0.05483788836021064,5216,6042,unetr_style
Mouse,POLYIC_20190517_mouse33__E2_P1,x,2,3.1999998807907124,0,0.5048179871520343,1,0.5023461939520334,-0.0024717932000009046,3736,3836,current_best
Mouse,POLYIC_20190517_mouse33__E2_P1,x,3,3.1999998807907124,2,0.3476980728051392,0,0.35427528675703857,0.006577213951899363,3736,3836,current_best
Mouse,POLYIC_20190517_mouse33__E2_P1,x,4,3.1999998807907124,1,0.2639186295503212,2,0.264859228362878,0.0009405988125568143,3736,3836,current_best
Mouse,POLYIC_20190517_mouse33__E2_P1,x,5,3.1999998807907124,0,0.20985010706638116,0,0.2281021897810219,0.01825208271464074,3736,3836,current_best
Mouse,POLYIC_20190517_mouse33__E2_P1,x,6,3.1999998807907124,5,0.1838865096359743,0,0.18169968717413973,-0.0021868224618345755,3736,3836,current_best
Mouse,POLYIC_20190517_mouse33__E2_P1,x,7,3.1999998807907124,2,0.1664882226980728,2,0.15667361835245047,-0.00981460434562234,3736,3836,current_best
Mouse,POLYIC_20190517_mouse33__E2_P1,x,8,3.1999998807907124,5,0.14828693790149894,6,0.15250260688216893,0.004215668980669995,3736,3836,current_best
Mouse,POLYIC_20190517_mouse33__E2_P1,y,2,4.999999925494195,1,0.5232198142414861,0,0.5074655436447167,-0.01575427059676937,5168,5224,current_best
Mouse,POLYIC_20190517_mouse33__E2_P1,y,3,4.999999925494195,1,0.33920278637770895,0,0.39127105666156203,0.05206827028385308,5168,5224,current_best
Mouse,POLYIC_20190517_mouse33__E2_P1,y,4,4.999999925494195,3,0.27321981424148606,2,0.2890505359877488,0.015830721746262766,5168,5224,current_best
Mouse,POLYIC_20190517_mouse33__E2_P1,y,5,4.999999925494195,2,0.21729876160990713,2,0.35470903522205205,0.13741027361214492,5168,5224,current_best
Mouse,POLYIC_20190517_mouse33__E2_P1,y,6,4.999999925494195,5,0.19195046439628483,0,0.22320061255742726,0.03125014816114244,5168,5224,current_best
Mouse,POLYIC_20190517_mouse33__E2_P1,y,7,4.999999925494195,5,0.16137770897832818,1,0.17151607963246554,0.010138370654137363,5168,5224,current_best
Mouse,POLYIC_20190517_mouse33__E2_P1,y,8,4.999999925494195,7,0.14202786377708979,5,0.18778713629402757,0.04575927251693779,5168,5224,current_best
Mouse,POLYIC_20190517_mouse33__E2_P1,x,2,3.1999998807907124,0,0.5048179871520343,0,0.5133995037220843,0.008581516570050018,3736,4030,unetr_style
Mouse,POLYIC_20190517_mouse33__E2_P1,x,3,3.1999998807907124,2,0.3476980728051392,0,0.343424317617866,-0.004273755187273187,3736,4030,unetr_style
Mouse,POLYIC_20190517_mouse33__E2_P1,x,4,3.1999998807907124,1,0.2639186295503212,2,0.2704714640198511,0.006552834469529922,3736,4030,unetr_style
Mouse,POLYIC_20190517_mouse33__E2_P1,x,5,3.1999998807907124,0,0.20985010706638116,0,0.21910669975186103,0.009256592685479875,3736,4030,unetr_style
Mouse,POLYIC_20190517_mouse33__E2_P1,x,6,3.1999998807907124,5,0.1838865096359743,0,0.1784119106699752,-0.005474598965999111,3736,4030,unetr_style
Mouse,POLYIC_20190517_mouse33__E2_P1,x,7,3.1999998807907124,2,0.1664882226980728,2,0.1617866004962779,-0.004701622201794903,3736,4030,unetr_style
Mouse,POLYIC_20190517_mouse33__E2_P1,x,8,3.1999998807907124,5,0.14828693790149894,6,0.15707196029776674,0.0087850223962678,3736,4030,unetr_style
Mouse,POLYIC_20190517_mouse33__E2_P1,y,2,4.999999925494195,1,0.5232198142414861,1,0.5064516129032258,-0.01676820133826029,5168,5270,unetr_style
Mouse,POLYIC_20190517_mouse33__E2_P1,y,3,4.999999925494195,1,0.33920278637770895,0,0.38178368121442124,0.04258089483671229,5168,5270,unetr_style
Mouse,POLYIC_20190517_mouse33__E2_P1,y,4,4.999999925494195,3,0.27321981424148606,2,0.2730550284629981,-0.0001647857784879414,5168,5270,unetr_style
Mouse,POLYIC_20190517_mouse33__E2_P1,y,5,4.999999925494195,2,0.21729876160990713,3,0.35161290322580646,0.13431414161589933,5168,5270,unetr_style
Mouse,POLYIC_20190517_mouse33__E2_P1,y,6,4.999999925494195,5,0.19195046439628483,0,0.21821631878557876,0.026265854389293936,5168,5270,unetr_style
Mouse,POLYIC_20190517_mouse33__E2_P1,y,7,4.999999925494195,5,0.16137770897832818,1,0.17362428842504743,0.012246579446719252,5168,5270,unetr_style
Mouse,POLYIC_20190517_mouse33__E2_P1,y,8,4.999999925494195,7,0.14202786377708979,5,0.19392789373814043,0.05190002996105064,5168,5270,unetr_style
Mouse,POLYIC_20190517_mouse35__E2_P1,x,2,3.1999998807907124,1,0.5021063717746183,1,0.5124352331606218,0.01032886138600353,3798,3860,current_best
Mouse,POLYIC_20190517_mouse35__E2_P1,x,3,3.1999998807907124,0,0.3467614533965245,2,0.3559585492227979,0.009197095826273427,3798,3860,current_best
Mouse,POLYIC_20190517_mouse35__E2_P1,x,4,3.1999998807907124,0,0.2646129541864139,3,0.27124352331606216,0.006630569129648267,3798,3860,current_best
Mouse,POLYIC_20190517_mouse35__E2_P1,x,5,3.1999998807907124,0,0.22933122696155872,0,0.21528497409326425,-0.014046252868294473,3798,3860,current_best
Mouse,POLYIC_20190517_mouse35__E2_P1,x,6,3.1999998807907124,0,0.17614533965244866,5,0.1878238341968912,0.01167849454444253,3798,3860,current_best
Mouse,POLYIC_20190517_mouse35__E2_P1,x,7,3.1999998807907124,6,0.16850974196945762,6,0.15984455958549224,-0.00866518238396538,3798,3860,current_best
Mouse,POLYIC_20190517_mouse35__E2_P1,x,8,3.1999998807907124,3,0.15297525013164823,3,0.14870466321243522,-0.004270586919213004,3798,3860,current_best
Mouse,POLYIC_20190517_mouse35__E2_P1,y,2,4.999999925494195,0,0.5039047247169075,0,0.5275193798449612,0.02361465512805372,5122,5160,current_best
Mouse,POLYIC_20190517_mouse35__E2_P1,y,3,4.999999925494195,2,0.36060132760640373,0,0.3798449612403101,0.019243633633906354,5122,5160,current_best
Mouse,POLYIC_20190517_mouse35__E2_P1,y,4,4.999999925494195,1,0.2672784068723155,0,0.3013565891472868,0.03407818227497128,5122,5160,current_best
Mouse,POLYIC_20190517_mouse35__E2_P1,y,5,4.999999925494195,3,0.23096446700507614,2,0.3608527131782946,0.12988824617321845,5122,5160,current_best
Mouse,POLYIC_20190517_mouse35__E2_P1,y,6,4.999999925494195,2,0.19621241702459977,3,0.21104651162790697,0.014834094603307202,5122,5160,current_best
Mouse,POLYIC_20190517_mouse35__E2_P1,y,7,4.999999925494195,5,0.15911753221397892,5,0.1693798449612403,0.010262312747261387,5122,5160,current_best
Mouse,POLYIC_20190517_mouse35__E2_P1,y,8,4.999999925494195,1,0.1491604841858649,4,0.16395348837209303,0.014793004186228143,5122,5160,current_best
Mouse,POLYIC_20190517_mouse35__E2_P1,x,2,3.1999998807907124,1,0.5021063717746183,0,0.5037294878170064,0.001623116042388184,3798,4022,unetr_style
Mouse,POLYIC_20190517_mouse35__E2_P1,x,3,3.1999998807907124,0,0.3467614533965245,2,0.3349080059671805,-0.011853447429343966,3798,4022,unetr_style
Mouse,POLYIC_20190517_mouse35__E2_P1,x,4,3.1999998807907124,0,0.2646129541864139,3,0.25783192441571356,-0.006781029770700331,3798,4022,unetr_style
Mouse,POLYIC_20190517_mouse35__E2_P1,x,5,3.1999998807907124,0,0.22933122696155872,0,0.21084037792143212,-0.0184908490401266,3798,4022,unetr_style
Mouse,POLYIC_20190517_mouse35__E2_P1,x,6,3.1999998807907124,0,0.17614533965244866,0,0.17105917454002983,-0.005086165112418828,3798,4022,unetr_style
Mouse,POLYIC_20190517_mouse35__E2_P1,x,7,3.1999998807907124,6,0.16850974196945762,6,0.16807558428642466,-0.0004341576830329541,3798,4022,unetr_style
Mouse,POLYIC_20190517_mouse35__E2_P1,x,8,3.1999998807907124,3,0.15297525013164823,3,0.14719045251118845,-0.005784797620459775,3798,4022,unetr_style
Mouse,POLYIC_20190517_mouse35__E2_P1,y,2,4.999999925494195,0,0.5039047247169075,0,0.5273004963726613,0.023395771655753794,5122,5238,unetr_style
Mouse,POLYIC_20190517_mouse35__E2_P1,y,3,4.999999925494195,2,0.36060132760640373,0,0.38507063764795724,0.024469310041553505,5122,5238,unetr_style
Mouse,POLYIC_20190517_mouse35__E2_P1,y,4,4.999999925494195,1,0.2672784068723155,0,0.29858724704085526,0.03130884016853974,5122,5238,unetr_style
Mouse,POLYIC_20190517_mouse35__E2_P1,y,5,4.999999925494195,3,0.23096446700507614,2,0.3543337151584574,0.12336924815338127,5122,5238,unetr_style
Mouse,POLYIC_20190517_mouse35__E2_P1,y,6,4.999999925494195,2,0.19621241702459977,3,0.21172203130966016,0.015509614285060397,5122,5238,unetr_style
Mouse,POLYIC_20190517_mouse35__E2_P1,y,7,4.999999925494195,5,0.15911753221397892,2,0.1563573883161512,-0.0027601438978277215,5122,5238,unetr_style
Mouse,POLYIC_20190517_mouse35__E2_P1,y,8,4.999999925494195,1,0.1491604841858649,4,0.1783123329515082,0.029151848765643307,5122,5238,unetr_style
Mouse,POLYIC_20190517_mouse36__E2_P1,x,2,3.1999998807907124,1,0.5120663650075414,1,0.5088607594936709,-0.003205605513870502,3978,3950,current_best
Mouse,POLYIC_20190517_mouse36__E2_P1,x,3,3.1999998807907124,1,0.3350930115635998,1,0.34632911392405064,0.011236102360450861,3978,3950,current_best
Mouse,POLYIC_20190517_mouse36__E2_P1,x,4,3.1999998807907124,3,0.2561588738059326,1,0.25924050632911394,0.0030816325231813324,3978,3950,current_best
Mouse,POLYIC_20190517_mouse36__E2_P1,x,5,3.1999998807907124,2,0.20487682252388134,1,0.21822784810126583,0.01335102557738449,3978,3950,current_best
Mouse,POLYIC_20190517_mouse36__E2_P1,x,6,3.1999998807907124,1,0.1804927099044746,1,0.18177215189873416,0.0012794419942595558,3978,3950,current_best
Mouse,POLYIC_20190517_mouse36__E2_P1,x,7,3.1999998807907124,2,0.15434891905480141,0,0.15569620253164557,0.0013472834768441522,3978,3950,current_best
Mouse,POLYIC_20190517_mouse36__E2_P1,x,8,3.1999998807907124,3,0.13423831070889894,1,0.14278481012658228,0.008546499417683345,3978,3950,current_best
Mouse,POLYIC_20190517_mouse36__E2_P1,y,2,4.999999925494195,1,0.506872852233677,0,0.5051117001135933,-0.0017611521200836533,5238,5282,current_best
Mouse,POLYIC_20190517_mouse36__E2_P1,y,3,4.999999925494195,0,0.34116074837724325,0,0.38072699734948884,0.03956624897224559,5238,5282,current_best
Mouse,POLYIC_20190517_mouse36__E2_P1,y,4,4.999999925494195,1,0.2733867888507064,0,0.2862552063612268,0.012868417510520425,5238,5282,current_best
Mouse,POLYIC_20190517_mouse36__E2_P1,y,5,4.999999925494195,3,0.23004963726613212,3,0.35876561908368043,0.12871598181754831,5238,5282,current_best
Mouse,POLYIC_20190517_mouse36__E2_P1,y,6,4.999999925494195,3,0.1928216876670485,3,0.23210904960242332,0.039287361935374826,5238,5282,current_best
Mouse,POLYIC_20190517_mouse36__E2_P1,y,7,4.999999925494195,6,0.16132111492936235,5,0.16224914804998106,0.0009280331206187042,5238,5282,current_best
Mouse,POLYIC_20190517_mouse36__E2_P1,y,8,4.999999925494195,1,0.15578465063001146,4,0.17493373722074973,0.019149086590738273,5238,5282,current_best
Mouse,POLYIC_20190517_mouse36__E2_P1,x,2,3.1999998807907124,1,0.5120663650075414,1,0.5143815915627996,0.0023152265552581763,3978,4172,unetr_style
Mouse,POLYIC_20190517_mouse36__E2_P1,x,3,3.1999998807907124,1,0.3350930115635998,1,0.3408437200383509,0.005750708474751121,3978,4172,unetr_style
Mouse,POLYIC_20190517_mouse36__E2_P1,x,4,3.1999998807907124,3,0.2561588738059326,1,0.2588686481303931,0.002709774324460512,3978,4172,unetr_style
Mouse,POLYIC_20190517_mouse36__E2_P1,x,5,3.1999998807907124,2,0.20487682252388134,1,0.20901246404602108,0.0041356415221397436,3978,4172,unetr_style
Mouse,POLYIC_20190517_mouse36__E2_P1,x,6,3.1999998807907124,1,0.1804927099044746,1,0.18528283796740172,0.004790128062927113,3978,4172,unetr_style
Mouse,POLYIC_20190517_mouse36__E2_P1,x,7,3.1999998807907124,2,0.15434891905480141,1,0.1529242569511026,-0.0014246621036988205,3978,4172,unetr_style
Mouse,POLYIC_20190517_mouse36__E2_P1,x,8,3.1999998807907124,3,0.13423831070889894,3,0.14022051773729627,0.005982207028397329,3978,4172,unetr_style
Mouse,POLYIC_20190517_mouse36__E2_P1,y,2,4.999999925494195,1,0.506872852233677,0,0.5078651685393258,0.0009923163056488882,5238,5340,unetr_style
Mouse,POLYIC_20190517_mouse36__E2_P1,y,3,4.999999925494195,0,0.34116074837724325,0,0.3717228464419476,0.030562098064704335,5238,5340,unetr_style
Mouse,POLYIC_20190517_mouse36__E2_P1,y,4,4.999999925494195,1,0.2733867888507064,0,0.29044943820224717,0.017062649351540782,5238,5340,unetr_style
Mouse,POLYIC_20190517_mouse36__E2_P1,y,5,4.999999925494195,3,0.23004963726613212,3,0.3529962546816479,0.1229466174155158,5238,5340,unetr_style
Mouse,POLYIC_20190517_mouse36__E2_P1,y,6,4.999999925494195,3,0.1928216876670485,3,0.22116104868913858,0.028339361022090087,5238,5340,unetr_style
Mouse,POLYIC_20190517_mouse36__E2_P1,y,7,4.999999925494195,6,0.16132111492936235,1,0.16385767790262173,0.002536562973259382,5238,5340,unetr_style
Mouse,POLYIC_20190517_mouse36__E2_P1,y,8,4.999999925494195,1,0.15578465063001146,4,0.18127340823970037,0.02548875760968891,5238,5340,unetr_style
Mouse,POLYIC_20190517_mouse37__E3_P1,x,2,4.551111009385851,1,0.5032706459525756,0,0.504013914905004,0.0007432689524283775,7338,7474,current_best
Mouse,POLYIC_20190517_mouse37__E3_P1,x,3,4.551111009385851,0,0.34082856364131914,0,0.34974578538934975,0.008917221748030613,7338,7474,current_best
Mouse,POLYIC_20190517_mouse37__E3_P1,x,4,4.551111009385851,1,0.2583810302534751,0,0.2597002943537597,0.0013192641002846006,7338,7474,current_best
Mouse,POLYIC_20190517_mouse37__E3_P1,x,5,4.551111009385851,3,0.2089125102207686,4,0.21541343323521542,0.006500923014446824,7338,7474,current_best
Mouse,POLYIC_20190517_mouse37__E3_P1,x,6,4.551111009385851,0,0.17416189697465248,0,0.1800909820711801,0.00592908509652762,7338,7474,current_best
Mouse,POLYIC_20190517_mouse37__E3_P1,x,7,4.551111009385851,2,0.15140365222131372,1,0.15654268129515655,0.005139029073842838,7338,7474,current_best
Mouse,POLYIC_20190517_mouse37__E3_P1,x,8,4.551111009385851,1,0.1304170073589534,4,0.13781107840513782,0.0073940710461844195,7338,7474,current_best
Mouse,POLYIC_20190517_mouse37__E3_P1,y,2,7.111111111111111,1,0.5104187537567622,1,0.55235914791957,0.041940394162807815,9982,10046,current_best
Mouse,POLYIC_20190517_mouse37__E3_P1,y,3,7.111111111111111,2,0.3402123822881186,2,0.3737806091976906,0.03356822690957201,9982,10046,current_best
Mouse,POLYIC_20190517_mouse37__E3_P1,y,4,7.111111111111111,3,0.26006812262071727,1,0.2891698188333665,0.029101696212649242,9982,10046,current_best
Mouse,POLYIC_20190517_mouse37__E3_P1,y,5,7.111111111111111,3,0.20196353436185133,1,0.274537129205654,0.07257359484380266,9982,10046,current_best
Mouse,POLYIC_20190517_mouse37__E3_P1,y,6,7.111111111111111,5,0.17952314165497896,1,0.2022695600238901,0.022746418368911142,9982,10046,current_best
Mouse,POLYIC_20190517_mouse37__E3_P1,y,7,7.111111111111111,0,0.166800240432779,0,0.20595261795739597,0.03915237752461698,9982,10046,current_best
Mouse,POLYIC_20190517_mouse37__E3_P1,y,8,7.111111111111111,2,0.1344419955920657,1,0.18733824407724467,0.05289624848517896,9982,10046,current_best
Mouse,POLYIC_20190517_mouse37__E3_P1,x,2,4.551111009385851,1,0.5032706459525756,0,0.5061744275791098,0.002903781626534152,7338,7774,unetr_style
Mouse,POLYIC_20190517_mouse37__E3_P1,x,3,4.551111009385851,0,0.34082856364131914,1,0.3368922047851814,-0.003936358856137745,7338,7774,unetr_style
Mouse,POLYIC_20190517_mouse37__E3_P1,x,4,4.551111009385851,1,0.2583810302534751,2,0.2562387445330589,-0.0021422857204161927,7338,7774,unetr_style
Mouse,POLYIC_20190517_mouse37__E3_P1,x,5,4.551111009385851,3,0.2089125102207686,4,0.21314638538718805,0.00423387516641946,7338,7774,unetr_style
Mouse,POLYIC_20190517_mouse37__E3_P1,x,6,4.551111009385851,0,0.17416189697465248,4,0.1728839722150759,-0.001277924759576582,7338,7774,unetr_style
Mouse,POLYIC_20190517_mouse37__E3_P1,x,7,4.551111009385851,2,0.15140365222131372,1,0.16336506303061488,0.01196141080930116,7338,7774,unetr_style
Mouse,POLYIC_20190517_mouse37__E3_P1,x,8,4.551111009385851,1,0.1304170073589534,2,0.13313609467455623,0.0027190873156028306,7338,7774,unetr_style
Mouse,POLYIC_20190517_mouse37__E3_P1,y,2,7.111111111111111,1,0.5104187537567622,1,0.5590277777777778,0.048609024021015634,9982,10080,unetr_style
Mouse,POLYIC_20190517_mouse37__E3_P1,y,3,7.111111111111111,2,0.3402123822881186,2,0.3621031746031746,0.021890792315055974,9982,10080,unetr_style
Mouse,POLYIC_20190517_mouse37__E3_P1,y,4,7.111111111111111,3,0.26006812262071727,1,0.28978174603174606,0.02971362341102879,9982,10080,unetr_style
Mouse,POLYIC_20190517_mouse37__E3_P1,y,5,7.111111111111111,3,0.20196353436185133,1,0.27271825396825394,0.07075471960640262,9982,10080,unetr_style
Mouse,POLYIC_20190517_mouse37__E3_P1,y,6,7.111111111111111,5,0.17952314165497896,1,0.2011904761904762,0.02166733453549724,9982,10080,unetr_style
Mouse,POLYIC_20190517_mouse37__E3_P1,y,7,7.111111111111111,0,0.166800240432779,0,0.19484126984126984,0.028041029408490847,9982,10080,unetr_style
Mouse,POLYIC_20190517_mouse37__E3_P1,y,8,7.111111111111111,2,0.1344419955920657,1,0.1947420634920635,0.060300067899997783,9982,10080,unetr_style
Mouse,POLYIC_20190517_mouse38__E3_P1,x,2,3.1999998807907124,0,0.5015592515592515,1,0.5031088082901555,0.001549556730903956,3848,3860,current_best
Mouse,POLYIC_20190517_mouse38__E3_P1,x,3,3.1999998807907124,1,0.3562889812889813,2,0.3453367875647668,-0.010952193724214465,3848,3860,current_best
Mouse,POLYIC_20190517_mouse38__E3_P1,x,4,3.1999998807907124,0,0.2609147609147609,1,0.25699481865284973,-0.003919942261911169,3848,3860,current_best
Mouse,POLYIC_20190517_mouse38__E3_P1,x,5,3.1999998807907124,3,0.20816008316008316,3,0.2095854922279793,0.0014254090678961218,3848,3860,current_best
Mouse,POLYIC_20190517_mouse38__E3_P1,x,6,3.1999998807907124,4,0.1800935550935551,5,0.1738341968911917,-0.0062593582023633965,3848,3860,current_best
Mouse,POLYIC_20190517_mouse38__E3_P1,x,7,3.1999998807907124,1,0.15592515592515593,2,0.1562176165803109,0.00029246065515495245,3848,3860,current_best
Mouse,POLYIC_20190517_mouse38__E3_P1,x,8,3.1999998807907124,4,0.13695426195426194,1,0.1344559585492228,-0.0024983034050391484,3848,3860,current_best
Mouse,POLYIC_20190517_mouse38__E3_P1,y,2,4.999999925494195,0,0.5026197604790419,1,0.5146894756415025,0.012069715162460581,5344,5378,current_best
Mouse,POLYIC_20190517_mouse38__E3_P1,y,3,4.999999925494195,1,0.3405688622754491,1,0.37597619933060616,0.035407337055157084,5344,5378,current_best
Mouse,POLYIC_20190517_mouse38__E3_P1,y,4,4.999999925494195,3,0.25729790419161674,2,0.28412049088880625,0.02682258669718951,5344,5378,current_best
Mouse,POLYIC_20190517_mouse38__E3_P1,y,5,4.999999925494195,4,0.2249251497005988,3,0.35031610264038676,0.12539095293978797,5344,5378,current_best
Mouse,POLYIC_20190517_mouse38__E3_P1,y,6,4.999999925494195,4,0.1846931137724551,5,0.22666418743027147,0.04197107365781638,5344,5378,current_best
Mouse,POLYIC_20190517_mouse38__E3_P1,y,7,4.999999925494195,5,0.15793413173652696,5,0.1692078839717367,0.011273752235209739,5344,5378,current_best
Mouse,POLYIC_20190517_mouse38__E3_P1,y,8,4.999999925494195,2,0.1349176646706587,2,0.20509483079211602,0.07017716612145733,5344,5378,current_best
Mouse,POLYIC_20190517_mouse38__E3_P1,x,2,3.1999998807907124,0,0.5015592515592515,1,0.5035228988424761,0.0019636472832246232,3848,3974,unetr_style
Mouse,POLYIC_20190517_mouse38__E3_P1,x,3,3.1999998807907124,1,0.3562889812889813,1,0.33744338198288876,-0.01884559930609253,3848,3974,unetr_style
Mouse,POLYIC_20190517_mouse38__E3_P1,x,4,3.1999998807907124,0,0.2609147609147609,3,0.26270759939607446,0.0017928384813135634,3848,3974,unetr_style
Mouse,POLYIC_20190517_mouse38__E3_P1,x,5,3.1999998807907124,3,0.20816008316008316,3,0.20810266733769503,-5.741582238813492e-05,3848,3974,unetr_style
Mouse,POLYIC_20190517_mouse38__E3_P1,x,6,3.1999998807907124,4,0.1800935550935551,4,0.16985405133366885,-0.010239503759886248,3848,3974,unetr_style
Mouse,POLYIC_20190517_mouse38__E3_P1,x,7,3.1999998807907124,1,0.15592515592515593,1,0.15551082033215904,-0.0004143355929968895,3848,3974,unetr_style
Mouse,POLYIC_20190517_mouse38__E3_P1,x,8,3.1999998807907124,4,0.13695426195426194,3,0.14091595369904378,0.003961691744781837,3848,3974,unetr_style
Mouse,POLYIC_20190517_mouse38__E3_P1,y,2,4.999999925494195,0,0.5026197604790419,1,0.5092764378478665,0.006656677368824582,5344,5390,unetr_style
Mouse,POLYIC_20190517_mouse38__E3_P1,y,3,4.999999925494195,1,0.3405688622754491,1,0.3758812615955473,0.03531239932009822,5344,5390,unetr_style
Mouse,POLYIC_20190517_mouse38__E3_P1,y,4,4.999999925494195,3,0.25729790419161674,2,0.2818181818181818,0.024520277626565057,5344,5390,unetr_style
Mouse,POLYIC_20190517_mouse38__E3_P1,y,5,4.999999925494195,4,0.2249251497005988,3,0.35844155844155845,0.13351640874095966,5344,5390,unetr_style
Mouse,POLYIC_20190517_mouse38__E3_P1,y,6,4.999999925494195,4,0.1846931137724551,5,0.22133580705009276,0.03664269327763767,5344,5390,unetr_style
Mouse,POLYIC_20190517_mouse38__E3_P1,y,7,4.999999925494195,5,0.15793413173652696,5,0.1666048237476809,0.008670692011153946,5344,5390,unetr_style
Mouse,POLYIC_20190517_mouse38__E3_P1,y,8,4.999999925494195,2,0.1349176646706587,2,0.20352504638218924,0.06860738171153055,5344,5390,unetr_style
Mouse,POLYIC_20190517_mouse39__E12_P1,x,2,4.551111009385851,1,0.5019701660568534,0,0.5075383771929824,0.005568211136129042,7106,7296,current_best
Mouse,POLYIC_20190517_mouse39__E12_P1,x,3,4.551111009385851,2,0.3401350971010414,2,0.3397752192982456,-0.00035987780279578274,7106,7296,current_best
Mouse,POLYIC_20190517_mouse39__E12_P1,x,4,4.551111009385851,1,0.25499577821559244,0,0.2590460526315789,0.004050274415986488,7106,7296,current_best
Mouse,POLYIC_20190517_mouse39__E12_P1,x,5,4.551111009385851,1,0.20757106670419365,2,0.2060032894736842,-0.0015677772305094373,7106,7296,current_best
Mouse,POLYIC_20190517_mouse39__E12_P1,x,6,4.551111009385851,5,0.17703349282296652,5,0.17036732456140352,-0.006666168261562994,7106,7296,current_best
Mouse,POLYIC_20190517_mouse39__E12_P1,x,7,4.551111009385851,6,0.1556431184914157,1,0.14980811403508773,-0.00583500445632798,7106,7296,current_best
Mouse,POLYIC_20190517_mouse39__E12_P1,x,8,4.551111009385851,1,0.13129749507458485,4,0.13719846491228072,0.005900969837695863,7106,7296,current_best
Mouse,POLYIC_20190517_mouse39__E12_P1,y,2,7.111111111111111,0,0.5028682646998566,1,0.5328591464636345,0.029990881763777955,9762,9982,current_best
Mouse,POLYIC_20190517_mouse39__E12_P1,y,3,7.111111111111111,0,0.3363040360581848,2,0.3944099378881988,0.05810590183001396,9762,9982,current_best
Mouse,POLYIC_20190517_mouse39__E12_P1,y,4,7.111111111111111,2,0.26070477361196476,1,0.31065918653576435,0.049954412923799596,9762,9982,current_best
Mouse,POLYIC_20190517_mouse39__E12_P1,y,5,7.111111111111111,0,0.20610530628969473,0,0.24644359847725908,0.04033829218756435,9762,9982,current_best
Mouse,POLYIC_20190517_mouse39__E12_P1,y,6,7.111111111111111,0,0.1753738987912313,2,0.21057904227609697,0.03520514348486567,9762,9982,current_best
Mouse,POLYIC_20190517_mouse39__E12_P1,y,7,7.111111111111111,5,0.16267158369186643,3,0.18723702664796635,0.024565442956099914,9762,9982,current_best
Mouse,POLYIC_20190517_mouse39__E12_P1,y,8,7.111111111111111,2,0.1322474902683876,1,0.2036665998797836,0.071419109611396,9762,9982,current_best
Mouse,POLYIC_20190517_mouse39__E12_P1,x,2,4.551111009385851,1,0.5019701660568534,0,0.5051588379038827,0.003188671847029312,7106,7366,unetr_style
Mouse,POLYIC_20190517_mouse39__E12_P1,x,3,4.551111009385851,2,0.3401350971010414,2,0.35215856638609827,0.012023469285056876,7106,7366,unetr_style
Mouse,POLYIC_20190517_mouse39__E12_P1,x,4,4.551111009385851,1,0.25499577821559244,1,0.2601140374694543,0.005118259253861834,7106,7366,unetr_style
Mouse,POLYIC_20190517_mouse39__E12_P1,x,5,4.551111009385851,1,0.20757106670419365,2,0.20716806950855282,-0.00040299719564082515,7106,7366,unetr_style
Mouse,POLYIC_20190517_mouse39__E12_P1,x,6,4.551111009385851,5,0.17703349282296652,5,0.1762150420852566,-0.0008184507377099193,7106,7366,unetr_style
Mouse,POLYIC_20190517_mouse39__E12_P1,x,7,4.551111009385851,6,0.1556431184914157,1,0.1577518327450448,0.0021087142536291015,7106,7366,unetr_style
Mouse,POLYIC_20190517_mouse39__E12_P1,x,8,4.551111009385851,1,0.13129749507458485,4,0.13630192777626934,0.005004432701684491,7106,7366,unetr_style
Mouse,POLYIC_20190517_mouse39__E12_P1,y,2,7.111111111111111,0,0.5028682646998566,1,0.5368004866180048,0.033932221918148264,9762,9864,unetr_style
Mouse,POLYIC_20190517_mouse39__E12_P1,y,3,7.111111111111111,0,0.3363040360581848,2,0.3885847526358475,0.0522807165776627,9762,9864,unetr_style
Mouse,POLYIC_20190517_mouse39__E12_P1,y,4,7.111111111111111,2,0.26070477361196476,1,0.32005271695052717,0.059347943338562414,9762,9864,unetr_style
Mouse,POLYIC_20190517_mouse39__E12_P1,y,5,7.111111111111111,0,0.20610530628969473,0,0.22749391727493917,0.021388610985244444,9762,9864,unetr_style
Mouse,POLYIC_20190517_mouse39__E12_P1,y,6,7.111111111111111,0,0.1753738987912313,2,0.19931062449310624,0.02393672570187494,9762,9864,unetr_style
Mouse,POLYIC_20190517_mouse39__E12_P1,y,7,7.111111111111111,5,0.16267158369186643,3,0.18957826439578265,0.02690668070391622,9762,9864,unetr_style
Mouse,POLYIC_20190517_mouse39__E12_P1,y,8,7.111111111111111,2,0.1322474902683876,1,0.2038726682887267,0.07162517802033908,9762,9864,unetr_style
Mouse,POLYIC_20190517_mouse42__E4_P1,x,2,3.1999998807907124,0,0.5065856129685917,1,0.5032354405176704,-0.003350172450921285,3948,4018,current_best
Mouse,POLYIC_20190517_mouse42__E4_P1,x,3,3.1999998807907124,2,0.3497973657548126,0,0.34519661523145845,-0.004600750523354125,3948,4018,current_best
Mouse,POLYIC_20190517_mouse42__E4_P1,x,4,3.1999998807907124,2,0.2689969604863222,3,0.2573419611747138,-0.011654999311608405,3948,4018,current_best
Mouse,POLYIC_20190517_mouse42__E4_P1,x,5,3.1999998807907124,1,0.21707193515704154,2,0.21652563464410154,-0.0005463005129399956,3948,4018,current_best
Mouse,POLYIC_20190517_mouse42__E4_P1,x,6,3.1999998807907124,2,0.17806484295845998,3,0.17297162767546043,-0.0050932152829995525,3948,4018,current_best
Mouse,POLYIC_20190517_mouse42__E4_P1,x,7,3.1999998807907124,4,0.16286727456940223,0,0.15331010452961671,-0.009557170039785512,3948,4018,current_best
Mouse,POLYIC_20190517_mouse42__E4_P1,x,8,3.1999998807907124,2,0.14209726443768997,0,0.1326530612244898,-0.009444203213200164,3948,4018,current_best
Mouse,POLYIC_20190517_mouse42__E4_P1,y,2,4.999999925494195,1,0.5041698256254739,1,0.5616283452695062,0.05745851964403237,5276,5306,current_best
Mouse,POLYIC_20190517_mouse42__E4_P1,y,3,4.999999925494195,1,0.34268385140257773,0,0.3744817188088956,0.03179786740631785,5276,5306,current_best
Mouse,POLYIC_20190517_mouse42__E4_P1,y,4,4.999999925494195,2,0.260235026535254,1,0.287598944591029,0.02736391805577504,5276,5306,current_best
Mouse,POLYIC_20190517_mouse42__E4_P1,y,5,4.999999925494195,1,0.2196739954510993,3,0.3507350169619299,0.13106102151083057,5276,5306,current_best
Mouse,POLYIC_20190517_mouse42__E4_P1,y,6,4.999999925494195,5,0.18423047763457165,3,0.23426309837919337,0.050032620744621725,5276,5306,current_best
Mouse,POLYIC_20190517_mouse42__E4_P1,y,7,4.999999925494195,1,0.15902198635329795,1,0.18431963814549568,0.02529765179219773,5276,5306,current_best
Mouse,POLYIC_20190517_mouse42__E4_P1,y,8,4.999999925494195,3,0.15428354814253223,4,0.1601960045231813,0.005912456380649078,5276,5306,current_best
Mouse,POLYIC_20190517_mouse42__E4_P1,x,2,3.1999998807907124,0,0.5065856129685917,1,0.5169000482858522,0.010314435317260506,3948,4142,unetr_style
Mouse,POLYIC_20190517_mouse42__E4_P1,x,3,3.1999998807907124,2,0.3497973657548126,2,0.3478995654273298,-0.0018978003274827682,3948,4142,unetr_style
Mouse,POLYIC_20190517_mouse42__E4_P1,x,4,3.1999998807907124,2,0.2689969604863222,3,0.25905359729599226,-0.009943363190329957,3948,4142,unetr_style
Mouse,POLYIC_20190517_mouse42__E4_P1,x,5,3.1999998807907124,1,0.21707193515704154,2,0.21438918396909706,-0.0026827511879444765,3948,4142,unetr_style
Mouse,POLYIC_20190517_mouse42__E4_P1,x,6,3.1999998807907124,2,0.17806484295845998,5,0.18372766779333655,0.0056628248348765675,3948,4142,unetr_style
Mouse,POLYIC_20190517_mouse42__E4_P1,x,7,3.1999998807907124,4,0.16286727456940223,4,0.162481892805408,-0.0003853817639942192,3948,4142,unetr_style
Mouse,POLYIC_20190517_mouse42__E4_P1,x,8,3.1999998807907124,2,0.14209726443768997,1,0.1313375181071946,-0.010759746330495368,3948,4142,unetr_style
Mouse,POLYIC_20190517_mouse42__E4_P1,y,2,4.999999925494195,1,0.5041698256254739,1,0.5553672316384181,0.0511974060129442,5276,5310,unetr_style
Mouse,POLYIC_20190517_mouse42__E4_P1,y,3,4.999999925494195,1,0.34268385140257773,0,0.37175141242937854,0.029067561026800803,5276,5310,unetr_style
Mouse,POLYIC_20190517_mouse42__E4_P1,y,4,4.999999925494195,2,0.260235026535254,1,0.30018832391713746,0.03995329738188347,5276,5310,unetr_style
Mouse,POLYIC_20190517_mouse42__E4_P1,y,5,4.999999925494195,1,0.2196739954510993,2,0.3527306967984934,0.13305670134739409,5276,5310,unetr_style
Mouse,POLYIC_20190517_mouse42__E4_P1,y,6,4.999999925494195,5,0.18423047763457165,3,0.2337099811676083,0.04947950353303665,5276,5310,unetr_style
Mouse,POLYIC_20190517_mouse42__E4_P1,y,7,4.999999925494195,1,0.15902198635329795,1,0.19096045197740114,0.031938465624103185,5276,5310,unetr_style
Mouse,POLYIC_20190517_mouse42__E4_P1,y,8,4.999999925494195,3,0.15428354814253223,4,0.17288135593220338,0.018597807789671156,5276,5310,unetr_style
Mouse,POLYIC_20190517_mouse43__E3_P1,x,2,3.1999998807907124,1,0.5002492522432702,1,0.5039564787339268,0.003707226490656579,4012,4044,current_best
Mouse,POLYIC_20190517_mouse43__E3_P1,x,3,3.1999998807907124,1,0.3397308075772682,1,0.34099901088031653,0.001268203303048332,4012,4044,current_best
Mouse,POLYIC_20190517_mouse43__E3_P1,x,4,3.1999998807907124,1,0.2522432701894317,1,0.2591493570722057,0.0069060868827739985,4012,4044,current_best
Mouse,POLYIC_20190517_mouse43__E3_P1,x,5,3.1999998807907124,0,0.20787637088733799,4,0.2109297725024728,0.0030534016151348153,4012,4044,current_best
Mouse,POLYIC_20190517_mouse43__E3_P1,x,6,3.1999998807907124,1,0.1747258225324028,1,0.17507418397626112,0.00034836144385833046,4012,4044,current_best
Mouse,POLYIC_20190517_mouse43__E3_P1,x,7,3.1999998807907124,6,0.14930209371884348,1,0.1513353115727003,0.0020332178538568224,4012,4044,current_best
Mouse,POLYIC_20190517_mouse43__E3_P1,x,8,3.1999998807907124,7,0.13409770687936193,1,0.14268051434223541,0.008582807462873487,4012,4044,current_best
Mouse,POLYIC_20190517_mouse43__E3_P1,y,2,4.999999925494195,1,0.511693700490381,0,0.5551373729770418,0.04344367248666081,5302,5314,current_best
Mouse,POLYIC_20190517_mouse43__E3_P1,y,3,4.999999925494195,2,0.3360995850622407,0,0.35397064358298835,0.017871058520747662,5302,5314,current_best
Mouse,POLYIC_20190517_mouse43__E3_P1,y,4,4.999999925494195,1,0.2819690682761222,0,0.28961234474971775,0.007643276473595528,5302,5314,current_best
Mouse,POLYIC_20190517_mouse43__E3_P1,y,5,4.999999925494195,4,0.21067521689928329,2,0.3515242754986827,0.14084905859939942,5302,5314,current_best
Mouse,POLYIC_20190517_mouse43__E3_P1,y,6,4.999999925494195,3,0.17691437193511883,4,0.20700037636432067,0.03008600442920184,5302,5314,current_best
Mouse,POLYIC_20190517_mouse43__E3_P1,y,7,4.999999925494195,5,0.17597133157299133,5,0.16051938276251412,-0.015451948810477206,5302,5314,current_best
Mouse,POLYIC_20190517_mouse43__E3_P1,y,8,4.999999925494195,1,0.16125990192380235,4,0.16484757245013174,0.003587670526329384,5302,5314,current_best
Mouse,POLYIC_20190517_mouse43__E3_P1,x,2,3.1999998807907124,1,0.5002492522432702,1,0.5004793863854267,0.00023013414215644623,4012,4172,unetr_style
Mouse,POLYIC_20190517_mouse43__E3_P1,x,3,3.1999998807907124,1,0.3397308075772682,2,0.33557046979865773,-0.004160337778610468,4012,4172,unetr_style
Mouse,POLYIC_20190517_mouse43__E3_P1,x,4,3.1999998807907124,1,0.2522432701894317,2,0.25599232981783315,0.003749059628401441,4012,4172,unetr_style
Mouse,POLYIC_20190517_mouse43__E3_P1,x,5,3.1999998807907124,0,0.20787637088733799,2,0.21045062320230107,0.0025742523149630825,4012,4172,unetr_style
Mouse,POLYIC_20190517_mouse43__E3_P1,x,6,3.1999998807907124,1,0.1747258225324028,1,0.17042186001917545,-0.004303962513227344,4012,4172,unetr_style
Mouse,POLYIC_20190517_mouse43__E3_P1,x,7,3.1999998807907124,6,0.14930209371884348,2,0.14717162032598274,-0.0021304733928607378,4012,4172,unetr_style
Mouse,POLYIC_20190517_mouse43__E3_P1,x,8,3.1999998807907124,7,0.13409770687936193,6,0.137823585810163,0.003725878930801063,4012,4172,unetr_style
Mouse,POLYIC_20190517_mouse43__E3_P1,y,2,4.999999925494195,1,0.511693700490381,0,0.5384326959130109,0.02673899542262992,5302,5334,unetr_style
Mouse,POLYIC_20190517_mouse43__E3_P1,y,3,4.999999925494195,2,0.3360995850622407,0,0.36089238845144356,0.024792803389202867,5302,5334,unetr_style
Mouse,POLYIC_20190517_mouse43__E3_P1,y,4,4.999999925494195,1,0.2819690682761222,0,0.2857142857142857,0.003745217438163473,5302,5334,unetr_style
Mouse,POLYIC_20190517_mouse43__E3_P1,y,5,4.999999925494195,4,0.21067521689928329,3,0.34758155230596177,0.1369063354066785,5302,5334,unetr_style
Mouse,POLYIC_20190517_mouse43__E3_P1,y,6,4.999999925494195,3,0.17691437193511883,4,0.1942257217847769,0.01731134984965807,5302,5334,unetr_style
Mouse,POLYIC_20190517_mouse43__E3_P1,y,7,4.999999925494195,5,0.17597133157299133,0,0.15054368203974502,-0.025427649533246305,5302,5334,unetr_style
Mouse,POLYIC_20190517_mouse43__E3_P1,y,8,4.999999925494195,1,0.16125990192380235,4,0.15579302587176602,-0.005466876052036329,5302,5334,unetr_style
Mouse,POLYIC_20190524_polyic___E3_P1,x,2,3.1999998807907124,1,0.5081632653061224,1,0.5052870090634441,-0.002876256242678288,3920,3972,current_best
Mouse,POLYIC_20190524_polyic___E3_P1,x,3,3.1999998807907124,1,0.35153061224489796,1,0.3366062437059416,-0.014924368538956345,3920,3972,current_best
Mouse,POLYIC_20190524_polyic___E3_P1,x,4,3.1999998807907124,3,0.2627551020408163,3,0.2550352467270896,-0.007719855313726709,3920,3972,current_best
Mouse,POLYIC_20190524_polyic___E3_P1,x,5,3.1999998807907124,4,0.21887755102040815,0,0.21122860020140988,-0.0076489508189982736,3920,3972,current_best
Mouse,POLYIC_20190524_polyic___E3_P1,x,6,3.1999998807907124,1,0.18418367346938774,0,0.17849949647532729,-0.005684176994060458,3920,3972,current_best
Mouse,POLYIC_20190524_polyic___E3_P1,x,7,3.1999998807907124,6,0.16096938775510203,1,0.16037260825780464,-0.0005967794972973894,3920,3972,current_best
Mouse,POLYIC_20190524_polyic___E3_P1,x,8,3.1999998807907124,3,0.14923469387755103,3,0.14350453172205438,-0.005730162155496654,3920,3972,current_best
Mouse,POLYIC_20190524_polyic___E3_P1,y,2,4.999999925494195,1,0.503731343283582,1,0.5066790352504639,0.002947691966881827,5360,5390,current_best
Mouse,POLYIC_20190524_polyic___E3_P1,y,3,4.999999925494195,2,0.35261194029850745,0,0.3523191094619666,-0.0002928308365408583,5360,5390,current_best
Mouse,POLYIC_20190524_polyic___E3_P1,y,4,4.999999925494195,3,0.26026119402985076,1,0.26048237476808905,0.00022118073823829132,5360,5390,current_best
Mouse,POLYIC_20190524_polyic___E3_P1,y,5,4.999999925494195,4,0.23041044776119404,3,0.34786641929499074,0.1174559715337967,5360,5390,current_best
Mouse,POLYIC_20190524_polyic___E3_P1,y,6,4.999999925494195,2,0.18078358208955222,0,0.1849721706864564,0.004188588596904186,5360,5390,current_best
Mouse,POLYIC_20190524_polyic___E3_P1,y,7,4.999999925494195,3,0.15951492537313433,4,0.16085343228200372,0.0013385069088693857,5360,5390,current_best
Mouse,POLYIC_20190524_polyic___E3_P1,y,8,4.999999925494195,0,0.13936567164179103,5,0.16753246753246753,0.0281667958906765,5360,5390,current_best
Mouse,POLYIC_20190524_polyic___E3_P1,x,2,3.1999998807907124,1,0.5081632653061224,1,0.5126705653021443,0.004507299996021841,3920,4104,unetr_style
Mouse,POLYIC_20190524_polyic___E3_P1,x,3,3.1999998807907124,1,0.35153061224489796,1,0.3391812865497076,-0.012349325695190372,3920,4104,unetr_style
Mouse,POLYIC_20190524_polyic___E3_P1,x,4,3.1999998807907124,3,0.2627551020408163,3,0.2760721247563353,0.013317022715518989,3920,4104,unetr_style
Mouse,POLYIC_20190524_polyic___E3_P1,x,5,3.1999998807907124,4,0.21887755102040815,4,0.21442495126705652,-0.004452599753351633,3920,4104,unetr_style
Mouse,POLYIC_20190524_polyic___E3_P1,x,6,3.1999998807907124,1,0.18418367346938774,1,0.1783625730994152,-0.005821100369972548,3920,4104,unetr_style
Mouse,POLYIC_20190524_polyic___E3_P1,x,7,3.1999998807907124,6,0.16096938775510203,6,0.1617933723196881,0.0008239845645860722,3920,4104,unetr_style
Mouse,POLYIC_20190524_polyic___E3_P1,x,8,3.1999998807907124,3,0.14923469387755103,3,0.1530214424951267,0.0037867486175756637,3920,4104,unetr_style
Mouse,POLYIC_20190524_polyic___E3_P1,y,2,4.999999925494195,1,0.503731343283582,1,0.5022255192878339,-0.0015058239957481678,5360,5392,unetr_style
Mouse,POLYIC_20190524_polyic___E3_P1,y,3,4.999999925494195,2,0.35261194029850745,0,0.3521884272997033,-0.00042351299880416526,5360,5392,unetr_style
Mouse,POLYIC_20190524_polyic___E3_P1,y,4,4.999999925494195,3,0.26026119402985076,1,0.2620548961424332,0.0017937021125824515,5360,5392,unetr_style
Mouse,POLYIC_20190524_polyic___E3_P1,y,5,4.999999925494195,4,0.23041044776119404,3,0.3551557863501484,0.12474533858895434,5360,5392,unetr_style
Mouse,POLYIC_20190524_polyic___E3_P1,y,6,4.999999925494195,2,0.18078358208955222,0,0.19102373887240356,0.01024015678285134,5360,5392,unetr_style
Mouse,POLYIC_20190524_polyic___E3_P1,y,7,4.999999925494195,3,0.15951492537313433,1,0.16858308605341246,0.009068160680278131,5360,5392,unetr_style
Mouse,POLYIC_20190524_polyic___E3_P1,y,8,4.999999925494195,0,0.13936567164179103,5,0.17247774480712166,0.03311207316533063,5360,5392,unetr_style
Mouse,POLYIC_20190524_polyic___E3_P1_1,x,2,3.1999998807907124,0,0.5056352459016393,0,0.500253036437247,-0.005382209464392385,3904,3952,current_best
Mouse,POLYIC_20190524_polyic___E3_P1_1,x,3,3.1999998807907124,1,0.34298155737704916,2,0.3575404858299595,0.014558928452910347,3904,3952,current_best
Mouse,POLYIC_20190524_polyic___E3_P1_1,x,4,3.1999998807907124,0,0.2640881147540984,1,0.2555668016194332,-0.008521313134665198,3904,3952,current_best
Mouse,POLYIC_20190524_polyic___E3_P1_1,x,5,3.1999998807907124,0,0.2177254098360656,0,0.21685222672064777,-0.0008731831154178138,3904,3952,current_best
Mouse,POLYIC_20190524_polyic___E3_P1_1,x,6,3.1999998807907124,4,0.17366803278688525,2,0.1799089068825911,0.0062408740957058395,3904,3952,current_best
Mouse,POLYIC_20190524_polyic___E3_P1_1,x,7,3.1999998807907124,6,0.15394467213114754,5,0.15258097165991902,-0.001363700471228524,3904,3952,current_best
Mouse,POLYIC_20190524_polyic___E3_P1_1,x,8,3.1999998807907124,0,0.13550204918032788,3,0.13360323886639677,-0.0018988103139311041,3904,3952,current_best
Mouse,POLYIC_20190524_polyic___E3_P1_1,y,2,4.999999925494195,0,0.500367107195301,0,0.5257863935625458,0.025419286367244776,5448,5468,current_best
Mouse,POLYIC_20190524_polyic___E3_P1_1,y,3,4.999999925494195,2,0.3474669603524229,0,0.3694220921726408,0.02195513182021791,5448,5468,current_best
Mouse,POLYIC_20190524_polyic___E3_P1_1,y,4,4.999999925494195,1,0.2630323054331865,0,0.2798098024871982,0.016777497054011714,5448,5468,current_best
Mouse,POLYIC_20190524_polyic___E3_P1_1,y,5,4.999999925494195,1,0.23348017621145375,0,0.3423555230431602,0.10887534683170644,5448,5468,current_best
Mouse,POLYIC_20190524_polyic___E3_P1_1,y,6,4.999999925494195,5,0.1762114537444934,4,0.2055596196049744,0.029348165860481,5448,5468,current_best
Mouse,POLYIC_20190524_polyic___E3_P1_1,y,7,4.999999925494195,1,0.1683186490455213,0,0.17008046817849304,0.0017618191329717425,5448,5468,current_best
Mouse,POLYIC_20190524_polyic___E3_P1_1,y,8,4.999999925494195,4,0.14684287812041116,4,0.19092904169714703,0.044086163576735865,5448,5468,current_best
Mouse,POLYIC_20190524_polyic___E3_P1_1,x,2,3.1999998807907124,0,0.5056352459016393,0,0.5211718365337272,0.015536590632087899,3904,4062,unetr_style
Mouse,POLYIC_20190524_polyic___E3_P1_1,x,3,3.1999998807907124,1,0.34298155737704916,0,0.3532742491383555,0.010292691761306316,3904,4062,unetr_style
Mouse,POLYIC_20190524_polyic___E3_P1_1,x,4,3.1999998807907124,0,0.2640881147540984,0,0.26292466765140327,-0.0011634471026951143,3904,4062,unetr_style
Mouse,POLYIC_20190524_polyic___E3_P1_1,x,5,3.1999998807907124,0,0.2177254098360656,0,0.21614967996061055,-0.0015757298754550397,3904,4062,unetr_style
Mouse,POLYIC_20190524_polyic___E3_P1_1,x,6,3.1999998807907124,4,0.17366803278688525,0,0.18660758247168882,0.01293954968480357,3904,4062,unetr_style
Mouse,POLYIC_20190524_polyic___E3_P1_1,x,7,3.1999998807907124,6,0.15394467213114754,5,0.14771048744460857,-0.006234184686538968,3904,4062,unetr_style
Mouse,POLYIC_20190524_polyic___E3_P1_1,x,8,3.1999998807907124,0,0.13550204918032788,2,0.14032496307237813,0.004822913892050251,3904,4062,unetr_style
Mouse,POLYIC_20190524_polyic___E3_P1_1,y,2,4.999999925494195,0,0.500367107195301,0,0.5214956647398844,0.021128557544583426,5448,5536,unetr_style
Mouse,POLYIC_20190524_polyic___E3_P1_1,y,3,4.999999925494195,2,0.3474669603524229,1,0.3621748554913295,0.01470789513890658,5448,5536,unetr_style
Mouse,POLYIC_20190524_polyic___E3_P1_1,y,4,4.999999925494195,1,0.2630323054331865,0,0.2810693641618497,0.01803705872866318,5448,5536,unetr_style
Mouse,POLYIC_20190524_polyic___E3_P1_1,y,5,4.999999925494195,1,0.23348017621145375,0,0.34085982658959535,0.1073796503781416,5448,5536,unetr_style
Mouse,POLYIC_20190524_polyic___E3_P1_1,y,6,4.999999925494195,5,0.1762114537444934,4,0.2086343930635838,0.032422939319090405,5448,5536,unetr_style
Mouse,POLYIC_20190524_polyic___E3_P1_1,y,7,4.999999925494195,1,0.1683186490455213,0,0.16329479768786126,-0.005023851357660036,5448,5536,unetr_style
Mouse,POLYIC_20190524_polyic___E3_P1_1,y,8,4.999999925494195,4,0.14684287812041116,4,0.19039017341040462,0.04354729528999346,5448,5536,unetr_style
Mouse,POLYIC_20190524_polyic___E3_P1_10,x,2,3.1999998807907124,1,0.5010498687664042,0,0.5074550128534704,0.006405144087066161,3810,3890,current_best
Mouse,POLYIC_20190524_polyic___E3_P1_10,x,3,3.1999998807907124,0,0.33569553805774277,1,0.3365038560411311,0.0008083179833883181,3810,3890,current_best
Mouse,POLYIC_20190524_polyic___E3_P1_10,x,4,3.1999998807907124,2,0.2572178477690289,2,0.26195372750642676,0.004735879737397863,3810,3890,current_best
Mouse,POLYIC_20190524_polyic___E3_P1_10,x,5,3.1999998807907124,0,0.21338582677165355,0,0.212853470437018,-0.0005323563346355531,3810,3890,current_best
Mouse,POLYIC_20190524_polyic___E3_P1_10,x,6,3.1999998807907124,3,0.17821522309711285,2,0.17326478149100258,-0.004950441606110273,3810,3890,current_best
Mouse,POLYIC_20190524_polyic___E3_P1_10,x,7,3.1999998807907124,5,0.15616797900262466,6,0.16709511568123395,0.010927136678609284,3810,3890,current_best
Mouse,POLYIC_20190524_polyic___E3_P1_10,x,8,3.1999998807907124,2,0.13622047244094487,3,0.14961439588688946,0.013393923445944589,3810,3890,current_best
Mouse,POLYIC_20190524_polyic___E3_P1_10,y,2,4.999999925494195,1,0.509430403621275,0,0.5445692883895131,0.03513888476823812,5302,5340,current_best
Mouse,POLYIC_20190524_polyic___E3_P1_10,y,3,4.999999925494195,1,0.34156921916258015,0,0.35917602996254683,0.017606810799966677,5302,5340,current_best
Mouse,POLYIC_20190524_polyic___E3_P1_10,y,4,4.999999925494195,3,0.2708411920030177,0,0.2852059925093633,0.014364800506345587,5302,5340,current_best
Mouse,POLYIC_20190524_polyic___E3_P1_10,y,5,4.999999925494195,1,0.24801961523953225,2,0.349063670411985,0.10104405517245274,5302,5340,current_best
Mouse,POLYIC_20190524_polyic___E3_P1_10,y,6,4.999999925494195,1,0.19294605809128632,2,0.20112359550561798,0.008177537414331665,5302,5340,current_best
Mouse,POLYIC_20190524_polyic___E3_P1_10,y,7,4.999999925494195,0,0.17370803470388532,2,0.17378277153558053,7.473683169520462e-05,5302,5340,current_best
Mouse,POLYIC_20190524_polyic___E3_P1_10,y,8,4.999999925494195,3,0.15937382119954735,4,0.21161048689138576,0.05223666569183841,5302,5340,current_best
Mouse,POLYIC_20190524_polyic___E3_P1_10,x,2,3.1999998807907124,1,0.5010498687664042,0,0.5053684724255735,0.004318603659169251,3810,4098,unetr_style
Mouse,POLYIC_20190524_polyic___E3_P1_10,x,3,3.1999998807907124,0,0.33569553805774277,2,0.35505124450951686,0.01935570645177409,3810,4098,unetr_style
Mouse,POLYIC_20190524_polyic___E3_P1_10,x,4,3.1999998807907124,2,0.2572178477690289,2,0.26061493411420206,0.0033970863451731614,3810,4098,unetr_style
Mouse,POLYIC_20190524_polyic___E3_P1_10,x,5,3.1999998807907124,0,0.21338582677165355,0,0.2025378233284529,-0.010848003443200638,3810,4098,unetr_style
Mouse,POLYIC_20190524_polyic___E3_P1_10,x,6,3.1999998807907124,3,0.17821522309711285,2,0.18789653489507077,0.00968131179795792,3810,4098,unetr_style
Mouse,POLYIC_20190524_polyic___E3_P1_10,x,7,3.1999998807907124,5,0.15616797900262466,6,0.16813079551000487,0.011962816507380208,3810,4098,unetr_style
Mouse,POLYIC_20190524_polyic___E3_P1_10,x,8,3.1999998807907124,2,0.13622047244094487,2,0.14348462664714495,0.00726415420620008,3810,4098,unetr_style
Mouse,POLYIC_20190524_polyic___E3_P1_10,y,2,4.999999925494195,1,0.509430403621275,0,0.5573922734026746,0.0479618697813996,5302,5384,unetr_style
Mouse,POLYIC_20190524_polyic___E3_P1_10,y,3,4.999999925494195,1,0.34156921916258015,0,0.35122585438335807,0.00965663522077792,5302,5384,unetr_style
Mouse,POLYIC_20190524_polyic___E3_P1_10,y,4,4.999999925494195,3,0.2708411920030177,0,0.2986627043090639,0.02782151230604618,5302,5384,unetr_style
Mouse,POLYIC_20190524_polyic___E3_P1_10,y,5,4.999999925494195,1,0.24801961523953225,2,0.3601411589895988,0.11212154375006655,5302,5384,unetr_style
Mouse,POLYIC_20190524_polyic___E3_P1_10,y,6,4.999999925494195,1,0.19294605809128632,2,0.2050520059435364,0.012105947852250082,5302,5384,unetr_style
Mouse,POLYIC_20190524_polyic___E3_P1_10,y,7,4.999999925494195,0,0.17370803470388532,2,0.16530460624071322,-0.008403428463172102,5302,5384,unetr_style
Mouse,POLYIC_20190524_polyic___E3_P1_10,y,8,4.999999925494195,3,0.15937382119954735,4,0.21155274888558692,0.05217892768603957,5302,5384,unetr_style
Mouse,POLYIC_20190524_polyic___E3_P1_12,x,2,3.1999998807907124,0,0.51,1,0.5019277108433735,-0.0080722891566265,4100,4150,current_best
Mouse,POLYIC_20190524_polyic___E3_P1_12,x,3,3.1999998807907124,0,0.34170731707317076,0,0.34433734939759036,0.0026300323244196067,4100,4150,current_best
Mouse,POLYIC_20190524_polyic___E3_P1_12,x,4,3.1999998807907124,0,0.2624390243902439,3,0.2672289156626506,0.004789891272406699,4100,4150,current_best
Mouse,POLYIC_20190524_polyic___E3_P1_12,x,5,3.1999998807907124,2,0.2070731707317073,4,0.20819277108433734,0.0011196003526300347,4100,4150,current_best
Mouse,POLYIC_20190524_polyic___E3_P1_12,x,6,3.1999998807907124,4,0.18390243902439024,3,0.1763855421686747,-0.007516896855715549,4100,4150,current_best
Mouse,POLYIC_20190524_polyic___E3_P1_12,x,7,3.1999998807907124,2,0.1575609756097561,3,0.156144578313253,-0.0014163972965030858,4100,4150,current_best
Mouse,POLYIC_20190524_polyic___E3_P1_12,x,8,3.1999998807907124,6,0.14097560975609755,6,0.1453012048192771,0.00432559506317956,4100,4150,current_best
Mouse,POLYIC_20190524_polyic___E3_P1_12,y,2,4.999999925494195,1,0.5184418517124577,0,0.5595593726661687,0.04111752095371102,5314,5356,current_best
Mouse,POLYIC_20190524_polyic___E3_P1_12,y,3,4.999999925494195,1,0.3438088069251035,0,0.33961911874533235,-0.004189688179771167,5314,5356,current_best
Mouse,POLYIC_20190524_polyic___E3_P1_12,y,4,4.999999925494195,3,0.27342867896123446,2,0.2875280059746079,0.014099327013373464,5314,5356,current_best
Mouse,POLYIC_20190524_polyic___E3_P1_12,y,5,4.999999925494195,4,0.2160331200602183,2,0.3411127707244212,0.1250796506642029,5314,5356,current_best
Mouse,POLYIC_20190524_polyic___E3_P1_12,y,6,4.999999925494195,1,0.1868648852088822,0,0.20481702763256163,0.01795214242367943,5314,5356,current_best
Mouse,POLYIC_20190524_polyic___E3_P1_12,y,7,4.999999925494195,5,0.15995483628152052,0,0.15664675130694547,-0.0033080849745750485,5314,5356,current_best
Mouse,POLYIC_20190524_polyic___E3_P1_12,y,8,4.999999925494195,3,0.1575084681972149,2,0.16206123973114264,0.004552771533927746,5314,5356,current_best
Mouse,POLYIC_20190524_polyic___E3_P1_12,x,2,3.1999998807907124,0,0.51,0,0.5110380460310004,0.0010380460310004391,4100,4258,unetr_style
Mouse,POLYIC_20190524_polyic___E3_P1_12,x,3,3.1999998807907124,0,0.34170731707317076,0,0.34640676373884455,0.00469944666567379,4100,4258,unetr_style
Mouse,POLYIC_20190524_polyic___E3_P1_12,x,4,3.1999998807907124,0,0.2624390243902439,0,0.271488961953969,0.009049937563725075,4100,4258,unetr_style
Mouse,POLYIC_20190524_polyic___E3_P1_12,x,5,3.1999998807907124,2,0.2070731707317073,2,0.21042743071864725,0.0033542599869399448,4100,4258,unetr_style
Mouse,POLYIC_20190524_polyic___E3_P1_12,x,6,3.1999998807907124,4,0.18390243902439024,4,0.17426021606387976,-0.009642222960510483,4100,4258,unetr_style
Mouse,POLYIC_20190524_polyic___E3_P1_12,x,7,3.1999998807907124,2,0.1575609756097561,1,0.15453264443400658,-0.0030283311757495213,4100,4258,unetr_style
Mouse,POLYIC_20190524_polyic___E3_P1_12,x,8,3.1999998807907124,6,0.14097560975609755,4,0.13926726162517614,-0.001708348130921411,4100,4258,unetr_style
Mouse,POLYIC_20190524_polyic___E3_P1_12,y,2,4.999999925494195,1,0.5184418517124577,0,0.5501485884101041,0.03170673669764634,5314,5384,unetr_style
Mouse,POLYIC_20190524_polyic___E3_P1_12,y,3,4.999999925494195,1,0.3438088069251035,2,0.34955423476968794,0.005745427844584428,5314,5384,unetr_style
Mouse,POLYIC_20190524_polyic___E3_P1_12,y,4,4.999999925494195,3,0.27342867896123446,2,0.2826894502228826,0.009260771261648149,5314,5384,unetr_style
Mouse,POLYIC_20190524_polyic___E3_P1_12,y,5,4.999999925494195,4,0.2160331200602183,3,0.3421248142644874,0.12609169420426908,5314,5384,unetr_style
Mouse,POLYIC_20190524_polyic___E3_P1_12,y,6,4.999999925494195,1,0.1868648852088822,0,0.2085809806835067,0.021716095474624497,5314,5384,unetr_style
Mouse,POLYIC_20190524_polyic___E3_P1_12,y,7,4.999999925494195,5,0.15995483628152052,0,0.15397473997028233,-0.005980096311238192,5314,5384,unetr_style
Mouse,POLYIC_20190524_polyic___E3_P1_12,y,8,4.999999925494195,3,0.1575084681972149,2,0.1563893016344725,-0.0011191665627423852,5314,5384,unetr_style
Mouse,POLYIC_20190524_polyic___E3_P1_13,x,2,3.1999998807907124,1,0.5054715997915581,0,0.5252498684902683,0.019778268698710244,3838,3802,current_best
Mouse,POLYIC_20190524_polyic___E3_P1_13,x,3,3.1999998807907124,0,0.33949973944762896,2,0.34823776959495,0.008738030147321052,3838,3802,current_best
Mouse,POLYIC_20190524_polyic___E3_P1_13,x,4,3.1999998807907124,1,0.26341844710786866,0,0.26854287217254075,0.005124425064672089,3838,3802,current_best
Mouse,POLYIC_20190524_polyic___E3_P1_13,x,5,3.1999998807907124,1,0.20557582073996875,4,0.21436086270384008,0.008785041963871337,3838,3802,current_best
Mouse,POLYIC_20190524_polyic___E3_P1_13,x,6,3.1999998807907124,1,0.1818655549765503,2,0.18884797475013151,0.006982419773581217,3838,3802,current_best
Mouse,POLYIC_20190524_polyic___E3_P1_13,x,7,3.1999998807907124,2,0.14903595622720167,4,0.15123619147816939,0.0022002352509677137,3838,3802,current_best
Mouse,POLYIC_20190524_polyic___E3_P1_13,x,8,3.1999998807907124,5,0.151902032308494,6,0.1504471330878485,-0.0014548992206455114,3838,3802,current_best
Mouse,POLYIC_20190524_polyic___E3_P1_13,y,2,4.999999925494195,0,0.505135032331685,1,0.5259691381257057,0.020834105794020674,5258,5314,current_best
Mouse,POLYIC_20190524_polyic___E3_P1_13,y,3,4.999999925494195,1,0.34480791175351844,2,0.35867519759126837,0.013867285837749932,5258,5314,current_best
Mouse,POLYIC_20190524_polyic___E3_P1_13,y,4,4.999999925494195,2,0.2613160897679726,3,0.2689123071132857,0.007596217345313072,5258,5314,current_best
Mouse,POLYIC_20190524_polyic___E3_P1_13,y,5,4.999999925494195,1,0.2213769494104222,0,0.3347760632292059,0.11339911381878368,5258,5314,current_best
Mouse,POLYIC_20190524_polyic___E3_P1_13,y,6,4.999999925494195,1,0.17459109927729174,5,0.19627399322544223,0.021682893948150483,5258,5314,current_best
Mouse,POLYIC_20190524_polyic___E3_P1_13,y,7,4.999999925494195,1,0.16165842525675161,4,0.17105758374106134,0.009399158484309722,5258,5314,current_best
Mouse,POLYIC_20190524_polyic___E3_P1_13,y,8,4.999999925494195,6,0.1409281095473564,7,0.17839668799397818,0.03746857844662177,5258,5314,current_best
Mouse,POLYIC_20190524_polyic___E3_P1_13,x,2,3.1999998807907124,1,0.5054715997915581,1,0.507286432160804,0.0018148323692459556,3838,3980,unetr_style
Mouse,POLYIC_20190524_polyic___E3_P1_13,x,3,3.1999998807907124,0,0.33949973944762896,1,0.3402010050251256,0.0007012655774966681,3838,3980,unetr_style
Mouse,POLYIC_20190524_polyic___E3_P1_13,x,4,3.1999998807907124,1,0.26341844710786866,1,0.2623115577889447,-0.0011068893189239426,3838,3980,unetr_style
Mouse,POLYIC_20190524_polyic___E3_P1_13,x,5,3.1999998807907124,1,0.20557582073996875,2,0.2092964824120603,0.003720661672091563,3838,3980,unetr_style
Mouse,POLYIC_20190524_polyic___E3_P1_13,x,6,3.1999998807907124,1,0.1818655549765503,1,0.18517587939698493,0.003310324420434635,3838,3980,unetr_style
Mouse,POLYIC_20190524_polyic___E3_P1_13,x,7,3.1999998807907124,2,0.14903595622720167,2,0.15050251256281408,0.0014665563356124067,3838,3980,unetr_style
Mouse,POLYIC_20190524_polyic___E3_P1_13,x,8,3.1999998807907124,5,0.151902032308494,4,0.1457286432160804,-0.006173389092413606,3838,3980,unetr_style
Mouse,POLYIC_20190524_polyic___E3_P1_13,y,2,4.999999925494195,0,0.505135032331685,1,0.5317100792751982,0.026575046943513203,5258,5298,unetr_style
Mouse,POLYIC_20190524_polyic___E3_P1_13,y,3,4.999999925494195,1,0.34480791175351844,2,0.3522083805209513,0.007400468767432888,5258,5298,unetr_style
Mouse,POLYIC_20190524_polyic___E3_P1_13,y,4,4.999999925494195,2,0.2613160897679726,3,0.2723669309173273,0.011050841149354673,5258,5298,unetr_style
Mouse,POLYIC_20190524_polyic___E3_P1_13,y,5,4.999999925494195,1,0.2213769494104222,3,0.35069837674594184,0.12932142733551963,5258,5298,unetr_style
Mouse,POLYIC_20190524_polyic___E3_P1_13,y,6,4.999999925494195,1,0.17459109927729174,5,0.19762174405436014,0.0230306447770684,5258,5298,unetr_style
Mouse,POLYIC_20190524_polyic___E3_P1_13,y,7,4.999999925494195,1,0.16165842525675161,4,0.1655341638354096,0.0038757385786579723,5258,5298,unetr_style
Mouse,POLYIC_20190524_polyic___E3_P1_13,y,8,4.999999925494195,6,0.1409281095473564,7,0.17421668554171385,0.033288575994357444,5258,5298,unetr_style
Mouse,POLYIC_20190524_polyic___E3_P1_3,x,2,3.1999998807907124,1,0.5077279752704791,1,0.5130970724191063,0.005369097148627211,3882,3894,current_best
Mouse,POLYIC_20190524_polyic___E3_P1_3,x,3,3.1999998807907124,1,0.3387429160226687,2,0.3446327683615819,0.005889852338913204,3882,3894,current_best
Mouse,POLYIC_20190524_polyic___E3_P1_3,x,4,3.1999998807907124,1,0.2679031427099433,1,0.2657935285053929,-0.002109614204550414,3882,3894,current_best
Mouse,POLYIC_20190524_polyic___E3_P1_3,x,5,3.1999998807907124,1,0.21148892323544566,3,0.20775552131484334,-0.003733401920602314,3882,3894,current_best
Mouse,POLYIC_20190524_polyic___E3_P1_3,x,6,3.1999998807907124,3,0.18160741885625967,3,0.17873651771956856,-0.002870901136691112,3882,3894,current_best
Mouse,POLYIC_20190524_polyic___E3_P1_3,x,7,3.1999998807907124,3,0.1602266872746007,3,0.15228556753980482,-0.007941119734795887,3882,3894,current_best
Mouse,POLYIC_20190524_polyic___E3_P1_3,x,8,3.1999998807907124,1,0.15687789799072643,1,0.14612223934257831,-0.01075565864814812,3882,3894,current_best
Mouse,POLYIC_20190524_polyic___E3_P1_3,y,2,4.999999925494195,0,0.5135083713850838,0,0.5066162570888468,-0.006892114296236929,5256,5290,current_best
Mouse,POLYIC_20190524_polyic___E3_P1_3,y,3,4.999999925494195,1,0.3504566210045662,0,0.3516068052930057,0.001150184288439493,5256,5290,current_best
Mouse,POLYIC_20190524_polyic___E3_P1_3,y,4,4.999999925494195,0,0.2671232876712329,1,0.25916824196597354,-0.007955045705259345,5256,5290,current_best
Mouse,POLYIC_20190524_polyic___E3_P1_3,y,5,4.999999925494195,4,0.2146118721461187,3,0.34820415879017014,0.13359228664405143,5256,5290,current_best
Mouse,POLYIC_20190524_polyic___E3_P1_3,y,6,4.999999925494195,1,0.1767503805175038,0,0.18752362948960302,0.01077324897209922,5256,5290,current_best
Mouse,POLYIC_20190524_polyic___E3_P1_3,y,7,4.999999925494195,5,0.16419330289193304,4,0.15992438563327033,-0.004268917258662713,5256,5290,current_best
Mouse,POLYIC_20190524_polyic___E3_P1_3,y,8,4.999999925494195,0,0.14098173515981735,5,0.1544423440453686,0.013460608885551256,5256,5290,current_best
Mouse,POLYIC_20190524_polyic___E3_P1_3,x,2,3.1999998807907124,1,0.5077279752704791,1,0.5123092072870508,0.004581232016571679,3882,4062,unetr_style
Mouse,POLYIC_20190524_polyic___E3_P1_3,x,3,3.1999998807907124,1,0.3387429160226687,1,0.3495814869522403,0.010838570929571578,3882,4062,unetr_style
Mouse,POLYIC_20190524_polyic___E3_P1_3,x,4,3.1999998807907124,1,0.2679031427099433,1,0.26440177252584934,-0.003501370184093966,3882,4062,unetr_style
Mouse,POLYIC_20190524_polyic___E3_P1_3,x,5,3.1999998807907124,1,0.21148892323544566,3,0.21861152141802068,0.007122598182575018,3882,4062,unetr_style
Mouse,POLYIC_20190524_polyic___E3_P1_3,x,6,3.1999998807907124,3,0.18160741885625967,1,0.18266863613983259,0.0010612172835729183,3882,4062,unetr_style
Mouse,POLYIC_20190524_polyic___E3_P1_3,x,7,3.1999998807907124,3,0.1602266872746007,3,0.15435745937961595,-0.005869227894984758,3882,4062,unetr_style
Mouse,POLYIC_20190524_polyic___E3_P1_3,x,8,3.1999998807907124,1,0.15687789799072643,1,0.15041851304775972,-0.006459384942966717,3882,4062,unetr_style
Mouse,POLYIC_20190524_polyic___E3_P1_3,y,2,4.999999925494195,0,0.5135083713850838,0,0.5005668934240363,-0.012941477961047498,5256,5292,unetr_style
Mouse,POLYIC_20190524_polyic___E3_P1_3,y,3,4.999999925494195,1,0.3504566210045662,0,0.3492063492063492,-0.0012502717982170175,5256,5292,unetr_style
Mouse,POLYIC_20190524_polyic___E3_P1_3,y,4,4.999999925494195,0,0.2671232876712329,0,0.26266061980347694,-0.004462667867755954,5256,5292,unetr_style
Mouse,POLYIC_20190524_polyic___E3_P1_3,y,5,4.999999925494195,4,0.2146118721461187,3,0.3488284202569917,0.13421654811087297,5256,5292,unetr_style
Mouse,POLYIC_20190524_polyic___E3_P1_3,y,6,4.999999925494195,1,0.1767503805175038,0,0.18877551020408162,0.012025129686577818,5256,5292,unetr_style
Mouse,POLYIC_20190524_polyic___E3_P1_3,y,7,4.999999925494195,5,0.16419330289193304,4,0.15268329554043839,-0.011510007351494655,5256,5292,unetr_style
Mouse,POLYIC_20190524_polyic___E3_P1_3,y,8,4.999999925494195,0,0.14098173515981735,5,0.14909297052154194,0.00811123536172459,5256,5292,unetr_style
Mouse,POLYIC_20190524_polyic___E3_P1_4,x,2,3.1999998807907124,1,0.5077962577962578,0,0.5059339525283798,-0.001862305267878006,3848,3876,current_best
Mouse,POLYIC_20190524_polyic___E3_P1_4,x,3,3.1999998807907124,2,0.34303534303534305,2,0.3446852425180599,0.0016498994827168212,3848,3876,current_best
Mouse,POLYIC_20190524_polyic___E3_P1_4,x,4,3.1999998807907124,3,0.2642931392931393,2,0.25386996904024767,-0.010423170252891634,3848,3876,current_best
Mouse,POLYIC_20190524_polyic___E3_P1_4,x,5,3.1999998807907124,3,0.20686070686070687,1,0.22007223942208462,0.013211532561377748,3848,3876,current_best
Mouse,POLYIC_20190524_polyic___E3_P1_4,x,6,3.1999998807907124,1,0.17515592515592515,2,0.17595459236326108,0.0007986672073359291,3848,3876,current_best
Mouse,POLYIC_20190524_polyic___E3_P1_4,x,7,3.1999998807907124,0,0.1541060291060291,6,0.16021671826625386,0.006110689160224753,3848,3876,current_best
Mouse,POLYIC_20190524_polyic___E3_P1_4,x,8,3.1999998807907124,7,0.1340956340956341,2,0.13415892672858618,6.329263295207221e-05,3848,3876,current_best
Mouse,POLYIC_20190524_polyic___E3_P1_4,y,2,4.999999925494195,1,0.53196261682243,0,0.5614328136599851,0.02947019683755514,5350,5388,current_best
Mouse,POLYIC_20190524_polyic___E3_P1_4,y,3,4.999999925494195,1,0.3579439252336449,0,0.3747216035634744,0.016777678329829515,5350,5388,current_best
Mouse,POLYIC_20190524_polyic___E3_P1_4,y,4,4.999999925494195,3,0.26822429906542056,2,0.2897178916109874,0.02149359254556682,5350,5388,current_best
Mouse,POLYIC_20190524_polyic___E3_P1_4,y,5,4.999999925494195,1,0.23476635514018693,3,0.3433556050482554,0.10858924990806848,5350,5388,current_best
Mouse,POLYIC_20190524_polyic___E3_P1_4,y,6,4.999999925494195,5,0.19850467289719625,4,0.23589458054936896,0.037389907652172705,5350,5388,current_best
Mouse,POLYIC_20190524_polyic___E3_P1_4,y,7,4.999999925494195,0,0.16149532710280373,2,0.17687453600593914,0.015379208903135405,5350,5388,current_best
Mouse,POLYIC_20190524_polyic___E3_P1_4,y,8,4.999999925494195,3,0.1560747663551402,4,0.17706013363028952,0.020985367275149325,5350,5388,current_best
Mouse,POLYIC_20190524_polyic___E3_P1_4,x,2,3.1999998807907124,1,0.5077962577962578,1,0.5081012658227848,0.0003050080265269983,3848,3950,unetr_style
Mouse,POLYIC_20190524_polyic___E3_P1_4,x,3,3.1999998807907124,2,0.34303534303534305,2,0.3508860759493671,0.00785073291402405,3848,3950,unetr_style
Mouse,POLYIC_20190524_polyic___E3_P1_4,x,4,3.1999998807907124,3,0.2642931392931393,3,0.2589873417721519,-0.005305797520987421,3848,3950,unetr_style
Mouse,POLYIC_20190524_polyic___E3_P1_4,x,5,3.1999998807907124,3,0.20686070686070687,1,0.2139240506329114,0.007063343772204522,3848,3950,unetr_style
Mouse,POLYIC_20190524_polyic___E3_P1_4,x,6,3.1999998807907124,1,0.17515592515592515,2,0.18050632911392406,0.005350403957998906,3848,3950,unetr_style
Mouse,POLYIC_20190524_polyic___E3_P1_4,x,7,3.1999998807907124,0,0.1541060291060291,6,0.15265822784810126,-0.0014478012579278443,3848,3950,unetr_style
Mouse,POLYIC_20190524_polyic___E3_P1_4,x,8,3.1999998807907124,7,0.1340956340956341,7,0.13645569620253165,0.0023600621068975425,3848,3950,unetr_style
Mouse,POLYIC_20190524_polyic___E3_P1_4,y,2,4.999999925494195,1,0.53196261682243,0,0.557920059215396,0.025957442392966046,5350,5404,unetr_style
Mouse,POLYIC_20190524_polyic___E3_P1_4,y,3,4.999999925494195,1,0.3579439252336449,0,0.38119911176905996,0.023255186535415084,5350,5404,unetr_style
Mouse,POLYIC_20190524_polyic___E3_P1_4,y,4,4.999999925494195,3,0.26822429906542056,2,0.28182827535159144,0.013603976286170882,5350,5404,unetr_style
Mouse,POLYIC_20190524_polyic___E3_P1_4,y,5,4.999999925494195,1,0.23476635514018693,2,0.33882309400444116,0.10405673886425423,5350,5404,unetr_style
Mouse,POLYIC_20190524_polyic___E3_P1_4,y,6,4.999999925494195,5,0.19850467289719625,4,0.22464840858623242,0.026143735689036163,5350,5404,unetr_style
Mouse,POLYIC_20190524_polyic___E3_P1_4,y,7,4.999999925494195,0,0.16149532710280373,2,0.17912657290895634,0.017631245806152607,5350,5404,unetr_style
Mouse,POLYIC_20190524_polyic___E3_P1_4,y,8,4.999999925494195,3,0.1560747663551402,4,0.17875647668393782,0.022681710328797622,5350,5404,unetr_style
Mouse,POLYIC_20190524_polyic___E3_P1_5,x,2,3.1999998807907124,1,0.5010515247108307,0,0.5275489186405767,0.026497393929746038,3804,3884,current_best
Mouse,POLYIC_20190524_polyic___E3_P1_5,x,3,3.1999998807907124,2,0.3441114616193481,0,0.33831101956745624,-0.005800442051891841,3804,3884,current_best
Mouse,POLYIC_20190524_polyic___E3_P1_5,x,4,3.1999998807907124,1,0.2542060988433228,2,0.2664778578784758,0.012271759035152985,3804,3884,current_best
Mouse,POLYIC_20190524_polyic___E3_P1_5,x,5,3.1999998807907124,4,0.20425867507886436,4,0.2090628218331617,0.004804146754297328,3804,3884,current_best
Mouse,POLYIC_20190524_polyic___E3_P1_5,x,6,3.1999998807907124,2,0.17928496319663512,2,0.18280123583934088,0.0035162726427057645,3804,3884,current_best
Mouse,POLYIC_20190524_polyic___E3_P1_5,x,7,3.1999998807907124,5,0.16035751840168244,6,0.15396498455200824,-0.006392533849674198,3804,3884,current_best
Mouse,POLYIC_20190524_polyic___E3_P1_5,x,8,3.1999998807907124,0,0.13801261829652997,0,0.14186405767250257,0.0038514393759725984,3804,3884,current_best
Mouse,POLYIC_20190524_polyic___E3_P1_5,y,2,4.999999925494195,0,0.5039277297721917,0,0.512076353720296,0.008148623948104339,5092,5134,current_best
Mouse,POLYIC_20190524_polyic___E3_P1_5,y,3,4.999999925494195,1,0.3375883739198743,2,0.3854694195559018,0.04788104563602752,5092,5134,current_best
Mouse,POLYIC_20190524_polyic___E3_P1_5,y,4,4.999999925494195,2,0.25216025137470544,2,0.2810673938449552,0.02890714247024978,5092,5134,current_best
Mouse,POLYIC_20190524_polyic___E3_P1_5,y,5,4.999999925494195,2,0.21602513747054203,2,0.3671601090767433,0.15113497160620126,5092,5134,current_best
Mouse,POLYIC_20190524_polyic___E3_P1_5,y,6,4.999999925494195,4,0.19265514532600156,5,0.22477600311647838,0.032120857790476826,5092,5134,current_best
Mouse,POLYIC_20190524_polyic___E3_P1_5,y,7,4.999999925494195,3,0.1624116260801257,6,0.17121153097000388,0.008799904889878196,5092,5134,current_best
Mouse,POLYIC_20190524_polyic___E3_P1_5,y,8,4.999999925494195,2,0.1357030636292223,2,0.20023373587845733,0.06453067224923503,5092,5134,current_best
Mouse,POLYIC_20190524_polyic___E3_P1_5,x,2,3.1999998807907124,1,0.5010515247108307,0,0.5389251632345555,0.03787363852372483,3804,3982,unetr_style
Mouse,POLYIC_20190524_polyic___E3_P1_5,x,3,3.1999998807907124,2,0.3441114616193481,2,0.35409342039176295,0.009981958772414867,3804,3982,unetr_style
Mouse,POLYIC_20190524_polyic___E3_P1_5,x,4,3.1999998807907124,1,0.2542060988433228,0,0.2880462079357107,0.03384010909238788,3804,3982,unetr_style
Mouse,POLYIC_20190524_polyic___E3_P1_5,x,5,3.1999998807907124,4,0.20425867507886436,0,0.20969362129583125,0.005434946216966885,3804,3982,unetr_style
Mouse,POLYIC_20190524_polyic___E3_P1_5,x,6,3.1999998807907124,2,0.17928496319663512,2,0.19839276745354092,0.019107804256905808,3804,3982,unetr_style
Mouse,POLYIC_20190524_polyic___E3_P1_5,x,7,3.1999998807907124,5,0.16035751840168244,6,0.1564540431943747,-0.003903475207307744,3804,3982,unetr_style
Mouse,POLYIC_20190524_polyic___E3_P1_5,x,8,3.1999998807907124,0,0.13801261829652997,0,0.15243596182822702,0.014423343531697053,3804,3982,unetr_style
Mouse,POLYIC_20190524_polyic___E3_P1_5,y,2,4.999999925494195,0,0.5039277297721917,0,0.5042701863354038,0.00034245656321207907,5092,5152,unetr_style
Mouse,POLYIC_20190524_polyic___E3_P1_5,y,3,4.999999925494195,1,0.3375883739198743,2,0.38839285714285715,0.050804483222982866,5092,5152,unetr_style
Mouse,POLYIC_20190524_polyic___E3_P1_5,y,4,4.999999925494195,2,0.25216025137470544,2,0.2672748447204969,0.01511459334579146,5092,5152,unetr_style
Mouse,POLYIC_20190524_polyic___E3_P1_5,y,5,4.999999925494195,2,0.21602513747054203,2,0.3532608695652174,0.13723573209467538,5092,5152,unetr_style
Mouse,POLYIC_20190524_polyic___E3_P1_5,y,6,4.999999925494195,4,0.19265514532600156,5,0.21913819875776397,0.02648305343176241,5092,5152,unetr_style
Mouse,POLYIC_20190524_polyic___E3_P1_5,y,7,4.999999925494195,3,0.1624116260801257,6,0.1653726708074534,0.002961044727327722,5092,5152,unetr_style
Mouse,POLYIC_20190524_polyic___E3_P1_5,y,8,4.999999925494195,2,0.1357030636292223,2,0.18051242236024845,0.04480935873102615,5092,5152,unetr_style
Mouse,POLYIC_20190524_polyic___E3_P1_6,x,2,3.1999998807907124,1,0.5166912125675013,1,0.5185276679841897,0.0018364554166884206,4074,4048,current_best
Mouse,POLYIC_20190524_polyic___E3_P1_6,x,3,3.1999998807907124,1,0.34658811978399606,1,0.3394268774703557,-0.007161242313640348,4074,4048,current_best
Mouse,POLYIC_20190524_polyic___E3_P1_6,x,4,3.1999998807907124,3,0.27319587628865977,3,0.27223320158102765,-0.0009626747076321163,4074,4048,current_best
Mouse,POLYIC_20190524_polyic___E3_P1_6,x,5,3.1999998807907124,4,0.20814923907707414,0,0.20923913043478262,0.0010898913577084834,4074,4048,current_best
Mouse,POLYIC_20190524_polyic___E3_P1_6,x,6,3.1999998807907124,4,0.18458517427589594,3,0.1783596837944664,-0.006225490481429535,4074,4048,current_best
Mouse,POLYIC_20190524_polyic___E3_P1_6,x,7,3.1999998807907124,3,0.16200294550810015,2,0.166501976284585,0.004499030776484836,4074,4048,current_best
Mouse,POLYIC_20190524_polyic___E3_P1_6,x,8,3.1999998807907124,3,0.14261168384879724,3,0.14352766798418973,0.0009159841353924836,4074,4048,current_best
Mouse,POLYIC_20190524_polyic___E3_P1_6,y,2,4.999999925494195,0,0.501679104477612,1,0.5026109660574413,0.000931861579829274,5360,5362,current_best
Mouse,POLYIC_20190524_polyic___E3_P1_6,y,3,4.999999925494195,1,0.34496268656716417,2,0.371130175307721,0.026167488740556855,5360,5362,current_best
Mouse,POLYIC_20190524_polyic___E3_P1_6,y,4,4.999999925494195,2,0.2666044776119403,1,0.28086534875046626,0.014260871138525977,5360,5362,current_best
Mouse,POLYIC_20190524_polyic___E3_P1_6,y,5,4.999999925494195,3,0.23152985074626867,3,0.37280865348750464,0.14127880274123597,5360,5362,current_best
Mouse,POLYIC_20190524_polyic___E3_P1_6,y,6,4.999999925494195,1,0.18488805970149252,2,0.21372622155911974,0.02883816185762722,5360,5362,current_best
Mouse,POLYIC_20190524_polyic___E3_P1_6,y,7,4.999999925494195,6,0.16138059701492538,0,0.1671018276762402,0.00572123066131483,5360,5362,current_best
Mouse,POLYIC_20190524_polyic___E3_P1_6,y,8,4.999999925494195,1,0.141044776119403,1,0.18481909735173443,0.04377432123233144,5360,5362,current_best
Mouse,POLYIC_20190524_polyic___E3_P1_6,x,2,3.1999998807907124,1,0.5166912125675013,1,0.5073360843649702,-0.009355128202531038,4074,4362,unetr_style
Mouse,POLYIC_20190524_polyic___E3_P1_6,x,3,3.1999998807907124,1,0.34658811978399606,0,0.343191196698762,-0.003396923085234038,4074,4362,unetr_style
Mouse,POLYIC_20190524_polyic___E3_P1_6,x,4,3.1999998807907124,3,0.27319587628865977,0,0.26249426868408987,-0.010701607604569896,4074,4362,unetr_style
Mouse,POLYIC_20190524_polyic___E3_P1_6,x,5,3.1999998807907124,4,0.20814923907707414,4,0.20861989912884,0.00047066005176585324,4074,4362,unetr_style
Mouse,POLYIC_20190524_polyic___E3_P1_6,x,6,3.1999998807907124,4,0.18458517427589594,5,0.17858780375974323,-0.005997370516152706,4074,4362,unetr_style
Mouse,POLYIC_20190524_polyic___E3_P1_6,x,7,3.1999998807907124,3,0.16200294550810015,1,0.15566254011921138,-0.006340405388888776,4074,4362,unetr_style
Mouse,POLYIC_20190524_polyic___E3_P1_6,x,8,3.1999998807907124,3,0.14261168384879724,4,0.13411279229711143,-0.008498891551685817,4074,4362,unetr_style
Mouse,POLYIC_20190524_polyic___E3_P1_6,y,2,4.999999925494195,0,0.501679104477612,1,0.5024937655860349,0.0008146611084228761,5360,5614,unetr_style
Mouse,POLYIC_20190524_polyic___E3_P1_6,y,3,4.999999925494195,1,0.34496268656716417,2,0.3735304595653723,0.02856777299820812,5360,5614,unetr_style
Mouse,POLYIC_20190524_polyic___E3_P1_6,y,4,4.999999925494195,2,0.2666044776119403,1,0.286783042394015,0.020178564782074693,5360,5614,unetr_style
Mouse,POLYIC_20190524_polyic___E3_P1_6,y,5,4.999999925494195,3,0.23152985074626867,3,0.3617741360883506,0.1302442853420819,5360,5614,unetr_style
Mouse,POLYIC_20190524_polyic___E3_P1_6,y,6,4.999999925494195,1,0.18488805970149252,2,0.2167794798717492,0.031891420170256674,5360,5614,unetr_style
Mouse,POLYIC_20190524_polyic___E3_P1_6,y,7,4.999999925494195,6,0.16138059701492538,0,0.16939793373708587,0.008017336722160484,5360,5614,unetr_style
Mouse,POLYIC_20190524_polyic___E3_P1_6,y,8,4.999999925494195,1,0.141044776119403,1,0.1902386889918062,0.04919391287240321,5360,5614,unetr_style
Mouse,POLYIC_20190524_polyic___E3_P1_7,x,2,3.1999998807907124,1,0.5029348986125933,1,0.510863804981452,0.00792890636885868,3748,3774,current_best
Mouse,POLYIC_20190524_polyic___E3_P1_7,x,3,3.1999998807907124,1,0.34071504802561364,2,0.3420773714891362,0.0013623234635225523,3748,3774,current_best
Mouse,POLYIC_20190524_polyic___E3_P1_7,x,4,3.1999998807907124,2,0.2646744930629669,2,0.2641759406465289,-0.0004985524164380362,3748,3774,current_best
Mouse,POLYIC_20190524_polyic___E3_P1_7,x,5,3.1999998807907124,4,0.21398078975453574,4,0.21118177000529942,-0.0027990197492363256,3748,3774,current_best
Mouse,POLYIC_20190524_polyic___E3_P1_7,x,6,3.1999998807907124,1,0.18223052294557096,1,0.1825649178590355,0.00033439491346454187,3748,3774,current_best
Mouse,POLYIC_20190524_polyic___E3_P1_7,x,7,3.1999998807907124,4,0.1523479188900747,1,0.16825649178590354,0.015908572895828837,3748,3774,current_best
Mouse,POLYIC_20190524_polyic___E3_P1_7,x,8,3.1999998807907124,6,0.14461045891141944,6,0.15765765765765766,0.01304719874623822,3748,3774,current_best
Mouse,POLYIC_20190524_polyic___E3_P1_7,y,2,4.999999925494195,1,0.5100760456273764,1,0.5136041744316064,0.003528128804230035,5260,5366,current_best
Mouse,POLYIC_20190524_polyic___E3_P1_7,y,3,4.999999925494195,1,0.34942965779467683,0,0.3380544166977264,-0.011375241096950428,5260,5366,current_best
Mouse,POLYIC_20190524_polyic___E3_P1_7,y,4,4.999999925494195,3,0.2661596958174905,0,0.27376071561684684,0.0076010197993563455,5260,5366,current_best
Mouse,POLYIC_20190524_polyic___E3_P1_7,y,5,4.999999925494195,1,0.23840304182509506,2,0.35538576220648527,0.11698272038139021,5260,5366,current_best
Mouse,POLYIC_20190524_polyic___E3_P1_7,y,6,4.999999925494195,1,0.18136882129277568,3,0.18617219530376444,0.004803374010988765,5260,5366,current_best
Mouse,POLYIC_20190524_polyic___E3_P1_7,y,7,4.999999925494195,3,0.170532319391635,2,0.17685426761088335,0.006321948219248363,5260,5366,current_best
Mouse,POLYIC_20190524_polyic___E3_P1_7,y,8,4.999999925494195,3,0.13745247148288972,7,0.18952664927320165,0.052074177790311926,5260,5366,current_best
Mouse,POLYIC_20190524_polyic___E3_P1_7,x,2,3.1999998807907124,1,0.5029348986125933,1,0.501529831718511,-0.001405066894082374,3748,3922,unetr_style
Mouse,POLYIC_20190524_polyic___E3_P1_7,x,3,3.1999998807907124,1,0.34071504802561364,2,0.3398776134625191,-0.0008374345630945412,3748,3922,unetr_style
Mouse,POLYIC_20190524_polyic___E3_P1_7,x,4,3.1999998807907124,2,0.2646744930629669,3,0.2672106068332483,0.0025361137702814007,3748,3922,unetr_style
Mouse,POLYIC_20190524_polyic___E3_P1_7,x,5,3.1999998807907124,4,0.21398078975453574,3,0.21086180520142783,-0.003118984553107912,3748,3922,unetr_style
Mouse,POLYIC_20190524_polyic___E3_P1_7,x,6,3.1999998807907124,1,0.18223052294557096,2,0.17950025497195307,-0.002730267973617889,3748,3922,unetr_style
Mouse,POLYIC_20190524_polyic___E3_P1_7,x,7,3.1999998807907124,4,0.1523479188900747,0,0.16012238653748087,0.007774467647406164,3748,3922,unetr_style
Mouse,POLYIC_20190524_polyic___E3_P1_7,x,8,3.1999998807907124,6,0.14461045891141944,6,0.1438041815400306,-0.0008062773713888305,3748,3922,unetr_style
Mouse,POLYIC_20190524_polyic___E3_P1_7,y,2,4.999999925494195,1,0.5100760456273764,1,0.5072436849925706,-0.0028323606348058528,5260,5384,unetr_style
Mouse,POLYIC_20190524_polyic___E3_P1_7,y,3,4.999999925494195,1,0.34942965779467683,0,0.3447251114413076,-0.004704546353369254,5260,5384,unetr_style
Mouse,POLYIC_20190524_polyic___E3_P1_7,y,4,4.999999925494195,3,0.2661596958174905,0,0.2774888558692422,0.011329160051751719,5260,5384,unetr_style
Mouse,POLYIC_20190524_polyic___E3_P1_7,y,5,4.999999925494195,1,0.23840304182509506,2,0.3649702823179792,0.12656724049288412,5260,5384,unetr_style
Mouse,POLYIC_20190524_polyic___E3_P1_7,y,6,4.999999925494195,1,0.18136882129277568,3,0.19167904903417535,0.010310227741399669,5260,5384,unetr_style
Mouse,POLYIC_20190524_polyic___E3_P1_7,y,7,4.999999925494195,3,0.170532319391635,2,0.17682020802377416,0.006287888632139166,5260,5384,unetr_style
Mouse,POLYIC_20190524_polyic___E3_P1_7,y,8,4.999999925494195,3,0.13745247148288972,4,0.19316493313521546,0.05571246165232574,5260,5384,unetr_style
Mouse,POLYIC_20190524_polyic___E3_P1_9,x,2,3.1999998807907124,0,0.5025667351129364,1,0.5087001023541453,0.006133367241208942,3896,3908,current_best
Mouse,POLYIC_20190524_polyic___E3_P1_9,x,3,3.1999998807907124,1,0.34856262833675566,0,0.35516888433981575,0.006606256003060085,3896,3908,current_best
Mouse,POLYIC_20190524_polyic___E3_P1_9,x,4,3.1999998807907124,3,0.2612936344969199,3,0.25588536335721596,-0.005408271139703935,3896,3908,current_best
Mouse,POLYIC_20190524_polyic___E3_P1_9,x,5,3.1999998807907124,3,0.20867556468172485,1,0.20957011258955988,0.0008945479078350249,3896,3908,current_best
Mouse,POLYIC_20190524_polyic___E3_P1_9,x,6,3.1999998807907124,1,0.17838809034907596,3,0.18551688843398156,0.007128798084905602,3896,3908,current_best
Mouse,POLYIC_20190524_polyic___E3_P1_9,x,7,3.1999998807907124,1,0.1629876796714579,1,0.1589048106448311,-0.004082869026626801,3896,3908,current_best
Mouse,POLYIC_20190524_polyic___E3_P1_9,x,8,3.1999998807907124,4,0.14656057494866528,3,0.14994882292732856,0.0033882479786632724,3896,3908,current_best
Mouse,POLYIC_20190524_polyic___E3_P1_9,y,2,4.999999925494195,0,0.5021945866861741,0,0.5180327868852459,0.015838200199071784,5468,5490,current_best
Mouse,POLYIC_20190524_polyic___E3_P1_9,y,3,4.999999925494195,1,0.33522311631309437,0,0.37122040072859747,0.035997284415503095,5468,5490,current_best
Mouse,POLYIC_20190524_polyic___E3_P1_9,y,4,4.999999925494195,2,0.25786393562545723,0,0.27285974499089255,0.01499580936543532,5468,5490,current_best
Mouse,POLYIC_20190524_polyic___E3_P1_9,y,5,4.999999925494195,3,0.22275054864667154,3,0.34735883424408015,0.12460828559740861,5468,5490,current_best
Mouse,POLYIC_20190524_polyic___E3_P1_9,y,6,4.999999925494195,3,0.18013899049012436,3,0.19726775956284154,0.01712876907271718,5468,5490,current_best
Mouse,POLYIC_20190524_polyic___E3_P1_9,y,7,4.999999925494195,3,0.1616678858814923,5,0.18397085610200364,0.022302970220511337,5468,5490,current_best
Mouse,POLYIC_20190524_polyic___E3_P1_9,y,8,4.999999925494195,6,0.13533284564740308,4,0.1785063752276867,0.043173529580283615,5468,5490,current_best
Mouse,POLYIC_20190524_polyic___E3_P1_9,x,2,3.1999998807907124,0,0.5025667351129364,1,0.5002463054187192,-0.0023204296942171965,3896,4060,unetr_style
Mouse,POLYIC_20190524_polyic___E3_P1_9,x,3,3.1999998807907124,1,0.34856262833675566,0,0.3485221674876847,-4.0460849070944604e-05,3896,4060,unetr_style
Mouse,POLYIC_20190524_polyic___E3_P1_9,x,4,3.1999998807907124,3,0.2612936344969199,1,0.25738916256157635,-0.0039044719353435453,3896,4060,unetr_style
Mouse,POLYIC_20190524_polyic___E3_P1_9,x,5,3.1999998807907124,3,0.20867556468172485,2,0.2123152709359606,0.003639706254235736,3896,4060,unetr_style
Mouse,POLYIC_20190524_polyic___E3_P1_9,x,6,3.1999998807907124,1,0.17838809034907596,3,0.1810344827586207,0.002646392409544729,3896,4060,unetr_style
Mouse,POLYIC_20190524_polyic___E3_P1_9,x,7,3.1999998807907124,1,0.1629876796714579,0,0.15763546798029557,-0.005352211691162345,3896,4060,unetr_style
Mouse,POLYIC_20190524_polyic___E3_P1_9,x,8,3.1999998807907124,4,0.14656057494866528,4,0.14458128078817734,-0.001979294160487949,3896,4060,unetr_style
Mouse,POLYIC_20190524_polyic___E3_P1_9,y,2,4.999999925494195,0,0.5021945866861741,0,0.5121818181818182,0.009987231495644067,5468,5500,unetr_style
Mouse,POLYIC_20190524_polyic___E3_P1_9,y,3,4.999999925494195,1,0.33522311631309437,0,0.35745454545454547,0.022231429141451098,5468,5500,unetr_style
Mouse,POLYIC_20190524_polyic___E3_P1_9,y,4,4.999999925494195,2,0.25786393562545723,0,0.27,0.012136064374542788,5468,5500,unetr_style
Mouse,POLYIC_20190524_polyic___E3_P1_9,y,5,4.999999925494195,3,0.22275054864667154,3,0.3578181818181818,0.13506763317151027,5468,5500,unetr_style
Mouse,POLYIC_20190524_polyic___E3_P1_9,y,6,4.999999925494195,3,0.18013899049012436,2,0.19654545454545455,0.016406464055330194,5468,5500,unetr_style
Mouse,POLYIC_20190524_polyic___E3_P1_9,y,7,4.999999925494195,3,0.1616678858814923,5,0.182,0.020332114118507688,5468,5500,unetr_style
Mouse,POLYIC_20190524_polyic___E3_P1_9,y,8,4.999999925494195,6,0.13533284564740308,4,0.18254545454545454,0.047212608898051456,5468,5500,unetr_style
Mouse,POLYIC_20190524_polyic___E4_P1_1,x,2,3.1999998807907124,0,0.5064234326824255,0,0.504665629860031,-0.0017578028223944608,3892,3858,current_best
Mouse,POLYIC_20190524_polyic___E4_P1_1,x,3,3.1999998807907124,0,0.3368448098663926,1,0.3475894245723173,0.010744614705924693,3892,3858,current_best
Mouse,POLYIC_20190524_polyic___E4_P1_1,x,4,3.1999998807907124,2,0.2541109969167523,1,0.2667185069984448,0.012607510081692475,3892,3858,current_best
Mouse,POLYIC_20190524_polyic___E4_P1_1,x,5,3.1999998807907124,4,0.20760534429599178,4,0.21124935199585276,0.0036440076998609794,3892,3858,current_best
Mouse,POLYIC_20190524_polyic___E4_P1_1,x,6,3.1999998807907124,4,0.17343268242548818,4,0.18144116122343182,0.008008478797943641,3892,3858,current_best
Mouse,POLYIC_20190524_polyic___E4_P1_1,x,7,3.1999998807907124,2,0.16495375128468653,2,0.15578019699326076,-0.009173554291425773,3892,3858,current_best
Mouse,POLYIC_20190524_polyic___E4_P1_1,x,8,3.1999998807907124,4,0.13540596094552929,5,0.14385692068429237,0.008450959738763086,3892,3858,current_best
Mouse,POLYIC_20190524_polyic___E4_P1_1,y,2,4.999999925494195,0,0.5078277886497065,1,0.5601651592607156,0.05233737061100918,5110,5086,current_best
Mouse,POLYIC_20190524_polyic___E4_P1_1,y,3,4.999999925494195,2,0.35342465753424657,1,0.35450255603617775,0.0010778985019311849,5110,5086,current_best
Mouse,POLYIC_20190524_polyic___E4_P1_1,y,4,4.999999925494195,2,0.2694716242661448,3,0.3018088871411718,0.03233726287502703,5110,5086,current_best
Mouse,POLYIC_20190524_polyic___E4_P1_1,y,5,4.999999925494195,1,0.21859099804305285,3,0.3409359024773889,0.12234490443433607,5110,5086,current_best
Mouse,POLYIC_20190524_polyic___E4_P1_1,y,6,4.999999925494195,2,0.18454011741682974,5,0.19799449469130947,0.013454377274479734,5110,5086,current_best
Mouse,POLYIC_20190524_polyic___E4_P1_1,y,7,4.999999925494195,6,0.16105675146771037,6,0.1488399528116398,-0.01221679865607056,5110,5086,current_best
Mouse,POLYIC_20190524_polyic___E4_P1_1,y,8,4.999999925494195,3,0.13933463796477494,7,0.18659064097522612,0.047256003010451186,5110,5086,current_best
Mouse,POLYIC_20190524_polyic___E4_P1_1,x,2,3.1999998807907124,0,0.5064234326824255,1,0.5141843971631206,0.007760964480695076,3892,3948,unetr_style
Mouse,POLYIC_20190524_polyic___E4_P1_1,x,3,3.1999998807907124,0,0.3368448098663926,0,0.34929078014184395,0.012445970275451357,3892,3948,unetr_style
Mouse,POLYIC_20190524_polyic___E4_P1_1,x,4,3.1999998807907124,2,0.2541109969167523,1,0.26469098277608916,0.010579985859336838,3892,3948,unetr_style
Mouse,POLYIC_20190524_polyic___E4_P1_1,x,5,3.1999998807907124,4,0.20760534429599178,0,0.2066869300911854,-0.0009184142048063726,3892,3948,unetr_style
Mouse,POLYIC_20190524_polyic___E4_P1_1,x,6,3.1999998807907124,4,0.17343268242548818,3,0.18085106382978725,0.007418381404299068,3892,3948,unetr_style
Mouse,POLYIC_20190524_polyic___E4_P1_1,x,7,3.1999998807907124,2,0.16495375128468653,2,0.15628166160081053,-0.008672089683876005,3892,3948,unetr_style
Mouse,POLYIC_20190524_polyic___E4_P1_1,x,8,3.1999998807907124,4,0.13540596094552929,5,0.13677811550151975,0.0013721545559904624,3892,3948,unetr_style
Mouse,POLYIC_20190524_polyic___E4_P1_1,y,2,4.999999925494195,0,0.5078277886497065,1,0.5485001947798988,0.040672406130192296,5110,5134,unetr_style
Mouse,POLYIC_20190524_polyic___E4_P1_1,y,3,4.999999925494195,2,0.35342465753424657,1,0.35079859758472925,-0.002626059949517312,5110,5134,unetr_style
Mouse,POLYIC_20190524_polyic___E4_P1_1,y,4,4.999999925494195,2,0.2694716242661448,3,0.29197506817296454,0.022503443906819742,5110,5134,unetr_style
Mouse,POLYIC_20190524_polyic___E4_P1_1,y,5,4.999999925494195,1,0.21859099804305285,2,0.33677444487728864,0.11818344683423579,5110,5134,unetr_style
Mouse,POLYIC_20190524_polyic___E4_P1_1,y,6,4.999999925494195,2,0.18454011741682974,1,0.19244253992987922,0.007902422513049484,5110,5134,unetr_style
Mouse,POLYIC_20190524_polyic___E4_P1_1,y,7,4.999999925494195,6,0.16105675146771037,0,0.15835605765485003,-0.0027006938128603386,5110,5134,unetr_style
Mouse,POLYIC_20190524_polyic___E4_P1_1,y,8,4.999999925494195,3,0.13933463796477494,7,0.176860148032723,0.037525510067948076,5110,5134,unetr_style
Mouse,POLYIC_20190524_polyic___E4_P1_7,x,2,3.1999998807907124,0,0.5020833333333333,0,0.5005235602094241,-0.0015597731239092028,3840,3820,current_best
Mouse,POLYIC_20190524_polyic___E4_P1_7,x,3,3.1999998807907124,2,0.34375,2,0.37643979057591626,0.032689790575916255,3840,3820,current_best
Mouse,POLYIC_20190524_polyic___E4_P1_7,x,4,3.1999998807907124,1,0.2708333333333333,1,0.2615183246073298,-0.009315008726003493,3840,3820,current_best
Mouse,POLYIC_20190524_polyic___E4_P1_7,x,5,3.1999998807907124,1,0.21510416666666668,2,0.21780104712041884,0.0026968804537521596,3840,3820,current_best
Mouse,POLYIC_20190524_polyic___E4_P1_7,x,6,3.1999998807907124,5,0.18359375,5,0.20340314136125653,0.019809391361256534,3840,3820,current_best
Mouse,POLYIC_20190524_polyic___E4_P1_7,x,7,3.1999998807907124,3,0.15729166666666666,4,0.15785340314136126,0.0005617364746945963,3840,3820,current_best
Mouse,POLYIC_20190524_polyic___E4_P1_7,x,8,3.1999998807907124,1,0.15494791666666666,1,0.14764397905759163,-0.007303937609075023,3840,3820,current_best
Mouse,POLYIC_20190524_polyic___E4_P1_7,y,2,4.999999925494195,0,0.5034220532319391,1,0.501324252743095,-0.002097800488844115,5260,5286,current_best
Mouse,POLYIC_20190524_polyic___E4_P1_7,y,3,4.999999925494195,2,0.33897338403041827,2,0.36511539916761254,0.026142015137194274,5260,5286,current_best
Mouse,POLYIC_20190524_polyic___E4_P1_7,y,4,4.999999925494195,2,0.2581749049429658,1,0.2637154748391979,0.005540569896232084,5260,5286,current_best
Mouse,POLYIC_20190524_polyic___E4_P1_7,y,5,4.999999925494195,3,0.22167300380228136,2,0.34108967082860386,0.1194166670263225,5260,5286,current_best
Mouse,POLYIC_20190524_polyic___E4_P1_7,y,6,4.999999925494195,4,0.17338403041825096,2,0.1933409004918653,0.019956870073614352,5260,5286,current_best
Mouse,POLYIC_20190524_polyic___E4_P1_7,y,7,4.999999925494195,3,0.16197718631178706,5,0.18161180476730987,0.019634618455522806,5260,5286,current_best
Mouse,POLYIC_20190524_polyic___E4_P1_7,y,8,4.999999925494195,6,0.13155893536121674,1,0.18274687854710556,0.05118794318588882,5260,5286,current_best
Mouse,POLYIC_20190524_polyic___E4_P1_7,x,2,3.1999998807907124,0,0.5020833333333333,0,0.5059731209556994,0.0038897876223660255,3840,4018,unetr_style
Mouse,POLYIC_20190524_polyic___E4_P1_7,x,3,3.1999998807907124,2,0.34375,2,0.3566450970632155,0.01289509706321551,3840,4018,unetr_style
Mouse,POLYIC_20190524_polyic___E4_P1_7,x,4,3.1999998807907124,1,0.2708333333333333,0,0.2563464410154306,-0.014486892317902733,3840,4018,unetr_style
Mouse,POLYIC_20190524_polyic___E4_P1_7,x,5,3.1999998807907124,1,0.21510416666666668,2,0.2224987555998009,0.007394588933134216,3840,4018,unetr_style
Mouse,POLYIC_20190524_polyic___E4_P1_7,x,6,3.1999998807907124,5,0.18359375,5,0.18491786958685913,0.0013241195868591293,3840,4018,unetr_style
Mouse,POLYIC_20190524_polyic___E4_P1_7,x,7,3.1999998807907124,3,0.15729166666666666,3,0.14982578397212543,-0.007465882694541237,3840,4018,unetr_style
Mouse,POLYIC_20190524_polyic___E4_P1_7,x,8,3.1999998807907124,1,0.15494791666666666,1,0.14285714285714285,-0.012090773809523808,3840,4018,unetr_style
Mouse,POLYIC_20190524_polyic___E4_P1_7,y,2,4.999999925494195,0,0.5034220532319391,1,0.513590033975085,0.010167980743145844,5260,5298,unetr_style
Mouse,POLYIC_20190524_polyic___E4_P1_7,y,3,4.999999925494195,2,0.33897338403041827,2,0.35730464326160816,0.01833125923118989,5260,5298,unetr_style
Mouse,POLYIC_20190524_polyic___E4_P1_7,y,4,4.999999925494195,2,0.2581749049429658,1,0.2725556813892035,0.014380776446237697,5260,5298,unetr_style
Mouse,POLYIC_20190524_polyic___E4_P1_7,y,5,4.999999925494195,3,0.22167300380228136,2,0.3459796149490374,0.12430661114675604,5260,5298,unetr_style
Mouse,POLYIC_20190524_polyic___E4_P1_7,y,6,4.999999925494195,4,0.17338403041825096,3,0.19667799169497924,0.02329396127672828,5260,5298,unetr_style
Mouse,POLYIC_20190524_polyic___E4_P1_7,y,7,4.999999925494195,3,0.16197718631178706,5,0.17893544733861835,0.01695826102683129,5260,5298,unetr_style
Mouse,POLYIC_20190524_polyic___E4_P1_7,y,8,4.999999925494195,6,0.13155893536121674,1,0.18082295205738014,0.0492640166961634,5260,5298,unetr_style
Mouse,POLYIC_20190524_polyic___E4_P1_9,x,2,3.1999998807907124,1,0.5056762092793682,0,0.5245338567222767,0.01885764744290852,4052,4076,current_best
Mouse,POLYIC_20190524_polyic___E4_P1_9,x,3,3.1999998807907124,2,0.3487166831194472,2,0.36162904808635915,0.012912364966911949,4052,4076,current_best
Mouse,POLYIC_20190524_polyic___E4_P1_9,x,4,3.1999998807907124,2,0.26678183613030604,2,0.2831207065750736,0.01633887044476756,4052,4076,current_best
Mouse,POLYIC_20190524_polyic___E4_P1_9,x,5,3.1999998807907124,0,0.2087857847976308,4,0.22301275760549558,0.01422697280786478,4052,4076,current_best
Mouse,POLYIC_20190524_polyic___E4_P1_9,x,6,3.1999998807907124,1,0.17522211253701875,2,0.19013738959764476,0.014915277060626009,4052,4076,current_best
Mouse,POLYIC_20190524_polyic___E4_P1_9,x,7,3.1999998807907124,1,0.162142152023692,1,0.1611874386653582,-0.000954713358333803,4052,4076,current_best
Mouse,POLYIC_20190524_polyic___E4_P1_9,x,8,3.1999998807907124,6,0.1386969397828233,6,0.15235525024533858,0.013658310462515283,4052,4076,current_best
Mouse,POLYIC_20190524_polyic___E4_P1_9,y,2,4.999999925494195,1,0.5078154075176777,0,0.5234345706786652,0.015619163160987437,5374,5334,current_best
Mouse,POLYIC_20190524_polyic___E4_P1_9,y,3,4.999999925494195,2,0.3496464458503908,1,0.36520434945631797,0.015557903605927181,5374,5334,current_best
Mouse,POLYIC_20190524_polyic___E4_P1_9,y,4,4.999999925494195,1,0.2610718273167101,0,0.2793400824896888,0.018268255172978698,5374,5334,current_best
Mouse,POLYIC_20190524_polyic___E4_P1_9,y,5,4.999999925494195,1,0.21771492370673615,3,0.34158230221222347,0.12386737850548732,5374,5334,current_best
Mouse,POLYIC_20190524_polyic___E4_P1_9,y,6,4.999999925494195,5,0.19036099739486417,4,0.2118485189351331,0.021487521540268922,5374,5334,current_best
Mouse,POLYIC_20190524_polyic___E4_P1_9,y,7,4.999999925494195,5,0.16524004465947154,4,0.16816647919010125,0.0029264345306297124,5374,5334,current_best
Mouse,POLYIC_20190524_polyic___E4_P1_9,y,8,4.999999925494195,1,0.14923706736136955,7,0.16197975253093364,0.012742685169564089,5374,5334,current_best
Mouse,POLYIC_20190524_polyic___E4_P1_9,x,2,3.1999998807907124,1,0.5056762092793682,0,0.5106685633001422,0.004992354020774026,4052,4218,unetr_style
Mouse,POLYIC_20190524_polyic___E4_P1_9,x,3,3.1999998807907124,2,0.3487166831194472,1,0.3568041725936463,0.008087489474199072,4052,4218,unetr_style
Mouse,POLYIC_20190524_polyic___E4_P1_9,x,4,3.1999998807907124,2,0.26678183613030604,2,0.2603129445234708,-0.006468891606835225,4052,4218,unetr_style
Mouse,POLYIC_20190524_polyic___E4_P1_9,x,5,3.1999998807907124,0,0.2087857847976308,4,0.20649596965386438,-0.002289815143766416,4052,4218,unetr_style
Mouse,POLYIC_20190524_polyic___E4_P1_9,x,6,3.1999998807907124,1,0.17522211253701875,1,0.18681839734471314,0.011596284807694396,4052,4218,unetr_style
Mouse,POLYIC_20190524_polyic___E4_P1_9,x,7,3.1999998807907124,1,0.162142152023692,1,0.16073968705547653,-0.0014024649682154722,4052,4218,unetr_style
Mouse,POLYIC_20190524_polyic___E4_P1_9,x,8,3.1999998807907124,6,0.1386969397828233,4,0.1389284020862968,0.00023146230347351193,4052,4218,unetr_style
Mouse,POLYIC_20190524_polyic___E4_P1_9,y,2,4.999999925494195,1,0.5078154075176777,0,0.5106853352984525,0.0028699277807747725,5374,5428,unetr_style
Mouse,POLYIC_20190524_polyic___E4_P1_9,y,3,4.999999925494195,2,0.3496464458503908,1,0.3563006632277082,0.006654217377317417,5374,5428,unetr_style
Mouse,POLYIC_20190524_polyic___E4_P1_9,y,4,4.999999925494195,1,0.2610718273167101,3,0.2787398673544584,0.0176680400377483,5374,5428,unetr_style
Mouse,POLYIC_20190524_polyic___E4_P1_9,y,5,4.999999925494195,1,0.21771492370673615,2,0.3476418570375829,0.12992693333084673,5374,5428,unetr_style
Mouse,POLYIC_20190524_polyic___E4_P1_9,y,6,4.999999925494195,5,0.19036099739486417,4,0.20707442888725128,0.016713431492387104,5374,5428,unetr_style
Mouse,POLYIC_20190524_polyic___E4_P1_9,y,7,4.999999925494195,5,0.16524004465947154,3,0.1632277081798084,-0.002012336479663146,5374,5428,unetr_style
Mouse,POLYIC_20190524_polyic___E4_P1_9,y,8,4.999999925494195,1,0.14923706736136955,7,0.1844141488577745,0.035177081496404944,5374,5428,unetr_style
Mouse,POLYIC_20190524_polyic___E8_P1_1,x,2,3.1999998807907124,1,0.5163348647269015,0,0.5040526849037488,-0.012282179823152717,3918,3948,current_best
Mouse,POLYIC_20190524_polyic___E8_P1_1,x,3,3.1999998807907124,2,0.3486472690148035,1,0.34422492401215804,-0.004422345002645434,3918,3948,current_best
Mouse,POLYIC_20190524_polyic___E8_P1_1,x,4,3.1999998807907124,3,0.2713118938233793,3,0.2563323201621074,-0.014979573661271894,3918,3948,current_best
Mouse,POLYIC_20190524_polyic___E8_P1_1,x,5,3.1999998807907124,1,0.21720265441551811,1,0.22315096251266464,0.005948308097146526,3918,3948,current_best
Mouse,POLYIC_20190524_polyic___E8_P1_1,x,6,3.1999998807907124,2,0.17432363450740174,4,0.182370820668693,0.00804718616129127,3918,3948,current_best
Mouse,POLYIC_20190524_polyic___E8_P1_1,x,7,3.1999998807907124,4,0.16207248596222562,4,0.1585612968591692,-0.0035111891030564224,3918,3948,current_best
Mouse,POLYIC_20190524_polyic___E8_P1_1,x,8,3.1999998807907124,1,0.1383358856559469,0,0.135258358662614,-0.003077526993332913,3918,3948,current_best
Mouse,POLYIC_20190524_polyic___E8_P1_1,y,2,4.999999925494195,1,0.5020415738678545,0,0.5231958762886598,0.021154302420805293,5388,5432,current_best
Mouse,POLYIC_20190524_polyic___E8_P1_1,y,3,4.999999925494195,1,0.3437268002969562,2,0.35143593519882177,0.007709134901865589,5388,5432,current_best
Mouse,POLYIC_20190524_polyic___E8_P1_1,y,4,4.999999925494195,2,0.2615070527097253,2,0.2763254786450663,0.014818425935340995,5388,5432,current_best
Mouse,POLYIC_20190524_polyic___E8_P1_1,y,5,4.999999925494195,1,0.21492204899777284,0,0.34554491899852724,0.1306228700007544,5388,5432,current_best
Mouse,POLYIC_20190524_polyic___E8_P1_1,y,6,4.999999925494195,4,0.1789161098737936,4,0.18906480117820323,0.010148691304409624,5388,5432,current_best
Mouse,POLYIC_20190524_polyic___E8_P1_1,y,7,4.999999925494195,1,0.16165553080920564,6,0.1719440353460972,0.010288504536891563,5388,5432,current_best
Mouse,POLYIC_20190524_polyic___E8_P1_1,y,8,4.999999925494195,5,0.1471789161098738,2,0.18151693667157584,0.03433802056170204,5388,5432,current_best
Mouse,POLYIC_20190524_polyic___E8_P1_1,x,2,3.1999998807907124,1,0.5163348647269015,0,0.5052256532066508,-0.011109211520250684,3918,4210,unetr_style
Mouse,POLYIC_20190524_polyic___E8_P1_1,x,3,3.1999998807907124,2,0.3486472690148035,1,0.336104513064133,-0.012542755950670448,3918,4210,unetr_style
Mouse,POLYIC_20190524_polyic___E8_P1_1,x,4,3.1999998807907124,3,0.2713118938233793,3,0.26009501187648454,-0.011216881946894741,3918,4210,unetr_style
Mouse,POLYIC_20190524_polyic___E8_P1_1,x,5,3.1999998807907124,1,0.21720265441551811,0,0.20878859857482185,-0.008414055840696266,3918,4210,unetr_style
Mouse,POLYIC_20190524_polyic___E8_P1_1,x,6,3.1999998807907124,2,0.17432363450740174,4,0.17980997624703088,0.005486341739629141,3918,4210,unetr_style
Mouse,POLYIC_20190524_polyic___E8_P1_1,x,7,3.1999998807907124,4,0.16207248596222562,4,0.15415676959619953,-0.007915716366026088,3918,4210,unetr_style
Mouse,POLYIC_20190524_polyic___E8_P1_1,x,8,3.1999998807907124,1,0.1383358856559469,0,0.13705463182897862,-0.0012812538269682816,3918,4210,unetr_style
Mouse,POLYIC_20190524_polyic___E8_P1_1,y,2,4.999999925494195,1,0.5020415738678545,0,0.513352580295922,0.011311006428067483,5388,5542,unetr_style
Mouse,POLYIC_20190524_polyic___E8_P1_1,y,3,4.999999925494195,1,0.3437268002969562,1,0.34734752796824253,0.00362072767128635,5388,5542,unetr_style
Mouse,POLYIC_20190524_polyic___E8_P1_1,y,4,4.999999925494195,2,0.2615070527097253,2,0.27859978347167086,0.017092730761945563,5388,5542,unetr_style
Mouse,POLYIC_20190524_polyic___E8_P1_1,y,5,4.999999925494195,1,0.21492204899777284,3,0.34067123782028147,0.12574918882250863,5388,5542,unetr_style
Mouse,POLYIC_20190524_polyic___E8_P1_1,y,6,4.999999925494195,4,0.1789161098737936,4,0.18892096715987008,0.010004857286076474,5388,5542,unetr_style
Mouse,POLYIC_20190524_polyic___E8_P1_1,y,7,4.999999925494195,1,0.16165553080920564,6,0.17358354384698665,0.011928013037781016,5388,5542,unetr_style
Mouse,POLYIC_20190524_polyic___E8_P1_1,y,8,4.999999925494195,5,0.1471789161098738,2,0.1762901479610249,0.02911123185115111,5388,5542,unetr_style
Mouse,POLYIC_20190524_polyic___E9_P1_1,x,2,3.1999998807907124,1,0.5105871029836381,1,0.5026140684410646,-0.007973034542573476,4156,4208,current_best
Mouse,POLYIC_20190524_polyic___E9_P1_1,x,3,3.1999998807907124,0,0.33926852743022134,1,0.3488593155893536,0.00959078815913228,4156,4208,current_best
Mouse,POLYIC_20190524_polyic___E9_P1_1,x,4,3.1999998807907124,3,0.27237728585178056,2,0.2656844106463878,-0.006692875205392745,4156,4208,current_best
Mouse,POLYIC_20190524_polyic___E9_P1_1,x,5,3.1999998807907124,0,0.2071703561116458,4,0.2229087452471483,0.01573838913550249,4156,4208,current_best
Mouse,POLYIC_20190524_polyic___E9_P1_1,x,6,3.1999998807907124,3,0.1823869104908566,1,0.17538022813688212,-0.007006682353974475,4156,4208,current_best
Mouse,POLYIC_20190524_polyic___E9_P1_1,x,7,3.1999998807907124,6,0.15664100096246392,3,0.16064638783269963,0.0040053868702357165,4156,4208,current_best
Mouse,POLYIC_20190524_polyic___E9_P1_1,x,8,3.1999998807907124,7,0.1373917228103946,1,0.14282319391634982,0.00543147110595521,4156,4208,current_best
Mouse,POLYIC_20190524_polyic___E9_P1_1,y,2,4.999999925494195,1,0.5015015015015015,1,0.5600073179656055,0.05850581646410402,5328,5466,current_best
Mouse,POLYIC_20190524_polyic___E9_P1_1,y,3,4.999999925494195,2,0.35960960960960964,0,0.3386388583973655,-0.02097075121224412,5328,5466,current_best
Mouse,POLYIC_20190524_polyic___E9_P1_1,y,4,4.999999925494195,2,0.26745495495495497,3,0.3071716062934504,0.039716651338495446,5328,5466,current_best
Mouse,POLYIC_20190524_polyic___E9_P1_1,y,5,4.999999925494195,4,0.2147147147147147,3,0.345042078302232,0.1303273635875173,5328,5466,current_best
Mouse,POLYIC_20190524_polyic___E9_P1_1,y,6,4.999999925494195,2,0.18693693693693694,5,0.20160995243322358,0.014673015496286634,5328,5466,current_best
Mouse,POLYIC_20190524_polyic___E9_P1_1,y,7,4.999999925494195,5,0.1614114114114114,0,0.16886205634833518,0.007450644936923767,5328,5466,current_best
Mouse,POLYIC_20190524_polyic___E9_P1_1,y,8,4.999999925494195,2,0.14451951951951952,7,0.1544090742773509,0.009889554757831376,5328,5466,current_best
Mouse,POLYIC_20190524_polyic___E9_P1_1,x,2,3.1999998807907124,1,0.5105871029836381,1,0.5110424028268551,0.00045529984321701633,4156,4528,unetr_style
Mouse,POLYIC_20190524_polyic___E9_P1_1,x,3,3.1999998807907124,0,0.33926852743022134,1,0.3498233215547703,0.01055479412454896,4156,4528,unetr_style
Mouse,POLYIC_20190524_polyic___E9_P1_1,x,4,3.1999998807907124,3,0.27237728585178056,3,0.26170494699646646,-0.0106723388553141,4156,4528,unetr_style
Mouse,POLYIC_20190524_polyic___E9_P1_1,x,5,3.1999998807907124,0,0.2071703561116458,4,0.21289752650176677,0.005727170390120967,4156,4528,unetr_style
Mouse,POLYIC_20190524_polyic___E9_P1_1,x,6,3.1999998807907124,3,0.1823869104908566,1,0.18087455830388693,-0.0015123521869696566,4156,4528,unetr_style
Mouse,POLYIC_20190524_polyic___E9_P1_1,x,7,3.1999998807907124,6,0.15664100096246392,6,0.16629858657243815,0.009657585609974234,4156,4528,unetr_style
Mouse,POLYIC_20190524_polyic___E9_P1_1,x,8,3.1999998807907124,7,0.1373917228103946,7,0.1353798586572438,-0.0020118641531507997,4156,4528,unetr_style
Mouse,POLYIC_20190524_polyic___E9_P1_1,y,2,4.999999925494195,1,0.5015015015015015,1,0.5578064966818023,0.05630499518030074,5328,5726,unetr_style
Mouse,POLYIC_20190524_polyic___E9_P1_1,y,3,4.999999925494195,2,0.35960960960960964,1,0.340726510653161,-0.01888309895644863,5328,5726,unetr_style
Mouse,POLYIC_20190524_polyic___E9_P1_1,y,4,4.999999925494195,2,0.26745495495495497,3,0.30632203981837236,0.03886708486341739,5328,5726,unetr_style
Mouse,POLYIC_20190524_polyic___E9_P1_1,y,5,4.999999925494195,4,0.2147147147147147,2,0.3522528815927349,0.13753816687802017,5328,5726,unetr_style
Mouse,POLYIC_20190524_polyic___E9_P1_1,y,6,4.999999925494195,2,0.18693693693693694,5,0.20048899755501223,0.01355206061807529,5328,5726,unetr_style
Mouse,POLYIC_20190524_polyic___E9_P1_1,y,7,4.999999925494195,5,0.1614114114114114,0,0.15892420537897312,-0.002487206032438294,5328,5726,unetr_style
Mouse,POLYIC_20190524_polyic___E9_P1_1,y,8,4.999999925494195,2,0.14451951951951952,3,0.15316101990918618,0.008641500389666656,5328,5726,unetr_style
Mouse,POLYIC_20190531_polyic_m__E3_P1,x,2,3.1999998807907124,0,0.5022432701894317,0,0.500999000999001,-0.0012442691904307468,4012,4004,current_best
Mouse,POLYIC_20190531_polyic_m__E3_P1,x,3,3.1999998807907124,2,0.3392323030907278,2,0.34590409590409593,0.006671792813368105,4012,4004,current_best
Mouse,POLYIC_20190531_polyic_m__E3_P1,x,4,3.1999998807907124,0,0.26046859421734797,3,0.252997002997003,-0.007471591220344964,4012,4004,current_best
Mouse,POLYIC_20190531_polyic_m__E3_P1,x,5,3.1999998807907124,4,0.21360917248255235,0,0.21553446553446554,0.0019252930519131906,4012,4004,current_best
Mouse,POLYIC_20190531_polyic_m__E3_P1,x,6,3.1999998807907124,2,0.1702392821535394,5,0.17307692307692307,0.0028376409233836775,4012,4004,current_best
Mouse,POLYIC_20190531_polyic_m__E3_P1,x,7,3.1999998807907124,6,0.15628115653040878,5,0.1550949050949051,-0.001186251435503688,4012,4004,current_best
Mouse,POLYIC_20190531_polyic_m__E3_P1,x,8,3.1999998807907124,0,0.13584247258225324,1,0.14385614385614387,0.008013671273890632,4012,4004,current_best
Mouse,POLYIC_20190531_polyic_m__E3_P1,y,2,4.999999925494195,0,0.5239073589839373,1,0.5529061102831595,0.028998751299222247,5354,5368,current_best
Mouse,POLYIC_20190531_polyic_m__E3_P1,y,3,4.999999925494195,2,0.3866268210683601,1,0.3772354694485842,-0.00939135161977589,5354,5368,current_best
Mouse,POLYIC_20190531_polyic_m__E3_P1,y,4,4.999999925494195,2,0.2803511393350766,3,0.30178837555886734,0.021437236223790734,5354,5368,current_best
Mouse,POLYIC_20190531_polyic_m__E3_P1,y,5,4.999999925494195,1,0.24785207321628688,2,0.3757451564828614,0.1278930832665745,5354,5368,current_best
Mouse,POLYIC_20190531_polyic_m__E3_P1,y,6,4.999999925494195,2,0.22039596563317146,3,0.19299552906110284,-0.027400436572068615,5354,5368,current_best
Mouse,POLYIC_20190531_polyic_m__E3_P1,y,7,4.999999925494195,2,0.15988046320508031,5,0.161698956780924,0.0018184935758436827,5354,5368,current_best
Mouse,POLYIC_20190531_polyic_m__E3_P1,y,8,4.999999925494195,6,0.14475158759805754,7,0.190946348733234,0.046194761135176454,5354,5368,current_best
Mouse,POLYIC_20190531_polyic_m__E3_P1,x,2,3.1999998807907124,0,0.5022432701894317,1,0.5113035113035113,0.009060241114079548,4012,4158,unetr_style
Mouse,POLYIC_20190531_polyic_m__E3_P1,x,3,3.1999998807907124,2,0.3392323030907278,0,0.354978354978355,0.015746051887627177,4012,4158,unetr_style
Mouse,POLYIC_20190531_polyic_m__E3_P1,x,4,3.1999998807907124,0,0.26046859421734797,1,0.25781625781625783,-0.0026523364010901385,4012,4158,unetr_style
Mouse,POLYIC_20190531_polyic_m__E3_P1,x,5,3.1999998807907124,4,0.21360917248255235,4,0.20947570947570948,-0.0041334630068428635,4012,4158,unetr_style
Mouse,POLYIC_20190531_polyic_m__E3_P1,x,6,3.1999998807907124,2,0.1702392821535394,3,0.17917267917267918,0.008933397019139783,4012,4158,unetr_style
Mouse,POLYIC_20190531_polyic_m__E3_P1,x,7,3.1999998807907124,6,0.15628115653040878,6,0.1524771524771525,-0.003804004053256288,4012,4158,unetr_style
Mouse,POLYIC_20190531_polyic_m__E3_P1,x,8,3.1999998807907124,0,0.13584247258225324,1,0.1402116402116402,0.004369167629386966,4012,4158,unetr_style
Mouse,POLYIC_20190531_polyic_m__E3_P1,y,2,4.999999925494195,0,0.5239073589839373,1,0.5549410029498525,0.031033643965915236,5354,5424,unetr_style
Mouse,POLYIC_20190531_polyic_m__E3_P1,y,3,4.999999925494195,2,0.3866268210683601,1,0.35822271386430676,-0.02840410720405334,5354,5424,unetr_style
Mouse,POLYIC_20190531_polyic_m__E3_P1,y,4,4.999999925494195,2,0.2803511393350766,3,0.30383480825958703,0.023483668924510426,5354,5424,unetr_style
Mouse,POLYIC_20190531_polyic_m__E3_P1,y,5,4.999999925494195,1,0.24785207321628688,2,0.3587758112094395,0.11092373799315264,5354,5424,unetr_style
Mouse,POLYIC_20190531_polyic_m__E3_P1,y,6,4.999999925494195,2,0.22039596563317146,1,0.1889749262536873,-0.03142103937948415,5354,5424,unetr_style
Mouse,POLYIC_20190531_polyic_m__E3_P1,y,7,4.999999925494195,2,0.15988046320508031,3,0.16463864306784662,0.004758179862766304,5354,5424,unetr_style
Mouse,POLYIC_20190531_polyic_m__E3_P1,y,8,4.999999925494195,6,0.14475158759805754,7,0.1863938053097345,0.041642217711676976,5354,5424,unetr_style
Mouse,POLYIC_20190531_polyic_m__E3_P1_1,x,2,3.1999998807907124,0,0.5079324462640737,1,0.5046320123520329,-0.0033004339120408233,3908,3886,current_best
Mouse,POLYIC_20190531_polyic_m__E3_P1_1,x,3,3.1999998807907124,2,0.33853633572159675,2,0.3394235717961915,0.0008872360745947327,3908,3886,current_best
Mouse,POLYIC_20190531_polyic_m__E3_P1_1,x,4,3.1999998807907124,0,0.25972364380757423,1,0.26042202779207413,0.0006983839844998951,3908,3886,current_best
Mouse,POLYIC_20190531_polyic_m__E3_P1_1,x,5,3.1999998807907124,1,0.21494370522006143,0,0.2233659289758106,0.008422223755749164,3908,3886,current_best
Mouse,POLYIC_20190531_polyic_m__E3_P1_1,x,6,3.1999998807907124,2,0.18142272262026612,5,0.16984045290787442,-0.011582269712391707,3908,3886,current_best
Mouse,POLYIC_20190531_polyic_m__E3_P1_1,x,7,3.1999998807907124,6,0.1535312180143296,0,0.17627380339680906,0.022742585382479474,3908,3886,current_best
Mouse,POLYIC_20190531_polyic_m__E3_P1_1,x,8,3.1999998807907124,4,0.1379222108495394,1,0.14770972722593928,0.00978751637639988,3908,3886,current_best
Mouse,POLYIC_20190531_polyic_m__E3_P1_1,y,2,4.999999925494195,1,0.5001888217522659,1,0.5567924528301886,0.05660363107792277,5296,5300,current_best
Mouse,POLYIC_20190531_polyic_m__E3_P1_1,y,3,4.999999925494195,1,0.341012084592145,2,0.35132075471698115,0.010308670124836161,5296,5300,current_best
Mouse,POLYIC_20190531_polyic_m__E3_P1_1,y,4,4.999999925494195,2,0.2556646525679758,1,0.3013207547169811,0.045656102149005284,5296,5300,current_best
Mouse,POLYIC_20190531_polyic_m__E3_P1_1,y,5,4.999999925494195,3,0.2252643504531722,2,0.3460377358490566,0.12077338539588442,5296,5300,current_best
Mouse,POLYIC_20190531_polyic_m__E3_P1_1,y,6,4.999999925494195,3,0.17862537764350453,3,0.21566037735849056,0.03703499971498603,5296,5300,current_best
Mouse,POLYIC_20190531_polyic_m__E3_P1_1,y,7,4.999999925494195,6,0.1618202416918429,5,0.16811320754716982,0.006292965855326932,5296,5300,current_best
Mouse,POLYIC_20190531_polyic_m__E3_P1_1,y,8,4.999999925494195,1,0.13991691842900303,1,0.21132075471698114,0.07140383628797811,5296,5300,current_best
Mouse,POLYIC_20190531_polyic_m__E3_P1_1,x,2,3.1999998807907124,0,0.5079324462640737,0,0.5193610842207164,0.011428637956642618,3908,4132,unetr_style
Mouse,POLYIC_20190531_polyic_m__E3_P1_1,x,3,3.1999998807907124,2,0.33853633572159675,2,0.3400290416263311,0.001492705904734326,3908,4132,unetr_style
Mouse,POLYIC_20190531_polyic_m__E3_P1_1,x,4,3.1999998807907124,0,0.25972364380757423,0,0.27516940948693125,0.015445765679357015,3908,4132,unetr_style
Mouse,POLYIC_20190531_polyic_m__E3_P1_1,x,5,3.1999998807907124,1,0.21494370522006143,0,0.2153920619554695,0.00044835673540807863,3908,4132,unetr_style
Mouse,POLYIC_20190531_polyic_m__E3_P1_1,x,6,3.1999998807907124,2,0.18142272262026612,2,0.17545982575024202,-0.005962896870024104,3908,4132,unetr_style
Mouse,POLYIC_20190531_polyic_m__E3_P1_1,x,7,3.1999998807907124,6,0.1535312180143296,0,0.16577928363988384,0.01224806562555425,3908,4132,unetr_style
Mouse,POLYIC_20190531_polyic_m__E3_P1_1,x,8,3.1999998807907124,4,0.1379222108495394,4,0.14980638915779285,0.011884178308253446,3908,4132,unetr_style
Mouse,POLYIC_20190531_polyic_m__E3_P1_1,y,2,4.999999925494195,1,0.5001888217522659,1,0.5478547854785478,0.04766596372628196,5296,5454,unetr_style
Mouse,POLYIC_20190531_polyic_m__E3_P1_1,y,3,4.999999925494195,1,0.341012084592145,2,0.36266960029336265,0.021657515701217656,5296,5454,unetr_style
Mouse,POLYIC_20190531_polyic_m__E3_P1_1,y,4,4.999999925494195,2,0.2556646525679758,1,0.28822882288228824,0.03256417031431241,5296,5454,unetr_style
Mouse,POLYIC_20190531_polyic_m__E3_P1_1,y,5,4.999999925494195,3,0.2252643504531722,3,0.34525119178584524,0.11998684133267304,5296,5454,unetr_style
Mouse,POLYIC_20190531_polyic_m__E3_P1_1,y,6,4.999999925494195,3,0.17862537764350453,3,0.21213788045471213,0.0335125028112076,5296,5454,unetr_style
Mouse,POLYIC_20190531_polyic_m__E3_P1_1,y,7,4.999999925494195,6,0.1618202416918429,0,0.16336633663366337,0.0015460949418204806,5296,5454,unetr_style
Mouse,POLYIC_20190531_polyic_m__E3_P1_1,y,8,4.999999925494195,1,0.13991691842900303,1,0.19306930693069307,0.053152388501690045,5296,5454,unetr_style
Mouse,POLYIC_20190531_polyic_m__E3_P1_10,x,2,3.1999998807907124,1,0.5193778684344722,0,0.5145185939887926,-0.004859274445679573,3922,3926,current_best
Mouse,POLYIC_20190531_polyic_m__E3_P1_10,x,3,3.1999998807907124,2,0.33656297807241203,0,0.34717269485481406,0.010609716782402023,3922,3926,current_best
Mouse,POLYIC_20190531_polyic_m__E3_P1_10,x,4,3.1999998807907124,1,0.26466088730239673,2,0.26897605705552724,0.00431516975313051,3922,3926,current_best
Mouse,POLYIC_20190531_polyic_m__E3_P1_10,x,5,3.1999998807907124,3,0.21137174910759818,1,0.2106469689251146,-0.0007247801824835642,3922,3926,current_best
Mouse,POLYIC_20190531_polyic_m__E3_P1_10,x,6,3.1999998807907124,5,0.17771545130035696,0,0.1805909322465614,0.002875480946204434,3922,3926,current_best
Mouse,POLYIC_20190531_polyic_m__E3_P1_10,x,7,3.1999998807907124,4,0.15655277919428862,4,0.15817626082526745,0.0016234816309788347,3922,3926,current_best
Mouse,POLYIC_20190531_polyic_m__E3_P1_10,x,8,3.1999998807907124,1,0.15451300356960734,1,0.14645950076413652,-0.008053502805470819,3922,3926,current_best
Mouse,POLYIC_20190531_polyic_m__E3_P1_10,y,2,4.999999925494195,1,0.5097498160412067,0,0.5410077234277307,0.03125790738652401,5436,5438,current_best
Mouse,POLYIC_20190531_polyic_m__E3_P1_10,y,3,4.999999925494195,2,0.35356880058866813,2,0.35399043766090477,0.0004216370722366358,5436,5438,current_best
Mouse,POLYIC_20190531_polyic_m__E3_P1_10,y,4,4.999999925494195,3,0.2619573215599706,2,0.2752850312614932,0.013327709701522583,5436,5438,current_best
Mouse,POLYIC_20190531_polyic_m__E3_P1_10,y,5,4.999999925494195,1,0.23252391464311994,0,0.3490253769768297,0.11650146233370978,5436,5438,current_best
Mouse,POLYIC_20190531_polyic_m__E3_P1_10,y,6,4.999999925494195,2,0.18267108167770418,2,0.19124678190511218,0.008575700227408,5436,5438,current_best
Mouse,POLYIC_20190531_polyic_m__E3_P1_10,y,7,4.999999925494195,2,0.16740250183958794,4,0.1575947039352703,-0.009807797904317628,5436,5438,current_best
Mouse,POLYIC_20190531_polyic_m__E3_P1_10,y,8,4.999999925494195,6,0.14643119941133187,2,0.17671938212578153,0.030288182714449663,5436,5438,current_best
Mouse,POLYIC_20190531_polyic_m__E3_P1_10,x,2,3.1999998807907124,1,0.5193778684344722,1,0.5033751205400193,-0.016002747894452884,3922,4148,unetr_style
Mouse,POLYIC_20190531_polyic_m__E3_P1_10,x,3,3.1999998807907124,2,0.33656297807241203,2,0.3452266152362584,0.008663637163846383,3922,4148,unetr_style
Mouse,POLYIC_20190531_polyic_m__E3_P1_10,x,4,3.1999998807907124,1,0.26466088730239673,2,0.2620540019286403,-0.002606885373756418,3922,4148,unetr_style
Mouse,POLYIC_20190531_polyic_m__E3_P1_10,x,5,3.1999998807907124,3,0.21137174910759818,1,0.20588235294117646,-0.005489396166421717,3922,4148,unetr_style
Mouse,POLYIC_20190531_polyic_m__E3_P1_10,x,6,3.1999998807907124,5,0.17771545130035696,5,0.17405978784956605,-0.003655663450790908,3922,4148,unetr_style
Mouse,POLYIC_20190531_polyic_m__E3_P1_10,x,7,3.1999998807907124,4,0.15655277919428862,4,0.14922854387656703,-0.0073242353177215835,3922,4148,unetr_style
Mouse,POLYIC_20190531_polyic_m__E3_P1_10,x,8,3.1999998807907124,1,0.15451300356960734,1,0.14416586306653809,-0.010347140503069258,3922,4148,unetr_style
Mouse,POLYIC_20190531_polyic_m__E3_P1_10,y,2,4.999999925494195,1,0.5097498160412067,0,0.5298207098426637,0.02007089380145699,5436,5466,unetr_style
Mouse,POLYIC_20190531_polyic_m__E3_P1_10,y,3,4.999999925494195,2,0.35356880058866813,2,0.3492499085254299,-0.004318892063238211,5436,5466,unetr_style
Mouse,POLYIC_20190531_polyic_m__E3_P1_10,y,4,4.999999925494195,3,0.2619573215599706,2,0.27058177826564217,0.00862445670567158,5436,5466,unetr_style
Mouse,POLYIC_20190531_polyic_m__E3_P1_10,y,5,4.999999925494195,1,0.23252391464311994,2,0.34211489206000734,0.10959097741688739,5436,5466,unetr_style
Mouse,POLYIC_20190531_polyic_m__E3_P1_10,y,6,4.999999925494195,2,0.18267108167770418,2,0.1893523600439078,0.006681278366203608,5436,5466,unetr_style
Mouse,POLYIC_20190531_polyic_m__E3_P1_10,y,7,4.999999925494195,2,0.16740250183958794,2,0.15934870106110502,-0.008053800778482917,5436,5466,unetr_style
Mouse,POLYIC_20190531_polyic_m__E3_P1_10,y,8,4.999999925494195,6,0.14643119941133187,2,0.16465422612513722,0.01822302671380535,5436,5466,unetr_style
Mouse,POLYIC_20190531_polyic_m__E3_P1_11,x,2,3.1999998807907124,1,0.5098984771573604,1,0.5188295165394402,0.008931039382079842,3940,3930,current_best
Mouse,POLYIC_20190531_polyic_m__E3_P1_11,x,3,3.1999998807907124,2,0.3411167512690355,2,0.34580152671755726,0.00468477544852175,3940,3930,current_best
Mouse,POLYIC_20190531_polyic_m__E3_P1_11,x,4,3.1999998807907124,1,0.25583756345177666,1,0.26692111959287534,0.011083556141098683,3940,3930,current_best
Mouse,POLYIC_20190531_polyic_m__E3_P1_11,x,5,3.1999998807907124,3,0.22538071065989848,2,0.21170483460559797,-0.013675876054300512,3940,3930,current_best
Mouse,POLYIC_20190531_polyic_m__E3_P1_11,x,6,3.1999998807907124,5,0.1736040609137056,3,0.18142493638676846,0.007820875473062872,3940,3930,current_best
Mouse,POLYIC_20190531_polyic_m__E3_P1_11,x,7,3.1999998807907124,4,0.1565989847715736,4,0.16157760814249364,0.004978623370920032,3940,3930,current_best
Mouse,POLYIC_20190531_polyic_m__E3_P1_11,x,8,3.1999998807907124,1,0.13857868020304567,1,0.14910941475826972,0.010530734555224047,3940,3930,current_best
Mouse,POLYIC_20190531_polyic_m__E3_P1_11,y,2,4.999999925494195,0,0.5110560426991994,1,0.538534910339565,0.027478867640365667,5246,5242,current_best
Mouse,POLYIC_20190531_polyic_m__E3_P1_11,y,3,4.999999925494195,1,0.34235608082348457,0,0.377527661198016,0.03517158037453144,5246,5242,current_best
Mouse,POLYIC_20190531_polyic_m__E3_P1_11,y,4,4.999999925494195,2,0.28764773160503243,1,0.2964517359786341,0.008804004373601682,5246,5242,current_best
Mouse,POLYIC_20190531_polyic_m__E3_P1_11,y,5,4.999999925494195,3,0.22683949675943577,3,0.35959557420831745,0.13275607744888168,5246,5242,current_best
Mouse,POLYIC_20190531_polyic_m__E3_P1_11,y,6,4.999999925494195,4,0.189668318719024,3,0.22701259061426937,0.03734427189524536,5246,5242,current_best
Mouse,POLYIC_20190531_polyic_m__E3_P1_11,y,7,4.999999925494195,6,0.16908120472741137,6,0.17111789393361312,0.0020366892062017583,5246,5242,current_best
Mouse,POLYIC_20190531_polyic_m__E3_P1_11,y,8,4.999999925494195,6,0.1479222264582539,1,0.19877909194963755,0.05085686549138366,5246,5242,current_best
Mouse,POLYIC_20190531_polyic_m__E3_P1_11,x,2,3.1999998807907124,1,0.5098984771573604,1,0.5136785539814362,0.003780076824075884,3940,4094,unetr_style
Mouse,POLYIC_20190531_polyic_m__E3_P1_11,x,3,3.1999998807907124,2,0.3411167512690355,1,0.34489496824621396,0.00377821697717845,3940,4094,unetr_style
Mouse,POLYIC_20190531_polyic_m__E3_P1_11,x,4,3.1999998807907124,1,0.25583756345177666,3,0.26355642403517343,0.007718860583396769,3940,4094,unetr_style
Mouse,POLYIC_20190531_polyic_m__E3_P1_11,x,5,3.1999998807907124,3,0.22538071065989848,0,0.2039570102589155,-0.021423700400982987,3940,4094,unetr_style
Mouse,POLYIC_20190531_polyic_m__E3_P1_11,x,6,3.1999998807907124,5,0.1736040609137056,5,0.17684416218856863,0.0032401012748630442,3940,4094,unetr_style
Mouse,POLYIC_20190531_polyic_m__E3_P1_11,x,7,3.1999998807907124,4,0.1565989847715736,4,0.15534929164631167,-0.0012496931252619359,3940,4094,unetr_style
Mouse,POLYIC_20190531_polyic_m__E3_P1_11,x,8,3.1999998807907124,1,0.13857868020304567,1,0.13654127992183684,-0.0020374002812088288,3940,4094,unetr_style
Mouse,POLYIC_20190531_polyic_m__E3_P1_11,y,2,4.999999925494195,0,0.5110560426991994,1,0.5497549943460234,0.03869895164682402,5246,5306,unetr_style
Mouse,POLYIC_20190531_polyic_m__E3_P1_11,y,3,4.999999925494195,1,0.34235608082348457,0,0.39012438748586503,0.047768306662380466,5246,5306,unetr_style
Mouse,POLYIC_20190531_polyic_m__E3_P1_11,y,4,4.999999925494195,2,0.28764773160503243,1,0.3045608744817188,0.016913142876686382,5246,5306,unetr_style
Mouse,POLYIC_20190531_polyic_m__E3_P1_11,y,5,4.999999925494195,3,0.22683949675943577,3,0.3669430833019224,0.1401035865424866,5246,5306,unetr_style
Mouse,POLYIC_20190531_polyic_m__E3_P1_11,y,6,4.999999925494195,4,0.189668318719024,3,0.24689031285337354,0.05722199413434953,5246,5306,unetr_style
Mouse,POLYIC_20190531_polyic_m__E3_P1_11,y,7,4.999999925494195,6,0.16908120472741137,2,0.17093856012061817,0.0018573553932068054,5246,5306,unetr_style
Mouse,POLYIC_20190531_polyic_m__E3_P1_11,y,8,4.999999925494195,6,0.1479222264582539,1,0.19166980776479456,0.04374758130654066,5246,5306,unetr_style
Mouse,POLYIC_20190531_polyic_m__E3_P1_12,x,2,3.1999998807907124,0,0.5078369905956113,0,0.5080352514256091,0.00019826082999785388,3828,3858,current_best
Mouse,POLYIC_20190531_polyic_m__E3_P1_12,x,3,3.1999998807907124,2,0.35919540229885055,2,0.3665111456713323,0.007315743372481753,3828,3858,current_best
Mouse,POLYIC_20190531_polyic_m__E3_P1_12,x,4,3.1999998807907124,2,0.2664576802507837,2,0.25972006220839816,-0.00673761804238554,3828,3858,current_best
Mouse,POLYIC_20190531_polyic_m__E3_P1_12,x,5,3.1999998807907124,1,0.2283176593521421,1,0.2099533437013997,-0.018364315650742397,3828,3858,current_best
Mouse,POLYIC_20190531_polyic_m__E3_P1_12,x,6,3.1999998807907124,2,0.1896551724137931,2,0.19077242094349403,0.0011172485297009371,3828,3858,current_best
Mouse,POLYIC_20190531_polyic_m__E3_P1_12,x,7,3.1999998807907124,6,0.1669278996865204,0,0.15552099533437014,-0.011406904352150249,3828,3858,current_best
Mouse,POLYIC_20190531_polyic_m__E3_P1_12,x,8,3.1999998807907124,2,0.14237199582027169,0,0.13608087091757387,-0.0062911249026978144,3828,3858,current_best
Mouse,POLYIC_20190531_polyic_m__E3_P1_12,y,2,4.999999925494195,1,0.5143513203214696,1,0.5121858339680122,-0.0021654863534573687,5226,5252,current_best
Mouse,POLYIC_20190531_polyic_m__E3_P1_12,y,3,4.999999925494195,1,0.3383084577114428,0,0.3667174409748667,0.028408983263423893,5226,5252,current_best
Mouse,POLYIC_20190531_polyic_m__E3_P1_12,y,4,4.999999925494195,1,0.26865671641791045,1,0.27494287890327496,0.00628616248536451,5226,5252,current_best
Mouse,POLYIC_20190531_polyic_m__E3_P1_12,y,5,4.999999925494195,3,0.2265595101415997,3,0.34615384615384615,0.11959433601224645,5226,5252,current_best
Mouse,POLYIC_20190531_polyic_m__E3_P1_12,y,6,4.999999925494195,3,0.17661691542288557,3,0.20906321401370906,0.032446298590823486,5226,5252,current_best
Mouse,POLYIC_20190531_polyic_m__E3_P1_12,y,7,4.999999925494195,5,0.16628396479142749,6,0.15936785986290936,-0.00691610492851813,5226,5252,current_best
Mouse,POLYIC_20190531_polyic_m__E3_P1_12,y,8,4.999999925494195,1,0.16111748947569843,1,0.17764661081492764,0.016529121339229208,5226,5252,current_best
Mouse,POLYIC_20190531_polyic_m__E3_P1_12,x,2,3.1999998807907124,0,0.5078369905956113,0,0.5186011904761905,0.010764199880579195,3828,4032,unetr_style
Mouse,POLYIC_20190531_polyic_m__E3_P1_12,x,3,3.1999998807907124,2,0.35919540229885055,2,0.36086309523809523,0.0016676929392446804,3828,4032,unetr_style
Mouse,POLYIC_20190531_polyic_m__E3_P1_12,x,4,3.1999998807907124,2,0.2664576802507837,2,0.2681051587301587,0.0016474784793750197,3828,4032,unetr_style
Mouse,POLYIC_20190531_polyic_m__E3_P1_12,x,5,3.1999998807907124,1,0.2283176593521421,4,0.2088293650793651,-0.019488294272777013,3828,4032,unetr_style
Mouse,POLYIC_20190531_polyic_m__E3_P1_12,x,6,3.1999998807907124,2,0.1896551724137931,2,0.1932043650793651,0.003549192665571993,3828,4032,unetr_style
Mouse,POLYIC_20190531_polyic_m__E3_P1_12,x,7,3.1999998807907124,6,0.1669278996865204,5,0.15674603174603174,-0.010181867940488643,3828,4032,unetr_style
Mouse,POLYIC_20190531_polyic_m__E3_P1_12,x,8,3.1999998807907124,2,0.14237199582027169,0,0.14112103174603174,-0.0012509640742399408,3828,4032,unetr_style
Mouse,POLYIC_20190531_polyic_m__E3_P1_12,y,2,4.999999925494195,1,0.5143513203214696,1,0.5252164094843809,0.01086508916291129,5226,5314,unetr_style
Mouse,POLYIC_20190531_polyic_m__E3_P1_12,y,3,4.999999925494195,1,0.3383084577114428,0,0.3688370342491532,0.030528576537710406,5226,5314,unetr_style
Mouse,POLYIC_20190531_polyic_m__E3_P1_12,y,4,4.999999925494195,1,0.26865671641791045,1,0.2854723372224313,0.01681562080452087,5226,5314,unetr_style
Mouse,POLYIC_20190531_polyic_m__E3_P1_12,y,5,4.999999925494195,3,0.2265595101415997,3,0.35359427926232595,0.12703476912072625,5226,5314,unetr_style
Mouse,POLYIC_20190531_polyic_m__E3_P1_12,y,6,4.999999925494195,3,0.17661691542288557,3,0.22525404591644713,0.04863713049356155,5226,5314,unetr_style
Mouse,POLYIC_20190531_polyic_m__E3_P1_12,y,7,4.999999925494195,5,0.16628396479142749,2,0.16089574708317653,-0.005388217708250959,5226,5314,unetr_style
Mouse,POLYIC_20190531_polyic_m__E3_P1_12,y,8,4.999999925494195,1,0.16111748947569843,1,0.18027850959729017,0.019161020121591738,5226,5314,unetr_style
Mouse,POLYIC_20190531_polyic_m__E3_P1_13,x,2,3.1999998807907124,0,0.5105833763551885,0,0.5081674323634507,-0.0024159439917377235,3874,3918,current_best
Mouse,POLYIC_20190531_polyic_m__E3_P1_13,x,3,3.1999998807907124,2,0.3477026329375323,2,0.3588565594691169,0.01115392653158459,3874,3918,current_best
Mouse,POLYIC_20190531_polyic_m__E3_P1_13,x,4,3.1999998807907124,0,0.27284460505937014,0,0.26442062276671774,-0.008423982292652399,3874,3918,current_best
Mouse,POLYIC_20190531_polyic_m__E3_P1_13,x,5,3.1999998807907124,0,0.2080536912751678,0,0.21465033180193976,0.006596640526771974,3874,3918,current_best
Mouse,POLYIC_20190531_polyic_m__E3_P1_13,x,6,3.1999998807907124,2,0.18172431595250388,2,0.1835119959162838,0.0017876799637799312,3874,3918,current_best
Mouse,POLYIC_20190531_polyic_m__E3_P1_13,x,7,3.1999998807907124,0,0.15049044914816728,3,0.15390505359877488,0.0034146044506075945,3874,3918,current_best
Mouse,POLYIC_20190531_polyic_m__E3_P1_13,x,8,3.1999998807907124,4,0.14248838409912234,1,0.14854517611026033,0.006056792011137985,3874,3918,current_best
Mouse,POLYIC_20190531_polyic_m__E3_P1_13,y,2,4.999999925494195,0,0.5110619469026548,1,0.5148787656135194,0.003816818710864589,5424,5444,current_best
Mouse,POLYIC_20190531_polyic_m__E3_P1_13,y,3,4.999999925494195,2,0.33775811209439527,2,0.36370315944158704,0.025945047347191774,5424,5444,current_best
Mouse,POLYIC_20190531_polyic_m__E3_P1_13,y,4,4.999999925494195,2,0.28078908554572274,1,0.27351212343864806,-0.00727696210707468,5424,5444,current_best
Mouse,POLYIC_20190531_polyic_m__E3_P1_13,y,5,4.999999925494195,3,0.22842920353982302,3,0.3453343130051433,0.11690510946532026,5424,5444,current_best
Mouse,POLYIC_20190531_polyic_m__E3_P1_13,y,6,4.999999925494195,2,0.17699115044247787,2,0.19875091844232182,0.021759767999843943,5424,5444,current_best
Mouse,POLYIC_20190531_polyic_m__E3_P1_13,y,7,4.999999925494195,0,0.17699115044247787,0,0.20867009551800147,0.0316789450755236,5424,5444,current_best
Mouse,POLYIC_20190531_polyic_m__E3_P1_13,y,8,4.999999925494195,2,0.16500737463126844,1,0.22024246877296105,0.055235094141692614,5424,5444,current_best
Mouse,POLYIC_20190531_polyic_m__E3_P1_13,x,2,3.1999998807907124,0,0.5105833763551885,0,0.5123367198838897,0.0017533435287012678,3874,4134,unetr_style
Mouse,POLYIC_20190531_polyic_m__E3_P1_13,x,3,3.1999998807907124,2,0.3477026329375323,0,0.34567005321722305,-0.0020325797203092355,3874,4134,unetr_style
Mouse,POLYIC_20190531_polyic_m__E3_P1_13,x,4,3.1999998807907124,0,0.27284460505937014,0,0.2776971456216739,0.004852540562303775,3874,4134,unetr_style
Mouse,POLYIC_20190531_polyic_m__E3_P1_13,x,5,3.1999998807907124,0,0.2080536912751678,0,0.22254475084663763,0.014491059571469844,3874,4134,unetr_style
Mouse,POLYIC_20190531_polyic_m__E3_P1_13,x,6,3.1999998807907124,2,0.18172431595250388,0,0.17706821480406387,-0.004656101148440006,3874,4134,unetr_style
Mouse,POLYIC_20190531_polyic_m__E3_P1_13,x,7,3.1999998807907124,0,0.15049044914816728,0,0.16037735849056603,0.009886909342398748,3874,4134,unetr_style
Mouse,POLYIC_20190531_polyic_m__E3_P1_13,x,8,3.1999998807907124,4,0.14248838409912234,4,0.1521528785679729,0.009664494468850565,3874,4134,unetr_style
Mouse,POLYIC_20190531_polyic_m__E3_P1_13,y,2,4.999999925494195,0,0.5110619469026548,1,0.5523465703971119,0.04128462349445705,5424,5540,unetr_style
Mouse,POLYIC_20190531_polyic_m__E3_P1_13,y,3,4.999999925494195,2,0.33775811209439527,2,0.34458483754512637,0.006826725450731097,5424,5540,unetr_style
Mouse,POLYIC_20190531_polyic_m__E3_P1_13,y,4,4.999999925494195,2,0.28078908554572274,1,0.30379061371841154,0.0230015281726888,5424,5540,unetr_style
Mouse,POLYIC_20190531_polyic_m__E3_P1_13,y,5,4.999999925494195,3,0.22842920353982302,3,0.3449458483754513,0.11651664483562826,5424,5540,unetr_style
Mouse,POLYIC_20190531_polyic_m__E3_P1_13,y,6,4.999999925494195,2,0.17699115044247787,1,0.19620938628158846,0.019218235839110587,5424,5540,unetr_style
Mouse,POLYIC_20190531_polyic_m__E3_P1_13,y,7,4.999999925494195,0,0.17699115044247787,0,0.18862815884476533,0.011637008402287458,5424,5540,unetr_style
Mouse,POLYIC_20190531_polyic_m__E3_P1_13,y,8,4.999999925494195,2,0.16500737463126844,1,0.2243682310469314,0.059360856415662966,5424,5540,unetr_style
Mouse,POLYIC_20190531_polyic_m__E3_P1_2,x,2,3.1999998807907124,0,0.5022556390977444,0,0.5054347826086957,0.0031791435109512767,3990,4048,current_best
Mouse,POLYIC_20190531_polyic_m__E3_P1_2,x,3,3.1999998807907124,1,0.34135338345864663,1,0.3619071146245059,0.02055373116585929,3990,4048,current_best
Mouse,POLYIC_20190531_polyic_m__E3_P1_2,x,4,3.1999998807907124,0,0.2578947368421053,2,0.25815217391304346,0.00025743707093817125,3990,4048,current_best
Mouse,POLYIC_20190531_polyic_m__E3_P1_2,x,5,3.1999998807907124,4,0.20551378446115287,3,0.2099802371541502,0.004466452692997336,3990,4048,current_best
Mouse,POLYIC_20190531_polyic_m__E3_P1_2,x,6,3.1999998807907124,2,0.1736842105263158,1,0.18305335968379446,0.009369149157478662,3990,4048,current_best
Mouse,POLYIC_20190531_polyic_m__E3_P1_2,x,7,3.1999998807907124,4,0.1656641604010025,6,0.15686758893280633,-0.00879657146819618,3990,4048,current_best
Mouse,POLYIC_20190531_polyic_m__E3_P1_2,x,8,3.1999998807907124,1,0.13583959899749373,1,0.1400691699604743,0.004229570962980572,3990,4048,current_best
Mouse,POLYIC_20190531_polyic_m__E3_P1_2,y,2,4.999999925494195,1,0.5236051502145923,0,0.5219858156028369,-0.001619334611755452,5592,5640,current_best
Mouse,POLYIC_20190531_polyic_m__E3_P1_2,y,3,4.999999925494195,2,0.3376251788268956,0,0.4097517730496454,0.0721265942227498,5592,5640,current_best
Mouse,POLYIC_20190531_polyic_m__E3_P1_2,y,4,4.999999925494195,3,0.27968526466380544,2,0.2764184397163121,-0.003266824947493363,5592,5640,current_best
Mouse,POLYIC_20190531_polyic_m__E3_P1_2,y,5,4.999999925494195,1,0.23533619456366237,0,0.35301418439716314,0.11767798983350078,5592,5640,current_best
Mouse,POLYIC_20190531_polyic_m__E3_P1_2,y,6,4.999999925494195,1,0.18723175965665237,0,0.21099290780141844,0.02376114814476607,5592,5640,current_best
Mouse,POLYIC_20190531_polyic_m__E3_P1_2,y,7,4.999999925494195,0,0.1680972818311874,2,0.1725177304964539,0.004420448665266502,5592,5640,current_best
Mouse,POLYIC_20190531_polyic_m__E3_P1_2,y,8,4.999999925494195,3,0.155758226037196,4,0.175,0.019241773962803993,5592,5640,current_best
Mouse,POLYIC_20190531_polyic_m__E3_P1_2,x,2,3.1999998807907124,0,0.5022556390977444,0,0.520665083135392,0.01840944403764755,3990,4210,unetr_style
Mouse,POLYIC_20190531_polyic_m__E3_P1_2,x,3,3.1999998807907124,1,0.34135338345864663,1,0.3394299287410926,-0.0019234547175540073,3990,4210,unetr_style
Mouse,POLYIC_20190531_polyic_m__E3_P1_2,x,4,3.1999998807907124,0,0.2578947368421053,2,0.2648456057007126,0.006950868858607295,3990,4210,unetr_style
Mouse,POLYIC_20190531_polyic_m__E3_P1_2,x,5,3.1999998807907124,4,0.20551378446115287,3,0.2142517814726841,0.008737997011531218,3990,4210,unetr_style
Mouse,POLYIC_20190531_polyic_m__E3_P1_2,x,6,3.1999998807907124,2,0.1736842105263158,2,0.18004750593824229,0.006363295411926484,3990,4210,unetr_style
Mouse,POLYIC_20190531_polyic_m__E3_P1_2,x,7,3.1999998807907124,4,0.1656641604010025,6,0.1524940617577197,-0.013170098643282807,3990,4210,unetr_style
Mouse,POLYIC_20190531_polyic_m__E3_P1_2,x,8,3.1999998807907124,1,0.13583959899749373,1,0.13657957244655583,0.0007399734490620979,3990,4210,unetr_style
Mouse,POLYIC_20190531_polyic_m__E3_P1_2,y,2,4.999999925494195,1,0.5236051502145923,0,0.5295774647887324,0.005972314574140047,5592,5680,unetr_style
Mouse,POLYIC_20190531_polyic_m__E3_P1_2,y,3,4.999999925494195,2,0.3376251788268956,0,0.38503521126760565,0.04741003244071007,5592,5680,unetr_style
Mouse,POLYIC_20190531_polyic_m__E3_P1_2,y,4,4.999999925494195,3,0.27968526466380544,2,0.2709507042253521,-0.008734560438453332,5592,5680,unetr_style
Mouse,POLYIC_20190531_polyic_m__E3_P1_2,y,5,4.999999925494195,1,0.23533619456366237,0,0.3448943661971831,0.10955817163352075,5592,5680,unetr_style
Mouse,POLYIC_20190531_polyic_m__E3_P1_2,y,6,4.999999925494195,1,0.18723175965665237,0,0.20246478873239437,0.015233029075742005,5592,5680,unetr_style
Mouse,POLYIC_20190531_polyic_m__E3_P1_2,y,7,4.999999925494195,0,0.1680972818311874,0,0.16338028169014085,-0.004717000141046562,5592,5680,unetr_style
Mouse,POLYIC_20190531_polyic_m__E3_P1_2,y,8,4.999999925494195,3,0.155758226037196,4,0.17464788732394365,0.018889661286747655,5592,5680,unetr_style
Mouse,POLYIC_20190531_polyic_m__E3_P1_3,x,2,3.1999998807907124,0,0.503227408142999,0,0.5084367245657568,0.005209316422757793,4028,4030,current_best
Mouse,POLYIC_20190531_polyic_m__E3_P1_3,x,3,3.1999998807907124,2,0.3361469712015889,0,0.34739454094292804,0.01124756974133917,4028,4030,current_best
Mouse,POLYIC_20190531_polyic_m__E3_P1_3,x,4,3.1999998807907124,0,0.2557100297914598,2,0.2642679900744417,0.008557960282981891,4028,4030,current_best
Mouse,POLYIC_20190531_polyic_m__E3_P1_3,x,5,3.1999998807907124,2,0.21027805362462762,2,0.21240694789081885,0.002128894266191228,4028,4030,current_best
Mouse,POLYIC_20190531_polyic_m__E3_P1_3,x,6,3.1999998807907124,2,0.17254220456802383,2,0.18014888337468982,0.00760667880666599,4028,4030,current_best
Mouse,POLYIC_20190531_polyic_m__E3_P1_3,x,7,3.1999998807907124,2,0.15615690168818272,1,0.15657568238213398,0.00041878069395126505,4028,4030,current_best
Mouse,POLYIC_20190531_polyic_m__E3_P1_3,x,8,3.1999998807907124,4,0.1355511420059583,6,0.14491315136476426,0.009362009358805962,4028,4030,current_best
Mouse,POLYIC_20190531_polyic_m__E3_P1_3,y,2,4.999999925494195,0,0.5130450987700336,1,0.5070921985815603,-0.005952900188473276,5366,5358,current_best
Mouse,POLYIC_20190531_polyic_m__E3_P1_3,y,3,4.999999925494195,2,0.3529631010063362,2,0.34621127286300857,-0.006751828143327643,5366,5358,current_best
Mouse,POLYIC_20190531_polyic_m__E3_P1_3,y,4,4.999999925494195,2,0.26071561684681327,3,0.2726763717805151,0.011960754933701856,5366,5358,current_best
Mouse,POLYIC_20190531_polyic_m__E3_P1_3,y,5,4.999999925494195,1,0.21561684681326873,2,0.36039567002612916,0.14477882321286042,5366,5358,current_best
Mouse,POLYIC_20190531_polyic_m__E3_P1_3,y,6,4.999999925494195,2,0.18468132687290348,5,0.18365061590145576,-0.001030710971447718,5366,5358,current_best
Mouse,POLYIC_20190531_polyic_m__E3_P1_3,y,7,4.999999925494195,0,0.15747297800969065,0,0.18047779022023144,0.023004812210540793,5366,5358,current_best
Mouse,POLYIC_20190531_polyic_m__E3_P1_3,y,8,4.999999925494195,2,0.13753261274692508,7,0.14109742441209405,0.0035648116651689765,5366,5358,current_best
Mouse,POLYIC_20190531_polyic_m__E3_P1_3,x,2,3.1999998807907124,0,0.503227408142999,1,0.5100047641734159,0.006777356030416848,4028,4198,unetr_style
Mouse,POLYIC_20190531_polyic_m__E3_P1_3,x,3,3.1999998807907124,2,0.3361469712015889,0,0.35350166746069556,0.017354696259106683,4028,4198,unetr_style
Mouse,POLYIC_20190531_polyic_m__E3_P1_3,x,4,3.1999998807907124,0,0.2557100297914598,3,0.26655550262029537,0.010845472828835578,4028,4198,unetr_style
Mouse,POLYIC_20190531_polyic_m__E3_P1_3,x,5,3.1999998807907124,2,0.21027805362462762,2,0.21391138637446402,0.0036333327498364043,4028,4198,unetr_style
Mouse,POLYIC_20190531_polyic_m__E3_P1_3,x,6,3.1999998807907124,2,0.17254220456802383,0,0.1784182944259171,0.005876089857893285,4028,4198,unetr_style
Mouse,POLYIC_20190531_polyic_m__E3_P1_3,x,7,3.1999998807907124,2,0.15615690168818272,1,0.15626488804192473,0.00010798635374201226,4028,4198,unetr_style
Mouse,POLYIC_20190531_polyic_m__E3_P1_3,x,8,3.1999998807907124,4,0.1355511420059583,3,0.14244878513577894,0.006897643129820635,4028,4198,unetr_style
Mouse,POLYIC_20190531_polyic_m__E3_P1_3,y,2,4.999999925494195,0,0.5130450987700336,1,0.5102903344358691,-0.002754764334164439,5366,5442,unetr_style
Mouse,POLYIC_20190531_polyic_m__E3_P1_3,y,3,4.999999925494195,2,0.3529631010063362,2,0.35152517456817345,-0.0014379264381627621,5366,5442,unetr_style
Mouse,POLYIC_20190531_polyic_m__E3_P1_3,y,4,4.999999925494195,2,0.26071561684681327,3,0.27140757074604926,0.010691953899235995,5366,5442,unetr_style
Mouse,POLYIC_20190531_polyic_m__E3_P1_3,y,5,4.999999925494195,1,0.21561684681326873,2,0.3579566335905917,0.14233978677732298,5366,5442,unetr_style
Mouse,POLYIC_20190531_polyic_m__E3_P1_3,y,6,4.999999925494195,2,0.18468132687290348,3,0.18890113928702681,0.004219812414123336,5366,5442,unetr_style
Mouse,POLYIC_20190531_polyic_m__E3_P1_3,y,7,4.999999925494195,0,0.15747297800969065,0,0.18265343623667768,0.02518045822698703,5366,5442,unetr_style
Mouse,POLYIC_20190531_polyic_m__E3_P1_3,y,8,4.999999925494195,2,0.13753261274692508,4,0.14498346196251377,0.007450849215588695,5366,5442,unetr_style
Mouse,POLYIC_20190531_polyic_m__E3_P1_4,x,2,3.1999998807907124,1,0.5054095826893354,0,0.5198878123406425,0.014478229651307073,3882,3922,current_best
Mouse,POLYIC_20190531_polyic_m__E3_P1_4,x,3,3.1999998807907124,2,0.3369397217928903,2,0.34982151963284036,0.012881797839950082,3882,3922,current_best
Mouse,POLYIC_20190531_polyic_m__E3_P1_4,x,4,3.1999998807907124,3,0.25579598145285937,2,0.27307496175420704,0.01727898030134767,3882,3922,current_best
Mouse,POLYIC_20190531_polyic_m__E3_P1_4,x,5,3.1999998807907124,3,0.21973209685729006,3,0.21341152473227945,-0.0063205721250106095,3882,3922,current_best
Mouse,POLYIC_20190531_polyic_m__E3_P1_4,x,6,3.1999998807907124,1,0.17877382792375066,2,0.18663946965833758,0.007865641734586926,3882,3922,current_best
Mouse,POLYIC_20190531_polyic_m__E3_P1_4,x,7,3.1999998807907124,6,0.15224111282843894,1,0.15884752677205508,0.006606413943616135,3882,3922,current_best
Mouse,POLYIC_20190531_polyic_m__E3_P1_4,x,8,3.1999998807907124,5,0.13730036063884596,6,0.14278429372768994,0.005483933088843984,3882,3922,current_best
Mouse,POLYIC_20190531_polyic_m__E3_P1_4,y,2,4.999999925494195,0,0.5138248847926268,0,0.5512093726379441,0.03738448784531734,5208,5292,current_best
Mouse,POLYIC_20190531_polyic_m__E3_P1_4,y,3,4.999999925494195,0,0.35599078341013823,1,0.3603552532123961,0.004364469802257853,5208,5292,current_best
Mouse,POLYIC_20190531_polyic_m__E3_P1_4,y,4,4.999999925494195,0,0.2588325652841782,0,0.27569916855631144,0.01686660327213324,5208,5292,current_best
Mouse,POLYIC_20190531_polyic_m__E3_P1_4,y,5,4.999999925494195,3,0.22407834101382487,0,0.34996220710506426,0.1258838660912394,5208,5292,current_best
Mouse,POLYIC_20190531_polyic_m__E3_P1_4,y,6,4.999999925494195,0,0.18740399385560677,4,0.19765684051398338,0.010252846658376613,5208,5292,current_best
Mouse,POLYIC_20190531_polyic_m__E3_P1_4,y,7,4.999999925494195,6,0.17857142857142858,5,0.15721844293272866,-0.021352985638699917,5208,5292,current_best
Mouse,POLYIC_20190531_polyic_m__E3_P1_4,y,8,4.999999925494195,0,0.16378648233486942,6,0.16477702191987906,0.0009905395850096366,5208,5292,current_best
Mouse,POLYIC_20190531_polyic_m__E3_P1_4,x,2,3.1999998807907124,1,0.5054095826893354,0,0.5127834056922335,0.007373823002898017,3882,4146,unetr_style
Mouse,POLYIC_20190531_polyic_m__E3_P1_4,x,3,3.1999998807907124,2,0.3369397217928903,2,0.341534008683068,0.004594286890177712,3882,4146,unetr_style
Mouse,POLYIC_20190531_polyic_m__E3_P1_4,x,4,3.1999998807907124,3,0.25579598145285937,2,0.26242161119150986,0.006625629738650496,3882,4146,unetr_style
Mouse,POLYIC_20190531_polyic_m__E3_P1_4,x,5,3.1999998807907124,3,0.21973209685729006,3,0.21659430776652194,-0.003137789090768117,3882,4146,unetr_style
Mouse,POLYIC_20190531_polyic_m__E3_P1_4,x,6,3.1999998807907124,1,0.17877382792375066,0,0.17872648335745298,-4.7344566297680135e-05,3882,4146,unetr_style
Mouse,POLYIC_20190531_polyic_m__E3_P1_4,x,7,3.1999998807907124,6,0.15224111282843894,0,0.1613603473227207,0.009119234494281758,3882,4146,unetr_style
Mouse,POLYIC_20190531_polyic_m__E3_P1_4,x,8,3.1999998807907124,5,0.13730036063884596,6,0.13675832127351664,-0.0005420393653293165,3882,4146,unetr_style
Mouse,POLYIC_20190531_polyic_m__E3_P1_4,y,2,4.999999925494195,0,0.5138248847926268,0,0.5285767650354875,0.014751880242860671,5208,5354,unetr_style
Mouse,POLYIC_20190531_polyic_m__E3_P1_4,y,3,4.999999925494195,0,0.35599078341013823,1,0.36458722450504294,0.008596441094904705,5208,5354,unetr_style
Mouse,POLYIC_20190531_polyic_m__E3_P1_4,y,4,4.999999925494195,0,0.2588325652841782,2,0.2655958162121778,0.00676325092799962,5208,5354,unetr_style
Mouse,POLYIC_20190531_polyic_m__E3_P1_4,y,5,4.999999925494195,3,0.22407834101382487,3,0.35113933507657824,0.12706099406275337,5208,5354,unetr_style
Mouse,POLYIC_20190531_polyic_m__E3_P1_4,y,6,4.999999925494195,0,0.18740399385560677,4,0.18602913709376168,-0.0013748567618450946,5208,5354,unetr_style
Mouse,POLYIC_20190531_polyic_m__E3_P1_4,y,7,4.999999925494195,6,0.17857142857142858,6,0.1593201344788943,-0.019251294092534288,5208,5354,unetr_style
Mouse,POLYIC_20190531_polyic_m__E3_P1_4,y,8,4.999999925494195,0,0.16378648233486942,6,0.1559581621217781,-0.007828320213091322,5208,5354,unetr_style
Mouse,POLYIC_20190531_polyic_m__E3_P1_5,x,2,3.1999998807907124,0,0.5074626865671642,0,0.5028118609406953,-0.004650825626468902,3886,3912,current_best
Mouse,POLYIC_20190531_polyic_m__E3_P1_5,x,3,3.1999998807907124,0,0.34071024189397836,1,0.34381390593047034,0.003103664036491982,3886,3912,current_best
Mouse,POLYIC_20190531_polyic_m__E3_P1_5,x,4,3.1999998807907124,0,0.26479670612454964,1,0.26559304703476483,0.0007963409102151875,3886,3912,current_best
Mouse,POLYIC_20190531_polyic_m__E3_P1_5,x,5,3.1999998807907124,1,0.20972722593926918,1,0.20833333333333334,-0.001393892605935837,3886,3912,current_best
Mouse,POLYIC_20190531_polyic_m__E3_P1_5,x,6,3.1999998807907124,0,0.1770458054554812,4,0.17612474437627812,-0.0009210610792030893,3886,3912,current_best
Mouse,POLYIC_20190531_polyic_m__E3_P1_5,x,7,3.1999998807907124,1,0.15208440555841482,5,0.1554192229038855,0.0033348173454706698,3886,3912,current_best
Mouse,POLYIC_20190531_polyic_m__E3_P1_5,x,8,3.1999998807907124,5,0.13612969634585692,5,0.1362474437627812,0.00011774741692427426,3886,3912,current_best
Mouse,POLYIC_20190531_polyic_m__E3_P1_5,y,2,4.999999925494195,0,0.5187861271676301,0,0.5225306416726748,0.0037445145050447604,5536,5548,current_best
Mouse,POLYIC_20190531_polyic_m__E3_P1_5,y,3,4.999999925494195,1,0.375,0,0.37707281903388606,0.002072819033886064,5536,5548,current_best
Mouse,POLYIC_20190531_polyic_m__E3_P1_5,y,4,4.999999925494195,2,0.2714956647398844,0,0.26946647440519106,-0.0020291903346933426,5536,5548,current_best
Mouse,POLYIC_20190531_polyic_m__E3_P1_5,y,5,4.999999925494195,3,0.22597543352601157,3,0.36824080749819754,0.14226537397218597,5536,5548,current_best
Mouse,POLYIC_20190531_polyic_m__E3_P1_5,y,6,4.999999925494195,4,0.20429913294797689,3,0.19736842105263158,-0.006930711895345304,5536,5548,current_best
Mouse,POLYIC_20190531_polyic_m__E3_P1_5,y,7,4.999999925494195,3,0.17521676300578035,2,0.18673395818312905,0.011517195177348699,5536,5548,current_best
Mouse,POLYIC_20190531_polyic_m__E3_P1_5,y,8,4.999999925494195,6,0.14920520231213874,4,0.1793439077144917,0.030138705402352972,5536,5548,current_best
Mouse,POLYIC_20190531_polyic_m__E3_P1_5,x,2,3.1999998807907124,0,0.5074626865671642,0,0.5185275475377864,0.011064860970622203,3886,4102,unetr_style
Mouse,POLYIC_20190531_polyic_m__E3_P1_5,x,3,3.1999998807907124,0,0.34071024189397836,1,0.3464163822525597,0.0057061403585813575,3886,4102,unetr_style
Mouse,POLYIC_20190531_polyic_m__E3_P1_5,x,4,3.1999998807907124,0,0.26479670612454964,0,0.26572403705509506,0.0009273309305454225,3886,4102,unetr_style
Mouse,POLYIC_20190531_polyic_m__E3_P1_5,x,5,3.1999998807907124,1,0.20972722593926918,0,0.21014139444173574,0.0004141685024665609,3886,4102,unetr_style
Mouse,POLYIC_20190531_polyic_m__E3_P1_5,x,6,3.1999998807907124,0,0.1770458054554812,4,0.181862506094588,0.004816700639106802,3886,4102,unetr_style
Mouse,POLYIC_20190531_polyic_m__E3_P1_5,x,7,3.1999998807907124,1,0.15208440555841482,5,0.15260848366650415,0.0005240781080893264,3886,4102,unetr_style
Mouse,POLYIC_20190531_polyic_m__E3_P1_5,x,8,3.1999998807907124,5,0.13612969634585692,0,0.1333495855680156,-0.0027801107778413214,3886,4102,unetr_style
Mouse,POLYIC_20190531_polyic_m__E3_P1_5,y,2,4.999999925494195,0,0.5187861271676301,0,0.5144953471725126,-0.004290779995117511,5536,5588,unetr_style
Mouse,POLYIC_20190531_polyic_m__E3_P1_5,y,3,4.999999925494195,1,0.375,0,0.3854688618468146,0.010468861846814614,5536,5588,unetr_style
Mouse,POLYIC_20190531_polyic_m__E3_P1_5,y,4,4.999999925494195,2,0.2714956647398844,0,0.26861130994989263,-0.002884354789991772,5536,5588,unetr_style
Mouse,POLYIC_20190531_polyic_m__E3_P1_5,y,5,4.999999925494195,3,0.22597543352601157,3,0.37526843235504653,0.14929299882903496,5536,5588,unetr_style
Mouse,POLYIC_20190531_polyic_m__E3_P1_5,y,6,4.999999925494195,4,0.20429913294797689,3,0.21385110952040087,0.009551976572423987,5536,5588,unetr_style
Mouse,POLYIC_20190531_polyic_m__E3_P1_5,y,7,4.999999925494195,3,0.17521676300578035,2,0.19434502505368648,0.01912826204790613,5536,5588,unetr_style
Mouse,POLYIC_20190531_polyic_m__E3_P1_5,y,8,4.999999925494195,6,0.14920520231213874,4,0.17770221904080172,0.028497016728662977,5536,5588,unetr_style
Mouse,POLYIC_20190531_polyic_m__E3_P1_6,x,2,3.1999998807907124,1,0.5158610271903323,0,0.5022900763358779,-0.013570950854454478,3972,3930,current_best
Mouse,POLYIC_20190531_polyic_m__E3_P1_6,x,3,3.1999998807907124,1,0.3406344410876133,0,0.3486005089058524,0.007966067818239109,3972,3930,current_best
Mouse,POLYIC_20190531_polyic_m__E3_P1_6,x,4,3.1999998807907124,3,0.26560926485397784,3,0.2633587786259542,-0.0022504862280236515,3972,3930,current_best
Mouse,POLYIC_20190531_polyic_m__E3_P1_6,x,5,3.1999998807907124,3,0.21676737160120846,2,0.2178117048346056,0.0010443332333971433,3972,3930,current_best
Mouse,POLYIC_20190531_polyic_m__E3_P1_6,x,6,3.1999998807907124,1,0.18126888217522658,3,0.17455470737913487,-0.00671417479609171,3972,3930,current_best
Mouse,POLYIC_20190531_polyic_m__E3_P1_6,x,7,3.1999998807907124,0,0.15055387713997986,0,0.15419847328244274,0.0036445961424628748,3972,3930,current_best
Mouse,POLYIC_20190531_polyic_m__E3_P1_6,x,8,3.1999998807907124,3,0.1351963746223565,3,0.14045801526717558,0.005261640644819071,3972,3930,current_best
Mouse,POLYIC_20190531_polyic_m__E3_P1_6,y,2,4.999999925494195,0,0.5073394495412844,0,0.5670256219829187,0.05968617244163432,5450,5386,current_best
Mouse,POLYIC_20190531_polyic_m__E3_P1_6,y,3,4.999999925494195,2,0.35376146788990825,0,0.3679910880059413,0.01422962011603307,5450,5386,current_best
Mouse,POLYIC_20190531_polyic_m__E3_P1_6,y,4,4.999999925494195,2,0.275045871559633,0,0.2952098031934645,0.02016393163383151,5450,5386,current_best
Mouse,POLYIC_20190531_polyic_m__E3_P1_6,y,5,4.999999925494195,3,0.2111926605504587,2,0.3445971036019309,0.1334044430514722,5450,5386,current_best
Mouse,POLYIC_20190531_polyic_m__E3_P1_6,y,6,4.999999925494195,2,0.18972477064220183,2,0.2070181953212031,0.017293424679001274,5450,5386,current_best
Mouse,POLYIC_20190531_polyic_m__E3_P1_6,y,7,4.999999925494195,0,0.16862385321100917,5,0.16134422577051616,-0.007279627440493014,5450,5386,current_best
Mouse,POLYIC_20190531_polyic_m__E3_P1_6,y,8,4.999999925494195,3,0.14825688073394497,4,0.17675454883030078,0.028497668096355816,5450,5386,current_best
Mouse,POLYIC_20190531_polyic_m__E3_P1_6,x,2,3.1999998807907124,1,0.5158610271903323,1,0.5086122047244095,-0.007248822465922844,3972,4064,unetr_style
Mouse,POLYIC_20190531_polyic_m__E3_P1_6,x,3,3.1999998807907124,1,0.3406344410876133,0,0.34571850393700787,0.005084062849394555,3972,4064,unetr_style
Mouse,POLYIC_20190531_polyic_m__E3_P1_6,x,4,3.1999998807907124,3,0.26560926485397784,3,0.25688976377952755,-0.008719501074450298,3972,4064,unetr_style
Mouse,POLYIC_20190531_polyic_m__E3_P1_6,x,5,3.1999998807907124,3,0.21676737160120846,2,0.21210629921259844,-0.004661072388610021,3972,4064,unetr_style
Mouse,POLYIC_20190531_polyic_m__E3_P1_6,x,6,3.1999998807907124,1,0.18126888217522658,0,0.1764271653543307,-0.004841716820895875,3972,4064,unetr_style
Mouse,POLYIC_20190531_polyic_m__E3_P1_6,x,7,3.1999998807907124,0,0.15055387713997986,4,0.15526574803149606,0.004711870891516201,3972,4064,unetr_style
Mouse,POLYIC_20190531_polyic_m__E3_P1_6,x,8,3.1999998807907124,3,0.1351963746223565,1,0.13508858267716536,-0.00010779194519114355,3972,4064,unetr_style
Mouse,POLYIC_20190531_polyic_m__E3_P1_6,y,2,4.999999925494195,0,0.5073394495412844,0,0.5441937869822485,0.03685433744096411,5450,5408,unetr_style
Mouse,POLYIC_20190531_polyic_m__E3_P1_6,y,3,4.999999925494195,2,0.35376146788990825,0,0.3718565088757396,0.018095040985831368,5450,5408,unetr_style
Mouse,POLYIC_20190531_polyic_m__E3_P1_6,y,4,4.999999925494195,2,0.275045871559633,0,0.27699704142011833,0.0019511698604853245,5450,5408,unetr_style
Mouse,POLYIC_20190531_polyic_m__E3_P1_6,y,5,4.999999925494195,3,0.2111926605504587,3,0.34375,0.1325573394495413,5450,5408,unetr_style
Mouse,POLYIC_20190531_polyic_m__E3_P1_6,y,6,4.999999925494195,2,0.18972477064220183,2,0.19951923076923078,0.009794460127028948,5450,5408,unetr_style
Mouse,POLYIC_20190531_polyic_m__E3_P1_6,y,7,4.999999925494195,0,0.16862385321100917,0,0.16993343195266272,0.0013095787416535498,5450,5408,unetr_style
Mouse,POLYIC_20190531_polyic_m__E3_P1_6,y,8,4.999999925494195,3,0.14825688073394497,1,0.16678994082840237,0.018533060094457404,5450,5408,unetr_style
Mouse,POLYIC_20190531_polyic_m__E3_P1_7,x,2,3.1999998807907124,0,0.5070316423907584,1,0.5083375442142496,0.0013059018234912179,3982,3958,current_best
Mouse,POLYIC_20190531_polyic_m__E3_P1_7,x,3,3.1999998807907124,1,0.35233550979407335,1,0.3461344113188479,-0.0062010984752254306,3982,3958,current_best
Mouse,POLYIC_20190531_polyic_m__E3_P1_7,x,4,3.1999998807907124,0,0.2614264188849824,3,0.2713491662455786,0.009922747360596174,3982,3958,current_best
Mouse,POLYIC_20190531_polyic_m__E3_P1_7,x,5,3.1999998807907124,0,0.22174786539427424,0,0.20692268822637697,-0.014825177167897274,3982,3958,current_best
Mouse,POLYIC_20190531_polyic_m__E3_P1_7,x,6,3.1999998807907124,4,0.1860873932697137,5,0.19605861546235473,0.009971222192641016,3982,3958,current_best
Mouse,POLYIC_20190531_polyic_m__E3_P1_7,x,7,3.1999998807907124,6,0.15067805123053743,6,0.16472966144517434,0.014051610214636912,3982,3958,current_best
Mouse,POLYIC_20190531_polyic_m__E3_P1_7,x,8,3.1999998807907124,0,0.13636363636363635,3,0.14325416877210712,0.006890532408470762,3982,3958,current_best
Mouse,POLYIC_20190531_polyic_m__E3_P1_7,y,2,4.999999925494195,0,0.511333585190782,0,0.5030143180105501,-0.008319267180231904,5294,5308,current_best
Mouse,POLYIC_20190531_polyic_m__E3_P1_7,y,3,4.999999925494195,0,0.3486966377030601,0,0.40184626978146193,0.05314963207840184,5294,5308,current_best
Mouse,POLYIC_20190531_polyic_m__E3_P1_7,y,4,4.999999925494195,2,0.2612391386475255,1,0.28183873398643555,0.020599595338910037,5294,5308,current_best
Mouse,POLYIC_20190531_polyic_m__E3_P1_7,y,5,4.999999925494195,3,0.2162825840574235,2,0.3553127354935946,0.1390301514361711,5294,5308,current_best
Mouse,POLYIC_20190531_polyic_m__E3_P1_7,y,6,4.999999925494195,2,0.18511522478277295,3,0.2394498869630746,0.05433466218030164,5294,5308,current_best
Mouse,POLYIC_20190531_polyic_m__E3_P1_7,y,7,4.999999925494195,6,0.17151492255383452,2,0.1691785983421251,-0.0023363242117094285,5294,5308,current_best
Mouse,POLYIC_20190531_polyic_m__E3_P1_7,y,8,4.999999925494195,0,0.13808084624102757,1,0.1699321778447626,0.031851331603735045,5294,5308,current_best
Mouse,POLYIC_20190531_polyic_m__E3_P1_7,x,2,3.1999998807907124,0,0.5070316423907584,0,0.5070217917675545,-9.850623203910835e-06,3982,4130,unetr_style
Mouse,POLYIC_20190531_polyic_m__E3_P1_7,x,3,3.1999998807907124,1,0.35233550979407335,1,0.336319612590799,-0.016015897203274343,3982,4130,unetr_style
Mouse,POLYIC_20190531_polyic_m__E3_P1_7,x,4,3.1999998807907124,0,0.2614264188849824,3,0.2653753026634383,0.0039488837784558695,3982,4130,unetr_style
Mouse,POLYIC_20190531_polyic_m__E3_P1_7,x,5,3.1999998807907124,0,0.22174786539427424,1,0.21041162227602905,-0.011336243118245187,3982,4130,unetr_style
Mouse,POLYIC_20190531_polyic_m__E3_P1_7,x,6,3.1999998807907124,4,0.1860873932697137,5,0.17990314769975788,-0.006184245569955837,3982,4130,unetr_style
Mouse,POLYIC_20190531_polyic_m__E3_P1_7,x,7,3.1999998807907124,6,0.15067805123053743,6,0.1595641646489104,0.008886113418372976,3982,4130,unetr_style
Mouse,POLYIC_20190531_polyic_m__E3_P1_7,x,8,3.1999998807907124,0,0.13636363636363635,3,0.13801452784503632,0.0016508914813999631,3982,4130,unetr_style
Mouse,POLYIC_20190531_polyic_m__E3_P1_7,y,2,4.999999925494195,0,0.511333585190782,1,0.5035276643148905,-0.007805920875891492,5294,5386,unetr_style
Mouse,POLYIC_20190531_polyic_m__E3_P1_7,y,3,4.999999925494195,0,0.3486966377030601,0,0.38711474192350537,0.03841810422044528,5294,5386,unetr_style
Mouse,POLYIC_20190531_polyic_m__E3_P1_7,y,4,4.999999925494195,2,0.2612391386475255,1,0.28202747864834754,0.020788340000822025,5294,5386,unetr_style
Mouse,POLYIC_20190531_polyic_m__E3_P1_7,y,5,4.999999925494195,3,0.2162825840574235,2,0.35685109543260307,0.14056851137517956,5294,5386,unetr_style
Mouse,POLYIC_20190531_polyic_m__E3_P1_7,y,6,4.999999925494195,2,0.18511522478277295,3,0.22632751578165614,0.04121229099888318,5294,5386,unetr_style
Mouse,POLYIC_20190531_polyic_m__E3_P1_7,y,7,4.999999925494195,6,0.17151492255383452,2,0.1637578908280728,-0.007757031725761726,5294,5386,unetr_style
Mouse,POLYIC_20190531_polyic_m__E3_P1_7,y,8,4.999999925494195,0,0.13808084624102757,1,0.1637578908280728,0.025677044587045228,5294,5386,unetr_style
Mouse,POLYIC_20190531_polyic_m__E3_P1_8,x,2,3.1999998807907124,1,0.5015690376569037,1,0.5005175983436853,-0.001051439313218494,3824,3864,current_best
Mouse,POLYIC_20190531_polyic_m__E3_P1_8,x,3,3.1999998807907124,1,0.34989539748953974,0,0.3434265010351967,-0.006468896454343065,3824,3864,current_best
Mouse,POLYIC_20190531_polyic_m__E3_P1_8,x,4,3.1999998807907124,3,0.2549686192468619,2,0.26268115942028986,0.007712540173427929,3824,3864,current_best
Mouse,POLYIC_20190531_polyic_m__E3_P1_8,x,5,3.1999998807907124,0,0.20894351464435146,1,0.20678053830227744,-0.002162976342074019,3824,3864,current_best
Mouse,POLYIC_20190531_polyic_m__E3_P1_8,x,6,3.1999998807907124,4,0.1846234309623431,4,0.17960662525879917,-0.005016805703543931,3824,3864,current_best
Mouse,POLYIC_20190531_polyic_m__E3_P1_8,x,7,3.1999998807907124,4,0.15298117154811716,5,0.1581262939958592,0.00514512244774204,3824,3864,current_best
Mouse,POLYIC_20190531_polyic_m__E3_P1_8,x,8,3.1999998807907124,1,0.13127615062761505,2,0.1337991718426501,0.0025230212150350595,3824,3864,current_best
Mouse,POLYIC_20190531_polyic_m__E3_P1_8,y,2,4.999999925494195,1,0.5205893464299207,0,0.5448405253283302,0.024251178898409442,5294,5330,current_best
Mouse,POLYIC_20190531_polyic_m__E3_P1_8,y,3,4.999999925494195,2,0.37117491499811106,1,0.3677298311444653,-0.0034450838536457806,5294,5330,current_best
Mouse,POLYIC_20190531_polyic_m__E3_P1_8,y,4,4.999999925494195,1,0.2788061956932376,0,0.3067542213883677,0.027948025695130108,5294,5330,current_best
Mouse,POLYIC_20190531_polyic_m__E3_P1_8,y,5,4.999999925494195,4,0.24348318851530035,3,0.36153846153846153,0.11805527302316118,5294,5330,current_best
Mouse,POLYIC_20190531_polyic_m__E3_P1_8,y,6,4.999999925494195,5,0.21609369097091047,4,0.24296435272045028,0.02687066174953981,5294,5330,current_best
Mouse,POLYIC_20190531_polyic_m__E3_P1_8,y,7,4.999999925494195,5,0.18945976577257273,4,0.199812382739212,0.010352616966639278,5294,5330,current_best
Mouse,POLYIC_20190531_polyic_m__E3_P1_8,y,8,4.999999925494195,1,0.1752927842840952,4,0.17654784240150093,0.0012550581174057274,5294,5330,current_best
Mouse,POLYIC_20190531_polyic_m__E3_P1_8,x,2,3.1999998807907124,1,0.5015690376569037,1,0.5180048661800487,0.016435828523144957,3824,4110,unetr_style
Mouse,POLYIC_20190531_polyic_m__E3_P1_8,x,3,3.1999998807907124,1,0.34989539748953974,1,0.34306569343065696,-0.0068297040588827795,3824,4110,unetr_style
Mouse,POLYIC_20190531_polyic_m__E3_P1_8,x,4,3.1999998807907124,3,0.2549686192468619,1,0.26277372262773724,0.007805103380875311,3824,4110,unetr_style
Mouse,POLYIC_20190531_polyic_m__E3_P1_8,x,5,3.1999998807907124,0,0.20894351464435146,4,0.2116788321167883,0.0027353174724368545,3824,4110,unetr_style
Mouse,POLYIC_20190531_polyic_m__E3_P1_8,x,6,3.1999998807907124,4,0.1846234309623431,5,0.17956204379562044,-0.005061387166722664,3824,4110,unetr_style
Mouse,POLYIC_20190531_polyic_m__E3_P1_8,x,7,3.1999998807907124,4,0.15298117154811716,4,0.15133819951338198,-0.0016429720347351795,3824,4110,unetr_style
Mouse,POLYIC_20190531_polyic_m__E3_P1_8,x,8,3.1999998807907124,1,0.13127615062761505,1,0.13892944038929442,0.007653289761679366,3824,4110,unetr_style
Mouse,POLYIC_20190531_polyic_m__E3_P1_8,y,2,4.999999925494195,1,0.5205893464299207,0,0.5319423929098966,0.011353046479975926,5294,5416,unetr_style
Mouse,POLYIC_20190531_polyic_m__E3_P1_8,y,3,4.999999925494195,2,0.37117491499811106,1,0.3700147710487445,-0.0011601439493665877,5294,5416,unetr_style
Mouse,POLYIC_20190531_polyic_m__E3_P1_8,y,4,4.999999925494195,1,0.2788061956932376,0,0.2950516986706056,0.016245502977367987,5294,5416,unetr_style
Mouse,POLYIC_20190531_polyic_m__E3_P1_8,y,5,4.999999925494195,4,0.24348318851530035,3,0.35893648449039883,0.11545329597509849,5294,5416,unetr_style
Mouse,POLYIC_20190531_polyic_m__E3_P1_8,y,6,4.999999925494195,5,0.21609369097091047,4,0.2354135893648449,0.019319898393934443,5294,5416,unetr_style
Mouse,POLYIC_20190531_polyic_m__E3_P1_8,y,7,4.999999925494195,5,0.18945976577257273,4,0.18648449039881831,-0.0029752753737544158,5294,5416,unetr_style
Mouse,POLYIC_20190531_polyic_m__E3_P1_8,y,8,4.999999925494195,1,0.1752927842840952,4,0.172821270310192,-0.002471513973903189,5294,5416,unetr_style
Mouse,POLYIC_20190531_polyic_m__E3_P1_9,x,2,3.1999998807907124,0,0.5100603621730382,1,0.512086827824371,0.0020264656513327983,3976,4054,current_best
Mouse,POLYIC_20190531_polyic_m__E3_P1_9,x,3,3.1999998807907124,0,0.3460764587525151,1,0.34731129748396644,0.0012348387314513598,3976,4054,current_best
Mouse,POLYIC_20190531_polyic_m__E3_P1_9,x,4,3.1999998807907124,2,0.2620724346076459,3,0.259990133201776,-0.002082301405869902,3976,4054,current_best
Mouse,POLYIC_20190531_polyic_m__E3_P1_9,x,5,3.1999998807907124,0,0.20573440643863178,0,0.20769610261470153,0.001961696176069755,3976,4054,current_best
Mouse,POLYIC_20190531_polyic_m__E3_P1_9,x,6,3.1999998807907124,3,0.17706237424547283,1,0.1820424272323631,0.0049800529868902765,3976,4054,current_best
Mouse,POLYIC_20190531_polyic_m__E3_P1_9,x,7,3.1999998807907124,0,0.1511569416498994,4,0.15416872224963,0.00301178059973059,3976,4054,current_best
Mouse,POLYIC_20190531_polyic_m__E3_P1_9,x,8,3.1999998807907124,2,0.13329979879275655,3,0.13320177602368033,-9.802276907622254e-05,3976,4054,current_best
Mouse,POLYIC_20190531_polyic_m__E3_P1_9,y,2,4.999999925494195,1,0.5290676416819012,0,0.5125136017410229,-0.01655403994087834,5470,5514,current_best
Mouse,POLYIC_20190531_polyic_m__E3_P1_9,y,3,4.999999925494195,2,0.34552102376599636,2,0.3534639100471527,0.007942886281156358,5470,5514,current_best
Mouse,POLYIC_20190531_polyic_m__E3_P1_9,y,4,4.999999925494195,1,0.2817184643510055,0,0.27548059484947407,-0.0062378695015314345,5470,5514,current_best
Mouse,POLYIC_20190531_polyic_m__E3_P1_9,y,5,4.999999925494195,1,0.21809872029250457,2,0.35310119695321,0.13500247666070544,5470,5514,current_best
Mouse,POLYIC_20190531_polyic_m__E3_P1_9,y,6,4.999999925494195,5,0.18775137111517368,2,0.19423286180631122,0.0064814906911375425,5470,5514,current_best
Mouse,POLYIC_20190531_polyic_m__E3_P1_9,y,7,4.999999925494195,6,0.17824497257769653,6,0.1893362350380849,0.011091262460388357,5470,5514,current_best
Mouse,POLYIC_20190531_polyic_m__E3_P1_9,y,8,4.999999925494195,1,0.16526508226691042,1,0.20366340224882118,0.03839831998191076,5470,5514,current_best
Mouse,POLYIC_20190531_polyic_m__E3_P1_9,x,2,3.1999998807907124,0,0.5100603621730382,0,0.5189695550351288,0.008909192862090576,3976,4270,unetr_style
Mouse,POLYIC_20190531_polyic_m__E3_P1_9,x,3,3.1999998807907124,0,0.3460764587525151,2,0.35292740046838406,0.0068509417158689745,3976,4270,unetr_style
Mouse,POLYIC_20190531_polyic_m__E3_P1_9,x,4,3.1999998807907124,2,0.2620724346076459,0,0.25971896955503515,-0.002353465052610748,3976,4270,unetr_style
Mouse,POLYIC_20190531_polyic_m__E3_P1_9,x,5,3.1999998807907124,0,0.20573440643863178,1,0.20889929742388758,0.003164890985255797,3976,4270,unetr_style
Mouse,POLYIC_20190531_polyic_m__E3_P1_9,x,6,3.1999998807907124,3,0.17706237424547283,2,0.18501170960187355,0.007949335356400716,3976,4270,unetr_style
Mouse,POLYIC_20190531_polyic_m__E3_P1_9,x,7,3.1999998807907124,0,0.1511569416498994,3,0.15878220140515223,0.007625259755252828,3976,4270,unetr_style
Mouse,POLYIC_20190531_polyic_m__E3_P1_9,x,8,3.1999998807907124,2,0.13329979879275655,6,0.14004683840749416,0.006747039614737604,3976,4270,unetr_style
Mouse,POLYIC_20190531_polyic_m__E3_P1_9,y,2,4.999999925494195,1,0.5290676416819012,0,0.5115356885364095,-0.01753195314549172,5470,5548,unetr_style
Mouse,POLYIC_20190531_polyic_m__E3_P1_9,y,3,4.999999925494195,2,0.34552102376599636,1,0.3368781542898342,-0.008642869476162163,5470,5548,unetr_style
Mouse,POLYIC_20190531_polyic_m__E3_P1_9,y,4,4.999999925494195,1,0.2817184643510055,0,0.2754145638067772,-0.0063039005442283025,5470,5548,unetr_style
Mouse,POLYIC_20190531_polyic_m__E3_P1_9,y,5,4.999999925494195,1,0.21809872029250457,2,0.3568853640951694,0.13878664380266484,5470,5548,unetr_style
Mouse,POLYIC_20190531_polyic_m__E3_P1_9,y,6,4.999999925494195,5,0.18775137111517368,2,0.1791636625811103,-0.008587708534063376,5470,5548,unetr_style
Mouse,POLYIC_20190531_polyic_m__E3_P1_9,y,7,4.999999925494195,6,0.17824497257769653,6,0.1935832732516222,0.015338300673925664,5470,5548,unetr_style
Mouse,POLYIC_20190531_polyic_m__E3_P1_9,y,8,4.999999925494195,1,0.16526508226691042,1,0.196647440519106,0.03138235825219557,5470,5548,unetr_style
Mouse,POLYIC_20190531_polyic_m__E5_P1_11,x,2,3.1999998807907124,0,0.5007285089849441,1,0.511181332036947,0.010452823052002902,4118,4114,current_best
Mouse,POLYIC_20190531_polyic_m__E5_P1_11,x,3,3.1999998807907124,1,0.3411850412821758,2,0.34297520661157027,0.0017901653293944664,4118,4114,current_best
Mouse,POLYIC_20190531_polyic_m__E5_P1_11,x,4,3.1999998807907124,0,0.26372025254978143,1,0.256198347107438,-0.007521905442343435,4118,4114,current_best
Mouse,POLYIC_20190531_polyic_m__E5_P1_11,x,5,3.1999998807907124,1,0.21345313258863527,1,0.2075838599902771,-0.005869272598358177,4118,4114,current_best
Mouse,POLYIC_20190531_polyic_m__E5_P1_11,x,6,3.1999998807907124,4,0.1804273919378339,5,0.1762275157997083,-0.004199876138125586,4118,4114,current_best
Mouse,POLYIC_20190531_polyic_m__E5_P1_11,x,7,3.1999998807907124,2,0.14764448761534726,1,0.1587263004375304,0.011081812822183124,4118,4114,current_best
Mouse,POLYIC_20190531_polyic_m__E5_P1_11,x,8,3.1999998807907124,5,0.14133074307916466,3,0.13709285367039378,-0.004237889408770873,4118,4114,current_best
Mouse,POLYIC_20190531_polyic_m__E5_P1_11,y,2,4.999999925494195,0,0.5095799557848194,1,0.5081877729257642,-0.00139218285905518,5428,5496,current_best
Mouse,POLYIC_20190531_polyic_m__E5_P1_11,y,3,4.999999925494195,1,0.3496683861459101,1,0.35953420669577874,0.00986582054986862,5428,5496,current_best
Mouse,POLYIC_20190531_polyic_m__E5_P1_11,y,4,4.999999925494195,2,0.25957995578481946,1,0.28074963609898107,0.02116968031416161,5428,5496,current_best
Mouse,POLYIC_20190531_polyic_m__E5_P1_11,y,5,4.999999925494195,0,0.21573323507737657,2,0.3398835516739447,0.12415031659656811,5428,5496,current_best
Mouse,POLYIC_20190531_polyic_m__E5_P1_11,y,6,4.999999925494195,0,0.18625644804716285,1,0.18631732168850074,6.087364133788853e-05,5428,5496,current_best
Mouse,POLYIC_20190531_polyic_m__E5_P1_11,y,7,4.999999925494195,6,0.18533529845246868,6,0.1750363901018923,-0.010298908350576397,5428,5496,current_best
Mouse,POLYIC_20190531_polyic_m__E5_P1_11,y,8,4.999999925494195,1,0.13872512896094324,1,0.18577147016011644,0.0470463411991732,5428,5496,current_best
Mouse,POLYIC_20190531_polyic_m__E5_P1_11,x,2,3.1999998807907124,0,0.5007285089849441,1,0.5257249766136576,0.024996467628713437,4118,4276,unetr_style
Mouse,POLYIC_20190531_polyic_m__E5_P1_11,x,3,3.1999998807907124,1,0.3411850412821758,0,0.3369971936389149,-0.004187847643260911,4118,4276,unetr_style
Mouse,POLYIC_20190531_polyic_m__E5_P1_11,x,4,3.1999998807907124,0,0.26372025254978143,3,0.26520112254443406,0.0014808699946526338,4118,4276,unetr_style
Mouse,POLYIC_20190531_polyic_m__E5_P1_11,x,5,3.1999998807907124,1,0.21345313258863527,0,0.2118802619270346,-0.0015728706616006671,4118,4276,unetr_style
Mouse,POLYIC_20190531_polyic_m__E5_P1_11,x,6,3.1999998807907124,4,0.1804273919378339,3,0.1793732460243218,-0.0010541459135120779,4118,4276,unetr_style
Mouse,POLYIC_20190531_polyic_m__E5_P1_11,x,7,3.1999998807907124,2,0.14764448761534726,2,0.15434985968194576,0.006705372066598492,4118,4276,unetr_style
Mouse,POLYIC_20190531_polyic_m__E5_P1_11,x,8,3.1999998807907124,5,0.14133074307916466,3,0.1382132834424696,-0.003117459636695047,4118,4276,unetr_style
Mouse,POLYIC_20190531_polyic_m__E5_P1_11,y,2,4.999999925494195,0,0.5095799557848194,1,0.5138787436084733,0.0042987878236538934,5428,5476,unetr_style
Mouse,POLYIC_20190531_polyic_m__E5_P1_11,y,3,4.999999925494195,1,0.3496683861459101,1,0.3714390065741417,0.02177062042823158,5428,5476,unetr_style
Mouse,POLYIC_20190531_polyic_m__E5_P1_11,y,4,4.999999925494195,2,0.25957995578481946,1,0.2865230094959825,0.026943053711163012,5428,5476,unetr_style
Mouse,POLYIC_20190531_polyic_m__E5_P1_11,y,5,4.999999925494195,0,0.21573323507737657,0,0.34149013878743606,0.1257569037100595,5428,5476,unetr_style
Mouse,POLYIC_20190531_polyic_m__E5_P1_11,y,6,4.999999925494195,0,0.18625644804716285,1,0.1966764061358656,0.010419958088702747,5428,5476,unetr_style
Mouse,POLYIC_20190531_polyic_m__E5_P1_11,y,7,4.999999925494195,6,0.18533529845246868,6,0.183345507669832,-0.0019897907826366967,5428,5476,unetr_style
Mouse,POLYIC_20190531_polyic_m__E5_P1_11,y,8,4.999999925494195,1,0.13872512896094324,1,0.18444119795471148,0.04571606899376823,5428,5476,unetr_style
Mouse,POLYIC_20190612_polyic___E10_P1_1,x,2,3.1999998807907124,1,0.5062562562562563,0,0.5062065541211519,-4.970213510435695e-05,3996,4028,current_best
Mouse,POLYIC_20190612_polyic___E10_P1_1,x,3,3.1999998807907124,0,0.33933933933933935,1,0.3426017874875869,0.0032624481482475542,3996,4028,current_best
Mouse,POLYIC_20190612_polyic___E10_P1_1,x,4,3.1999998807907124,0,0.262012012012012,2,0.2576961271102284,-0.00431588490178364,3996,4028,current_best
Mouse,POLYIC_20190612_polyic___E10_P1_1,x,5,3.1999998807907124,4,0.22372372372372373,3,0.21896722939424032,-0.004756494329483413,3996,4028,current_best
Mouse,POLYIC_20190612_polyic___E10_P1_1,x,6,3.1999998807907124,3,0.17617617617617617,4,0.1807348560079444,0.00455867983176822,3996,4028,current_best
Mouse,POLYIC_20190612_polyic___E10_P1_1,x,7,3.1999998807907124,3,0.15340340340340342,6,0.15317775571002978,-0.00022564769337363177,3996,4028,current_best
Mouse,POLYIC_20190612_polyic___E10_P1_1,x,8,3.1999998807907124,0,0.13963963963963963,1,0.13629592850049652,-0.003343711139143113,3996,4028,current_best
Mouse,POLYIC_20190612_polyic___E10_P1_1,y,2,4.999999925494195,1,0.507415647015202,0,0.5804851157662624,0.07306946875106035,5394,5442,current_best
Mouse,POLYIC_20190612_polyic___E10_P1_1,y,3,4.999999925494195,2,0.3485354097144976,0,0.3504226387357589,0.0018872290212613163,5394,5442,current_best
Mouse,POLYIC_20190612_polyic___E10_P1_1,y,4,4.999999925494195,2,0.25695216907675195,0,0.3033811098860713,0.04642894080931936,5394,5442,current_best
Mouse,POLYIC_20190612_polyic___E10_P1_1,y,5,4.999999925494195,1,0.2278457545420838,0,0.3634693127526645,0.13562355821058067,5394,5442,current_best
Mouse,POLYIC_20190612_polyic___E10_P1_1,y,6,4.999999925494195,1,0.19577308120133483,0,0.21646453509739066,0.02069145389605584,5394,5442,current_best
Mouse,POLYIC_20190612_polyic___E10_P1_1,y,7,4.999999925494195,3,0.1692621431219874,1,0.15692760014700477,-0.012334542974982626,5394,5442,current_best
Mouse,POLYIC_20190612_polyic___E10_P1_1,y,8,4.999999925494195,6,0.14015572858731926,4,0.20801176038221242,0.06785603179489316,5394,5442,current_best
Mouse,POLYIC_20190612_polyic___E10_P1_1,x,2,3.1999998807907124,1,0.5062562562562563,1,0.507274490785645,0.0010182345293887618,3996,4124,unetr_style
Mouse,POLYIC_20190612_polyic___E10_P1_1,x,3,3.1999998807907124,0,0.33933933933933935,0,0.3435984481086324,0.00425910876929303,3996,4124,unetr_style
Mouse,POLYIC_20190612_polyic___E10_P1_1,x,4,3.1999998807907124,0,0.262012012012012,1,0.2541222114451988,-0.00788980056681321,3996,4124,unetr_style
Mouse,POLYIC_20190612_polyic___E10_P1_1,x,5,3.1999998807907124,4,0.22372372372372373,3,0.21580989330746847,-0.007913830416255263,3996,4124,unetr_style
Mouse,POLYIC_20190612_polyic___E10_P1_1,x,6,3.1999998807907124,3,0.17617617617617617,3,0.17967992240543162,0.00350374622925545,3996,4124,unetr_style
Mouse,POLYIC_20190612_polyic___E10_P1_1,x,7,3.1999998807907124,3,0.15340340340340342,6,0.15979631425800195,0.0063929108545985325,3996,4124,unetr_style
Mouse,POLYIC_20190612_polyic___E10_P1_1,x,8,3.1999998807907124,0,0.13963963963963963,1,0.13506304558680893,-0.004576594052830701,3996,4124,unetr_style
Mouse,POLYIC_20190612_polyic___E10_P1_1,y,2,4.999999925494195,1,0.507415647015202,0,0.5549815498154982,0.047565902800296156,5394,5420,unetr_style
Mouse,POLYIC_20190612_polyic___E10_P1_1,y,3,4.999999925494195,2,0.3485354097144976,0,0.3549815498154982,0.006446140101000586,5394,5420,unetr_style
Mouse,POLYIC_20190612_polyic___E10_P1_1,y,4,4.999999925494195,2,0.25695216907675195,0,0.2892988929889299,0.032346723912177966,5394,5420,unetr_style
Mouse,POLYIC_20190612_polyic___E10_P1_1,y,5,4.999999925494195,1,0.2278457545420838,0,0.3448339483394834,0.11698819379739958,5394,5420,unetr_style
Mouse,POLYIC_20190612_polyic___E10_P1_1,y,6,4.999999925494195,1,0.19577308120133483,0,0.20239852398523986,0.006625442783905033,5394,5420,unetr_style
Mouse,POLYIC_20190612_polyic___E10_P1_1,y,7,4.999999925494195,3,0.1692621431219874,1,0.1640221402214022,-0.005240002900585183,5394,5420,unetr_style
Mouse,POLYIC_20190612_polyic___E10_P1_1,y,8,4.999999925494195,6,0.14015572858731926,4,0.20461254612546126,0.064456817538142,5394,5420,unetr_style
Mouse,POLYIC_20190612_polyic___E12_P1,x,2,3.1999998807907124,0,0.5002565418163161,0,0.5108531044926805,0.01059656267636444,3898,3962,current_best
Mouse,POLYIC_20190612_polyic___E12_P1,x,3,3.1999998807907124,0,0.35146228835300153,2,0.3404846037354871,-0.010977684617514416,3898,3962,current_best
Mouse,POLYIC_20190612_polyic___E12_P1,x,4,3.1999998807907124,2,0.25705489994869163,2,0.26148409893992935,0.004429198991237726,3898,3962,current_best
Mouse,POLYIC_20190612_polyic___E12_P1,x,5,3.1999998807907124,4,0.2047203694202155,3,0.2132761231701161,0.008555753749900613,3898,3962,current_best
Mouse,POLYIC_20190612_polyic___E12_P1,x,6,3.1999998807907124,3,0.18086198050282196,4,0.1812216052498738,0.0003596247470518399,3898,3962,current_best
Mouse,POLYIC_20190612_polyic___E12_P1,x,7,3.1999998807907124,5,0.15700359158542843,3,0.1607773851590106,0.0037737935735821793,3898,3962,current_best
Mouse,POLYIC_20190612_polyic___E12_P1,x,8,3.1999998807907124,1,0.13648024628014366,1,0.1408379606259465,0.004357714345802843,3898,3962,current_best
Mouse,POLYIC_20190612_polyic___E12_P1,y,2,4.999999925494195,0,0.5229021619640895,1,0.5440962099125365,0.021194047948447037,5458,5488,current_best
Mouse,POLYIC_20190612_polyic___E12_P1,y,3,4.999999925494195,0,0.3525100769512642,2,0.35276967930029157,0.000259602349027388,5458,5488,current_best
Mouse,POLYIC_20190612_polyic___E12_P1,y,4,4.999999925494195,0,0.2790399413704654,1,0.27223032069970843,-0.006809620670756966,5458,5488,current_best
Mouse,POLYIC_20190612_polyic___E12_P1,y,5,4.999999925494195,1,0.22224257969952363,0,0.34894314868804666,0.12670056898852303,5458,5488,current_best
Mouse,POLYIC_20190612_polyic___E12_P1,y,6,4.999999925494195,0,0.20245511176255038,5,0.2000728862973761,-0.002382225465174276,5458,5488,current_best
Mouse,POLYIC_20190612_polyic___E12_P1,y,7,4.999999925494195,5,0.1656284353242946,0,0.16253644314868804,-0.0030919921756065727,5458,5488,current_best
Mouse,POLYIC_20190612_polyic___E12_P1,y,8,4.999999925494195,0,0.15665078783437156,1,0.19952623906705538,0.042875451232683826,5458,5488,current_best
Mouse,POLYIC_20190612_polyic___E12_P1,x,2,3.1999998807907124,0,0.5002565418163161,0,0.5038666022232963,0.003610060406980198,3898,4138,unetr_style
Mouse,POLYIC_20190612_polyic___E12_P1,x,3,3.1999998807907124,0,0.35146228835300153,0,0.3637022716288062,0.012239983275804667,3898,4138,unetr_style
Mouse,POLYIC_20190612_polyic___E12_P1,x,4,3.1999998807907124,2,0.25705489994869163,2,0.2624456259062349,0.005390725957543252,3898,4138,unetr_style
Mouse,POLYIC_20190612_polyic___E12_P1,x,5,3.1999998807907124,4,0.2047203694202155,3,0.21362977283711937,0.008909403416903883,3898,4138,unetr_style
Mouse,POLYIC_20190612_polyic___E12_P1,x,6,3.1999998807907124,3,0.18086198050282196,3,0.18680521991300145,0.0059432394101794905,3898,4138,unetr_style
Mouse,POLYIC_20190612_polyic___E12_P1,x,7,3.1999998807907124,5,0.15700359158542843,4,0.1553890768487192,-0.0016145147367092327,3898,4138,unetr_style
Mouse,POLYIC_20190612_polyic___E12_P1,x,8,3.1999998807907124,1,0.13648024628014366,7,0.13702271628806187,0.000542470007918211,3898,4138,unetr_style
Mouse,POLYIC_20190612_polyic___E12_P1,y,2,4.999999925494195,0,0.5229021619640895,1,0.5485209235209235,0.02561876155683407,5458,5544,unetr_style
Mouse,POLYIC_20190612_polyic___E12_P1,y,3,4.999999925494195,0,0.3525100769512642,2,0.3472222222222222,-0.005287854729041974,5458,5544,unetr_style
Mouse,POLYIC_20190612_polyic___E12_P1,y,4,4.999999925494195,0,0.2790399413704654,3,0.2748917748917749,-0.004148166478690485,5458,5544,unetr_style
Mouse,POLYIC_20190612_polyic___E12_P1,y,5,4.999999925494195,1,0.22224257969952363,0,0.33784271284271283,0.1156001331431892,5458,5544,unetr_style
Mouse,POLYIC_20190612_polyic___E12_P1,y,6,4.999999925494195,0,0.20245511176255038,5,0.19642857142857142,-0.0060265403339789525,5458,5544,unetr_style
Mouse,POLYIC_20190612_polyic___E12_P1,y,7,4.999999925494195,5,0.1656284353242946,2,0.16630591630591632,0.0006774809816217087,5458,5544,unetr_style
Mouse,POLYIC_20190612_polyic___E12_P1,y,8,4.999999925494195,0,0.15665078783437156,1,0.18668831168831168,0.030037523853940123,5458,5544,unetr_style
Mouse,POLYIC_20190612_polyic___E3_P1,x,2,3.1999998807907124,1,0.5082914572864322,0,0.5064870259481038,-0.001804431338328416,3980,4008,current_best
Mouse,POLYIC_20190612_polyic___E3_P1,x,3,3.1999998807907124,2,0.335929648241206,1,0.34780439121756485,0.01187474297635882,3980,4008,current_best
Mouse,POLYIC_20190612_polyic___E3_P1,x,4,3.1999998807907124,3,0.26105527638190956,2,0.2781936127744511,0.01713833639254153,3980,4008,current_best
Mouse,POLYIC_20190612_polyic___E3_P1,x,5,3.1999998807907124,4,0.20778894472361809,1,0.21706586826347304,0.009276923539854959,3980,4008,current_best
Mouse,POLYIC_20190612_polyic___E3_P1,x,6,3.1999998807907124,5,0.17386934673366833,4,0.17415169660678642,0.0002823498731180929,3980,4008,current_best
Mouse,POLYIC_20190612_polyic___E3_P1,x,7,3.1999998807907124,2,0.1615577889447236,2,0.1624251497005988,0.0008673607558751795,3980,4008,current_best
Mouse,POLYIC_20190612_polyic___E3_P1,x,8,3.1999998807907124,3,0.13668341708542714,6,0.14820359281437126,0.011520175728944121,3980,4008,current_best
Mouse,POLYIC_20190612_polyic___E3_P1,y,2,4.999999925494195,1,0.5107223476297968,1,0.540460282108389,0.029737934478592187,5316,5388,current_best
Mouse,POLYIC_20190612_polyic___E3_P1,y,3,4.999999925494195,2,0.3686982693754703,1,0.36247216035634744,-0.00622610901912285,5316,5388,current_best
Mouse,POLYIC_20190612_polyic___E3_P1,y,4,4.999999925494195,1,0.26072234762979685,3,0.2720861172976986,0.011363769667901757,5316,5388,current_best
Mouse,POLYIC_20190612_polyic___E3_P1,y,5,4.999999925494195,4,0.21557562076749437,0,0.3585746102449889,0.1429989894774945,5316,5388,current_best
Mouse,POLYIC_20190612_polyic___E3_P1,y,6,4.999999925494195,5,0.1969525959367946,5,0.20193021529324426,0.004977619356449664,5316,5388,current_best
Mouse,POLYIC_20190612_polyic___E3_P1,y,7,4.999999925494195,3,0.16102332580887885,3,0.18596881959910913,0.024945493790230283,5316,5388,current_best
Mouse,POLYIC_20190612_polyic___E3_P1,y,8,4.999999925494195,7,0.145221971407073,7,0.20452858203414997,0.05930661062707698,5316,5388,current_best
Mouse,POLYIC_20190612_polyic___E3_P1,x,2,3.1999998807907124,1,0.5082914572864322,0,0.5079212674027844,-0.0003701898836477868,3980,4166,unetr_style
Mouse,POLYIC_20190612_polyic___E3_P1,x,3,3.1999998807907124,2,0.335929648241206,0,0.3418146903504561,0.0058850421092500604,3980,4166,unetr_style
Mouse,POLYIC_20190612_polyic___E3_P1,x,4,3.1999998807907124,3,0.26105527638190956,2,0.2705232837253961,0.009468007343486518,3980,4166,unetr_style
Mouse,POLYIC_20190612_polyic___E3_P1,x,5,3.1999998807907124,4,0.20778894472361809,0,0.20691310609697552,-0.0008758386266425611,3980,4166,unetr_style
Mouse,POLYIC_20190612_polyic___E3_P1,x,6,3.1999998807907124,5,0.17386934673366833,0,0.17186749879980798,-0.002001847933860351,3980,4166,unetr_style
Mouse,POLYIC_20190612_polyic___E3_P1,x,7,3.1999998807907124,2,0.1615577889447236,2,0.16466634661545848,0.0031085576707348683,3980,4166,unetr_style
Mouse,POLYIC_20190612_polyic___E3_P1,x,8,3.1999998807907124,3,0.13668341708542714,6,0.14306289006241,0.006379472976982853,3980,4166,unetr_style
Mouse,POLYIC_20190612_polyic___E3_P1,y,2,4.999999925494195,1,0.5107223476297968,1,0.5583209509658247,0.047598603336027834,5316,5384,unetr_style
Mouse,POLYIC_20190612_polyic___E3_P1,y,3,4.999999925494195,2,0.3686982693754703,1,0.3664561664190193,-0.0022421029564509976,5316,5384,unetr_style
Mouse,POLYIC_20190612_polyic___E3_P1,y,4,4.999999925494195,1,0.26072234762979685,3,0.2825037147102526,0.02178136708045575,5316,5384,unetr_style
Mouse,POLYIC_20190612_polyic___E3_P1,y,5,4.999999925494195,4,0.21557562076749437,3,0.3423105497771174,0.12673492900962302,5316,5384,unetr_style
Mouse,POLYIC_20190612_polyic___E3_P1,y,6,4.999999925494195,5,0.1969525959367946,5,0.2160104011887073,0.019057805251912696,5316,5384,unetr_style
Mouse,POLYIC_20190612_polyic___E3_P1,y,7,4.999999925494195,3,0.16102332580887885,3,0.17310549777117384,0.012082171962294996,5316,5384,unetr_style
Mouse,POLYIC_20190612_polyic___E3_P1,y,8,4.999999925494195,7,0.145221971407073,7,0.1989227340267459,0.05370076261967291,5316,5384,unetr_style
Mouse,POLYIC_20190612_polyic___E3_P1_1,x,2,3.1999998807907124,0,0.5053763440860215,0,0.5032861476238625,-0.002090196462159022,3906,3956,current_best
Mouse,POLYIC_20190612_polyic___E3_P1_1,x,3,3.1999998807907124,1,0.3420378904249872,1,0.33998988877654196,-0.0020480016484452634,3906,3956,current_best
Mouse,POLYIC_20190612_polyic___E3_P1_1,x,4,3.1999998807907124,0,0.2721454173067076,2,0.25353892821031343,-0.018606489096394174,3906,3956,current_best
Mouse,POLYIC_20190612_polyic___E3_P1_1,x,5,3.1999998807907124,0,0.2078853046594982,2,0.20879676440849343,0.0009114597489952303,3906,3956,current_best
Mouse,POLYIC_20190612_polyic___E3_P1_1,x,6,3.1999998807907124,2,0.17665130568356374,1,0.17416582406471184,-0.002485481618851898,3906,3956,current_best
Mouse,POLYIC_20190612_polyic___E3_P1_1,x,7,3.1999998807907124,0,0.1538658474142345,6,0.16102123356926187,0.007155386155027366,3906,3956,current_best
Mouse,POLYIC_20190612_polyic___E3_P1_1,x,8,3.1999998807907124,4,0.13645673323092677,2,0.13119312436804853,-0.005263608862878244,3906,3956,current_best
Mouse,POLYIC_20190612_polyic___E3_P1_1,y,2,4.999999925494195,0,0.506632277081798,0,0.5156991602774735,0.009066883195675501,5428,5478,current_best
Mouse,POLYIC_20190612_polyic___E3_P1_1,y,3,4.999999925494195,0,0.34579955784819455,2,0.35669952537422417,0.01089996752602962,5428,5478,current_best
Mouse,POLYIC_20190612_polyic___E3_P1_1,y,4,4.999999925494195,2,0.26160648489314664,2,0.26816356334428626,0.00655707845113962,5428,5478,current_best
Mouse,POLYIC_20190612_polyic___E3_P1_1,y,5,4.999999925494195,3,0.22512896094325718,3,0.3368017524644031,0.1116727915211459,5428,5478,current_best
Mouse,POLYIC_20190612_polyic___E3_P1_1,y,6,4.999999925494195,3,0.183861459100958,2,0.19350127783862722,0.009639818737669226,5428,5478,current_best
Mouse,POLYIC_20190612_polyic___E3_P1_1,y,7,4.999999925494195,1,0.1575165806927045,0,0.17981014968966777,0.022293568996963276,5428,5478,current_best
Mouse,POLYIC_20190612_polyic___E3_P1_1,y,8,4.999999925494195,2,0.1331982313927782,1,0.19058050383351588,0.05738227244073768,5428,5478,current_best
Mouse,POLYIC_20190612_polyic___E3_P1_1,x,2,3.1999998807907124,0,0.5053763440860215,0,0.5082165297245046,0.002840185638483095,3906,4138,unetr_style
Mouse,POLYIC_20190612_polyic___E3_P1_1,x,3,3.1999998807907124,1,0.3420378904249872,1,0.3407443209279845,-0.0012935694970027112,3906,4138,unetr_style
Mouse,POLYIC_20190612_polyic___E3_P1_1,x,4,3.1999998807907124,0,0.2721454173067076,0,0.26051232479458675,-0.011633092512120857,3906,4138,unetr_style
Mouse,POLYIC_20190612_polyic___E3_P1_1,x,5,3.1999998807907124,0,0.2078853046594982,1,0.20613823102948284,-0.001747073630015361,3906,4138,unetr_style
Mouse,POLYIC_20190612_polyic___E3_P1_1,x,6,3.1999998807907124,2,0.17665130568356374,4,0.17327211213146448,-0.0033791935520992578,3906,4138,unetr_style
Mouse,POLYIC_20190612_polyic___E3_P1_1,x,7,3.1999998807907124,0,0.1538658474142345,1,0.1636056065732238,0.00973975915898928,3906,4138,unetr_style
Mouse,POLYIC_20190612_polyic___E3_P1_1,x,8,3.1999998807907124,4,0.13645673323092677,1,0.1416143064282262,0.005157573197299425,3906,4138,unetr_style
Mouse,POLYIC_20190612_polyic___E3_P1_1,y,2,4.999999925494195,0,0.506632277081798,0,0.5130766436614602,0.006444366579662186,5428,5506,unetr_style
Mouse,POLYIC_20190612_polyic___E3_P1_1,y,3,4.999999925494195,0,0.34579955784819455,2,0.36632764257173994,0.020528084723545392,5428,5506,unetr_style
Mouse,POLYIC_20190612_polyic___E3_P1_1,y,4,4.999999925494195,2,0.26160648489314664,2,0.2695241554667635,0.007917670573616864,5428,5506,unetr_style
Mouse,POLYIC_20190612_polyic___E3_P1_1,y,5,4.999999925494195,3,0.22512896094325718,3,0.35524881946966946,0.13011985852641228,5428,5506,unetr_style
Mouse,POLYIC_20190612_polyic___E3_P1_1,y,6,4.999999925494195,3,0.183861459100958,2,0.20196149654921902,0.018100037448261025,5428,5506,unetr_style
Mouse,POLYIC_20190612_polyic___E3_P1_1,y,7,4.999999925494195,1,0.1575165806927045,0,0.19378859426080638,0.03627201356810189,5428,5506,unetr_style
Mouse,POLYIC_20190612_polyic___E3_P1_1,y,8,4.999999925494195,2,0.1331982313927782,1,0.17889575009081002,0.04569751869803182,5428,5506,unetr_style
Mouse,POLYIC_20190612_polyic___E3_P1_2,x,2,3.1999998807907124,1,0.5095311695002576,0,0.5043973098810139,-0.005133859619243619,3882,3866,current_best
Mouse,POLYIC_20190612_polyic___E3_P1_2,x,3,3.1999998807907124,1,0.34028851107676455,2,0.342731505431971,0.0024429943552064515,3882,3866,current_best
Mouse,POLYIC_20190612_polyic___E3_P1_2,x,4,3.1999998807907124,3,0.2691911385883565,2,0.260475944128298,-0.008715194460058528,3882,3866,current_best
Mouse,POLYIC_20190612_polyic___E3_P1_2,x,5,3.1999998807907124,4,0.21432251416795467,3,0.20874288670460425,-0.005579627463350417,3882,3866,current_best
Mouse,POLYIC_20190612_polyic___E3_P1_2,x,6,3.1999998807907124,4,0.1736218444100979,5,0.17640972581479566,0.0027878814046977674,3882,3866,current_best
Mouse,POLYIC_20190612_polyic___E3_P1_2,x,7,3.1999998807907124,6,0.157908294693457,5,0.1645111226073461,0.006602827913889109,3882,3866,current_best
Mouse,POLYIC_20190612_polyic___E3_P1_2,x,8,3.1999998807907124,7,0.13523956723338484,6,0.1347646145887222,-0.0004749526446626573,3882,3866,current_best
Mouse,POLYIC_20190612_polyic___E3_P1_2,y,2,4.999999925494195,1,0.5003765060240963,0,0.537714712471994,0.03733820644789765,5312,5356,current_best
Mouse,POLYIC_20190612_polyic___E3_P1_2,y,3,4.999999925494195,1,0.35033885542168675,1,0.37509335324869303,0.024754497827006283,5312,5356,current_best
Mouse,POLYIC_20190612_polyic___E3_P1_2,y,4,4.999999925494195,2,0.25432981927710846,0,0.28864824495892455,0.03431842568181609,5312,5356,current_best
Mouse,POLYIC_20190612_polyic___E3_P1_2,y,5,4.999999925494195,1,0.24021084337349397,3,0.3427931292008962,0.10258228582740225,5312,5356,current_best
Mouse,POLYIC_20190612_polyic___E3_P1_2,y,6,4.999999925494195,1,0.17789909638554216,4,0.2210604929051531,0.04316139651961093,5312,5356,current_best
Mouse,POLYIC_20190612_polyic___E3_P1_2,y,7,4.999999925494195,0,0.16453313253012047,1,0.15776699029126215,-0.006766142238858325,5312,5356,current_best
Mouse,POLYIC_20190612_polyic___E3_P1_2,y,8,4.999999925494195,3,0.14966114457831325,4,0.20108289768483945,0.05142175310652619,5312,5356,current_best
Mouse,POLYIC_20190612_polyic___E3_P1_2,x,2,3.1999998807907124,1,0.5095311695002576,1,0.5136071251855517,0.004075955685294175,3882,4042,unetr_style
Mouse,POLYIC_20190612_polyic___E3_P1_2,x,3,3.1999998807907124,1,0.34028851107676455,0,0.34809500247402275,0.007806491397258197,3882,4042,unetr_style
Mouse,POLYIC_20190612_polyic___E3_P1_2,x,4,3.1999998807907124,3,0.2691911385883565,3,0.26843146956952,-0.0007596690188365063,3882,4042,unetr_style
Mouse,POLYIC_20190612_polyic___E3_P1_2,x,5,3.1999998807907124,4,0.21432251416795467,0,0.20930232558139536,-0.00502018858655931,3882,4042,unetr_style
Mouse,POLYIC_20190612_polyic___E3_P1_2,x,6,3.1999998807907124,4,0.1736218444100979,3,0.1793666501731816,0.005744805763083699,3882,4042,unetr_style
Mouse,POLYIC_20190612_polyic___E3_P1_2,x,7,3.1999998807907124,6,0.157908294693457,6,0.15734784760019793,-0.0005604470932590588,3882,4042,unetr_style
Mouse,POLYIC_20190612_polyic___E3_P1_2,x,8,3.1999998807907124,7,0.13523956723338484,3,0.136318654131618,0.0010790868982331614,3882,4042,unetr_style
Mouse,POLYIC_20190612_polyic___E3_P1_2,y,2,4.999999925494195,1,0.5003765060240963,0,0.5309373842163765,0.03056087819228015,5312,5398,unetr_style
Mouse,POLYIC_20190612_polyic___E3_P1_2,y,3,4.999999925494195,1,0.35033885542168675,1,0.3684698036309744,0.01813094820928768,5312,5398,unetr_style
Mouse,POLYIC_20190612_polyic___E3_P1_2,y,4,4.999999925494195,2,0.25432981927710846,0,0.2760281585772508,0.021698339300142366,5312,5398,unetr_style
Mouse,POLYIC_20190612_polyic___E3_P1_2,y,5,4.999999925494195,1,0.24021084337349397,0,0.35253797702852907,0.1123271336550351,5312,5398,unetr_style
Mouse,POLYIC_20190612_polyic___E3_P1_2,y,6,4.999999925494195,1,0.17789909638554216,4,0.21230085216746944,0.03440175578192728,5312,5398,unetr_style
Mouse,POLYIC_20190612_polyic___E3_P1_2,y,7,4.999999925494195,0,0.16453313253012047,1,0.1695072248981104,0.00497409236798993,5312,5398,unetr_style
Mouse,POLYIC_20190612_polyic___E3_P1_2,y,8,4.999999925494195,3,0.14966114457831325,4,0.1998888477213783,0.050227703143065044,5312,5398,unetr_style
Mouse,POLYIC_20190612_polyic___E3_P1_3,x,2,3.1999998807907124,0,0.5095508518327311,0,0.5080394190871369,-0.0015114327455941767,3874,3856,current_best
Mouse,POLYIC_20190612_polyic___E3_P1_3,x,3,3.1999998807907124,2,0.3435725348477026,2,0.3516597510373444,0.00808721618964181,3874,3856,current_best
Mouse,POLYIC_20190612_polyic___E3_P1_3,x,4,3.1999998807907124,2,0.2607124419204956,2,0.2595954356846473,-0.0011170062358482613,3874,3856,current_best
Mouse,POLYIC_20190612_polyic___E3_P1_3,x,5,3.1999998807907124,3,0.2106350025813113,1,0.21732365145228216,0.00668864887097087,3874,3856,current_best
Mouse,POLYIC_20190612_polyic___E3_P1_3,x,6,3.1999998807907124,5,0.18172431595250388,5,0.18724066390041494,0.00551634794791106,3874,3856,current_best
Mouse,POLYIC_20190612_polyic___E3_P1_3,x,7,3.1999998807907124,3,0.1590087764584409,3,0.1600103734439834,0.0010015969855425022,3874,3856,current_best
Mouse,POLYIC_20190612_polyic___E3_P1_3,x,8,3.1999998807907124,2,0.14352090862157976,1,0.14393153526970953,0.00041062664812976934,3874,3856,current_best
Mouse,POLYIC_20190612_polyic___E3_P1_3,y,2,4.999999925494195,0,0.5051078320090806,0,0.5405153099327856,0.03540747792370502,5286,5356,current_best
Mouse,POLYIC_20190612_polyic___E3_P1_3,y,3,4.999999925494195,0,0.34808929247067727,0,0.3928304705003734,0.04474117802969613,5286,5356,current_best
Mouse,POLYIC_20190612_polyic___E3_P1_3,y,4,4.999999925494195,2,0.2616345062429058,0,0.28416728902165794,0.022532782778752147,5286,5356,current_best
Mouse,POLYIC_20190612_polyic___E3_P1_3,y,5,4.999999925494195,4,0.2132046916382898,3,0.3554891710231516,0.14228447938486177,5286,5356,current_best
Mouse,POLYIC_20190612_polyic___E3_P1_3,y,6,4.999999925494195,4,0.17896329928111995,4,0.20238984316654218,0.02342654388542223,5286,5356,current_best
Mouse,POLYIC_20190612_polyic___E3_P1_3,y,7,4.999999925494195,3,0.18671963677639047,2,0.1796116504854369,-0.007107986290953577,5286,5356,current_best
Mouse,POLYIC_20190612_polyic___E3_P1_3,y,8,4.999999925494195,6,0.15966704502459325,4,0.19454817027632562,0.03488112525173237,5286,5356,current_best
Mouse,POLYIC_20190612_polyic___E3_P1_3,x,2,3.1999998807907124,0,0.5095508518327311,0,0.5138271604938272,0.004276308661096073,3874,4050,unetr_style
Mouse,POLYIC_20190612_polyic___E3_P1_3,x,3,3.1999998807907124,2,0.3435725348477026,0,0.3469135802469136,0.0033410453992109845,3874,4050,unetr_style
Mouse,POLYIC_20190612_polyic___E3_P1_3,x,4,3.1999998807907124,2,0.2607124419204956,2,0.2590123456790123,-0.001700096241483262,3874,4050,unetr_style
Mouse,POLYIC_20190612_polyic___E3_P1_3,x,5,3.1999998807907124,3,0.2106350025813113,3,0.22592592592592592,0.015290923344614626,3874,4050,unetr_style
Mouse,POLYIC_20190612_polyic___E3_P1_3,x,6,3.1999998807907124,5,0.18172431595250388,0,0.18567901234567902,0.003954696393175139,3874,4050,unetr_style
Mouse,POLYIC_20190612_polyic___E3_P1_3,x,7,3.1999998807907124,3,0.1590087764584409,3,0.16123456790123455,0.0022257914427936676,3874,4050,unetr_style
Mouse,POLYIC_20190612_polyic___E3_P1_3,x,8,3.1999998807907124,2,0.14352090862157976,2,0.13703703703703704,-0.006483871584542722,3874,4050,unetr_style
Mouse,POLYIC_20190612_polyic___E3_P1_3,y,2,4.999999925494195,0,0.5051078320090806,0,0.5368791697553743,0.031771337746293704,5286,5396,unetr_style
Mouse,POLYIC_20190612_polyic___E3_P1_3,y,3,4.999999925494195,0,0.34808929247067727,0,0.38750926612305414,0.03941997365237687,5286,5396,unetr_style
Mouse,POLYIC_20190612_polyic___E3_P1_3,y,4,4.999999925494195,2,0.2616345062429058,0,0.29040029651593774,0.028765790273031944,5286,5396,unetr_style
Mouse,POLYIC_20190612_polyic___E3_P1_3,y,5,4.999999925494195,4,0.2132046916382898,2,0.34951816160118604,0.13631346996289623,5286,5396,unetr_style
Mouse,POLYIC_20190612_polyic___E3_P1_3,y,6,4.999999925494195,4,0.17896329928111995,3,0.20533728687916974,0.026373987598049792,5286,5396,unetr_style
Mouse,POLYIC_20190612_polyic___E3_P1_3,y,7,4.999999925494195,3,0.18671963677639047,2,0.16586360266864345,-0.02085603410774703,5286,5396,unetr_style
Mouse,POLYIC_20190612_polyic___E3_P1_3,y,8,4.999999925494195,6,0.15966704502459325,4,0.19551519644180876,0.03584815141721551,5286,5396,unetr_style
Mouse,POLYIC_20190612_polyic___E3_P1_4,x,2,3.1999998807907124,1,0.5167871900826446,0,0.51171875,-0.005068440082644621,3872,3840,current_best
Mouse,POLYIC_20190612_polyic___E3_P1_4,x,3,3.1999998807907124,1,0.34581611570247933,2,0.34713541666666664,0.0013193009641873088,3872,3840,current_best
Mouse,POLYIC_20190612_polyic___E3_P1_4,x,4,3.1999998807907124,3,0.265754132231405,0,0.26015625,-0.005597882231405005,3872,3840,current_best
Mouse,POLYIC_20190612_polyic___E3_P1_4,x,5,3.1999998807907124,1,0.21074380165289255,1,0.21041666666666667,-0.00032713498622588544,3872,3840,current_best
Mouse,POLYIC_20190612_polyic___E3_P1_4,x,6,3.1999998807907124,3,0.1846590909090909,2,0.17578125,-0.008877840909090912,3872,3840,current_best
Mouse,POLYIC_20190612_polyic___E3_P1_4,x,7,3.1999998807907124,4,0.16451446280991736,4,0.16197916666666667,-0.0025352961432506815,3872,3840,current_best
Mouse,POLYIC_20190612_polyic___E3_P1_4,x,8,3.1999998807907124,7,0.14514462809917356,1,0.13854166666666667,-0.006602961432506882,3872,3840,current_best
Mouse,POLYIC_20190612_polyic___E3_P1_4,y,2,4.999999925494195,1,0.5001888217522659,1,0.5470260223048327,0.04683720055256679,5296,5380,current_best
Mouse,POLYIC_20190612_polyic___E3_P1_4,y,3,4.999999925494195,0,0.35139728096676737,1,0.35055762081784386,-0.0008396601489235045,5296,5380,current_best
Mouse,POLYIC_20190612_polyic___E3_P1_4,y,4,4.999999925494195,2,0.2617069486404834,1,0.287546468401487,0.025839519761003626,5296,5380,current_best
Mouse,POLYIC_20190612_polyic___E3_P1_4,y,5,4.999999925494195,3,0.21695619335347432,2,0.35185873605947954,0.1349025427060052,5296,5380,current_best
Mouse,POLYIC_20190612_polyic___E3_P1_4,y,6,4.999999925494195,0,0.19373111782477342,1,0.20074349442379183,0.007012376599018405,5296,5380,current_best
Mouse,POLYIC_20190612_polyic___E3_P1_4,y,7,4.999999925494195,6,0.16389728096676737,0,0.1737918215613383,0.009894540594570927,5296,5380,current_best
Mouse,POLYIC_20190612_polyic___E3_P1_4,y,8,4.999999925494195,1,0.15351208459214502,1,0.22992565055762082,0.0764135659654758,5296,5380,current_best
Mouse,POLYIC_20190612_polyic___E3_P1_4,x,2,3.1999998807907124,1,0.5167871900826446,0,0.5022321428571429,-0.014555047225501716,3872,4032,unetr_style
Mouse,POLYIC_20190612_polyic___E3_P1_4,x,3,3.1999998807907124,1,0.34581611570247933,1,0.3345734126984127,-0.011242703004066656,3872,4032,unetr_style
Mouse,POLYIC_20190612_polyic___E3_P1_4,x,4,3.1999998807907124,3,0.265754132231405,2,0.2544642857142857,-0.011289846517119284,3872,4032,unetr_style
Mouse,POLYIC_20190612_polyic___E3_P1_4,x,5,3.1999998807907124,1,0.21074380165289255,0,0.21155753968253968,0.0008137380296471264,3872,4032,unetr_style
Mouse,POLYIC_20190612_polyic___E3_P1_4,x,6,3.1999998807907124,3,0.1846590909090909,4,0.17782738095238096,-0.006831709956709953,3872,4032,unetr_style
Mouse,POLYIC_20190612_polyic___E3_P1_4,x,7,3.1999998807907124,4,0.16451446280991736,4,0.16666666666666666,0.002152203856749302,3872,4032,unetr_style
Mouse,POLYIC_20190612_polyic___E3_P1_4,x,8,3.1999998807907124,7,0.14514462809917356,6,0.140625,-0.004519628099173556,3872,4032,unetr_style
Mouse,POLYIC_20190612_polyic___E3_P1_4,y,2,4.999999925494195,1,0.5001888217522659,1,0.5575791022810891,0.05739028052882322,5296,5436,unetr_style
Mouse,POLYIC_20190612_polyic___E3_P1_4,y,3,4.999999925494195,0,0.35139728096676737,1,0.35467255334805003,0.003275272381282668,5296,5436,unetr_style
Mouse,POLYIC_20190612_polyic___E3_P1_4,y,4,4.999999925494195,2,0.2617069486404834,1,0.30960264900662254,0.04789570036613916,5296,5436,unetr_style
Mouse,POLYIC_20190612_polyic___E3_P1_4,y,5,4.999999925494195,3,0.21695619335347432,2,0.351177336276674,0.1342211429231997,5296,5436,unetr_style
Mouse,POLYIC_20190612_polyic___E3_P1_4,y,6,4.999999925494195,0,0.19373111782477342,1,0.20253863134657837,0.00880751352180495,5296,5436,unetr_style
Mouse,POLYIC_20190612_polyic___E3_P1_4,y,7,4.999999925494195,6,0.16389728096676737,6,0.17016188373804267,0.006264602771275302,5296,5436,unetr_style
Mouse,POLYIC_20190612_polyic___E3_P1_4,y,8,4.999999925494195,1,0.15351208459214502,1,0.22626931567328917,0.07275723108114415,5296,5436,unetr_style
Mouse,POLYIC_20190614_polyic___E3_P1,x,2,3.1999998807907124,0,0.5055499495459133,0,0.50075,-0.004799949545913229,3964,4000,current_best
Mouse,POLYIC_20190614_polyic___E3_P1,x,3,3.1999998807907124,0,0.3360242179616549,2,0.3375,0.0014757820383451414,3964,4000,current_best
Mouse,POLYIC_20190614_polyic___E3_P1,x,4,3.1999998807907124,0,0.2626135216952573,3,0.2565,-0.006113521695257307,3964,4000,current_best
Mouse,POLYIC_20190614_polyic___E3_P1,x,5,3.1999998807907124,4,0.21619576185671038,4,0.2195,0.0033042381432896173,3964,4000,current_best
Mouse,POLYIC_20190614_polyic___E3_P1,x,6,3.1999998807907124,1,0.17734611503531786,1,0.17725,-9.611503531786747e-05,3964,4000,current_best
Mouse,POLYIC_20190614_polyic___E3_P1,x,7,3.1999998807907124,6,0.16321897073662966,6,0.1635,0.0002810292633703415,3964,4000,current_best
Mouse,POLYIC_20190614_polyic___E3_P1,x,8,3.1999998807907124,4,0.13420787083753785,3,0.143,0.008792129162462137,3964,4000,current_best
Mouse,POLYIC_20190614_polyic___E3_P1,y,2,4.999999925494195,0,0.5027462467960454,1,0.55468465184105,0.051938405045004576,5462,5486,current_best
Mouse,POLYIC_20190614_polyic___E3_P1,y,3,4.999999925494195,2,0.34328084950567556,2,0.3829748450601531,0.03969399555447756,5462,5486,current_best
Mouse,POLYIC_20190614_polyic___E3_P1,y,4,4.999999925494195,2,0.25851336506774075,1,0.2918337586584032,0.03332039359066247,5462,5486,current_best
Mouse,POLYIC_20190614_polyic___E3_P1,y,5,4.999999925494195,3,0.2255584035151959,3,0.34433102442581115,0.11877262091061525,5462,5486,current_best
Mouse,POLYIC_20190614_polyic___E3_P1,y,6,4.999999925494195,2,0.17777370926400585,3,0.2110827561064528,0.033309046842446954,5462,5486,current_best
Mouse,POLYIC_20190614_polyic___E3_P1,y,7,4.999999925494195,0,0.18454778469425118,0,0.16423623769595333,-0.020311546998297847,5462,5486,current_best
Mouse,POLYIC_20190614_polyic___E3_P1,y,8,4.999999925494195,2,0.1508604906627609,1,0.2010572366022603,0.05019674593949941,5462,5486,current_best
Mouse,POLYIC_20190614_polyic___E3_P1,x,2,3.1999998807907124,0,0.5055499495459133,0,0.5007320644216691,-0.004817885124244192,3964,4098,unetr_style
Mouse,POLYIC_20190614_polyic___E3_P1,x,3,3.1999998807907124,0,0.3360242179616549,2,0.3384577842850171,0.002433566323362224,3964,4098,unetr_style
Mouse,POLYIC_20190614_polyic___E3_P1,x,4,3.1999998807907124,0,0.2626135216952573,3,0.2654953635919961,0.0028818418967387904,3964,4098,unetr_style
Mouse,POLYIC_20190614_polyic___E3_P1,x,5,3.1999998807907124,4,0.21619576185671038,0,0.20790629575402636,-0.008289466102684023,3964,4098,unetr_style
Mouse,POLYIC_20190614_polyic___E3_P1,x,6,3.1999998807907124,1,0.17734611503531786,1,0.1800878477306003,0.0027417326952824395,3964,4098,unetr_style
Mouse,POLYIC_20190614_polyic___E3_P1,x,7,3.1999998807907124,6,0.16321897073662966,6,0.16325036603221083,3.1395295581160276e-05,3964,4098,unetr_style
Mouse,POLYIC_20190614_polyic___E3_P1,x,8,3.1999998807907124,4,0.13420787083753785,3,0.1408003904343582,0.006592519596820362,3964,4098,unetr_style
Mouse,POLYIC_20190614_polyic___E3_P1,y,2,4.999999925494195,0,0.5027462467960454,1,0.5622489959839357,0.059502749187890336,5462,5478,unetr_style
Mouse,POLYIC_20190614_polyic___E3_P1,y,3,4.999999925494195,2,0.34328084950567556,2,0.35870755750273825,0.015426707997062694,5462,5478,unetr_style
Mouse,POLYIC_20190614_polyic___E3_P1,y,4,4.999999925494195,2,0.25851336506774075,1,0.3103322380430814,0.05181887297534066,5462,5478,unetr_style
Mouse,POLYIC_20190614_polyic___E3_P1,y,5,4.999999925494195,3,0.2255584035151959,2,0.33917488134355606,0.11361647782836015,5462,5478,unetr_style
Mouse,POLYIC_20190614_polyic___E3_P1,y,6,4.999999925494195,2,0.17777370926400585,3,0.21285140562248997,0.03507769635848412,5462,5478,unetr_style
Mouse,POLYIC_20190614_polyic___E3_P1,y,7,4.999999925494195,0,0.18454778469425118,6,0.17433369843008398,-0.0102140862641672,5462,5478,unetr_style
Mouse,POLYIC_20190614_polyic___E3_P1,y,8,4.999999925494195,2,0.1508604906627609,1,0.21467688937568455,0.06381639871292366,5462,5478,unetr_style
Mouse,POLYIC_20190614_polyic___E3_P1_1,x,2,3.1999998807907124,0,0.5,1,0.5118129218900676,0.011812921890067551,4142,4148,current_best
Mouse,POLYIC_20190614_polyic___E3_P1_1,x,3,3.1999998807907124,0,0.34282955094157413,1,0.34185149469623916,-0.0009780562453349795,4142,4148,current_best
Mouse,POLYIC_20190614_polyic___E3_P1_1,x,4,3.1999998807907124,3,0.26050217286335103,1,0.26325940212150434,0.0027572292581533042,4142,4148,current_best
Mouse,POLYIC_20190614_polyic___E3_P1_1,x,5,3.1999998807907124,3,0.21173346209560598,2,0.21552555448408872,0.003792092388482743,4142,4148,current_best
Mouse,POLYIC_20190614_polyic___E3_P1_1,x,6,3.1999998807907124,3,0.1731047802993723,4,0.17430086788813887,0.0011960875887665756,4142,4148,current_best
Mouse,POLYIC_20190614_polyic___E3_P1_1,x,7,3.1999998807907124,1,0.1571704490584259,1,0.15718418514946964,1.3736091043742293e-05,4142,4148,current_best
Mouse,POLYIC_20190614_polyic___E3_P1_1,x,8,3.1999998807907124,4,0.1417189763399324,2,0.1410318225650916,-0.0006871537748407985,4142,4148,current_best
Mouse,POLYIC_20190614_polyic___E3_P1_1,y,2,4.999999925494195,0,0.515011119347665,1,0.5586499446698635,0.04363882532219854,5396,5422,current_best
Mouse,POLYIC_20190614_polyic___E3_P1_1,y,3,4.999999925494195,0,0.33821349147516677,2,0.3600147547030616,0.02180126322789483,5396,5422,current_best
Mouse,POLYIC_20190614_polyic___E3_P1_1,y,4,4.999999925494195,2,0.2629725722757598,1,0.2938030247141276,0.030830452438367795,5396,5422,current_best
Mouse,POLYIC_20190614_polyic___E3_P1_1,y,5,4.999999925494195,1,0.21830985915492956,2,0.3450756178531907,0.12676575869826112,5396,5422,current_best
Mouse,POLYIC_20190614_polyic___E3_P1_1,y,6,4.999999925494195,0,0.17920681986656783,5,0.18720029509406122,0.007993475227493385,5396,5422,current_best
Mouse,POLYIC_20190614_polyic___E3_P1_1,y,7,4.999999925494195,5,0.16215715344699777,4,0.16451493913684986,0.0023577856898520932,5396,5422,current_best
Mouse,POLYIC_20190614_polyic___E3_P1_1,y,8,4.999999925494195,0,0.14733135656041513,1,0.2032460346735522,0.05591467811313708,5396,5422,current_best
Mouse,POLYIC_20190614_polyic___E3_P1_1,x,2,3.1999998807907124,0,0.5,0,0.5,0.0,4142,4286,unetr_style
Mouse,POLYIC_20190614_polyic___E3_P1_1,x,3,3.1999998807907124,0,0.34282955094157413,2,0.34694353709752684,0.004113986155952709,4142,4286,unetr_style
Mouse,POLYIC_20190614_polyic___E3_P1_1,x,4,3.1999998807907124,3,0.26050217286335103,3,0.25758282781147923,-0.0029193450518718023,4142,4286,unetr_style
Mouse,POLYIC_20190614_polyic___E3_P1_1,x,5,3.1999998807907124,3,0.21173346209560598,2,0.20765282314512365,-0.004080638950482329,4142,4286,unetr_style
Mouse,POLYIC_20190614_polyic___E3_P1_1,x,6,3.1999998807907124,3,0.1731047802993723,4,0.17475501633224452,0.001650236032872232,4142,4286,unetr_style
Mouse,POLYIC_20190614_polyic___E3_P1_1,x,7,3.1999998807907124,1,0.1571704490584259,1,0.15212319178721417,-0.005047257271211719,4142,4286,unetr_style
Mouse,POLYIC_20190614_polyic___E3_P1_1,x,8,3.1999998807907124,4,0.1417189763399324,4,0.14022398506766215,-0.001494991272270263,4142,4286,unetr_style
Mouse,POLYIC_20190614_polyic___E3_P1_1,y,2,4.999999925494195,0,0.515011119347665,1,0.5634452231648838,0.0484341038172188,5396,5422,unetr_style
Mouse,POLYIC_20190614_polyic___E3_P1_1,y,3,4.999999925494195,0,0.33821349147516677,2,0.3618590925857617,0.023645601110594938,5396,5422,unetr_style
Mouse,POLYIC_20190614_polyic___E3_P1_1,y,4,4.999999925494195,2,0.2629725722757598,1,0.299520472150498,0.036547899874738166,5396,5422,unetr_style
Mouse,POLYIC_20190614_polyic___E3_P1_1,y,5,4.999999925494195,1,0.21830985915492956,0,0.33400959055699003,0.11569973140206047,5396,5422,unetr_style
Mouse,POLYIC_20190614_polyic___E3_P1_1,y,6,4.999999925494195,0,0.17920681986656783,3,0.19439321283659167,0.015186392970023832,5396,5422,unetr_style
Mouse,POLYIC_20190614_polyic___E3_P1_1,y,7,4.999999925494195,5,0.16215715344699777,4,0.16156399852452968,-0.0005931549224680865,5396,5422,unetr_style
Mouse,POLYIC_20190614_polyic___E3_P1_1,y,8,4.999999925494195,0,0.14733135656041513,1,0.19605311693102176,0.04872176037060663,5396,5422,unetr_style
Mouse,POLYIC_20190614_polyic___E3_P1_3,x,2,3.1999998807907124,0,0.5045982575024202,1,0.5052556139512662,0.0006573564488460137,4132,4186,current_best
Mouse,POLYIC_20190614_polyic___E3_P1_3,x,3,3.1999998807907124,1,0.340513068731849,2,0.3456760630673674,0.005162994335518423,4132,4186,current_best
Mouse,POLYIC_20190614_polyic___E3_P1_3,x,4,3.1999998807907124,0,0.2596805421103582,3,0.2544194935499283,-0.00526104856042986,4132,4186,current_best
Mouse,POLYIC_20190614_polyic___E3_P1_3,x,5,3.1999998807907124,2,0.207405614714424,0,0.20926899187768752,0.0018633771632635132,4132,4186,current_best
Mouse,POLYIC_20190614_polyic___E3_P1_3,x,6,3.1999998807907124,1,0.1749757986447241,2,0.17654085045389392,0.0015650518091698262,4132,4186,current_best
Mouse,POLYIC_20190614_polyic___E3_P1_3,x,7,3.1999998807907124,0,0.14666021297192644,0,0.16244624940277114,0.015786036430844697,4132,4186,current_best
Mouse,POLYIC_20190614_polyic___E3_P1_3,x,8,3.1999998807907124,4,0.12996127783155856,7,0.13210702341137123,0.0021457455798126746,4132,4186,current_best
Mouse,POLYIC_20190614_polyic___E3_P1_3,y,2,4.999999925494195,0,0.503968253968254,1,0.5073033707865169,0.0033351168182629287,5292,5340,current_best
Mouse,POLYIC_20190614_polyic___E3_P1_3,y,3,4.999999925494195,0,0.33843537414965985,0,0.33951310861423223,0.0010777344645723774,5292,5340,current_best
Mouse,POLYIC_20190614_polyic___E3_P1_3,y,4,4.999999925494195,2,0.25321239606953894,0,0.26910112359550564,0.015888727525966706,5292,5340,current_best
Mouse,POLYIC_20190614_polyic___E3_P1_3,y,5,4.999999925494195,1,0.21863189720332576,0,0.350187265917603,0.13155536871427725,5292,5340,current_best
Mouse,POLYIC_20190614_polyic___E3_P1_3,y,6,4.999999925494195,0,0.17970521541950113,3,0.18576779026217227,0.006062574842671142,5292,5340,current_best
Mouse,POLYIC_20190614_polyic___E3_P1_3,y,7,4.999999925494195,3,0.15684051398337112,3,0.17059925093632958,0.013758736952958456,5292,5340,current_best
Mouse,POLYIC_20190614_polyic___E3_P1_3,y,8,4.999999925494195,4,0.13624338624338625,1,0.1546816479400749,0.018438261696688663,5292,5340,current_best
Mouse,POLYIC_20190614_polyic___E3_P1_3,x,2,3.1999998807907124,0,0.5045982575024202,1,0.5176662017666201,0.013067944264199993,4132,4302,unetr_style
Mouse,POLYIC_20190614_polyic___E3_P1_3,x,3,3.1999998807907124,1,0.340513068731849,0,0.34472338447233847,0.0042103157404894676,4132,4302,unetr_style
Mouse,POLYIC_20190614_polyic___E3_P1_3,x,4,3.1999998807907124,0,0.2596805421103582,3,0.2701069270106927,0.01042638490033454,4132,4302,unetr_style
Mouse,POLYIC_20190614_polyic___E3_P1_3,x,5,3.1999998807907124,2,0.207405614714424,1,0.20641562064156208,-0.0009899940728619328,4132,4302,unetr_style
Mouse,POLYIC_20190614_polyic___E3_P1_3,x,6,3.1999998807907124,1,0.1749757986447241,3,0.17689446768944678,0.0019186690447226817,4132,4302,unetr_style
Mouse,POLYIC_20190614_polyic___E3_P1_3,x,7,3.1999998807907124,0,0.14666021297192644,6,0.1494653649465365,0.002805151974610065,4132,4302,unetr_style
Mouse,POLYIC_20190614_polyic___E3_P1_3,x,8,3.1999998807907124,4,0.12996127783155856,7,0.14458391445839144,0.014622636626832886,4132,4302,unetr_style
Mouse,POLYIC_20190614_polyic___E3_P1_3,y,2,4.999999925494195,0,0.503968253968254,1,0.5160988393859978,0.012130585417743811,5292,5342,unetr_style
Mouse,POLYIC_20190614_polyic___E3_P1_3,y,3,4.999999925494195,0,0.33843537414965985,0,0.35454885810557846,0.016113483955918606,5292,5342,unetr_style
Mouse,POLYIC_20190614_polyic___E3_P1_3,y,4,4.999999925494195,2,0.25321239606953894,1,0.2695619618120554,0.016349565742516448,5292,5342,unetr_style
Mouse,POLYIC_20190614_polyic___E3_P1_3,y,5,4.999999925494195,1,0.21863189720332576,2,0.3414451516286035,0.12281325442527774,5292,5342,unetr_style
Mouse,POLYIC_20190614_polyic___E3_P1_3,y,6,4.999999925494195,0,0.17970521541950113,3,0.19599400973418196,0.016288794314680832,5292,5342,unetr_style
Mouse,POLYIC_20190614_polyic___E3_P1_3,y,7,4.999999925494195,3,0.15684051398337112,3,0.1716585548483714,0.01481804086500027,5292,5342,unetr_style
Mouse,POLYIC_20190614_polyic___E3_P1_3,y,8,4.999999925494195,4,0.13624338624338625,1,0.14788468738300262,0.011641301139616367,5292,5342,unetr_style
Mouse,POLYIC_20190614_polyic___E3_P1_4,x,2,3.1999998807907124,1,0.502906976744186,1,0.5007187350263537,-0.0021882417178323843,4128,4174,current_best
Mouse,POLYIC_20190614_polyic___E3_P1_4,x,3,3.1999998807907124,2,0.34689922480620156,1,0.3447532343076186,-0.0021459904985829392,4128,4174,current_best
Mouse,POLYIC_20190614_polyic___E3_P1_4,x,4,3.1999998807907124,3,0.25775193798449614,2,0.2616195495927168,0.003867611608220689,4128,4174,current_best
Mouse,POLYIC_20190614_polyic___E3_P1_4,x,5,3.1999998807907124,4,0.20687984496124032,4,0.21250598945855295,0.005626144497312635,4128,4174,current_best
Mouse,POLYIC_20190614_polyic___E3_P1_4,x,6,3.1999998807907124,5,0.17829457364341086,5,0.1772879731672257,-0.001006600476185171,4128,4174,current_best
Mouse,POLYIC_20190614_polyic___E3_P1_4,x,7,3.1999998807907124,0,0.14898255813953487,0,0.14734068040249163,-0.0016418777370432458,4128,4174,current_best
Mouse,POLYIC_20190614_polyic___E3_P1_4,x,8,3.1999998807907124,3,0.13275193798449614,3,0.1377575467177767,0.00500560873328057,4128,4174,current_best
Mouse,POLYIC_20190614_polyic___E3_P1_4,y,2,4.999999925494195,1,0.50202131569276,1,0.5547445255474452,0.05272320985468526,5442,5480,current_best
Mouse,POLYIC_20190614_polyic___E3_P1_4,y,3,4.999999925494195,2,0.35887541345093715,2,0.3697080291970803,0.010832615746143137,5442,5480,current_best
Mouse,POLYIC_20190614_polyic___E3_P1_4,y,4,4.999999925494195,2,0.28114663726571115,3,0.2804744525547445,-0.000672184710966639,5442,5480,current_best
Mouse,POLYIC_20190614_polyic___E3_P1_4,y,5,4.999999925494195,1,0.22528482175670708,0,0.38467153284671535,0.15938671109000827,5442,5480,current_best
Mouse,POLYIC_20190614_polyic___E3_P1_4,y,6,4.999999925494195,5,0.18779860345461227,3,0.2071167883211679,0.01931818486655562,5442,5480,current_best
Mouse,POLYIC_20190614_polyic___E3_P1_4,y,7,4.999999925494195,1,0.1585814038956266,1,0.181021897810219,0.02244049391459238,5442,5480,current_best
Mouse,POLYIC_20190614_polyic___E3_P1_4,y,8,4.999999925494195,3,0.14792355751561925,1,0.17427007299270073,0.026346515477081472,5442,5480,current_best
Mouse,POLYIC_20190614_polyic___E3_P1_4,x,2,3.1999998807907124,1,0.502906976744186,0,0.5062878435025617,0.003380866758375678,4128,4294,unetr_style
Mouse,POLYIC_20190614_polyic___E3_P1_4,x,3,3.1999998807907124,2,0.34689922480620156,2,0.3458313926408943,-0.0010678321653072587,4128,4294,unetr_style
Mouse,POLYIC_20190614_polyic___E3_P1_4,x,4,3.1999998807907124,3,0.25775193798449614,3,0.25617140195621796,-0.0015805360282781789,4128,4294,unetr_style
Mouse,POLYIC_20190614_polyic___E3_P1_4,x,5,3.1999998807907124,4,0.20687984496124032,4,0.21099208197484862,0.0041122370136083,4128,4294,unetr_style
Mouse,POLYIC_20190614_polyic___E3_P1_4,x,6,3.1999998807907124,5,0.17829457364341086,5,0.17559385188635304,-0.0027007217570578224,4128,4294,unetr_style
Mouse,POLYIC_20190614_polyic___E3_P1_4,x,7,3.1999998807907124,0,0.14898255813953487,6,0.15090824406148112,0.0019256859219462519,4128,4294,unetr_style
Mouse,POLYIC_20190614_polyic___E3_P1_4,x,8,3.1999998807907124,3,0.13275193798449614,3,0.1353050768514206,0.0025531388669244592,4128,4294,unetr_style
Mouse,POLYIC_20190614_polyic___E3_P1_4,y,2,4.999999925494195,1,0.50202131569276,1,0.5608600583090378,0.05883874261627786,5442,5488,unetr_style
Mouse,POLYIC_20190614_polyic___E3_P1_4,y,3,4.999999925494195,2,0.35887541345093715,2,0.36771137026239065,0.008835956811453494,5442,5488,unetr_style
Mouse,POLYIC_20190614_polyic___E3_P1_4,y,4,4.999999925494195,2,0.28114663726571115,1,0.2807944606413994,-0.0003521766243117508,5442,5488,unetr_style
Mouse,POLYIC_20190614_polyic___E3_P1_4,y,5,4.999999925494195,1,0.22528482175670708,0,0.3651603498542274,0.13987552809752032,5442,5488,unetr_style
Mouse,POLYIC_20190614_polyic___E3_P1_4,y,6,4.999999925494195,5,0.18779860345461227,5,0.2071793002915452,0.019380696836932915,5442,5488,unetr_style
Mouse,POLYIC_20190614_polyic___E3_P1_4,y,7,4.999999925494195,1,0.1585814038956266,1,0.17674927113702624,0.018167867241399627,5442,5488,unetr_style
Mouse,POLYIC_20190614_polyic___E3_P1_4,y,8,4.999999925494195,3,0.14792355751561925,1,0.17510932944606414,0.027185771930444885,5442,5488,unetr_style
Mouse,POLYIC_20190614_polyic___E3_P1_5,x,2,3.1999998807907124,1,0.50570835495589,0,0.5020565552699229,-0.003651799685967072,3854,3890,current_best
Mouse,POLYIC_20190614_polyic___E3_P1_5,x,3,3.1999998807907124,1,0.33990659055526723,2,0.3467866323907455,0.0068800418354782455,3854,3890,current_best
Mouse,POLYIC_20190614_polyic___E3_P1_5,x,4,3.1999998807907124,3,0.2597301504929943,2,0.2660668380462725,0.0063366875532782085,3854,3890,current_best
Mouse,POLYIC_20190614_polyic___E3_P1_5,x,5,3.1999998807907124,3,0.2075765438505449,3,0.21516709511568125,0.007590551265136358,3854,3890,current_best
Mouse,POLYIC_20190614_polyic___E3_P1_5,x,6,3.1999998807907124,3,0.17903476907109497,4,0.17866323907455012,-0.00037152999654485597,3854,3890,current_best
Mouse,POLYIC_20190614_polyic___E3_P1_5,x,7,3.1999998807907124,2,0.15568240788790866,2,0.1570694087403599,0.0013870008524512478,3854,3890,current_best
Mouse,POLYIC_20190614_polyic___E3_P1_5,x,8,3.1999998807907124,6,0.1411520498183705,6,0.15604113110539847,0.014889081287027955,3854,3890,current_best
Mouse,POLYIC_20190614_polyic___E3_P1_5,y,2,4.999999925494195,0,0.5116848850358086,1,0.559053651266766,0.047368766230957426,5306,5368,current_best
Mouse,POLYIC_20190614_polyic___E3_P1_5,y,3,4.999999925494195,2,0.3511119487372786,2,0.37853949329359166,0.027427544556313077,5306,5368,current_best
Mouse,POLYIC_20190614_polyic___E3_P1_5,y,4,4.999999925494195,2,0.28100263852242746,1,0.30011177347242923,0.01910913495000177,5306,5368,current_best
Mouse,POLYIC_20190614_polyic___E3_P1_5,y,5,4.999999925494195,3,0.2161703731624576,2,0.34295827123695977,0.12678789807450216,5306,5368,current_best
Mouse,POLYIC_20190614_polyic___E3_P1_5,y,6,4.999999925494195,2,0.18620429702223898,3,0.19020119225037257,0.003996895228133596,5306,5368,current_best
Mouse,POLYIC_20190614_polyic___E3_P1_5,y,7,4.999999925494195,0,0.16528458349038824,0,0.1695230998509687,0.004238516360580452,5306,5368,current_best
Mouse,POLYIC_20190614_polyic___E3_P1_5,y,8,4.999999925494195,2,0.15981907274783264,1,0.18610283159463487,0.02628375884680223,5306,5368,current_best
Mouse,POLYIC_20190614_polyic___E3_P1_5,x,2,3.1999998807907124,1,0.50570835495589,0,0.5030075187969925,-0.0027008361588974905,3854,3990,unetr_style
Mouse,POLYIC_20190614_polyic___E3_P1_5,x,3,3.1999998807907124,1,0.33990659055526723,2,0.3556390977443609,0.015732507189093692,3854,3990,unetr_style
Mouse,POLYIC_20190614_polyic___E3_P1_5,x,4,3.1999998807907124,3,0.2597301504929943,2,0.2581453634085213,-0.001584787084473016,3854,3990,unetr_style
Mouse,POLYIC_20190614_polyic___E3_P1_5,x,5,3.1999998807907124,3,0.2075765438505449,3,0.21553884711779447,0.007962303267249587,3854,3990,unetr_style
Mouse,POLYIC_20190614_polyic___E3_P1_5,x,6,3.1999998807907124,3,0.17903476907109497,2,0.17794486215538846,-0.0010899069157065122,3854,3990,unetr_style
Mouse,POLYIC_20190614_polyic___E3_P1_5,x,7,3.1999998807907124,2,0.15568240788790866,3,0.16165413533834586,0.0059717274504371975,3854,3990,unetr_style
Mouse,POLYIC_20190614_polyic___E3_P1_5,x,8,3.1999998807907124,6,0.1411520498183705,7,0.14360902255639096,0.002456972738020452,3854,3990,unetr_style
Mouse,POLYIC_20190614_polyic___E3_P1_5,y,2,4.999999925494195,0,0.5116848850358086,1,0.5621510978786751,0.050466212842866565,5306,5374,unetr_style
Mouse,POLYIC_20190614_polyic___E3_P1_5,y,3,4.999999925494195,2,0.3511119487372786,2,0.36918496464458506,0.018073015907306478,5306,5374,unetr_style
Mouse,POLYIC_20190614_polyic___E3_P1_5,y,4,4.999999925494195,2,0.28100263852242746,1,0.31038332713062894,0.029380688608201477,5306,5374,unetr_style
Mouse,POLYIC_20190614_polyic___E3_P1_5,y,5,4.999999925494195,3,0.2161703731624576,3,0.34871604019352437,0.13254566703106677,5306,5374,unetr_style
Mouse,POLYIC_20190614_polyic___E3_P1_5,y,6,4.999999925494195,2,0.18620429702223898,3,0.2004093784890212,0.014205081466782232,5306,5374,unetr_style
Mouse,POLYIC_20190614_polyic___E3_P1_5,y,7,4.999999925494195,0,0.16528458349038824,0,0.16598436918496465,0.0006997856945764047,5306,5374,unetr_style
Mouse,POLYIC_20190614_polyic___E3_P1_5,y,8,4.999999925494195,2,0.15981907274783264,1,0.19203572757722367,0.03221665482939104,5306,5374,unetr_style
Mouse,POLYIC_20190614_polyic___E3_P1_6,x,2,3.1999998807907124,1,0.512108980827447,1,0.519,0.00689101917255297,3964,4000,current_best
Mouse,POLYIC_20190614_polyic___E3_P1_6,x,3,3.1999998807907124,1,0.34006054490413723,0,0.33775,-0.002310544904137235,3964,4000,current_best
Mouse,POLYIC_20190614_polyic___E3_P1_6,x,4,3.1999998807907124,3,0.26185671039354186,1,0.26475,0.002893289606458127,3964,4000,current_best
Mouse,POLYIC_20190614_polyic___E3_P1_6,x,5,3.1999998807907124,4,0.21115035317860747,3,0.214,0.002849646821392521,3964,4000,current_best
Mouse,POLYIC_20190614_polyic___E3_P1_6,x,6,3.1999998807907124,1,0.1818869828456105,1,0.178,-0.0038869828456105093,3964,4000,current_best
Mouse,POLYIC_20190614_polyic___E3_P1_6,x,7,3.1999998807907124,4,0.1601917255297679,3,0.1585,-0.0016917255297679012,3964,4000,current_best
Mouse,POLYIC_20190614_polyic___E3_P1_6,x,8,3.1999998807907124,3,0.14278506559031282,1,0.15225,0.009464934409687181,3964,4000,current_best
Mouse,POLYIC_20190614_polyic___E3_P1_6,y,2,4.999999925494195,1,0.5158124318429662,0,0.5118279569892473,-0.003984474853718889,5502,5580,current_best
Mouse,POLYIC_20190614_polyic___E3_P1_6,y,3,4.999999925494195,0,0.33933115230825156,1,0.34551971326164876,0.006188560953397204,5502,5580,current_best
Mouse,POLYIC_20190614_polyic___E3_P1_6,y,4,4.999999925494195,1,0.26990185387131954,2,0.2698924731182796,-9.380753039966994e-06,5502,5580,current_best
Mouse,POLYIC_20190614_polyic___E3_P1_6,y,5,4.999999925494195,3,0.21901126862958925,2,0.34516129032258064,0.1261500216929914,5502,5580,current_best
Mouse,POLYIC_20190614_polyic___E3_P1_6,y,6,4.999999925494195,0,0.17884405670665213,0,0.1949820788530466,0.016138022146394482,5502,5580,current_best
Mouse,POLYIC_20190614_polyic___E3_P1_6,y,7,4.999999925494195,3,0.16266812068338785,3,0.16308243727598568,0.0004143165925978298,5502,5580,current_best
Mouse,POLYIC_20190614_polyic___E3_P1_6,y,8,4.999999925494195,1,0.13776808433296983,3,0.17759856630824372,0.03983048197527389,5502,5580,current_best
Mouse,POLYIC_20190614_polyic___E3_P1_6,x,2,3.1999998807907124,1,0.512108980827447,0,0.5012147716229349,-0.010894209204512117,3964,4116,unetr_style
Mouse,POLYIC_20190614_polyic___E3_P1_6,x,3,3.1999998807907124,1,0.34006054490413723,0,0.34450923226433433,0.004448687360197101,3964,4116,unetr_style
Mouse,POLYIC_20190614_polyic___E3_P1_6,x,4,3.1999998807907124,3,0.26185671039354186,2,0.2587463556851312,-0.0031103547084106453,3964,4116,unetr_style
Mouse,POLYIC_20190614_polyic___E3_P1_6,x,5,3.1999998807907124,4,0.21115035317860747,3,0.22376093294460642,0.012610579765998942,3964,4116,unetr_style
Mouse,POLYIC_20190614_polyic___E3_P1_6,x,6,3.1999998807907124,1,0.1818869828456105,3,0.1761418853255588,-0.005745097520051701,3964,4116,unetr_style
Mouse,POLYIC_20190614_polyic___E3_P1_6,x,7,3.1999998807907124,4,0.1601917255297679,3,0.16229348882410108,0.0021017632943331754,3964,4116,unetr_style
Mouse,POLYIC_20190614_polyic___E3_P1_6,x,8,3.1999998807907124,3,0.14278506559031282,1,0.1360544217687075,-0.00673064382160532,3964,4116,unetr_style
Mouse,POLYIC_20190614_polyic___E3_P1_6,y,2,4.999999925494195,1,0.5158124318429662,1,0.5008999280057596,-0.014912503837206659,5502,5556,unetr_style
Mouse,POLYIC_20190614_polyic___E3_P1_6,y,3,4.999999925494195,0,0.33933115230825156,1,0.34539236861051115,0.006061216302259587,5502,5556,unetr_style
Mouse,POLYIC_20190614_polyic___E3_P1_6,y,4,4.999999925494195,1,0.26990185387131954,3,0.2661987041036717,-0.003703149767647851,5502,5556,unetr_style
Mouse,POLYIC_20190614_polyic___E3_P1_6,y,5,4.999999925494195,3,0.21901126862958925,2,0.3439524838012959,0.12494121517170664,5502,5556,unetr_style
Mouse,POLYIC_20190614_polyic___E3_P1_6,y,6,4.999999925494195,0,0.17884405670665213,1,0.19222462203023757,0.013380565323585447,5502,5556,unetr_style
Mouse,POLYIC_20190614_polyic___E3_P1_6,y,7,4.999999925494195,3,0.16266812068338785,1,0.16576673866090713,0.0030986179775192857,5502,5556,unetr_style
Mouse,POLYIC_20190614_polyic___E3_P1_6,y,8,4.999999925494195,1,0.13776808433296983,3,0.1859251259899208,0.04815704165695098,5502,5556,unetr_style
Mouse,POLYIC_20190614_polyic___E4_P1_5,x,2,3.1999998807907124,0,0.5154845154845155,1,0.5141509433962265,-0.0013335720882889923,4004,4028,current_best
Mouse,POLYIC_20190614_polyic___E4_P1_5,x,3,3.1999998807907124,2,0.3421578421578422,2,0.3473187686196624,0.005160926461820203,4004,4028,current_best
Mouse,POLYIC_20190614_polyic___E4_P1_5,x,4,3.1999998807907124,0,0.2624875124875125,1,0.26688182720953324,0.004394314722020731,4004,4028,current_best
Mouse,POLYIC_20190614_polyic___E4_P1_5,x,5,3.1999998807907124,2,0.2087912087912088,1,0.20953326713008938,0.0007420583388805801,4004,4028,current_best
Mouse,POLYIC_20190614_polyic___E4_P1_5,x,6,3.1999998807907124,2,0.18031968031968032,5,0.17825223435948362,-0.002067445960196701,4004,4028,current_best
Mouse,POLYIC_20190614_polyic___E4_P1_5,x,7,3.1999998807907124,5,0.1645854145854146,6,0.15466732869910627,-0.009918085886308325,4004,4028,current_best
Mouse,POLYIC_20190614_polyic___E4_P1_5,x,8,3.1999998807907124,0,0.13661338661338662,1,0.1397715988083416,0.00315821219495499,4004,4028,current_best
Mouse,POLYIC_20190614_polyic___E4_P1_5,y,2,4.999999925494195,1,0.5223880597014925,0,0.5489795918367347,0.026591532135242235,5360,5390,current_best
Mouse,POLYIC_20190614_polyic___E4_P1_5,y,3,4.999999925494195,2,0.35261194029850745,0,0.37884972170686454,0.026237781408357086,5360,5390,current_best
Mouse,POLYIC_20190614_polyic___E4_P1_5,y,4,4.999999925494195,1,0.27425373134328357,0,0.298886827458256,0.02463309611497244,5360,5390,current_best
Mouse,POLYIC_20190614_polyic___E4_P1_5,y,5,4.999999925494195,1,0.22817164179104477,0,0.33506493506493507,0.1068932932738903,5360,5390,current_best
Mouse,POLYIC_20190614_polyic___E4_P1_5,y,6,4.999999925494195,1,0.17798507462686566,0,0.1914656771799629,0.013480602553097243,5360,5390,current_best
Mouse,POLYIC_20190614_polyic___E4_P1_5,y,7,4.999999925494195,6,0.1578358208955224,0,0.16215213358070502,0.004316312685182622,5360,5390,current_best
Mouse,POLYIC_20190614_polyic___E4_P1_5,y,8,4.999999925494195,1,0.14906716417910448,4,0.19053803339517625,0.041470869216071765,5360,5390,current_best
Mouse,POLYIC_20190614_polyic___E4_P1_5,x,2,3.1999998807907124,0,0.5154845154845155,1,0.5139088729016786,-0.0015756425828368226,4004,4170,unetr_style
Mouse,POLYIC_20190614_polyic___E4_P1_5,x,3,3.1999998807907124,2,0.3421578421578422,0,0.33741007194244604,-0.00474777021539613,4004,4170,unetr_style
Mouse,POLYIC_20190614_polyic___E4_P1_5,x,4,3.1999998807907124,0,0.2624875124875125,1,0.2630695443645084,0.0005820318769959032,4004,4170,unetr_style
Mouse,POLYIC_20190614_polyic___E4_P1_5,x,5,3.1999998807907124,2,0.2087912087912088,3,0.2093525179856115,0.0005613091944026982,4004,4170,unetr_style
Mouse,POLYIC_20190614_polyic___E4_P1_5,x,6,3.1999998807907124,2,0.18031968031968032,3,0.1774580335731415,-0.0028616467465388262,4004,4170,unetr_style
Mouse,POLYIC_20190614_polyic___E4_P1_5,x,7,3.1999998807907124,5,0.1645854145854146,6,0.1618705035971223,-0.002714910988292296,4004,4170,unetr_style
Mouse,POLYIC_20190614_polyic___E4_P1_5,x,8,3.1999998807907124,0,0.13661338661338662,3,0.13621103117505995,-0.00040235543832667364,4004,4170,unetr_style
Mouse,POLYIC_20190614_polyic___E4_P1_5,y,2,4.999999925494195,1,0.5223880597014925,0,0.5349740932642487,0.012586033562756227,5360,5404,unetr_style
Mouse,POLYIC_20190614_polyic___E4_P1_5,y,3,4.999999925494195,2,0.35261194029850745,0,0.3752775721687639,0.022665631870256442,5360,5404,unetr_style
Mouse,POLYIC_20190614_polyic___E4_P1_5,y,4,4.999999925494195,1,0.27425373134328357,0,0.2938564026646928,0.01960267132140925,5360,5404,unetr_style
Mouse,POLYIC_20190614_polyic___E4_P1_5,y,5,4.999999925494195,1,0.22817164179104477,2,0.34400444115470025,0.11583279936365548,5360,5404,unetr_style
Mouse,POLYIC_20190614_polyic___E4_P1_5,y,6,4.999999925494195,1,0.17798507462686566,3,0.18819393042190968,0.01020885579504402,5360,5404,unetr_style
Mouse,POLYIC_20190614_polyic___E4_P1_5,y,7,4.999999925494195,6,0.1578358208955224,0,0.15433012583271652,-0.0035056950628058747,5360,5404,unetr_style
Mouse,POLYIC_20190614_polyic___E4_P1_5,y,8,4.999999925494195,1,0.14906716417910448,4,0.19800148038490006,0.04893431620579558,5360,5404,unetr_style
Mouse,POLYIC_20190618_mouse33__E3_P1,x,2,3.1999998807907124,1,0.5110087045570917,1,0.5130456598093327,0.002036955252241013,3906,3986,current_best
Mouse,POLYIC_20190618_mouse33__E3_P1,x,3,3.1999998807907124,0,0.3420378904249872,0,0.34119417962870047,-0.0008437107962867563,3906,3986,current_best
Mouse,POLYIC_20190618_mouse33__E3_P1,x,4,3.1999998807907124,3,0.2631848438300051,3,0.2599096838936277,-0.0032751599363774475,3906,3986,current_best
Mouse,POLYIC_20190618_mouse33__E3_P1,x,5,3.1999998807907124,1,0.20378904249871993,3,0.20898143502257902,0.005192392523859085,3906,3986,current_best
Mouse,POLYIC_20190618_mouse33__E3_P1,x,6,3.1999998807907124,3,0.17767537122375832,3,0.18013045659809332,0.002455085374335003,3906,3986,current_best
Mouse,POLYIC_20190618_mouse33__E3_P1,x,7,3.1999998807907124,1,0.15232974910394265,3,0.154039136979428,0.0017093878754853575,3906,3986,current_best
Mouse,POLYIC_20190618_mouse33__E3_P1,x,8,3.1999998807907124,7,0.1390168970814132,3,0.1359759157049674,-0.003040981376445817,3906,3986,current_best
Mouse,POLYIC_20190618_mouse33__E3_P1,y,2,4.999999925494195,1,0.5314711359404097,0,0.5105011053795137,-0.02097003056089608,5370,5428,current_best
Mouse,POLYIC_20190618_mouse33__E3_P1,y,3,4.999999925494195,2,0.35698324022346367,0,0.36495946941783347,0.0079762291943698,5370,5428,current_best
Mouse,POLYIC_20190618_mouse33__E3_P1,y,4,4.999999925494195,3,0.2783985102420857,3,0.26823876197494473,-0.010159748267140944,5370,5428,current_best
Mouse,POLYIC_20190618_mouse33__E3_P1,y,5,4.999999925494195,1,0.21787709497206703,3,0.34948415622697127,0.13160706125490423,5370,5428,current_best
Mouse,POLYIC_20190618_mouse33__E3_P1,y,6,4.999999925494195,5,0.20353817504655494,4,0.19288872512896094,-0.010649449917594006,5370,5428,current_best
Mouse,POLYIC_20190618_mouse33__E3_P1,y,7,4.999999925494195,5,0.17076350093109868,4,0.19049373618275608,0.019730235251657402,5370,5428,current_best
Mouse,POLYIC_20190618_mouse33__E3_P1,y,8,4.999999925494195,1,0.14990689013035383,7,0.18091378039793662,0.0310068902675828,5370,5428,current_best
Mouse,POLYIC_20190618_mouse33__E3_P1,x,2,3.1999998807907124,1,0.5110087045570917,1,0.5154639175257731,0.0044552129686814546,3906,4074,unetr_style
Mouse,POLYIC_20190618_mouse33__E3_P1,x,3,3.1999998807907124,0,0.3420378904249872,2,0.33627884143348064,-0.005759048991506588,3906,4074,unetr_style
Mouse,POLYIC_20190618_mouse33__E3_P1,x,4,3.1999998807907124,3,0.2631848438300051,3,0.2621502209131075,-0.0010346229168975984,3906,4074,unetr_style
Mouse,POLYIC_20190618_mouse33__E3_P1,x,5,3.1999998807907124,1,0.20378904249871993,1,0.20618556701030927,0.0023965245115893374,3906,4074,unetr_style
Mouse,POLYIC_20190618_mouse33__E3_P1,x,6,3.1999998807907124,3,0.17767537122375832,5,0.1799214531173294,0.002246081893571089,3906,4074,unetr_style
Mouse,POLYIC_20190618_mouse33__E3_P1,x,7,3.1999998807907124,1,0.15232974910394265,3,0.15193912616593028,-0.00039062293801236936,3906,4074,unetr_style
Mouse,POLYIC_20190618_mouse33__E3_P1,x,8,3.1999998807907124,7,0.1390168970814132,1,0.13598429062346587,-0.00303260645794734,3906,4074,unetr_style
Mouse,POLYIC_20190618_mouse33__E3_P1,y,2,4.999999925494195,1,0.5314711359404097,0,0.5103244837758112,-0.021146652164598545,5370,5424,unetr_style
Mouse,POLYIC_20190618_mouse33__E3_P1,y,3,4.999999925494195,2,0.35698324022346367,0,0.3600663716814159,0.0030831314579522484,5370,5424,unetr_style
Mouse,POLYIC_20190618_mouse33__E3_P1,y,4,4.999999925494195,3,0.2783985102420857,3,0.2704646017699115,-0.007933908472174178,5370,5424,unetr_style
Mouse,POLYIC_20190618_mouse33__E3_P1,y,5,4.999999925494195,1,0.21787709497206703,3,0.36430678466076694,0.1464296896886999,5370,5424,unetr_style
Mouse,POLYIC_20190618_mouse33__E3_P1,y,6,4.999999925494195,5,0.20353817504655494,4,0.20243362831858408,-0.001104546727970862,5370,5424,unetr_style
Mouse,POLYIC_20190618_mouse33__E3_P1,y,7,4.999999925494195,5,0.17076350093109868,4,0.1834439528023599,0.012680451871261211,5370,5424,unetr_style
Mouse,POLYIC_20190618_mouse33__E3_P1,y,8,4.999999925494195,1,0.14990689013035383,7,0.18215339233038347,0.03224650220002964,5370,5424,unetr_style
Mouse,POLYIC_20190618_mouse34__E3_P1,x,2,3.1999998807907124,0,0.5088311688311689,0,0.5095262615859938,0.000695092754824933,3850,3884,current_best
Mouse,POLYIC_20190618_mouse34__E3_P1,x,3,3.1999998807907124,2,0.3509090909090909,2,0.34783728115345003,-0.003071809755640864,3850,3884,current_best
Mouse,POLYIC_20190618_mouse34__E3_P1,x,4,3.1999998807907124,0,0.2597402597402597,0,0.27059732234809475,0.010857062607835033,3850,3884,current_best
Mouse,POLYIC_20190618_mouse34__E3_P1,x,5,3.1999998807907124,3,0.21012987012987014,3,0.21266735324407826,0.0025374831142081222,3850,3884,current_best
Mouse,POLYIC_20190618_mouse34__E3_P1,x,6,3.1999998807907124,2,0.1787012987012987,2,0.177394438722966,-0.0013068599783326862,3850,3884,current_best
Mouse,POLYIC_20190618_mouse34__E3_P1,x,7,3.1999998807907124,3,0.1561038961038961,3,0.15756951596292482,0.0014656198590287106,3850,3884,current_best
Mouse,POLYIC_20190618_mouse34__E3_P1,x,8,3.1999998807907124,7,0.14493506493506494,4,0.1398043254376931,-0.0051307394973718334,3850,3884,current_best
Mouse,POLYIC_20190618_mouse34__E3_P1,y,2,4.999999925494195,1,0.5001878287002254,0,0.5261317629738682,0.025943934273642832,5324,5434,current_best
Mouse,POLYIC_20190618_mouse34__E3_P1,y,3,4.999999925494195,0,0.34278737791134484,1,0.36142804563857195,0.01864066772722711,5324,5434,current_best
Mouse,POLYIC_20190618_mouse34__E3_P1,y,4,4.999999925494195,1,0.25563486100676186,2,0.2692307692307692,0.013595908224007358,5324,5434,current_best
Mouse,POLYIC_20190618_mouse34__E3_P1,y,5,4.999999925494195,3,0.22933884297520662,3,0.3424733161575267,0.11313447318232006,5324,5434,current_best
Mouse,POLYIC_20190618_mouse34__E3_P1,y,6,4.999999925494195,3,0.17449286250939144,2,0.2118145012881855,0.03732163877879405,5324,5434,current_best
Mouse,POLYIC_20190618_mouse34__E3_P1,y,7,4.999999925494195,3,0.1626596543951916,0,0.1888111888111888,0.026151534415997213,5324,5434,current_best
Mouse,POLYIC_20190618_mouse34__E3_P1,y,8,4.999999925494195,2,0.14350112697220135,1,0.1888111888111888,0.04531006183898745,5324,5434,current_best
Mouse,POLYIC_20190618_mouse34__E3_P1,x,2,3.1999998807907124,0,0.5088311688311689,1,0.5079800498753118,-0.0008511189558570997,3850,4010,unetr_style
Mouse,POLYIC_20190618_mouse34__E3_P1,x,3,3.1999998807907124,2,0.3509090909090909,2,0.34663341645885287,-0.004275674450238021,3850,4010,unetr_style
Mouse,POLYIC_20190618_mouse34__E3_P1,x,4,3.1999998807907124,0,0.2597402597402597,3,0.2600997506234414,0.0003594908831816568,3850,4010,unetr_style
Mouse,POLYIC_20190618_mouse34__E3_P1,x,5,3.1999998807907124,3,0.21012987012987014,3,0.21496259351620947,0.004832723386339333,3850,4010,unetr_style
Mouse,POLYIC_20190618_mouse34__E3_P1,x,6,3.1999998807907124,2,0.1787012987012987,3,0.18503740648379052,0.006336107782491829,3850,4010,unetr_style
Mouse,POLYIC_20190618_mouse34__E3_P1,x,7,3.1999998807907124,3,0.1561038961038961,3,0.16109725685785536,0.004993360753959258,3850,4010,unetr_style
Mouse,POLYIC_20190618_mouse34__E3_P1,x,8,3.1999998807907124,7,0.14493506493506494,4,0.1316708229426434,-0.013264241992421544,3850,4010,unetr_style
Mouse,POLYIC_20190618_mouse34__E3_P1,y,2,4.999999925494195,1,0.5001878287002254,0,0.5066152149944874,0.006427386294261983,5324,5442,unetr_style
Mouse,POLYIC_20190618_mouse34__E3_P1,y,3,4.999999925494195,0,0.34278737791134484,2,0.3634693127526645,0.020681934841319638,5324,5442,unetr_style
Mouse,POLYIC_20190618_mouse34__E3_P1,y,4,4.999999925494195,1,0.25563486100676186,1,0.27802278574053657,0.02238792473377471,5324,5442,unetr_style
Mouse,POLYIC_20190618_mouse34__E3_P1,y,5,4.999999925494195,3,0.22933884297520662,3,0.35464902609334803,0.1253101831181414,5324,5442,unetr_style
Mouse,POLYIC_20190618_mouse34__E3_P1,y,6,4.999999925494195,3,0.17449286250939144,2,0.21536199926497612,0.04086913675558468,5324,5442,unetr_style
Mouse,POLYIC_20190618_mouse34__E3_P1,y,7,4.999999925494195,3,0.1626596543951916,0,0.1969864020580669,0.0343267476628753,5324,5442,unetr_style
Mouse,POLYIC_20190618_mouse34__E3_P1,y,8,4.999999925494195,2,0.14350112697220135,1,0.20305034913634692,0.05954922216414557,5324,5442,unetr_style
Mouse,POLYIC_20190618_mouse35__E3_P1,x,2,3.1999998807907124,0,0.5,0,0.5081664910432033,0.008166491043203328,3844,3796,current_best
Mouse,POLYIC_20190618_mouse35__E3_P1,x,3,3.1999998807907124,0,0.34391259105098854,1,0.3382507903055848,-0.005661800745403733,3844,3796,current_best
Mouse,POLYIC_20190618_mouse35__E3_P1,x,4,3.1999998807907124,0,0.2575442247658689,0,0.2542149631190727,-0.0033292616467962,3844,3796,current_best
Mouse,POLYIC_20190618_mouse35__E3_P1,x,5,3.1999998807907124,4,0.2187825182101977,4,0.2102212855637513,-0.008561232646446398,3844,3796,current_best
Mouse,POLYIC_20190618_mouse35__E3_P1,x,6,3.1999998807907124,3,0.17611862643080126,4,0.18177028451001054,0.005651658079209282,3844,3796,current_best
Mouse,POLYIC_20190618_mouse35__E3_P1,x,7,3.1999998807907124,6,0.15218522372528617,5,0.1554267650158061,0.003241541290519928,3844,3796,current_best
Mouse,POLYIC_20190618_mouse35__E3_P1,x,8,3.1999998807907124,0,0.136576482830385,1,0.13408851422550053,-0.002487968604884483,3844,3796,current_best
Mouse,POLYIC_20190618_mouse35__E3_P1,y,2,4.999999925494195,1,0.5055028462998102,1,0.5268595041322314,0.021356657832421133,5270,5324,current_best
Mouse,POLYIC_20190618_mouse35__E3_P1,y,3,4.999999925494195,2,0.36736242884250475,0,0.3628850488354621,-0.004477380007042675,5270,5324,current_best
Mouse,POLYIC_20190618_mouse35__E3_P1,y,4,4.999999925494195,1,0.2540796963946869,3,0.2973328324567994,0.04325313606211251,5270,5324,current_best
Mouse,POLYIC_20190618_mouse35__E3_P1,y,5,4.999999925494195,1,0.22618595825426946,2,0.35537190082644626,0.1291859425721768,5270,5324,current_best
Mouse,POLYIC_20190618_mouse35__E3_P1,y,6,4.999999925494195,2,0.18614800759013284,3,0.21487603305785125,0.02872802546771841,5270,5324,current_best
Mouse,POLYIC_20190618_mouse35__E3_P1,y,7,4.999999925494195,5,0.16091081593927894,4,0.18012772351615328,0.01921690757687433,5270,5324,current_best
Mouse,POLYIC_20190618_mouse35__E3_P1,y,8,4.999999925494195,1,0.14705882352941177,7,0.20980465815176558,0.06274583462235381,5270,5324,current_best
Mouse,POLYIC_20190618_mouse35__E3_P1,x,2,3.1999998807907124,0,0.5,0,0.5012431626056688,0.0012431626056688128,3844,4022,unetr_style
Mouse,POLYIC_20190618_mouse35__E3_P1,x,3,3.1999998807907124,0,0.34391259105098854,0,0.3697165589259075,0.025803967874918954,3844,4022,unetr_style
Mouse,POLYIC_20190618_mouse35__E3_P1,x,4,3.1999998807907124,0,0.2575442247658689,0,0.25261064147190454,-0.004933583293964372,3844,4022,unetr_style
Mouse,POLYIC_20190618_mouse35__E3_P1,x,5,3.1999998807907124,4,0.2187825182101977,0,0.21904525111884635,0.00026273290864864407,3844,4022,unetr_style
Mouse,POLYIC_20190618_mouse35__E3_P1,x,6,3.1999998807907124,3,0.17611862643080126,3,0.19045251118846346,0.014333884757662202,3844,4022,unetr_style
Mouse,POLYIC_20190618_mouse35__E3_P1,x,7,3.1999998807907124,6,0.15218522372528617,4,0.1596220785678767,0.007436854842590518,3844,4022,unetr_style
Mouse,POLYIC_20190618_mouse35__E3_P1,x,8,3.1999998807907124,0,0.136576482830385,2,0.13252113376429636,-0.004055349066088648,3844,4022,unetr_style
Mouse,POLYIC_20190618_mouse35__E3_P1,y,2,4.999999925494195,1,0.5055028462998102,1,0.5354097144975899,0.029906868197779657,5270,5394,unetr_style
Mouse,POLYIC_20190618_mouse35__E3_P1,y,3,4.999999925494195,2,0.36736242884250475,1,0.3457545420837968,-0.02160788675870795,5270,5394,unetr_style
Mouse,POLYIC_20190618_mouse35__E3_P1,y,4,4.999999925494195,1,0.2540796963946869,3,0.303670745272525,0.049591048877838106,5270,5394,unetr_style
Mouse,POLYIC_20190618_mouse35__E3_P1,y,5,4.999999925494195,1,0.22618595825426946,3,0.3526140155728587,0.12642805731858925,5270,5394,unetr_style
Mouse,POLYIC_20190618_mouse35__E3_P1,y,6,4.999999925494195,2,0.18614800759013284,3,0.19447534297367444,0.008327335383541606,5270,5394,unetr_style
Mouse,POLYIC_20190618_mouse35__E3_P1,y,7,4.999999925494195,5,0.16091081593927894,4,0.17704857248794958,0.01613775654867064,5270,5394,unetr_style
Mouse,POLYIC_20190618_mouse35__E3_P1,y,8,4.999999925494195,1,0.14705882352941177,7,0.1992955135335558,0.05223669000414402,5270,5394,unetr_style
Mouse,POLYIC_20190618_mouse36__E3_P1,x,2,3.1999998807907124,0,0.509682224428997,1,0.5061819980217607,-0.003500226407236351,4028,4044,current_best
Mouse,POLYIC_20190618_mouse36__E3_P1,x,3,3.1999998807907124,2,0.34756703078450846,1,0.3464391691394659,-0.0011278616450425827,4028,4044,current_best
Mouse,POLYIC_20190618_mouse36__E3_P1,x,4,3.1999998807907124,0,0.27209533267130087,0,0.25939663699307614,-0.012698695678224736,4028,4044,current_best
Mouse,POLYIC_20190618_mouse36__E3_P1,x,5,3.1999998807907124,4,0.21002979145978154,4,0.20845697329376855,-0.0015728181660129847,4028,4044,current_best
Mouse,POLYIC_20190618_mouse36__E3_P1,x,6,3.1999998807907124,5,0.17576961271102284,1,0.17804154302670624,0.0022719303156834014,4028,4044,current_best
Mouse,POLYIC_20190618_mouse36__E3_P1,x,7,3.1999998807907124,0,0.16310824230387289,0,0.15454995054401582,-0.008558291759857062,4028,4044,current_best
Mouse,POLYIC_20190618_mouse36__E3_P1,x,8,3.1999998807907124,0,0.1422542204568024,1,0.13996043521266074,-0.002293785244141644,4028,4044,current_best
Mouse,POLYIC_20190618_mouse36__E3_P1,y,2,4.999999925494195,1,0.5084714548802947,0,0.5554535438854205,0.04698208900512579,5430,5446,current_best
Mouse,POLYIC_20190618_mouse36__E3_P1,y,3,4.999999925494195,2,0.36482504604051563,2,0.3545721630554535,-0.010252882985062106,5430,5446,current_best
Mouse,POLYIC_20190618_mouse36__E3_P1,y,4,4.999999925494195,1,0.26169429097605895,0,0.30811604847594565,0.046421757499886696,5430,5446,current_best
Mouse,POLYIC_20190618_mouse36__E3_P1,y,5,4.999999925494195,4,0.22136279926335176,2,0.35438854204921044,0.13302574278585869,5430,5446,current_best
Mouse,POLYIC_20190618_mouse36__E3_P1,y,6,4.999999925494195,5,0.19189686924493554,2,0.20455380095482922,0.012656931709893682,5430,5446,current_best
Mouse,POLYIC_20190618_mouse36__E3_P1,y,7,4.999999925494195,3,0.16335174953959483,1,0.16874770473742196,0.005395955197827124,5430,5446,current_best
Mouse,POLYIC_20190618_mouse36__E3_P1,y,8,4.999999925494195,1,0.13333333333333333,4,0.21373485126698494,0.0804015179336516,5430,5446,current_best
Mouse,POLYIC_20190618_mouse36__E3_P1,x,2,3.1999998807907124,0,0.509682224428997,0,0.5142112742775936,0.004529049848596589,4028,4222,unetr_style
Mouse,POLYIC_20190618_mouse36__E3_P1,x,3,3.1999998807907124,2,0.34756703078450846,0,0.33799147323543344,-0.00957555754907502,4028,4222,unetr_style
Mouse,POLYIC_20190618_mouse36__E3_P1,x,4,3.1999998807907124,0,0.27209533267130087,0,0.2579346281383231,-0.014160704532977797,4028,4222,unetr_style
Mouse,POLYIC_20190618_mouse36__E3_P1,x,5,3.1999998807907124,4,0.21002979145978154,4,0.2070108953102795,-0.0030188961495020428,4028,4222,unetr_style
Mouse,POLYIC_20190618_mouse36__E3_P1,x,6,3.1999998807907124,5,0.17576961271102284,0,0.17669351018474658,0.0009238974737237338,4028,4222,unetr_style
Mouse,POLYIC_20190618_mouse36__E3_P1,x,7,3.1999998807907124,0,0.16310824230387289,1,0.16011369019422075,-0.002994552109652132,4028,4222,unetr_style
Mouse,POLYIC_20190618_mouse36__E3_P1,x,8,3.1999998807907124,0,0.1422542204568024,4,0.13927048792041685,-0.002983732536385536,4028,4222,unetr_style
Mouse,POLYIC_20190618_mouse36__E3_P1,y,2,4.999999925494195,1,0.5084714548802947,0,0.5541575492341356,0.04568609435384097,5430,5484,unetr_style
Mouse,POLYIC_20190618_mouse36__E3_P1,y,3,4.999999925494195,2,0.36482504604051563,2,0.3488329686360321,-0.01599207740448355,5430,5484,unetr_style
Mouse,POLYIC_20190618_mouse36__E3_P1,y,4,4.999999925494195,1,0.26169429097605895,0,0.31400437636761486,0.052310085391555905,5430,5484,unetr_style
Mouse,POLYIC_20190618_mouse36__E3_P1,y,5,4.999999925494195,4,0.22136279926335176,2,0.3462800875273523,0.12491728826400053,5430,5484,unetr_style
Mouse,POLYIC_20190618_mouse36__E3_P1,y,6,4.999999925494195,5,0.19189686924493554,2,0.19930707512764406,0.00741020588270852,5430,5484,unetr_style
Mouse,POLYIC_20190618_mouse36__E3_P1,y,7,4.999999925494195,3,0.16335174953959483,5,0.15955506929248722,-0.003796680247107609,5430,5484,unetr_style
Mouse,POLYIC_20190618_mouse36__E3_P1,y,8,4.999999925494195,1,0.13333333333333333,4,0.2025893508388038,0.06925601750547047,5430,5484,unetr_style
Mouse,POLYIC_20190619_mouse38__E3_P1,x,2,3.1999998807907124,1,0.512874408828166,0,0.5162120432321153,0.0033376344039492967,3806,3886,current_best
Mouse,POLYIC_20190619_mouse38__E3_P1,x,3,3.1999998807907124,2,0.3399894902785076,2,0.34354091610910964,0.0035514258306020285,3806,3886,current_best
Mouse,POLYIC_20190619_mouse38__E3_P1,x,4,3.1999998807907124,3,0.27167630057803466,0,0.26891405043746786,-0.002762250140566802,3806,3886,current_best
Mouse,POLYIC_20190619_mouse38__E3_P1,x,5,3.1999998807907124,0,0.20861797162375198,3,0.2074112197632527,-0.0012067518604992888,3806,3886,current_best
Mouse,POLYIC_20190619_mouse38__E3_P1,x,6,3.1999998807907124,1,0.17840252233315818,0,0.1829644879053011,0.0045619655721429175,3806,3886,current_best
Mouse,POLYIC_20190619_mouse38__E3_P1,x,7,3.1999998807907124,0,0.15423016290068314,0,0.15568708183221822,0.0014569189315350728,3806,3886,current_best
Mouse,POLYIC_20190619_mouse38__E3_P1,x,8,3.1999998807907124,7,0.1371518654755649,4,0.1453937210499228,0.008241855574357887,3806,3886,current_best
Mouse,POLYIC_20190619_mouse38__E3_P1,y,2,4.999999925494195,0,0.5113886847905952,1,0.5576504713560552,0.046261786565459984,5444,5516,current_best
Mouse,POLYIC_20190619_mouse38__E3_P1,y,3,4.999999925494195,0,0.35121234386480527,2,0.35351704133430023,0.002304697469494965,5444,5516,current_best
Mouse,POLYIC_20190619_mouse38__E3_P1,y,4,4.999999925494195,2,0.2613886847905951,1,0.2982233502538071,0.03683466546321196,5444,5516,current_best
Mouse,POLYIC_20190619_mouse38__E3_P1,y,5,4.999999925494195,3,0.22740631888317414,3,0.34463379260333576,0.11722747372016162,5444,5516,current_best
Mouse,POLYIC_20190619_mouse38__E3_P1,y,6,4.999999925494195,0,0.17946362968405585,3,0.20322697606961565,0.023763346385559797,5444,5516,current_best
Mouse,POLYIC_20190619_mouse38__E3_P1,y,7,4.999999925494195,5,0.1607274063188832,0,0.16950688905003625,0.00877948273115306,5444,5516,current_best
Mouse,POLYIC_20190619_mouse38__E3_P1,y,8,4.999999925494195,1,0.14695077149155034,1,0.22026831036983321,0.07331753887828288,5444,5516,current_best
Mouse,POLYIC_20190619_mouse38__E3_P1,x,2,3.1999998807907124,1,0.512874408828166,0,0.5146111936602278,0.001736784832061744,3806,4038,unetr_style
Mouse,POLYIC_20190619_mouse38__E3_P1,x,3,3.1999998807907124,2,0.3399894902785076,2,0.3429915799900941,0.0030020897115864975,3806,4038,unetr_style
Mouse,POLYIC_20190619_mouse38__E3_P1,x,4,3.1999998807907124,3,0.27167630057803466,0,0.2704309063893016,-0.00124539418873304,3806,4038,unetr_style
Mouse,POLYIC_20190619_mouse38__E3_P1,x,5,3.1999998807907124,0,0.20861797162375198,0,0.20901436354631006,0.0003963919225580814,3806,4038,unetr_style
Mouse,POLYIC_20190619_mouse38__E3_P1,x,6,3.1999998807907124,1,0.17840252233315818,2,0.18053491827637444,0.0021323959432162642,3806,4038,unetr_style
Mouse,POLYIC_20190619_mouse38__E3_P1,x,7,3.1999998807907124,0,0.15423016290068314,0,0.15230312035661217,-0.0019270425440709726,3806,4038,unetr_style
Mouse,POLYIC_20190619_mouse38__E3_P1,x,8,3.1999998807907124,7,0.1371518654755649,4,0.14140663694898464,0.004254771473419738,3806,4038,unetr_style
Mouse,POLYIC_20190619_mouse38__E3_P1,y,2,4.999999925494195,0,0.5113886847905952,1,0.562206996033177,0.05081831124258185,5444,5546,unetr_style
Mouse,POLYIC_20190619_mouse38__E3_P1,y,3,4.999999925494195,0,0.35121234386480527,2,0.3555715831229715,0.004359239258166225,5444,5546,unetr_style
Mouse,POLYIC_20190619_mouse38__E3_P1,y,4,4.999999925494195,2,0.2613886847905951,1,0.29606923909123695,0.03468055430064182,5444,5546,unetr_style
Mouse,POLYIC_20190619_mouse38__E3_P1,y,5,4.999999925494195,3,0.22740631888317414,3,0.3458348359177786,0.11842851703460444,5444,5546,unetr_style
Mouse,POLYIC_20190619_mouse38__E3_P1,y,6,4.999999925494195,0,0.17946362968405585,3,0.211143166245943,0.031679536561887156,5444,5546,unetr_style
Mouse,POLYIC_20190619_mouse38__E3_P1,y,7,4.999999925494195,5,0.1607274063188832,0,0.16768842408943382,0.006961017770550637,5444,5546,unetr_style
Mouse,POLYIC_20190619_mouse38__E3_P1,y,8,4.999999925494195,1,0.14695077149155034,1,0.20284890010818607,0.055898128616635734,5444,5546,unetr_style
Mouse,POLYIC_20190619_mouse39__E3_P1,x,2,3.1999998807907124,0,0.5027610441767069,0,0.5166500994035785,0.013889055226871672,3984,4024,current_best
Mouse,POLYIC_20190619_mouse39__E3_P1,x,3,3.1999998807907124,2,0.33559236947791166,0,0.34070576540755465,0.005113395929642994,3984,4024,current_best
Mouse,POLYIC_20190619_mouse39__E3_P1,x,4,3.1999998807907124,2,0.2592871485943775,2,0.2654075546719682,0.006120406077590679,3984,4024,current_best
Mouse,POLYIC_20190619_mouse39__E3_P1,x,5,3.1999998807907124,2,0.2103413654618474,2,0.21620278330019882,0.005861417838351424,3984,4024,current_best
Mouse,POLYIC_20190619_mouse39__E3_P1,x,6,3.1999998807907124,2,0.17394578313253012,0,0.17693836978131214,0.0029925866487820196,3984,4024,current_best
Mouse,POLYIC_20190619_mouse39__E3_P1,x,7,3.1999998807907124,2,0.15813253012048192,2,0.15780318091451292,-0.0003293492059689984,3984,4024,current_best
Mouse,POLYIC_20190619_mouse39__E3_P1,x,8,3.1999998807907124,6,0.13579317269076305,6,0.147117296222664,0.01132412353190096,3984,4024,current_best
Mouse,POLYIC_20190619_mouse39__E3_P1,y,2,4.999999925494195,1,0.5052727272727273,0,0.5284890010818608,0.023216273809133492,5500,5546,current_best
Mouse,POLYIC_20190619_mouse39__E3_P1,y,3,4.999999925494195,2,0.3507272727272727,2,0.3487197980526506,-0.002007474674622145,5500,5546,current_best
Mouse,POLYIC_20190619_mouse39__E3_P1,y,4,4.999999925494195,2,0.2672727272727273,2,0.2724486116119726,0.005175884339245318,5500,5546,current_best
Mouse,POLYIC_20190619_mouse39__E3_P1,y,5,4.999999925494195,3,0.236,3,0.36188243779300394,0.12588243779300395,5500,5546,current_best
Mouse,POLYIC_20190619_mouse39__E3_P1,y,6,4.999999925494195,2,0.17745454545454545,2,0.20753696357735305,0.030082418122807597,5500,5546,current_best
Mouse,POLYIC_20190619_mouse39__E3_P1,y,7,4.999999925494195,3,0.1658181818181818,0,0.18734222863324917,0.021524046815067366,5500,5546,current_best
Mouse,POLYIC_20190619_mouse39__E3_P1,y,8,4.999999925494195,2,0.14254545454545456,1,0.16444284168770285,0.021897387142248287,5500,5546,current_best
Mouse,POLYIC_20190619_mouse39__E3_P1,x,2,3.1999998807907124,0,0.5027610441767069,1,0.5112818050888142,0.008520760912107295,3984,4166,unetr_style
Mouse,POLYIC_20190619_mouse39__E3_P1,x,3,3.1999998807907124,2,0.33559236947791166,1,0.3410945751320211,0.005502205654109471,3984,4166,unetr_style
Mouse,POLYIC_20190619_mouse39__E3_P1,x,4,3.1999998807907124,2,0.2592871485943775,2,0.26212193951032164,0.00283479091594413,3984,4166,unetr_style
Mouse,POLYIC_20190619_mouse39__E3_P1,x,5,3.1999998807907124,2,0.2103413654618474,2,0.2172347575612098,0.006893392099362405,3984,4166,unetr_style
Mouse,POLYIC_20190619_mouse39__E3_P1,x,6,3.1999998807907124,2,0.17394578313253012,1,0.17450792126740278,0.0005621381348726584,3984,4166,unetr_style
Mouse,POLYIC_20190619_mouse39__E3_P1,x,7,3.1999998807907124,2,0.15813253012048192,2,0.16202592414786365,0.0038933940273817302,3984,4166,unetr_style
Mouse,POLYIC_20190619_mouse39__E3_P1,x,8,3.1999998807907124,6,0.13579317269076305,6,0.1370619299087854,0.0012687572180223594,3984,4166,unetr_style
Mouse,POLYIC_20190619_mouse39__E3_P1,y,2,4.999999925494195,1,0.5052727272727273,0,0.5188916876574308,0.013618960384703449,5500,5558,unetr_style
Mouse,POLYIC_20190619_mouse39__E3_P1,y,3,4.999999925494195,2,0.3507272727272727,2,0.3634400863620007,0.012712813634727982,5500,5558,unetr_style
Mouse,POLYIC_20190619_mouse39__E3_P1,y,4,4.999999925494195,2,0.2672727272727273,2,0.27995681899964014,0.012684091726912872,5500,5558,unetr_style
Mouse,POLYIC_20190619_mouse39__E3_P1,y,5,4.999999925494195,3,0.236,3,0.3724361281036344,0.13643612810363442,5500,5558,unetr_style
Mouse,POLYIC_20190619_mouse39__E3_P1,y,6,4.999999925494195,2,0.17745454545454545,2,0.21464555595537962,0.037191010500834176,5500,5558,unetr_style
Mouse,POLYIC_20190619_mouse39__E3_P1,y,7,4.999999925494195,3,0.1658181818181818,0,0.19665347247211226,0.030835290653930453,5500,5558,unetr_style
Mouse,POLYIC_20190619_mouse39__E3_P1,y,8,4.999999925494195,2,0.14254545454545456,1,0.17974091399784095,0.03719545945238639,5500,5558,unetr_style
Mouse,POLYIC_20190619_mouse42__E3_P1,x,2,3.1999998807907124,0,0.5025037556334502,1,0.5034705007436787,0.0009667451102285396,3994,4034,current_best
Mouse,POLYIC_20190619_mouse42__E3_P1,x,3,3.1999998807907124,1,0.33950926389584374,1,0.3438274665344571,0.004318202638613378,3994,4034,current_best
Mouse,POLYIC_20190619_mouse42__E3_P1,x,4,3.1999998807907124,2,0.2661492238357536,1,0.2545860188398612,-0.011563204995892418,3994,4034,current_best
Mouse,POLYIC_20190619_mouse42__E3_P1,x,5,3.1999998807907124,0,0.21932899349023535,0,0.20872583044124937,-0.01060316304898598,3994,4034,current_best
Mouse,POLYIC_20190619_mouse42__E3_P1,x,6,3.1999998807907124,4,0.17050575863795694,1,0.17302925136341102,0.002523492725454074,3994,4034,current_best
Mouse,POLYIC_20190619_mouse42__E3_P1,x,7,3.1999998807907124,6,0.16099148723084628,5,0.1663361427863163,0.005344655555470035,3994,4034,current_best
Mouse,POLYIC_20190619_mouse42__E3_P1,x,8,3.1999998807907124,2,0.1357035553329995,1,0.13435795736241943,-0.0013455979705800647,3994,4034,current_best
Mouse,POLYIC_20190619_mouse42__E3_P1,y,2,4.999999925494195,1,0.5154735272184937,0,0.572556943423953,0.057083416205459314,5364,5444,current_best
Mouse,POLYIC_20190619_mouse42__E3_P1,y,3,4.999999925494195,0,0.33687546607009694,0,0.3910727406318883,0.05419727456179135,5364,5444,current_best
Mouse,POLYIC_20190619_mouse42__E3_P1,y,4,4.999999925494195,3,0.26304996271439224,2,0.2946362968405584,0.03158633412616618,5364,5444,current_best
Mouse,POLYIC_20190619_mouse42__E3_P1,y,5,4.999999925494195,1,0.22054436987322892,0,0.34423218221895663,0.1236878123457277,5364,5444,current_best
Mouse,POLYIC_20190619_mouse42__E3_P1,y,6,4.999999925494195,5,0.18586875466070096,4,0.22942689199118296,0.043558137330482,5364,5444,current_best
Mouse,POLYIC_20190619_mouse42__E3_P1,y,7,4.999999925494195,0,0.15902311707680836,3,0.1618295371050698,0.0028064200282614526,5364,5444,current_best
Mouse,POLYIC_20190619_mouse42__E3_P1,y,8,4.999999925494195,3,0.14410887397464578,4,0.16936076414401174,0.025251890169365965,5364,5444,current_best
Mouse,POLYIC_20190619_mouse42__E3_P1,x,2,3.1999998807907124,0,0.5025037556334502,1,0.5103773584905661,0.007873602857115913,3994,4240,unetr_style
Mouse,POLYIC_20190619_mouse42__E3_P1,x,3,3.1999998807907124,1,0.33950926389584374,2,0.3384433962264151,-0.0010658676694286218,3994,4240,unetr_style
Mouse,POLYIC_20190619_mouse42__E3_P1,x,4,3.1999998807907124,2,0.2661492238357536,1,0.25660377358490566,-0.009545450250847964,3994,4240,unetr_style
Mouse,POLYIC_20190619_mouse42__E3_P1,x,5,3.1999998807907124,0,0.21932899349023535,0,0.21674528301886792,-0.002583710471367434,3994,4240,unetr_style
Mouse,POLYIC_20190619_mouse42__E3_P1,x,6,3.1999998807907124,4,0.17050575863795694,5,0.1724056603773585,0.0018999017394015494,3994,4240,unetr_style
Mouse,POLYIC_20190619_mouse42__E3_P1,x,7,3.1999998807907124,6,0.16099148723084628,5,0.1589622641509434,-0.0020292230799028865,3994,4240,unetr_style
Mouse,POLYIC_20190619_mouse42__E3_P1,x,8,3.1999998807907124,2,0.1357035553329995,1,0.13537735849056604,-0.00032619684243345715,3994,4240,unetr_style
Mouse,POLYIC_20190619_mouse42__E3_P1,y,2,4.999999925494195,1,0.5154735272184937,0,0.5605234460196292,0.04504991880113551,5364,5502,unetr_style
Mouse,POLYIC_20190619_mouse42__E3_P1,y,3,4.999999925494195,0,0.33687546607009694,0,0.3876772082878953,0.050801742217798374,5364,5502,unetr_style
Mouse,POLYIC_20190619_mouse42__E3_P1,y,4,4.999999925494195,3,0.26304996271439224,2,0.28662304616503087,0.023573083450638632,5364,5502,unetr_style
Mouse,POLYIC_20190619_mouse42__E3_P1,y,5,4.999999925494195,1,0.22054436987322892,0,0.34478371501272265,0.12423934513949372,5364,5502,unetr_style
Mouse,POLYIC_20190619_mouse42__E3_P1,y,6,4.999999925494195,5,0.18586875466070096,4,0.21501272264631044,0.029143967985609476,5364,5502,unetr_style
Mouse,POLYIC_20190619_mouse42__E3_P1,y,7,4.999999925494195,0,0.15902311707680836,3,0.16175936023264267,0.002736243155834317,5364,5502,unetr_style
Mouse,POLYIC_20190619_mouse42__E3_P1,y,8,4.999999925494195,3,0.14410887397464578,4,0.1777535441657579,0.033644670191112114,5364,5502,unetr_style
Mouse,POLYIC_20190619_mouse43__E3_P1,x,2,3.1999998807907124,1,0.5088148873653281,0,0.5118110236220472,0.0029961362567191285,4084,4064,current_best
Mouse,POLYIC_20190619_mouse43__E3_P1,x,3,3.1999998807907124,2,0.3396180215475024,2,0.3484251968503937,0.008807175302891268,4084,4064,current_best
Mouse,POLYIC_20190619_mouse43__E3_P1,x,4,3.1999998807907124,0,0.2615083251714006,0,0.2593503937007874,-0.002157931470613217,4084,4064,current_best
Mouse,POLYIC_20190619_mouse43__E3_P1,x,5,3.1999998807907124,1,0.21449559255631734,0,0.20521653543307086,-0.009279057123246476,4084,4064,current_best
Mouse,POLYIC_20190619_mouse43__E3_P1,x,6,3.1999998807907124,5,0.17580803134182174,2,0.1747047244094488,-0.0011033069323729272,4084,4064,current_best
Mouse,POLYIC_20190619_mouse43__E3_P1,x,7,3.1999998807907124,0,0.15523996082272282,0,0.1577263779527559,0.002486417130033086,4084,4064,current_best
Mouse,POLYIC_20190619_mouse43__E3_P1,x,8,3.1999998807907124,7,0.13491674828599412,6,0.13558070866141733,0.0006639603754232115,4084,4064,current_best
Mouse,POLYIC_20190619_mouse43__E3_P1,y,2,4.999999925494195,0,0.5091743119266054,0,0.5098634294385432,0.0006891175119377868,5232,5272,current_best
Mouse,POLYIC_20190619_mouse43__E3_P1,y,3,4.999999925494195,0,0.3388761467889908,0,0.3681714719271624,0.02929532513817157,5232,5272,current_best
Mouse,POLYIC_20190619_mouse43__E3_P1,y,4,4.999999925494195,2,0.2566896024464832,3,0.26783004552352047,0.011140443077037265,5232,5272,current_best
Mouse,POLYIC_20190619_mouse43__E3_P1,y,5,4.999999925494195,0,0.21521406727828746,0,0.3600151745068285,0.14480110722854106,5232,5272,current_best
Mouse,POLYIC_20190619_mouse43__E3_P1,y,6,4.999999925494195,4,0.1834862385321101,4,0.19954476479514416,0.016058526263034056,5232,5272,current_best
Mouse,POLYIC_20190619_mouse43__E3_P1,y,7,4.999999925494195,2,0.17392966360856268,3,0.17621396054628224,0.00228429693771956,5232,5272,current_best
Mouse,POLYIC_20190619_mouse43__E3_P1,y,8,4.999999925494195,6,0.15347859327217125,4,0.164453717754173,0.010975124482001747,5232,5272,current_best
Mouse,POLYIC_20190619_mouse43__E3_P1,x,2,3.1999998807907124,1,0.5088148873653281,1,0.5026227944682881,-0.006192092897040036,4084,4194,unetr_style
Mouse,POLYIC_20190619_mouse43__E3_P1,x,3,3.1999998807907124,2,0.3396180215475024,2,0.3583690987124464,0.018751077164943952,4084,4194,unetr_style
Mouse,POLYIC_20190619_mouse43__E3_P1,x,4,3.1999998807907124,0,0.2615083251714006,0,0.25393419170243203,-0.007574133468968569,4084,4194,unetr_style
Mouse,POLYIC_20190619_mouse43__E3_P1,x,5,3.1999998807907124,1,0.21449559255631734,4,0.21030042918454936,-0.004195163371767979,4084,4194,unetr_style
Mouse,POLYIC_20190619_mouse43__E3_P1,x,6,3.1999998807907124,5,0.17580803134182174,5,0.1797806390081068,0.003972607666285072,4084,4194,unetr_style
Mouse,POLYIC_20190619_mouse43__E3_P1,x,7,3.1999998807907124,0,0.15523996082272282,0,0.15546018121125418,0.00022022038853136694,4084,4194,unetr_style
Mouse,POLYIC_20190619_mouse43__E3_P1,x,8,3.1999998807907124,7,0.13491674828599412,7,0.13304721030042918,-0.0018695379855649397,4084,4194,unetr_style
Mouse,POLYIC_20190619_mouse43__E3_P1,y,2,4.999999925494195,0,0.5091743119266054,0,0.5050809183289424,-0.004093393597663031,5232,5314,unetr_style
Mouse,POLYIC_20190619_mouse43__E3_P1,y,3,4.999999925494195,0,0.3388761467889908,0,0.38106887467068123,0.04219272788169043,5232,5314,unetr_style
Mouse,POLYIC_20190619_mouse43__E3_P1,y,4,4.999999925494195,2,0.2566896024464832,3,0.26740684983063606,0.010717247384152861,5232,5314,unetr_style
Mouse,POLYIC_20190619_mouse43__E3_P1,y,5,4.999999925494195,0,0.21521406727828746,0,0.3534060971019947,0.13819202982370726,5232,5314,unetr_style
Mouse,POLYIC_20190619_mouse43__E3_P1,y,6,4.999999925494195,4,0.1834862385321101,3,0.20135491155438465,0.017868673022274545,5232,5314,unetr_style
Mouse,POLYIC_20190619_mouse43__E3_P1,y,7,4.999999925494195,2,0.17392966360856268,3,0.1906285284155062,0.01669886480694352,5232,5314,unetr_style
Mouse,POLYIC_20190619_mouse43__E3_P1,y,8,4.999999925494195,6,0.15347859327217125,4,0.16428302596913813,0.010804432696966876,5232,5314,unetr_style
Mouse,POLYIC_20190628_mouse33__E3_P1,x,2,3.1999998807907124,0,0.5121334681496461,0,0.5073084677419355,-0.004825000407710611,3956,3968,current_best
Mouse,POLYIC_20190628_mouse33__E3_P1,x,3,3.1999998807907124,2,0.35085945399393326,2,0.3467741935483871,-0.004085260445546135,3956,3968,current_best
Mouse,POLYIC_20190628_mouse33__E3_P1,x,4,3.1999998807907124,2,0.2616279069767442,2,0.25756048387096775,-0.004067423105776458,3956,3968,current_best
Mouse,POLYIC_20190628_mouse33__E3_P1,x,5,3.1999998807907124,4,0.21081900910010112,1,0.21597782258064516,0.005158813480544033,3956,3968,current_best
Mouse,POLYIC_20190628_mouse33__E3_P1,x,6,3.1999998807907124,5,0.17669362992922144,0,0.1822076612903226,0.0055140313611011516,3956,3968,current_best
Mouse,POLYIC_20190628_mouse33__E3_P1,x,7,3.1999998807907124,0,0.15091001011122346,0,0.16028225806451613,0.009372247953292667,3956,3968,current_best
Mouse,POLYIC_20190628_mouse33__E3_P1,x,8,3.1999998807907124,6,0.13675429726996965,6,0.13860887096774194,0.0018545736977722826,3956,3968,current_best
Mouse,POLYIC_20190628_mouse33__E3_P1,y,2,4.999999925494195,0,0.5018463810930576,0,0.5190127970749543,0.01716641598189672,5416,5470,current_best
Mouse,POLYIC_20190628_mouse33__E3_P1,y,3,4.999999925494195,1,0.33899556868537667,2,0.3853747714808044,0.04637920279542773,5416,5470,current_best
Mouse,POLYIC_20190628_mouse33__E3_P1,y,4,4.999999925494195,2,0.25406203840472674,2,0.2789762340036563,0.024914195598929545,5416,5470,current_best
Mouse,POLYIC_20190628_mouse33__E3_P1,y,5,4.999999925494195,3,0.22950516986706057,3,0.35612431444241316,0.1266191445753526,5416,5470,current_best
Mouse,POLYIC_20190628_mouse33__E3_P1,y,6,4.999999925494195,2,0.18112998522895127,2,0.23473491773308958,0.05360493250413831,5416,5470,current_best
Mouse,POLYIC_20190628_mouse33__E3_P1,y,7,4.999999925494195,3,0.15528064992614476,0,0.2076782449725777,0.05239759504643293,5416,5470,current_best
Mouse,POLYIC_20190628_mouse33__E3_P1,y,8,4.999999925494195,2,0.14143279172821271,1,0.196709323583181,0.05527653185496828,5416,5470,current_best
Mouse,POLYIC_20190628_mouse33__E3_P1,x,2,3.1999998807907124,0,0.5121334681496461,0,0.5415451895043731,0.029411721354727027,3956,4116,unetr_style
Mouse,POLYIC_20190628_mouse33__E3_P1,x,3,3.1999998807907124,2,0.35085945399393326,1,0.33843537414965985,-0.012424079844273406,3956,4116,unetr_style
Mouse,POLYIC_20190628_mouse33__E3_P1,x,4,3.1999998807907124,2,0.2616279069767442,0,0.2786686103012634,0.01704070332451918,3956,4116,unetr_style
Mouse,POLYIC_20190628_mouse33__E3_P1,x,5,3.1999998807907124,4,0.21081900910010112,3,0.20748299319727892,-0.0033360159028222036,3956,4116,unetr_style
Mouse,POLYIC_20190628_mouse33__E3_P1,x,6,3.1999998807907124,5,0.17669362992922144,0,0.18828960155490768,0.011595971625686236,3956,4116,unetr_style
Mouse,POLYIC_20190628_mouse33__E3_P1,x,7,3.1999998807907124,0,0.15091001011122346,1,0.1554907677356657,0.004580757624442239,3956,4116,unetr_style
Mouse,POLYIC_20190628_mouse33__E3_P1,x,8,3.1999998807907124,6,0.13675429726996965,4,0.1511175898931001,0.014363292623130436,3956,4116,unetr_style
Mouse,POLYIC_20190628_mouse33__E3_P1,y,2,4.999999925494195,0,0.5018463810930576,0,0.500904486251809,-0.000941894841248625,5416,5528,unetr_style
Mouse,POLYIC_20190628_mouse33__E3_P1,y,3,4.999999925494195,1,0.33899556868537667,2,0.3835021707670043,0.044506602081627655,5416,5528,unetr_style
Mouse,POLYIC_20190628_mouse33__E3_P1,y,4,4.999999925494195,2,0.25406203840472674,1,0.277315484804631,0.023253446399904232,5416,5528,unetr_style
Mouse,POLYIC_20190628_mouse33__E3_P1,y,5,4.999999925494195,3,0.22950516986706057,3,0.3465991316931983,0.11709396182613771,5416,5528,unetr_style
Mouse,POLYIC_20190628_mouse33__E3_P1,y,6,4.999999925494195,2,0.18112998522895127,2,0.23082489146164978,0.04969490623269851,5416,5528,unetr_style
Mouse,POLYIC_20190628_mouse33__E3_P1,y,7,4.999999925494195,3,0.15528064992614476,0,0.20061505065123011,0.04533440072508535,5416,5528,unetr_style
Mouse,POLYIC_20190628_mouse33__E3_P1,y,8,4.999999925494195,2,0.14143279172821271,1,0.2040520984081042,0.06261930667989149,5416,5528,unetr_style
Mouse,POLYIC_20190628_mouse34__E6_P1,x,2,3.1999998807907124,0,0.5033197139938713,0,0.5100205549845838,0.006700840990712442,3916,3892,current_best
Mouse,POLYIC_20190628_mouse34__E6_P1,x,3,3.1999998807907124,2,0.3409090909090909,1,0.3404419321685509,-0.00046715874053998574,3916,3892,current_best
Mouse,POLYIC_20190628_mouse34__E6_P1,x,4,3.1999998807907124,2,0.26072522982635343,2,0.2649023638232271,0.004177133996873694,3916,3892,current_best
Mouse,POLYIC_20190628_mouse34__E6_P1,x,5,3.1999998807907124,0,0.21220633299284986,1,0.20606372045220966,-0.006142612540640191,3916,3892,current_best
Mouse,POLYIC_20190628_mouse34__E6_P1,x,6,3.1999998807907124,5,0.1764555669050051,4,0.18396711202466598,0.007511545119660873,3916,3892,current_best
Mouse,POLYIC_20190628_mouse34__E6_P1,x,7,3.1999998807907124,3,0.1511746680286006,4,0.15082219938335045,-0.00035246864525015353,3916,3892,current_best
Mouse,POLYIC_20190628_mouse34__E6_P1,x,8,3.1999998807907124,2,0.13789581205311544,1,0.14773895169578624,0.009843139642670806,3916,3892,current_best
Mouse,POLYIC_20190628_mouse34__E6_P1,y,2,4.999999925494195,1,0.5059501673484567,0,0.548716995165489,0.04276682781703234,5378,5378,current_best
Mouse,POLYIC_20190628_mouse34__E6_P1,y,3,4.999999925494195,2,0.3462253625883228,1,0.34659724804760134,0.00037188545927852035,5378,5378,current_best
Mouse,POLYIC_20190628_mouse34__E6_P1,y,4,4.999999925494195,1,0.2612495351431759,2,0.2759390107846783,0.014689475641502414,5378,5378,current_best
Mouse,POLYIC_20190628_mouse34__E6_P1,y,5,4.999999925494195,1,0.21309036816660468,0,0.3558943845295649,0.14280401636296022,5378,5378,current_best
Mouse,POLYIC_20190628_mouse34__E6_P1,y,6,4.999999925494195,5,0.1911491260691707,4,0.20490888806247676,0.013759761993306058,5378,5378,current_best
Mouse,POLYIC_20190628_mouse34__E6_P1,y,7,4.999999925494195,3,0.17869096318333952,5,0.1569356638155448,-0.021755299367794717,5378,5378,current_best
Mouse,POLYIC_20190628_mouse34__E6_P1,y,8,4.999999925494195,5,0.1569356638155448,6,0.20435105987355895,0.04741539605801415,5378,5378,current_best
Mouse,POLYIC_20190628_mouse34__E6_P1,x,2,3.1999998807907124,0,0.5033197139938713,1,0.5071078431372549,0.0037881291433835562,3916,4080,unetr_style
Mouse,POLYIC_20190628_mouse34__E6_P1,x,3,3.1999998807907124,2,0.3409090909090909,0,0.3365196078431373,-0.004389483065953603,3916,4080,unetr_style
Mouse,POLYIC_20190628_mouse34__E6_P1,x,4,3.1999998807907124,2,0.26072522982635343,1,0.2590686274509804,-0.0016566023753730175,3916,4080,unetr_style
Mouse,POLYIC_20190628_mouse34__E6_P1,x,5,3.1999998807907124,0,0.21220633299284986,1,0.2105392156862745,-0.0016671173065753442,3916,4080,unetr_style
Mouse,POLYIC_20190628_mouse34__E6_P1,x,6,3.1999998807907124,5,0.1764555669050051,4,0.1803921568627451,0.003936589957739989,3916,4080,unetr_style
Mouse,POLYIC_20190628_mouse34__E6_P1,x,7,3.1999998807907124,3,0.1511746680286006,2,0.15416666666666667,0.002991998638066068,3916,4080,unetr_style
Mouse,POLYIC_20190628_mouse34__E6_P1,x,8,3.1999998807907124,2,0.13789581205311544,1,0.13259803921568628,-0.00529777283742916,3916,4080,unetr_style
Mouse,POLYIC_20190628_mouse34__E6_P1,y,2,4.999999925494195,1,0.5059501673484567,0,0.5347426470588236,0.028792479710366914,5378,5440,unetr_style
Mouse,POLYIC_20190628_mouse34__E6_P1,y,3,4.999999925494195,2,0.3462253625883228,1,0.3693014705882353,0.0230761079999125,5378,5440,unetr_style
Mouse,POLYIC_20190628_mouse34__E6_P1,y,4,4.999999925494195,1,0.2612495351431759,2,0.27003676470588234,0.008787229562706445,5378,5440,unetr_style
Mouse,POLYIC_20190628_mouse34__E6_P1,y,5,4.999999925494195,1,0.21309036816660468,0,0.3516544117647059,0.13856404359810123,5378,5440,unetr_style
Mouse,POLYIC_20190628_mouse34__E6_P1,y,6,4.999999925494195,5,0.1911491260691707,4,0.20441176470588235,0.013262638636711649,5378,5440,unetr_style
Mouse,POLYIC_20190628_mouse34__E6_P1,y,7,4.999999925494195,3,0.17869096318333952,5,0.1604779411764706,-0.018213022006868917,5378,5440,unetr_style
Mouse,POLYIC_20190628_mouse34__E6_P1,y,8,4.999999925494195,5,0.1569356638155448,6,0.18860294117647058,0.03166727736092578,5378,5440,unetr_style
Mouse,POLYIC_20190628_mouse35__E3_P1,x,2,3.1999998807907124,1,0.5177215189873418,1,0.5177484787018256,2.6959714483854036e-05,3950,3944,current_best
Mouse,POLYIC_20190628_mouse35__E3_P1,x,3,3.1999998807907124,0,0.3473417721518987,0,0.33975659229208927,-0.007585179859809443,3950,3944,current_best
Mouse,POLYIC_20190628_mouse35__E3_P1,x,4,3.1999998807907124,3,0.260253164556962,3,0.26140973630831643,0.0011565717513544183,3950,3944,current_best
Mouse,POLYIC_20190628_mouse35__E3_P1,x,5,3.1999998807907124,1,0.20810126582278482,1,0.2079107505070994,-0.00019051531568542446,3950,3944,current_best
Mouse,POLYIC_20190628_mouse35__E3_P1,x,6,3.1999998807907124,1,0.1850632911392405,1,0.18407707910750506,-0.000986212031735434,3950,3944,current_best
Mouse,POLYIC_20190628_mouse35__E3_P1,x,7,3.1999998807907124,1,0.1830379746835443,1,0.17038539553752535,-0.012652579146018944,3950,3944,current_best
Mouse,POLYIC_20190628_mouse35__E3_P1,x,8,3.1999998807907124,3,0.14405063291139242,3,0.14655172413793102,0.0025010912265386043,3950,3944,current_best
Mouse,POLYIC_20190628_mouse35__E3_P1,y,2,4.999999925494195,0,0.5054144884241971,1,0.568038561364479,0.06262407294028194,5356,5394,current_best
Mouse,POLYIC_20190628_mouse35__E3_P1,y,3,4.999999925494195,1,0.3448469006721434,2,0.3709677419354839,0.026120841263340466,5356,5394,current_best
Mouse,POLYIC_20190628_mouse35__E3_P1,y,4,4.999999925494195,3,0.2626960418222554,1,0.2918057100482017,0.029109668225946295,5356,5394,current_best
Mouse,POLYIC_20190628_mouse35__E3_P1,y,5,4.999999925494195,1,0.21359223300970873,2,0.3474230626622173,0.13383082965250856,5356,5394,current_best
Mouse,POLYIC_20190628_mouse35__E3_P1,y,6,4.999999925494195,3,0.18241224794622854,3,0.23155357804968482,0.04914133010345628,5356,5394,current_best
Mouse,POLYIC_20190628_mouse35__E3_P1,y,7,4.999999925494195,0,0.16392830470500375,0,0.16981831664812755,0.005890011943123802,5356,5394,current_best
Mouse,POLYIC_20190628_mouse35__E3_P1,y,8,4.999999925494195,3,0.13872292755787902,1,0.19781238413051538,0.05908945657263637,5356,5394,current_best
Mouse,POLYIC_20190628_mouse35__E3_P1,x,2,3.1999998807907124,1,0.5177215189873418,1,0.5039273441335297,-0.013794174853812069,3950,4074,unetr_style
Mouse,POLYIC_20190628_mouse35__E3_P1,x,3,3.1999998807907124,0,0.3473417721518987,0,0.3446244477172312,-0.0027173244346674896,3950,4074,unetr_style
Mouse,POLYIC_20190628_mouse35__E3_P1,x,4,3.1999998807907124,3,0.260253164556962,0,0.2599410898379971,-0.00031207471896493866,3950,4074,unetr_style
Mouse,POLYIC_20190628_mouse35__E3_P1,x,5,3.1999998807907124,1,0.20810126582278482,1,0.21723122238586157,0.009129956563076747,3950,4074,unetr_style
Mouse,POLYIC_20190628_mouse35__E3_P1,x,6,3.1999998807907124,1,0.1850632911392405,0,0.17304860088365243,-0.012014690255588073,3950,4074,unetr_style
Mouse,POLYIC_20190628_mouse35__E3_P1,x,7,3.1999998807907124,1,0.1830379746835443,1,0.17083946980854198,-0.01219850487500232,3950,4074,unetr_style
Mouse,POLYIC_20190628_mouse35__E3_P1,x,8,3.1999998807907124,3,0.14405063291139242,4,0.13549337260677466,-0.008557260304617759,3950,4074,unetr_style
Mouse,POLYIC_20190628_mouse35__E3_P1,y,2,4.999999925494195,0,0.5054144884241971,1,0.5548825256975036,0.04946803727330651,5356,5448,unetr_style
Mouse,POLYIC_20190628_mouse35__E3_P1,y,3,4.999999925494195,1,0.3448469006721434,2,0.3694933920704846,0.024646491398341186,5356,5448,unetr_style
Mouse,POLYIC_20190628_mouse35__E3_P1,y,4,4.999999925494195,3,0.2626960418222554,1,0.2795521292217327,0.016856087399477304,5356,5448,unetr_style
Mouse,POLYIC_20190628_mouse35__E3_P1,y,5,4.999999925494195,1,0.21359223300970873,2,0.34526431718061673,0.131672084170908,5356,5448,unetr_style
Mouse,POLYIC_20190628_mouse35__E3_P1,y,6,4.999999925494195,3,0.18241224794622854,3,0.21420704845814978,0.03179480051192124,5356,5448,unetr_style
Mouse,POLYIC_20190628_mouse35__E3_P1,y,7,4.999999925494195,0,0.16392830470500375,0,0.16299559471365638,-0.0009327099913473691,5356,5448,unetr_style
Mouse,POLYIC_20190628_mouse35__E3_P1,y,8,4.999999925494195,3,0.13872292755787902,1,0.18979441997063143,0.05107149241275241,5356,5448,unetr_style
Mouse,POLYIC_20190628_mouse36__E3_P1,x,2,3.1999998807907124,1,0.5142787996127783,0,0.5050773694390716,-0.009201430173706782,4132,4136,current_best
Mouse,POLYIC_20190628_mouse36__E3_P1,x,3,3.1999998807907124,2,0.3477734753146176,2,0.34937137330754353,0.001597897992925923,4132,4136,current_best
Mouse,POLYIC_20190628_mouse36__E3_P1,x,4,3.1999998807907124,3,0.2633107454017425,0,0.2625725338491296,-0.0007382115526128885,4132,4136,current_best
Mouse,POLYIC_20190628_mouse36__E3_P1,x,5,3.1999998807907124,0,0.20716360116166505,3,0.2127659574468085,0.005602356285143467,4132,4136,current_best
Mouse,POLYIC_20190628_mouse36__E3_P1,x,6,3.1999998807907124,5,0.18635043562439496,5,0.17819148936170212,-0.00815894626269284,4132,4136,current_best
Mouse,POLYIC_20190628_mouse36__E3_P1,x,7,3.1999998807907124,4,0.15246853823814133,4,0.1518375241779497,-0.0006310140601916148,4132,4136,current_best
Mouse,POLYIC_20190628_mouse36__E3_P1,x,8,3.1999998807907124,1,0.13649564375605033,1,0.14095744680851063,0.0044618030524603,4132,4136,current_best
Mouse,POLYIC_20190628_mouse36__E3_P1,y,2,4.999999925494195,0,0.5149388048956084,1,0.5580853352456078,0.04314653034999938,5556,5578,current_best
Mouse,POLYIC_20190628_mouse36__E3_P1,y,3,4.999999925494195,1,0.34485241180705545,1,0.35926855503764793,0.014416143230592482,5556,5578,current_best
Mouse,POLYIC_20190628_mouse36__E3_P1,y,4,4.999999925494195,2,0.2687185025197984,1,0.31391179634277516,0.045193293822976766,5556,5578,current_best
Mouse,POLYIC_20190628_mouse36__E3_P1,y,5,4.999999925494195,3,0.226601871850252,2,0.359806382215848,0.133204510365596,5556,5578,current_best
Mouse,POLYIC_20190628_mouse36__E3_P1,y,6,4.999999925494195,0,0.1783657307415407,1,0.21351738974542847,0.03515165900388778,5556,5578,current_best
Mouse,POLYIC_20190628_mouse36__E3_P1,y,7,4.999999925494195,3,0.1677465802735781,6,0.17084976694155612,0.003103186667978014,5556,5578,current_best
Mouse,POLYIC_20190628_mouse36__E3_P1,y,8,4.999999925494195,1,0.1421886249100072,1,0.21620652563642884,0.07401790072642164,5556,5578,current_best
Mouse,POLYIC_20190628_mouse36__E3_P1,x,2,3.1999998807907124,1,0.5142787996127783,0,0.50625,-0.008028799612778359,4132,4320,unetr_style
Mouse,POLYIC_20190628_mouse36__E3_P1,x,3,3.1999998807907124,2,0.3477734753146176,2,0.34976851851851853,0.001995043203900926,4132,4320,unetr_style
Mouse,POLYIC_20190628_mouse36__E3_P1,x,4,3.1999998807907124,3,0.2633107454017425,0,0.25787037037037036,-0.005440375031372124,4132,4320,unetr_style
Mouse,POLYIC_20190628_mouse36__E3_P1,x,5,3.1999998807907124,0,0.20716360116166505,4,0.20671296296296296,-0.00045063819870208577,4132,4320,unetr_style
Mouse,POLYIC_20190628_mouse36__E3_P1,x,6,3.1999998807907124,5,0.18635043562439496,5,0.17662037037037037,-0.009730065254024589,4132,4320,unetr_style
Mouse,POLYIC_20190628_mouse36__E3_P1,x,7,3.1999998807907124,4,0.15246853823814133,4,0.1571759259259259,0.004707387687784587,4132,4320,unetr_style
Mouse,POLYIC_20190628_mouse36__E3_P1,x,8,3.1999998807907124,1,0.13649564375605033,1,0.1386574074074074,0.0021617636513570626,4132,4320,unetr_style
Mouse,POLYIC_20190628_mouse36__E3_P1,y,2,4.999999925494195,0,0.5149388048956084,1,0.5597787294789436,0.04483992458333519,5556,5604,unetr_style
Mouse,POLYIC_20190628_mouse36__E3_P1,y,3,4.999999925494195,1,0.34485241180705545,1,0.3483226266952177,0.0034702148881622374,5556,5604,unetr_style
Mouse,POLYIC_20190628_mouse36__E3_P1,y,4,4.999999925494195,2,0.2687185025197984,1,0.3217344753747323,0.053015972854933924,5556,5604,unetr_style
Mouse,POLYIC_20190628_mouse36__E3_P1,y,5,4.999999925494195,3,0.226601871850252,2,0.3495717344753747,0.12296986262512272,5556,5604,unetr_style
Mouse,POLYIC_20190628_mouse36__E3_P1,y,6,4.999999925494195,0,0.1783657307415407,1,0.2091363311920057,0.030770600450465008,5556,5604,unetr_style
Mouse,POLYIC_20190628_mouse36__E3_P1,y,7,4.999999925494195,3,0.1677465802735781,6,0.15881513204853676,-0.008931448225041355,5556,5604,unetr_style
Mouse,POLYIC_20190628_mouse36__E3_P1,y,8,4.999999925494195,1,0.1421886249100072,1,0.20877944325481798,0.06659081834481079,5556,5604,unetr_style
Mouse,POLYIC_20190629_polyic_mo__E3_P1,x,2,3.1999998807907124,1,0.5009940357852882,0,0.5193467336683417,0.018352697883053493,4024,3980,current_best
Mouse,POLYIC_20190629_polyic_mo__E3_P1,x,3,3.1999998807907124,2,0.3429423459244533,1,0.34095477386934675,-0.0019875720551065235,4024,3980,current_best
Mouse,POLYIC_20190629_polyic_mo__E3_P1,x,4,3.1999998807907124,3,0.26118290258449306,0,0.2620603015075377,0.0008773989230446144,4024,3980,current_best
Mouse,POLYIC_20190629_polyic_mo__E3_P1,x,5,3.1999998807907124,2,0.20526838966202784,4,0.21331658291457287,0.008048193252545022,4024,3980,current_best
Mouse,POLYIC_20190629_polyic_mo__E3_P1,x,6,3.1999998807907124,3,0.18116302186878727,4,0.1829145728643216,0.00175155099553434,4024,3980,current_best
Mouse,POLYIC_20190629_polyic_mo__E3_P1,x,7,3.1999998807907124,2,0.16451292246520874,3,0.16005025125628142,-0.004462671208927321,4024,3980,current_best
Mouse,POLYIC_20190629_polyic_mo__E3_P1,x,8,3.1999998807907124,7,0.13817097415506957,6,0.14045226130653266,0.002281287151463085,4024,3980,current_best
Mouse,POLYIC_20190629_polyic_mo__E3_P1,y,2,4.999999925494195,0,0.5070831819832909,1,0.5454052098408104,0.03832202785751948,5506,5528,current_best
Mouse,POLYIC_20190629_polyic_mo__E3_P1,y,3,4.999999925494195,1,0.3458045768252815,2,0.3475036179450072,0.0016990411197257416,5506,5528,current_best
Mouse,POLYIC_20190629_polyic_mo__E3_P1,y,4,4.999999925494195,2,0.2586269524155467,1,0.2901591895803184,0.031532237164771715,5506,5528,current_best
Mouse,POLYIC_20190629_polyic_mo__E3_P1,y,5,4.999999925494195,3,0.21503814021067927,2,0.361794500723589,0.14675636051290972,5506,5528,current_best
Mouse,POLYIC_20190629_polyic_mo__E3_P1,y,6,4.999999925494195,4,0.18779513258263714,3,0.20803183791606367,0.02023670533342653,5506,5528,current_best
Mouse,POLYIC_20190629_polyic_mo__E3_P1,y,7,4.999999925494195,0,0.15710134398837633,0,0.17311866859623734,0.01601732460786101,5506,5528,current_best
Mouse,POLYIC_20190629_polyic_mo__E3_P1,y,8,4.999999925494195,1,0.143116600072648,1,0.21183068017366136,0.06871408010101335,5506,5528,current_best
Mouse,POLYIC_20190629_polyic_mo__E3_P1,x,2,3.1999998807907124,1,0.5009940357852882,1,0.5106744298884037,0.009680394103115497,4024,4122,unetr_style
Mouse,POLYIC_20190629_polyic_mo__E3_P1,x,3,3.1999998807907124,2,0.3429423459244533,0,0.35953420669577874,0.016591860771325462,4024,4122,unetr_style
Mouse,POLYIC_20190629_polyic_mo__E3_P1,x,4,3.1999998807907124,3,0.26118290258449306,3,0.25934012615235325,-0.0018427764321398143,4024,4122,unetr_style
Mouse,POLYIC_20190629_polyic_mo__E3_P1,x,5,3.1999998807907124,2,0.20526838966202784,0,0.21494420184376517,0.009675812181737325,4024,4122,unetr_style
Mouse,POLYIC_20190629_polyic_mo__E3_P1,x,6,3.1999998807907124,3,0.18116302186878727,3,0.1952935468219311,0.01413052495314382,4024,4122,unetr_style
Mouse,POLYIC_20190629_polyic_mo__E3_P1,x,7,3.1999998807907124,2,0.16451292246520874,2,0.16229985443959244,-0.0022130680256162993,4024,4122,unetr_style
Mouse,POLYIC_20190629_polyic_mo__E3_P1,x,8,3.1999998807907124,7,0.13817097415506957,6,0.1346433770014556,-0.003527597153613976,4024,4122,unetr_style
Mouse,POLYIC_20190629_polyic_mo__E3_P1,y,2,4.999999925494195,0,0.5070831819832909,1,0.5440647482014388,0.036981566218147854,5506,5560,unetr_style
Mouse,POLYIC_20190629_polyic_mo__E3_P1,y,3,4.999999925494195,1,0.3458045768252815,0,0.35251798561151076,0.00671340878622928,5506,5560,unetr_style
Mouse,POLYIC_20190629_polyic_mo__E3_P1,y,4,4.999999925494195,2,0.2586269524155467,1,0.2947841726618705,0.03615722024632384,5506,5560,unetr_style
Mouse,POLYIC_20190629_polyic_mo__E3_P1,y,5,4.999999925494195,3,0.21503814021067927,2,0.35467625899280575,0.13963811878212648,5506,5560,unetr_style
Mouse,POLYIC_20190629_polyic_mo__E3_P1,y,6,4.999999925494195,4,0.18779513258263714,3,0.21510791366906476,0.027312781086427623,5506,5560,unetr_style
Mouse,POLYIC_20190629_polyic_mo__E3_P1,y,7,4.999999925494195,0,0.15710134398837633,0,0.16762589928057553,0.0105245552921992,5506,5560,unetr_style
Mouse,POLYIC_20190629_polyic_mo__E3_P1,y,8,4.999999925494195,1,0.143116600072648,1,0.20161870503597124,0.058502104963323226,5506,5560,unetr_style
Mouse,POLYIC_20190629_polyic_mo__E3_P1_1,x,2,3.1999998807907124,1,0.5091302258529553,0,0.5095928872250819,0.00046266137212658265,4162,4274,current_best
Mouse,POLYIC_20190629_polyic_mo__E3_P1_1,x,3,3.1999998807907124,1,0.3399807784718885,2,0.34885353299017313,0.00887275451828462,4162,4274,current_best
Mouse,POLYIC_20190629_polyic_mo__E3_P1_1,x,4,3.1999998807907124,3,0.2597308986064392,2,0.2678989237248479,0.008168025118408695,4162,4274,current_best
Mouse,POLYIC_20190629_polyic_mo__E3_P1_1,x,5,3.1999998807907124,4,0.2157616530514176,0,0.21782873186710341,0.0020670788156858244,4162,4274,current_best
Mouse,POLYIC_20190629_polyic_mo__E3_P1_1,x,6,3.1999998807907124,5,0.17683805862566074,2,0.1754796443612541,-0.0013584142644066377,4162,4274,current_best
Mouse,POLYIC_20190629_polyic_mo__E3_P1_1,x,7,3.1999998807907124,3,0.15233061028351755,3,0.15559195133364528,0.0032613410501277362,4162,4274,current_best
Mouse,POLYIC_20190629_polyic_mo__E3_P1_1,x,8,3.1999998807907124,3,0.13142719846227774,2,0.13617220402433317,0.0047450055620554266,4162,4274,current_best
Mouse,POLYIC_20190629_polyic_mo__E3_P1_1,y,2,4.999999925494195,1,0.5028538812785388,0,0.5224990702863518,0.01964518900781298,5256,5378,current_best
Mouse,POLYIC_20190629_polyic_mo__E3_P1_1,y,3,4.999999925494195,1,0.3369482496194825,1,0.3538490145035329,0.0169007648840504,5256,5378,current_best
Mouse,POLYIC_20190629_polyic_mo__E3_P1_1,y,4,4.999999925494195,2,0.2595129375951294,2,0.2904425436965415,0.0309296061014121,5256,5378,current_best
Mouse,POLYIC_20190629_polyic_mo__E3_P1_1,y,5,4.999999925494195,3,0.2197488584474886,2,0.35291930085533657,0.13317044240784798,5256,5378,current_best
Mouse,POLYIC_20190629_polyic_mo__E3_P1_1,y,6,4.999999925494195,0,0.1754185692541857,0,0.187244328746746,0.011825759492560317,5256,5378,current_best
Mouse,POLYIC_20190629_polyic_mo__E3_P1_1,y,7,4.999999925494195,6,0.14878234398782345,1,0.16697657121606546,0.018194227228242016,5256,5378,current_best
Mouse,POLYIC_20190629_polyic_mo__E3_P1_1,y,8,4.999999925494195,2,0.1430745814307458,2,0.1498698400892525,0.006795258658506692,5256,5378,current_best
Mouse,POLYIC_20190629_polyic_mo__E3_P1_1,x,2,3.1999998807907124,1,0.5091302258529553,1,0.5041455550437587,-0.004984670809196623,4162,4342,unetr_style
Mouse,POLYIC_20190629_polyic_mo__E3_P1_1,x,3,3.1999998807907124,1,0.3399807784718885,1,0.3394748963611239,-0.0005058821107646327,4162,4342,unetr_style
Mouse,POLYIC_20190629_polyic_mo__E3_P1_1,x,4,3.1999998807907124,3,0.2597308986064392,2,0.26186089359742054,0.002129994990981321,4162,4342,unetr_style
Mouse,POLYIC_20190629_polyic_mo__E3_P1_1,x,5,3.1999998807907124,4,0.2157616530514176,4,0.21418701059419623,-0.001574642457221359,4162,4342,unetr_style
Mouse,POLYIC_20190629_polyic_mo__E3_P1_1,x,6,3.1999998807907124,5,0.17683805862566074,4,0.17157991708889914,-0.005258141536761601,4162,4342,unetr_style
Mouse,POLYIC_20190629_polyic_mo__E3_P1_1,x,7,3.1999998807907124,3,0.15233061028351755,6,0.15269461077844312,0.00036400049492557596,4162,4342,unetr_style
Mouse,POLYIC_20190629_polyic_mo__E3_P1_1,x,8,3.1999998807907124,3,0.13142719846227774,2,0.13657300783049287,0.005145809368215126,4162,4342,unetr_style
Mouse,POLYIC_20190629_polyic_mo__E3_P1_1,y,2,4.999999925494195,1,0.5028538812785388,0,0.5118243243243243,0.008970443045785537,5256,5328,unetr_style
Mouse,POLYIC_20190629_polyic_mo__E3_P1_1,y,3,4.999999925494195,1,0.3369482496194825,1,0.35923423423423423,0.02228598461475173,5256,5328,unetr_style
Mouse,POLYIC_20190629_polyic_mo__E3_P1_1,y,4,4.999999925494195,2,0.2595129375951294,2,0.2875375375375375,0.028024599942408135,5256,5328,unetr_style
Mouse,POLYIC_20190629_polyic_mo__E3_P1_1,y,5,4.999999925494195,3,0.2197488584474886,2,0.3459084084084084,0.12615954996091983,5256,5328,unetr_style
Mouse,POLYIC_20190629_polyic_mo__E3_P1_1,y,6,4.999999925494195,0,0.1754185692541857,1,0.1875,0.012081430745814303,5256,5328,unetr_style
Mouse,POLYIC_20190629_polyic_mo__E3_P1_1,y,7,4.999999925494195,6,0.14878234398782345,1,0.15746996996996998,0.008687625982146535,5256,5328,unetr_style
Mouse,POLYIC_20190629_polyic_mo__E3_P1_1,y,8,4.999999925494195,2,0.1430745814307458,2,0.15202702702702703,0.008952445596281222,5256,5328,unetr_style
Mouse,POLYIC_20190629_polyic_mo__E3_P1_2,x,2,3.1999998807907124,1,0.5052058684335069,0,0.5028328611898017,-0.0023730072437051497,4226,4236,current_best
Mouse,POLYIC_20190629_polyic_mo__E3_P1_2,x,3,3.1999998807907124,2,0.3454803596781827,2,0.34985835694050993,0.004377997262327238,4226,4236,current_best
Mouse,POLYIC_20190629_polyic_mo__E3_P1_2,x,4,3.1999998807907124,3,0.26100331282536676,2,0.2577903682719547,-0.0032129445534120893,4226,4236,current_best
Mouse,POLYIC_20190629_polyic_mo__E3_P1_2,x,5,3.1999998807907124,4,0.2127307146237577,1,0.20939565627950896,-0.0033350583442487425,4226,4236,current_best
Mouse,POLYIC_20190629_polyic_mo__E3_P1_2,x,6,3.1999998807907124,5,0.1767628963558921,5,0.18649669499527857,0.009733798639386476,4226,4236,current_best
Mouse,POLYIC_20190629_polyic_mo__E3_P1_2,x,7,3.1999998807907124,3,0.15380974917179366,5,0.16288951841359772,0.009079769241804064,4226,4236,current_best
Mouse,POLYIC_20190629_polyic_mo__E3_P1_2,x,8,3.1999998807907124,0,0.13558920965451965,0,0.13503305004721436,-0.0005561596073052899,4226,4236,current_best
Mouse,POLYIC_20190629_polyic_mo__E3_P1_2,y,2,4.999999925494195,1,0.5213000367242012,1,0.5403137541043415,0.019013717380140238,5446,5482,current_best
Mouse,POLYIC_20190629_polyic_mo__E3_P1_2,y,3,4.999999925494195,0,0.35310319500550863,0,0.34294053265231667,-0.010162662353191965,5446,5482,current_best
Mouse,POLYIC_20190629_polyic_mo__E3_P1_2,y,4,4.999999925494195,3,0.2629452809401395,3,0.29222911346224006,0.02928383252210054,5446,5482,current_best
Mouse,POLYIC_20190629_polyic_mo__E3_P1_2,y,5,4.999999925494195,3,0.2219977965479251,3,0.35552717986136445,0.13352938331343936,5446,5482,current_best
Mouse,POLYIC_20190629_polyic_mo__E3_P1_2,y,6,4.999999925494195,3,0.1872934263679765,1,0.19700839109813936,0.009714964730162867,5446,5482,current_best
Mouse,POLYIC_20190629_polyic_mo__E3_P1_2,y,7,4.999999925494195,6,0.15662871832537642,2,0.16180226194819408,0.005173543622817661,5446,5482,current_best
Mouse,POLYIC_20190629_polyic_mo__E3_P1_2,y,8,4.999999925494195,5,0.15332354021300038,3,0.16034294053265233,0.007019400319651953,5446,5482,current_best
Mouse,POLYIC_20190629_polyic_mo__E3_P1_2,x,2,3.1999998807907124,1,0.5052058684335069,1,0.506015733456733,0.0008098650232261084,4226,4322,unetr_style
Mouse,POLYIC_20190629_polyic_mo__E3_P1_2,x,3,3.1999998807907124,2,0.3454803596781827,2,0.33433595557612217,-0.011144404102060523,4226,4322,unetr_style
Mouse,POLYIC_20190629_polyic_mo__E3_P1_2,x,4,3.1999998807907124,3,0.26100331282536676,3,0.26168440536788523,0.0006810925425184688,4226,4322,unetr_style
Mouse,POLYIC_20190629_polyic_mo__E3_P1_2,x,5,3.1999998807907124,4,0.2127307146237577,1,0.2117075428042573,-0.0010231718195004014,4226,4322,unetr_style
Mouse,POLYIC_20190629_polyic_mo__E3_P1_2,x,6,3.1999998807907124,5,0.1767628963558921,4,0.1772327626099028,0.0004698662540107146,4226,4322,unetr_style
Mouse,POLYIC_20190629_polyic_mo__E3_P1_2,x,7,3.1999998807907124,3,0.15380974917179366,5,0.15316982878297083,-0.0006399203888228233,4226,4322,unetr_style
Mouse,POLYIC_20190629_polyic_mo__E3_P1_2,x,8,3.1999998807907124,0,0.13558920965451965,3,0.13813049514113837,0.0025412854866187218,4226,4322,unetr_style
Mouse,POLYIC_20190629_polyic_mo__E3_P1_2,y,2,4.999999925494195,1,0.5213000367242012,1,0.5217153284671533,0.00041529174295207305,5446,5480,unetr_style
Mouse,POLYIC_20190629_polyic_mo__E3_P1_2,y,3,4.999999925494195,0,0.35310319500550863,0,0.35875912408759125,0.0056559290820826225,5446,5480,unetr_style
Mouse,POLYIC_20190629_polyic_mo__E3_P1_2,y,4,4.999999925494195,3,0.2629452809401395,3,0.2695255474452555,0.00658026650511595,5446,5480,unetr_style
Mouse,POLYIC_20190629_polyic_mo__E3_P1_2,y,5,4.999999925494195,3,0.2219977965479251,3,0.36952554744525545,0.14752775089733036,5446,5480,unetr_style
Mouse,POLYIC_20190629_polyic_mo__E3_P1_2,y,6,4.999999925494195,3,0.1872934263679765,1,0.19598540145985402,0.008691975091877524,5446,5480,unetr_style
Mouse,POLYIC_20190629_polyic_mo__E3_P1_2,y,7,4.999999925494195,6,0.15662871832537642,0,0.1687956204379562,0.012166902112579786,5446,5480,unetr_style
Mouse,POLYIC_20190629_polyic_mo__E3_P1_2,y,8,4.999999925494195,5,0.15332354021300038,3,0.15474452554744525,0.0014209853344448742,5446,5480,unetr_style
Mouse,POLYIC_20190629_polyic_mo__E3_P1_3,x,2,3.1999998807907124,1,0.501287332646756,0,0.5111223458038423,0.009835013157086347,3884,3956,current_best
Mouse,POLYIC_20190629_polyic_mo__E3_P1_3,x,3,3.1999998807907124,1,0.34629248197734297,1,0.33695652173913043,-0.009335960238212537,3884,3956,current_best
Mouse,POLYIC_20190629_polyic_mo__E3_P1_3,x,4,3.1999998807907124,3,0.256951596292482,0,0.26238624873609706,0.005434652443615073,3884,3956,current_best
Mouse,POLYIC_20190629_polyic_mo__E3_P1_3,x,5,3.1999998807907124,1,0.20829042224510813,4,0.20930232558139536,0.0010119033362872287,3884,3956,current_best
Mouse,POLYIC_20190629_polyic_mo__E3_P1_3,x,6,3.1999998807907124,1,0.174562306900103,0,0.18023255813953487,0.005670251239431878,3884,3956,current_best
Mouse,POLYIC_20190629_polyic_mo__E3_P1_3,x,7,3.1999998807907124,6,0.1560247167868177,6,0.15495449949443882,-0.0010702172923788833,3884,3956,current_best
Mouse,POLYIC_20190629_polyic_mo__E3_P1_3,x,8,3.1999998807907124,3,0.13851699279093718,3,0.1365015166835187,-0.002015476107418479,3884,3956,current_best
Mouse,POLYIC_20190629_polyic_mo__E3_P1_3,y,2,4.999999925494195,0,0.5038574577516532,1,0.5295189504373178,0.025661492685664533,5444,5488,current_best
Mouse,POLYIC_20190629_polyic_mo__E3_P1_3,y,3,4.999999925494195,0,0.35635562086700956,2,0.35659620991253643,0.00024058904552687332,5444,5488,current_best
Mouse,POLYIC_20190629_polyic_mo__E3_P1_3,y,4,4.999999925494195,2,0.25991917707567963,1,0.28680758017492713,0.026888403099247504,5444,5488,current_best
Mouse,POLYIC_20190629_polyic_mo__E3_P1_3,y,5,4.999999925494195,3,0.21914033798677443,2,0.34766763848396504,0.1285273004971906,5444,5488,current_best
Mouse,POLYIC_20190629_polyic_mo__E3_P1_3,y,6,4.999999925494195,0,0.19948567229977957,1,0.20973032069970846,0.01024464839992889,5444,5488,current_best
Mouse,POLYIC_20190629_polyic_mo__E3_P1_3,y,7,4.999999925494195,3,0.16660543717854517,3,0.18385568513119532,0.01725024795265015,5444,5488,current_best
Mouse,POLYIC_20190629_polyic_mo__E3_P1_3,y,8,4.999999925494195,3,0.13739897134459955,1,0.17401603498542273,0.03661706364082318,5444,5488,current_best
Mouse,POLYIC_20190629_polyic_mo__E3_P1_3,x,2,3.1999998807907124,1,0.501287332646756,0,0.5213839500240269,0.020096617377270976,3884,4162,unetr_style
Mouse,POLYIC_20190629_polyic_mo__E3_P1_3,x,3,3.1999998807907124,1,0.34629248197734297,0,0.33781835655934644,-0.008474125417996525,3884,4162,unetr_style
Mouse,POLYIC_20190629_polyic_mo__E3_P1_3,x,4,3.1999998807907124,3,0.256951596292482,0,0.26453628063431045,0.007584684341828463,3884,4162,unetr_style
Mouse,POLYIC_20190629_polyic_mo__E3_P1_3,x,5,3.1999998807907124,1,0.20829042224510813,0,0.20927438731379144,0.0009839650686833123,3884,4162,unetr_style
Mouse,POLYIC_20190629_polyic_mo__E3_P1_3,x,6,3.1999998807907124,1,0.174562306900103,0,0.18068236424795772,0.006120057347854729,3884,4162,unetr_style
Mouse,POLYIC_20190629_polyic_mo__E3_P1_3,x,7,3.1999998807907124,6,0.1560247167868177,1,0.1494473810667948,-0.006577335720022892,3884,4162,unetr_style
Mouse,POLYIC_20190629_polyic_mo__E3_P1_3,x,8,3.1999998807907124,3,0.13851699279093718,0,0.1367131186929361,-0.0018038740980010903,3884,4162,unetr_style
Mouse,POLYIC_20190629_polyic_mo__E3_P1_3,y,2,4.999999925494195,0,0.5038574577516532,1,0.515884476534296,0.012027018782642784,5444,5540,unetr_style
Mouse,POLYIC_20190629_polyic_mo__E3_P1_3,y,3,4.999999925494195,0,0.35635562086700956,1,0.3586642599277978,0.0023086390607882645,5444,5540,unetr_style
Mouse,POLYIC_20190629_polyic_mo__E3_P1_3,y,4,4.999999925494195,2,0.25991917707567963,1,0.2891696750902527,0.02925049801457308,5444,5540,unetr_style
Mouse,POLYIC_20190629_polyic_mo__E3_P1_3,y,5,4.999999925494195,3,0.21914033798677443,2,0.35505415162454873,0.1359138136377743,5444,5540,unetr_style
Mouse,POLYIC_20190629_polyic_mo__E3_P1_3,y,6,4.999999925494195,0,0.19948567229977957,1,0.20830324909747291,0.00881757679769335,5444,5540,unetr_style
Mouse,POLYIC_20190629_polyic_mo__E3_P1_3,y,7,4.999999925494195,3,0.16660543717854517,3,0.18176895306859206,0.015163515890046886,5444,5540,unetr_style
Mouse,POLYIC_20190629_polyic_mo__E3_P1_3,y,8,4.999999925494195,3,0.13739897134459955,1,0.1740072202166065,0.03660824887200695,5444,5540,unetr_style
Mouse,POLYIC_20190629_polyic_mo__E3_P1_5,x,2,3.1999998807907124,1,0.5054590570719603,1,0.5066864784546805,0.0012274213827202507,4030,4038,current_best
Mouse,POLYIC_20190629_polyic_mo__E3_P1_5,x,3,3.1999998807907124,1,0.3426799007444169,1,0.3405151064883606,-0.0021647942560563127,4030,4038,current_best
Mouse,POLYIC_20190629_polyic_mo__E3_P1_5,x,4,3.1999998807907124,3,0.2669975186104218,3,0.26869737493808815,0.001699856327666338,4030,4038,current_best
Mouse,POLYIC_20190629_polyic_mo__E3_P1_5,x,5,3.1999998807907124,2,0.21761786600496277,2,0.21471025260029716,-0.00290761340466561,4030,4038,current_best
Mouse,POLYIC_20190629_polyic_mo__E3_P1_5,x,6,3.1999998807907124,4,0.17419354838709677,3,0.1738484398216939,-0.00034510856540287405,4030,4038,current_best
Mouse,POLYIC_20190629_polyic_mo__E3_P1_5,x,7,3.1999998807907124,2,0.16476426799007443,2,0.16468548786527984,-7.878012479459184e-05,4030,4038,current_best
Mouse,POLYIC_20190629_polyic_mo__E3_P1_5,x,8,3.1999998807907124,3,0.1334987593052109,3,0.14041604754829123,0.006917288243080327,4030,4038,current_best
Mouse,POLYIC_20190629_polyic_mo__E3_P1_5,y,2,4.999999925494195,1,0.5090339233038348,0,0.5190476190476191,0.010013695743784301,5424,5460,current_best
Mouse,POLYIC_20190629_polyic_mo__E3_P1_5,y,3,4.999999925494195,0,0.34494837758112096,2,0.37142857142857144,0.026480193847450484,5424,5460,current_best
Mouse,POLYIC_20190629_polyic_mo__E3_P1_5,y,4,4.999999925494195,3,0.25995575221238937,2,0.27985347985347986,0.01989772764109049,5424,5460,current_best
Mouse,POLYIC_20190629_polyic_mo__E3_P1_5,y,5,4.999999925494195,3,0.2206858407079646,3,0.3525641025641026,0.131878261856138,5424,5460,current_best
Mouse,POLYIC_20190629_polyic_mo__E3_P1_5,y,6,4.999999925494195,3,0.18215339233038347,2,0.22765567765567765,0.045502285325294184,5424,5460,current_best
Mouse,POLYIC_20190629_polyic_mo__E3_P1_5,y,7,4.999999925494195,3,0.18067846607669616,3,0.17032967032967034,-0.010348795747025824,5424,5460,current_best
Mouse,POLYIC_20190629_polyic_mo__E3_P1_5,y,8,4.999999925494195,5,0.14233038348082597,6,0.17967032967032967,0.0373399461895037,5424,5460,current_best
Mouse,POLYIC_20190629_polyic_mo__E3_P1_5,x,2,3.1999998807907124,1,0.5054590570719603,0,0.5059722885809842,0.000513231509023937,4030,4186,unetr_style
Mouse,POLYIC_20190629_polyic_mo__E3_P1_5,x,3,3.1999998807907124,1,0.3426799007444169,2,0.3580984233158146,0.015418522571397697,4030,4186,unetr_style
Mouse,POLYIC_20190629_polyic_mo__E3_P1_5,x,4,3.1999998807907124,3,0.2669975186104218,3,0.26206402293358816,-0.004933495676833655,4030,4186,unetr_style
Mouse,POLYIC_20190629_polyic_mo__E3_P1_5,x,5,3.1999998807907124,2,0.21761786600496277,2,0.225752508361204,0.008134642356241228,4030,4186,unetr_style
Mouse,POLYIC_20190629_polyic_mo__E3_P1_5,x,6,3.1999998807907124,4,0.17419354838709677,2,0.18657429526994745,0.01238074688285068,4030,4186,unetr_style
Mouse,POLYIC_20190629_polyic_mo__E3_P1_5,x,7,3.1999998807907124,2,0.16476426799007443,2,0.16077400860009555,-0.0039902593899788785,4030,4186,unetr_style
Mouse,POLYIC_20190629_polyic_mo__E3_P1_5,x,8,3.1999998807907124,3,0.1334987593052109,7,0.13258480649784998,-0.0009139528073609238,4030,4186,unetr_style
Mouse,POLYIC_20190629_polyic_mo__E3_P1_5,y,2,4.999999925494195,1,0.5090339233038348,0,0.5231836436655714,0.014149720361736562,5424,5478,unetr_style
Mouse,POLYIC_20190629_polyic_mo__E3_P1_5,y,3,4.999999925494195,0,0.34494837758112096,2,0.37221613727637826,0.0272677596952573,5424,5478,unetr_style
Mouse,POLYIC_20190629_polyic_mo__E3_P1_5,y,4,4.999999925494195,3,0.25995575221238937,2,0.2836801752464403,0.023724423034050923,5424,5478,unetr_style
Mouse,POLYIC_20190629_polyic_mo__E3_P1_5,y,5,4.999999925494195,3,0.2206858407079646,3,0.343921139101862,0.12323529839389741,5424,5478,unetr_style
Mouse,POLYIC_20190629_polyic_mo__E3_P1_5,y,6,4.999999925494195,3,0.18215339233038347,2,0.23128879152975537,0.049135399199371904,5424,5478,unetr_style
Mouse,POLYIC_20190629_polyic_mo__E3_P1_5,y,7,4.999999925494195,3,0.18067846607669616,3,0.16849215041986126,-0.012186315656834895,5424,5478,unetr_style
Mouse,POLYIC_20190629_polyic_mo__E3_P1_5,y,8,4.999999925494195,5,0.14233038348082597,6,0.17981014968966777,0.0374797662088418,5424,5478,unetr_style
Mouse,POLYIC_20190629_polyic_mo__E4_P1_2,x,2,3.1999998807907124,0,0.505324298160697,1,0.5033751205400193,-0.0019491776206777,4132,4148,current_best
Mouse,POLYIC_20190629_polyic_mo__E4_P1_2,x,3,3.1999998807907124,1,0.33736689254598257,0,0.34281581485053036,0.005448922304547799,4132,4148,current_best
Mouse,POLYIC_20190629_polyic_mo__E4_P1_2,x,4,3.1999998807907124,3,0.2584704743465634,1,0.2668756027000964,0.00840512835353302,4132,4148,current_best
Mouse,POLYIC_20190629_polyic_mo__E4_P1_2,x,5,3.1999998807907124,1,0.20401742497579864,0,0.21239151398264225,0.00837408900684361,4132,4148,current_best
Mouse,POLYIC_20190629_polyic_mo__E4_P1_2,x,6,3.1999998807907124,2,0.17473378509196516,3,0.1750241080038573,0.0002903229118921269,4132,4148,current_best
Mouse,POLYIC_20190629_polyic_mo__E4_P1_2,x,7,3.1999998807907124,3,0.15198451113262343,1,0.1562198649951784,0.004235353862554969,4132,4148,current_best
Mouse,POLYIC_20190629_polyic_mo__E4_P1_2,x,8,3.1999998807907124,7,0.13770571151984512,0,0.1444069431051109,0.006701231585265782,4132,4148,current_best
Mouse,POLYIC_20190629_polyic_mo__E4_P1_2,y,2,4.999999925494195,1,0.5151953690303908,1,0.5126080691642652,-0.002587299866125603,5528,5552,current_best
Mouse,POLYIC_20190629_polyic_mo__E4_P1_2,y,3,4.999999925494195,0,0.34876989869753977,2,0.35644812680115273,0.007678228103612961,5528,5552,current_best
Mouse,POLYIC_20190629_polyic_mo__E4_P1_2,y,4,4.999999925494195,1,0.26157742402315487,1,0.2849423631123919,0.023364939089237036,5528,5552,current_best
Mouse,POLYIC_20190629_polyic_mo__E4_P1_2,y,5,4.999999925494195,1,0.21164978292329956,0,0.3425792507204611,0.13092946779716153,5528,5552,current_best
Mouse,POLYIC_20190629_polyic_mo__E4_P1_2,y,6,4.999999925494195,1,0.1935600578871201,2,0.19434438040345822,0.0007843225163381151,5528,5552,current_best
Mouse,POLYIC_20190629_polyic_mo__E4_P1_2,y,7,4.999999925494195,3,0.17547033285094066,3,0.180835734870317,0.005365402019376353,5528,5552,current_best
Mouse,POLYIC_20190629_polyic_mo__E4_P1_2,y,8,4.999999925494195,5,0.14272793053545585,4,0.1640850144092219,0.02135708387376606,5528,5552,current_best
Mouse,POLYIC_20190629_polyic_mo__E4_P1_2,x,2,3.1999998807907124,0,0.505324298160697,0,0.5182584269662921,0.01293412880559508,4132,4272,unetr_style
Mouse,POLYIC_20190629_polyic_mo__E4_P1_2,x,3,3.1999998807907124,1,0.33736689254598257,0,0.35814606741573035,0.020779174869747785,4132,4272,unetr_style
Mouse,POLYIC_20190629_polyic_mo__E4_P1_2,x,4,3.1999998807907124,3,0.2584704743465634,0,0.27598314606741575,0.017512671720852357,4132,4272,unetr_style
Mouse,POLYIC_20190629_polyic_mo__E4_P1_2,x,5,3.1999998807907124,1,0.20401742497579864,0,0.2034176029962547,-0.0005998219795439463,4132,4272,unetr_style
Mouse,POLYIC_20190629_polyic_mo__E4_P1_2,x,6,3.1999998807907124,2,0.17473378509196516,0,0.18000936329588016,0.005275578203914999,4132,4272,unetr_style
Mouse,POLYIC_20190629_polyic_mo__E4_P1_2,x,7,3.1999998807907124,3,0.15198451113262343,2,0.161750936329588,0.009766425196964579,4132,4272,unetr_style
Mouse,POLYIC_20190629_polyic_mo__E4_P1_2,x,8,3.1999998807907124,7,0.13770571151984512,0,0.1477059925093633,0.01000028098951819,4132,4272,unetr_style
Mouse,POLYIC_20190629_polyic_mo__E4_P1_2,y,2,4.999999925494195,1,0.5151953690303908,0,0.5003602305475504,-0.014835138482840349,5528,5552,unetr_style
Mouse,POLYIC_20190629_polyic_mo__E4_P1_2,y,3,4.999999925494195,0,0.34876989869753977,2,0.33879682997118155,-0.009973068726358225,5528,5552,unetr_style
Mouse,POLYIC_20190629_polyic_mo__E4_P1_2,y,4,4.999999925494195,1,0.26157742402315487,1,0.28206051873198845,0.020483094708833582,5528,5552,unetr_style
Mouse,POLYIC_20190629_polyic_mo__E4_P1_2,y,5,4.999999925494195,1,0.21164978292329956,2,0.34329971181556196,0.1316499288922624,5528,5552,unetr_style
Mouse,POLYIC_20190629_polyic_mo__E4_P1_2,y,6,4.999999925494195,1,0.1935600578871201,2,0.19182276657060518,-0.0017372913165149273,5528,5552,unetr_style
Mouse,POLYIC_20190629_polyic_mo__E4_P1_2,y,7,4.999999925494195,3,0.17547033285094066,3,0.17705331412103748,0.001582981270096817,5528,5552,unetr_style
Mouse,POLYIC_20190629_polyic_mo__E4_P1_2,y,8,4.999999925494195,5,0.14272793053545585,6,0.16354466858789626,0.020816738052440414,5528,5552,unetr_style
Mouse,POLYIC_20190629_polyic_mo__E4_P1_4,x,2,3.1999998807907124,1,0.5048100048100048,1,0.5101253616200578,0.005315356810053018,4158,4148,current_best
Mouse,POLYIC_20190629_polyic_mo__E4_P1_4,x,3,3.1999998807907124,1,0.3354978354978355,2,0.33799421407907426,0.002496378581238745,4158,4148,current_best
Mouse,POLYIC_20190629_polyic_mo__E4_P1_4,x,4,3.1999998807907124,3,0.25901875901875904,3,0.25578592092574737,-0.0032328380930116696,4158,4148,current_best
Mouse,POLYIC_20190629_polyic_mo__E4_P1_4,x,5,3.1999998807907124,4,0.20514670514670516,0,0.211427193828351,0.006280488681645852,4158,4148,current_best
Mouse,POLYIC_20190629_polyic_mo__E4_P1_4,x,6,3.1999998807907124,3,0.1738816738816739,1,0.17767598842815815,0.0037943145464842676,4158,4148,current_best
Mouse,POLYIC_20190629_polyic_mo__E4_P1_4,x,7,3.1999998807907124,2,0.15488215488215487,3,0.15549662487945998,0.000614469997305106,4158,4148,current_best
Mouse,POLYIC_20190629_polyic_mo__E4_P1_4,x,8,3.1999998807907124,7,0.13732563732563732,5,0.14006750241080038,0.0027418650851630533,4158,4148,current_best
Mouse,POLYIC_20190629_polyic_mo__E4_P1_4,y,2,4.999999925494195,1,0.503302752293578,1,0.5110051357300074,0.007702383436429372,5450,5452,current_best
Mouse,POLYIC_20190629_polyic_mo__E4_P1_4,y,3,4.999999925494195,2,0.3774311926605505,2,0.3503301540719002,-0.02710103858865026,5450,5452,current_best
Mouse,POLYIC_20190629_polyic_mo__E4_P1_4,y,4,4.999999925494195,2,0.26238532110091745,3,0.2681584739545121,0.005773152853594643,5450,5452,current_best
Mouse,POLYIC_20190629_polyic_mo__E4_P1_4,y,5,4.999999925494195,1,0.23577981651376148,2,0.36683785766691124,0.13105804115314976,5450,5452,current_best
Mouse,POLYIC_20190629_polyic_mo__E4_P1_4,y,6,4.999999925494195,2,0.19247706422018349,5,0.19075568598679385,-0.0017213782333896366,5450,5452,current_best
Mouse,POLYIC_20190629_polyic_mo__E4_P1_4,y,7,4.999999925494195,6,0.15614678899082568,2,0.15792369772560527,0.001776908734779592,5450,5452,current_best
Mouse,POLYIC_20190629_polyic_mo__E4_P1_4,y,8,4.999999925494195,2,0.138348623853211,2,0.15553925165077037,0.017190627797559366,5450,5452,current_best
Mouse,POLYIC_20190629_polyic_mo__E4_P1_4,x,2,3.1999998807907124,1,0.5048100048100048,0,0.5016525023607177,-0.0031575024492871417,4158,4236,unetr_style
Mouse,POLYIC_20190629_polyic_mo__E4_P1_4,x,3,3.1999998807907124,1,0.3354978354978355,0,0.33640226628895187,0.0009044307911163507,4158,4236,unetr_style
Mouse,POLYIC_20190629_polyic_mo__E4_P1_4,x,4,3.1999998807907124,3,0.25901875901875904,0,0.26322001888574126,0.004201259866982221,4158,4236,unetr_style
Mouse,POLYIC_20190629_polyic_mo__E4_P1_4,x,5,3.1999998807907124,4,0.20514670514670516,0,0.20915958451369215,0.004012879366986993,4158,4236,unetr_style
Mouse,POLYIC_20190629_polyic_mo__E4_P1_4,x,6,3.1999998807907124,3,0.1738816738816739,3,0.176109537299339,0.0022278634176651213,4158,4236,unetr_style
Mouse,POLYIC_20190629_polyic_mo__E4_P1_4,x,7,3.1999998807907124,2,0.15488215488215487,2,0.15509915014164305,0.00021699525948817855,4158,4236,unetr_style
Mouse,POLYIC_20190629_polyic_mo__E4_P1_4,x,8,3.1999998807907124,7,0.13732563732563732,4,0.14140698772426818,0.004081350398630862,4158,4236,unetr_style
Mouse,POLYIC_20190629_polyic_mo__E4_P1_4,y,2,4.999999925494195,1,0.503302752293578,1,0.5181185944363104,0.01481584214273235,5450,5464,unetr_style
Mouse,POLYIC_20190629_polyic_mo__E4_P1_4,y,3,4.999999925494195,2,0.3774311926605505,2,0.3579795021961933,-0.019451690464357185,5450,5464,unetr_style
Mouse,POLYIC_20190629_polyic_mo__E4_P1_4,y,4,4.999999925494195,2,0.26238532110091745,3,0.27068081991215226,0.008295498811234814,5450,5464,unetr_style
Mouse,POLYIC_20190629_polyic_mo__E4_P1_4,y,5,4.999999925494195,1,0.23577981651376148,2,0.3671303074670571,0.13135049095329562,5450,5464,unetr_style
Mouse,POLYIC_20190629_polyic_mo__E4_P1_4,y,6,4.999999925494195,2,0.19247706422018349,5,0.1870424597364568,-0.005434604483726679,5450,5464,unetr_style
Mouse,POLYIC_20190629_polyic_mo__E4_P1_4,y,7,4.999999925494195,6,0.15614678899082568,0,0.16325036603221083,0.007103577041385145,5450,5464,unetr_style
Mouse,POLYIC_20190629_polyic_mo__E4_P1_4,y,8,4.999999925494195,2,0.138348623853211,7,0.14476573938506587,0.006417115531854867,5450,5464,unetr_style
